sim_id,target,extrap_ratio,projected_var,true_projected_var,rel_bias
1,K'=6 (1.5x),1.5,0.009951051734945175,0.014124444444444445,-0.29547305211999236
1,K'=8 (2x),2,0.008660519377808247,0.012368333333333332,-0.29978282890648855
1,K'=12 (3x),3,0.007369987020671313,0.01061222222222222,-0.3055189698875319
1,K'=20 (5x),5,0.006337561134961769,0.009207333333333333,-0.3116833174684922
1,R'=10 (2x),2,0.01252246283871618,0.017626666666666665,-0.28957283441474013
1,R'=20 (4x),4,0.012517636033464752,0.017621666666666667,-0.28964516976460314
1,K'=8 + R'=10,2,0.00865569257255682,0.012363333333333332,-0.29989005883875813
1,Fix temp,1,0.012111584446429392,0.01716,-0.29419671058103786
2,K'=6 (1.5x),1.5,0.019173177540067872,0.014124444444444445,0.3574464904075743
2,K'=8 (2x),2,0.016093053680191278,0.012368333333333332,0.30114973832566605
2,K'=12 (3x),3,0.013012929820314672,0.01061222222222222,0.22622100704462422
2,K'=20 (5x),5,0.010548830732413392,0.009207333333333333,0.1456987979596039
2,R'=10 (2x),2,0.025323625323521788,0.017626666666666665,0.4366655818942014
2,R'=20 (4x),4,0.02531872535537214,0.017621666666666667,0.4367951587272566
2,K'=8 + R'=10,2,0.01608815371204163,0.012363333333333332,0.3012796208176031
2,Fix temp,1,0.024721867521663325,0.01716,0.4406682704932006
3,K'=6 (1.5x),1.5,0.00982831964692294,0.014124444444444445,-0.3041623912656823
3,K'=8 (2x),2,0.007729267764763736,0.012368333333333332,-0.3750760465087937
3,K'=12 (3x),3,0.005630215882604533,0.01061222222222222,-0.4694592928128908
3,K'=20 (5x),5,0.0039509743768771696,0.009207333333333333,-0.5708883089337662
3,R'=10 (2x),2,0.014016512414837498,0.017626666666666665,-0.20481207933977882
3,R'=20 (4x),4,0.014011556916635574,0.017621666666666667,-0.20486766764576333
3,K'=8 + R'=10,2,0.007724312266561811,0.012363333333333332,-0.37522413589416453
3,Fix temp,1,0.013266480533583333,0.01716,-0.22689507380050516
4,K'=6 (1.5x),1.5,0.010347686728781133,0.014124444444444445,-0.26739159409195884
4,K'=8 (2x),2,0.009499600245979966,0.012368333333333332,-0.23194176693330007
4,K'=12 (3x),3,0.0086515137631788,0.01061222222222222,-0.18475946111811115
4,K'=20 (5x),5,0.007973044576937866,0.009207333333333333,-0.1340549659397003
4,R'=10 (2x),2,0.01203395628198905,0.017626666666666665,-0.3172868977691537
4,R'=20 (4x),4,0.012029004575791844,0.017621666666666667,-0.3173741846708497
4,K'=8 + R'=10,2,0.00949464853978276,0.012363333333333332,-0.2320316629995071
4,Fix temp,1,0.011985946052668475,0.01716,-0.30151829529904
5,K'=6 (1.5x),1.5,0.009648098435393836,0.014124444444444445,-0.3169219169403357
5,K'=8 (2x),2,0.00836422387037404,0.012368333333333332,-0.323738805791076
5,K'=12 (3x),3,0.007080349305354244,0.01061222222222222,-0.33281181291814255
5,K'=20 (5x),5,0.006053249653338408,0.009207333333333333,-0.3425621258411692
5,R'=10 (2x),2,0.012205791314806208,0.017626666666666665,-0.30753831421296096
5,R'=20 (4x),4,0.012200763189492597,0.017621666666666667,-0.30762717169246595
5,K'=8 + R'=10,2,0.00835919574506043,0.012363333333333332,-0.32387200767912394
5,Fix temp,1,0.01183157909853232,0.01716,-0.3105140385470677
6,K'=6 (1.5x),1.5,0.028414436866474317,0.014124444444444445,1.011720671792549
6,K'=8 (2x),2,0.026690062530044356,0.012368333333333332,1.1579352537429748
6,K'=12 (3x),3,0.02496568819361439,0.01061222222222222,1.3525410296568898
6,K'=20 (5x),5,0.023586188724470426,0.009207333333333333,1.5616742514449091
6,R'=10 (2x),2,0.03185368683240686,0.017626666666666665,0.8071304935177871
6,R'=20 (4x),4,0.031848937478943164,0.017621666666666667,0.8073737337903998
6,K'=8 + R'=10,2,0.026685313176580662,0.012363333333333332,1.1584238212386626
6,Fix temp,1,0.031476860285298676,0.01716,0.8343158674416477
7,K'=6 (1.5x),1.5,0.017541274194564905,0.014124444444444445,0.24190896594622516
7,K'=8 (2x),2,0.013952126311441037,0.012368333333333332,0.12805225533817854
7,K'=12 (3x),3,0.010362978428317163,0.01061222222222222,-0.02348648461046508
7,K'=20 (5x),5,0.007491660121818065,0.009207333333333333,-0.18633768860132519
7,R'=10 (2x),2,0.02470923116959971,0.017626666666666665,0.40180963518909113
7,R'=20 (4x),4,0.02470406177399324,0.017621666666666667,0.40191403238399165
7,K'=8 + R'=10,2,0.013946956915834566,0.012363333333333332,0.12809034099497715
7,Fix temp,1,0.024186662928681647,0.01716,0.40947919164811447
8,K'=6 (1.5x),1.5,0.01937242525395098,0.014124444444444445,0.37155307808022986
8,K'=8 (2x),2,0.01683271462131173,0.012368333333333332,0.36095253642191605
8,K'=12 (3x),3,0.014293003988672481,0.01061222222222222,0.346843638342083
8,K'=20 (5x),5,0.01226123548256108,0.009207333333333333,0.33168150197969887
8,R'=10 (2x),2,0.02444225634831092,0.017626666666666665,0.3866635598512248
8,R'=20 (4x),4,0.024437461262851637,0.017621666666666667,0.386784900946844
8,K'=8 + R'=10,2,0.016827919535852446,0.012363333333333332,0.3611150878284536
8,Fix temp,1,0.023768473824522147,0.01716,0.38510919723322523
9,K'=6 (1.5x),1.5,0.013574175438585205,0.014124444444444445,-0.03895863005611354
9,K'=8 (2x),2,0.011465858233619274,0.012368333333333332,-0.07296658938531665
9,K'=12 (3x),3,0.009357541028653344,0.01061222222222222,-0.11822982663720963
9,K'=20 (5x),5,0.007670887264680596,0.009207333333333333,-0.16687199355434834
9,R'=10 (2x),2,0.017780294290431015,0.017626666666666665,0.008715636749112092
9,R'=20 (4x),4,0.017775036511387985,0.017621666666666667,0.00870348120994898
9,K'=8 + R'=10,2,0.011460600454576244,0.012363333333333332,-0.07301694894233658
9,Fix temp,1,0.017370740644845523,0.01716,0.012280923359296132
10,K'=6 (1.5x),1.5,0.02084684274646004,0.014124444444444445,0.47594072308165797
10,K'=8 (2x),2,0.01862999513230183,0.012368333333333332,0.5062656083251716
10,K'=12 (3x),3,0.016413147518143614,0.01061222222222222,0.5466268208909282
10,K'=20 (5x),5,0.014639669426817043,0.009207333333333333,0.5900010238379237
10,R'=10 (2x),2,0.025270706990667066,0.017626666666666665,0.43366340718610447
10,R'=20 (4x),4,0.025265791498612362,0.017621666666666667,0.4337912512217362
10,K'=8 + R'=10,2,0.018625079640247125,0.012363333333333332,0.5064771884804902
10,Fix temp,1,0.024925072718921328,0.01716,0.4525100652052055
11,K'=6 (1.5x),1.5,0.015682843783185255,0.014124444444444445,0.11033349629222222
11,K'=8 (2x),2,0.013572120476759288,0.012368333333333332,0.09732816144125778
11,K'=12 (3x),3,0.011461397170333324,0.01061222222222222,0.08001857955187862
11,K'=20 (5x),5,0.009772818525192552,0.009207333333333333,0.061416826282588384
11,R'=10 (2x),2,0.019894114209559898,0.017626666666666665,0.12863734169212743
11,R'=20 (4x),4,0.019889026116321252,0.017621666666666667,0.12866884231464584
11,K'=8 + R'=10,2,0.013567032383520645,0.012363333333333332,0.09736039769646646
11,Fix temp,1,0.019480892866458595,0.01716,0.13525016704304157
12,K'=6 (1.5x),1.5,0.005572921081570602,0.014124444444444445,-0.6054413960499103
12,K'=8 (2x),2,0.005177410949088959,0.012368333333333332,-0.5813978480725811
12,K'=12 (3x),3,0.004781900816607316,0.01061222222222222,-0.5493968448385944
12,K'=20 (5x),5,0.004465492710622002,0.009207333333333333,-0.5150069462071535
12,R'=10 (2x),2,0.00635380231371151,0.017626666666666665,-0.6395346645019945
12,R'=20 (4x),4,0.006348732797300322,0.017621666666666667,-0.6397200720344091
12,K'=8 + R'=10,2,0.005172341432677771,0.012363333333333332,-0.5816386007540223
12,Fix temp,1,0.0059518863658440295,0.01716,-0.6531534751839144
13,K'=6 (1.5x),1.5,0.008877719451363491,0.014124444444444445,-0.3714641672256811
13,K'=8 (2x),2,0.007079786175594136,0.012368333333333332,-0.42758769635406524
13,K'=12 (3x),3,0.005281852899824783,0.01061222222222222,-0.502285874794021
13,K'=20 (5x),5,0.0038435062792093002,0.009207333333333333,-0.5825603201206321
13,R'=10 (2x),2,0.012463741712562032,0.017626666666666665,-0.29290421449156395
13,R'=20 (4x),4,0.01245881956739195,0.017621666666666667,-0.2929829054728866
13,K'=8 + R'=10,2,0.007074864030424054,0.012363333333333332,-0.4277543248511145
13,Fix temp,1,0.01147783615013539,0.01716,-0.33112842947928967
14,K'=6 (1.5x),1.5,0.007688770525007853,0.014124444444444445,-0.4556408533270085
14,K'=8 (2x),2,0.00727002457906495,0.012368333333333332,-0.4122066099664506
14,K'=12 (3x),3,0.006851278633122047,0.01061222222222222,-0.3543973646937658
14,K'=20 (5x),5,0.006516281876367724,0.009207333333333333,-0.2922726222176826
14,R'=10 (2x),2,0.008516672013078897,0.017626666666666665,-0.5168302564440868
14,R'=20 (4x),4,0.008511876811171515,0.017621666666666667,-0.5169652807431279
14,K'=8 + R'=10,2,0.007265229377157568,0.012363333333333332,-0.4123567502973118
14,Fix temp,1,0.00830331966035328,0.01716,-0.5161235629164755
15,K'=6 (1.5x),1.5,0.018525660048598225,0.014124444444444445,0.31160274101151686
15,K'=8 (2x),2,0.01780195507958793,0.012368333333333332,0.43931721435827514
15,K'=12 (3x),3,0.017078250110577647,0.01061222222222222,0.6093000837105942
15,K'=20 (5x),5,0.016499286135369412,0.009207333333333333,0.7919722831839924
15,R'=10 (2x),2,0.01996309615371933,0.017626666666666665,0.1325508407934567
15,R'=20 (4x),4,0.01995810923726959,0.017621666666666667,0.13258919345140963
15,K'=8 + R'=10,2,0.017796968163138194,0.012363333333333332,0.4394959420171094
15,Fix temp,1,0.01890195416138417,0.01716,0.10151248026714259
16,K'=6 (1.5x),1.5,0.014256696324045401,0.014124444444444445,0.009363333200193563
16,K'=8 (2x),2,0.011372174163157708,0.012368333333333332,-0.08054109986597145
16,K'=12 (3x),3,0.008487652002270014,0.01061222222222222,-0.20020031388932952
16,K'=20 (5x),5,0.00618003427355986,0.009207333333333333,-0.32879216491638624
16,R'=10 (2x),2,0.020015967639615894,0.017626666666666665,0.1355503577694343
16,R'=20 (4x),4,0.020011081136513446,0.017621666666666667,0.1355952598040355
16,K'=8 + R'=10,2,0.01136728766005526,0.012363333333333332,-0.08056449231151833
16,Fix temp,1,0.019224016126834182,0.01716,0.12028066007192192
17,K'=6 (1.5x),1.5,0.012879143674459278,0.014124444444444445,-0.08816635407383971
17,K'=8 (2x),2,0.012446273920317458,0.012368333333333332,0.0063016240655539586
17,K'=12 (3x),3,0.012013404166175638,0.01061222222222222,0.1320347345364962
17,K'=20 (5x),5,0.011667108362862184,0.009207333333333333,0.26715390227306324
17,R'=10 (2x),2,0.013734904009708521,0.017626666666666665,-0.2207883504325725
17,R'=20 (4x),4,0.013729914423191323,0.017621666666666667,-0.2208504063260386
17,K'=8 + R'=10,2,0.01244128433380026,0.012363333333333332,0.006305014866562009
17,Fix temp,1,0.01288387591496305,0.01716,-0.24919138024690862
18,K'=6 (1.5x),1.5,0.003728971244923277,0.014124444444444445,-0.7359916519484778
18,K'=8 (2x),2,0.003357976071419112,0.012368333333333332,-0.7285021367940349
18,K'=12 (3x),3,0.002986980897914947,0.01061222222222222,-0.7185338908885506
18,K'=20 (5x),5,0.0026901847591116156,0.009207333333333333,-0.7078215090386342
18,R'=10 (2x),2,0.004460411006835121,0.017626666666666665,-0.7469509640600348
18,R'=20 (4x),4,0.004455135714286878,0.017621666666666667,-0.7471785275161139
18,K'=8 + R'=10,2,0.003352700778870869,0.012363333333333332,-0.7288190257047019
18,Fix temp,1,0.0042990999007597635,0.01716,-0.7494697027529276
19,K'=6 (1.5x),1.5,0.011972013932150595,0.014124444444444445,-0.15239045477222035
19,K'=8 (2x),2,0.009922059037633794,0.012368333333333332,-0.19778528195926734
19,K'=12 (3x),3,0.007872104143116988,0.01061222222222222,-0.2582039860951429
19,K'=20 (5x),5,0.006232140227503545,0.009207333333333333,-0.32313298521067857
19,R'=10 (2x),2,0.016061722019966473,0.017626666666666665,-0.08878279009267354
19,R'=20 (4x),4,0.01605662116935761,0.017621666666666667,-0.08881370456686216
19,K'=8 + R'=10,2,0.009916958187024929,0.012363333333333332,-0.1978734278491564
19,Fix temp,1,0.015637663655369505,0.01716,-0.0887142391975814
20,K'=6 (1.5x),1.5,0.025869291975822235,0.014124444444444445,0.831526335607301
20,K'=8 (2x),2,0.024905477163609566,0.012368333333333332,1.013648605062086
20,K'=12 (3x),3,0.023941662351396897,0.01061222222222222,1.2560460806467606
20,K'=20 (5x),5,0.02317061050162676,0.009207333333333333,1.516538683110574
20,R'=10 (2x),2,0.02778678763141474,0.017626666666666665,0.5764062574554506
20,R'=20 (4x),4,0.027781720646998326,0.017621666666666667,0.5765660066394585
20,K'=8 + R'=10,2,0.02490041017919315,0.012363333333333332,1.014053128540832
20,Fix temp,1,0.0276225350272515,0.01716,0.6097048384179194
21,K'=6 (1.5x),1.5,0.02754436132110884,0.014124444444444445,0.9501199802547166
21,K'=8 (2x),2,0.02491139426472647,0.012368333333333332,1.014127012375136
21,K'=12 (3x),3,0.022278427208344102,0.01061222222222222,1.0993178188157988
21,K'=20 (5x),5,0.020172053563238212,0.009207333333333333,1.1908681735469784
21,R'=10 (2x),2,0.032800422983602626,0.017626666666666665,0.8608409408246575
21,R'=20 (4x),4,0.032795486758467156,0.017621666666666667,0.8610888163321945
21,K'=8 + R'=10,2,0.024906458039590997,0.012363333333333332,1.014542305709706
21,Fix temp,1,0.032269812954716086,0.01716,0.8805252304613101
22,K'=6 (1.5x),1.5,0.017112645608424813,0.014124444444444445,0.21156238574436215
22,K'=8 (2x),2,0.015996105654882,0.012368333333333332,0.2933113317516778
22,K'=12 (3x),3,0.014879565701339185,0.01061222222222222,0.4021159178311453
22,K'=20 (5x),5,0.013986333738504933,0.009207333333333333,0.5190428359827239
22,R'=10 (2x),2,0.01933563508117182,0.017626666666666665,0.09695357873516382
22,R'=20 (4x),4,0.019330589864002507,0.017621666666666667,0.09697852250085158
22,K'=8 + R'=10,2,0.015991060437712687,0.012363333333333332,0.2934262958516599
22,Fix temp,1,0.018986474634678695,0.01716,0.1064379157738166
23,K'=6 (1.5x),1.5,0.013422761580108324,0.014124444444444445,-0.0496786168897505
23,K'=8 (2x),2,0.01221319021636594,0.012368333333333332,-0.012543575014207707
23,K'=12 (3x),3,0.011003618852623553,0.01061222222222222,0.0368816843640665
23,K'=20 (5x),5,0.010035961761629643,0.009207333333333333,0.08999657102631702
23,R'=10 (2x),2,0.015831812026443372,0.017626666666666665,-0.10182609532280408
23,R'=20 (4x),4,0.01582676588586851,0.017621666666666667,-0.10185760602278392
23,K'=8 + R'=10,2,0.012208144075791075,0.012363333333333332,-0.012552379957583445
23,Fix temp,1,0.015530319542448745,0.01716,-0.09496972363352313
24,K'=6 (1.5x),1.5,0.008843631818445856,0.014124444444444445,-0.3738775458935439
24,K'=8 (2x),2,0.007699278876006124,0.012368333333333332,-0.3775006972640244
24,K'=12 (3x),3,0.006554925933566393,0.01061222222222222,-0.3823229672066009
24,K'=20 (5x),5,0.005639443579614608,0.009207333333333333,-0.38750522269047044
24,R'=10 (2x),2,0.011122820575797209,0.017626666666666665,-0.36897765265900856
24,R'=20 (4x),4,0.011118062012033155,0.017621666666666667,-0.36906864586967814
24,K'=8 + R'=10,2,0.00769452031224207,0.012363333333333332,-0.3776338383195953
24,Fix temp,1,0.010928546190764905,0.01716,-0.3631383338715091
25,K'=6 (1.5x),1.5,0.01679601037327473,0.014124444444444445,0.18914485021611527
25,K'=8 (2x),2,0.015091510049961131,0.012368333333333332,0.2201732960486026
25,K'=12 (3x),3,0.013387009726647529,0.01061222222222222,0.2614709196924696
25,K'=20 (5x),5,0.012023409467996649,0.009207333333333333,0.30585143740460313
25,R'=10 (2x),2,0.020195322804603198,0.017626666666666665,0.1457255751476853
25,R'=20 (4x),4,0.020190478696953833,0.017621666666666667,0.1457757701855953
25,K'=8 + R'=10,2,0.015086665942311762,0.012363333333333332,0.2202749481513964
25,Fix temp,1,0.02007439982674853,0.01716,0.16983681974059023
26,K'=6 (1.5x),1.5,0.01838722528582811,0.014124444444444445,0.3018016643522105
26,K'=8 (2x),2,0.015667946651174835,0.012368333333333332,0.2667791390250508
26,K'=12 (3x),3,0.012948668016521562,0.01061222222222222,0.22016555490204243
26,K'=20 (5x),5,0.010773245108798943,0.009207333333333333,0.17007223685456627
26,R'=10 (2x),2,0.023815814962022456,0.017626666666666665,0.351124146862091
26,R'=20 (4x),4,0.023810831165466353,0.017621666666666667,0.35122469490965774
26,K'=8 + R'=10,2,0.015662962854618732,0.012363333333333332,0.26688834089663527
26,Fix temp,1,0.023219319669178916,0.01716,0.353107206828608
27,K'=6 (1.5x),1.5,0.006849897496277474,0.014124444444444445,-0.5150324302509656
27,K'=8 (2x),2,0.0054455708644359085,0.012368333333333332,-0.5597166798731241
27,K'=12 (3x),3,0.0040412442325943425,0.01061222222222222,-0.6191896336158613
27,K'=20 (5x),5,0.00291778292712109,0.009207333333333333,-0.6831022814653801
27,R'=10 (2x),2,0.009648800879563222,0.017626666666666665,-0.45260206810344805
27,R'=20 (4x),4,0.00964392593936453,0.017621666666666667,-0.4527233932073472
27,K'=8 + R'=10,2,0.005440695924237216,0.012363333333333332,-0.5599329260525303
27,Fix temp,1,0.008887156233994156,0.01716,-0.48210045256444317
28,K'=6 (1.5x),1.5,0.03992009408706219,0.014124444444444445,1.8263125140305196
28,K'=8 (2x),2,0.03192460278591639,0.012368333333333332,1.5811564036585146
28,K'=12 (3x),3,0.023929111484770577,0.01061222222222222,1.2548634003029548
28,K'=20 (5x),5,0.017532718443853935,0.009207333333333333,0.9042124151604449
28,R'=10 (2x),2,0.055901722279592454,0.017626666666666665,2.1714290249390578
28,R'=20 (4x),4,0.05589704507471177,0.017621666666666667,2.172063467778971
28,K'=8 + R'=10,2,0.03191992558103571,0.012363333333333332,1.581821966651581
28,Fix temp,1,0.0554855351214859,0.01716,2.2334227926273833
29,K'=6 (1.5x),1.5,0.0020237829201659964,0.014124444444444445,-0.8567176975968065
29,K'=8 (2x),2,0.0017968192905471127,0.012368333333333332,-0.854724218524691
29,K'=12 (3x),3,0.0015698556609282295,0.01061222222222222,-0.8520709774018002
29,K'=20 (5x),5,0.0013882847572331228,0.009207333333333333,-0.8492196701289055
29,R'=10 (2x),2,0.002467483777908299,0.017626666666666665,-0.8600141578342493
29,R'=20 (4x),4,0.002462370577160567,0.017621666666666667,-0.8602646035849484
29,K'=8 + R'=10,2,0.0017917060897993807,0.012363333333333332,-0.8550790436937681
29,Fix temp,1,0.002193238442198625,0.01716,-0.872188901969777
30,K'=6 (1.5x),1.5,0.012322976114022142,0.014124444444444445,-0.1275425973395274
30,K'=8 (2x),2,0.010834746057374554,0.012368333333333332,-0.12399304212037014
30,K'=12 (3x),3,0.009346516000726968,0.01061222222222222,-0.1192687257193726
30,K'=20 (5x),5,0.0081559319554089,0.009207333333333333,-0.11419173607172908
30,R'=10 (2x),2,0.015289410835638235,0.017626666666666665,-0.13259772112491094
30,R'=20 (4x),4,0.015284398139798696,0.017621666666666667,-0.132636065082832
30,K'=8 + R'=10,2,0.010829733361535015,0.012363333333333332,-0.12404421448894452
30,Fix temp,1,0.014493717787163655,0.01716,-0.1553777513307894
31,K'=6 (1.5x),1.5,0.014775490108669938,0.014124444444444445,0.046093541362723735
31,K'=8 (2x),2,0.011354291406624176,0.012368333333333332,-0.08198695001017296
31,K'=12 (3x),3,0.00793309270457842,0.01061222222222222,-0.2524569747544154
31,K'=20 (5x),5,0.005196133742941811,0.009207333333333333,-0.43565269608191176
31,R'=10 (2x),2,0.021608058591350787,0.017626666666666665,0.22587321811748046
31,R'=20 (4x),4,0.021603144130645454,0.017621666666666667,0.22594216195850486
31,K'=8 + R'=10,2,0.011349376945918841,0.012363333333333332,-0.08201318852098877
31,Fix temp,1,0.02096899450146878,0.01716,0.22196937654246962
32,K'=6 (1.5x),1.5,0.020914865172820228,0.014124444444444445,0.4807566594979708
32,K'=8 (2x),2,0.018594221509657605,0.012368333333333332,0.503373252364178
32,K'=12 (3x),3,0.016273577846494993,0.01061222222222222,0.5334750352680867
32,K'=20 (5x),5,0.014417062915964899,0.009207333333333333,0.5658239355548005
32,R'=10 (2x),2,0.02554578234378791,0.017626666666666665,0.4492690437096017
32,R'=20 (4x),4,0.025540597266109133,0.017621666666666667,0.44938601718201826
32,K'=8 + R'=10,2,0.018589036431978827,0.012363333333333332,0.5035618575340115
32,Fix temp,1,0.025179399316799713,0.01716,0.46733096251746564
33,K'=6 (1.5x),1.5,0.02159700833394371,0.014124444444444445,0.529051880156493
33,K'=8 (2x),2,0.017309858912885646,0.012368333333333332,0.39953043359808504
33,K'=12 (3x),3,0.013022709491827577,0.01061222222222222,0.2271425549832291
33,K'=20 (5x),5,0.009592989954981123,0.009207333333333333,0.04188581076472997
33,R'=10 (2x),2,0.03016112671950174,0.017626666666666665,0.7111077942228673
33,R'=20 (4x),4,0.030156036491222685,0.017621666666666667,0.7113044447870623
33,K'=8 + R'=10,2,0.017304768684606592,0.012363333333333332,0.3996847143116684
33,Fix temp,1,0.029874881287501983,0.01716,0.7409604479896259
34,K'=6 (1.5x),1.5,0.0038253851951328115,0.014124444444444445,-0.7291656170846814
34,K'=8 (2x),2,0.0030476727321163493,0.012368333333333332,-0.753590669819457
34,K'=12 (3x),3,0.002269960269099887,0.01061222222222222,-0.7860994406669566
34,K'=20 (5x),5,0.0016477902986867167,0.009207333333333333,-0.8210350120896333
34,R'=10 (2x),2,0.0053709205355610985,0.017626666666666665,-0.6952957336103764
34,R'=20 (4x),4,0.005365975742758779,0.017621666666666667,-0.695489885022674
34,K'=8 + R'=10,2,0.0030427279393140296,0.012363333333333332,-0.7538909728244246
34,Fix temp,1,0.005082965256717147,0.01716,-0.7037899034547118
35,K'=6 (1.5x),1.5,0.02160126790333566,0.014124444444444445,0.5293534544526506
35,K'=8 (2x),2,0.017403202409943908,0.012368333333333332,0.4070774081614804
35,K'=12 (3x),3,0.013205136916552155,0.01061222222222222,0.24433286827525294
35,K'=20 (5x),5,0.009846684521838758,0.009207333333333333,0.06943934420086431
35,R'=10 (2x),2,0.029987515645161496,0.017626666666666665,0.7012584518813255
35,R'=20 (4x),4,0.029982574022682663,0.017621666666666667,0.7014607409069892
35,K'=8 + R'=10,2,0.017398260787465075,0.012363333333333332,0.4072467609165605
35,Fix temp,1,0.02942384257742613,0.01716,0.7146761408756485
36,K'=6 (1.5x),1.5,0.037440184363963375,0.014124444444444445,1.65073677844297
36,K'=8 (2x),2,0.02997685240540291,0.012368333333333332,1.4236775964481536
36,K'=12 (3x),3,0.022513520446842437,0.01061222222222222,1.1214708828560565
36,K'=20 (5x),5,0.016542854879994063,0.009207333333333333,0.7967042444421907
36,R'=10 (2x),2,0.052356731288569734,0.017626666666666665,1.9703138023016114
36,R'=20 (4x),4,0.05235167279231244,0.017621666666666667,1.970869542739758
36,K'=8 + R'=10,2,0.029971793909145616,0.012363333333333332,1.4242486310983247
36,Fix temp,1,0.05207783030123818,0.01716,2.0348385956432504
37,K'=6 (1.5x),1.5,0.010251740489805754,0.014124444444444445,-0.2741845153535889
37,K'=8 (2x),2,0.008395669774853872,0.012368333333333332,-0.3211963529292112
37,K'=12 (3x),3,0.00653959905990199,0.01061222222222222,-0.38376723338793933
37,K'=20 (5x),5,0.005054742487940484,0.009207333333333333,-0.45100907016792946
37,R'=10 (2x),2,0.013954064494134364,0.017626666666666665,-0.20835488875939684
37,R'=20 (4x),4,0.013949155781346789,0.017621666666666667,-0.20840882731409505
37,K'=8 + R'=10,2,0.008390761062066297,0.012363333333333332,-0.3213188679914022
37,Fix temp,1,0.013499853636539558,0.01716,-0.21329524262589997
38,K'=6 (1.5x),1.5,0.015812606188406526,0.014124444444444445,0.11952057658636513
38,K'=8 (2x),2,0.012316512560204508,0.012368333333333332,-0.004189794350801037
38,K'=12 (3x),3,0.00882041893200249,0.01061222222222222,-0.16884336312404535
38,K'=20 (5x),5,0.006023544029440879,0.009207333333333333,-0.34578842631516044
38,R'=10 (2x),2,0.022794673355355673,0.017626666666666665,0.2931925125958212
38,R'=20 (4x),4,0.02278961331062823,0.017621666666666667,0.2932722960727266
38,K'=8 + R'=10,2,0.012311452515477066,0.012363333333333332,-0.004196345472332113
38,Fix temp,1,0.022515487229226687,0.01716,0.3120913303745154
39,K'=6 (1.5x),1.5,0.008700459436328875,0.014124444444444445,-0.3840140424247965
39,K'=8 (2x),2,0.007589859302369564,0.012368333333333332,-0.38634744893926165
39,K'=12 (3x),3,0.006479259168410257,0.01061222222222222,-0.38945311992783666
39,K'=20 (5x),5,0.005590779061242812,0.009207333333333333,-0.39279063124580277
39,R'=10 (2x),2,0.010911932183784263,0.017626666666666665,-0.38094182013326794
39,R'=20 (4x),4,0.010907068423552648,0.017621666666666667,-0.38104217779896066
39,K'=8 + R'=10,2,0.0075849955421379515,0.012363333333333332,-0.386492676559346
39,Fix temp,1,0.010361254120109076,0.01716,-0.396197312347956
40,K'=6 (1.5x),1.5,0.008018839647335265,0.014124444444444445,-0.4322722087317701
40,K'=8 (2x),2,0.00775377097342073,0.012368333333333332,-0.3730949219711038
40,K'=12 (3x),3,0.007488702299506195,0.01061222222222222,-0.29433231394036474
40,K'=20 (5x),5,0.007276647360374567,0.009207333333333333,-0.20969002674955828
40,R'=10 (2x),2,0.008539014518457694,0.017626666666666665,-0.5155627164263789
40,R'=20 (4x),4,0.008534033280104374,0.017621666666666667,-0.515707938327568
40,K'=8 + R'=10,2,0.0077487897350674104,0.012363333333333332,-0.3732442921218055
40,Fix temp,1,0.008240263585294595,0.01716,-0.5197981593651169
41,K'=6 (1.5x),1.5,0.01516919672336843,0.014124444444444445,0.07396767235931304
41,K'=8 (2x),2,0.014024971036001836,0.012368333333333332,0.1339418705836279
41,K'=12 (3x),3,0.012880745348635245,0.01061222222222222,0.2137651359827999
41,K'=20 (5x),5,0.011965364798741971,0.009207333333333333,0.2995472592942551
41,R'=10 (2x),2,0.017447885754900038,0.017626666666666665,-0.010142638715958437
41,R'=20 (4x),4,0.017443004583299254,0.017621666666666667,-0.010138773292390801
41,K'=8 + R'=10,2,0.014020089864401048,0.012363333333333332,0.13400565093564706
41,Fix temp,1,0.01711948599939466,0.01716,-0.00236095574623197
42,K'=6 (1.5x),1.5,0.00896681270847588,0.014124444444444445,-0.3651564319046341
42,K'=8 (2x),2,0.007845067088866392,0.012368333333333332,-0.36571348156315375
42,K'=12 (3x),3,0.006723321469256906,0.01061222222222222,-0.3664548924373138
42,K'=20 (5x),5,0.005825924973569317,0.009207333333333333,-0.3672516501083212
42,R'=10 (2x),2,0.01120040369073761,0.017626666666666665,-0.36457619001110375
42,R'=20 (4x),4,0.011195453562258989,0.017621666666666667,-0.364676805319645
42,K'=8 + R'=10,2,0.00784011696038777,0.012363333333333332,-0.3658573501978077
42,Fix temp,1,0.010362640369814448,0.01716,-0.3961165285655917
43,K'=6 (1.5x),1.5,0.009517364731145433,0.014124444444444445,-0.32617776447208235
43,K'=8 (2x),2,0.008325440906623027,0.012368333333333332,-0.32687447190758434
43,K'=12 (3x),3,0.007133517082100615,0.01061222222222222,-0.3278017617118046
43,K'=20 (5x),5,0.006179978022482688,0.009207333333333333,-0.32879827429411107
43,R'=10 (2x),2,0.011891552479737359,0.017626666666666665,-0.32536578216316037
43,R'=20 (4x),4,0.011886722529510911,0.017621666666666667,-0.32544845193355276
43,K'=8 + R'=10,2,0.008320610956396579,0.012363333333333332,-0.32699291266676356
43,Fix temp,1,0.011287983679416191,0.01716,-0.34219209327411476
44,K'=6 (1.5x),1.5,0.008768573090471332,0.014124444444444445,-0.37919164715039344
44,K'=8 (2x),2,0.007485326194708055,0.012368333333333332,-0.39479912184007093
44,K'=12 (3x),3,0.006202079298944775,0.01061222222222222,-0.4155720480525287
44,K'=20 (5x),5,0.005175481782334152,0.009207333333333333,-0.43789568651790395
44,R'=10 (2x),2,0.011325131618740405,0.017626666666666665,-0.3575000972726699
44,R'=20 (4x),4,0.011320163987111663,0.017621666666666667,-0.3575996980736785
44,K'=8 + R'=10,2,0.007480358563079312,0.012363333333333332,-0.39495616906880726
44,Fix temp,1,0.010908465085373594,0.01716,-0.3643085614584153
45,K'=6 (1.5x),1.5,0.024808313535906894,0.014124444444444445,0.7564098633036661
45,K'=8 (2x),2,0.023537651535601396,0.012368333333333332,0.9030576635710604
45,K'=12 (3x),3,0.022266989535295895,0.01061222222222222,1.098240035783301
45,K'=20 (5x),5,0.021250459935051504,0.009207333333333333,1.3079928971527954
45,R'=10 (2x),2,0.027339779667116638,0.017626666666666665,0.5510465015383873
45,R'=20 (4x),4,0.02733485073241601,0.017621666666666667,0.5512068891941365
45,K'=8 + R'=10,2,0.02353272260090077,0.012363333333333332,0.903428627735301
45,Fix temp,1,0.02692489329839773,0.01716,0.5690497260138535
46,K'=6 (1.5x),1.5,0.018922849294689806,0.014124444444444445,0.33972343968068164
46,K'=8 (2x),2,0.016795018928615152,0.012368333333333332,0.3579047779502887
46,K'=12 (3x),3,0.014667188562540501,0.01061222222222222,0.38210341391335495
46,K'=20 (5x),5,0.012964924269680779,0.009207333333333333,0.40810849355739404
46,R'=10 (2x),2,0.023168619187878343,0.017626666666666665,0.31440729129415723
46,R'=20 (4x),4,0.02316367376839796,0.017621666666666667,0.3144995990767781
46,K'=8 + R'=10,2,0.016790073509134768,0.012363333333333332,0.3580539371098493
46,Fix temp,1,0.022653205107181024,0.01716,0.3201168477378218
47,K'=6 (1.5x),1.5,0.027494203663170916,0.014124444444444445,0.9465688559513706
47,K'=8 (2x),2,0.025299946622695933,0.012368333333333332,1.0455421066726265
47,K'=12 (3x),3,0.02310568958222095,0.01061222222222222,1.1772715552296993
47,K'=20 (5x),5,0.021350283949840967,0.009207333333333333,1.3188346915329412
47,R'=10 (2x),2,0.03187289597479199,0.017626666666666665,0.8082202708845683
47,R'=20 (4x),4,0.03186798509012754,0.017621666666666667,0.8084546537478977
47,K'=8 + R'=10,2,0.025295035738031487,0.012363333333333332,1.0459721545994733
47,Fix temp,1,0.03157367994450817,0.01716,0.8399580387242523
48,K'=6 (1.5x),1.5,0.010613861083689124,0.014124444444444445,-0.24854665077720176
48,K'=8 (2x),2,0.008984453216323428,0.012368333333333332,-0.2735922477032668
48,K'=12 (3x),3,0.007355045348957728,0.01061222222222222,-0.30692693811517574
48,K'=20 (5x),5,0.0060515190550651694,0.009207333333333333,-0.342750084526989
48,R'=10 (2x),2,0.01386278770655603,0.017626666666666665,-0.2135332239094536
48,R'=20 (4x),4,0.013857843150623784,0.017621666666666667,-0.21359066581157002
48,K'=8 + R'=10,2,0.008979508660391182,0.012363333333333332,-0.2736984097823255
48,Fix temp,1,0.013335310300841448,0.01716,-0.22288401510247977
49,K'=6 (1.5x),1.5,0.017617298606789938,0.014124444444444445,0.24729143691873376
49,K'=8 (2x),2,0.01647337755466182,0.012368333333333332,0.3318995462602201
49,K'=12 (3x),3,0.015329456502533695,0.01061222222222222,0.44450956468226654
49,K'=20 (5x),5,0.014414319660831199,0.009207333333333333,0.5655259931392947
49,R'=10 (2x),2,0.019895268271622368,0.017626666666666665,0.12870281419945362
49,R'=20 (4x),4,0.01989033205191046,0.017621666666666667,0.1287429519669228
49,K'=8 + R'=10,2,0.016468441334949912,0.012363333333333332,0.33203893245752875
49,Fix temp,1,0.01967248788938993,0.01716,0.14641537816957614
50,K'=6 (1.5x),1.5,0.013878058838219102,0.014124444444444445,-0.017443914852329157
50,K'=8 (2x),2,0.011649681302807705,0.012368333333333332,-0.05810419327791085
50,K'=12 (3x),3,0.009421303767396307,0.01061222222222222,-0.11222140187868523
50,K'=20 (5x),5,0.007638601739067188,0.009207333333333333,-0.17037849477946695
50,R'=10 (2x),2,0.018324581628961303,0.017626666666666665,0.039594267906276695
50,R'=20 (4x),4,0.018319465488921,0.017621666666666667,0.039598911695129115
50,K'=8 + R'=10,2,0.011644565162767405,0.012363333333333332,-0.0581370857831702
50,Fix temp,1,0.017950578833439628,0.01716,0.046071027589721814
51,K'=6 (1.5x),1.5,0.012769103664431812,0.014124444444444445,-0.09595710368245511
51,K'=8 (2x),2,0.01079624534655189,0.012368333333333332,-0.12710588762550395
51,K'=12 (3x),3,0.008823387028671973,0.01061222222222222,-0.16856367649410775
51,K'=20 (5x),5,0.007245100374368038,0.009207333333333333,-0.21311631586763755
51,R'=10 (2x),2,0.01670476919159596,0.017626666666666665,-0.05230129397148486
51,R'=20 (4x),4,0.016699743637298117,0.017621666666666667,-0.05231758418813302
51,K'=8 + R'=10,2,0.01079121979225405,0.012363333333333332,-0.12715935894413175
51,Fix temp,1,0.016307607193955027,0.01716,-0.049673240445511316
52,K'=6 (1.5x),1.5,0.01809388423975311,0.014124444444444445,0.2810333398188955
52,K'=8 (2x),2,0.016532544888809578,0.012368333333333332,0.336683322097527
52,K'=12 (3x),3,0.01497120553786605,0.01061222222222222,0.41075122857077234
52,K'=20 (5x),5,0.013722134057111224,0.009207333333333333,0.49034835172448316
52,R'=10 (2x),2,0.021206324386075,0.017626666666666665,0.20308194323420964
52,R'=20 (4x),4,0.021201205108292417,0.017621666666666667,0.2031327972170103
52,K'=8 + R'=10,2,0.016527425611026995,0.012363333333333332,0.33680983642709594
52,Fix temp,1,0.02035009733712474,0.01716,0.18590310822405226
53,K'=6 (1.5x),1.5,0.014345904645574357,0.014124444444444445,0.01567921499503788
53,K'=8 (2x),2,0.013789201201283541,0.012368333333333332,0.11487949343351646
53,K'=12 (3x),3,0.013232497756992725,0.01061222222222222,0.24691110682582493
53,K'=20 (5x),5,0.01278713500156007,0.009207333333333333,0.3887989647628778
53,R'=10 (2x),2,0.015449351810070759,0.017626666666666665,-0.12352391395211272
53,R'=20 (4x),4,0.015444371948028144,0.017621666666666667,-0.1235578200305603
53,K'=8 + R'=10,2,0.013784221339240926,0.012363333333333332,0.11492758203620337
53,Fix temp,1,0.014548267636301388,0.01716,-0.15219885569339237
54,K'=6 (1.5x),1.5,0.013427278276980304,0.014124444444444445,-0.049358838162187425
54,K'=8 (2x),2,0.01082824225517459,0.012368333333333332,-0.12451888517655914
54,K'=12 (3x),3,0.008229206233368874,0.01061222222222222,-0.2245539095349191
54,K'=20 (5x),5,0.006149977415924305,0.009207333333333333,-0.3320566125634308
54,R'=10 (2x),2,0.018615036081915157,0.017626666666666665,0.05607239496492954
54,R'=20 (4x),4,0.018609878962576865,0.017621666666666667,0.05607938877765239
54,K'=8 + R'=10,2,0.0108230851358363,0.012363333333333332,-0.12458195180617676
54,Fix temp,1,0.018252376276506933,0.01716,0.06365829117173256
55,K'=6 (1.5x),1.5,0.029713157477557907,0.014124444444444445,1.1036691102739236
55,K'=8 (2x),2,0.02701325321353934,0.012368333333333332,1.1840657496460862
55,K'=12 (3x),3,0.024313348949520773,0.01061222222222222,1.291070469539179
55,K'=20 (5x),5,0.02215342553830592,0.009207333333333333,1.4060631603402276
55,R'=10 (2x),2,0.03510310799458943,0.017626666666666665,0.9914773824464506
55,R'=20 (4x),4,0.035098178989086626,0.017621666666666667,0.9917627346497658
55,K'=8 + R'=10,2,0.027008324208036536,0.012363333333333332,1.1845503538449613
55,Fix temp,1,0.0340950059049327,0.01716,0.986888455998409
56,K'=6 (1.5x),1.5,0.032768420946757505,0.014124444444444445,1.3199794565828944
56,K'=8 (2x),2,0.02727010720254229,0.012368333333333332,1.204832815190052
56,K'=12 (3x),3,0.02177179345832709,0.01061222222222222,1.0515772288236187
56,K'=20 (5x),5,0.01737314246295492,0.009207333333333333,0.8868810147297357
56,R'=10 (2x),2,0.04375482563036829,0.017626666666666665,1.482308564506522
56,R'=20 (4x),4,0.04374971422795848,0.017621666666666667,1.482722835219435
56,K'=8 + R'=10,2,0.027264995800132478,0.012363333333333332,1.2053110649877983
56,Fix temp,1,0.04342439440196207,0.01716,1.5305591143334538
57,K'=6 (1.5x),1.5,0.0033696271008105084,0.014124444444444445,-0.7614329459778589
57,K'=8 (2x),2,0.0031767508043679276,0.012368333333333332,-0.7431544963454041
57,K'=12 (3x),3,0.0029838745079253464,0.01061222222222222,-0.7188266090322676
57,K'=20 (5x),5,0.002829573470771282,0.009207333333333333,-0.6926826293420518
57,R'=10 (2x),2,0.003745152211645836,0.017626666666666665,-0.7875291861774298
57,R'=20 (4x),4,0.003740038470620919,0.017621666666666667,-0.7877590955856851
57,K'=8 + R'=10,2,0.0031716370633430107,0.012363333333333332,-0.7434642440002956
57,Fix temp,1,0.003420340208137428,0.01716,-0.8006794750502665
58,K'=6 (1.5x),1.5,0.01534983179916267,0.014124444444444445,0.086756499311391
58,K'=8 (2x),2,0.012168257610166258,0.012368333333333332,-0.016176449791166208
58,K'=12 (3x),3,0.00898668342116984,0.01061222222222222,-0.15317609893698483
58,K'=20 (5x),5,0.006441424069972712,0.009207333333333333,-0.3004028596800327
58,R'=10 (2x),2,0.0217026366008087,0.017626666666666665,0.2312388389263635
58,R'=20 (4x),4,0.021697464812635296,0.017621666666666667,0.2312947023154428
58,K'=8 + R'=10,2,0.012163085821992856,0.012363333333333332,-0.016196886870353935
58,Fix temp,1,0.02148274606909237,0.01716,0.2519082790846369
59,K'=6 (1.5x),1.5,0.007995083368558977,0.014124444444444445,-0.43395413532858096
59,K'=8 (2x),2,0.006286169279492148,0.012368333333333332,-0.49175292174972524
59,K'=12 (3x),3,0.004577255190425318,0.01061222222222222,-0.5686808008184707
59,K'=20 (5x),5,0.0032101239191718537,0.009207333333333333,-0.6513513953545883
59,R'=10 (2x),2,0.011402921435719951,0.017626666666666665,-0.3530869079583991
59,R'=20 (4x),4,0.01139792638023361,0.017621666666666667,-0.35318681281186365
59,K'=8 + R'=10,2,0.006281174224005804,0.012363333333333332,-0.49195139735730886
59,Fix temp,1,0.011163509997780468,0.01716,-0.3494458043251476
60,K'=6 (1.5x),1.5,0.018576140385932815,0.014124444444444445,0.3151767107724617
60,K'=8 (2x),2,0.017017982262208648,0.012368333333333332,0.37593172851707185
60,K'=12 (3x),3,0.01545982413848448,0.01061222222222222,0.45679423354999826
60,K'=20 (5x),5,0.014213297639505145,0.009207333333333333,0.5436931763998059
60,R'=10 (2x),2,0.02168259803849266,0.017626666666666665,0.2301020067223523
60,R'=20 (4x),4,0.021677668741048418,0.017621666666666667,0.2301713084866216
60,K'=8 + R'=10,2,0.017013052964764405,0.012363333333333332,0.3760894821863904
60,Fix temp,1,0.021198773851841473,0.01716,0.2353597815758433
61,K'=6 (1.5x),1.5,0.010704264639309796,0.014124444444444445,-0.24214614731129513
61,K'=8 (2x),2,0.008626872273954806,0.012368333333333332,-0.3025032523416138
61,K'=12 (3x),3,0.006549479908599821,0.01061222222222222,-0.3828361514249985
61,K'=20 (5x),5,0.004887566016315831,0.009207333333333333,-0.46916595290176333
61,R'=10 (2x),2,0.014849134004584857,0.017626666666666665,-0.15757560488361247
61,R'=20 (4x),4,0.014844176321867401,0.017621666666666667,-0.15761791420406313
61,K'=8 + R'=10,2,0.00862191459123735,0.012363333333333332,-0.30262216840894973
61,Fix temp,1,0.013712942922389563,0.01716,-0.20087745207520039
62,K'=6 (1.5x),1.5,0.010079426578160326,0.014124444444444445,-0.28638421016800714
62,K'=8 (2x),2,0.00811646955292838,0.012368333333333332,-0.34377014799123723
62,K'=12 (3x),3,0.006153512527696436,0.01061222222222222,-0.42014854204514784
62,K'=20 (5x),5,0.00458314690751088,0.009207333333333333,-0.5022286321579668
62,R'=10 (2x),2,0.013995634480461804,0.017626666666666665,-0.20599653098741652
62,R'=20 (4x),4,0.0139907814063806,0.017621666666666667,-0.20604664297471298
62,K'=8 + R'=10,2,0.008111616478847176,0.012363333333333332,-0.34389729208569614
62,Fix temp,1,0.012525624776718628,0.01716,-0.27006848620520824
63,K'=6 (1.5x),1.5,0.013305445967718614,0.014124444444444445,-0.05798447365113651
63,K'=8 (2x),2,0.01095890433179358,0.012368333333333332,-0.1139546423559966
63,K'=12 (3x),3,0.008612362695868547,0.01061222222222222,-0.18844870418995988
63,K'=20 (5x),5,0.006735129387128517,0.009207333333333333,-0.26850379547514475
63,R'=10 (2x),2,0.01798815243681729,0.017626666666666665,0.020507891649997667
63,R'=20 (4x),4,0.01798296403544159,0.017621666666666667,0.020503019130327652
63,K'=8 + R'=10,2,0.010953715930417883,0.012363333333333332,-0.11401596680362223
63,Fix temp,1,0.017800169172497594,0.01716,0.037305895833193006
64,K'=6 (1.5x),1.5,0.006575642180146633,0.014124444444444445,-0.5344494995176235
64,K'=8 (2x),2,0.00517255079249658,0.012368333333333332,-0.5817907996903452
64,K'=12 (3x),3,0.00376945940484653,0.01061222222222222,-0.6448001817231831
64,K'=20 (5x),5,0.002646986294726488,0.009207333333333333,-0.7125132545007796
64,R'=10 (2x),2,0.009372082503382067,0.017626666666666665,-0.4683009169790809
64,R'=20 (4x),4,0.009367211277349732,0.017621666666666667,-0.4684264857268666
64,K'=8 + R'=10,2,0.005167679566464247,0.012363333333333332,-0.5820156727044287
64,Fix temp,1,0.009218114622872949,0.01716,-0.4628138331659121
65,K'=6 (1.5x),1.5,0.009185588303731021,0.014124444444444445,-0.3496672849781373
65,K'=8 (2x),2,0.007202686251903357,0.012368333333333332,-0.41765102396684883
65,K'=12 (3x),3,0.0052197842000756955,0.01061222222222222,-0.5081346686139538
65,K'=20 (5x),5,0.0036334625586135643,0.009207333333333333,-0.6053729753153033
65,R'=10 (2x),2,0.013141409422392763,0.017626666666666665,-0.25445861824549376
65,R'=20 (4x),4,0.013136417929895972,0.017621666666666667,-0.2545303359559649
65,K'=8 + R'=10,2,0.007197694759406566,0.012363333333333332,-0.41781924297062006
65,Fix temp,1,0.012925188842801088,0.01716,-0.24678386696963361
66,K'=6 (1.5x),1.5,0.012313477915999262,0.014124444444444445,-0.12821506258658466
66,K'=8 (2x),2,0.009455822593122092,0.012368333333333332,-0.23548126184163104
66,K'=12 (3x),3,0.006598167270244926,0.01061222222222222,-0.37824829408224964
66,K'=20 (5x),5,0.004312043011943191,0.009207333333333333,-0.5316729767638269
66,R'=10 (2x),2,0.0180184463301172,0.017626666666666665,0.022226531587587136
66,R'=20 (4x),4,0.018013275214299004,0.017621666666666667,0.02222312764394232
66,K'=8 + R'=10,2,0.009450651477303897,0.012363333333333332,-0.2355903361576788
66,Fix temp,1,0.01790552552405523,0.01716,0.04344554335986169
67,K'=6 (1.5x),1.5,0.029133575869410212,0.014124444444444445,1.0626351701124284
67,K'=8 (2x),2,0.02578400947666322,0.012368333333333332,1.0846793809456856
67,K'=12 (3x),3,0.022434443083916237,0.01061222222222222,1.1140193461966932
67,K'=20 (5x),5,0.019754789969718644,0.009207333333333333,1.1455495586545483
67,R'=10 (2x),2,0.03582286074985578,0.017626666666666665,1.0323105569131494
67,R'=20 (4x),4,0.03581793679733158,0.017621666666666667,1.0326077819350181
67,K'=8 + R'=10,2,0.025779085524139017,0.012363333333333332,1.0851241998494758
67,Fix temp,1,0.034096562303169195,0.01716,0.9869791551963398
68,K'=6 (1.5x),1.5,0.004680095625680701,0.014124444444444445,-0.6686527640723229
68,K'=8 (2x),2,0.003876530344884603,0.012368333333333332,-0.6865761747836192
68,K'=12 (3x),3,0.003072965064088506,0.01061222222222222,-0.7104315194555905
68,K'=20 (5x),5,0.002430112839451628,0.009207333333333333,-0.7360676808936759
68,R'=10 (2x),2,0.006276909499005377,0.017626666666666665,-0.6438969648824484
68,R'=20 (4x),4,0.006271751154871618,0.017621666666666667,-0.6440886510051101
68,K'=8 + R'=10,2,0.0038713720007508435,0.012363333333333332,-0.6868666486316384
68,Fix temp,1,0.005172842441676631,0.01716,-0.6985523052635997
69,K'=6 (1.5x),1.5,0.014788879039934408,0.014124444444444445,0.04704146758503515
69,K'=8 (2x),2,0.013522489183636343,0.012368333333333332,0.09331539013364863
69,K'=12 (3x),3,0.012256099327338277,0.01061222222222222,0.15490413512767787
69,K'=20 (5x),5,0.011242987442299825,0.009207333333333333,0.22109051940118293
69,R'=10 (2x),2,0.01731150449289819,0.017626666666666665,-0.017879851008045164
69,R'=20 (4x),4,0.017306427363082015,0.017621666666666667,-0.017889301253266945
69,K'=8 + R'=10,2,0.01351741205382017,0.012363333333333332,0.09334689030629588
69,Fix temp,1,0.01666531374427907,0.01716,-0.02882787038000767
70,K'=6 (1.5x),1.5,0.014425844750104838,0.014124444444444445,0.02133891402567289
70,K'=8 (2x),2,0.014112201792800094,0.012368333333333332,0.14099462008894456
70,K'=12 (3x),3,0.013798558835495352,0.01061222222222222,0.30025159166012133
70,K'=20 (5x),5,0.013547644469651555,0.009207333333333333,0.47139719820992926
70,R'=10 (2x),2,0.015042834753671488,0.017626666666666665,-0.1465865306162166
70,R'=20 (4x),4,0.01503768679815007,0.017621666666666667,-0.14663651954128046
70,K'=8 + R'=10,2,0.014107053837278677,0.012363333333333332,0.14103967408563048
70,Fix temp,1,0.014678241001565725,0.01716,-0.14462465025840773
71,K'=6 (1.5x),1.5,0.016875075299725224,0.014124444444444445,0.1947425872996146
71,K'=8 (2x),2,0.014685281941580367,0.012368333333333332,0.18732908839081275
71,K'=12 (3x),3,0.012495488583435507,0.01061222222222222,0.1774620170759039
71,K'=20 (5x),5,0.01074365389691962,0.009207333333333333,0.16685836256458125
71,R'=10 (2x),2,0.02124477665958496,0.017626666666666665,0.20526342622456284
71,R'=20 (4x),4,0.021239833981369968,0.017621666666666667,0.20532492091383525
71,K'=8 + R'=10,2,0.014680339263365377,0.012363333333333332,0.18740948476937544
71,Fix temp,1,0.021117978028108254,0.01716,0.23065140023940864
72,K'=6 (1.5x),1.5,0.010324102926857323,0.014124444444444445,-0.26906130945786727
72,K'=8 (2x),2,0.009360808235118935,0.012368333333333332,-0.24316332824803105
72,K'=12 (3x),3,0.008397513543380548,0.01061222222222222,-0.20869414835697897
72,K'=20 (5x),5,0.007626877789989835,0.009207333333333333,-0.17165182209943144
72,R'=10 (2x),2,0.012240382647029003,0.017626666666666665,-0.30557587100818817
72,R'=20 (4x),4,0.012235227815376452,0.017621666666666667,-0.3056713620329263
72,K'=8 + R'=10,2,0.009355653403466384,0.012363333333333332,-0.24327419222434202
72,Fix temp,1,0.011515277357329209,0.01716,-0.3289465409481814
73,K'=6 (1.5x),1.5,0.010816840588365724,0.014124444444444445,-0.23417585513458533
73,K'=8 (2x),2,0.008537620867559492,0.012368333333333332,-0.30971937467515215
73,K'=12 (3x),3,0.0062584011467532626,0.01061222222222222,-0.41026478566873237
73,K'=20 (5x),5,0.0044350253701082795,0.009207333333333333,-0.5183159760218362
73,R'=10 (2x),2,0.015365090920661469,0.017626666666666665,-0.1283042215963614
73,R'=20 (4x),4,0.01535999636600311,0.017621666666666667,-0.12834599266037397
73,K'=8 + R'=10,2,0.008532526312901134,0.012363333333333332,-0.30985227989475855
73,Fix temp,1,0.014897145590019372,0.01716,-0.13186797260959376
74,K'=6 (1.5x),1.5,0.02412326829043939,0.014124444444444445,0.7079091772652181
74,K'=8 (2x),2,0.02263168457418854,0.012368333333333332,0.8298087514503605
74,K'=12 (3x),3,0.021140100857937688,0.01061222222222222,0.992052221981355
74,K'=20 (5x),5,0.019946833884937003,0.009207333333333333,1.1664072715520604
74,R'=10 (2x),2,0.02709673698790772,0.017626666666666665,0.537258149843479
74,R'=20 (4x),4,0.027091887620391036,0.017621666666666667,0.5374191404742855
74,K'=8 + R'=10,2,0.022626835206671855,0.012363333333333332,0.8301565279055155
74,Fix temp,1,0.02628314657250379,0.01716,0.5316518981645565
75,K'=6 (1.5x),1.5,0.020558221707079057,0.014124444444444445,0.4555065714577683
75,K'=8 (2x),2,0.017844091743336232,0.012368333333333332,0.4427240326103949
75,K'=12 (3x),3,0.015129961779593403,0.01061222222222222,0.4257109833142147
75,K'=20 (5x),5,0.012958657808599141,0.009207333333333333,0.407427898986222
75,R'=10 (2x),2,0.02597677157858169,0.017626666666666665,0.47372002147778125
75,R'=20 (4x),4,0.025971916550590182,0.017621666666666667,0.4738626624755612
75,K'=8 + R'=10,2,0.017839236715344726,0.012363333333333332,0.4429148057706709
75,Fix temp,1,0.02549044386863414,0.01716,0.48545710190175617
76,K'=6 (1.5x),1.5,0.024900477450227523,0.014124444444444445,0.762934998836121
76,K'=8 (2x),2,0.022126833419301342,0.012368333333333332,0.7889907090123712
76,K'=12 (3x),3,0.019353189388375158,0.01061222222222222,0.8236698198657361
76,K'=20 (5x),5,0.017134274163634215,0.009207333333333333,0.860937748566456
76,R'=10 (2x),2,0.030437895868133863,0.017626666666666665,0.7268095235325567
76,R'=20 (4x),4,0.03043296104616085,0.017621666666666667,0.7270194483776137
76,K'=8 + R'=10,2,0.02212189859732833,0.012363333333333332,0.7893150658394446
76,Fix temp,1,0.02986149170542543,0.01716,0.7401801693138361
77,K'=6 (1.5x),1.5,0.012852189257229672,0.014124444444444445,-0.09007470645793705
77,K'=8 (2x),2,0.012187023541057164,0.012368333333333332,-0.014659193554197623
77,K'=12 (3x),3,0.011521857824884655,0.01061222222222222,0.08571584571209205
77,K'=20 (5x),5,0.010989725251946646,0.009207333333333333,0.1935839459792897
77,R'=10 (2x),2,0.01417272476208963,0.017626666666666665,-0.19594980547903
77,R'=20 (4x),4,0.0141678267983471,0.017621666666666667,-0.19599961420521522
77,K'=8 + R'=10,2,0.012182125577314634,0.012363333333333332,-0.014656868914966157
77,Fix temp,1,0.013956726886974706,0.01716,-0.1866709273324764
78,K'=6 (1.5x),1.5,0.014004114629086276,0.014124444444444445,-0.008519260055251091
78,K'=8 (2x),2,0.013258949678742846,0.012368333333333332,0.0720077896841003
78,K'=12 (3x),3,0.012513784728399422,0.01061222222222222,0.17918608057370763
78,K'=20 (5x),5,0.011917652768124683,0.009207333333333333,0.2943652995573836
78,R'=10 (2x),2,0.015484626604453985,0.017626666666666665,-0.12152269641902501
78,R'=20 (4x),4,0.015479717641794415,0.017621666666666667,-0.12155201124783424
78,K'=8 + R'=10,2,0.013254040716083276,0.012363333333333332,0.07204427468993885
78,Fix temp,1,0.0150277068550314,0.01716,-0.12425950728255254
79,K'=6 (1.5x),1.5,0.025876972077777102,0.014124444444444445,0.8320700810257545
79,K'=8 (2x),2,0.019902935223595517,0.012368333333333332,0.6091848988218989
79,K'=12 (3x),3,0.013928898369413932,0.01061222222222222,0.3125336124460832
79,K'=20 (5x),5,0.009149668886068664,0.009207333333333333,-0.006262882549924193
79,R'=10 (2x),2,0.03781501341297544,0.017626666666666665,1.1453298078465644
79,R'=20 (4x),4,0.03780999722639302,0.017621666666666667,1.1456538670042382
79,K'=8 + R'=10,2,0.019897919037013104,0.012363333333333332,0.6094299571593238
79,Fix temp,1,0.0375562198771697,0.01716,1.188590901932966
80,K'=6 (1.5x),1.5,0.010242372533741394,0.014124444444444445,-0.27484775956834057
80,K'=8 (2x),2,0.0095056025025059,0.012368333333333332,-0.23145647466600988
80,K'=12 (3x),3,0.008768832471270405,0.01061222222222222,-0.1737044053875651
80,K'=20 (5x),5,0.008179416446282008,0.009207333333333333,-0.11164110713033
80,R'=10 (2x),2,0.011706166692634856,0.017626666666666665,-0.3358831301455263
80,R'=20 (4x),4,0.011701293740846093,0.017621666666666667,-0.33597122439159605
80,K'=8 + R'=10,2,0.009500729550717136,0.012363333333333332,-0.23153980447151762
80,Fix temp,1,0.010724631742785791,0.01716,-0.3750214602106183
81,K'=6 (1.5x),1.5,0.01645679332569548,0.014124444444444445,0.16512853942148603
81,K'=8 (2x),2,0.013591867077708694,0.012368333333333332,0.09892470645805383
81,K'=12 (3x),3,0.010726940829721907,0.01061222222222222,0.010810045728166389
81,K'=20 (5x),5,0.008434999831332475,0.009207333333333333,-0.08388243088851542
81,R'=10 (2x),2,0.022176779773084136,0.017626666666666665,0.2581380355380562
81,R'=20 (4x),4,0.022171846748791673,0.017621666666666667,0.2582150807977871
81,K'=8 + R'=10,2,0.013586934053416233,0.012363333333333332,0.09897013103932878
81,Fix temp,1,0.02198017056061004,0.01716,0.2808957203152703
82,K'=6 (1.5x),1.5,0.00782480709715808,0.014124444444444445,-0.4460095667524959
82,K'=8 (2x),2,0.007524942982648351,0.012368333333333332,-0.3915960396726841
82,K'=12 (3x),3,0.007225078868138623,0.01061222222222222,-0.31917380574549664
82,K'=20 (5x),5,0.006985187576530842,0.009207333333333333,-0.24134520564794273
82,R'=10 (2x),2,0.008414003532921936,0.017626666666666665,-0.5226548676481504
82,R'=20 (4x),4,0.008408737636294135,0.017621666666666667,-0.5228182557669081
82,K'=8 + R'=10,2,0.007519677086020552,0.012363333333333332,-0.3917759164717806
82,Fix temp,1,0.007962784789011345,0.01716,-0.5359682523886163
83,K'=6 (1.5x),1.5,0.02939902055098848,0.014124444444444445,1.0814284531064844
83,K'=8 (2x),2,0.024011408007119445,0.012368333333333332,0.9413616499490188
83,K'=12 (3x),3,0.01862379546325041,0.01061222222222222,0.7549383223668066
83,K'=20 (5x),5,0.014313705428155186,0.009207333333333333,0.5545983739217131
83,R'=10 (2x),2,0.040164624132195806,0.017626666666666665,1.2786284492546791
83,R'=20 (4x),4,0.04015981337893044,0.017621666666666667,1.279001988778801
83,K'=8 + R'=10,2,0.024006597253854074,0.012363333333333332,0.9417576641025136
83,Fix temp,1,0.0397409583795435,0.01716,1.3159066654745628
84,K'=6 (1.5x),1.5,0.007123216127595651,0.014124444444444445,-0.49568167756166726
84,K'=8 (2x),2,0.006812545191007426,0.012368333333333332,-0.4491945674970414
84,K'=12 (3x),3,0.0065018742544192005,0.01061222222222222,-0.3873220784234864
84,K'=20 (5x),5,0.00625333750514862,0.009207333333333333,-0.3208307683930975
84,R'=10 (2x),2,0.007734409994819766,0.017626666666666665,-0.5612097204149149
84,R'=20 (4x),4,0.007729335991843598,0.017621666666666667,-0.5613731585069367
84,K'=8 + R'=10,2,0.006807471188031258,0.012363333333333332,-0.44938221719887367
84,Fix temp,1,0.007220972759176599,0.01716,-0.5791973916563754
85,K'=6 (1.5x),1.5,0.021441753359149534,0.014124444444444445,0.5180599451883716
85,K'=8 (2x),2,0.01763452880062334,0.012368333333333332,0.4257805255860402
85,K'=12 (3x),3,0.013827304242097146,0.01061222222222222,0.3029602992238963
85,K'=20 (5x),5,0.01078152459527619,0.009207333333333333,0.17097146426140655
85,R'=10 (2x),2,0.029046477289559537,0.017626666666666665,0.6478712531898377
85,R'=20 (4x),4,0.029041614696238345,0.017621666666666667,0.6480628788180276
85,K'=8 + R'=10,2,0.017629666207302146,0.012363333333333332,0.42596383450812736
85,Fix temp,1,0.02887996331099967,0.01716,0.6829815449300505
86,K'=6 (1.5x),1.5,0.006188649519194782,0.014124444444444445,-0.5618482876592744
86,K'=8 (2x),2,0.005179307730237371,0.012368333333333332,-0.5812444902112353
86,K'=12 (3x),3,0.004169965941279962,0.01061222222222222,-0.6070600620718284
86,K'=20 (5x),5,0.003362492510114034,0.009207333333333333,-0.6348027829142675
86,R'=10 (2x),2,0.008197137928632062,0.017626666666666665,-0.5349581356676213
86,R'=20 (4x),4,0.008192040344393291,0.017621666666666667,-0.5351154632898918
86,K'=8 + R'=10,2,0.0051742101459986015,0.012363333333333332,-0.581487451119013
86,Fix temp,1,0.007883055635745914,0.01716,-0.5406144734413804
87,K'=6 (1.5x),1.5,0.011560676302383692,0.014124444444444445,-0.18151284832085254
87,K'=8 (2x),2,0.010768839227344633,0.012368333333333332,-0.1293217172339603
87,K'=12 (3x),3,0.009977002152305573,0.01061222222222222,-0.05985740371950403
87,K'=20 (5x),5,0.009343532492274329,0.009207333333333333,0.014792465311092155
87,R'=10 (2x),2,0.013133985044336488,0.017626666666666665,-0.25487981972372414
87,R'=20 (4x),4,0.013128802340273827,0.017621666666666667,-0.25496250788193553
87,K'=8 + R'=10,2,0.010763656523281971,0.012363333333333332,-0.12938879563640016
87,Fix temp,1,0.012863408764740543,0.01716,-0.2503841046188495
88,K'=6 (1.5x),1.5,0.01948798060306182,0.014124444444444445,0.3797343095308086
88,K'=8 (2x),2,0.01546416063674735,0.012368333333333332,0.25030270611082217
88,K'=12 (3x),3,0.011440340670432881,0.01061222222222222,0.07803440512926338
88,K'=20 (5x),5,0.008221284697381304,0.009207333333333333,-0.1070938349089887
88,R'=10 (2x),2,0.027525576833642502,0.017626666666666665,0.5615871879903085
88,R'=20 (4x),4,0.027520554982618375,0.017621666666666667,0.5617452936319894
88,K'=8 + R'=10,2,0.01545913878572322,0.012363333333333332,0.25040216654542097
88,Fix temp,1,0.027077527994931995,0.01716,0.5779445218491837
89,K'=6 (1.5x),1.5,0.007727990198584413,0.014124444444444445,-0.4528641300561696
89,K'=8 (2x),2,0.006561367905619543,0.012368333333333332,-0.46950266225957066
89,K'=12 (3x),3,0.005394745612654671,0.01061222222222222,-0.4916478848927647
89,K'=20 (5x),5,0.0044614477782827745,0.009207333333333333,-0.5154462625860429
89,R'=10 (2x),2,0.010051304038551269,0.017626666666666665,-0.42976716876600213
89,R'=20 (4x),4,0.010046338665569827,0.017621666666666667,-0.42988714656749305
89,K'=8 + R'=10,2,0.0065564025326381005,0.012363333333333332,-0.4696897385302156
89,Fix temp,1,0.0095402842336827,0.01716,-0.44403938032152107
90,K'=6 (1.5x),1.5,0.005907451667651634,0.014124444444444445,-0.5817568831901769
90,K'=8 (2x),2,0.0050318870205283365,0.012368333333333332,-0.5931636959551271
90,K'=12 (3x),3,0.004156322373405039,0.01061222222222222,-0.6083457087148428
90,K'=20 (5x),5,0.003455870655706401,0.009207333333333333,-0.6246610684556078
90,R'=10 (2x),2,0.007648410119004541,0.017626666666666665,-0.5660886846253097
90,R'=20 (4x),4,0.0076433246975576965,0.017621666666666667,-0.5662541550615136
90,K'=8 + R'=10,2,0.005026801599081492,0.012363333333333332,-0.5934104934687389
90,Fix temp,1,0.0072918514738085595,0.01716,-0.5750669304307366
91,K'=6 (1.5x),1.5,0.005156813596525076,0.014124444444444445,-0.6349014917501126
91,K'=8 (2x),2,0.00407141489774397,0.012368333333333332,-0.6708194396110521
91,K'=12 (3x),3,0.0029860161989628633,0.01061222222222222,-0.7186247954071221
91,K'=20 (5x),5,0.0021176972399379783,0.009207333333333333,-0.7699988516467332
91,R'=10 (2x),2,0.00731752871534141,0.017626666666666665,-0.584860322503324
91,R'=20 (4x),4,0.00731248757596847,0.017621666666666667,-0.585028606300853
91,K'=8 + R'=10,2,0.004066373758371031,0.012363333333333332,-0.6710940610646241
91,Fix temp,1,0.006285251302020082,0.01716,-0.6337266141013939
92,K'=6 (1.5x),1.5,0.0053810598482511764,0.014124444444444445,-0.6190250264768676
92,K'=8 (2x),2,0.005312443663452135,0.012368333333333332,-0.5704802320345935
92,K'=12 (3x),3,0.005243827478653094,0.01061222222222222,-0.5058690471377044
92,K'=20 (5x),5,0.005188934530813862,0.009207333333333333,-0.43643459588583067
92,R'=10 (2x),2,0.005508492776058968,0.017626666666666665,-0.6874909544595896
92,R'=20 (4x),4,0.0055035930551638225,0.017621666666666667,-0.6876803335762515
92,K'=8 + R'=10,2,0.0053075439425569896,0.012363333333333332,-0.5707028355979787
92,Fix temp,1,0.005279822283138402,0.01716,-0.6923180487681584
93,K'=6 (1.5x),1.5,0.014199524747506794,0.014124444444444445,0.005315628756774269
93,K'=8 (2x),2,0.013587902913595006,0.012368333333333332,0.09860419729915167
93,K'=12 (3x),3,0.012976281079683214,0.01061222222222222,0.22276756064442407
93,K'=20 (5x),5,0.012486983612553782,0.009207333333333333,0.35619979862650597
93,R'=10 (2x),2,0.015412532575935207,0.017626666666666665,-0.12561275098703434
93,R'=20 (4x),4,0.015407414656237623,0.017621666666666667,-0.12565508429560454
93,K'=8 + R'=10,2,0.013582784993897421,0.012363333333333332,0.09863453711761307
93,Fix temp,1,0.014653311285750939,0.01716,-0.146077430900295
94,K'=6 (1.5x),1.5,0.013270818450808651,0.014124444444444445,-0.06043607569794008
94,K'=8 (2x),2,0.011682459950947955,0.012368333333333332,-0.055453985909072384
94,K'=12 (3x),3,0.010094101451087259,0.01061222222222222,-0.04882302314118581
94,K'=20 (5x),5,0.008823414651198699,0.009207333333333333,-0.04169705475359865
94,R'=10 (2x),2,0.01643722633378663,0.017626666666666665,-0.06747959528441959
94,R'=20 (4x),4,0.016432071775414923,0.017621666666666667,-0.06750751298127748
94,K'=8 + R'=10,2,0.011677305392576246,0.012363333333333332,-0.055488914054226395
94,Fix temp,1,0.01605552229481062,0.01716,-0.06436350263341387
95,K'=6 (1.5x),1.5,0.0018843136426265508,0.014124444444444445,-0.8665920171205242
95,K'=8 (2x),2,0.0016132730990439268,0.012368333333333332,-0.8695642286179279
95,K'=12 (3x),3,0.0013422325554613029,0.01061222222222222,-0.873520123556154
95,K'=20 (5x),5,0.0011254001205952039,0.009207333333333333,-0.8777713285864306
95,R'=10 (2x),2,0.0024166563269023555,0.017626666666666665,-0.8628977121651462
95,R'=20 (4x),4,0.0024117871254576337,0.017621666666666667,-0.8631351295493634
95,K'=8 + R'=10,2,0.0016084038975992055,0.012363333333333332,-0.8699053196873114
95,Fix temp,1,0.0019155562892922524,0.01716,-0.8883708456123396
96,K'=6 (1.5x),1.5,0.018974993848233233,0.014124444444444445,0.3434152346924095
96,K'=8 (2x),2,0.016798194850005565,0.012368333333333332,0.35816155639446706
96,K'=12 (3x),3,0.0146213958517779,0.01061222222222222,0.3777883223327518
96,K'=20 (5x),5,0.012879956653195768,0.009207333333333333,0.3988802389250346
96,R'=10 (2x),2,0.023318859526834403,0.017626666666666665,0.32293075984310166
96,R'=20 (4x),4,0.023313993367907324,0.017621666666666667,0.3230299839917142
96,K'=8 + R'=10,2,0.016793328691078486,0.012363333333333332,0.3583172303379742
96,Fix temp,1,0.022972218301677567,0.01716,0.3387073602376204
97,K'=6 (1.5x),1.5,0.0052615523903934164,0.014124444444444445,-0.6274860642421275
97,K'=8 (2x),2,0.004361318961633843,0.012368333333333332,-0.6473802214013871
97,K'=12 (3x),3,0.0034610855328742708,0.01061222222222222,-0.6738585509803325
97,K'=20 (5x),5,0.002740898789866612,0.009207333333333333,-0.7023135048294897
97,R'=10 (2x),2,0.007052376674246619,0.017626666666666665,-0.5999029874670979
97,R'=20 (4x),4,0.007047555387413648,0.017621666666666667,-0.6000630632319883
97,K'=8 + R'=10,2,0.004356497674800871,0.012363333333333332,-0.6476275809004418
97,Fix temp,1,0.006760169529007647,0.01716,-0.6060507267478061
98,K'=6 (1.5x),1.5,0.015335727533705887,0.014124444444444445,0.08575792796847846
98,K'=8 (2x),2,0.01204721228266028,0.012368333333333332,-0.025963162700960905
98,K'=12 (3x),3,0.00875869703161467,0.01061222222222222,-0.17465947770356985
98,K'=20 (5x),5,0.006127884830778181,0.009207333333333333,-0.3344560679047664
98,R'=10 (2x),2,0.02190321753932952,0.017626666666666665,0.24261824164123616
98,R'=20 (4x),4,0.021898447291095722,0.017621666666666667,0.24270012055778234
98,K'=8 + R'=10,2,0.012042442034426485,0.012363333333333332,-0.025955079447844226
98,Fix temp,1,0.02159838340555471,0.01716,0.25864705160575224
99,K'=6 (1.5x),1.5,0.010481503472086871,0.014124444444444445,-0.25791746972323915
99,K'=8 (2x),2,0.008247720997288932,0.012368333333333332,-0.3331582538238297
99,K'=12 (3x),3,0.006013938522490995,0.01061222222222222,-0.43330073602325453
99,K'=20 (5x),5,0.004226912542652645,0.009207333333333333,-0.5409189186895251
99,R'=10 (2x),2,0.014939262989368632,0.017626666666666665,-0.15246238713869328
99,R'=20 (4x),4,0.014934360273211576,0.017621666666666667,-0.15250012636650478
99,K'=8 + R'=10,2,0.008242818281131875,0.012363333333333332,-0.3332851215045665
99,Fix temp,1,0.014549888695596322,0.01716,-0.15210438836851278
100,K'=6 (1.5x),1.5,0.020490717817331198,0.014124444444444445,0.45072734704201367
100,K'=8 (2x),2,0.016944487267576795,0.012368333333333332,0.36998953787172595
100,K'=12 (3x),3,0.01339825671782239,0.01061222222222222,0.2625307345869703
100,K'=20 (5x),5,0.010561272278018867,0.009207333333333333,0.1470500627780972
100,R'=10 (2x),2,0.027573035343805934,0.017626666666666665,0.5642796148150115
100,R'=20 (4x),4,0.027567963557288896,0.017621666666666667,0.5644356506548129
100,K'=8 + R'=10,2,0.016939415481059757,0.012363333333333332,0.37013336325638385
100,Fix temp,1,0.027137227059670154,0.01716,0.5814234883257664
101,K'=6 (1.5x),1.5,0.009807479925619223,0.014124444444444445,-0.30563782779599585
101,K'=8 (2x),2,0.009542227586378052,0.012368333333333332,-0.22849527667068695
101,K'=12 (3x),3,0.009276975247136884,0.01061222222222222,-0.12582161842496112
101,K'=20 (5x),5,0.009064773375743945,0.009207333333333333,-0.015483305798572345
101,R'=10 (2x),2,0.010328603237530262,0.017626666666666665,-0.41403536852135425
101,R'=20 (4x),4,0.01032391255424461,0.017621666666666667,-0.4141352943774931
101,K'=8 + R'=10,2,0.0095375369030924,0.012363333333333332,-0.22856266623679686
101,Fix temp,1,0.009979055107733831,0.01716,-0.4184699820667931
102,K'=6 (1.5x),1.5,0.010287075289778402,0.014124444444444445,-0.27168283820008166
102,K'=8 (2x),2,0.00963323403187125,0.012368333333333332,-0.22113725655265457
102,K'=12 (3x),3,0.008979392773964099,0.01061222222222222,-0.15386310369933098
102,K'=20 (5x),5,0.00845631976763838,0.009207333333333333,-0.08156689222666201
102,R'=10 (2x),2,0.011584919936978383,0.017626666666666665,-0.3427617282349631
102,R'=20 (4x),4,0.011580001002671224,0.017621666666666667,-0.3428543836562249
102,K'=8 + R'=10,2,0.00962831509756409,0.012363333333333332,-0.221220132308108
102,Fix temp,1,0.011356776097747415,0.01716,-0.3381832110869805
103,K'=6 (1.5x),1.5,0.005508684471632633,0.014124444444444445,-0.609989299522548
103,K'=8 (2x),2,0.004886801318942998,0.012368333333333332,-0.6048941124692361
103,K'=12 (3x),3,0.004264918166253363,0.01061222222222222,-0.5981126217539496
103,K'=20 (5x),5,0.003767411644101656,0.009207333333333333,-0.5908248884112314
103,R'=10 (2x),2,0.006742606300168066,0.017626666666666665,-0.6174769496878934
103,R'=20 (4x),4,0.006737684061746148,0.017621666666666667,-0.6176477407502423
103,K'=8 + R'=10,2,0.004881879080521081,0.012363333333333332,-0.6051324550670465
103,Fix temp,1,0.006184496092205969,0.01716,-0.639598129824827
104,K'=6 (1.5x),1.5,0.030471275406281553,0.014124444444444445,1.157343287103005
104,K'=8 (2x),2,0.025984685540640023,0.012368333333333332,1.100904369274224
104,K'=12 (3x),3,0.0214980956749985,0.01061222222222222,1.0257864210552459
104,K'=20 (5x),5,0.01790882378248528,0.009207333333333333,0.9450608698666222
104,R'=10 (2x),2,0.03943431606049958,0.017626666666666665,1.2371964482129114
104,R'=20 (4x),4,0.039429246521967075,0.017621666666666667,1.2375435461250586
104,K'=8 + R'=10,2,0.025979616002107513,0.012363333333333332,1.1013439742874775
104,Fix temp,1,0.03807799034025997,0.01716,1.2189971060757558
105,K'=6 (1.5x),1.5,0.018727913586131444,0.014124444444444445,0.32592213872862646
105,K'=8 (2x),2,0.015456141344421054,0.012368333333333332,0.2496543331966896
105,K'=12 (3x),3,0.012184369102710663,0.01061222222222222,0.1481449264411683
105,K'=20 (5x),5,0.00956695130934235,0.009207333333333333,0.03905777742477188
105,R'=10 (2x),2,0.0252615425506083,0.017626666666666665,0.43314348812074327
105,R'=20 (4x),4,0.025256584791136336,0.017621666666666667,0.43326878602873364
105,K'=8 + R'=10,2,0.015451183584949091,0.012363333333333332,0.249758715417829
105,Fix temp,1,0.024671656763475734,0.01716,0.4377422356337839
106,K'=6 (1.5x),1.5,0.01576127206233966,0.014124444444444445,0.11588615922794955
106,K'=8 (2x),2,0.014201279948727843,0.012368333333333332,0.14819673483852677
106,K'=12 (3x),3,0.01264128783511602,0.01061222222222222,0.19120082207145014
106,K'=20 (5x),5,0.011393294144226561,0.009207333333333333,0.23741519197305355
106,R'=10 (2x),2,0.018871740641570482,0.017626666666666665,0.07063581552026192
106,R'=20 (4x),4,0.01886698281757407,0.017621666666666667,0.0706696009216344
106,K'=8 + R'=10,2,0.01419652212473143,0.012363333333333332,0.14827625705565634
106,Fix temp,1,0.018319398113000783,0.01716,0.06756399259911312
107,K'=6 (1.5x),1.5,0.03577566620485619,0.014124444444444445,1.532890149808887
107,K'=8 (2x),2,0.02755014784425044,0.012368333333333332,1.2274745595674796
107,K'=12 (3x),3,0.019324629483644686,0.01061222222222222,0.8209785923233399
107,K'=20 (5x),5,0.012744214795160089,0.009207333333333333,0.3841374406444236
107,R'=10 (2x),2,0.05221670235424528,0.017626666666666665,1.9623696494465934
107,R'=20 (4x),4,0.05221170206833408,0.017621666666666667,1.9629264391374677
107,K'=8 + R'=10,2,0.02754514755833923,0.012363333333333332,1.2279709537615988
107,Fix temp,1,0.051529667990375436,0.01716,2.0028944050335333
108,K'=6 (1.5x),1.5,0.009857959128436655,0.014124444444444445,-0.30206393835800904
108,K'=8 (2x),2,0.00943960145927011,0.012368333333333332,-0.23679276707154467
108,K'=12 (3x),3,0.00902124379010357,0.01061222222222222,-0.14991944182879138
108,K'=20 (5x),5,0.008686557654770333,0.009207333333333333,-0.05656096718879882
108,R'=10 (2x),2,0.01068433654533489,0.017626666666666665,-0.39385382685316433
108,R'=20 (4x),4,0.010679167584617464,0.017621666666666667,-0.39397516780757796
108,K'=8 + R'=10,2,0.009434432498552685,0.012363333333333332,-0.23690219747484342
108,Fix temp,1,0.010406517162527057,0.01716,-0.39355960591334177
109,K'=6 (1.5x),1.5,0.006246121811909648,0.014124444444444445,-0.5577792927376743
109,K'=8 (2x),2,0.005980942019281035,0.012368333333333332,-0.516431045469799
109,K'=12 (3x),3,0.005715762226652421,0.01061222222222222,-0.46139817778377346
109,K'=20 (5x),5,0.005503618392549529,0.009207333333333333,-0.40225707126027843
109,R'=10 (2x),2,0.00676651704770124,0.017626666666666665,-0.616120439805149
109,R'=20 (4x),4,0.006761534872968422,0.017621666666666667,-0.6162942472542274
109,K'=8 + R'=10,2,0.005975959844548216,0.012363333333333332,-0.5166384595943745
109,Fix temp,1,0.006538094646543423,0.01716,-0.6189921534648355
110,K'=6 (1.5x),1.5,0.01735093032767763,0.014124444444444445,0.22843276391676098
110,K'=8 (2x),2,0.017279422602224398,0.012368333333333332,0.3970696080494057
110,K'=12 (3x),3,0.017207914876771164,0.01061222222222222,0.6215185204789079
110,K'=20 (5x),5,0.017150708696408577,0.009207333333333333,0.8627226880466923
110,R'=10 (2x),2,0.017483924568900678,0.017626666666666665,-0.008098076650869188
110,R'=20 (4x),4,0.01747891396405897,0.017621666666666667,-0.008100976219107
110,K'=8 + R'=10,2,0.01727441199738269,0.012363333333333332,0.397229333840606
110,Fix temp,1,0.017286215719945982,0.01716,0.0073552284350804345
111,K'=6 (1.5x),1.5,0.02029564940949965,0.014124444444444445,0.4369166510816302
111,K'=8 (2x),2,0.018849144537706853,0.012368333333333332,0.5239841965535794
111,K'=12 (3x),3,0.017402639665914054,0.01061222222222222,0.639867626355633
111,K'=20 (5x),5,0.01624543576847982,0.009207333333333333,0.764401828449767
111,R'=10 (2x),2,0.02317876191377772,0.017626666666666665,0.3149827106908692
111,R'=20 (4x),4,0.02317381329412396,0.017621666666666667,0.31507500013944717
111,K'=8 + R'=10,2,0.018844195918053093,0.012363333333333332,0.5242002629862303
111,Fix temp,1,0.022149803558679355,0.01716,0.2907810931631325
112,K'=6 (1.5x),1.5,0.023280170305780216,0.014124444444444445,0.648218476652155
112,K'=8 (2x),2,0.019691028601320146,0.012368333333333332,0.5920519014677387
112,K'=12 (3x),3,0.016101886896860075,0.01061222222222222,0.5172964304443587
112,K'=20 (5x),5,0.013230573533292017,0.009207333333333333,0.4369604156062578
112,R'=10 (2x),2,0.030448607743476498,0.017626666666666665,0.727417232042918
112,R'=20 (4x),4,0.030443684757864565,0.017621666666666667,0.727628001013784
112,K'=8 + R'=10,2,0.019686105615708212,0.012363333333333332,0.5922975693481974
112,Fix temp,1,0.029401293166532155,0.01716,0.7133620726417338
113,K'=6 (1.5x),1.5,0.013500735252995314,0.014124444444444445,-0.0441581397344413
113,K'=8 (2x),2,0.010966155099945306,0.012368333333333332,-0.113368405879641
113,K'=12 (3x),3,0.008431574946895296,0.01061222222222222,-0.20548450924450143
113,K'=20 (5x),5,0.0064039108244552875,0.009207333333333333,-0.3044771387529555
113,R'=10 (2x),2,0.018560125124032982,0.017626666666666665,0.052957174207620084
113,R'=20 (4x),4,0.018555239906501805,0.017621666666666667,0.05297871407368606
113,K'=8 + R'=10,2,0.010961269882414129,0.012363333333333332,-0.11340497041675951
113,Fix temp,1,0.0183652427222563,0.01716,0.07023558987507567
114,K'=6 (1.5x),1.5,0.010367555928243666,0.014124444444444445,-0.2659848697750708
114,K'=8 (2x),2,0.010235320180116034,0.012368333333333332,-0.17245760570413404
114,K'=12 (3x),3,0.0101030844319884,0.01061222222222222,-0.047976548132178706
114,K'=20 (5x),5,0.009997295833486295,0.009207333333333333,0.08579710015418461
114,R'=10 (2x),2,0.010622041345565856,0.017626666666666665,-0.3973879720745543
114,R'=20 (4x),4,0.010617048306099318,0.017621666666666667,-0.3975003325773583
114,K'=8 + R'=10,2,0.010230327140649496,0.012363333333333332,-0.17252678830012153
114,Fix temp,1,0.010366656726569359,0.01716,-0.3958824751416458
115,K'=6 (1.5x),1.5,0.010056388823535316,0.014124444444444445,-0.2880152657975312
115,K'=8 (2x),2,0.00813471401573047,0.012368333333333332,-0.3422950533030208
115,K'=12 (3x),3,0.006213039207925626,0.01061222222222222,-0.4145392851918056
115,K'=20 (5x),5,0.004675699361681751,0.009207333333333333,-0.4921765952847277
115,R'=10 (2x),2,0.013889797029810134,0.017626666666666665,-0.21200092493512848
115,R'=20 (4x),4,0.013884826325142699,0.017621666666666667,-0.2120594159570965
115,K'=8 + R'=10,2,0.008129743311063035,0.012363333333333332,-0.3424311153090022
115,Fix temp,1,0.013680513541004038,0.01716,-0.2027672761652659
116,K'=6 (1.5x),1.5,0.013639558104297319,0.014124444444444445,-0.03432958670015839
116,K'=8 (2x),2,0.01165479440183144,0.012368333333333332,-0.05769079085044275
116,K'=12 (3x),3,0.009670030699365563,0.01061222222222222,-0.08878362167008605
116,K'=20 (5x),5,0.008082219737392858,0.009207333333333333,-0.12219755223450235
116,R'=10 (2x),2,0.01759929949833642,0.017626666666666665,-0.0015526003213074476
116,R'=20 (4x),4,0.017594406492890093,0.017621666666666667,-0.0015469690973181215
116,K'=8 + R'=10,2,0.011649901396385111,0.012363333333333332,-0.05770546807346085
116,Fix temp,1,0.01743018661608163,0.01716,0.015745140797297715
117,K'=6 (1.5x),1.5,0.018467111678223683,0.014124444444444445,0.307457560604257
117,K'=8 (2x),2,0.014955975859779801,0.012368333333333332,0.20921513486967816
117,K'=12 (3x),3,0.01144484004133592,0.01061222222222222,0.07845838521645164
117,K'=20 (5x),5,0.008635931386580815,0.009207333333333333,-0.06205943958647284
117,R'=10 (2x),2,0.025479452919629504,0.017626666666666665,0.44550602796687816
117,R'=20 (4x),4,0.025474487721888532,0.017621666666666667,0.4456344115324996
117,K'=8 + R'=10,2,0.01495101066203883,0.012363333333333332,0.20930256096296837
117,Fix temp,1,0.02501343366124533,0.01716,0.4576593042683758
118,K'=6 (1.5x),1.5,0.007817084929094128,0.014124444444444445,-0.44655629041970457
118,K'=8 (2x),2,0.007197617191906467,0.012368333333333332,-0.41806086576689383
118,K'=12 (3x),3,0.006578149454718807,0.01061222222222222,-0.3801345922681471
118,K'=20 (5x),5,0.006082575264968679,0.009207333333333333,-0.33937709814980677
118,R'=10 (2x),2,0.009045892846660826,0.017626666666666665,-0.48680638161909073
118,R'=20 (4x),4,0.009040829068256515,0.017621666666666667,-0.4869481281609847
118,K'=8 + R'=10,2,0.007192553413502156,0.012363333333333332,-0.41823509731716174
118,Fix temp,1,0.008724031564192485,0.01716,-0.49160655220323524
119,K'=6 (1.5x),1.5,0.014376763312299912,0.014124444444444445,0.01786398529499063
119,K'=8 (2x),2,0.012802201826220085,0.012368333333333332,0.035078977999198444
119,K'=12 (3x),3,0.011227640340140257,0.01061222222222222,0.05799144656331614
119,K'=20 (5x),5,0.009967991151276395,0.009207333333333333,0.08261434558790767
119,R'=10 (2x),2,0.017516302134111535,0.017626666666666665,-0.006261225371887112
119,R'=20 (4x),4,0.017511510058937516,0.017621666666666667,-0.0062512025572203835
119,K'=8 + R'=10,2,0.012797409751046068,0.012363333333333332,0.03510998255967131
119,Fix temp,1,0.016587936270100453,0.01716,-0.033337047196943366
120,K'=6 (1.5x),1.5,0.004223129119816249,0.014124444444444445,-0.701005647590102
120,K'=8 (2x),2,0.003581181569771405,0.012368333333333332,-0.7104556068100198
120,K'=12 (3x),3,0.0029392340197265604,0.01061222222222222,-0.7230331255623594
120,K'=20 (5x),5,0.0024256759796906853,0.009207333333333333,-0.7365495641491545
120,R'=10 (2x),2,0.005497025974581117,0.017626666666666665,-0.6881414916084843
120,R'=20 (4x),4,0.005492026851918706,0.017621666666666667,-0.6883366961930177
120,K'=8 + R'=10,2,0.0035761824471089946,0.012363333333333332,-0.7107428594950934
120,Fix temp,1,0.005343791755870094,0.01716,-0.6885902240168944
121,K'=6 (1.5x),1.5,0.004011758805473766,0.014124444444444445,-0.7159705062203909
121,K'=8 (2x),2,0.0036724465717778445,0.012368333333333332,-0.7030766819745712
121,K'=12 (3x),3,0.003333134338081924,0.01061222222222222,-0.6859155162523577
121,K'=20 (5x),5,0.003061684551125188,0.009207333333333333,-0.6674732585122163
121,R'=10 (2x),2,0.004680711201504505,0.017626666666666665,-0.7344528440901378
121,R'=20 (4x),4,0.004675875165823954,0.017621666666666667,-0.7346519342197699
121,K'=8 + R'=10,2,0.003667610536097294,0.012363333333333332,-0.7033477592803482
121,Fix temp,1,0.004387790818155036,0.01716,-0.7443012343732497
122,K'=6 (1.5x),1.5,0.014350257480215184,0.014124444444444445,0.015987392400382706
122,K'=8 (2x),2,0.013102946252636465,0.012368333333333332,0.059394657267467954
122,K'=12 (3x),3,0.011855635025057747,0.01061222222222222,0.11716799524154267
122,K'=20 (5x),5,0.01085778604299477,0.009207333333333333,0.1792541499161651
122,R'=10 (2x),2,0.016834710489278263,0.017626666666666665,-0.044929435177103016
122,R'=20 (4x),4,0.016829625766231083,0.017621666666666667,-0.04494699141788997
122,K'=8 + R'=10,2,0.013097861529589286,0.012363333333333332,0.05941182498700088
122,Fix temp,1,0.016526451749417474,0.01716,-0.036920061222758045
123,K'=6 (1.5x),1.5,0.0332720842864968,0.014124444444444445,1.3556384406739392
123,K'=8 (2x),2,0.02843279692369975,0.012368333333333332,1.2988381827543256
123,K'=12 (3x),3,0.023593509560902687,0.01061222222222222,1.223239305288705
123,K'=20 (5x),5,0.01972207967066504,0.009207333333333333,1.141996923177001
123,R'=10 (2x),2,0.0429405074746074,0.017626666666666665,1.4361104845654729
123,R'=20 (4x),4,0.04293543170586564,0.017621666666666667,1.4365136691118303
123,K'=8 + R'=10,2,0.028427721154957987,0.012363333333333332,1.299357332566028
123,Fix temp,1,0.041994444981525526,0.01716,1.4472287285271284
124,K'=6 (1.5x),1.5,0.006448946812739434,0.014124444444444445,-0.5434194358507324
124,K'=8 (2x),2,0.0059333848763570155,0.012368333333333332,-0.5202761183379316
124,K'=12 (3x),3,0.005417822939974596,0.01061222222222222,-0.489473285941039
124,K'=20 (5x),5,0.005005373390868662,0.009207333333333333,-0.45637100236746125
124,R'=10 (2x),2,0.007470157062835634,0.017626666666666665,-0.5762013769193097
124,R'=20 (4x),4,0.0074652002515013145,0.017621666666666667,-0.5763624183390912
124,K'=8 + R'=10,2,0.005928428065022696,0.012363333333333332,-0.5204830359916934
124,Fix temp,1,0.006345717822806674,0.01716,-0.6302029240788651
125,K'=6 (1.5x),1.5,0.004317302725159043,0.014124444444444445,-0.6943382274509802
125,K'=8 (2x),2,0.0037460639582759486,0.012368333333333332,-0.6971245957464534
125,K'=12 (3x),3,0.0031748251913928526,0.01061222222222222,-0.7008331407964017
125,K'=20 (5x),5,0.0027178341778863763,0.009207333333333333,-0.7048185311107403
125,R'=10 (2x),2,0.005450100723144349,0.017626666666666665,-0.6908036654797078
125,R'=20 (4x),4,0.005445260955253907,0.017621666666666667,-0.6909905823179472
125,K'=8 + R'=10,2,0.003741224190385506,0.012363333333333332,-0.6973935677768531
125,Fix temp,1,0.005236736187435801,0.01716,-0.6948288935060721
126,K'=6 (1.5x),1.5,0.012152099446175046,0.014124444444444445,-0.13964053637841872
126,K'=8 (2x),2,0.011895904974648366,0.012368333333333332,-0.03819660628095668
126,K'=12 (3x),3,0.011639710503121682,0.01061222222222222,0.09682121796770135
126,K'=20 (5x),5,0.01143475492590034,0.009207333333333333,0.24191820931507563
126,R'=10 (2x),2,0.012654149385250122,0.017626666666666665,-0.2821019637717404
126,R'=20 (4x),4,0.012648979883260978,0.017621666666666667,-0.2821916267893137
126,K'=8 + R'=10,2,0.011890735472659222,0.012363333333333332,-0.038225763872265575
126,Fix temp,1,0.012094448068587423,0.01716,-0.295195333998402
127,K'=6 (1.5x),1.5,0.02315779505782724,0.014124444444444445,0.6395544015138859
127,K'=8 (2x),2,0.022097321165257373,0.012368333333333332,0.7866045949541066
127,K'=12 (3x),3,0.021036847272687505,0.01061222222222222,0.9823225364274691
127,K'=20 (5x),5,0.02018846815863161,0.009207333333333333,1.192650947646616
127,R'=10 (2x),2,0.025268062450491412,0.017626666666666665,0.4335133765407383
127,R'=20 (4x),4,0.025262722254253626,0.017621666666666667,0.4336170767570392
127,K'=8 + R'=10,2,0.022091980969019587,0.012363333333333332,0.7868951983569363
127,Fix temp,1,0.02470088251973184,0.01716,0.4394453682827412
128,K'=6 (1.5x),1.5,0.019819210118024656,0.014124444444444445,0.4031851090483158
128,K'=8 (2x),2,0.018110236992754918,0.012368333333333332,0.4642423117710487
128,K'=12 (3x),3,0.016401263867485184,0.01061222222222222,0.5455070129553625
128,K'=20 (5x),5,0.0150340853672694,0.009207333333333333,0.6328381761569836
128,R'=10 (2x),2,0.023226917507119374,0.017626666666666665,0.3177146845945183
128,R'=20 (4x),4,0.023221798076397,0.017621666666666667,0.31779805597637384
128,K'=8 + R'=10,2,0.018105117562032546,0.012363333333333332,0.46442040135070484
128,Fix temp,1,0.022730126386049845,0.01716,0.3245994397464943
129,K'=6 (1.5x),1.5,0.01295861305506643,0.014124444444444445,-0.08253998194148943
129,K'=8 (2x),2,0.01177974177372348,0.012368333333333332,-0.04758859126342968
129,K'=12 (3x),3,0.010600870492380525,0.01061222222222222,-0.001069684520733529
129,K'=20 (5x),5,0.009657773467306159,0.009207333333333333,0.048921888419320735
129,R'=10 (2x),2,0.01530648433631378,0.017626666666666665,-0.13162910346177495
129,R'=20 (4x),4,0.015301548695594499,0.017621666666666667,-0.13166279983385049
129,K'=8 + R'=10,2,0.011774806133004198,0.012363333333333332,-0.047602631463666785
129,Fix temp,1,0.015144432983144144,0.01716,-0.11745728536456049
130,K'=6 (1.5x),1.5,0.017681214940697486,0.014124444444444445,0.25181666509028766
130,K'=8 (2x),2,0.014436332651869579,0.012368333333333332,0.1672011307265528
130,K'=12 (3x),3,0.01119145036304167,0.01061222222222222,0.05458122989608463
130,K'=20 (5x),5,0.008595544531979343,0.009207333333333333,-0.06644581869748646
130,R'=10 (2x),2,0.024161042198268014,0.017626666666666665,0.370709655726249
130,R'=20 (4x),4,0.024156073538225364,0.017621666666666667,0.3708166199692819
130,K'=8 + R'=10,2,0.014431363991826932,0.012363333333333332,0.16727128539985983
130,Fix temp,1,0.02393143011023412,0.01716,0.3946054842793775
131,K'=6 (1.5x),1.5,0.007685121669615829,0.014124444444444445,-0.4558991895331776
131,K'=8 (2x),2,0.007351438178644891,0.012368333333333332,-0.40562418714635023
131,K'=12 (3x),3,0.007017754687673953,0.01061222222222222,-0.33871016449517766
131,K'=20 (5x),5,0.006750807894897202,0.009207333333333333,-0.2668009671750197
131,R'=10 (2x),2,0.008342371369373327,0.017626666666666665,-0.5267187195892591
131,R'=20 (4x),4,0.008337312728281136,0.017621666666666667,-0.5268714993881887
131,K'=8 + R'=10,2,0.007346379537552701,0.012363333333333332,-0.40579297350611737
131,Fix temp,1,0.007783298391231579,0.01716,-0.5464278326788125
132,K'=6 (1.5x),1.5,0.012187231357243112,0.014124444444444445,-0.1371532236061359
132,K'=8 (2x),2,0.011237202329318364,0.012368333333333332,-0.09145379361393083
132,K'=12 (3x),3,0.010287173301393612,0.01061222222222222,-0.03062967529533539
132,K'=20 (5x),5,0.009527150079053812,0.009207333333333333,0.03473500243144729
132,R'=10 (2x),2,0.014077648223574593,0.017626666666666665,-0.20134370895000414
132,R'=20 (4x),4,0.014072827628815582,0.017621666666666667,-0.2013906575910953
132,K'=8 + R'=10,2,0.011232381734559354,0.012363333333333332,-0.09147626843682757
132,Fix temp,1,0.013620769490868993,0.01716,-0.2062488641684737
133,K'=6 (1.5x),1.5,0.010112508829327039,0.014124444444444445,-0.28404201176885346
133,K'=8 (2x),2,0.008963266872005089,0.012368333333333332,-0.27530519832865463
133,K'=12 (3x),3,0.007814024914683136,0.01061222222222222,-0.26367684816094406
133,K'=20 (5x),5,0.006894631348825576,0.009207333333333333,-0.25118043420184166
133,R'=10 (2x),2,0.012401591876003443,0.017626666666666665,-0.29643011293475163
133,R'=20 (4x),4,0.012396891442019692,0.017621666666666667,-0.2964972226225466
133,K'=8 + R'=10,2,0.008958566438021337,0.012363333333333332,-0.27539230752051724
133,Fix temp,1,0.011775552518766472,0.01716,-0.31377899074787463
134,K'=6 (1.5x),1.5,0.004828295465568818,0.014124444444444445,-0.6581603273275696
134,K'=8 (2x),2,0.004536823317638704,0.012368333333333332,-0.6331904068746499
134,K'=12 (3x),3,0.004245351169708591,0.01061222222222222,-0.5999564388296794
134,K'=20 (5x),5,0.004012173451364501,0.009207333333333333,-0.5642415337740386
134,R'=10 (2x),2,0.005401010161143923,0.017626666666666665,-0.6935886822346489
134,R'=20 (4x),4,0.005395895361001363,0.017621666666666667,-0.6937919969165973
134,K'=8 + R'=10,2,0.004531708517496144,0.012363333333333332,-0.6334557683340946
134,Fix temp,1,0.005239584206668469,0.01716,-0.69466292501932
135,K'=6 (1.5x),1.5,0.007474733993391289,0.014124444444444445,-0.4707944781267967
135,K'=8 (2x),2,0.007214700332434759,0.012368333333333332,-0.4166796658858839
135,K'=12 (3x),3,0.006954666671478228,0.01061222222222222,-0.34465500949320427
135,K'=20 (5x),5,0.006746639742713003,0.009207333333333333,-0.26725366634787456
135,R'=10 (2x),2,0.007985035898138582,0.017626666666666665,-0.5469911555518958
135,R'=20 (4x),4,0.007980153189555696,0.017621666666666667,-0.5471397036098158
135,K'=8 + R'=10,2,0.007209817623851873,0.012363333333333332,-0.41683869313681254
135,Fix temp,1,0.006895745370973154,0.01716,-0.5981500366565762
136,K'=6 (1.5x),1.5,0.013717130374587692,0.014124444444444445,-0.028837528545553624
136,K'=8 (2x),2,0.012269162752657513,0.012368333333333332,-0.008018103814242209
136,K'=12 (3x),3,0.010821195130727334,0.01061222222222222,0.019691719993152744
136,K'=20 (5x),5,0.00966282103318319,0.009207333333333333,0.04947009990404654
136,R'=10 (2x),2,0.016602750820451526,0.017626666666666665,-0.05808902304548827
136,R'=20 (4x),4,0.01659759342145327,0.017621666666666667,-0.05811443744708589
136,K'=8 + R'=10,2,0.012264005353659254,0.012363333333333332,-0.008034077622599979
136,Fix temp,1,0.015876303016848194,0.01716,-0.07480751650068806
137,K'=6 (1.5x),1.5,0.017257942208782327,0.014124444444444445,0.22184927532285192
137,K'=8 (2x),2,0.01489939627997016,0.012368333333333332,0.20464058320739756
137,K'=12 (3x),3,0.012540850351157987,0.01061222222222222,0.1817365004755722
137,K'=20 (5x),5,0.010654013608108253,0.009207333333333333,0.15712261329102747
137,R'=10 (2x),2,0.021964841419321927,0.017626666666666665,0.24611430139874782
137,R'=20 (4x),4,0.021959745095779557,0.017621666666666667,0.24617866806655953
137,K'=8 + R'=10,2,0.014894299956427789,0.012363333333333332,0.2047155532295328
137,Fix temp,1,0.02169068868416443,0.01716,0.2640261470958291
138,K'=6 (1.5x),1.5,0.013690577537937254,0.014124444444444445,-0.03071744932791624
138,K'=8 (2x),2,0.012006266203902239,0.012368333333333332,-0.029273720207338087
138,K'=12 (3x),3,0.010321954869867228,0.01061222222222222,-0.027352174339806665
138,K'=20 (5x),5,0.008974505802639216,0.009207333333333333,-0.025287183841950275
138,R'=10 (2x),2,0.017049490808186234,0.017626666666666665,-0.03274447003482026
138,R'=20 (4x),4,0.01704463610927571,0.017621666666666667,-0.03274551541043936
138,K'=8 + R'=10,2,0.012001411504991715,0.012363333333333332,-0.029273806552301183
138,Fix temp,1,0.016204126686029857,0.01716,-0.05570357307518324
139,K'=6 (1.5x),1.5,0.01043107758658881,0.014124444444444445,-0.2614875843352794
139,K'=8 (2x),2,0.009860411216778109,0.012368333333333332,-0.20276960920807627
139,K'=12 (3x),3,0.00928974484696741,0.01061222222222222,-0.1246183266390252
139,K'=20 (5x),5,0.00883321175111885,0.009207333333333333,-0.04063300074735534
139,R'=10 (2x),2,0.011562410335072099,0.017626666666666665,-0.3440387480102818
139,R'=20 (4x),4,0.011557410339503043,0.017621666666666667,-0.34413636586571217
139,K'=8 + R'=10,2,0.009855411221209052,0.012363333333333332,-0.2028516132750833
139,Fix temp,1,0.011150336832945489,0.01716,-0.350213471273573
140,K'=6 (1.5x),1.5,0.008731822978131487,0.014124444444444445,-0.38179352735066563
140,K'=8 (2x),2,0.00812841062396398,0.012368333333333332,-0.3428046928475423
140,K'=12 (3x),3,0.0075249982697964775,0.01061222222222222,-0.290912109431805
140,K'=20 (5x),5,0.007042268386462473,0.009207333333333333,-0.23514571141164942
140,R'=10 (2x),2,0.009928607894153283,0.017626666666666665,-0.43672799390204514
140,R'=20 (4x),4,0.009923587997996678,0.017621666666666667,-0.43685304087789595
140,K'=8 + R'=10,2,0.008123390727807375,0.012363333333333332,-0.3429449397837119
140,Fix temp,1,0.009465595273087893,0.01716,-0.44839188385268697
141,K'=6 (1.5x),1.5,0.008963741221986624,0.014124444444444445,-0.3653738908285115
141,K'=8 (2x),2,0.007233529735670963,0.012368333333333332,-0.41515727780587813
141,K'=12 (3x),3,0.005503318249355306,0.01061222222222222,-0.48141697995814303
141,K'=20 (5x),5,0.004119149060302777,0.009207333333333333,-0.5526230113348659
141,R'=10 (2x),2,0.012414189835222446,0.017626666666666665,-0.2957154026916161
141,R'=20 (4x),4,0.0124092026555247,0.017621666666666667,-0.29579858192425806
141,K'=8 + R'=10,2,0.0072285425559732155,0.012363333333333332,-0.4153241394467606
141,Fix temp,1,0.011828700016889206,0.01716,-0.31068181719759874
142,K'=6 (1.5x),1.5,0.005474162401953445,0.014124444444444445,-0.6124334359850455
142,K'=8 (2x),2,0.004593390864196941,0.012368333333333332,-0.6286168281204467
142,K'=12 (3x),3,0.0037126193264404375,0.01061222222222222,-0.6501562774791756
142,K'=20 (5x),5,0.0030080020962352347,0.009207333333333333,-0.6733036605348742
142,R'=10 (2x),2,0.007225422115427046,0.017626666666666665,-0.590085734752626
142,R'=20 (4x),4,0.007220280434407343,0.017621666666666667,-0.5902612067866826
142,K'=8 + R'=10,2,0.004588249183177238,0.012363333333333332,-0.6288825141673843
142,Fix temp,1,0.00687781213804247,0.01716,-0.599195096850672
143,K'=6 (1.5x),1.5,0.010719337023535966,0.014124444444444445,-0.2410790338906255
143,K'=8 (2x),2,0.009212080729598235,0.012368333333333332,-0.2551881905728417
143,K'=12 (3x),3,0.007704824435660502,0.01061222222222222,-0.27396691528693823
143,K'=20 (5x),5,0.006499019400510318,0.009207333333333333,-0.294147483834228
143,R'=10 (2x),2,0.013723713540134365,0.017626666666666665,-0.22142321065803525
143,R'=20 (4x),4,0.013718645504495834,0.017621666666666667,-0.22148989854369622
143,K'=8 + R'=10,2,0.009207012693959704,0.012363333333333332,-0.25529689722623033
143,Fix temp,1,0.012920281457446649,0.01716,-0.24706984513714175
144,K'=6 (1.5x),1.5,0.03319570621016265,0.014124444444444445,1.3502309305495896
144,K'=8 (2x),2,0.0272921741547159,0.012368333333333332,1.20661696440231
144,K'=12 (3x),3,0.021388642099269137,0.01061222222222222,1.0154725043809263
144,K'=20 (5x),5,0.016665816454911733,0.009207333333333333,0.8100589879348057
144,R'=10 (2x),2,0.0449930647026146,0.017626666666666665,1.5525566207988617
144,R'=20 (4x),4,0.04498821189339381,0.017621666666666667,1.5530054985374335
144,K'=8 + R'=10,2,0.02728732134549511,0.012363333333333332,1.207116851886906
144,Fix temp,1,0.044559890985278655,0.01716,1.5967302438973572
145,K'=6 (1.5x),1.5,0.006746590385810108,0.014124444444444445,-0.5223464956553574
145,K'=8 (2x),2,0.005839121676832205,0.012368333333333332,-0.5278974523515263
145,K'=12 (3x),3,0.0049316529678543036,0.01061222222222222,-0.535285554280298
145,K'=20 (5x),5,0.0042056780006719825,0.009207333333333333,-0.5432251827523008
145,R'=10 (2x),2,0.008551558185670011,0.017626666666666665,-0.5148510862895228
145,R'=20 (4x),4,0.008546573376622062,0.017621666666666667,-0.5149963089025597
145,K'=8 + R'=10,2,0.005834136867784255,0.012363333333333332,-0.5281097168144306
145,Fix temp,1,0.008231890787911868,0.01716,-0.5202860846205205
146,K'=6 (1.5x),1.5,0.009699583514074567,0.014124444444444445,-0.31327681225085663
146,K'=8 (2x),2,0.008454501267839715,0.012368333333333332,-0.3164397303996995
146,K'=12 (3x),3,0.007209419021604865,0.01061222222222222,-0.3206494482834908
146,K'=20 (5x),5,0.006213353224616984,0.009207333333333333,-0.32517342430486734
146,R'=10 (2x),2,0.012179844770510382,0.017626666666666665,-0.30901031937346546
146,R'=20 (4x),4,0.012174893152493437,0.017621666666666667,-0.30909525286143363
146,K'=8 + R'=10,2,0.008449549649822771,0.012363333333333332,-0.316563792141593
146,Fix temp,1,0.011753822572036013,0.01716,-0.3150453046599061
147,K'=6 (1.5x),1.5,0.0192937160165713,0.014124444444444445,0.36598052351433047
147,K'=8 (2x),2,0.015180234116801637,0.012368333333333332,0.22734678211575032
147,K'=12 (3x),3,0.011066752217031978,0.01061222222222222,0.04283080256818991
147,K'=20 (5x),5,0.0077759666972162505,0.009207333333333333,-0.15545941308924943
147,R'=10 (2x),2,0.027511089071173018,0.017626666666666665,0.5607652650060336
147,R'=20 (4x),4,0.02750629369870422,0.017621666666666667,0.5609359897117688
147,K'=8 + R'=10,2,0.015175438744332838,0.012363333333333332,0.22745527724450035
147,Fix temp,1,0.027301489386196583,0.01716,0.5909958849764907
148,K'=6 (1.5x),1.5,0.010107626461739674,0.014124444444444445,-0.2843876797069142
148,K'=8 (2x),2,0.009650405541685208,0.012368333333333332,-0.21974891187021622
148,K'=12 (3x),3,0.009193184621630747,0.01061222222222222,-0.13371729039182564
148,K'=20 (5x),5,0.008827407885587177,0.009207333333333333,-0.04126335324156352
148,R'=10 (2x),2,0.011011555477781688,0.017626666666666665,-0.37528996911223395
148,R'=20 (4x),4,0.011006299065748234,0.017621666666666667,-0.37541100544321004
148,K'=8 + R'=10,2,0.009645149129651753,0.012363333333333332,-0.21985852281058876
148,Fix temp,1,0.010793469790437547,0.01716,-0.371009918972171
149,K'=6 (1.5x),1.5,0.00828679441591294,0.014124444444444445,-0.4133012134737535
149,K'=8 (2x),2,0.0067732004911357354,0.012368333333333332,-0.45237565089860643
149,K'=12 (3x),3,0.005259606566358532,0.01061222222222222,-0.5043821683883698
149,K'=20 (5x),5,0.004048731426536769,0.009207333333333333,-0.5602710057341862
149,R'=10 (2x),2,0.011304126957656091,0.017626666666666665,-0.35869173840831553
149,R'=20 (4x),4,0.011299199303750463,0.017621666666666667,-0.35878940865882175
149,K'=8 + R'=10,2,0.006768272837230109,0.012363333333333332,-0.4525527497522155
149,Fix temp,1,0.01104845937483819,0.01716,-0.35615038608169064
150,K'=6 (1.5x),1.5,0.0059586104676694835,0.014124444444444445,-0.5781348787836268
150,K'=8 (2x),2,0.005295242757228354,0.012368333333333332,-0.5718709534648951
150,K'=12 (3x),3,0.004631875046787227,0.01061222222222222,-0.5635339187406027
150,K'=20 (5x),5,0.004101180878434324,0.009207333333333333,-0.5545745190318235
150,R'=10 (2x),2,0.0072752818433798215,0.017626666666666665,-0.5872570815026575
150,R'=20 (4x),4,0.007270249820793863,0.017621666666666667,-0.5874255279980783
150,K'=8 + R'=10,2,0.005290210734642396,0.012363333333333332,-0.5721048206005072
150,Fix temp,1,0.006704212868409656,0.01716,-0.6093116044050317
151,K'=6 (1.5x),1.5,0.008116086935609345,0.014124444444444445,-0.42538717416233396
151,K'=8 (2x),2,0.007069315382916178,0.012368333333333332,-0.4284342770853379
151,K'=12 (3x),3,0.006022543830223012,0.01061222222222222,-0.4324898495235356
151,K'=20 (5x),5,0.00518512658806848,0.009207333333333333,-0.4368481730430294
151,R'=10 (2x),2,0.010200112636543097,0.017626666666666665,-0.42132492606601185
151,R'=20 (4x),4,0.010195353934316805,0.017621666666666667,-0.4214307802336061
151,K'=8 + R'=10,2,0.007064556680689889,0.012363333333333332,-0.42858802798410167
151,Fix temp,1,0.009843727217719986,0.01716,-0.4263562227435906
152,K'=6 (1.5x),1.5,0.012547293712353512,0.014124444444444445,-0.11166108078050968
152,K'=8 (2x),2,0.010968135978937954,0.012368333333333332,-0.11320824856989989
152,K'=12 (3x),3,0.009388978245522395,0.01061222222222222,-0.11526746717933654
152,K'=20 (5x),5,0.008125652058789947,0.009207333333333333,-0.11748040777750188
152,R'=10 (2x),2,0.015696097320332638,0.017626666666666665,-0.10952549241683213
152,R'=20 (4x),4,0.01569134139090664,0.017621666666666667,-0.10954271876061814
152,K'=8 + R'=10,2,0.010963380049511959,0.012363333333333332,-0.11323429095346779
152,Fix temp,1,0.015547103310640747,0.01716,-0.09399164856405912
153,K'=6 (1.5x),1.5,0.02743668655983505,0.014124444444444445,0.9424966884716446
153,K'=8 (2x),2,0.021526047038020298,0.012368333333333332,0.7404161464509069
153,K'=12 (3x),3,0.015615407516205554,0.01061222222222222,0.47145500623861375
153,K'=20 (5x),5,0.010886895898753754,0.009207333333333333,0.18241574456090306
153,R'=10 (2x),2,0.03924753880053694,0.017626666666666665,1.226600158880689
153,R'=20 (4x),4,0.039242325399073144,0.017621666666666667,1.2269360862048506
153,K'=8 + R'=10,2,0.021520833636556498,0.012363333333333332,0.7406983259549609
153,Fix temp,1,0.0386301408603049,0.01716,1.2511737098079774
154,K'=6 (1.5x),1.5,0.02419522563458263,0.014124444444444445,0.7130037028889528
154,K'=8 (2x),2,0.02015621930899804,0.012368333333333332,0.6296633318149608
154,K'=12 (3x),3,0.016117212983413457,0.01061222222222222,0.5187406224554616
154,K'=20 (5x),5,0.012886007922945785,0.009207333333333333,0.3995374617637158
154,R'=10 (2x),2,0.03226314866460543,0.017626666666666665,0.8303601738618817
154,R'=20 (4x),4,0.032258103854032244,0.017621666666666667,0.8305932386663526
154,K'=8 + R'=10,2,0.02015117449842485,0.012363333333333332,0.6299143568421288
154,Fix temp,1,0.031207303686492566,0.01716,0.818607440937795
155,K'=6 (1.5x),1.5,0.012847924359536746,0.014124444444444445,-0.0903766579937798
155,K'=8 (2x),2,0.01125125919818187,0.012368333333333332,-0.09031727275176894
155,K'=12 (3x),3,0.009654594036826995,0.01061222222222222,-0.09023823336359575
155,K'=20 (5x),5,0.008377261907743098,0.009207333333333333,-0.09015329363444735
155,R'=10 (2x),2,0.016031529072879757,0.017626666666666665,-0.0904957031270939
155,R'=20 (4x),4,0.01602666626819639,0.017621666666666667,-0.09051359491933851
155,K'=8 + R'=10,2,0.011246396393498503,0.012363333333333332,-0.09034270206267152
155,Fix temp,1,0.015764664704208235,0.01716,-0.08131324567551089
156,K'=6 (1.5x),1.5,0.010166141601773246,0.014124444444444445,-0.2802448519826997
156,K'=8 (2x),2,0.00962498814784498,0.012368333333333332,-0.22180394977671622
156,K'=12 (3x),3,0.009083834693916713,0.01061222222222222,-0.1440214402130622
156,K'=20 (5x),5,0.0086509119307740991,0.009207333333333333,-0.06043241646794952
156,R'=10 (2x),2,0.011239183587395304,0.017626666666666665,-0.36237612023097743
156,R'=20 (4x),4,0.011234551126278067,0.017621666666666667,-0.3624580841987289
156,K'=8 + R'=10,2,0.009620355686727743,0.012363333333333332,-0.22186392396378454
156,Fix temp,1,0.01085739742890244,0.01716,-0.36728453211524253
157,K'=6 (1.5x),1.5,0.024166043171213413,0.014124444444444445,0.7109376065207734
157,K'=8 (2x),2,0.021174263081307244,0.012368333333333332,0.7119738375939022
157,K'=12 (3x),3,0.01818248299140108,0.01061222222222222,0.713353019815828
157,K'=20 (5x),5,0.015789058919476143,0.009207333333333333,0.7148351588743911
157,R'=10 (2x),2,0.03014027374996591,0.017626666666666665,0.7099247588861146
157,R'=20 (4x),4,0.03013560894943599,0.017621666666666667,0.7101452160845165
157,K'=8 + R'=10,2,0.021169598280777323,0.012363333333333332,0.7122888876336472
157,Fix temp,1,0.029733864881403956,0.01716,0.732742708706524
158,K'=6 (1.5x),1.5,0.011904196719034895,0.014124444444444445,-0.15719186224579884
158,K'=8 (2x),2,0.009314645773222502,0.012368333333333332,-0.2468956388716478
158,K'=12 (3x),3,0.0067250948274101075,0.01061222222222222,-0.36628778717735344
158,K'=20 (5x),5,0.004653454070760192,0.009207333333333333,-0.49459263585980096
158,R'=10 (2x),2,0.01707335963505415,0.017626666666666665,-0.03139033840464339
158,R'=20 (4x),4,0.017068390147251387,0.017621666666666667,-0.03139751363370547
158,K'=8 + R'=10,2,0.009309676285419736,0.012363333333333332,-0.24699302086116984
158,Fix temp,1,0.01649575116366063,0.01716,-0.03870913964681655
159,K'=6 (1.5x),1.5,0.007552931568320327,0.014124444444444445,-0.4652581488759995
159,K'=8 (2x),2,0.006821229736258588,0.012368333333333332,-0.44849240779475097
159,K'=12 (3x),3,0.006089527904196849,0.01061222222222222,-0.42617787521964556
159,K'=20 (5x),5,0.00550416643854746,0.009207333333333333,-0.40219754848879946
159,R'=10 (2x),2,0.00900613207935851,0.017626666666666665,-0.4890620983722479
159,R'=20 (4x),4,0.009001030502815862,0.017621666666666667,-0.48920662993573094
159,K'=8 + R'=10,2,0.00681612815971594,0.012363333333333332,-0.4486820037975782
159,Fix temp,1,0.00810059829193917,0.01716,-0.5279371624744074
160,K'=6 (1.5x),1.5,0.003970655703306144,0.014124444444444445,-0.718880574813127
160,K'=8 (2x),2,0.0037213938368058207,0.012368333333333332,-0.6991192154583624
160,K'=12 (3x),3,0.0034721319703054977,0.01061222222222222,-0.6728176344597478
160,K'=20 (5x),5,0.0032727224771052386,0.009207333333333333,-0.6445526235857029
160,R'=10 (2x),2,0.004459036289769749,0.017626666666666665,-0.7470289548163909
160,R'=20 (4x),4,0.0044539647165012285,0.017621666666666667,-0.7472449796745733
160,K'=8 + R'=10,2,0.0037163222635373,0.012363333333333332,-0.6994077435801591
160,Fix temp,1,0.0037833033439690455,0.01716,-0.779527777157981
161,K'=6 (1.5x),1.5,0.012372603087712312,0.014124444444444445,-0.1240290450801541
161,K'=8 (2x),2,0.010582973908912975,0.012368333333333332,-0.1443492325363447
161,K'=12 (3x),3,0.008793344730113634,0.01061222222222222,-0.17139459144568403
161,K'=20 (5x),5,0.0073616413870741665,0.009207333333333333,-0.20045890372809716
161,R'=10 (2x),2,0.015942161575243304,0.017626666666666665,-0.09556572001267179
161,R'=20 (4x),4,0.015937311640209464,0.017621666666666667,-0.09558432004864482
161,K'=8 + R'=10,2,0.010578123973879134,0.012363333333333332,-0.14439547258998642
161,Fix temp,1,0.015434763538421613,0.01716,-0.1005382553367359
162,K'=6 (1.5x),1.5,0.02483851095506564,0.014124444444444445,0.7585478177752576
162,K'=8 (2x),2,0.023765178814188034,0.012368333333333332,0.9214536165628382
162,K'=12 (3x),3,0.02269184667331043,0.01061222222222222,1.1382747362558254
162,K'=20 (5x),5,0.021833180960608347,0.009207333333333333,1.3712816914714736
162,R'=10 (2x),2,0.02697529021186882,0.017626666666666665,0.5303682041529211
162,R'=20 (4x),4,0.026970347699392806,0.017621666666666667,0.5305219539994025
162,K'=8 + R'=10,2,0.02376023630171202,0.012363333333333332,0.9218309222198994
162,Fix temp,1,0.026425563789263223,0.01716,0.5399512697705839
163,K'=6 (1.5x),1.5,0.021822144343651196,0.014124444444444445,0.544991339622882
163,K'=8 (2x),2,0.01984739952252749,0.012368333333333332,0.6046947464649638
163,K'=12 (3x),3,0.017872654701403798,0.01061222222222222,0.6841575993365533
163,K'=20 (5x),5,0.016292858844504834,0.009207333333333333,0.769552405094291
163,R'=10 (2x),2,0.025761618433239614,0.017626666666666665,0.46151390506276185
163,R'=20 (4x),4,0.025756610656910123,0.017621666666666667,0.46164441446572146
163,K'=8 + R'=10,2,0.019842391746198,0.012363333333333332,0.6049386691451606
163,Fix temp,1,0.025510195446738847,0.01716,0.4866081262668324
164,K'=6 (1.5x),1.5,0.010621883777844825,0.014124444444444445,-0.2479786500896521
164,K'=8 (2x),2,0.009912716637555694,0.012368333333333332,-0.19854063030138563
164,K'=12 (3x),3,0.009203549497266561,0.01061222222222222,-0.13274059810073224
164,K'=20 (5x),5,0.008636215785035256,0.009207333333333333,-0.062028551332062476
164,R'=10 (2x),2,0.012030225858377121,0.017626666666666665,-0.31749853299675934
164,R'=20 (4x),4,0.012025229758354137,0.017621666666666667,-0.3175883992232591
164,K'=8 + R'=10,2,0.00990772053753271,0.012363333333333332,-0.1986206089889962
164,Fix temp,1,0.01169574694074702,0.01716,-0.3184296654576329
165,K'=6 (1.5x),1.5,0.009900933979439969,0.014124444444444445,-0.2990213513612357
165,K'=8 (2x),2,0.008948250244631984,0.012368333333333332,-0.27651931723767803
165,K'=12 (3x),3,0.007995566509824,0.01061222222222222,-0.24657000745036114
165,K'=20 (5x),5,0.007233419521977612,0.009207333333333333,-0.214384962496096
165,R'=10 (2x),2,0.011795951677785644,0.017626666666666665,-0.33078942826480834
165,R'=20 (4x),4,0.011790776792150496,0.017621666666666667,-0.33089321145462053
165,K'=8 + R'=10,2,0.008943075358996836,0.012363333333333332,-0.2766452931520488
165,Fix temp,1,0.011099803948019168,0.01716,-0.3531582780874611
166,K'=6 (1.5x),1.5,0.01238529741601027,0.014124444444444445,-0.12313029622331322
166,K'=8 (2x),2,0.011310770269407822,0.012368333333333332,-0.08550570520890796
166,K'=12 (3x),3,0.010236243122805369,0.01061222222222222,-0.035428875455467135
166,K'=20 (5x),5,0.00937662140552341,0.009207333333333333,0.018386221727978814
166,R'=10 (2x),2,0.014524398753978535,0.017626666666666665,-0.1759985578302646
166,R'=20 (4x),4,0.014519422276360213,0.017621666666666667,-0.17604716108804241
166,K'=8 + R'=10,2,0.0113057937917895,0.012363333333333332,-0.08553838297739273
166,Fix temp,1,0.014122480773139084,0.01716,-0.17701160995692994
167,K'=6 (1.5x),1.5,0.009677202311444517,0.014124444444444445,-0.31486138449496026
167,K'=8 (2x),2,0.009124612198094186,0.012368333333333332,-0.2622601645524172
167,K'=12 (3x),3,0.008572022084743856,0.01061222222222222,-0.19225003912998934
167,K'=20 (5x),5,0.008129949994063593,0.009207333333333333,-0.11701361298273916
167,R'=10 (2x),2,0.010772335394410467,0.017626666666666665,-0.3888614564441868
167,R'=20 (4x),4,0.010767311822543113,0.017621666666666667,-0.38897313028224084
167,K'=8 + R'=10,2,0.009119588626226832,0.012363333333333332,-0.2623681348428013
167,Fix temp,1,0.010103518642534235,0.01716,-0.41121686232317983
168,K'=6 (1.5x),1.5,0.020714197378464385,0.014124444444444445,0.466549531200279
168,K'=8 (2x),2,0.0169155192362897,0.012368333333333332,0.367647425114381
168,K'=12 (3x),3,0.013116841094115015,0.01061222222222222,0.2360126672289305
168,K'=20 (5x),5,0.010077898580375265,0.009207333333333333,0.09455129031662432
168,R'=10 (2x),2,0.02830171677576759,0.017626666666666665,0.6056193329671478
168,R'=20 (4x),4,0.028296798332244508,0.017621666666666667,0.6057958005624424
168,K'=8 + R'=10,2,0.016910600792766618,0.012363333333333332,0.36780270634402423
168,Fix temp,1,0.027327597256894796,0.01716,0.5925173226628667
169,K'=6 (1.5x),1.5,0.0162791553149891,0.014124444444444445,0.15255190241426922
169,K'=8 (2x),2,0.014099464127346912,0.012368333333333332,0.13996475898236732
169,K'=12 (3x),3,0.011919772939704722,0.01061222222222222,0.12321177318964
169,K'=20 (5x),5,0.010176019989590971,0.009207333333333333,0.1052081662722799
169,R'=10 (2x),2,0.02062857539531046,0.017626666666666665,0.17030495813032126
169,R'=20 (4x),4,0.020623594247828954,0.017621666666666667,0.1703543505814217
169,K'=8 + R'=10,2,0.014094482979865403,0.012363333333333332,0.1400228886383449
169,Fix temp,1,0.02033156316082904,0.01716,0.18482302802034029
170,K'=6 (1.5x),1.5,0.011598395017087891,0.014124444444444445,-0.17884239180466474
170,K'=8 (2x),2,0.010471428384154028,0.012368333333333332,-0.15336787084053127
170,K'=12 (3x),3,0.009344461751220166,0.01061222222222222,-0.11946229964420997
170,K'=20 (5x),5,0.008442888444873071,0.009207333333333333,-0.08302565583161192
170,R'=10 (2x),2,0.013842289838722934,0.017626666666666665,-0.21469611353689855
170,R'=20 (4x),4,0.013837270616606593,0.017621666666666667,-0.2147581225797829
170,K'=8 + R'=10,2,0.010466409162037687,0.012363333333333332,-0.15343145090016008
170,Fix temp,1,0.013734366580695828,0.01716,-0.19962898713893784
171,K'=6 (1.5x),1.5,0.02422010325966338,0.014124444444444445,0.7147650199572878
171,K'=8 (2x),2,0.02109553176082088,0.012368333333333332,0.7056082814300673
171,K'=12 (3x),3,0.017970960261978367,0.01061222222222222,0.6934210277228073
171,K'=20 (5x),5,0.015471303062904363,0.009207333333333333,0.6803239877167869
171,R'=10 (2x),2,0.030459626051327626,0.017626666666666665,0.7280423251509622
171,R'=20 (4x),4,0.030454815948317237,0.017621666666666667,0.7282596773848805
171,K'=8 + R'=10,2,0.02109072165781049,0.012363333333333332,0.7059090044063487
171,Fix temp,1,0.03019898211758687,0.01716,0.7598474427498174
172,K'=6 (1.5x),1.5,0.01366221287311792,0.014124444444444445,-0.03272564617635874
172,K'=8 (2x),2,0.013365586868151586,0.012368333333333332,0.08062958103907188
172,K'=12 (3x),3,0.013068960863185257,0.01061222222222222,0.23150086659687286
172,K'=20 (5x),5,0.01283166005921219,0.009207333333333333,0.39363479029891296
172,R'=10 (2x),2,0.014245599169849356,0.017626666666666665,-0.1918154782611938
172,R'=20 (4x),4,0.014240666313248745,0.017621666666666667,-0.19186609401785237
172,K'=8 + R'=10,2,0.013360654011550975,0.012363333333333332,0.08066762023868776
172,Fix temp,1,0.013979342290319954,0.01716,-0.18535301338461813
173,K'=6 (1.5x),1.5,0.009190987935578904,0.014124444444444445,-0.34928499512106564
173,K'=8 (2x),2,0.007915529989316702,0.012368333333333332,-0.36001644069666866
173,K'=12 (3x),3,0.006640072043054501,0.01061222222222222,-0.37429956666851094
173,K'=20 (5x),5,0.005619705686044738,0.009207333333333333,-0.38964893714668686
173,R'=10 (2x),2,0.011732004084515637,0.017626666666666665,-0.3344173174442717
173,R'=20 (4x),4,0.011727054212721801,0.017621666666666667,-0.3345093608594457
173,K'=8 + R'=10,2,0.007910580117522867,0.012363333333333332,-0.360157984562723
173,Fix temp,1,0.011291787402882041,0.01716,-0.34197043106748015
174,K'=6 (1.5x),1.5,0.020732127132725476,0.014124444444444445,0.46781894426155823
174,K'=8 (2x),2,0.01690881972203647,0.012368333333333332,0.3671057584182568
174,K'=12 (3x),3,0.013085512311347471,0.01061222222222222,0.23306052562168625
174,K'=20 (5x),5,0.010026866382796268,0.009207333333333333,0.0890087303015279
174,R'=10 (2x),2,0.0283688191026084,0.017626666666666665,0.6094261971979048
174,R'=20 (4x),4,0.028363857676860865,0.017621666666666667,0.6096013057898911
174,K'=8 + R'=10,2,0.016903858296288935,0.012363333333333332,0.3672573439974875
174,Fix temp,1,0.027878033673841642,0.01716,0.6245940369371584
175,K'=6 (1.5x),1.5,0.009794728913406915,0.014124444444444445,-0.30654058983116556
175,K'=8 (2x),2,0.008200410129929014,0.012368333333333332,-0.3369834149093911
175,K'=12 (3x),3,0.006606091346451108,0.01061222222222222,-0.3775016006903991
175,K'=20 (5x),5,0.005330636319668785,0.009207333333333333,-0.42104449500375224
175,R'=10 (2x),2,0.012973202405569421,0.017626666666666665,-0.264001376386001
175,R'=20 (4x),4,0.01296812036817277,0.017621666666666667,-0.26408094004505234
175,K'=8 + R'=10,2,0.008195328092532362,0.012363333333333332,-0.3371263338474767
175,Fix temp,1,0.012527194759997192,0.01716,-0.26997699533815905
176,K'=6 (1.5x),1.5,0.020940995091942232,0.014124444444444445,0.48260663803870424
176,K'=8 (2x),2,0.019452454004615753,0.012368333333333332,0.5727627547189669
176,K'=12 (3x),3,0.017963912917289274,0.01061222222222222,0.6927569495927494
176,K'=20 (5x),5,0.0167730800474281,0.009207333333333333,0.8217087880053688
176,R'=10 (2x),2,0.02390843949075845,0.017626666666666665,0.35637894236526774
176,R'=20 (4x),4,0.023903620602840087,0.017621666666666667,0.3564903397052919
176,K'=8 + R'=10,2,0.01944763511669739,0.012363333333333332,0.5730090415231106
176,Fix temp,1,0.023454906173490317,0.01716,0.36683602409617216
177,K'=6 (1.5x),1.5,0.004656795287538335,0.014124444444444445,-0.6703024104165748
177,K'=8 (2x),2,0.004158436624201229,0.012368333333333332,-0.6637835905510393
177,K'=12 (3x),3,0.003660077960864122,0.01061222222222222,-0.6551073013529777
177,K'=20 (5x),5,0.003261391030194437,0.009207333333333333,-0.6457833216065705
177,R'=10 (2x),2,0.0056430105925851844,0.017626666666666665,-0.6798594595734577
177,R'=20 (4x),4,0.0056377595817715025,0.017621666666666667,-0.6800666084306346
177,K'=8 + R'=10,2,0.004153185613387547,0.012363333333333332,-0.6640723418667391
177,Fix temp,1,0.005208219850182204,0.01716,-0.6964906847213168
178,K'=6 (1.5x),1.5,0.029046889610335237,0.014124444444444445,1.0564978484346847
178,K'=8 (2x),2,0.026477849152685133,0.012368333333333332,1.1407774547380518
178,K'=12 (3x),3,0.02390880869503503,0.01061222222222222,1.252950248720713
178,K'=20 (5x),5,0.021853576328914943,0.009207333333333333,1.3734968136537844
178,R'=10 (2x),2,0.034175150187479054,0.017626666666666665,0.9388322723607634
178,R'=20 (4x),4,0.03417024001840086,0.017621666666666667,0.9391037558914703
178,K'=8 + R'=10,2,0.026472938983606937,0.012363333333333332,1.1412460757837912
178,Fix temp,1,0.032793901563226764,0.01716,0.9110665246635642
179,K'=6 (1.5x),1.5,0.007786963223338038,0.014124444444444445,-0.4486888844395662
179,K'=8 (2x),2,0.00681741403511208,0.012368333333333332,-0.44880091347968626
179,K'=12 (3x),3,0.0058478648468861215,0.01061222222222222,-0.44895001966312326
179,K'=20 (5x),5,0.005072225496305356,0.009207333333333333,-0.44911025671870003
179,R'=10 (2x),2,0.009715833611644293,0.017626666666666665,-0.44879915213818306
179,R'=20 (4x),4,0.00971071961757146,0.017621666666666667,-0.4489329641026316
179,K'=8 + R'=10,2,0.006812300041039249,0.012363333333333332,-0.44899163863257624
179,Fix temp,1,0.00893536307543204,0.01716,-0.47929119607039394
180,K'=6 (1.5x),1.5,0.004740488968130729,0.014124444444444445,-0.6643769610354266
180,K'=8 (2x),2,0.004057486136680979,0.012368333333333332,-0.6719456027477986
180,K'=12 (3x),3,0.003374483305231228,0.01061222222222222,-0.6820191629454396
180,K'=20 (5x),5,0.002828081040071428,0.009207333333333333,-0.6928447208669073
180,R'=10 (2x),2,0.006096686782440116,0.017626666666666665,-0.6541214003910675
180,R'=20 (4x),4,0.006091782858145058,0.017621666666666667,-0.6543015497127556
180,K'=8 + R'=10,2,0.004052582212385921,0.012363333333333332,-0.6722095810957733
180,Fix temp,1,0.005417891815752055,0.01716,-0.6842720387090878
181,K'=6 (1.5x),1.5,0.010505205313124362,0.014124444444444445,-0.2562393972772243
181,K'=8 (2x),2,0.009356197022890827,0.012368333333333332,-0.2435361523063608
181,K'=12 (3x),3,0.00820718873265729,0.01061222222222222,-0.22662863999669547
181,K'=20 (5x),5,0.007287982100470462,0.009207333333333333,-0.20845897105888833
181,R'=10 (2x),2,0.012793586157603799,0.017626666666666665,-0.27419140558223526
181,R'=20 (4x),4,0.012788768289609983,0.017621666666666667,-0.2742588694064136
181,K'=8 + R'=10,2,0.00935137915489701,0.012363333333333332,-0.24361991197921185
181,Fix temp,1,0.012097764099643039,0.01716,-0.2950020920953941
182,K'=6 (1.5x),1.5,0.004773811697088408,0.014124444444444445,-0.6620177369902794
182,K'=8 (2x),2,0.00417189762196675,0.012368333333333332,-0.6626952468427368
182,K'=12 (3x),3,0.0035699835468450927,0.01061222222222222,-0.6635969854297369
182,K'=20 (5x),5,0.0030884522867477664,0.009207333333333333,-0.6645660393800847
182,R'=10 (2x),2,0.005967825358377448,0.017626666666666665,-0.661431995553473
182,R'=20 (4x),4,0.00596291811390031,0.017621666666666667,-0.6616144076099323
182,K'=8 + R'=10,2,0.004166990377489612,0.012363333333333332,-0.6629557526969846
182,Fix temp,1,0.005253361138026363,0.01716,-0.6938600735415873
183,K'=6 (1.5x),1.5,0.01095572363362168,0.014124444444444445,-0.22434304041382067
183,K'=8 (2x),2,0.010170214064962591,0.012368333333333332,-0.177721541708994
183,K'=12 (3x),3,0.009384704496303502,0.01061222222222222,-0.11567018671624403
183,K'=20 (5x),5,0.008756296841376233,0.009207333333333333,-0.0489866583111759
183,R'=10 (2x),2,0.012516682317097337,0.017626666666666665,-0.28990077626149746
183,R'=20 (4x),4,0.01251165209017608,0.017621666666666667,-0.2899847485003644
183,K'=8 + R'=10,2,0.010165183838041334,0.012363333333333332,-0.17779586103736844
183,Fix temp,1,0.012193310270564327,0.01716,-0.28943413341699736
184,K'=6 (1.5x),1.5,0.007066221691033712,0.014124444444444445,-0.4997168406285131
184,K'=8 (2x),2,0.005592966703471724,0.012368333333333332,-0.5477994849638815
184,K'=12 (3x),3,0.004119711715909736,0.01061222222222222,-0.6117955665041606
184,K'=20 (5x),5,0.002941107725860145,0.009207333333333333,-0.680568996539699
184,R'=10 (2x),2,0.010002578373976796,0.017626666666666665,-0.43253148407847225
184,R'=20 (4x),4,0.00999750172788635,0.017621666666666667,-0.43265856079335946
184,K'=8 + R'=10,2,0.0055878900573812776,0.012363333333333332,-0.5480272264183382
184,Fix temp,1,0.009652792616347236,0.01716,-0.43748294776531266
185,K'=6 (1.5x),1.5,0.010643330018847316,0.014124444444444445,-0.24646027242270424
185,K'=8 (2x),2,0.009036273080796367,0.012368333333333332,-0.26940252681878174
185,K'=12 (3x),3,0.00742921614274542,0.01061222222222222,-0.2999377522279469
185,K'=20 (5x),5,0.006143570592304663,0.009207333333333333,-0.33275245178068247
185,R'=10 (2x),2,0.013847492046195327,0.017626666666666665,-0.214400980737784
185,R'=20 (4x),4,0.013842516121818386,0.017621666666666667,-0.2144604489651914
185,K'=8 + R'=10,2,0.009031297156419427,0.012363333333333332,-0.2695095316996958
185,Fix temp,1,0.013644120639413605,0.01716,-0.2048880746262469
186,K'=6 (1.5x),1.5,0.01910485300078959,0.014124444444444445,0.3526091646248135
186,K'=8 (2x),2,0.01528827459333092,0.012368333333333332,0.23608203153194357
186,K'=12 (3x),3,0.011471696185872253,0.01061222222222222,0.08098906578212013
186,K'=20 (5x),5,0.008418433459905315,0.009207333333333333,-0.08568168924350354
186,R'=10 (2x),2,0.026728648830167664,0.017626666666666665,0.5163756900624622
186,R'=20 (4x),4,0.026723968337398034,0.017621666666666667,0.5165403388289813
186,K'=8 + R'=10,2,0.01528359410056129,0.012363333333333332,0.23620335135302975
186,Fix temp,1,0.026016872711455637,0.01716,0.5161347733948505
187,K'=6 (1.5x),1.5,0.024355714154277362,0.014124444444444445,0.7243661688837024
187,K'=8 (2x),2,0.02093716412170568,0.012368333333333332,0.6928039985208746
187,K'=12 (3x),3,0.017518614089134008,0.01061222222222222,0.6507960088179886
187,K'=20 (5x),5,0.014783774063076668,0.009207333333333333,0.6056520957653322
187,R'=10 (2x),2,0.031182739322868195,0.017626666666666665,0.7690661491793607
187,R'=20 (4x),4,0.031177701874591936,0.017621666666666667,0.7692822401168221
187,K'=8 + R'=10,2,0.020932126673429422,0.012363333333333332,0.6930811544968528
187,Fix temp,1,0.031088808750775312,0.01716,0.8117021416535728
188,K'=6 (1.5x),1.5,0.015197601378886236,0.014124444444444445,0.07597870051900665
188,K'=8 (2x),2,0.012174849014365406,0.012368333333333332,-0.015643523969917184
188,K'=12 (3x),3,0.00915209664984458,0.01061222222222222,-0.13758904985235865
188,K'=20 (5x),5,0.006733894758227917,0.009207333333333333,-0.2686378873838335
188,R'=10 (2x),2,0.02123348486242208,0.017626666666666665,0.20462281745964903
188,R'=20 (4x),4,0.021228674239669173,0.017621666666666667,0.20469162430733975
188,K'=8 + R'=10,2,0.012170038391612502,0.012363333333333332,-0.01563453289734402
188,Fix temp,1,0.02107888823056423,0.01716,0.22837344000957047
189,K'=6 (1.5x),1.5,0.010194458288486443,0.014124444444444445,-0.27824005194793905
189,K'=8 (2x),2,0.009209871168551433,0.012368333333333332,-0.2553668372010699
189,K'=12 (3x),3,0.008225284048616421,0.01061222222222222,-0.2249235008109329
189,K'=20 (5x),5,0.007437614352668413,0.009207333333333333,-0.1922075498513779
189,R'=10 (2x),2,0.012154128440494724,0.017626666666666665,-0.3104692639658817
189,R'=20 (4x),4,0.012149376396563853,0.017621666666666667,-0.31054328592279284
189,K'=8 + R'=10,2,0.009205119124620562,0.012363333333333332,-0.25545005732376147
189,Fix temp,1,0.011885914590626706,0.01716,-0.3073476345788633
190,K'=6 (1.5x),1.5,0.011364088994089859,0.014124444444444445,-0.19543108128690428
190,K'=8 (2x),2,0.010809397362456391,0.012368333333333332,-0.1260425256065442
190,K'=12 (3x),3,0.010254705730822928,0.01061222222222222,-0.033689125982553025
190,K'=20 (5x),5,0.009810952425516153,0.009207333333333333,0.06555851410283325
190,R'=10 (2x),2,0.012463726496992284,0.017626666666666665,-0.2929050777046737
190,R'=20 (4x),4,0.012458853616810029,0.017621666666666667,-0.292980973225573
190,K'=8 + R'=10,2,0.010804524482274137,0.012363333333333332,-0.126083217934149
190,Fix temp,1,0.0118443627521586,0.01716,-0.30976907038702806
191,K'=6 (1.5x),1.5,0.022843214342490686,0.014124444444444445,0.6172823244368799
191,K'=8 (2x),2,0.019058727889061673,0.012368333333333332,0.5409293536500478
191,K'=12 (3x),3,0.01527424143563266,0.01061222222222222,0.43930659533759764
191,K'=20 (5x),5,0.01224665227288945,0.009207333333333333,0.33009763299791306
191,R'=10 (2x),2,0.030401663279094854,0.017626666666666665,0.7247539681786038
191,R'=20 (4x),4,0.030396401293967926,0.017621666666666667,0.7249447438173419
191,K'=8 + R'=10,2,0.019053465903934745,0.012363333333333332,0.5411269267135141
191,Fix temp,1,0.02976935870810427,0.01716,0.7348111135258897
192,K'=6 (1.5x),1.5,0.022841824052543334,0.014124444444444445,0.6171838929585431
192,K'=8 (2x),2,0.021089544691623156,0.012368333333333332,0.7051242170831283
192,K'=12 (3x),3,0.01933726533070298,0.01061222222222222,0.8221692804557309
192,K'=20 (5x),5,0.01793544184196684,0.009207333333333333,0.9479518328108218
192,R'=10 (2x),2,0.02633678576361119,0.017626666666666665,0.4941444268311947
192,R'=20 (4x),4,0.026331987258224943,0.017621666666666667,0.49429607064550884
192,K'=8 + R'=10,2,0.02108474618623691,0.012363333333333332,0.7054256823594158
192,Fix temp,1,0.025852065858868987,0.01716,0.5065306444562345
193,K'=6 (1.5x),1.5,0.020897611298485268,0.014124444444444445,0.47953509822504253
193,K'=8 (2x),2,0.017433409886490763,0.012368333333333332,0.4095197320973533
193,K'=12 (3x),3,0.013969208474496259,0.01061222222222222,0.31633207277213216
193,K'=20 (5x),5,0.011197847344900654,0.009207333333333333,0.21618789496423002
193,R'=10 (2x),2,0.027816195776485524,0.017626666666666665,0.5780746469261834
193,R'=20 (4x),4,0.027811286603491147,0.017621666666666667,0.5782438250349652
193,K'=8 + R'=10,2,0.017428500713496387,0.012363333333333332,0.40969269723615975
193,Fix temp,1,0.0268371359628142,0.01716,0.5639356621686596
194,K'=6 (1.5x),1.5,0.01365481280575119,0.014124444444444445,-0.03324956535745193
194,K'=8 (2x),2,0.011020687928848374,0.012368333333333332,-0.10895933737919075
194,K'=12 (3x),3,0.00838656305194556,0.01061222222222222,-0.2097260237932148
194,K'=20 (5x),5,0.006279263150423308,0.009207333333333333,-0.31801500791869075
194,R'=10 (2x),2,0.018913457169356447,0.017626666666666665,0.0730024869150784
194,R'=20 (4x),4,0.01890865447425626,0.017621666666666667,0.07303439747978391
194,K'=8 + R'=10,2,0.01101588523374819,0.012363333333333332,-0.1089874440214458
194,Fix temp,1,0.018553981794757278,0.01716,0.0812343703238506
195,K'=6 (1.5x),1.5,0.0043059462022129345,0.014124444444444445,-0.6951422606992101
195,K'=8 (2x),2,0.0034575095988363465,0.012368333333333332,-0.7204546881415163
195,K'=12 (3x),3,0.0026090729954597585,0.01061222222222222,-0.7541445193263759
195,K'=20 (5x),5,0.0019303237127584875,0.009207333333333333,-0.7903493179974129
195,R'=10 (2x),2,0.005992322592644625,0.017626666666666665,-0.660042212974019
195,R'=20 (4x),4,0.0059870741844838815,0.017621666666666667,-0.6602435911576346
195,K'=8 + R'=10,2,0.0034522611906756036,0.012363333333333332,-0.720766147963688
195,Fix temp,1,0.005545655076188443,0.01716,-0.6768266272617458
196,K'=6 (1.5x),1.5,0.015910627936991033,0.014124444444444445,0.1264604423609133
196,K'=8 (2x),2,0.013715163976890661,0.012368333333333332,0.10889346262422822
196,K'=12 (3x),3,0.01151970001679029,0.01061222222222222,0.08551251336103682
196,K'=20 (5x),5,0.009763328848709993,0.009207333333333333,0.060386161252986015
196,R'=10 (2x),2,0.020291577922314605,0.017626666666666665,0.15118634203751546
196,R'=20 (4x),4,0.02028658895487602,0.017621666666666667,0.15122986597234572
196,K'=8 + R'=10,2,0.013710175009452076,0.012363333333333332,0.10893839386239505
196,Fix temp,1,0.01985276178898053,0.01716,0.15692085017369045
197,K'=6 (1.5x),1.5,0.008466965220652184,0.014124444444444445,-0.4005452565617554
197,K'=8 (2x),2,0.007253194736308449,0.012368333333333332,-0.41356733030790055
197,K'=12 (3x),3,0.006039424251964715,0.01061222222222222,-0.43089919099903207
197,K'=20 (5x),5,0.005068407864489729,0.009207333333333333,-0.44952488619690145
197,R'=10 (2x),2,0.010884606807347352,0.017626666666666665,-0.38249204950752536
197,R'=20 (4x),4,0.0108796571163512,0.017621666666666667,-0.3825977234644169
197,K'=8 + R'=10,2,0.0072482450453122986,0.012363333333333332,-0.4137305166908359
197,Fix temp,1,0.010452822215361646,0.01716,-0.39086117626097644
198,K'=6 (1.5x),1.5,0.02839218989339791,0.014124444444444445,1.0101456028994744
198,K'=8 (2x),2,0.023477250695030774,0.012368333333333332,0.8981741567199119
198,K'=12 (3x),3,0.01856231149666364,0.01061222222222222,0.7491446285202886
198,K'=20 (5x),5,0.014630360137969933,0.009207333333333333,0.5889899505434002
198,R'=10 (2x),2,0.03821180896740063,0.017626666666666665,1.1678409020839997
198,R'=20 (4x),4,0.03820667930603486,0.017621666666666667,1.1681649090722515
198,K'=8 + R'=10,2,0.023472121033665007,0.012363333333333332,0.8985269102452151
198,Fix temp,1,0.03808119856899584,0.01716,1.219184065792298
199,K'=6 (1.5x),1.5,0.004804093168678581,0.014124444444444445,-0.6598738316700186
199,K'=8 (2x),2,0.00417856732383483,0.012368333333333332,-0.6621559905267621
199,K'=12 (3x),3,0.00355304147899108,0.01061222222222222,-0.6651934529272356
199,K'=20 (5x),5,0.003052620803116079,0.009207333333333333,-0.668457663842291
199,R'=10 (2x),2,0.006044441944726566,0.017626666666666665,-0.6570853662220179
199,R'=20 (4x),4,0.006039090487906809,0.017621666666666667,-0.6572917532635879
199,K'=8 + R'=10,2,0.004173215867015073,0.012363333333333332,-0.6624522081141757
199,Fix temp,1,0.005877237034069574,0.01716,-0.657503669343265
200,K'=6 (1.5x),1.5,0.01704662177001347,0.014124444444444445,0.20688794784551004
200,K'=8 (2x),2,0.015403822493684972,0.012368333333333332,0.2454242684558664
200,K'=12 (3x),3,0.013761023217356476,0.01061222222222222,0.2967145739316124
200,K'=20 (5x),5,0.01244678379629368,0.009207333333333333,0.35183373357762077
200,R'=10 (2x),2,0.020322639972591004,0.017626666666666665,0.1529485612286879
200,R'=20 (4x),4,0.020317849797551274,0.017621666666666667,0.15300386631332297
200,K'=8 + R'=10,2,0.015399032318645242,0.012363333333333332,0.24554049490255409
200,Fix temp,1,0.019912680545102958,0.01716,0.16041261917849395
201,K'=6 (1.5x),1.5,0.015739356621679655,0.014124444444444445,0.11433456257958538
201,K'=8 (2x),2,0.01404127862806748,0.012368333333333332,0.1352603661016695
201,K'=12 (3x),3,0.012343200634455312,0.01061222222222222,0.16311177583601527
201,K'=20 (5x),5,0.010984738239565571,0.009207333333333333,0.19304231115403356
201,R'=10 (2x),2,0.019125399119063358,0.017626666666666665,0.08502642506032672
201,R'=20 (4x),4,0.019120342374143035,0.017621666666666667,0.08504733041575903
201,K'=8 + R'=10,2,0.01403622188314716,0.012363333333333332,0.13531047855059267
201,Fix temp,1,0.01895049711344953,0.01716,0.10434132362759495
202,K'=6 (1.5x),1.5,0.00422755762007436,0.014124444444444445,-0.7006921131161954
202,K'=8 (2x),2,0.0041330239699554645,0.012368333333333332,-0.665838245253567
202,K'=12 (3x),3,0.004038490319836568,0.01061222222222222,-0.6194491374879162
202,K'=20 (5x),5,0.003962863399741451,0.009207333333333333,-0.5695970531017177
202,R'=10 (2x),2,0.004406708287633995,0.017626666666666665,-0.7499976387499624
202,R'=20 (4x),4,0.004401749971294916,0.017621666666666667,-0.7502080788066822
202,K'=8 + R'=10,2,0.004128065653616385,0.012363333333333332,-0.6661041531181139
202,Fix temp,1,0.003914045853431062,0.01716,-0.7719087498000547
203,K'=6 (1.5x),1.5,0.021432403529513002,0.014124444444444445,0.5173979843110212
203,K'=8 (2x),2,0.020477103733122816,0.012368333333333332,0.655607362872078
203,K'=12 (3x),3,0.019521803936732626,0.01061222222222222,0.8395585324111995
203,K'=20 (5x),5,0.018757564099620472,0.009207333333333333,1.0372417746311426
203,R'=10 (2x),2,0.023333627070895806,0.017626666666666665,0.3237685554592932
203,R'=20 (4x),4,0.023328939045197013,0.017621666666666667,0.32387812608703365
203,K'=8 + R'=10,2,0.020472415707424023,0.012363333333333332,0.6558977385352406
203,Fix temp,1,0.022620525906165624,0.01716,0.318212465394267
204,K'=6 (1.5x),1.5,0.020738046061749088,0.014124444444444445,0.46823799996650245
204,K'=8 (2x),2,0.018095543168844277,0.012368333333333332,0.46305429205047405
204,K'=12 (3x),3,0.01545304027593947,0.01061222222222222,0.4561549835981076
204,K'=20 (5x),5,0.013339037961615622,0.009207333333333333,0.448740637348739
204,R'=10 (2x),2,0.02601284577001763,0.017626666666666665,0.47576659058345105
204,R'=20 (4x),4,0.02600774273124709,0.017621666666666667,0.4758957380826874
204,K'=8 + R'=10,2,0.01809044013007374,0.012363333333333332,0.4632332270213325
204,Fix temp,1,0.024991502677129983,0.01716,0.4563812748910245
205,K'=6 (1.5x),1.5,0.009954127814568677,0.014124444444444445,-0.295255268005679
205,K'=8 (2x),2,0.009880797043983392,0.012368333333333332,-0.20112138170192215
205,K'=12 (3x),3,0.009807466273398105,0.01061222222222222,-0.07583293413691802
205,K'=20 (5x),5,0.009748801656929878,0.009207333333333333,0.0588083763228454
205,R'=10 (2x),2,0.010090665894013577,0.017626666666666665,-0.4275340831686699
205,R'=20 (4x),4,0.01008560416315074,0.017621666666666667,-0.4276588954988704
205,K'=8 + R'=10,2,0.009875735313120554,0.012363333333333332,-0.20120771260820533
205,Fix temp,1,0.009737974077169921,0.01716,-0.43251899317191606
206,K'=6 (1.5x),1.5,0.026525697048969888,0.014124444444444445,0.8779993190743313
206,K'=8 (2x),2,0.020732300116730565,0.012368333333333332,0.6762404083059346
206,K'=12 (3x),3,0.014938903184491236,0.01061222222222222,0.40770734646027795
206,K'=20 (5x),5,0.010304185638699776,0.009207333333333333,0.11912811947358368
206,R'=10 (2x),2,0.0381026188274737,0.017626666666666665,1.1616463026176456
206,R'=20 (4x),4,0.038097682784486275,0.017621666666666667,1.1619795394582204
206,K'=8 + R'=10,2,0.02072736407374314,0.012363333333333332,0.6765190677063745
206,Fix temp,1,0.03788877391607738,0.01716,1.207970507929917
207,K'=6 (1.5x),1.5,0.013818720243215106,0.014124444444444445,-0.02164504256658316
207,K'=8 (2x),2,0.012246651669276756,0.012368333333333332,-0.009838161761749812
207,K'=12 (3x),3,0.010674583095338403,0.01061222222222222,0.005876325599891573
207,K'=20 (5x),5,0.009416928236187722,0.009207333333333333,0.02276390951282191
207,R'=10 (2x),2,0.016952678472528532,0.017626666666666665,-0.038236849137942494
207,R'=20 (4x),4,0.016947589013246896,0.017621666666666667,-0.038252775186972766
207,K'=8 + R'=10,2,0.012241562209995118,0.012363333333333332,-0.00984937638216886
207,Fix temp,1,0.016724688241018,0.01716,-0.025367818122494345
208,K'=6 (1.5x),1.5,0.0066667504766205156,0.014124444444444445,-0.5279991009315242
208,K'=8 (2x),2,0.006136620344793918,0.012368333333333332,-0.5038441979684205
208,K'=12 (3x),3,0.005606490212967318,0.01061222222222222,-0.47169498569044216
208,K'=20 (5x),5,0.00518238610750604,0.009207333333333333,-0.437145814114904
208,R'=10 (2x),2,0.0077166794029759605,0.017626666666666665,-0.5622156163213335
208,R'=20 (4x),4,0.007711513734327085,0.017621666666666667,-0.5623845417009127
208,K'=8 + R'=10,2,0.0061314546761450425,0.012363333333333332,-0.5040613634824715
208,Fix temp,1,0.007392720001183474,0.01716,-0.5691888111198442
209,K'=6 (1.5x),1.5,0.01460937471247601,0.014124444444444445,0.034332696761202715
209,K'=8 (2x),2,0.01435244026651833,0.012368333333333332,0.16041829401846094
209,K'=12 (3x),3,0.014095505820560652,0.01061222222222222,0.3282331942733314
209,K'=20 (5x),5,0.013889958263794504,0.009207333333333333,0.5085755843669363
209,R'=10 (2x),2,0.01511298736841236,0.017626666666666665,-0.14260661676934416
209,R'=20 (4x),4,0.015107859250422854,0.017621666666666667,-0.1426543506806288
209,K'=8 + R'=10,2,0.014347312148528824,0.012363333333333332,0.16047280791551566
209,Fix temp,1,0.014827877112490097,0.01716,-0.13590459717423686
210,K'=6 (1.5x),1.5,0.022071983408658902,0.014124444444444445,0.5626797567489782
210,K'=8 (2x),2,0.017995153868214882,0.012368333333333332,0.4549376527326412
210,K'=12 (3x),3,0.01391832432777086,0.01061222222222222,0.3115372102391138
210,K'=20 (5x),5,0.010656860695415642,0.009207333333333333,0.15743183282336284
210,R'=10 (2x),2,0.030215742187907083,0.017626666666666665,0.7142062512050161
210,R'=20 (4x),4,0.030210792037087153,0.017621666666666667,0.714411730091014
210,K'=8 + R'=10,2,0.017990203717394952,0.012363333333333332,0.4551256713988909
210,Fix temp,1,0.029594192992405673,0.01716,0.7246033212357617
211,K'=6 (1.5x),1.5,0.006562647285995028,0.014124444444444445,-0.5353695282099178
211,K'=8 (2x),2,0.005134145541063295,0.012368333333333332,-0.5848959271475572
211,K'=12 (3x),3,0.0037056437961315632,0.01061222222222222,-0.650813588470484
211,K'=20 (5x),5,0.0025628424001861777,0.009207333333333333,-0.7216520454507808
211,R'=10 (2x),2,0.00940983017645099,0.017626666666666665,-0.4661594075387108
211,R'=20 (4x),4,0.009404919876747238,0.017621666666666667,-0.4662865860164246
211,K'=8 + R'=10,2,0.005129235241359544,0.012363333333333332,-0.5851252163904386
211,Fix temp,1,0.008423951443030268,0.01716,-0.5090937387511499
212,K'=6 (1.5x),1.5,0.01953095344012403,0.014124444444444445,0.38277675394207267
212,K'=8 (2x),2,0.016464904557942237,0.012368333333333332,0.3312144906030647
212,K'=12 (3x),3,0.013398855675760449,0.01061222222222222,0.2625871749748095
212,K'=20 (5x),5,0.010946016570015014,0.009207333333333333,0.18883678625896178
212,R'=10 (2x),2,0.0256525931734548,0.017626666666666665,0.4553286596135478
212,R'=20 (4x),4,0.025647364157938394,0.017621666666666667,0.45544485905259013
212,K'=8 + R'=10,2,0.01645967554242583,0.012363333333333332,0.33132991715496074
212,Fix temp,1,0.025155337773387975,0.01716,0.4659287746729588
213,K'=6 (1.5x),1.5,0.01749760381161247,0.014124444444444445,0.2388171358127141
213,K'=8 (2x),2,0.015293430876605096,0.012368333333333332,0.23649892547676307
213,K'=12 (3x),3,0.013089257941597722,0.01061222222222222,0.23341347999559742
213,K'=20 (5x),5,0.011325919593591824,0.009207333333333333,0.23009770403212917
213,R'=10 (2x),2,0.021895901064264412,0.017626666666666665,0.2422031617396604
213,R'=20 (4x),4,0.021890876755583013,0.017621666666666667,0.2422705053768852
213,K'=8 + R'=10,2,0.015288406567923693,0.012363333333333332,0.2365926045772738
213,Fix temp,1,0.021644570779531982,0.01716,0.2613386235158497
214,K'=6 (1.5x),1.5,0.002310235557438968,0.014124444444444445,-0.8364370672046042
214,K'=8 (2x),2,0.0022599662726059517,0.012368333333333332,-0.8172780267398503
214,K'=12 (3x),3,0.0022096969877729365,0.01061222222222222,-0.7917781081566702
214,K'=20 (5x),5,0.002169481559906524,0.009207333333333333,-0.7643746043110718
214,R'=10 (2x),2,0.0024005898757548873,0.017626666666666665,-0.8638091976689739
214,R'=20 (4x),4,0.0023954977500798315,0.017621666666666667,-0.864059524255377
214,K'=8 + R'=10,2,0.002254874146930896,0.012363333333333332,-0.8176160032140013
214,Fix temp,1,0.0021927459331440597,0.01716,-0.8722176029636329
215,K'=6 (1.5x),1.5,0.009475357559002116,0.014124444444444445,-0.32915184053635116
215,K'=8 (2x),2,0.008997093577215528,0.012368333333333332,-0.2725702538297645
215,K'=12 (3x),3,0.008518829595428937,0.01061222222222222,-0.1972624190256471
215,K'=20 (5x),5,0.008136218409999667,0.009207333333333333,-0.11633280609662583
215,R'=10 (2x),2,0.010422170387758035,0.017626666666666665,-0.40872709600465
215,R'=20 (4x),4,0.010417312820349406,0.017621666666666667,-0.4088349860768331
215,K'=8 + R'=10,2,0.008992236009806899,0.012363333333333332,-0.2726689665834268
215,Fix temp,1,0.01019794392795009,0.01716,-0.40571422331293194
216,K'=6 (1.5x),1.5,0.00789900835889022,0.014124444444444445,-0.4407561734580555
216,K'=8 (2x),2,0.006674540276432546,0.012368333333333332,-0.4603524907883671
216,K'=12 (3x),3,0.0054500721939748685,0.01061222222222222,-0.4864344074361447
216,K'=20 (5x),5,0.004470497728008729,0.009207333333333333,-0.5144633558748031
216,R'=10 (2x),2,0.01033796614758177,0.017626666666666665,-0.41350418981192677
216,R'=20 (4x),4,0.010332976959469867,0.017621666666666667,-0.413620904598324
216,K'=8 + R'=10,2,0.0066695510883206435,0.012363333333333332,-0.4605377928023205
216,Fix temp,1,0.009691043101176076,0.01716,-0.4352538985328627
217,K'=6 (1.5x),1.5,0.004847673761678412,0.014124444444444445,-0.6567883585973434
217,K'=8 (2x),2,0.004548400648208292,0.012368333333333332,-0.6322543607431647
217,K'=12 (3x),3,0.004249127534738172,0.01061222222222222,-0.5996005882876814
217,K'=20 (5x),5,0.004009709043962078,0.009207333333333333,-0.5645091907940687
217,R'=10 (2x),2,0.005436061679667826,0.017626666666666665,-0.6916001316376044
217,R'=20 (4x),4,0.005430982525192416,0.017621666666666667,-0.6918008592532442
217,K'=8 + R'=10,2,0.004543321493732881,0.012363333333333332,-0.6325164604691657
217,Fix temp,1,0.005010679040227522,0.01716,-0.708002386933128
218,K'=6 (1.5x),1.5,0.014551907130804446,0.014124444444444445,0.030264035377910763
218,K'=8 (2x),2,0.011328424745271995,0.012368333333333332,-0.08407831193057566
218,K'=12 (3x),3,0.008104942359739544,0.01061222222222222,-0.2362634149549167
218,K'=20 (5x),5,0.005526156451313583,0.009207333333333333,-0.3998092334392604
218,R'=10 (2x),2,0.02098833619992161,0.017626666666666665,0.19071498864910807
218,R'=20 (4x),4,0.02098306834894774,0.017621666666666667,0.19075390233317346
218,K'=8 + R'=10,2,0.011323156894298126,0.012363333333333332,-0.08413397997049389
218,Fix temp,1,0.02073648588482096,0.01716,0.2084199233578646
219,K'=6 (1.5x),1.5,0.0051903607459122736,0.014124444444444445,-0.6325263789080361
219,K'=8 (2x),2,0.00431275585694775,0.012368333333333332,-0.6513066279249898
219,K'=12 (3x),3,0.0034351509679832267,0.01061222222222222,-0.6763023902015596
219,K'=20 (5x),5,0.0027330670568116084,0.009207333333333333,-0.703164102149199
219,R'=10 (2x),2,0.006935789274752375,0.017626666666666665,-0.6065172499194946
219,R'=20 (4x),4,0.006930898650207903,0.017621666666666667,-0.6066831372245587
219,K'=8 + R'=10,2,0.004307865232403278,0.012363333333333332,-0.6515611836826682
219,Fix temp,1,0.006543204978813105,0.01716,-0.618694348554015
220,K'=6 (1.5x),1.5,0.014554894809661762,0.014124444444444445,0.03047556078473768
220,K'=8 (2x),2,0.011783191429153133,0.012368333333333332,-0.04730968097400878
220,K'=12 (3x),3,0.009011488048644505,0.01061222222222222,-0.1508387348151968
220,K'=20 (5x),5,0.006794125344237604,0.009207333333333333,-0.26209629886638136
220,R'=10 (2x),2,0.02008811927129282,0.017626666666666665,0.1396436802927092
220,R'=20 (4x),4,0.020083028121599723,0.017621666666666667,0.1396781304227592
220,K'=8 + R'=10,2,0.011778100279460036,0.012363333333333332,-0.047336186616874824
220,Fix temp,1,0.01968115477536245,0.01716,0.14692044145468816
221,K'=6 (1.5x),1.5,0.0055827500559523496,0.014124444444444445,-0.6047455120864448
221,K'=8 (2x),2,0.0045877331001481616,0.012368333333333332,-0.6290742676069402
221,K'=12 (3x),3,0.0035927161443439727,0.01061222222222222,-0.6614548707036356
221,K'=20 (5x),5,0.002796702579700622,0.009207333333333333,-0.6962527065707818
221,R'=10 (2x),2,0.0075627439320226225,0.017626666666666665,-0.5709487179260992
221,R'=20 (4x),4,0.007557723914253571,0.017621666666666667,-0.5711118558070423
221,K'=8 + R'=10,2,0.00458271308237911,0.012363333333333332,-0.6293302980011504
221,Fix temp,1,0.006983011778029154,0.01716,-0.5930645816999328
222,K'=6 (1.5x),1.5,0.0179939871428871,0.014124444444444445,0.2739607008022648
222,K'=8 (2x),2,0.017562298227117572,0.012368333333333332,0.4199405654589064
222,K'=12 (3x),3,0.017130609311348036,0.01061222222222222,0.6142339420179284
222,K'=20 (5x),5,0.016785258178732408,0.009207333333333333,0.8230314436390278
222,R'=10 (2x),2,0.018847900825024962,0.017626666666666665,0.06928332971019083
222,R'=20 (4x),4,0.01884316875032436,0.017621666666666667,0.06931819258437669
222,K'=8 + R'=10,2,0.017557566152416968,0.012363333333333332,0.420132069486409
222,Fix temp,1,0.01847483842302948,0.01716,0.07662228572432857
223,K'=6 (1.5x),1.5,0.023333370323787492,0.014124444444444445,0.6519849977508451
223,K'=8 (2x),2,0.018460729022187497,0.012368333333333332,0.4925801661922247
223,K'=12 (3x),3,0.013588087720587505,0.01061222222222222,0.2804186942235113
223,K'=20 (5x),5,0.009689974679307512,0.009207333333333333,0.05241923242062618
223,R'=10 (2x),2,0.03306872257814342,0.017626666666666665,0.8760621734952772
223,R'=20 (4x),4,0.033063757403721396,0.017621666666666667,0.8763127250764057
223,K'=8 + R'=10,2,0.018455763847765472,0.012363333333333332,0.49278219313282345
223,Fix temp,1,0.03274320929458135,0.01716,0.9081124297541576
224,K'=6 (1.5x),1.5,0.005499047162389586,0.014124444444444445,-0.6106716137389374
224,K'=8 (2x),2,0.0048649113637141365,0.012368333333333332,-0.6066639511887236
224,K'=12 (3x),3,0.004230775565038688,0.01061222222222222,-0.6013299122045002
224,K'=20 (5x),5,0.0037234669260983277,0.009207333333333333,-0.5955976837920866
224,R'=10 (2x),2,0.006757294500362699,0.017626666666666665,-0.6166436554257168
224,R'=20 (4x),4,0.006752282370673807,0.017621666666666667,-0.6168193112263044
224,K'=8 + R'=10,2,0.0048598992340252445,0.012363333333333332,-0.6069102803430646
224,Fix temp,1,0.006362868648103467,0.01716,-0.6292034587352292
225,K'=6 (1.5x),1.5,0.013951375229989847,0.014124444444444445,-0.012253169682908908
225,K'=8 (2x),2,0.013601752435969838,0.012368333333333332,0.09972395385822719
225,K'=12 (3x),3,0.013252129641949828,0.01061222222222222,0.248761038399628
225,K'=20 (5x),5,0.012972431406733823,0.009207333333333333,0.4089238368040501
225,R'=10 (2x),2,0.014640726274051906,0.017626666666666665,-0.16939903891536082
225,R'=20 (4x),4,0.01463577900206293,0.017621666666666667,-0.16944411224460823
225,K'=8 + R'=10,2,0.013596805163980862,0.012363333333333332,0.0997685492570124
225,Fix temp,1,0.014134178743712988,0.01716,-0.17632991004003576
226,K'=6 (1.5x),1.5,0.011674667625631767,0.014124444444444445,-0.17344234872021794
226,K'=8 (2x),2,0.009119927653349912,0.012368333333333332,-0.26263891766474223
226,K'=12 (3x),3,0.006565187681068058,0.01061222222222222,-0.38135599277968246
226,K'=20 (5x),5,0.004521395703242575,0.009207333333333333,-0.5089353736250913
226,R'=10 (2x),2,0.01677429142616487,0.017626666666666665,-0.04835714299367216
226,R'=20 (4x),4,0.016769363354149573,0.017621666666666667,-0.048366782134706944
226,K'=8 + R'=10,2,0.009114999581334611,0.012363333333333332,-0.2627393166890311
226,Fix temp,1,0.016484929407720623,0.01716,-0.039339778104858864
227,K'=6 (1.5x),1.5,0.011156486532837389,0.014124444444444445,-0.21012917876387271
227,K'=8 (2x),2,0.010929097078693516,0.012368333333333332,-0.11636460757093246
227,K'=12 (3x),3,0.01070170762454964,0.01061222222222222,0.008432296313964813
227,K'=20 (5x),5,0.010519796061234543,0.009207333333333333,0.14254536904292342
227,R'=10 (2x),2,0.011601435820153619,0.017626666666666665,-0.3418247454527069
227,R'=20 (4x),4,0.01159652100966786,0.017621666666666667,-0.3419169009930279
227,K'=8 + R'=10,2,0.010924182268207757,0.012363333333333332,-0.11640477744342746
227,Fix temp,1,0.011187997971378308,0.01716,-0.3480187662366954
228,K'=6 (1.5x),1.5,0.00807776363373927,0.014124444444444445,-0.4281004349932865
228,K'=8 (2x),2,0.007568694351062833,0.012368333333333332,-0.38805866990463544
228,K'=12 (3x),3,0.007059625068386394,0.01061222222222222,-0.3347646778821322
228,K'=20 (5x),5,0.006652369642245245,0.009207333333333333,-0.2774922552047015
228,R'=10 (2x),2,0.009086074098044744,0.017626666666666665,-0.48452680986886854
228,R'=20 (4x),4,0.009081160047521042,0.017621666666666667,-0.48465941279555236
228,K'=8 + R'=10,2,0.007563780300539132,0.012363333333333332,-0.38820865727642495
228,Fix temp,1,0.008498755824368738,0.01716,-0.5047345090694209
229,K'=6 (1.5x),1.5,0.007366614324438608,0.014124444444444445,-0.4784492690375435
229,K'=8 (2x),2,0.00714419072500278,0.012368333333333332,-0.4223804830883077
229,K'=12 (3x),3,0.006921767125566951,0.01061222222222222,-0.3477551656360322
229,K'=20 (5x),5,0.0067438282460182885,0.009207333333333333,-0.2675590204165207
229,R'=10 (2x),2,0.0078015062906130256,0.017626666666666665,-0.5574031983388978
229,R'=20 (4x),4,0.007796528674264405,0.017621666666666667,-0.5575600865829337
229,K'=8 + R'=10,2,0.00713921310865416,0.012363333333333332,-0.42254949242484546
229,Fix temp,1,0.007416351842925591,0.01716,-0.5678116641651754
230,K'=6 (1.5x),1.5,0.013934799900696829,0.014124444444444445,-0.013426690479299406
230,K'=8 (2x),2,0.011690456169060939,0.012368333333333332,-0.05480747858286428
230,K'=12 (3x),3,0.009446112437425049,0.01061222222222222,-0.1098836568231028
230,K'=20 (5x),5,0.00765063745211634,0.009207333333333333,-0.16907130706143578
230,R'=10 (2x),2,0.018413583803999826,0.017626666666666665,0.04464355922843194
230,R'=20 (4x),4,0.018408632024015437,0.017621666666666667,0.04465896286855779
230,K'=8 + R'=10,2,0.011685504389076548,0.012363333333333332,-0.05482574367134948
230,Fix temp,1,0.017634702237922465,0.01716,0.027663300578232134
231,K'=6 (1.5x),1.5,0.0099992972799619,0.014124444444444445,-0.29205730396745516
231,K'=8 (2x),2,0.009287731629838954,0.012368333333333332,-0.24907169142927194
231,K'=12 (3x),3,0.008576165979716006,0.01061222222222222,-0.19185955588478623
231,K'=20 (5x),5,0.008006913459617647,0.009207333333333333,-0.13037649776073632
231,R'=10 (2x),2,0.011412445675078525,0.017626666666666665,-0.35254657667860106
231,R'=20 (4x),4,0.01140745422251389,0.017621666666666667,-0.35264612375784227
231,K'=8 + R'=10,2,0.00928274017727432,0.012363333333333332,-0.24917173006678453
231,Fix temp,1,0.011028754438208613,0.01716,-0.3572986924120855
232,K'=6 (1.5x),1.5,0.006924655513055578,0.014124444444444445,-0.5097396191197278
232,K'=8 (2x),2,0.006308808892500783,0.012368333333333332,-0.489922471971369
232,K'=12 (3x),3,0.005692962271945989,0.01061222222222222,-0.4635466396449177
232,K'=20 (5x),5,0.005200284975502154,0.009207333333333333,-0.43520183453383304
232,R'=10 (2x),2,0.008146207732677466,0.017626666666666665,-0.53784751894795
232,R'=20 (4x),4,0.008141137221933619,0.017621666666666667,-0.538004130033087
232,K'=8 + R'=10,2,0.006303738381756935,0.012363333333333332,-0.4901263104537394
232,Fix temp,1,0.00784802825514605,0.01716,-0.5426556960870601
233,K'=6 (1.5x),1.5,0.014641884682543358,0.014124444444444445,0.03663437809070341
233,K'=8 (2x),2,0.0116837033553374,0.012368333333333332,-0.0553534546284273
233,K'=12 (3x),3,0.00872552202813144,0.01061222222222222,-0.17778559048075632
233,K'=20 (5x),5,0.006358976966366673,0.009207333333333333,-0.30935736372818695
233,R'=10 (2x),2,0.020547596142179145,0.017626666666666665,0.16571082501016335
233,R'=20 (4x),4,0.020542270544791078,0.017621666666666667,0.16573936696062105
233,K'=8 + R'=10,2,0.011678377757949335,0.012363333333333332,-0.05540217649371772
233,Fix temp,1,0.020161357462792955,0.01716,0.17490428104854036
234,K'=6 (1.5x),1.5,0.0051828913492390155,0.014124444444444445,-0.6330552065516745
234,K'=8 (2x),2,0.004481630396600395,0.012368333333333332,-0.6376528449049673
234,K'=12 (3x),3,0.003780369443961776,0.01061222222222222,-0.6437721181482987
234,K'=20 (5x),5,0.0032193606818508797,0.009207333333333333,-0.650348199060436
234,R'=10 (2x),2,0.006575285512139054,0.017626666666666665,-0.6269694300980113
234,R'=20 (4x),4,0.0065702216409504535,0.017621666666666667,-0.6271509519937319
234,K'=8 + R'=10,2,0.004476566525411794,0.012363333333333332,-0.6379158917164901
234,Fix temp,1,0.00599272926650183,0.01716,-0.6507733527679587
235,K'=6 (1.5x),1.5,0.016707412375441485,0.014124444444444445,0.18287217887801574
235,K'=8 (2x),2,0.015522740061615317,0.012368333333333332,0.25503894852030606
235,K'=12 (3x),3,0.014338067747789155,0.01061222222222222,0.3510900401015853
235,K'=20 (5x),5,0.013390329896728222,0.009207333333333333,0.45431140721832847
235,R'=10 (2x),2,0.019067426057663796,0.017626666666666665,0.08173748436065414
235,R'=20 (4x),4,0.01906276058494879,0.017621666666666667,0.08177966054755252
235,K'=8 + R'=10,2,0.01551807458890031,0.012363333333333332,0.25516914981668737
235,Fix temp,1,0.018495934998578645,0.01716,0.07785168989386035
236,K'=6 (1.5x),1.5,0.012789512503084612,0.014124444444444445,-0.09451217331842746
236,K'=8 (2x),2,0.01093763588479389,0.012368333333333332,-0.11567423111759399
236,K'=12 (3x),3,0.009085759266503167,0.01061222222222222,-0.1438400858702909
236,K'=20 (5x),5,0.007604257971870589,0.009207333333333333,-0.17410853972877535
236,R'=10 (2x),2,0.016483608518496985,0.017626666666666665,-0.06484823079631317
236,R'=20 (4x),4,0.016478779907912453,0.017621666666666667,-0.06485690487586579
236,K'=8 + R'=10,2,0.010932807274209356,0.012363333333333332,-0.1157071495651639
236,Fix temp,1,0.015946564816430107,0.01716,-0.07071300603554162
237,K'=6 (1.5x),1.5,0.0043908002122621526,0.014124444444444445,-0.6891346608687904
237,K'=8 (2x),2,0.003692676905767898,0.012368333333333332,-0.701441026349449
237,K'=12 (3x),3,0.002994553599273643,0.01061222222222222,-0.7178203078896158
237,K'=20 (5x),5,0.0024360549540782387,0.009207333333333333,-0.7354223132924945
237,R'=10 (2x),2,0.005777219460215179,0.017626666666666665,-0.6722454920452811
237,R'=20 (4x),4,0.005772305777697436,0.017621666666666667,-0.6724313376885972
237,K'=8 + R'=10,2,0.0036877632232501555,0.012363333333333332,-0.7017177225734572
237,Fix temp,1,0.005274464618837812,0.01716,-0.6926302669674935
238,K'=6 (1.5x),1.5,0.004559015182750893,0.014124444444444445,-0.6772251679927782
238,K'=8 (2x),2,0.0037581287514950497,0.012368333333333332,-0.6961491374616587
238,K'=12 (3x),3,0.002957242320239206,0.01061222222222222,-0.7213361859265747
238,K'=20 (5x),5,0.002316533175234531,0.009207333333333333,-0.7484034636990952
238,R'=10 (2x),2,0.006151222722002106,0.017626666666666665,-0.6510274552570666
238,R'=20 (4x),4,0.0061464400603718685,0.017621666666666667,-0.6511998452451413
238,K'=8 + R'=10,2,0.0037533460898648125,0.012363333333333332,-0.6964130959936792
238,Fix temp,1,0.005599049259963152,0.01716,-0.6737150780907255
239,K'=6 (1.5x),1.5,0.020251842750739307,0.014124444444444445,0.43381517272383385
239,K'=8 (2x),2,0.01915639974775831,0.012368333333333332,0.5488262833384973
239,K'=12 (3x),3,0.01806095674477732,0.01061222222222222,0.7019014836456485
239,K'=20 (5x),5,0.017184602342392524,0.009207333333333333,0.8664038457453325
239,R'=10 (2x),2,0.022432930234207133,0.017626666666666665,0.27267002085138814
239,R'=20 (4x),4,0.022428030972960054,0.017621666666666667,0.27275310543611386
239,K'=8 + R'=10,2,0.019151500486511232,0.012363333333333332,0.5490563887714668
239,Fix temp,1,0.021953003354781873,0.01716,0.27931254981246334
240,K'=6 (1.5x),1.5,0.009035002201327014,0.014124444444444445,-0.3603286673069295
240,K'=8 (2x),2,0.0073581475799056545,0.012368333333333332,-0.40508172106947943
240,K'=12 (3x),3,0.005681292958484296,0.01061222222222222,-0.46464625037840357
240,K'=20 (5x),5,0.004339809261347208,0.009207333333333333,-0.5286573099688066
240,R'=10 (2x),2,0.012378974106462007,0.017626666666666665,-0.2977132693005669
240,R'=20 (4x),4,0.012374105437608144,0.017621666666666667,-0.29779029011965513
240,K'=8 + R'=10,2,0.007353278911051793,0.012363333333333332,-0.4052349222659644
240,Fix temp,1,0.011670523728416649,0.01716,-0.3198995496260695
241,K'=6 (1.5x),1.5,0.01859104834371673,0.014124444444444445,0.31623218292519334
241,K'=8 (2x),2,0.01575214410740905,0.012368333333333332,0.2735866412135064
241,K'=12 (3x),3,0.01291323987110137,0.01061222222222222,0.21682712637328388
241,K'=20 (5x),5,0.010642116482055226,0.009207333333333333,0.15583047737910644
241,R'=10 (2x),2,0.02425889617540499,0.017626666666666665,0.37626112946700035
241,R'=20 (4x),4,0.024253915854941445,0.017621666666666667,0.3763690071847977
241,K'=8 + R'=10,2,0.015747163786945503,0.012363333333333332,0.27369887734797826
241,Fix temp,1,0.02341585310174498,0.01716,0.3645602040643927
242,K'=6 (1.5x),1.5,0.015660202552842898,0.014124444444444445,0.10873051428245814
242,K'=8 (2x),2,0.013665591815560953,0.012368333333333332,0.10488547221891564
242,K'=12 (3x),3,0.01167098107827901,0.01061222222222222,0.09976787461533984
242,K'=20 (5x),5,0.010075292488453453,0.009207333333333333,0.09426824507133295
242,R'=10 (2x),2,0.019639701779926296,0.017626666666666665,0.11420395877040265
242,R'=20 (4x),4,0.01963484065618605,0.017621666666666667,0.11424424417966801
242,K'=8 + R'=10,2,0.013660730691820708,0.012363333333333332,0.10493912309145666
242,Fix temp,1,0.01900397389031733,0.01716,0.10745768591592826
243,K'=6 (1.5x),1.5,0.02021609888663419,0.014124444444444445,0.4312845341386699
243,K'=8 (2x),2,0.018535618122113132,0.012368333333333332,0.4986350725330657
243,K'=12 (3x),3,0.016855137357592066,0.01061222222222222,0.5882759524482108
243,K'=20 (5x),5,0.015510752745975218,0.009207333333333333,0.6846085814903213
243,R'=10 (2x),2,0.023567123019768575,0.017626666666666665,0.33701529991122786
243,R'=20 (4x),4,0.023562154321814705,0.017621666666666667,0.3371127015122314
243,K'=8 + R'=10,2,0.018530649424159263,0.012363333333333332,0.4988392632105094
243,Fix temp,1,0.02324210171883515,0.01716,0.35443483209995025
244,K'=6 (1.5x),1.5,0.016849667936016575,0.014124444444444445,0.19294376513647873
244,K'=8 (2x),2,0.01529773493401281,0.012368333333333332,0.23684691556497603
244,K'=12 (3x),3,0.013745801932009045,0.01061222222222222,0.2952802574398641
244,K'=20 (5x),5,0.012504255530406032,0.009207333333333333,0.3580756857294221
244,R'=10 (2x),2,0.019943877594947187,0.017626666666666665,0.1314605292140992
244,R'=20 (4x),4,0.01993904942240873,0.017621666666666667,0.13150758095575876
244,K'=8 + R'=10,2,0.01529290676147435,0.012363333333333332,0.23695659974179178
244,Fix temp,1,0.01978467852591471,0.01716,0.15295329405097371
245,K'=6 (1.5x),1.5,0.01623861331624731,0.014124444444444445,0.1496815595203412
245,K'=8 (2x),2,0.015345532876023664,0.012368333333333332,0.24071145743352637
245,K'=12 (3x),3,0.014452452435800015,0.01061222222222222,0.36186862027222444
245,K'=20 (5x),5,0.0137379880836211,0.009207333333333333,0.49207024295356233
245,R'=10 (2x),2,0.018014191973231557,0.017626666666666665,0.02198517246018672
245,R'=20 (4x),4,0.018008900861500032,0.017621666666666667,0.02197489046628383
245,K'=8 + R'=10,2,0.015340241764292141,0.012363333333333332,0.24078525998588374
245,Fix temp,1,0.017648573511036377,0.01716,0.028471649827294606
246,K'=6 (1.5x),1.5,0.004841520162819451,0.014124444444444445,-0.65722402874940955
246,K'=8 (2x),2,0.003914366105603283,0.012368333333333332,-0.6835170915830792
246,K'=12 (3x),3,0.002987212048387116,0.01061222222222222,-0.7185121093552084
246,K'=20 (5x),5,0.0022454888026141816,0.009207333333333333,-0.7561195276286096
246,R'=10 (2x),2,0.006685688582073561,0.017626666666666665,-0.6207060184148887
246,R'=20 (4x),4,0.006680618734484447,0.017621666666666667,-0.6208861022708154
246,K'=8 + R'=10,2,0.00390929625801417,0.012363333333333332,-0.6837991702873413
246,Fix temp,1,0.0062142013853043274,0.01716,-0.6378670521384425
247,K'=6 (1.5x),1.5,0.005454336103576323,0.014124444444444445,-0.6138371229374849
247,K'=8 (2x),2,0.004514308952205315,0.012368333333333332,-0.6350107301814863
247,K'=12 (3x),3,0.003574281800834308,0.01061222222222222,-0.663191956784538
247,K'=20 (5x),5,0.0028222600797375022,0.009207333333333333,-0.6934769300118563
247,R'=10 (2x),2,0.007324447306196132,0.017626666666666665,-0.5844678154578593
247,R'=20 (4x),4,0.00731947575613503,0.017621666666666667,-0.5846320388081889
247,K'=8 + R'=10,2,0.004509337402144213,0.012363333333333332,-0.6352652411315006
247,Fix temp,1,0.006872633110254746,0.01716,-0.5994969049968097
248,K'=6 (1.5x),1.5,0.013688666136773107,0.014124444444444445,-0.030852775086863106
248,K'=8 (2x),2,0.012840003932480366,0.012368333333333332,0.03813534018167642
248,K'=12 (3x),3,0.011991341728187627,0.01061222222222222,0.12995576959154706
248,K'=20 (5x),5,0.011312411964753438,0.009207333333333333,0.22863065289480544
248,R'=10 (2x),2,0.015375958338117224,0.017626666666666665,-0.1276876888360122
248,R'=20 (4x),4,0.015370942234496544,0.017621666666666667,-0.12772483299934492
248,K'=8 + R'=10,2,0.012834987828859687,0.012363333333333332,0.03814946040924949
248,Fix temp,1,0.014819252314539717,0.01716,-0.13640720777740586
249,K'=6 (1.5x),1.5,0.019996440803886205,0.014124444444444445,0.41573290776412714
249,K'=8 (2x),2,0.019712633941613482,0.012368333333333332,0.5937987286037044
249,K'=12 (3x),3,0.01942882707934076,0.01061222222222222,0.8307972328977788
249,K'=20 (5x),5,0.01920178158952258,0.009207333333333333,1.0854878274045234
249,R'=10 (2x),2,0.020553930365697963,0.017626666666666665,0.16607017959708573
249,R'=20 (4x),4,0.02054886828433112,0.017621666666666667,0.16611377760320353
249,K'=8 + R'=10,2,0.019707571860246638,0.012363333333333332,0.59403385227123
249,Fix temp,1,0.0199397730875896,0.01716,0.1619914386707225
250,K'=6 (1.5x),1.5,0.005192437451434294,0.014124444444444445,-0.6323793497253882
250,K'=8 (2x),2,0.004260035559932763,0.012368333333333332,-0.6555691502547288
250,K'=12 (3x),3,0.0033276336684312314,0.01061222222222222,-0.6864338496923769
250,K'=20 (5x),5,0.0025817121552300063,0.009207333333333333,-0.7196026187209464
250,R'=10 (2x),2,0.007047168835544328,0.017626666666666665,-0.600198439738408
250,R'=20 (4x),4,0.007042132636097812,0.017621666666666667,-0.6003707952654226
250,K'=8 + R'=10,2,0.004254999360486247,0.012363333333333332,-0.6558372045980387
250,Fix temp,1,0.0065825032623158235,0.01716,-0.6164042387927842
251,K'=6 (1.5x),1.5,0.011159755462891103,0.014124444444444445,-0.20989774098473946
251,K'=8 (2x),2,0.010669602566810116,0.012368333333333332,-0.13734516371296718
251,K'=12 (3x),3,0.010179449670729132,0.01061222222222222,-0.0407805775671427
251,K'=20 (5x),5,0.009787327353864344,0.009207333333333333,0.06299261681243334
251,R'=10 (2x),2,0.012130179097752112,0.017626666666666665,-0.3118279634406895
251,R'=20 (4x),4,0.012125238019101632,0.017621666666666667,-0.3119130983201571
251,K'=8 + R'=10,2,0.010664661488159637,0.012363333333333332,-0.13739594326020724
251,Fix temp,1,0.011863647363776637,0.01716,-0.3086452585211751
252,K'=6 (1.5x),1.5,0.007552176674610907,0.014124444444444445,-0.4653115947805368
252,K'=8 (2x),2,0.0061254896048332005,0.012368333333333332,-0.5047441365180002
252,K'=12 (3x),3,0.004698802535055494,0.01061222222222222,-0.5572272765626693
252,K'=20 (5x),5,0.0035574528792333276,0.009207333333333333,-0.6136283166425319
252,R'=10 (2x),2,0.01039538702169367,0.017626666666666665,-0.41024657592509434
252,R'=20 (4x),4,0.010390305125457345,0.017621666666666667,-0.4103676274213178
252,K'=8 + R'=10,2,0.006120407708596874,0.012363333333333332,-0.5049548901107946
252,Fix temp,1,0.01016525389420285,0.01716,-0.4076192369345659
253,K'=6 (1.5x),1.5,0.023905813478472766,0.014124444444444445,0.6925135407981033
253,K'=8 (2x),2,0.019933002142965124,0.012368333333333332,0.6116158584798647
253,K'=12 (3x),3,0.01596019080745749,0.01061222222222222,0.5039442704127046
253,K'=20 (5x),5,0.012781941739051379,0.009207333333333333,0.38823492930106934
253,R'=10 (2x),2,0.03184120457270486,0.017626666666666665,0.8064223471655557
253,R'=20 (4x),4,0.03183608878431328,0.017621666666666667,0.8066445919406003
253,K'=8 + R'=10,2,0.019927886354573536,0.012363333333333332,0.6118538437239314
253,Fix temp,1,0.031563730502822004,0.01716,0.8393782344301866
254,K'=6 (1.5x),1.5,0.016156836520078755,0.014124444444444445,0.14389182410878534
254,K'=8 (2x),2,0.012430771400750568,0.012368333333333332,0.005048219977138105
254,K'=12 (3x),3,0.008704706281422378,0.01061222222222222,-0.17974707849647772
254,K'=20 (5x),5,0.00572385418595983,0.009207333333333333,-0.37833746441678773
254,R'=10 (2x),2,0.023598741745314254,0.017626666666666665,0.33880910052841845
254,R'=20 (4x),4,0.02359362923860382,0.017621666666666667,0.33889885019978155
254,K'=8 + R'=10,2,0.012425658894040133,0.012363333333333332,0.005041161556225452
254,Fix temp,1,0.02272647380368446,0.01716,0.32438658529629705
255,K'=6 (1.5x),1.5,0.01046113050700227,0.014124444444444445,-0.2593598602657297
255,K'=8 (2x),2,0.010340627072059018,0.012368333333333332,-0.1639433710772926
255,K'=12 (3x),3,0.010220123637115766,0.01061222222222222,-0.03694783023723271
255,K'=20 (5x),5,0.010123720889161162,0.009207333333333333,0.09952800910446341
255,R'=10 (2x),2,0.010692118978953639,0.017626666666666665,-0.39341231208659383
255,R'=20 (4x),4,0.010687109779986072,0.017621666666666667,-0.3935244615538028
255,K'=8 + R'=10,2,0.010335617873091452,0.012363333333333332,-0.16401041738273503
255,Fix temp,1,0.010145962384559499,0.01716,-0.4087434507832461
256,K'=6 (1.5x),1.5,0.01137843241088785,0.014124444444444445,-0.19441557820963928
256,K'=8 (2x),2,0.010642676609989568,0.012368333333333332,-0.13952217140631432
256,K'=12 (3x),3,0.009906920809091283,0.01061222222222222,-0.06646123671006637
256,K'=20 (5x),5,0.009318316168372654,0.009207333333333333,0.012053743578233451
256,R'=10 (2x),2,0.012839758215082374,0.017626666666666665,-0.2715719620792904
256,R'=20 (4x),4,0.012834665316281352,0.017621666666666667,-0.27165429019494836
256,K'=8 + R'=10,2,0.010637583711188546,0.012363333333333332,-0.13958611125463352
256,Fix temp,1,0.012792605080408281,0.01716,-0.25451019344940096
257,K'=6 (1.5x),1.5,0.014927754858958718,0.014124444444444445,0.05687377069405648
257,K'=8 (2x),2,0.013183640566225594,0.012368333333333332,0.06591892463756333
257,K'=12 (3x),3,0.011439526273492475,0.01061222222222222,0.07795766371513237
257,K'=20 (5x),5,0.010044234839305978,0.009207333333333333,0.09089510237918814
257,R'=10 (2x),2,0.018406191856117592,0.017626666666666665,0.044224197586096456
257,R'=20 (4x),4,0.01840129606196391,0.017621666666666667,0.044242659337779815
257,K'=8 + R'=10,2,0.013178744772071913,0.012363333333333332,0.06595401230023569
257,Fix temp,1,0.018071470867532836,0.01716,0.05311601792149386
258,K'=6 (1.5x),1.5,0.0036643253061968513,0.014124444444444445,-0.7405685355902167
258,K'=8 (2x),2,0.0034246707251674824,0.012368333333333332,-0.7231097648429471
258,K'=12 (3x),3,0.003185016144138114,0.01061222222222222,-0.699872837428091
258,K'=20 (5x),5,0.0029932924793146195,0.009207333333333333,-0.6749012584916423
258,R'=10 (2x),2,0.004133232467975055,0.017626666666666665,-0.7655125301829583
258,R'=20 (4x),4,0.004128031467834789,0.017621666666666667,-0.7657411443581885
258,K'=8 + R'=10,2,0.0034194697250272163,0.012363333333333332,-0.7234184638694621
258,Fix temp,1,0.0039956405582689284,0.01716,-0.7671538136206918
259,K'=6 (1.5x),1.5,0.022807347641222983,0.014124444444444445,0.6147429890733704
259,K'=8 (2x),2,0.020276049198257415,0.012368333333333332,0.6393517745525469
259,K'=12 (3x),3,0.017744750755291847,0.01061222222222222,0.6721050863535404
259,K'=20 (5x),5,0.015719712000919393,0.009207333333333333,0.7073034538685896
259,R'=10 (2x),2,0.027859819556694802,0.017626666666666665,0.5805495209925191
259,R'=20 (4x),4,0.027854757071465144,0.017621666666666667,0.5807107011140722
259,K'=8 + R'=10,2,0.020270986713027756,0.012363333333333332,0.6396052881931322
259,Fix temp,1,0.027042526438214188,0.01716,0.5759048040917357
260,K'=6 (1.5x),1.5,0.023213280873904143,0.014124444444444445,0.6434827553896891
260,K'=8 (2x),2,0.018014777740689943,0.012368333333333332,0.4565242749513498
260,K'=12 (3x),3,0.012816274607475735,0.01061222222222222,0.20768999546939204
260,K'=20 (5x),5,0.008657472100904373,0.009207333333333333,-0.0597199224273
260,R'=10 (2x),2,0.03360003384200127,0.017626666666666665,0.9062046430787408
260,R'=20 (4x),4,0.03359490719283562,0.017621666666666667,0.9064545839119807
260,K'=8 + R'=10,2,0.018009651091524297,0.012363333333333332,0.45669865933062537
260,Fix temp,1,0.03305892493634624,0.01716,0.9265107771763541
261,K'=6 (1.5x),1.5,0.014482291176154573,0.014124444444444445,0.0253352783621079
261,K'=8 (2x),2,0.011608258944781895,0.012368333333333332,-0.06145325874287323
261,K'=12 (3x),3,0.008734226713409215,0.01061222222222222,-0.17696533953844681
261,K'=20 (5x),5,0.006435000928311069,0.009207333333333333,-0.3011004711848089
261,R'=10 (2x),2,0.020220568476943368,0.017626666666666665,0.14715781828347405
261,R'=20 (4x),4,0.020215674895965086,0.017621666666666667,0.14720561217999162
261,K'=8 + R'=10,2,0.011603365363803611,0.012363333333333332,-0.06146950414098577
261,Fix temp,1,0.019966049383625242,0.01716,0.16352269135345224
262,K'=6 (1.5x),1.5,0.05102804450874502,0.014124444444444445,2.6127470152509846
262,K'=8 (2x),2,0.04605129415699886,0.012368333333333332,2.723322529874588
262,K'=12 (3x),3,0.041074543805252696,0.01061222222222222,2.870494128858489
262,K'=20 (5x),5,0.037093143523855766,0.009207333333333333,3.0286521820131527
262,R'=10 (2x),2,0.06097186261878716,0.017626666666666665,2.459069361882782
262,R'=20 (4x),4,0.06096702132206207,0.017621666666666667,2.459776108317151
262,K'=8 + R'=10,2,0.046046452860273764,0.012363333333333332,2.7244367371480536
262,Fix temp,1,0.060892487246839655,0.01716,2.5485132428228234
263,K'=6 (1.5x),1.5,0.00976335968809256,0.014124444444444445,-0.30876150729363566
263,K'=8 (2x),2,0.008483204449680596,0.012368333333333332,-0.3141190311537046
263,K'=12 (3x),3,0.007203049211268634,0.01061222222222222,-0.32124968169387796
263,K'=20 (5x),5,0.006178925020539064,0.009207333333333333,-0.3289126398661504
263,R'=10 (2x),2,0.012313804903788026,0.017626666666666665,-0.30141046309825864
263,R'=20 (4x),4,0.0123088722732238,0.017621666666666667,-0.30149216268473666
263,K'=8 + R'=10,2,0.00847827181911637,0.012363333333333332,-0.3142406185670232
263,Fix temp,1,0.011822928001451339,0.01716,-0.311018181733605
264,K'=6 (1.5x),1.5,0.008350391478257498,0.014124444444444445,-0.40879858948774794
264,K'=8 (2x),2,0.007015559404544506,0.012368333333333332,-0.4327805359484296
264,K'=12 (3x),3,0.005680727330831513,0.01061222222222222,-0.46469955002111163
264,K'=20 (5x),5,0.004612861671861119,0.009207333333333333,-0.4990013389478185
264,R'=10 (2x),2,0.011010289920360891,0.017626666666666665,-0.375361766999193
264,R'=20 (4x),4,0.011005407067699594,0.017621666666666667,-0.37546162483498
264,K'=8 + R'=10,2,0.00701067655188321,0.012363333333333332,-0.4329460863939167
264,Fix temp,1,0.010533786670717062,0.01716,-0.3861429679069312
265,K'=6 (1.5x),1.5,0.01315866295514604,0.014124444444444445,-0.06837660009192606
265,K'=8 (2x),2,0.012750859171102493,0.012368333333333332,0.030927840272402203
265,K'=12 (3x),3,0.012343055387058946,0.01061222222222222,0.16309808903288167
265,K'=20 (5x),5,0.012016812359824108,0.009207333333333333,0.30513493155717636
265,R'=10 (2x),2,0.013964471970827223,0.017626666666666665,-0.20776444946139044
265,R'=20 (4x),4,0.01395957269462427,0.017621666666666667,-0.20781768497355893
265,K'=8 + R'=10,2,0.01274595989489954,0.012363333333333332,0.030948495138814282
265,Fix temp,1,0.013675638066988224,0.01716,-0.20305139469765598
266,K'=6 (1.5x),1.5,0.008179596137215478,0.014124444444444445,-0.42089077065025726
266,K'=8 (2x),2,0.007373907555006745,0.012368333333333332,-0.40380750127960546
266,K'=12 (3x),3,0.006568218972798015,0.01061222222222222,-0.38107035121786054
266,K'=20 (5x),5,0.005923668107031028,0.009207333333333333,-0.35663585833418704
266,R'=10 (2x),2,0.009780587355829571,0.017626666666666665,-0.4451255282244948
266,R'=20 (4x),4,0.009775394382927889,0.017621666666666667,-0.44526277974494155
266,K'=8 + R'=10,2,0.007368714582105061,0.012363333333333332,-0.40398641827136195
266,Fix temp,1,0.009397175554092776,0.01716,-0.4523790469642905
267,K'=6 (1.5x),1.5,0.011086591245112529,0.014124444444444445,-0.21507771235043455
267,K'=8 (2x),2,0.009158874690170057,0.012368333333333332,-0.2594899859719667
267,K'=12 (3x),3,0.007231158135227585,0.01061222222222222,-0.3186009505072948
267,K'=20 (5x),5,0.005688984891273609,0.009207333333333333,-0.38212458642311103
267,R'=10 (2x),2,0.014932451973317737,0.017626666666666665,-0.15284879122630082
267,R'=20 (4x),4,0.01492766578247787,0.017621666666666667,-0.15288002747690138
267,K'=8 + R'=10,2,0.009154088499330191,0.012363333333333332,-0.2595776355354388
267,Fix temp,1,0.013988974818400486,0.01716,-0.18479167724938902
268,K'=6 (1.5x),1.5,0.013672888919351894,0.014124444444444445,-0.031969790165457465
268,K'=8 (2x),2,0.013485483078267172,0.012368333333333332,0.09032338592646598
268,K'=12 (3x),3,0.013298077237182447,0.01061222222222222,0.2530907248941686
268,K'=20 (5x),5,0.013148152564314668,0.009207333333333333,0.4280087500160743
268,R'=10 (2x),2,0.014037269477793029,0.017626666666666665,-0.2036344849966133
268,R'=20 (4x),4,0.014032053915928872,0.017621666666666667,-0.2037044973463234
268,K'=8 + R'=10,2,0.013480267516403015,0.012363333333333332,0.09034247908355482
268,Fix temp,1,0.013831099722568766,0.01716,-0.19399185765916288
269,K'=6 (1.5x),1.5,0.011392120104239884,0.014124444444444445,-0.19344649985715104
269,K'=8 (2x),2,0.010044868680922081,0.012368333333333332,-0.18785592122985456
269,K'=12 (3x),3,0.008697617257604274,0.01061222222222222,-0.18041508409131526
269,K'=20 (5x),5,0.00761981611895003,0.009207333333333333,-0.17241878369234337
269,R'=10 (2x),2,0.014076524864021282,0.017626666666666665,-0.20140743963570637
269,R'=20 (4x),4,0.014071475820594174,0.017621666666666667,-0.2014673704382385
269,K'=8 + R'=10,2,0.010039819637494974,0.012363333333333332,-0.1879358610815604
269,Fix temp,1,0.013678287627377956,0.01716,-0.2028969914115411
270,K'=6 (1.5x),1.5,0.008582421062477698,0.014124444444444445,-0.3923710701518307
270,K'=8 (2x),2,0.00833464660056469,0.012368333333333332,-0.32613017648041853
270,K'=12 (3x),3,0.00808687213865168,0.01061222222222222,-0.23796618942660314
270,K'=20 (5x),5,0.007888652569121274,0.009207333333333333,-0.14322070424430444
270,R'=10 (2x),2,0.009068060780630372,0.017626666666666665,-0.4855487454256596
270,R'=20 (4x),4,0.009063106177793701,0.017621666666666667,-0.4856839395936612
270,K'=8 + R'=10,2,0.008329691997728018,0.012363333333333332,-0.3262583986739267
270,Fix temp,1,0.008657099055095381,0.01716,-0.4955070480713648
271,K'=6 (1.5x),1.5,0.01179410947864857,0.014124444444444445,-0.16498595572815355
271,K'=8 (2x),2,0.010020215427082828,0.012368333333333332,-0.18984917716619087
271,K'=12 (3x),3,0.008246321375517087,0.01061222222222222,-0.22294113307869548
271,K'=20 (5x),5,0.006827206134264497,0.009207333333333333,-0.25850342470518095
271,R'=10 (2x),2,0.01533204207759359,0.017626666666666665,-0.13017915596102925
271,R'=20 (4x),4,0.015327114325500362,0.017621666666666667,-0.13021199325638733
271,K'=8 + R'=10,2,0.0100152876749896,0.012363333333333332,-0.18992011256487454
271,Fix temp,1,0.015066506102334641,0.01716,-0.12199847888492776
272,K'=6 (1.5x),1.5,0.015108226302185794,0.014124444444444445,0.06965101258395333
272,K'=8 (2x),2,0.013290598171021418,0.012368333333333332,0.07456662210117934
272,K'=12 (3x),3,0.011472970039857039,0.01061222222222222,0.08110910227948237
272,K'=20 (5x),5,0.010018867534925535,0.009207333333333333,0.08813998279547486
272,R'=10 (2x),2,0.01873380926423221,0.017626666666666665,0.06281066173783345
272,R'=20 (4x),4,0.01872897261409104,0.017621666666666667,0.06283775356612338
272,K'=8 + R'=10,2,0.013285761520880247,0.012363333333333332,0.07460999090430696
272,Fix temp,1,0.017725873814402455,0.01716,0.032976329510632466
273,K'=6 (1.5x),1.5,0.01952881725227555,0.014124444444444445,0.38262551345563217
273,K'=8 (2x),2,0.017184468590083185,0.012368333333333332,0.38939242070474495
273,K'=12 (3x),3,0.01484011992789083,0.01061222222222222,0.3983989043138676
273,K'=20 (5x),5,0.01296464099813694,0.009207333333333333,0.40807772769570716
273,R'=10 (2x),2,0.02420786148734765,0.017626666666666665,0.3733658181173024
273,R'=20 (4x),4,0.024203034942691336,0.017621666666666667,0.3734816008337086
273,K'=8 + R'=10,2,0.017179642045426873,0.012363333333333332,0.38956392926073397
273,Fix temp,1,0.023965554625692456,0.01716,0.39659409240632015
274,K'=6 (1.5x),1.5,0.006898906019543948,0.014124444444444445,-0.5115626638145412
274,K'=8 (2x),2,0.006074671994284659,0.012368333333333332,-0.5088528235317618
274,K'=12 (3x),3,0.0052504379690253705,0.01061222222222222,-0.5052461342139217
274,K'=20 (5x),5,0.004591050748817939,0.009207333333333333,-0.5013702032273616
274,R'=10 (2x),2,0.0085374055872479,0.017626666666666665,-0.5156539946720178
274,R'=20 (4x),4,0.008532421345840585,0.017621666666666667,-0.5157994128909155
274,K'=8 + R'=10,2,0.006069687752877346,0.012363333333333332,-0.5090573400207054
274,Fix temp,1,0.007633792906471263,0.01716,-0.5551402735156608
275,K'=6 (1.5x),1.5,0.005155841695756277,0.014124444444444445,-0.634970301590572
275,K'=8 (2x),2,0.004967667838286169,0.012368333333333332,-0.5983559219819833
275,K'=12 (3x),3,0.004779493980816062,0.01061222222222222,-0.5496236433112285
275,K'=20 (5x),5,0.004628954894839977,0.009207333333333333,-0.4972534688103711
275,R'=10 (2x),2,0.0055222494574087054,0.017626666666666665,-0.6867105073330916
275,R'=20 (4x),4,0.005517279480764812,0.017621666666666667,-0.6869036519002283
275,K'=8 + R'=10,2,0.004962697861642275,0.012363333333333332,-0.5985954816681902
275,Fix temp,1,0.005018718605353606,0.01716,-0.7075338808068995
276,K'=6 (1.5x),1.5,0.021667111910906887,0.014124444444444445,0.5340151604638294
276,K'=8 (2x),2,0.017141678299203496,0.012368333333333332,0.3859327556289043
276,K'=12 (3x),3,0.012616244687500104,0.01061222222222222,0.1888409819652492
276,K'=20 (5x),5,0.008995897798137394,0.009207333333333333,-0.022963818897538815
276,R'=10 (2x),2,0.030707615685797322,0.017626666666666665,0.7421113286193641
276,R'=20 (4x),4,0.030702433961539148,0.017621666666666667,0.7423115839329886
276,K'=8 + R'=10,2,0.01713649657494532,0.012363333333333332,0.3860741365552971
276,Fix temp,1,0.030473147015645977,0.01716,0.7758244181611873
277,K'=6 (1.5x),1.5,0.01774915650105388,0.014124444444444445,0.25662687625460134
277,K'=8 (2x),2,0.013748370591915833,0.012368333333333332,0.11157827181639954
277,K'=12 (3x),3,0.009747584682777786,0.01061222222222222,-0.0814756345408849
277,K'=20 (5x),5,0.006546955955467348,0.009207333333333333,-0.28894113871544264
277,R'=10 (2x),2,0.025740939927442304,0.017626666666666665,0.46034076744188573
277,R'=20 (4x),4,0.025736045731498472,0.017621666666666667,0.46047738947309963
277,K'=8 + R'=10,2,0.013743476395971998,0.012363333333333332,0.11163195437896999
277,Fix temp,1,0.025287342594427078,0.01716,0.47362136331160115
278,K'=6 (1.5x),1.5,0.009317637619679032,0.014124444444444445,-0.3403182931315978
278,K'=8 (2x),2,0.008249963450202595,0.012368333333333332,-0.3329769478343138
278,K'=12 (3x),3,0.0071822892807261556,0.01061222222222222,-0.3232059100980483
278,K'=20 (5x),5,0.006328149945145005,0.009207333333333333,-0.31270545813355244
278,R'=10 (2x),2,0.011442935882533162,0.017626666666666665,-0.3508167994024302
278,R'=20 (4x),4,0.011437910844483788,0.017621666666666667,-0.3509177615917647
278,K'=8 + R'=10,2,0.00824493841215322,0.012363333333333332,-0.3331136361159433
278,Fix temp,1,0.011273594032359809,0.01716,-0.343030650794883
279,K'=6 (1.5x),1.5,0.019626524084351542,0.014124444444444445,0.3895430833791998
279,K'=8 (2x),2,0.017241846762797976,0.012368333333333332,0.3940315399108997
279,K'=12 (3x),3,0.014857169441244406,0.01061222222222222,0.4000054965050745
279,K'=20 (5x),5,0.01294942758400155,0.009207333333333333,0.40642541278707733
279,R'=10 (2x),2,0.024385937222416554,0.017626666666666665,0.38346845059095436
279,R'=20 (4x),4,0.024380966469895494,0.017621666666666667,0.38357891629029567
279,K'=8 + R'=10,2,0.017236876010276916,0.012363333333333332,0.39419326046995834
279,Fix temp,1,0.024056079588295146,0.01716,0.4018694398773394
280,K'=6 (1.5x),1.5,0.01992013617844919,0.014124444444444445,0.410330597907825
280,K'=8 (2x),2,0.01727936140928296,0.012368333333333332,0.39706466049990274
280,K'=12 (3x),3,0.01463858664011673,0.01061222222222222,0.37940822700293786
280,K'=20 (5x),5,0.012525966824783743,0.009207333333333333,0.3604337294312949
280,R'=10 (2x),2,0.025191841948152768,0.017626666666666665,0.4291892179360497
280,R'=20 (4x),4,0.025186920063838325,0.017621666666666667,0.4293154297080294
280,K'=8 + R'=10,2,0.01727443952496852,0.012363333333333332,0.3972315603910909
280,Fix temp,1,0.02475878032402201,0.01716,0.4428193662017488
281,K'=6 (1.5x),1.5,0.012383455187736632,0.014124444444444445,-0.12326072459385083
281,K'=8 (2x),2,0.010123966083680849,0.012368333333333332,-0.18146076671492928
281,K'=12 (3x),3,0.00786447697962506,0.01061222222222222,-0.25892270111375193
281,K'=20 (5x),5,0.006056885696380432,0.009207333333333333,-0.34216721855255605
281,R'=10 (2x),2,0.01689232106843989,0.017626666666666665,-0.04166105890091384
281,R'=20 (4x),4,0.016887264904735733,0.017621666666666667,-0.04167606707259628
281,K'=8 + R'=10,2,0.010118909919976691,0.012363333333333332,-0.18153869614639861
281,Fix temp,1,0.016731468622117416,0.01716,-0.024972691018798697
282,K'=6 (1.5x),1.5,0.015653989809142423,0.014124444444444445,0.10829065672027853
282,K'=8 (2x),2,0.01275063824986318,0.012368333333333332,0.030909978428501433
282,K'=12 (3x),3,0.00984728669058394,0.01061222222222222,-0.07208061757663632
282,K'=20 (5x),5,0.007524605443160545,0.009207333333333333,-0.18275952756926958
282,R'=10 (2x),2,0.021450695715166404,0.017626666666666665,0.2169456721917401
282,R'=20 (4x),4,0.021445697108899157,0.017621666666666667,0.21700730779717142
282,K'=8 + R'=10,2,0.01274563964359593,0.012363333333333332,0.03092259182496071
282,Fix temp,1,0.02129773509432729,0.01716,0.2411267537486765
283,K'=6 (1.5x),1.5,0.0030629445172291234,0.014124444444444445,-0.7831458412912042
283,K'=8 (2x),2,0.002905952889972973,0.012368333333333332,-0.7650489510869446
283,K'=12 (3x),3,0.0027489612627168225,0.01061222222222222,-0.7409627121301288
283,K'=20 (5x),5,0.0026233679609119027,0.009207333333333333,-0.7150784200008794
283,R'=10 (2x),2,0.0033667141389757487,0.017626666666666665,-0.808998819649636
283,R'=20 (4x),4,0.0033616073225929107,0.017621666666666667,-0.8092344279243596
283,K'=8 + R'=10,2,0.002900846073590135,0.012363333333333332,-0.7653669932388675
283,Fix temp,1,0.002522769368857309,0.01716,-0.8529854680153084
284,K'=6 (1.5x),1.5,0.011306940523175105,0.014124444444444445,-0.19947714986960394
284,K'=8 (2x),2,0.009782545078645455,0.012368333333333332,-0.20906521396209762
284,K'=12 (3x),3,0.008258149634115801,0.01061222222222222,-0.22182654479067931
284,K'=20 (5x),5,0.007038633278492082,0.009207333333333333,-0.23554051714299307
284,R'=10 (2x),2,0.014345909597531127,0.017626666666666665,-0.1861246446181281
284,R'=20 (4x),4,0.014340998690179484,0.017621666666666667,-0.18617240006547905
284,K'=8 + R'=10,2,0.009777634171293811,0.012363333333333332,-0.20914255826687958
284,Fix temp,1,0.01414328393022254,0.01716,-0.17579930476558636
285,K'=6 (1.5x),1.5,0.03555059117736729,0.014124444444444445,1.5169550078375202
285,K'=8 (2x),2,0.02874629766582261,0.012368333333333332,1.3241852310326867
285,K'=12 (3x),3,0.021942004154277935,0.01061222222222222,1.0676163479059935
285,K'=20 (5x),5,0.016498569345042194,0.009207333333333333,0.7918944332462017
285,R'=10 (2x),2,0.049149453023675,0.017626666666666665,1.7883577736578105
285,R'=20 (4x),4,0.04914459043528419,0.017621666666666667,1.7888730030427045
285,K'=8 + R'=10,2,0.028741435077431796,0.012363333333333332,1.3247318746911672
285,Fix temp,1,0.04827258154784679,0.01716,1.8130875027882742
286,K'=6 (1.5x),1.5,0.02371610672003926,0.014124444444444445,0.679082445566027
286,K'=8 (2x),2,0.02048710782697697,0.012368333333333332,0.6564162102393456
286,K'=12 (3x),3,0.017258108933914683,0.01061222222222222,0.6262483552008393
286,K'=20 (5x),5,0.014674909819464843,0.009207333333333333,0.5938284504523398
286,R'=10 (2x),2,0.03016427434703272,0.017626666666666665,0.7112863661327187
286,R'=20 (4x),4,0.030159359267467156,0.017621666666666667,0.7114930067606444
286,K'=8 + R'=10,2,0.020482192747411407,0.012363333333333332,0.6566885479168031
286,Fix temp,1,0.030015473199385117,0.01716,0.7491534498476173
287,K'=6 (1.5x),1.5,0.006712587101059278,0.014124444444444445,-0.5247539025367094
287,K'=8 (2x),2,0.0060465379515736075,0.012368333333333332,-0.5111275069472895
287,K'=12 (3x),3,0.005380488802087939,0.01061222222222222,-0.49299131798982876
287,K'=20 (5x),5,0.004847649482499403,0.009207333333333333,-0.47350125090514045
287,R'=10 (2x),2,0.008034635200941597,0.017626666666666665,-0.5441772767998337
287,R'=20 (4x),4,0.008029610101397088,0.017621666666666667,-0.5443331068913031
287,K'=8 + R'=10,2,0.006041512852029098,0.012363333333333332,-0.5113362481507874
287,Fix temp,1,0.00752563057828559,0.01716,-0.5614434394938468
288,K'=6 (1.5x),1.5,0.0069961309235845055,0.014124444444444445,-0.504679214031934
288,K'=8 (2x),2,0.006014795612836418,0.012368333333333332,-0.5136939270041974
288,K'=12 (3x),3,0.005033460302088329,0.01061222222222222,-0.5256921503633655
288,K'=20 (5x),5,0.0042483920534898585,0.009207333333333333,-0.5385860487846797
288,R'=10 (2x),2,0.008948795330901276,0.017626666666666665,-0.49231493962360384
288,R'=20 (4x),4,0.008943792223811572,0.017621666666666667,-0.4924548061773439
288,K'=8 + R'=10,2,0.006009792505746714,0.012363333333333332,-0.5139019272785078
288,Fix temp,1,0.0085762486869965,0.01716,-0.5002186079838871
289,K'=6 (1.5x),1.5,0.016407130454601872,0.014124444444444445,0.1616124456530589
289,K'=8 (2x),2,0.014211511751795749,0.012368333333333332,0.14902399286854198
289,K'=12 (3x),3,0.012015893048989626,0.01061222222222222,0.13226926437971576
289,K'=20 (5x),5,0.010259398086744729,0.009207333333333333,0.11426378467287625
289,R'=10 (2x),2,0.020788334248204733,0.017626666666666665,0.1793684331432338
289,R'=20 (4x),4,0.020783317442200043,0.017621666666666667,0.17941837371796324
289,K'=8 + R'=10,2,0.014206494945791057,0.012363333333333332,0.14908290205913116
289,Fix temp,1,0.020471980260661184,0.01716,0.1930058426958731
290,K'=6 (1.5x),1.5,0.003744365540354146,0.014124444444444445,-0.7349017474576203
290,K'=8 (2x),2,0.00316524444179086,0.012368333333333332,-0.744084804598502
290,K'=12 (3x),3,0.002586123343227574,0.01061222222222222,-0.7563070873306652
290,K'=20 (5x),5,0.0021228264643769457,0.009207333333333333,-0.7694417713007444
290,R'=10 (2x),2,0.004892868915233752,0.017626666666666665,-0.722416665172064
290,R'=20 (4x),4,0.00488799950411027,0.017621666666666667,-0.7226142341373156
290,K'=8 + R'=10,2,0.0031603750306673775,0.012363333333333332,-0.7443751660285217
290,Fix temp,1,0.004763004390421872,0.01716,-0.7224356415838069
291,K'=6 (1.5x),1.5,0.013792171416228259,0.014124444444444445,-0.023524679467791614
291,K'=8 (2x),2,0.013129785945079056,0.012368333333333332,0.061564690344621316
291,K'=12 (3x),3,0.012467400473929857,0.01061222222222222,0.17481524725545733
291,K'=20 (5x),5,0.011937492097010496,0.009207333333333333,0.2965200308099156
291,R'=10 (2x),2,0.015106834554029475,0.017626666666666665,-0.14295567961254865
291,R'=20 (4x),4,0.015101780651780883,0.017621666666666667,-0.14299930094878185
291,K'=8 + R'=10,2,0.013124732042830465,0.012363333333333332,0.061585228592380664
291,Fix temp,1,0.014429677804138778,0.01716,-0.15910968507349785
292,K'=6 (1.5x),1.5,0.027233410839766055,0.014124444444444445,0.928104921002946
292,K'=8 (2x),2,0.025783169028865387,0.012368333333333332,1.0846114293652114
292,K'=12 (3x),3,0.02433292721796472,0.01061222222222222,1.2929153487769083
292,K'=20 (5x),5,0.023172733769244183,0.009207333333333333,1.5167692892525
292,R'=10 (2x),2,0.03012349985617673,0.017626666666666665,0.7089731385879388
292,R'=20 (4x),4,0.030118302553481406,0.017621666666666667,0.7091631071681493
292,K'=8 + R'=10,2,0.025777971726170062,0.012363333333333332,1.0850341110409867
292,Fix temp,1,0.029936794669104597,0.01716,0.7445684539105242
293,K'=6 (1.5x),1.5,0.010022799598514836,0.014124444444444445,-0.290393357562669
293,K'=8 (2x),2,0.009631242987728677,0.012368333333333332,-0.22129823573140997
293,K'=12 (3x),3,0.009239686376942518,0.01061222222222222,-0.12933538485517046
293,K'=20 (5x),5,0.008926441088313588,0.009207333333333333,-0.030507448231816534
293,R'=10 (2x),2,0.010795782981223965,0.017626666666666665,-0.38753122269909424
293,R'=20 (4x),4,0.010790718061792368,0.017621666666666667,-0.38764486549934546
293,K'=8 + R'=10,2,0.009626178068297079,0.012363333333333332,-0.2213929845001014
293,Fix temp,1,0.010650279556212257,0.01716,-0.379354338216069
294,K'=6 (1.5x),1.5,0.011612311169991412,0.014124444444444445,-0.17785713868846206
294,K'=8 (2x),2,0.009477852182187033,0.012368333333333332,-0.23370013349788163
294,K'=12 (3x),3,0.00734339319438265,0.01061222222222222,-0.30802493195012187
294,K'=20 (5x),5,0.005635826004139145,0.009207333333333333,-0.3878981242336748
294,R'=10 (2x),2,0.01587139132603015,0.017626666666666665,-0.09958067363671612
294,R'=20 (4x),4,0.015866472416245135,0.017621666666666667,-0.09960432708341241
294,K'=8 + R'=10,2,0.009472933272402019,0.012363333333333332,-0.23378808796963982
294,Fix temp,1,0.015362376102409208,0.01716,-0.10475663738874086
295,K'=6 (1.5x),1.5,0.015905830468530998,0.014124444444444445,0.12612078521695233
295,K'=8 (2x),2,0.013395732318210916,0.012368333333333332,0.08306689003187587
295,K'=12 (3x),3,0.010885634167890831,0.01061222222222222,0.02576387300824516
295,K'=20 (5x),5,0.008877555647634766,0.009207333333333333,-0.03581685095560429
295,R'=10 (2x),2,0.02091583040494541,0.017626666666666665,0.18660157365424046
295,R'=20 (4x),4,0.02091073222283253,0.017621666666666667,0.1866489486143496
295,K'=8 + R'=10,2,0.01339063413609804,0.012363333333333332,0.0830925426878976
295,Fix temp,1,0.020635030948933493,0.01716,0.20250763105673025
296,K'=6 (1.5x),1.5,0.01446793649355732,0.014124444444444445,0.02431897767476309
296,K'=8 (2x),2,0.012185552970496756,0.012368333333333332,-0.01477809159169186
296,K'=12 (3x),3,0.00990316944743619,0.01061222222222222,-0.0668147311598186
296,K'=20 (5x),5,0.008077262628987737,0.009207333333333333,-0.12273593921645023
296,R'=10 (2x),2,0.019022634238601593,0.017626666666666665,0.07919634485258668
296,R'=20 (4x),4,0.019017599588063167,0.017621666666666667,0.07921684979077838
296,K'=8 + R'=10,2,0.012180518319958328,0.012363333333333332,-0.014786870858048284
296,Fix temp,1,0.01850700867975807,0.01716,0.0784970093099108
297,K'=6 (1.5x),1.5,0.021188736579323672,0.014124444444444445,0.5001465482529346
297,K'=8 (2x),2,0.020770347943197466,0.012368333333333332,0.679316637369422
297,K'=12 (3x),3,0.020351959307071264,0.01061222222222222,0.9177848786895759
297,K'=20 (5x),5,0.020017248398170297,0.009207333333333333,1.1740549270331944
297,R'=10 (2x),2,0.022015653066370357,0.017626666666666665,0.24899695913598854
297,R'=20 (4x),4,0.022010722673767497,0.017621666666666667,0.24907156003598765
297,K'=8 + R'=10,2,0.020765417550594606,0.012363333333333332,0.6795969978911789
297,Fix temp,1,0.021654685290440207,0.01716,0.26192804722845014
298,K'=6 (1.5x),1.5,0.006549385681947175,0.014124444444444445,-0.5363084397614492
298,K'=8 (2x),2,0.005753814176113294,0.012368333333333332,-0.534794703453985
298,K'=12 (3x),3,0.004958242670279414,0.01061222222222222,-0.5327799808133731
298,K'=20 (5x),5,0.004321785465612309,0.009207333333333333,-0.5306148578366183
298,R'=10 (2x),2,0.008130704913188964,0.017626666666666665,-0.5387270283743023
298,R'=20 (4x),4,0.008125793022975976,0.017621666666666667,-0.5388748875640229
298,K'=8 + R'=10,2,0.005748902285900307,0.012363333333333332,-0.5350038593232428
298,Fix temp,1,0.007913991887665528,0.01716,-0.5388116615579529
299,K'=6 (1.5x),1.5,0.01755771439337863,0.014124444444444445,0.2430729196067312
299,K'=8 (2x),2,0.014243507513763734,0.012368333333333332,0.15161090260857582
299,K'=12 (3x),3,0.010929300634148835,0.01061222222222222,0.029878606505491893
299,K'=20 (5x),5,0.008277935130456915,0.009207333333333333,-0.10094108350696024
299,R'=10 (2x),2,0.02417592125646627,0.017626666666666665,0.37155377778742094
299,R'=20 (4x),4,0.024170817808395192,0.017621666666666667,0.3716533325486725
299,K'=8 + R'=10,2,0.014238404065692654,0.012363333333333332,0.1516638500155828
299,Fix temp,1,0.023911912102865272,0.01716,0.39346807126254485
300,K'=6 (1.5x),1.5,0.005568778874278277,0.014124444444444445,-0.6057346611980453
300,K'=8 (2x),2,0.00479268275077708,0.012368333333333332,-0.6125037528006673
300,K'=12 (3x),3,0.004016586627275881,0.01061222222222222,-0.6215131436971737
300,K'=20 (5x),5,0.0033957097284749234,0.009207333333333333,-0.6311950913972642
300,R'=10 (2x),2,0.007110996146166323,0.017626666666666665,-0.5965773744610633
300,R'=20 (4x),4,0.007106008658609149,0.017621666666666667,-0.5967459382232584
300,K'=8 + R'=10,2,0.004787695263219906,0.012363333333333332,-0.6127504505349226
300,Fix temp,1,0.00645264058308092,0.01716,-0.6239719939929534
301,K'=6 (1.5x),1.5,0.01983459027435598,0.014124444444444445,0.40427401250160344
301,K'=8 (2x),2,0.016861093988322643,0.012368333333333332,0.3632470547087437
301,K'=12 (3x),3,0.013887597702289296,0.01061222222222222,0.30864181049736866
301,K'=20 (5x),5,0.011508800673462624,0.009207333333333333,0.2499602498149255
301,R'=10 (2x),2,0.025771522262537226,0.017626666666666665,0.4620757713239728
301,R'=20 (4x),4,0.025766491970594507,0.017621666666666667,0.46220516242851634
301,K'=8 + R'=10,2,0.016856063696379923,0.012363333333333332,0.3633915095481201
301,Fix temp,1,0.025263661254194315,0.01716,0.4722413318295054
302,K'=6 (1.5x),1.5,0.014538839374145289,0.014124444444444445,0.029338848075106977
302,K'=8 (2x),2,0.012909407205534976,0.012368333333333332,0.04374670843834878
302,K'=12 (3x),3,0.011279975036924662,0.01061222222222222,0.06292299583626819
302,K'=20 (5x),5,0.00997642930203641,0.009207333333333333,0.08353080537648364
302,R'=10 (2x),2,0.017788004270793033,0.017626666666666665,0.009153041081299242
302,R'=20 (4x),4,0.017783154550506594,0.017621666666666667,0.009164166301329425
302,K'=8 + R'=10,2,0.012904557485248533,0.012363333333333332,0.043776555830293946
302,Fix temp,1,0.01767288910337605,0.01716,0.029888642387881685
303,K'=6 (1.5x),1.5,0.016045538274966468,0.014124444444444445,0.13601199240637357
303,K'=8 (2x),2,0.012323266389594412,0.012368333333333332,-0.0036437361869494844
303,K'=12 (3x),3,0.008600994504222357,0.01061222222222222,-0.18951993992250837
303,K'=20 (5x),5,0.005623176995924715,0.009207333333333333,-0.38927192137520295
303,R'=10 (2x),2,0.023480458622876788,0.017626666666666665,0.3320986359423292
303,R'=20 (4x),4,0.023475646911459893,0.017621666666666667,0.33220355120362577
303,K'=8 + R'=10,2,0.012318454678177517,0.012363333333333332,-0.0036299801959408158
303,Fix temp,1,0.02296569853388804,0.01716,0.33832742038974584
304,K'=6 (1.5x),1.5,0.021254607928962024,0.014124444444444445,0.5048101900618173
304,K'=8 (2x),2,0.016255556502135685,0.012368333333333332,0.31428835753691037
304,K'=12 (3x),3,0.011256505075309349,0.01061222222222222,0.06071139857380541
304,K'=20 (5x),5,0.007257263933848278,0.009207333333333333,-0.2117952428663806
304,R'=10 (2x),2,0.031242622460140788,0.017626666666666665,0.772463452731134
304,R'=20 (4x),4,0.031237578298903827,0.017621666666666667,0.7726801266757113
304,K'=8 + R'=10,2,0.016250512340898724,0.012363333333333332,0.3144118906092256
304,Fix temp,1,0.030752057828771863,0.01716,0.7920779620496422
305,K'=6 (1.5x),1.5,0.007325066597497026,0.014124444444444445,-0.4813908167284988
305,K'=8 (2x),2,0.007162881643322314,0.012368333333333332,-0.4208692917405486
305,K'=12 (3x),3,0.007000696689147603,0.01061222222222222,-0.34031755625245064
305,K'=20 (5x),5,0.006870948725807834,0.009207333333333333,-0.2537525820931322
305,R'=10 (2x),2,0.007639649405205428,0.017626666666666665,-0.5665856994021126
305,R'=20 (4x),4,0.007634755854884918,0.017621666666666667,-0.566740422497782
305,K'=8 + R'=10,2,0.007157988093001804,0.012363333333333332,-0.4210308902937338
305,Fix temp,1,0.00720294320093308,0.01716,-0.5802480652136901
306,K'=6 (1.5x),1.5,0.007618297490704547,0.014124444444444445,-0.4606302909350148
306,K'=8 (2x),2,0.007175690120407259,0.012368333333333332,-0.41983370539760734
306,K'=12 (3x),3,0.006733082750109972,0.01061222222222222,-0.36553507746843517
306,K'=20 (5x),5,0.006378996853872141,0.009207333333333333,-0.3071830221701389
306,R'=10 (2x),2,0.008492749787172205,0.017626666666666665,-0.5181874175204876
306,R'=20 (4x),4,0.008487368565108747,0.017621666666666667,-0.5183560825626362
306,K'=8 + R'=10,2,0.007170308898343801,0.012363333333333332,-0.42003433014204894
306,Fix temp,1,0.00785214800235596,0.01716,-0.542415617578324
307,K'=6 (1.5x),1.5,0.003605353363278297,0.014124444444444445,-0.7447437046137141
307,K'=8 (2x),2,0.0029551606446811033,0.012368333333333332,-0.7610704235536097
307,K'=12 (3x),3,0.00230496792608391,0.01061222222222222,-0.7828006351716555
307,K'=20 (5x),5,0.0017848137512061547,0.009207333333333333,-0.8061530210115682
307,R'=10 (2x),2,0.004896059571074972,0.017626666666666665,-0.7222356521704818
307,R'=20 (4x),4,0.004891219956376117,0.017621666666666667,-0.7224314788777386
307,K'=8 + R'=10,2,0.0029503210299822477,0.012363333333333332,-0.7613652442721287
307,Fix temp,1,0.0042758709151861024,0.01716,-0.7508233732409032
308,K'=6 (1.5x),1.5,0.014846655938310273,0.014124444444444445,0.0511320283573982
308,K'=8 (2x),2,0.01416708934452963,0.012368333333333332,0.14543236851068303
308,K'=12 (3x),3,0.013487522750748986,0.01061222222222222,0.27094235950938
308,K'=20 (5x),5,0.01294386947572447,0.009207333333333333,0.40582175176212487
308,R'=10 (2x),2,0.016195878271959577,0.017626666666666665,-0.08117180756658976
308,R'=20 (4x),4,0.01619092284500358,0.017621666666666667,-0.0811923099402111
308,K'=8 + R'=10,2,0.014162133917573635,0.012363333333333332,0.14549478977408764
308,Fix temp,1,0.015299952777004676,0.01716,-0.1083943603144129
309,K'=6 (1.5x),1.5,0.009566508298943323,0.014124444444444445,-0.32269843698481826
309,K'=8 (2x),2,0.009375161773864047,0.012368333333333332,-0.24200282114021976
309,K'=12 (3x),3,0.009183815248784772,0.01061222222222222,-0.13460017548881836
309,K'=20 (5x),5,0.009030738028721352,0.009207333333333333,-0.019179853516615164
309,R'=10 (2x),2,0.009939429133384673,0.017626666666666665,-0.43611408093506016
309,R'=20 (4x),4,0.009934543025526073,0.017621666666666667,-0.4362313614569523
309,K'=8 + R'=10,2,0.009370275666005448,0.012363333333333332,-0.24209148023682
309,Fix temp,1,0.009155512970479963,0.01716,-0.4664619481072283
310,K'=6 (1.5x),1.5,0.02472991011471944,0.014124444444444445,0.7508589602932265
310,K'=8 (2x),2,0.02111617676895411,0.012368333333333332,0.7072774641385887
310,K'=12 (3x),3,0.01750244342318878,0.01061222222222222,0.6492722312710609
310,K'=20 (5x),5,0.01461145674657652,0.009207333333333333,0.5869368706005923
310,R'=10 (2x),2,0.03194741904704865,0.017626666666666665,0.8124481305057857
310,R'=20 (4x),4,0.031942440167447926,0.017621666666666667,0.8126798543903107
310,K'=8 + R'=10,2,0.021111197889353388,0.012363333333333332,0.7075652107862003
310,Fix temp,1,0.03156579700142705,0.01716,0.839498659756821
311,K'=6 (1.5x),1.5,0.01585499195683775,0.014124444444444445,0.12252145698190489
311,K'=8 (2x),2,0.012234947306269475,0.012368333333333332,-0.010784478673806011
311,K'=12 (3x),3,0.008614902655701199,0.01061222222222222,-0.18820936130969743
311,K'=20 (5x),5,0.005718866935246578,0.009207333333333333,-0.3788791251270823
311,R'=10 (2x),2,0.023085149696067158,0.017626666666666665,0.30967188139564067
311,R'=20 (4x),4,0.023080183915113586,0.017621666666666667,0.3097616900660315
311,K'=8 + R'=10,2,0.012229981525315903,0.012363333333333332,-0.010786072365928498
311,Fix temp,1,0.022651200925205665,0.01716,0.32000005391641395
312,K'=6 (1.5x),1.5,0.011188503778744955,0.014124444444444445,-0.20786238193278328
312,K'=8 (2x),2,0.01086285566843745,0.012368333333333332,-0.1217203340435964
312,K'=12 (3x),3,0.010537207558129947,0.01061222222222222,-0.007068704605072432
312,K'=20 (5x),5,0.010276689069883946,0.009207333333333333,0.1161417424390645
312,R'=10 (2x),2,0.011829639511939506,0.017626666666666665,-0.3288782425147784
312,R'=20 (4x),4,0.01182455926822928,0.017621666666666667,-0.3289761126513225
312,K'=8 + R'=10,2,0.010857775424727224,0.012363333333333332,-0.12177605084438729
312,Fix temp,1,0.01155579493095148,0.01716,-0.32658537698417955
313,K'=6 (1.5x),1.5,0.025852550919841535,0.014124444444444445,0.8303410814865781
313,K'=8 (2x),2,0.023609852790948845,0.012368333333333332,0.9088952532770932
313,K'=12 (3x),3,0.021367154662056152,0.01061222222222222,1.0134477223170915
313,K'=20 (5x),5,0.019572996158942,0.009207333333333333,1.1258051001674754
313,R'=10 (2x),2,0.030328119894044735,0.017626666666666665,0.7205816883913428
313,R'=20 (4x),4,0.030323206252253643,0.017621666666666667,0.7207910480802218
313,K'=8 + R'=10,2,0.023604939149157754,0.012363333333333332,0.9092698152459765
313,Fix temp,1,0.02917031151966766,0.01716,0.6999016037102365
314,K'=6 (1.5x),1.5,0.015728836469022192,0.014124444444444445,0.11358974371617155
314,K'=8 (2x),2,0.013263522265569058,0.012368333333333332,0.07237749081544746
314,K'=12 (3x),3,0.010798208062115924,0.01061222222222222,0.017525626207133552
314,K'=20 (5x),5,0.00882595669935342,0.009207333333333333,-0.041420965242912854
314,R'=10 (2x),2,0.020649485771181978,0.017626666666666665,0.17149125025616374
314,R'=20 (4x),4,0.02064449621880874,0.017621666666666667,0.17154050234420162
314,K'=8 + R'=10,2,0.013258532713195818,0.012363333333333332,0.07240760689100725
314,Fix temp,1,0.019649768756739818,0.01716,0.14509141939043219
315,K'=6 (1.5x),1.5,0.0204089119419132,0.014124444444444445,0.44493555284155745
315,K'=8 (2x),2,0.017189187464043108,0.012368333333333332,0.3897739493903606
315,K'=12 (3x),3,0.013969462986173022,0.01061222222222222,0.3163560556544573
315,K'=20 (5x),5,0.011393683403876953,0.009207333333333333,0.23745746910545432
315,R'=10 (2x),2,0.026838564395249093,0.017626666666666665,0.522611444511106
315,R'=20 (4x),4,0.026833666144046954,0.017621666666666667,0.5227655051951359
315,K'=8 + R'=10,2,0.01718428921284097,0.012363333333333332,0.38993981230851743
315,Fix temp,1,0.02656204410610094,0.01716,0.5479046681877003
316,K'=6 (1.5x),1.5,0.0038546799756271257,0.014124444444444445,-0.7270915687488662
316,K'=8 (2x),2,0.003370717408538158,0.012368333333333332,-0.7274719788272612
316,K'=12 (3x),3,0.00288675484144919,0.01061222222222222,-0.7279782894666244
316,K'=20 (5x),5,0.002499584787778016,0.009207333333333333,-0.7285223965196566
316,R'=10 (2x),2,0.004812531042304527,0.017626666666666665,-0.7269744113669898
316,R'=20 (4x),4,0.004807494008554261,0.017621666666666667,-0.7271827858571308
316,K'=8 + R'=10,2,0.0033656803747878915,0.012363333333333332,-0.7277691797151881
316,Fix temp,1,0.003857017558574773,0.01716,-0.7752320770061321
317,K'=6 (1.5x),1.5,0.02635663113460883,0.014124444444444445,0.8660295800147849
317,K'=8 (2x),2,0.02279453563227585,0.012368333333333332,0.8429755261239068
317,K'=12 (3x),3,0.019232440129942872,0.01061222222222222,0.8122915000469676
317,K'=20 (5x),5,0.01638276372807649,0.009207333333333333,0.7793168917612581
317,R'=10 (2x),2,0.03347069846533255,0.017626666666666665,0.8988671595309693
317,R'=20 (4x),4,0.03346563662836143,0.017621666666666667,0.8991186963980761
317,K'=8 + R'=10,2,0.022789473795304733,0.012363333333333332,0.8433114420575413
317,Fix temp,1,0.033179999235165125,0.01716,0.9335663889956365
318,K'=6 (1.5x),1.5,0.008327586668867298,0.014124444444444445,-0.4104131527705658
318,K'=8 (2x),2,0.006895494979178962,0.012368333333333332,-0.44248794131419245
318,K'=12 (3x),3,0.005463403289490625,0.01061222222222222,-0.48517820536681355
318,K'=20 (5x),5,0.004317729937739956,0.009207333333333333,-0.5310553249866096
318,R'=10 (2x),2,0.011181713785992697,0.017626666666666665,-0.3656365098718212
318,R'=20 (4x),4,0.01117668565486706,0.017621666666666667,-0.36574185255648956
318,K'=8 + R'=10,2,0.006890466848053325,0.012363333333333332,-0.4426691683968731
318,Fix temp,1,0.010987758205010866,0.01716,-0.3596877502907421
319,K'=6 (1.5x),1.5,0.012451544585078167,0.014124444444444445,-0.11844004668263454
319,K'=8 (2x),2,0.009671028574660805,0.012368333333333332,-0.21808150588916808
319,K'=12 (3x),3,0.006890512564243441,0.01061222222222222,-0.3507003132845673
319,K'=20 (5x),5,0.004666099755909552,0.009207333333333333,-0.493219199633312
319,R'=10 (2x),2,0.01800212826597258,0.017626666666666665,0.02130077151886807
319,R'=20 (4x),4,0.017996904096002426,0.017621666666666667,0.02129409416451859
319,K'=8 + R'=10,2,0.009665804404690647,0.012363333333333332,-0.2181878346165558
319,Fix temp,1,0.017532524964739105,0.01716,0.021708914029085292
320,K'=6 (1.5x),1.5,0.008953594919789762,0.014124444444444445,-0.36609224136164364
320,K'=8 (2x),2,0.008062663663922302,0.012368333333333332,-0.3481204422108366
320,K'=12 (3x),3,0.007171732408054841,0.01061222222222222,-0.32420069445614513
320,K'=20 (5x),5,0.006458987403360872,0.009207333333333333,-0.29849532220394553
320,R'=10 (2x),2,0.010725593190432104,0.017626666666666665,-0.3915132456260152
320,R'=20 (4x),4,0.010720661069885817,0.017621666666666667,-0.3916204821780488
320,K'=8 + R'=10,2,0.008057731543376015,0.012363333333333332,-0.34825573927937326
320,Fix temp,1,0.010272004734423355,0.01716,-0.40139832549980453
321,K'=6 (1.5x),1.5,0.020101669262155855,0.014124444444444445,0.42318300314193436
321,K'=8 (2x),2,0.018015617750417576,0.012368333333333332,0.45659219111313126
321,K'=12 (3x),3,0.015929566238679298,0.01061222222222222,0.5010584875731724
321,K'=20 (5x),5,0.01426072502928867,0.009207333333333333,0.5488442215576719
321,R'=10 (2x),2,0.024263300565011085,0.017626666666666665,0.3765110002842901
321,R'=20 (4x),4,0.024258064704700415,0.017621666666666667,0.3766044474435116
321,K'=8 + R'=10,2,0.018010381890106907,0.012363333333333332,0.4567577694882914
321,Fix temp,1,0.02405710829822327,0.01716,0.40192938800834893
322,K'=6 (1.5x),1.5,0.002600358738695569,0.014124444444444445,-0.8158965650703263
322,K'=8 (2x),2,0.0023255043496000797,0.012368333333333332,-0.8119791659129432
322,K'=12 (3x),3,0.0020506499605045907,0.01061222222222222,-0.8067652639038706
322,K'=20 (5x),5,0.0018307664492281997,0.009207333333333333,-0.8011621407687858
322,R'=10 (2x),2,0.003139980587389881,0.017626666666666665,-0.821861918264568
322,R'=20 (4x),4,0.003134937122641549,0.017621666666666667,-0.8220975812366472
322,K'=8 + R'=10,2,0.0023204608848517473,0.012363333333333332,-0.8123110635061946
322,Fix temp,1,0.0025787916458026323,0.01716,-0.8497207665616182
323,K'=6 (1.5x),1.5,0.00894283399543296,0.014124444444444445,-0.3668541066795418
323,K'=8 (2x),2,0.008518220225732967,0.012368333333333332,-0.3112879483304432
323,K'=12 (3x),3,0.00809360645603297,0.01061222222222222,-0.23733160816357723
323,K'=20 (5x),5,0.007753915440272971,0.009207333333333333,-0.15785437981250763
323,R'=10 (2x),2,0.009782159862318417,0.017626666666666665,-0.44503631643428043
323,R'=20 (4x),4,0.009777209026061148,0.017621666666666667,-0.44515980179356013
323,K'=8 + R'=10,2,0.008513269389475699,0.012363333333333332,-0.3114098633478809
323,Fix temp,1,0.009600986866564035,0.01716,-0.4405019308529118
324,K'=6 (1.5x),1.5,0.01042867221886094,0.014124444444444445,-0.2616578825538982
324,K'=8 (2x),2,0.008263919302251179,0.012368333333333332,-0.3318485943470276
324,K'=12 (3x),3,0.006099166385641418,0.01061222222222222,-0.42526963175821625
324,K'=20 (5x),5,0.004367364052353608,0.009207333333333333,-0.5256646094757503
324,R'=10 (2x),2,0.014748069280908684,0.017626666666666665,-0.1633092314159218
324,R'=20 (4x),4,0.014743014895322796,0.017621666666666667,-0.1633586553302112
324,K'=8 + R'=10,2,0.00825886491666529,0.012363333333333332,-0.33198720005403415
324,Fix temp,1,0.013581768979887311,0.01716,-0.20852162121868822
325,K'=6 (1.5x),1.5,0.01721701481248252,0.014124444444444445,0.21895164657286573
325,K'=8 (2x),2,0.016014129670169495,0.012368333333333332,0.29476860289741247
325,K'=12 (3x),3,0.014811244527856458,0.01061222222222222,0.39567794734277184
325,K'=20 (5x),5,0.013848936414006034,0.009207333333333333,0.5041202390130368
325,R'=10 (2x),2,0.019612845493771344,0.017626666666666665,0.11268034193105209
325,R'=20 (4x),4,0.01960787569210272,0.017621666666666667,0.11271402773684205
325,K'=8 + R'=10,2,0.01600915986850087,0.012363333333333332,0.29489025628208726
325,Fix temp,1,0.019184711393163325,0.01716,0.11799017442676708
326,K'=6 (1.5x),1.5,0.010335570756761822,0.014124444444444445,-0.26824939576104156
326,K'=8 (2x),2,0.009075325234660144,0.012368333333333332,-0.2662450962409261
326,K'=12 (3x),3,0.007815079712558466,0.01061222222222222,-0.263577453533387
326,K'=20 (5x),5,0.006806883294877125,0.009207333333333333,-0.2607106695883218
326,R'=10 (2x),2,0.012846249220721527,0.017626666666666665,-0.2712037128940132
326,R'=20 (4x),4,0.012841342930599702,0.017621666666666667,-0.271275346792791
326,K'=8 + R'=10,2,0.00907041894453832,0.012363333333333332,-0.2663451918680248
326,Fix temp,1,0.012243223469293,0.01716,-0.28652543885238935
327,K'=6 (1.5x),1.5,0.01020212380733753,0.014124444444444445,-0.27769733900222016
327,K'=8 (2x),2,0.008745428638692074,0.012368333333333332,-0.29291777614671266
327,K'=12 (3x),3,0.007288733470046611,0.01061222222222222,-0.3131755708258872
327,K'=20 (5x),5,0.006123377335130244,0.009207333333333333,-0.3349456228589265
327,R'=10 (2x),2,0.013105046788314261,0.017626666666666665,-0.25652155134374455
327,R'=20 (4x),4,0.013099813110157165,0.017621666666666667,-0.25660759802380606
327,K'=8 + R'=10,2,0.008740194960534978,0.012363333333333332,-0.29305513934739996
327,Fix temp,1,0.01268747834617201,0.01716,-0.2606364600132862
328,K'=6 (1.5x),1.5,0.009274960650738004,0.014124444444444445,-0.34333979030331946
328,K'=8 (2x),2,0.0074792671482467816,0.012368333333333332,-0.3952890056666124
328,K'=12 (3x),3,0.0056835736457555575,0.01061222222222222,-0.46443133900324546
328,K'=20 (5x),5,0.004247018843762579,0.009207333333333333,-0.5387351918294209
328,R'=10 (2x),2,0.0128565604633371,0.017626666666666665,-0.27061873316922647
328,R'=20 (4x),4,0.012851666867145424,0.017621666666666667,-0.2706894807256924
328,K'=8 + R'=10,2,0.007474373552055106,0.012363333333333332,-0.3954402627078641
328,Fix temp,1,0.012468688069565814,0.01716,-0.2733864761325284
329,K'=6 (1.5x),1.5,0.010528648661215338,0.014124444444444445,-0.25457962593661077
329,K'=8 (2x),2,0.010133571184232172,0.012368333333333332,-0.18068417860944563
329,K'=12 (3x),3,0.009738493707249008,0.01061222222222222,-0.08233228598847149
329,K'=20 (5x),5,0.009422431725662476,0.009207333333333333,0.023361638439918564
329,R'=10 (2x),2,0.011308659176373964,0.017626666666666665,-0.35843461556123496
329,R'=20 (4x),4,0.011303586956970113,0.017621666666666667,-0.35854041670461856
329,K'=8 + R'=10,2,0.010128498964828321,0.012363333333333332,-0.18076309262645007
329,Fix temp,1,0.010759135551874039,0.01716,-0.37301074872528917
330,K'=6 (1.5x),1.5,0.018246843423667808,0.014124444444444445,0.2918627345265125
330,K'=8 (2x),2,0.01577983150978903,0.012368333333333332,0.27582521302700713
330,K'=12 (3x),3,0.013312819595910247,0.01061222222222222,0.2544799116657129
330,K'=20 (5x),5,0.011339210064807223,0.009207333333333333,0.2315411698798664
330,R'=10 (2x),2,0.023170664820013107,0.017626666666666665,0.31452334455445013
330,R'=20 (4x),4,0.02316556360430697,0.017621666666666667,0.3146068440919494
330,K'=8 + R'=10,2,0.015774730294082894,0.012363333333333332,0.2759285759570959
330,Fix temp,1,0.02257670609618508,0.01716,0.31565886341404875
331,K'=6 (1.5x),1.5,0.008369915283848756,0.014124444444444445,-0.4074163187961076
331,K'=8 (2x),2,0.006894919702178248,0.012368333333333332,-0.44253445340156994
331,K'=12 (3x),3,0.00541992412050774,0.01061222222222222,-0.48927528966003914
331,K'=20 (5x),5,0.004239927655171333,0.009207333333333333,-0.5395053592964304
331,R'=10 (2x),2,0.01131009850223627,0.017626666666666665,-0.358352959404145
331,R'=20 (4x),4,0.011305194529759519,0.017621666666666667,-0.3584491896476203
331,K'=8 + R'=10,2,0.006890015729701496,0.012363333333333332,-0.4427056568049477
331,Fix temp,1,0.010812419283492414,0.01716,-0.3699056361601158
332,K'=6 (1.5x),1.5,0.013829286071740648,0.014124444444444445,-0.020896989886203365
332,K'=8 (2x),2,0.012244419802423624,0.012368333333333332,-0.010018611850939904
332,K'=12 (3x),3,0.010659553533106601,0.01061222222222222,0.004460075363411386
332,K'=20 (5x),5,0.009391660517652979,0.009207333333333333,0.020019605856163143
332,R'=10 (2x),2,0.016988833100506643,0.017626666666666665,-0.036185716688352264
332,R'=20 (4x),4,0.016983740345572616,0.017621666666666667,-0.03620124776850758
332,K'=8 + R'=10,2,0.012239327047489597,0.012363333333333332,-0.010030166015939763
332,Fix temp,1,0.01676380710551996,0.01716,-0.02308816401398847
333,K'=6 (1.5x),1.5,0.009188843398426511,0.014124444444444445,-0.3494368267319179
333,K'=8 (2x),2,0.00887785068133269,0.012368333333333332,-0.2822112371918051
333,K'=12 (3x),3,0.008566857964238863,0.01061222222222222,-0.19273665921736177
333,K'=20 (5x),5,0.008318063790563806,0.009207333333333333,-0.09658274666239162
333,R'=10 (2x),2,0.00980106754216026,0.017626666666666665,-0.4439636417080034
333,R'=20 (4x),4,0.009796186896933309,0.017621666666666667,-0.4440828394817001
333,K'=8 + R'=10,2,0.008872970036105739,0.012363333333333332,-0.28231571560212404
333,Fix temp,1,0.00952489281126967,0.01716,-0.4449363163595764
334,K'=6 (1.5x),1.5,0.015413994764292768,0.014124444444444445,0.09129918878724758
334,K'=8 (2x),2,0.01280207402594167,0.012368333333333332,0.035068645137448236
334,K'=12 (3x),3,0.010190153287590573,0.01061222222222222,-0.039771965361583374
334,K'=20 (5x),5,0.008100616696909693,0.009207333333333333,-0.12019947539175008
334,R'=10 (2x),2,0.020628021397277162,0.017626666666666665,0.17027352858985423
334,R'=20 (4x),4,0.020623113975418262,0.017621666666666667,0.17032709592839843
334,K'=8 + R'=10,2,0.01279716660408277,0.012363333333333332,0.03509031577914033
334,Fix temp,1,0.020198708501168686,0.01716,0.17708091498652004
335,K'=6 (1.5x),1.5,0.014563179851435562,0.014124444444444445,0.031062135485525905
335,K'=8 (2x),2,0.01416453528332715,0.012368333333333332,0.145225868480837
335,K'=12 (3x),3,0.01376589071521874,0.01061222222222222,0.2971732429794647
335,K'=20 (5x),5,0.013446975060732008,0.009207333333333333,0.46046358635131507
335,R'=10 (2x),2,0.015350460480637476,0.017626666666666665,-0.12913423899560456
335,R'=20 (4x),4,0.015345456227130022,0.017621666666666667,-0.12917112113137116
335,K'=8 + R'=10,2,0.014159531029819697,0.012363333333333332,0.14528425692798852
335,Fix temp,1,0.014972934415834157,0.01716,-0.12745137436863893
336,K'=6 (1.5x),1.5,0.015563616442485426,0.014124444444444445,0.10189229061020161
336,K'=8 (2x),2,0.012899260566687356,0.012368333333333332,0.04292633607497837
336,K'=12 (3x),3,0.010234904690889286,0.01061222222222222,-0.03555499719397352
336,K'=20 (5x),5,0.008103419990250832,0.009207333333333333,-0.11989501228178641
336,R'=10 (2x),2,0.020882193724777592,0.017626666666666665,0.18469328998360024
336,R'=20 (4x),4,0.020877126490125603,0.017621666666666667,0.18474187970068676
336,K'=8 + R'=10,2,0.01289419333203537,0.012363333333333332,0.04293825818565956
336,Fix temp,1,0.020697545707209934,0.01716,0.20615068223834104
337,K'=6 (1.5x),1.5,0.0045093822565283655,0.014124444444444445,-0.680739141686947
337,K'=8 (2x),2,0.003909308199735445,0.012368333333333332,-0.6839260315535282
337,K'=12 (3x),3,0.0033092341429425257,0.01061222222222222,-0.6881676548373706
337,K'=20 (5x),5,0.00282917489750819,0.009207333333333333,-0.6927259180173568
337,R'=10 (2x),2,0.005699129471423751,0.017626666666666665,-0.6766757107739929
337,R'=20 (4x),4,0.005693929022078525,0.017621666666666667,-0.6768790869907202
337,K'=8 + R'=10,2,0.0039041077503902187,0.012363333333333332,-0.6842188392782244
337,Fix temp,1,0.0054487474726446685,0.01716,-0.6824739235055555
338,K'=6 (1.5x),1.5,0.02630692078125606,0.014124444444444445,0.8625101245382674
338,K'=8 (2x),2,0.02345652612131721,0.012368333333333332,0.8964985410039521
338,K'=12 (3x),3,0.020606131461378352,0.01061222222222222,0.9417357674840875
338,K'=20 (5x),5,0.018325815733427273,0.009207333333333333,0.9903499819086894
338,R'=10 (2x),2,0.03199779067720319,0.017626666666666665,0.8153058251060811
338,R'=20 (4x),4,0.031992830965237896,0.017621666666666667,0.8155394475685933
338,K'=8 + R'=10,2,0.023451566409351924,0.012363333333333332,0.8968643631182469
338,Fix temp,1,0.0313859726538761,0.01716,0.8290193854240148
339,K'=6 (1.5x),1.5,0.013657705751525515,0.014124444444444445,-0.03304474698135912
339,K'=8 (2x),2,0.012156630697452165,0.012368333333333332,-0.0171165047202129
339,K'=12 (3x),3,0.010655555643378816,0.01061222222222222,0.004083350334094415
339,K'=20 (5x),5,0.009454695600120138,0.009207333333333333,0.026865788152936654
339,R'=10 (2x),2,0.01664976256161971,0.017626666666666665,-0.05542194241945657
339,R'=20 (4x),4,0.016644715912593464,0.017621666666666667,-0.05544031518433012
339,K'=8 + R'=10,2,0.012151584048425916,0.012363333333333332,-0.017127200181241524
339,Fix temp,1,0.016295613154105548,0.01716,-0.050372193816693084
340,K'=6 (1.5x),1.5,0.017435308268616948,0.014124444444444445,0.2344066584137235
340,K'=8 (2x),2,0.01561097438255906,0.012368333333333332,0.2621728378298662
340,K'=12 (3x),3,0.013786640496501166,0.01061222222222222,0.2991285150090096
340,K'=20 (5x),5,0.012327173387654853,0.009207333333333333,0.33884295717053653
340,R'=10 (2x),2,0.021073920563136058,0.017626666666666665,0.19557037990560094
340,R'=20 (4x),4,0.02106889282433772,0.017621666666666667,0.1956242972290391
340,K'=8 + R'=10,2,0.01560594664376072,0.012363333333333332,0.2622766225743372
340,Fix temp,1,0.02055291987933056,0.01716,0.1977226036905919
341,K'=6 (1.5x),1.5,0.014612964254156176,0.014124444444444445,0.0345868336013655
341,K'=8 (2x),2,0.013893107843838832,0.012368333333333332,0.12328051560481071
341,K'=12 (3x),3,0.013173251433521488,0.01061222222222222,0.2413282682618931
341,K'=20 (5x),5,0.012597366305267614,0.009207333333333333,0.3681883612990675
341,R'=10 (2x),2,0.016042793976055836,0.017626666666666665,-0.08985662011786096
341,R'=20 (4x),4,0.01603785242668832,0.017621666666666667,-0.08987879920429484
341,K'=8 + R'=10,2,0.013888166294471318,0.012363333333333332,0.12333510065823555
341,Fix temp,1,0.015763847836225475,0.01716,-0.08136084870480922
342,K'=6 (1.5x),1.5,0.02271478802126553,0.014124444444444445,0.6081898378806622
342,K'=8 (2x),2,0.019752347795853772,0.012368333333333332,0.5970096587403672
342,K'=12 (3x),3,0.016789907570442006,0.01061222222222222,0.5821292862943993
342,K'=20 (5x),5,0.014419955390112593,0.009207333333333333,0.5661380845100927
342,R'=10 (2x),2,0.028629977053028357,0.017626666666666665,0.6242422685152246
342,R'=20 (4x),4,0.028625131343498006,0.017621666666666667,0.624428147744141
342,K'=8 + R'=10,2,0.01974750208632342,0.012363333333333332,0.5972635820698374
342,Fix temp,1,0.02839166414873106,0.01716,0.6545258827931851
343,K'=6 (1.5x),1.5,0.023635945578259633,0.014124444444444445,0.6734070972650779
343,K'=8 (2x),2,0.018666919647279734,0.012368333333333332,0.5092510158156369
343,K'=12 (3x),3,0.013697893716299842,0.01061222222222222,0.2907658197748779
343,K'=20 (5x),5,0.009722672971515925,0.009207333333333333,0.05597056384576699
343,R'=10 (2x),2,0.03356366131987584,0.017626666666666665,0.9041411490095979
343,R'=20 (4x),4,0.03355849325970406,0.017621666666666667,0.9043881543386394
343,K'=8 + R'=10,2,0.018661751587107946,0.012363333333333332,0.5094433745301656
343,Fix temp,1,0.033344554948908915,0.01716,0.9431558828035497
344,K'=6 (1.5x),1.5,0.01671034304455644,0.014124444444444445,0.1830796680381369
344,K'=8 (2x),2,0.015345905487430816,0.012368333333333332,0.24074158367585108
344,K'=12 (3x),3,0.013981467930305193,0.01061222222222222,0.3174872931917784
344,K'=20 (5x),5,0.01288991788460469,0.009207333333333333,0.3999621191012263
344,R'=10 (2x),2,0.01942918727437224,0.017626666666666665,0.10226100270644338
344,R'=20 (4x),4,0.019424171832154523,0.017621666666666667,0.10228914208764903
344,K'=8 + R'=10,2,0.015340890045213095,0.012363333333333332,0.24083769575732783
344,Fix temp,1,0.01888279322808751,0.01716,0.10039587576267525
345,K'=6 (1.5x),1.5,0.018916084616027357,0.014124444444444445,0.3392445055400111
345,K'=8 (2x),2,0.01840765570198138,0.012368333333333332,0.4882891013594974
345,K'=12 (3x),3,0.0178992267879354,0.01061222222222222,0.6866615128407354
345,K'=20 (5x),5,0.01749248365669862,0.009207333333333333,0.8998425519548134
345,R'=10 (2x),2,0.01992298985684783,0.017626666666666665,0.1302755213794156
345,R'=20 (4x),4,0.01991801356321209,0.017621666666666667,0.13031383126144458
345,K'=8 + R'=10,2,0.01840267940834564,0.012363333333333332,0.48848849353024876
345,Fix temp,1,0.019301238792701354,0.01716,0.12478081542548673
346,K'=6 (1.5x),1.5,0.00720267831407193,0.014124444444444445,-0.49005581476834986
346,K'=8 (2x),2,0.0070887465112005315,0.012368333333333332,-0.4268632385500176
346,K'=12 (3x),3,0.0069748147083291325,0.01061222222222222,-0.34275644042548215
346,K'=20 (5x),5,0.0068836692660320135,0.009207333333333333,-0.2523710159258547
346,R'=10 (2x),2,0.0074208432689907775,0.017626666666666665,-0.5789990581132312
346,R'=20 (4x),4,0.007415993943578803,0.017621666666666667,-0.5791547937059225
346,K'=8 + R'=10,2,0.007083897185788557,0.012363333333333332,-0.4270236840828883
346,Fix temp,1,0.006815245758774498,0.01716,-0.6028411562485724
347,K'=6 (1.5x),1.5,0.030572918793553568,0.014124444444444445,1.164539562161596
347,K'=8 (2x),2,0.02430963591295559,0.012368333333333332,0.9654738644082139
347,K'=12 (3x),3,0.018046353032357604,0.01061222222222222,0.7005253616502822
347,K'=20 (5x),5,0.01303572672787922,0.009207333333333333,0.41579828338417424
347,R'=10 (2x),2,0.04308911924032302,0.017626666666666665,1.444541560532698
347,R'=20 (4x),4,0.043083936583109765,0.017621666666666667,1.444941071584778
347,K'=8 + R'=10,2,0.024304453255742334,0.012363333333333332,0.9658495488602591
347,Fix temp,1,0.04228749737109387,0.01716,1.4643063736068687
348,K'=6 (1.5x),1.5,0.012199937753696568,0.014124444444444445,-0.13625362033299945
348,K'=8 (2x),2,0.011947014971391973,0.012368333333333332,-0.03406427936461603
348,K'=12 (3x),3,0.011694092189087376,0.01061222222222222,0.10194565701797084
348,K'=20 (5x),5,0.011491753963243699,0.009207333333333333,0.2481088223058105
348,R'=10 (2x),2,0.012695679516961994,0.017626666666666665,-0.27974586704073406
348,R'=20 (4x),4,0.012690627616290109,0.017621666666666667,-0.2798281878583122
348,K'=8 + R'=10,2,0.011941963070720088,0.012363333333333332,-0.0340822536489548
348,Fix temp,1,0.012339663060259722,0.01716,-0.2809054160687809
349,K'=6 (1.5x),1.5,0.0024744168769375257,0.014124444444444445,-0.8248131537725163
349,K'=8 (2x),2,0.0022608963956741394,0.012368333333333332,-0.8172028247669474
349,K'=12 (3x),3,0.0020473759144107526,0.01061222222222222,-0.8070737804450133
349,K'=20 (5x),5,0.0018765595294000434,0.009207333333333333,-0.7961885964738205
349,R'=10 (2x),2,0.0028915711345662847,0.017626666666666665,-0.835954738961822
349,R'=20 (4x),4,0.002886627782117278,0.017621666666666667,-0.8361887194485608
349,K'=8 + R'=10,2,0.002255953043225133,0.012363333333333332,-0.8175287374042761
349,Fix temp,1,0.0025103303713462175,0.01716,-0.8537103513201505
350,K'=6 (1.5x),1.5,0.01070175921956111,0.014124444444444445,-0.24232352913742924
350,K'=8 (2x),2,0.010565021176457358,0.012368333333333332,-0.14580074034841453
350,K'=12 (3x),3,0.010428283133353606,0.01061222222222222,-0.017332758871505958
350,K'=20 (5x),5,0.010318892698870603,0.009207333333333333,0.12072543974411018
350,R'=10 (2x),2,0.010965513465982157,0.017626666666666665,-0.3779020348345977
350,R'=20 (4x),4,0.010960652546088929,0.017621666666666667,-0.3780013688022929
350,K'=8 + R'=10,2,0.01056016025656413,0.012363333333333332,-0.14584845592633072
350,Fix temp,1,0.010204245178881908,0.01716,-0.4053470175476744
351,K'=6 (1.5x),1.5,0.0032455817762872346,0.014124444444444445,-0.7702152612760769
351,K'=8 (2x),2,0.0026841811440211885,0.012368333333333332,-0.7829795598419738
351,K'=12 (3x),3,0.002122780511755143,0.01061222222222222,-0.7999683320511329
351,K'=20 (5x),5,0.0016736600059423063,0.009207333333333333,-0.8182253269920021
351,R'=10 (2x),2,0.00435843299332791,0.017626666666666665,-0.7527364035555271
351,R'=20 (4x),4,0.0043534579695822025,0.017621666666666667,-0.7529485688310488
351,K'=8 + R'=10,2,0.0026792061202754805,0.012363333333333332,-0.783294193560894
351,Fix temp,1,0.004186675578988618,0.01716,-0.756021236655675
352,K'=6 (1.5x),1.5,0.006861802122296457,0.014124444444444445,-0.5141895917190992
352,K'=8 (2x),2,0.005998316292589865,0.012368333333333332,-0.5150263070268267
352,K'=12 (3x),3,0.0051348304628832725,0.01061222222222222,-0.516139941723909
352,K'=20 (5x),5,0.0044440417991179985,0.009207333333333333,-0.5173367099647384
352,R'=10 (2x),2,0.008578810980365973,0.017626666666666665,-0.5133049746388442
352,R'=20 (4x),4,0.00857382957969414,0.017621666666666667,-0.5134495651360557
352,K'=8 + R'=10,2,0.005993334891918029,0.012363333333333332,-0.5152330904353171
352,Fix temp,1,0.008294269692951117,0.01716,-0.516650950294224
353,K'=6 (1.5x),1.5,0.01537111252732038,0.014124444444444445,0.08826315879392237
353,K'=8 (2x),2,0.013145602657297776,0.012368333333333332,0.06284349742334816
353,K'=12 (3x),3,0.010920092787275171,0.01061222222222222,0.029010942157643764
353,K'=20 (5x),5,0.009139684891257086,0.009207333333333333,-0.007347235038329646
353,R'=10 (2x),2,0.019812041955370254,0.017626666666666665,0.12398120019120208
353,R'=20 (4x),4,0.01980699679937259,0.017621666666666667,0.12401381628899584
353,K'=8 + R'=10,2,0.013140557501300108,0.012363333333333332,0.06286526028310402
353,Fix temp,1,0.018993959808184267,0.01716,0.10687411469605276
354,K'=6 (1.5x),1.5,0.009601571393567036,0.014124444444444445,-0.32021599636482595
354,K'=8 (2x),2,0.0083114479150428,0.012368333333333332,-0.32800582818681034
354,K'=12 (3x),3,0.0070213244365185685,0.01061222222222222,-0.33837378359682624
354,K'=20 (5x),5,0.00598922565369918,0.009207333333333333,-0.34951571352191946
354,R'=10 (2x),2,0.0121722331146902,0.017626666666666665,-0.30944214553572996
354,R'=20 (4x),4,0.012167440496727548,0.017621666666666667,-0.30951817856459585
354,K'=8 + R'=10,2,0.008306655297080148,0.012363333333333332,-0.3281217068956471
354,Fix temp,1,0.01150502671526337,0.01716,-0.32954389771192494
355,K'=6 (1.5x),1.5,0.01219292126052602,0.014124444444444445,-0.13675038275067514
355,K'=8 (2x),2,0.00980202388985326,0.012368333333333332,-0.20749032018434752
355,K'=12 (3x),3,0.007411126519180501,0.01061222222222222,-0.3016423550138779
355,K'=20 (5x),5,0.005498408622642294,0.009207333333333333,-0.4028228995754513
355,R'=10 (2x),2,0.01696443316550534,0.017626666666666665,-0.03756997926406917
355,R'=20 (4x),4,0.016959291747322237,0.017621666666666667,-0.037588664674799814
355,K'=8 + R'=10,2,0.009796882471670161,0.012363333333333332,-0.20758567228335167
355,Fix temp,1,0.01648889274859498,0.01716,-0.03910881418444186
356,K'=6 (1.5x),1.5,0.016246466926400385,0.014124444444444445,0.15023758918819588
356,K'=8 (2x),2,0.01535974870591995,0.012368333333333332,0.24186083055544688
356,K'=12 (3x),3,0.014473030485439525,0.01061222222222222,0.3638077098623782
356,K'=20 (5x),5,0.013763655909055181,0.009207333333333333,0.49485800185234763
356,R'=10 (2x),2,0.01800974792395897,0.017626666666666665,0.02173305166181766
356,R'=20 (4x),4,0.01800467020225784,0.017621666666666667,0.02173480765673916
356,K'=8 + R'=10,2,0.015354670984218818,0.012363333333333332,0.2419523578499989
356,Fix temp,1,0.01771771744044819,0.01716,0.03250101634313447
357,K'=6 (1.5x),1.5,0.009521938586787824,0.014124444444444445,-0.32585393894674
357,K'=8 (2x),2,0.008195963391423682,0.012368333333333332,-0.3373429409979504
357,K'=12 (3x),3,0.00686998819605954,0.01061222222222222,-0.352634344419057
357,K'=20 (5x),5,0.005809208039768227,0.009207333333333333,-0.3690672609041821
357,R'=10 (2x),2,0.01216383362160123,0.017626666666666665,-0.3099186674583266
357,R'=20 (4x),4,0.01215880594364379,0.017621666666666667,-0.3100081749563725
357,K'=8 + R'=10,2,0.008190935713466243,0.012363333333333332,-0.33748160850906633
357,Fix temp,1,0.012024138475853641,0.01716,-0.2992926296122587
358,K'=6 (1.5x),1.5,0.014071791368473953,0.014124444444444445,-0.0037277980155319855
358,K'=8 (2x),2,0.013548161657650269,0.012368333333333332,0.09539105168982108
358,K'=12 (3x),3,0.013024531946826585,0.01061222222222222,0.22731428668662212
358,K'=20 (5x),5,0.012605628178167638,0.009207333333333333,0.369085675711495
358,R'=10 (2x),2,0.015108806779695536,0.017626666666666665,-0.14284379086447405
358,R'=20 (4x),4,0.015103684774482644,0.017621666666666667,-0.1428912451821067
358,K'=8 + R'=10,2,0.013543039652437376,0.012363333333333332,0.09541976158835626
358,Fix temp,1,0.01462717282917814,0.01716,-0.14760065098029496
359,K'=6 (1.5x),1.5,0.011055811749703964,0.014124444444444445,-0.21725687738093394
359,K'=8 (2x),2,0.010419014786556179,0.012368333333333332,-0.1576055960202523
359,K'=12 (3x),3,0.009782217823408393,0.01061222222222222,-0.0782121200850639
359,K'=20 (5x),5,0.009272780252890163,0.009207333333333333,0.007108129703514978
359,R'=10 (2x),2,0.012319347291999084,0.017626666666666665,-0.3010960310893106
359,R'=20 (4x),4,0.012314318099998858,0.017621666666666667,-0.3011831211577306
359,K'=8 + R'=10,2,0.010413985594555952,0.012363333333333332,-0.15767169631523703
359,Fix temp,1,0.011819006449840517,0.01716,-0.3112467103822543
360,K'=6 (1.5x),1.5,0.0193199941509862,0.014124444444444445,0.36784099558586997
360,K'=8 (2x),2,0.017215489749983194,0.012368333333333332,0.3919005322719199
360,K'=12 (3x),3,0.015110985348980189,0.01061222222222222,0.42392281583940655
360,K'=20 (5x),5,0.013427381828177782,0.009207333333333333,0.458335583394879
360,R'=10 (2x),2,0.023519102516797317,0.017626666666666665,0.3342909899847193
360,R'=20 (4x),4,0.023514152298699874,0.017621666666666667,0.3343886672864772
360,K'=8 + R'=10,2,0.01721053953188575,0.012363333333333332,0.39206305191850255
360,Fix temp,1,0.02323038967022085,0.01716,0.3537523117844318
361,K'=6 (1.5x),1.5,0.011234596110734097,0.014124444444444445,-0.20459907963650983
361,K'=8 (2x),2,0.011120479214558566,0.012368333333333332,-0.10089104854667288
361,K'=12 (3x),3,0.011006362318383037,0.01061222222222222,0.03714020380533294
361,K'=20 (5x),5,0.01091506880144261,0.009207333333333333,0.18547557759495445
361,R'=10 (2x),2,0.011452715473402979,0.017626666666666665,-0.35026198146352233
361,R'=20 (4x),4,0.011447658258561887,0.017621666666666667,-0.3503646122068352
361,K'=8 + R'=10,2,0.011115421999717474,0.012363333333333332,-0.1009364788581174
361,Fix temp,1,0.010843369419779713,0.01716,-0.3681020151643524
362,K'=6 (1.5x),1.5,0.004807710887047047,0.014124444444444445,-0.659617699941603
362,K'=8 (2x),2,0.004271083042192579,0.012368333333333332,-0.6546759432265804
362,K'=12 (3x),3,0.0037344551973381105,0.01061222222222222,-0.6480986621710502
362,K'=20 (5x),5,0.003305152921454536,0.009207333333333333,-0.6410303828700453
362,R'=10 (2x),2,0.0058709399071325856,0.017626666666666665,-0.6669285226664569
362,R'=20 (4x),4,0.0058659265723208865,0.017621666666666667,-0.6671185147647279
362,K'=8 + R'=10,2,0.0042660697073808795,0.012363333333333332,-0.6549417869468148
362,Fix temp,1,0.005529559844688515,0.01716,-0.6777645778153546
363,K'=6 (1.5x),1.5,0.004157373234911113,0.014124444444444445,-0.705661114583071
363,K'=8 (2x),2,0.0036639473463044255,0.012368333333333332,-0.7037638582694171
363,K'=12 (3x),3,0.0031705214576977377,0.01061222222222222,-0.7012386857996058
363,K'=20 (5x),5,0.0027757807468123882,0.009207333333333333,-0.6985250075868089
363,R'=10 (2x),2,0.005134674346312741,0.017626666666666665,-0.7086985053150865
363,R'=20 (4x),4,0.005129899013406868,0.017621666666666667,-0.7088868430867189
363,K'=8 + R'=10,2,0.0036591720133985523,0.012363333333333332,-0.704030303580597
363,Fix temp,1,0.004775423614258152,0.01716,-0.7217119105910168
364,K'=6 (1.5x),1.5,0.016084200780099644,0.014124444444444445,0.13874926857219005
364,K'=8 (2x),2,0.014440032595005278,0.012368333333333332,0.1675002771867899
364,K'=12 (3x),3,0.012795864409910906,0.01061222222222222,0.2057667227431491
364,K'=20 (5x),5,0.01148052986183541,0.009207333333333333,0.2468897829811828
364,R'=10 (2x),2,0.019362407731857156,0.017626666666666665,0.09847245074832589
364,R'=20 (4x),4,0.01935734302264154,0.017621666666666667,0.09849671934029355
364,K'=8 + R'=10,2,0.01443496788578966,0.012363333333333332,0.1675627839678885
364,Fix temp,1,0.01896193691616217,0.01716,0.1050079787973291
365,K'=6 (1.5x),1.5,0.02481775372537985,0.014124444444444445,0.7570782215891965
365,K'=8 (2x),2,0.018973246350482142,0.012368333333333332,0.5340180313016153
365,K'=12 (3x),3,0.013128738975584437,0.01061222222222222,0.237133816147628
365,K'=20 (5x),5,0.00845313307566627,0.009207333333333333,-0.08191299590910105
365,R'=10 (2x),2,0.03649650087580667,0.017626666666666665,1.0705276593687598
365,R'=20 (4x),4,0.036491367076122376,0.017621666666666667,1.070823819698612
365,K'=8 + R'=10,2,0.018968112550797844,0.012363333333333332,0.5342231774708421
365,Fix temp,1,0.03605102625821323,0.01716,1.1008756560730317
366,K'=6 (1.5x),1.5,0.010534968309186606,0.014124444444444445,-0.25413219963279227
366,K'=8 (2x),2,0.009244709095809567,0.012368333333333332,-0.2525501337440047
366,K'=12 (3x),3,0.007954449882432529,0.01061222222222222,-0.25044446715639446
366,K'=20 (5x),5,0.006922242511730897,0.009207333333333333,-0.24818161120872165
366,R'=10 (2x),2,0.013105987602569591,0.017626666666666665,-0.25646817685875994
366,R'=20 (4x),4,0.013101238035884043,0.017621666666666667,-0.2565267358809774
366,K'=8 + R'=10,2,0.00923995952912402,0.012363333333333332,-0.25263201436041893
366,Fix temp,1,0.012333649074764098,0.01716,-0.2812558814240037
367,K'=6 (1.5x),1.5,0.004383596734594562,0.014124444444444445,-0.6896446616476474
367,K'=8 (2x),2,0.004012017114096414,0.012368333333333332,-0.6756218476677202
367,K'=12 (3x),3,0.003640437493598266,0.01061222222222222,-0.6569580416460643
367,K'=20 (5x),5,0.0033431737971997473,0.009207333333333333,-0.6369009705452451
367,R'=10 (2x),2,0.0051167461856034,0.017626666666666665,-0.709715609742621
367,R'=20 (4x),4,0.00511174129060967,0.017621666666666667,-0.7099172633721931
367,K'=8 + R'=10,2,0.004007012219102685,0.012363333333333332,-0.6758954797166876
367,Fix temp,1,0.004494699448473582,0.01716,-0.7380711277113298
368,K'=6 (1.5x),1.5,0.005227790053902656,0.014124444444444445,-0.6298764121686288
368,K'=8 (2x),2,0.0044919790839853336,0.012368333333333332,-0.6368161365865517
368,K'=12 (3x),3,0.0037561681140680083,0.01061222222222222,-0.6460526329534909
368,K'=20 (5x),5,0.0031675193381341493,0.009207333333333333,-0.6559786396929097
368,R'=10 (2x),2,0.006689183612523871,0.017626666666666665,-0.6205077375648334
368,R'=20 (4x),4,0.006684069421917154,0.017621666666666667,-0.6206902815520389
368,K'=8 + R'=10,2,0.004486864893378617,0.012363333333333332,-0.6370829150677851
368,Fix temp,1,0.006393197350947635,0.01716,-0.6274360518095784
369,K'=6 (1.5x),1.5,0.02205951140808059,0.014124444444444445,0.5617967485267882
369,K'=8 (2x),2,0.017055210996374803,0.012368333333333332,0.3789417326269887
369,K'=12 (3x),3,0.01205091058466901,0.01061222222222222,0.13556900075406864
369,K'=20 (5x),5,0.008047470255304376,0.009207333333333333,-0.12597166150484657
369,R'=10 (2x),2,0.03205814651230416,0.017626666666666665,0.8187299458568927
369,R'=20 (4x),4,0.03205316365271016,0.017621666666666667,0.8189632262958568
369,K'=8 + R'=10,2,0.017050228136780796,0.012363333333333332,0.3790963712683309
369,Fix temp,1,0.03156235375027291,0.01716,0.8392980040951576
370,K'=6 (1.5x),1.5,0.01646921811840691,0.014124444444444445,0.166008205362352
370,K'=8 (2x),2,0.015874948710023474,0.012368333333333332,0.2835155943961845
370,K'=12 (3x),3,0.01528067930164004,0.01061222222222222,0.4399132416999306
370,K'=20 (5x),5,0.01480526377493329,0.009207333333333333,0.6079860735935078
370,R'=10 (2x),2,0.01764774926862413,0.017626666666666665,0.0011960628947124718
370,R'=20 (4x),4,0.01764274543534931,0.017621666666666667,0.0011961847356082062
370,K'=8 + R'=10,2,0.015869944876748653,0.012363333333333332,0.2836299441964401
370,Fix temp,1,0.016931660087701094,0.01716,-0.013306521695740533
371,K'=6 (1.5x),1.5,0.00543529353015278,0.014124444444444445,-0.6151853227550738
371,K'=8 (2x),2,0.004553388292738862,0.012368333333333332,-0.6318511015168686
371,K'=12 (3x),3,0.003671483055324944,0.01061222222222222,-0.6540325882323893
371,K'=20 (5x),5,0.0029659588653938094,0.009207333333333333,-0.6778699371449776
371,R'=10 (2x),2,0.007188966942253066,0.017626666666666665,-0.5921539177995613
371,R'=20 (4x),4,0.007183898410889291,0.017621666666666667,-0.5923258255430272
371,K'=8 + R'=10,2,0.0045483197613750866,0.012363333333333332,-0.6321121789127727
371,Fix temp,1,0.0067909250048520595,0.01716,-0.6042584496006959
372,K'=6 (1.5x),1.5,0.010452433446453399,0.014124444444444445,-0.2599756055846398
372,K'=8 (2x),2,0.009304446638450783,0.012368333333333332,-0.24772025561643035
372,K'=12 (3x),3,0.008156459830448166,0.01061222222222222,-0.23140887368826815
372,K'=20 (5x),5,0.0072380703840460745,0.009207333333333333,-0.21387983664693996
372,R'=10 (2x),2,0.012737747274126479,0.017626666666666665,-0.277359269622174
372,R'=20 (4x),4,0.012732417379960404,0.017621666666666667,-0.2774566889268663
372,K'=8 + R'=10,2,0.009299116744284708,0.012363333333333332,-0.2478471223280095
372,Fix temp,1,0.011875813399594103,0.01716,-0.3079362820749358
373,K'=6 (1.5x),1.5,0.03247696724178215,0.014124444444444445,1.2993447543741297
373,K'=8 (2x),2,0.03020434451463126,0.012368333333333332,1.4420707059397329
373,K'=12 (3x),3,0.02793172178748037,0.01061222222222222,1.6320332539767914
373,K'=20 (5x),5,0.026113623605759653,0.009207333333333333,1.8361766279515954
373,R'=10 (2x),2,0.03701193029241305,0.017626666666666665,1.0997691164379568
373,R'=20 (4x),4,0.03700678909057761,0.017621666666666667,1.1000731537261483
373,K'=8 + R'=10,2,0.030199203312795818,0.012363333333333332,1.4426424895763674
373,Fix temp,1,0.03652594513889819,0.01716,1.1285515815208733
374,K'=6 (1.5x),1.5,0.028809428578644655,0.014124444444444445,1.0396857867196498
374,K'=8 (2x),2,0.024465039996500886,0.012368333333333332,0.9780385389975116
374,K'=12 (3x),3,0.02012065141435712,0.01061222222222222,0.8959885114565398
374,K'=20 (5x),5,0.01664514054864211,0.009207333333333333,0.8078133967825043
374,R'=10 (2x),2,0.037488366626135756,0.017626666666666665,1.126798409198322
374,R'=20 (4x),4,0.03748344706773755,0.017621666666666667,1.1271226937144168
374,K'=8 + R'=10,2,0.024460120438102674,0.012363333333333332,0.9784405854491246
374,Fix temp,1,0.03690385838754841,0.01716,1.1505744981088815
375,K'=6 (1.5x),1.5,0.01634424583321176,0.014124444444444445,0.1571602619485985
375,K'=8 (2x),2,0.01432052856530242,0.012368333333333332,0.15783818072786054
375,K'=12 (3x),3,0.012296811297393087,0.01061222222222222,0.15874046358012564
375,K'=20 (5x),5,0.010677837483065618,0.009207333333333333,0.15971010242548891
375,R'=10 (2x),2,0.020381343023653384,0.017626666666666665,0.1562789158653585
375,R'=20 (4x),4,0.02037617435096486,0.017621666666666667,0.15631368680402125
375,K'=8 + R'=10,2,0.0143153598926139,0.012363333333333332,0.1578883709312942
375,Fix temp,1,0.01930551210984239,0.01716,0.12502984323090835
376,K'=6 (1.5x),1.5,0.009281910819813586,0.014124444444444445,-0.3428477235814799
376,K'=8 (2x),2,0.008331978724415625,0.012368333333333332,-0.326345878635039
376,K'=12 (3x),3,0.0073820466290176676,0.01061222222222222,-0.30438258128825235
376,K'=20 (5x),5,0.0066221009526993,0.009207333333333333,-0.28077970972058863
376,R'=10 (2x),2,0.011171582975877269,0.017626666666666665,-0.3662112532596103
376,R'=20 (4x),4,0.011166486958511152,0.017621666666666667,-0.36632061145307
376,K'=8 + R'=10,2,0.008326882707049508,0.012363333333333332,-0.3264856262834045
376,Fix temp,1,0.010829656053735159,0.01716,-0.36890116236974607
377,K'=6 (1.5x),1.5,0.014928466864116875,0.014124444444444445,0.056924180121553425
377,K'=8 (2x),2,0.014313376162232097,0.012368333333333332,0.15725989722938405
377,K'=12 (3x),3,0.013698285460347322,0.01061222222222222,0.29080273419669056
377,K'=20 (5x),5,0.0132062128988395,0.009207333333333333,0.43431462951699734
377,R'=10 (2x),2,0.01614884061033183,0.017626666666666665,-0.0838403587179369
377,R'=20 (4x),4,0.016143936781554534,0.017621666666666667,-0.08385869016052966
377,K'=8 + R'=10,2,0.014308472333454798,0.012363333333333332,0.1573312752861795
377,Fix temp,1,0.01546756123048655,0.01716,-0.09862696792036434
378,K'=6 (1.5x),1.5,0.006053171838331963,0.014124444444444445,-0.5714400051527087
378,K'=8 (2x),2,0.0050019286944544186,0.012368333333333332,-0.5955858756673424
378,K'=12 (3x),3,0.003950685550576873,0.01061222222222222,-0.6277230661167222
378,K'=20 (5x),5,0.0031096910354748374,0.009207333333333333,-0.662259318426453
378,R'=10 (2x),2,0.008145752644748589,0.017626666666666665,-0.5378733370982268
378,R'=20 (4x),4,0.008140799904079355,0.017621666666666667,-0.5380232722550258
378,K'=8 + R'=10,2,0.004996975953785185,0.012363333333333332,-0.595822920966418
378,Fix temp,1,0.007775090025936413,0.01716,-0.5469061756447312
379,K'=6 (1.5x),1.5,0.009236095814482382,0.014124444444444445,-0.34609139135980616
379,K'=8 (2x),2,0.007494475467116813,0.012368333333333332,-0.3940593881862164
379,K'=12 (3x),3,0.005752855119751242,0.01061222222222222,-0.45790287846548855
379,K'=20 (5x),5,0.004359558841858785,0.009207333333333333,-0.5265123262046066
379,R'=10 (2x),2,0.012709801450606512,0.017626666666666665,-0.27894469833926744
379,R'=20 (4x),4,0.012705033921303005,0.017621666666666667,-0.2790106542342001
379,K'=8 + R'=10,2,0.007489707937813306,0.012363333333333332,-0.3941999511070391
379,Fix temp,1,0.01205502171398128,0.01716,-0.29749290711064813
380,K'=6 (1.5x),1.5,0.015647364376346798,0.014124444444444445,0.10782158108182173
380,K'=8 (2x),2,0.015148244407530466,0.012368333333333332,0.22476036174616368
380,K'=12 (3x),3,0.01464912443871413,0.01061222222222222,0.38040121399253685
380,K'=20 (5x),5,0.014249828463661064,0.009207333333333333,0.5476607555927591
380,R'=10 (2x),2,0.016635871432685915,0.017626666666666665,-0.0562100170563966
380,R'=20 (4x),4,0.016631004992039136,0.017621666666666667,-0.05621838690783304
380,K'=8 + R'=10,2,0.015143377966883689,0.012363333333333332,0.22486206256810654
380,Fix temp,1,0.015749246169405814,0.01716,-0.08221176168963798
381,K'=6 (1.5x),1.5,0.013657050055962473,0.014124444444444445,-0.033091169732046455
381,K'=8 (2x),2,0.012763479487025907,0.012368333333333332,0.031948213477367614
381,K'=12 (3x),3,0.011869908918089339,0.01061222222222222,0.11851303803585034
381,K'=20 (5x),5,0.011155052462940084,0.009207333333333333,0.2115399822178066
381,R'=10 (2x),2,0.015434102562013028,0.017626666666666665,-0.124389037707279
381,R'=20 (4x),4,0.015429058246101735,0.017621666666666667,-0.12442684690617226
381,K'=8 + R'=10,2,0.012758435171114614,0.012363333333333332,0.031957549564406745
381,Fix temp,1,0.014597010682267774,0.01716,-0.1493583518491974
382,K'=6 (1.5x),1.5,0.007469148311133124,0.014124444444444445,-0.47118994021241256
382,K'=8 (2x),2,0.007063880971162118,0.012368333333333332,-0.4288736581731207
382,K'=12 (3x),3,0.006658613631191112,0.01061222222222222,-0.37255237482232206
382,K'=20 (5x),5,0.006334399759214309,0.009207333333333333,-0.31202667157907005
382,R'=10 (2x),2,0.008269894826392461,0.017626666666666665,-0.5308304750533778
382,R'=20 (4x),4,0.008265000744051124,0.017621666666666667,-0.5309750830955572
382,K'=8 + R'=10,2,0.007058986888820782,0.012363333333333332,-0.4290385368977528
382,Fix temp,1,0.008062059656519186,0.01716,-0.5301830036993481
383,K'=6 (1.5x),1.5,0.010996214146418914,0.014124444444444445,-0.22147634268588556
383,K'=8 (2x),2,0.008728447104238837,0.012368333333333332,-0.2942907610102004
383,K'=12 (3x),3,0.006460680062058754,0.01061222222222222,-0.3912038471518292
383,K'=20 (5x),5,0.00464646642831469,0.009207333333333333,-0.49535155727521285
383,R'=10 (2x),2,0.015521945851467354,0.017626666666666665,-0.11940549254156459
383,R'=20 (4x),4,0.015517044661811492,0.017621666666666667,-0.11943376552663439
383,K'=8 + R'=10,2,0.008723545914582975,0.012363333333333332,-0.29440178636427805
383,Fix temp,1,0.014569723430683058,0.01716,-0.15094851802546289
384,K'=6 (1.5x),1.5,0.04125368026147421,0.014124444444444445,1.9207294080653545
384,K'=8 (2x),2,0.03165331551619612,0.012368333333333332,1.5592223837377275
384,K'=12 (3x),3,0.022052950770918033,0.01061222222222222,1.0780709552744459
384,K'=20 (5x),5,0.014372658974695559,0.009207333333333333,0.561001264357638
384,R'=10 (2x),2,0.06044438793829808,0.017626666666666665,2.4291445502060185
384,R'=20 (4x),4,0.060439377031431915,0.017621666666666667,2.4298331806355007
384,K'=8 + R'=10,2,0.03164830460932996,0.012363333333333332,1.5598520848743567
384,Fix temp,1,0.05999670058440911,0.01716,2.4963112228676634
385,K'=6 (1.5x),1.5,0.013325457389025156,0.014124444444444445,-0.0565676801350975
385,K'=8 (2x),2,0.012479199847915434,0.012368333333333332,0.008963739219682148
385,K'=12 (3x),3,0.011632942306805711,0.01061222222222222,0.0961834442597782
385,K'=20 (5x),5,0.010955936273917935,0.009207333333333333,0.18991415617094365
385,R'=10 (2x),2,0.015007597330583657,0.017626666666666665,-0.14858562799260638
385,R'=20 (4x),4,0.015002409760253188,0.017621666666666667,-0.14863843221867848
385,K'=8 + R'=10,2,0.012474012277584965,0.012363333333333332,0.008952192848608759
385,Fix temp,1,0.014715085607726141,0.01716,-0.14247752868728789
386,K'=6 (1.5x),1.5,0.014681480923959433,0.014124444444444445,0.039437762080199015
386,K'=8 (2x),2,0.014263998402667543,0.012368333333333332,0.15326762452506765
386,K'=12 (3x),3,0.01384651588137565,0.01061222222222222,0.30477063063952325
386,K'=20 (5x),5,0.013512529864342133,0.009207333333333333,0.4675834332425748
386,R'=10 (2x),2,0.015506370084747713,0.017626666666666665,-0.12028914042656692
386,R'=20 (4x),4,0.015501332143849956,0.017621666666666667,-0.12032542454270566
386,K'=8 + R'=10,2,0.014258960461769787,0.012363333333333332,0.1533265404505086
386,Fix temp,1,0.01521754484762355,0.01716,-0.11319668720142487
387,K'=6 (1.5x),1.5,0.016658100704073857,0.014124444444444445,0.17938094978496466
387,K'=8 (2x),2,0.01554736211146508,0.012368333333333332,0.25702968156300354
387,K'=12 (3x),3,0.014436623518856306,0.01061222222222222,0.3603770460654044
387,K'=20 (5x),5,0.013548032644769283,0.009207333333333333,0.47143935755223554
387,R'=10 (2x),2,0.01887013728866886,0.017626666666666665,0.07054485374445119
387,R'=20 (4x),4,0.018865416988357586,0.017621666666666667,0.07058074274232018
387,K'=8 + R'=10,2,0.015542641811153807,0.012363333333333332,0.2571562532612948
387,Fix temp,1,0.01843546134813647,0.01716,0.07432758439023715
388,K'=6 (1.5x),1.5,0.023088840974079743,0.014124444444444445,0.6346725044581316
388,K'=8 (2x),2,0.02187249529447615,0.012368333333333332,0.7684270552062649
388,K'=12 (3x),3,0.020656149614872554,0.01061222222222222,0.9464490266344154
388,K'=20 (5x),5,0.019683073071189675,0.009207333333333333,1.1377604523050113
388,R'=10 (2x),2,0.025511865388142017,0.017626666666666665,0.4473448593877847
388,R'=20 (4x),4,0.025507031915569557,0.017621666666666667,0.4474812398885589
388,K'=8 + R'=10,2,0.02186766182190369,0.012363333333333332,0.7687512932248876
388,Fix temp,1,0.0246296800622413,0.01716,0.43529604092315255
389,K'=6 (1.5x),1.5,0.018571193810463037,0.014124444444444445,0.31482649696481535
389,K'=8 (2x),2,0.014228630859245408,0.012368333333333332,0.15040810073403127
389,K'=12 (3x),3,0.00988606790802778,0.01061222222222222,-0.0684262258166681
389,K'=20 (5x),5,0.006412017547053675,0.009207333333333333,-0.3035966750720069
389,R'=10 (2x),2,0.0272464016866763,0.017626666666666665,0.5457489610444195
389,R'=20 (4x),4,0.0272414426735653,0.017621666666666667,0.5459061386682283
389,K'=8 + R'=10,2,0.014223671846134411,0.012363333333333332,0.15047224422764188
389,Fix temp,1,0.026374307871033474,0.01716,0.5369643281488037
390,K'=6 (1.5x),1.5,0.004184359666336298,0.014124444444444445,-0.7037504956181034
390,K'=8 (2x),2,0.004125657679423058,0.012368333333333332,-0.6664338219035393
390,K'=12 (3x),3,0.0040669556925098166,0.01061222222222222,-0.6167668177930232
390,K'=20 (5x),5,0.004019994102979224,0.009207333333333333,-0.5633921399993602
390,R'=10 (2x),2,0.00429177630297836,0.017626666666666665,-0.7565179858370824
390,R'=20 (4x),4,0.00428678263438615,0.017621666666666667,-0.7567322821685718
390,K'=8 + R'=10,2,0.004120664010830848,0.012363333333333332,-0.6667028300756931
390,Fix temp,1,0.0040003047779859175,0.01716,-0.7668820059448765
391,K'=6 (1.5x),1.5,0.0070685160606995204,0.014124444444444445,-0.4995544009888634
391,K'=8 (2x),2,0.006216793614172473,0.012368333333333332,-0.4973620578758275
391,K'=12 (3x),3,0.005365071167645424,0.01061222222222222,-0.4944441366473791
391,K'=20 (5x),5,0.004683693210423786,0.009207333333333333,-0.49130839072944177
391,R'=10 (2x),2,0.00876182805744653,0.017626666666666665,-0.502922008843805
391,R'=20 (4x),4,0.008756761609292986,0.017621666666666667,-0.503068479563436
391,K'=8 + R'=10,2,0.00621172716601893,0.012363333333333332,-0.49756857648808867
391,Fix temp,1,0.008349515568194457,0.01716,-0.5134314936949618
392,K'=6 (1.5x),1.5,0.014323974834338622,0.014124444444444445,0.014126600920764615
392,K'=8 (2x),2,0.011847636079500502,0.012368333333333332,-0.042099225481700336
392,K'=12 (3x),3,0.009371297324662381,0.01061222222222222,-0.11693355751270611
392,K'=20 (5x),5,0.007390226320791881,0.009207333333333333,-0.19735432038318576
392,R'=10 (2x),2,0.01926645469495576,0.017626666666666665,0.09302882157464598
392,R'=20 (4x),4,0.019261355870426208,0.017621666666666667,0.0930496095957367
392,K'=8 + R'=10,2,0.011842537254970947,0.012363333333333332,-0.042124244677464395
392,Fix temp,1,0.018789006359903382,0.01716,0.09493044055381003
393,K'=6 (1.5x),1.5,0.006862518584367571,0.014124444444444445,-0.5141388667455308
393,K'=8 (2x),2,0.006178780794074459,0.012368333333333332,-0.5004354566170764
393,K'=12 (3x),3,0.005495043003781346,0.01061222222222222,-0.48219676438035686
393,K'=20 (5x),5,0.0049480527715468564,0.009207333333333333,-0.4625965420809293
393,R'=10 (2x),2,0.008220164618908843,0.017626666666666665,-0.5336517803190898
393,R'=20 (4x),4,0.008215249845886369,0.017621666666666667,-0.5337983630443752
393,K'=8 + R'=10,2,0.006173866021051983,0.012363333333333332,-0.5006309500362375
393,Fix temp,1,0.007476571736456539,0.01716,-0.5643023463603416
394,K'=6 (1.5x),1.5,0.023145565163465512,0.014124444444444445,0.6386885342289931
394,K'=8 (2x),2,0.022217968635725942,0.012368333333333332,0.7963591404710372
394,K'=12 (3x),3,0.021290372107986375,0.01061222222222222,1.006212427723562
394,K'=20 (5x),5,0.02054829488579472,0.009207333333333333,1.2317313973421244
394,R'=10 (2x),2,0.02499051135121761,0.017626666666666665,0.41776728543216407
394,R'=20 (4x),4,0.024985387917354093,0.017621666666666667,0.41787881872812405
394,K'=8 + R'=10,2,0.022212845201862425,0.012363333333333332,0.7966712215041057
394,Fix temp,1,0.024692135480651328,0.01716,0.4389356340705901
395,K'=6 (1.5x),1.5,0.011306151564731306,0.014124444444444445,-0.1995330075316099
395,K'=8 (2x),2,0.01089409902183886,0.012368333333333332,-0.11919425776804789
395,K'=12 (3x),3,0.010482046478946412,0.01061222222222222,-0.012266586634721792
395,K'=20 (5x),5,0.010152404444632454,0.009207333333333333,0.10264330366727117
395,R'=10 (2x),2,0.012120079605463819,0.017626666666666665,-0.3124009300984974
395,R'=20 (4x),4,0.012114991082937628,0.017621666666666667,-0.3124945947448618
395,K'=8 + R'=10,2,0.010889010499312669,0.012363333333333332,-0.11924962259536238
395,Fix temp,1,0.011872276770045914,0.01716,-0.3081423793679538
396,K'=6 (1.5x),1.5,0.01142011646080491,0.014124444444444445,-0.19146437895497015
396,K'=8 (2x),2,0.009794246501197148,0.012368333333333332,-0.20811913479069005
396,K'=12 (3x),3,0.00816837654158938,0.01061222222222222,-0.230285950431322
396,K'=20 (5x),5,0.006867680573903167,0.009207333333333333,-0.2541075330638801
396,R'=10 (2x),2,0.014661751301796588,0.017626666666666665,-0.16820624233377898
396,R'=20 (4x),4,0.014656698762684661,0.017621666666666667,-0.16825695094951326
396,K'=8 + R'=10,2,0.00978919396208522,0.012363333333333332,-0.20820755227134904
396,Fix temp,1,0.014216479961056253,0.01716,-0.17153380180324876
397,K'=6 (1.5x),1.5,0.006747766892563675,0.014124444444444445,-0.5222631998656933
397,K'=8 (2x),2,0.0053547944336649255,0.012368333333333332,-0.5670561029242749
397,K'=12 (3x),3,0.0039618219747661765,0.01061222222222222,-0.6266736700565847
397,K'=20 (5x),5,0.0028474440076471765,0.009207333333333333,-0.6907417267778753
397,R'=10 (2x),2,0.00952351741144173,0.017626666666666665,-0.45970967786828304
397,R'=20 (4x),4,0.009518420211982008,0.017621666666666667,-0.45984563253672517
397,K'=8 + R'=10,2,0.0053496972342052035,0.012363333333333332,-0.5672932946180747
397,Fix temp,1,0.00911440513532974,0.01716,-0.46885750959616906
398,K'=6 (1.5x),1.5,0.03814213132944365,0.014124444444444445,1.7004340934942797
398,K'=8 (2x),2,0.0335340997989073,0.012368333333333332,1.7112868723008197
398,K'=12 (3x),3,0.028926068268370946,0.01061222222222222,1.7257314879629206
398,K'=20 (5x),5,0.025239643043941863,0.009207333333333333,1.7412544034402142
398,R'=10 (2x),2,0.04734820105472754,0.017626666666666665,1.6861687436494446
398,R'=20 (4x),4,0.04734320438683315,0.017621666666666667,1.6866473689681158
398,K'=8 + R'=10,2,0.033529103131012906,0.012363333333333332,1.7119792233226945
398,Fix temp,1,0.04659032678063832,0.01716,1.715054008195706
399,K'=6 (1.5x),1.5,0.028701507263745606,0.014124444444444445,1.032045039126105
399,K'=8 (2x),2,0.025613183235643783,0.012368333333333332,1.0708677996747435
399,K'=12 (3x),3,0.02252485920754196,0.01061222222222222,1.1225393452819357
399,K'=20 (5x),5,0.0200541999850605,0.009207333333333333,1.1780682048794984
399,R'=10 (2x),2,0.03486796845655394,0.017626666666666665,0.9781373935261314
399,R'=20 (4x),4,0.034862875024856285,0.017621666666666667,0.9784096297090485
399,K'=8 + R'=10,2,0.025608089803946125,0.012363333333333332,1.0712933246653649
399,Fix temp,1,0.03476333608546359,0.01716,1.0258354362158268
400,K'=6 (1.5x),1.5,0.016660855384147324,0.014124444444444445,0.17957597905385392
400,K'=8 (2x),2,0.014476229608564227,0.012368333333333332,0.17042686499643406
400,K'=12 (3x),3,0.012291603832981135,0.01061222222222222,0.15824975915433184
400,K'=20 (5x),5,0.01054390321251466,0.009207333333333333,0.14516362455810525
400,R'=10 (2x),2,0.021019616022412056,0.017626666666666665,0.1924895625422877
400,R'=20 (4x),4,0.02101437056596133,0.017621666666666667,0.19253025059839193
400,K'=8 + R'=10,2,0.014470984152113502,0.012363333333333332,0.1704759357330954
400,Fix temp,1,0.020808123928389044,0.01716,0.21259463452150595
401,K'=6 (1.5x),1.5,0.02891438131019362,0.014124444444444445,1.0471163608538592
401,K'=8 (2x),2,0.02374580117283029,0.012368333333333332,0.9198869025331053
401,K'=12 (3x),3,0.018577221035466957,0.01061222222222222,0.7505495688326106
401,K'=20 (5x),5,0.01444235692557629,0.009207333333333333,0.5685710946610987
401,R'=10 (2x),2,0.03924148021478939,0.017626666666666665,1.2262564418375224
401,R'=20 (4x),4,0.03923644952972394,0.017621666666666667,1.2266026404837191
401,K'=8 + R'=10,2,0.02374077048776484,0.012363333333333332,0.9202564427957544
401,Fix temp,1,0.038828342081287964,0.01716,1.2627238975109534
402,K'=6 (1.5x),1.5,0.018656379726501242,0.014124444444444445,0.3208575954886027
402,K'=8 (2x),2,0.016151627458680786,0.012368333333333332,0.30588552421620707
402,K'=12 (3x),3,0.01364687519086032,0.01061222222222222,0.28595829460520256
402,K'=20 (5x),5,0.011643073376603953,0.009207333333333333,0.26454348453449644
402,R'=10 (2x),2,0.023655664287565263,0.017626666666666665,0.34203844294054075
402,R'=20 (4x),4,0.023650554300276808,0.017621666666666667,0.3421292518836739
402,K'=8 + R'=10,2,0.01614651747139233,0.012363333333333332,0.30600033470415194
402,Fix temp,1,0.023452067338251188,0.01716,0.3666705908071786
403,K'=6 (1.5x),1.5,0.005928447210541035,0.014124444444444445,-0.5802704146092723
403,K'=8 (2x),2,0.004741957031383332,0.012368333333333332,-0.6166050102641154
403,K'=12 (3x),3,0.0035554668522256292,0.01061222222222222,-0.6649649076533278
403,K'=20 (5x),5,0.0026062747088994673,0.009207333333333333,-0.716934902371356
403,R'=10 (2x),2,0.008291929880354584,0.017626666666666665,-0.52958037743828
403,R'=20 (4x),4,0.008287181036103656,0.017621666666666667,-0.5297163887579501
403,K'=8 + R'=10,2,0.004737208187132404,0.012363333333333332,-0.6168340641305685
403,Fix temp,1,0.007510821050918809,0.01716,-0.5623064655641721
404,K'=6 (1.5x),1.5,0.01681881947187196,0.014124444444444445,0.1907597171715516
404,K'=8 (2x),2,0.016543573100935963,0.012368333333333332,0.33757497110383766
404,K'=12 (3x),3,0.016268326729999966,0.01061222222222222,0.5329802174641369
404,K'=20 (5x),5,0.016048129633251175,0.009207333333333333,0.7429725906796585
404,R'=10 (2x),2,0.017359089076617266,0.017626666666666665,-0.015180271750155053
404,R'=20 (4x),4,0.017353977508053925,0.017621666666666667,-0.015190910353508513
404,K'=8 + R'=10,2,0.016538461532372623,0.012363333333333332,0.3377024695906679
404,Fix temp,1,0.016850952897332534,0.01716,-0.018009737917684617
405,K'=6 (1.5x),1.5,0.012299788283267275,0.014124444444444445,-0.129184278245709
405,K'=8 (2x),2,0.01047404575364417,0.012368333333333332,-0.15315625223197651
405,K'=12 (3x),3,0.008648303224021065,0.01061222222222222,-0.18506199333902631
405,K'=20 (5x),5,0.00718770920032258,0.009207333333333333,-0.2193495184647114
405,R'=10 (2x),2,0.01594150915449234,0.017626666666666665,-0.09560273329279464
405,R'=20 (4x),4,0.01593662706048176,0.017621666666666667,-0.09562316879891651
405,K'=8 + R'=10,2,0.010469163659633594,0.012363333333333332,-0.15320865519275315
405,Fix temp,1,0.015712057563006032,0.01716,-0.08437892989475346
406,K'=6 (1.5x),1.5,0.012674051215363167,0.014124444444444445,-0.10268674529367133
406,K'=8 (2x),2,0.011500041735977275,0.012368333333333332,-0.0702027972528816
406,K'=12 (3x),3,0.01032603225659138,0.01061222222222222,-0.02696795823136385
406,K'=20 (5x),5,0.009386824673082666,0.009207333333333333,0.019494389227717023
406,R'=10 (2x),2,0.015011862468620546,0.017626666666666665,-0.14834365722651965
406,R'=20 (4x),4,0.015006758615863343,0.017621666666666667,-0.14839164196368054
406,K'=8 + R'=10,2,0.011494937883220072,0.012363333333333332,-0.0702395888471227
406,Fix temp,1,0.014930065225288077,0.01716,-0.12994957894591633
407,K'=6 (1.5x),1.5,0.007386010172377212,0.014124444444444445,-0.47707605765107847
407,K'=8 (2x),2,0.006691650195173159,0.012368333333333332,-0.4589691258450484
407,K'=12 (3x),3,0.005997290217969109,0.01061222222222222,-0.4348695219168466
407,K'=20 (5x),5,0.005441802236205866,0.009207333333333333,-0.4089708671125335
407,R'=10 (2x),2,0.008764946322579579,0.017626666666666665,-0.5027451027280874
407,R'=20 (4x),4,0.008760054420476709,0.017621666666666667,-0.5028816180567459
407,K'=8 + R'=10,2,0.006686758293070291,0.012363333333333332,-0.45914599948204704
407,Fix temp,1,0.008539582438619003,0.01716,-0.5023553357448134
408,K'=6 (1.5x),1.5,0.019568437004429663,0.014124444444444445,0.38543056198762554
408,K'=8 (2x),2,0.015836811938542906,0.012368333333333332,0.28043217398271725
408,K'=12 (3x),3,0.01210518687265615,0.01061222222222222,0.14068350805052202
408,K'=20 (5x),5,0.009119886819946743,0.009207333333333333,-0.009497485343558383
408,R'=10 (2x),2,0.02702227009170926,0.017626666666666665,0.5330334772149732
408,R'=20 (4x),4,0.027017561569462303,0.017621666666666667,0.5332012618629889
408,K'=8 + R'=10,2,0.01583210341629595,0.012363333333333332,0.2805691628171435
408,Fix temp,1,0.025953479527518333,0.01716,0.5124405319066626
409,K'=6 (1.5x),1.5,0.03910565650879241,0.014124444444444445,1.7686509485457178
409,K'=8 (2x),2,0.03240465155602858,0.012368333333333332,1.6199691326798475
409,K'=12 (3x),3,0.02570364660326473,0.01061222222222222,1.4220795668451742
409,K'=20 (5x),5,0.020342842641053658,0.009207333333333333,1.2094174181145818
409,R'=10 (2x),2,0.05249791029898329,0.017626666666666665,1.9783232015308223
409,R'=20 (4x),4,0.05249303224131489,0.017621666666666667,1.9788914541557676
409,K'=8 + R'=10,2,0.03239977349836017,0.012363333333333332,1.6206341465376255
409,Fix temp,1,0.05203824216488009,0.01716,2.0325315946899813
410,K'=6 (1.5x),1.5,0.018293640372725392,0.014124444444444445,0.2951759231791105
410,K'=8 (2x),2,0.017415651265977692,0.012368333333333332,0.4080839185536473
410,K'=12 (3x),3,0.01653766215922999,0.01061222222222222,0.5583599563717927
410,K'=20 (5x),5,0.015835270873831825,0.009207333333333333,0.7198541967089811
410,R'=10 (2x),2,0.02003941882936904,0.017626666666666665,0.1368807959173056
410,R'=20 (4x),4,0.02003431895094316,0.017621666666666667,0.13691396676117426
410,K'=8 + R'=10,2,0.017410551387551813,0.012363333333333332,0.4082408779362482
410,Fix temp,1,0.019165943386293315,0.01716,0.11689646773271054
411,K'=6 (1.5x),1.5,0.04112407457914595,0.014124444444444445,1.911553423633681
411,K'=8 (2x),2,0.035072970824862784,0.012368333333333332,1.8357071142592203
411,K'=12 (3x),3,0.029021867070579632,0.01061222222222222,1.7347587020753505
411,K'=20 (5x),5,0.024180984067153098,0.009207333333333333,1.6262744262348598
411,R'=10 (2x),2,0.05321612183153852,0.017626666666666665,2.019068939005589
411,R'=20 (4x),4,0.05321104170345164,0.017621666666666667,2.0196372857345106
411,K'=8 + R'=10,2,0.035067890696775905,0.012363333333333332,1.8364430329017991
411,Fix temp,1,0.05295460366862766,0.01716,2.0859326147218913
412,K'=6 (1.5x),1.5,0.006921822654806124,0.014124444444444445,-0.5099401833444375
412,K'=8 (2x),2,0.006486041284474613,0.012368333333333332,-0.47559294290732135
412,K'=12 (3x),3,0.006050259914143103,0.01061222222222222,-0.4298781360350965
412,K'=20 (5x),5,0.005701634817877894,0.009207333333333333,-0.38075068953610597
412,R'=10 (2x),2,0.007783496874850645,0.017626666666666665,-0.5584249125462948
412,R'=20 (4x),4,0.007778552614541395,0.017621666666666667,-0.5585801977939244
412,K'=8 + R'=10,2,0.006481097024165363,0.012363333333333332,-0.47578077453502043
412,Fix temp,1,0.007456237789444469,0.01716,-0.5654873083074319
413,K'=6 (1.5x),1.5,0.007680978395722969,0.014124444444444445,-0.45619253019582506
413,K'=8 (2x),2,0.007468601654803189,0.012368333333333332,-0.39615132827355964
413,K'=12 (3x),3,0.0072562249138834085,0.01061222222222222,-0.31623888362526764
413,K'=20 (5x),5,0.0070863235211475846,0.009207333333333333,-0.2303609237766
413,R'=10 (2x),2,0.008095574187138342,0.017626666666666665,-0.5407200725904874
413,R'=20 (4x),4,0.008090495341926249,0.017621666666666667,-0.5408779717056891
413,K'=8 + R'=10,2,0.007463522809591096,0.012363333333333332,-0.3963179178006662
413,Fix temp,1,0.007602804024850059,0.01716,-0.5569461523980153
414,K'=6 (1.5x),1.5,0.011144358343805,0.014124444444444445,-0.21098784538825519
414,K'=8 (2x),2,0.009681153687197078,0.012368333333333332,-0.21726287396331387
414,K'=12 (3x),3,0.008217949030589158,0.01061222222222222,-0.22561468667885629
414,K'=20 (5x),5,0.007047385305302823,0.009207333333333333,-0.2345899675654019
414,R'=10 (2x),2,0.014061293532828796,0.017626666666666665,-0.2022715469272619
414,R'=20 (4x),4,0.014056556470732775,0.017621666666666667,-0.2023140184962012
414,K'=8 + R'=10,2,0.009676416625101058,0.012363333333333332,-0.21732947222153742
414,Fix temp,1,0.013363782686218132,0.01716,-0.2212247851854236
415,K'=6 (1.5x),1.5,0.0037829889478352106,0.014124444444444445,-0.7321672393760471
415,K'=8 (2x),2,0.003495245686520277,0.012368333333333332,-0.7174036636690249
415,K'=12 (3x),3,0.003207502425205343,0.01061222222222222,-0.697753933338414
415,K'=20 (5x),5,0.002977307816153396,0.009207333333333333,-0.6766373380472019
415,R'=10 (2x),2,0.004348295665024714,0.017626666666666665,-0.753311516734604
415,R'=20 (4x),4,0.004343205762304533,0.017621666666666667,-0.7535303643826048
415,K'=8 + R'=10,2,0.0034901557838000947,0.012363333333333332,-0.7177010689835459
415,Fix temp,1,0.003810206030024795,0.01716,-0.7779600215603266
416,K'=6 (1.5x),1.5,0.016463856389258045,0.014124444444444445,0.165628598987747
416,K'=8 (2x),2,0.014749687090223805,0.012368333333333332,0.19253635010568443
416,K'=12 (3x),3,0.013035517791189565,0.01061222222222222,0.22834949346357555
416,K'=20 (5x),5,0.011664182351962172,0.009207333333333333,0.26683611092196496
416,R'=10 (2x),2,0.019882148272712476,0.017626666666666665,0.1279584874836882
416,R'=20 (4x),4,0.019877124915405456,0.017621666666666667,0.1279934691424641
416,K'=8 + R'=10,2,0.014744663732916781,0.012363333333333332,0.19261232673902257
416,Fix temp,1,0.01932131329055514,0.01716,0.12595065795775856
417,K'=6 (1.5x),1.5,0.02065300980386075,0.014124444444444445,0.46221749712670496
417,K'=8 (2x),2,0.01863854370784395,0.012368333333333332,0.5069567746538703
417,K'=12 (3x),3,0.016624077611827152,0.01061222222222222,0.5665029683430467
417,K'=20 (5x),5,0.015012504735013714,0.009207333333333333,0.630494323547938
417,R'=10 (2x),2,0.024672539968744408,0.017626666666666665,0.39972806176689163
417,R'=20 (4x),4,0.024667838955169438,0.017621666666666667,0.39985844822677213
417,K'=8 + R'=10,2,0.01863384269426898,0.012363333333333332,0.5071859822811255
417,Fix temp,1,0.023972543768735925,0.01716,0.397001385124471
418,K'=6 (1.5x),1.5,0.016579054772762954,0.014124444444444445,0.17378455754300332
418,K'=8 (2x),2,0.015140998704614534,0.012368333333333332,0.224174534802415
418,K'=12 (3x),3,0.013702942636466122,0.01061222222222222,0.2912415844225224
418,K'=20 (5x),5,0.01255249778194739,0.009207333333333333,0.3633152322729046
418,R'=10 (2x),2,0.019445261383582838,0.017626666666666665,0.10317292266922308
418,R'=20 (4x),4,0.01944030862084437,0.017621666666666667,0.1032048777552843
418,K'=8 + R'=10,2,0.015136045941876066,0.012363333333333332,0.22426901659822598
418,Fix temp,1,0.01881890717584164,0.01716,0.09667291234508377
419,K'=6 (1.5x),1.5,0.0064265236725416,0.014124444444444445,-0.5450069772429642
419,K'=8 (2x),2,0.006334865225240954,0.012368333333333332,-0.4878157748087087
419,K'=12 (3x),3,0.00624320677794031,0.01061222222222222,-0.4116965657893122
419,K'=20 (5x),5,0.006169880020099793,0.009207333333333333,-0.32989500903991814
419,R'=10 (2x),2,0.006599789646289057,0.017626666666666665,-0.6255792560728598
419,R'=20 (4x),4,0.006594764185862141,0.017621666666666667,-0.6257582037721285
419,K'=8 + R'=10,2,0.006329839764814038,0.012363333333333332,-0.48801511743213494
419,Fix temp,1,0.006123266624507948,0.01716,-0.64316628062308
420,K'=6 (1.5x),1.5,0.010478487261718215,0.014124444444444445,-0.25813101513952225
420,K'=8 (2x),2,0.009780148078397208,0.012368333333333332,-0.20925901535664662
420,K'=12 (3x),3,0.009081808895076201,0.01061222222222222,-0.14421233320400148
420,K'=20 (5x),5,0.008523137548419395,0.009207333333333333,-0.07430987454716581
420,R'=10 (2x),2,0.01186518483288774,0.017626666666666665,-0.32686167740803285
420,R'=20 (4x),4,0.0118601944351515,0.017621666666666667,-0.32695387675296517
420,K'=8 + R'=10,2,0.009775157680660966,0.012363333333333332,-0.20934286756584247
420,Fix temp,1,0.011250767278637837,0.01716,-0.3443608811982613
421,K'=6 (1.5x),1.5,0.015433956309466163,0.014124444444444445,0.09271245111072582
421,K'=8 (2x),2,0.014725167606502323,0.012368333333333332,0.19055390970238445
421,K'=12 (3x),3,0.014016378903538485,0.01061222222222222,0.3207769880834089
421,K'=20 (5x),5,0.013449347941167412,0.009207333333333333,0.46072130271168765
421,R'=10 (2x),2,0.016841428752391776,0.017626666666666665,-0.04454829316990675
421,R'=20 (4x),4,0.01683637627089074,0.017621666666666667,-0.04456391161123202
421,K'=8 + R'=10,2,0.01472011512500129,0.012363333333333332,0.1906267289027736
421,Fix temp,1,0.016752700404752012,0.01716,-0.023735407648484242
422,K'=6 (1.5x),1.5,0.012295214209605153,0.014124444444444445,-0.12950811920668362
422,K'=8 (2x),2,0.010253253154187035,0.012368333333333332,-0.17100769538980976
422,K'=12 (3x),3,0.008211292098768915,0.01061222222222222,-0.22624197582535602
422,K'=20 (5x),5,0.0065777232544344255,0.009207333333333333,-0.285599530689187
422,R'=10 (2x),2,0.016369281845376275,0.017626666666666665,-0.07133423721390263
422,R'=20 (4x),4,0.016364354607843717,0.017621666666666667,-0.0713503485570576
422,K'=8 + R'=10,2,0.010248325916654479,0.012363333333333332,-0.17107096926493826
422,Fix temp,1,0.0159388924438243,0.01716,-0.07116011399625301
423,K'=6 (1.5x),1.5,0.02272308818483984,0.014124444444444445,0.6087774831935066
423,K'=8 (2x),2,0.020417577786481362,0.012368333333333332,0.650794592627519
423,K'=12 (3x),3,0.01811206738812289,0.01061222222222222,0.7067176891750186
423,K'=20 (5x),5,0.016267659069436117,0.009207333333333333,0.7668154807149501
423,R'=10 (2x),2,0.02732399380248368,0.017626666666666665,0.5501509343315252
423,R'=20 (4x),4,0.02731893621294713,0.017621666666666667,0.5503037669316445
423,K'=8 + R'=10,2,0.02041252019694481,0.012363333333333332,0.6510531299766632
423,Fix temp,1,0.02667827938350224,0.01716,0.5546782857518786
424,K'=6 (1.5x),1.5,0.010185954792483057,0.014124444444444445,-0.2788420930432071
424,K'=8 (2x),2,0.008528189257377682,0.012368333333333332,-0.31048193580021427
424,K'=12 (3x),3,0.006870423722272304,0.01061222222222222,-0.35259330436131564
424,K'=20 (5x),5,0.005544211294188004,0.009207333333333333,-0.3978483135701972
424,R'=10 (2x),2,0.013491556503430488,0.017626666666666665,-0.23459399564501762
424,R'=20 (4x),4,0.013486591823798827,0.017621666666666667,-0.2346585553504875
424,K'=8 + R'=10,2,0.00852322457774602,0.012363333333333332,-0.31060464456085024
424,Fix temp,1,0.012807823075770048,0.01716,-0.25362336388286444
425,K'=6 (1.5x),1.5,0.014188893118771025,0.014124444444444445,0.004562917471202215
425,K'=8 (2x),2,0.012083386791167482,0.012368333333333332,-0.023038394461596813
425,K'=12 (3x),3,0.009977880463563934,0.01061222222222222,-0.05977463959715827
425,K'=20 (5x),5,0.008293475401481096,0.009207333333333333,-0.099253268972439
425,R'=10 (2x),2,0.018389440981652835,0.017626666666666665,0.04327388322538785
425,R'=20 (4x),4,0.018384208585490194,0.017621666666666667,0.0432729737344288
425,K'=8 + R'=10,2,0.012078154395004839,0.012363333333333332,-0.023066508896885433
425,Fix temp,1,0.01789576423918228,0.01716,0.04287670391505116
426,K'=6 (1.5x),1.5,0.006419829709179429,0.014124444444444445,-0.5454809047937786
426,K'=8 (2x),2,0.005301344515078889,0.012368333333333332,-0.571377616352603
426,K'=12 (3x),3,0.004182859320978348,0.01061222222222222,-0.6058451063888061
426,K'=20 (5x),5,0.003288071165697916,0.009207333333333333,-0.6428856166427577
426,R'=10 (2x),2,0.00864680483475749,0.017626666666666665,-0.5094475320674646
426,R'=20 (4x),4,0.008641807203445978,0.017621666666666667,-0.5095919491092796
426,K'=8 + R'=10,2,0.005296346883767378,0.012363333333333332,-0.5716085022566154
426,Fix temp,1,0.0075939788198491984,0.01716,-0.5574604417337298
427,K'=6 (1.5x),1.5,0.01885945164683719,0.014124444444444445,0.33523493409010946
427,K'=8 (2x),2,0.01573313431046245,0.012368333333333332,0.27204966800666636
427,K'=12 (3x),3,0.012606816974087713,0.01061222222222222,0.18795259938005898
427,K'=20 (5x),5,0.010105763104987923,0.009207333333333333,0.0975776306916143
427,R'=10 (2x),2,0.02510198152471962,0.017626666666666665,0.4240912362738061
427,R'=20 (4x),4,0.0250969291272861,0.017621666666666667,0.42420859513587994
427,K'=8 + R'=10,2,0.015728081913028928,0.012363333333333332,0.2721554526580423
427,Fix temp,1,0.024912500286779066,0.01716,0.4517774059894559
428,K'=6 (1.5x),1.5,0.0038220178080049304,0.014124444444444445,-0.7294040255503117
428,K'=8 (2x),2,0.0031079963610659467,0.012368333333333332,-0.7487134056542827
428,K'=12 (3x),3,0.002393974914126963,0.01061222222222222,-0.7744134203000453
428,K'=20 (5x),5,0.0018227577565757761,0.009207333333333333,-0.8020319575075183
428,R'=10 (2x),2,0.005239539912035798,0.017626666666666665,-0.7027492485607527
428,R'=20 (4x),4,0.0052342795171122485,0.017621666666666667,-0.7029634247358981
428,K'=8 + R'=10,2,0.0031027359661423967,0.012363333333333332,-0.7490372634557242
428,Fix temp,1,0.00454448422928058,0.01716,-0.7351699167085909
429,K'=6 (1.5x),1.5,0.01784770141823813,0.014124444444444445,0.2636037819709185
429,K'=8 (2x),2,0.015300865008789508,0.012368333333333332,0.23709998723537334
429,K'=12 (3x),3,0.012754028599340883,0.01061222222222222,0.20182449370817676
429,K'=20 (5x),5,0.010716559471781986,0.009207333333333333,0.1639156619848656
429,R'=10 (2x),2,0.02293092824439306,0.017626666666666665,0.3009225554685928
429,R'=20 (4x),4,0.022925705248021906,0.017621666666666667,0.30099528504806045
429,K'=8 + R'=10,2,0.015295642012418351,0.012363333333333332,0.23717783869655049
429,Fix temp,1,0.02247050027030297,0.01716,0.3094697127216181
430,K'=6 (1.5x),1.5,0.0084094788388736,0.014124444444444445,-0.40461524897842666
430,K'=8 (2x),2,0.007752278487155136,0.012368333333333332,-0.37321559192924375
430,K'=12 (3x),3,0.007095078135436673,0.01061222222222222,-0.33142390096398217
430,K'=20 (5x),5,0.006569317854061901,0.009207333333333333,-0.2865124334883172
430,R'=10 (2x),2,0.009713909170474168,0.017626666666666665,-0.4489083299655351
430,R'=20 (4x),4,0.009708923984555988,0.017621666666666667,-0.44903486326174286
430,K'=8 + R'=10,2,0.007747293301236955,0.012363333333333332,-0.3733653301776525
430,Fix temp,1,0.008808412336318022,0.01716,-0.4866892577903251
431,K'=6 (1.5x),1.5,0.005712076069624735,0.014124444444444445,-0.5955893279844037
431,K'=8 (2x),2,0.004823165861428175,0.012368333333333332,-0.6100391433961858
431,K'=12 (3x),3,0.003934255653231616,0.01061222222222222,-0.6292712712900791
431,K'=20 (5x),5,0.003223127486674369,0.009207333333333333,-0.6499390898550754
431,R'=10 (2x),2,0.007479738017932064,0.017626666666666665,-0.5756578280295727
431,R'=20 (4x),4,0.007474658783889171,0.017621666666666667,-0.5758256625051071
431,K'=8 + R'=10,2,0.004818086627385282,0.012363333333333332,-0.6102922652424954
431,Fix temp,1,0.00703180954113772,0.01716,-0.5902208892110886
432,K'=6 (1.5x),1.5,0.005436185695949527,0.014124444444444445,-0.6151221580904206
432,K'=8 (2x),2,0.004698636319850111,0.012368333333333332,-0.620107560718223
432,K'=12 (3x),3,0.003961086943750693,0.01061222222222222,-0.6267429327425794
432,K'=20 (5x),5,0.003371047442871161,0.009207333333333333,-0.6338736395404575
432,R'=10 (2x),2,0.006900946790079369,0.017626666666666665,-0.6084939415613067
432,R'=20 (4x),4,0.0068957779610448735,0.017621666666666667,-0.6086761773737894
432,K'=8 + R'=10,2,0.004693467490815615,0.012363333333333332,-0.6203720012821017
432,Fix temp,1,0.0064974818965077554,0.01716,-0.6213588638398744
433,K'=6 (1.5x),1.5,0.00705741496629268,0.014124444444444445,-0.5003403500894107
433,K'=8 (2x),2,0.006646793939393466,0.012368333333333332,-0.46259582756554646
433,K'=12 (3x),3,0.00623617291249425,0.01061222222222222,-0.41235937375721643
433,K'=20 (5x),5,0.0059076760909748775,0.009207333333333333,-0.35837273648089807
433,R'=10 (2x),2,0.007868611226124412,0.017626666666666665,-0.5535961861124576
433,R'=20 (4x),4,0.007863588329141063,0.017621666666666667,-0.5537545637487338
433,K'=8 + R'=10,2,0.0066417710424101165,0.012363333333333332,-0.46278476335318547
433,Fix temp,1,0.007571577853353175,0.01716,-0.5587658593617031
434,K'=6 (1.5x),1.5,0.0026082810156645543,0.014124444444444445,-0.8153356738437618
434,K'=8 (2x),2,0.0024102058844283876,0.012368333333333332,-0.8051309081448549
434,K'=12 (3x),3,0.002212130753192221,0.01061222222222222,-0.7915487720790495
434,K'=20 (5x),5,0.002053670648203287,0.009207333333333333,-0.7769527208525864
434,R'=10 (2x),2,0.0029947222982723695,0.017626666666666665,-0.830102744046575
434,R'=20 (4x),4,0.0029898678083401103,0.017621666666666667,-0.8303300212802359
434,K'=8 + R'=10,2,0.0024053513944961285,0.012363333333333332,-0.8054447510518095
434,Fix temp,1,0.0020176116486088297,0.01716,-0.8824235636008841
435,K'=6 (1.5x),1.5,0.006007064052872152,0.014124444444444445,-0.5747044015430351
435,K'=8 (2x),2,0.005090855255409917,0.012368333333333332,-0.5883960176194649
435,K'=12 (3x),3,0.004174646457947683,0.01061222222222222,-0.606619012443418
435,K'=20 (5x),5,0.003441679419977894,0.009207333333333333,-0.6262023655081572
435,R'=10 (2x),2,0.007829334164303864,0.017626666666666665,-0.55582446117792
435,R'=20 (4x),4,0.007824260422557483,0.017621666666666667,-0.5559863564234853
435,K'=8 + R'=10,2,0.005085781513663538,0.012363333333333332,-0.588639942275799
435,Fix temp,1,0.007442932286742805,0.01716,-0.5662626872527503
436,K'=6 (1.5x),1.5,0.020295850663959895,0.014124444444444445,0.4369308997454299
436,K'=8 (2x),2,0.016021391856693493,0.012368333333333332,0.2953557625678611
436,K'=12 (3x),3,0.011746933049427085,0.01061222222222222,0.10692490257401088
436,K'=20 (5x),5,0.008327366003613963,0.009207333333333333,-0.09557244186366344
436,R'=10 (2x),2,0.028834488586768955,0.017626666666666665,0.6358446626381783
436,R'=20 (4x),4,0.02882934874090708,0.017621666666666667,0.6360171422060198
436,K'=8 + R'=10,2,0.01601625201083162,0.012363333333333332,0.2954638995010747
436,Fix temp,1,0.02851336638662018,0.01716,0.6616180877983785
437,K'=6 (1.5x),1.5,0.013472209379918023,0.014124444444444445,-0.04617775000580392
437,K'=8 (2x),2,0.01333226618157774,0.012368333333333332,0.07793554897542712
437,K'=12 (3x),3,0.01319232298323746,0.01061222222222222,0.24312539890207469
437,K'=20 (5x),5,0.013080368424565236,0.009207333333333333,0.42064677697834
437,R'=10 (2x),2,0.013742143765371796,0.017626666666666665,-0.22037762299327932
437,R'=20 (4x),4,0.013737167759758405,0.017621666666666667,-0.22043879165279082
437,K'=8 + R'=10,2,0.01332729017596435,0.012363333333333332,0.07796900857085608
437,Fix temp,1,0.01335500678568002,0.01716,-0.2217362013006982
438,K'=6 (1.5x),1.5,0.01814614157297466,0.014124444444444445,0.28473311954666397
438,K'=8 (2x),2,0.017443196023835175,0.012368333333333332,0.41031095732395984
438,K'=12 (3x),3,0.016740250474695694,0.01061222222222222,0.5774500499660902
438,K'=20 (5x),5,0.01617789403538411,0.009207333333333333,0.7570661829756112
438,R'=10 (2x),2,0.019542159568549388,0.017626666666666665,0.10867017219455688
438,R'=20 (4x),4,0.01953722301719727,0.017621666666666667,0.10870460704798657
438,K'=8 + R'=10,2,0.017438259472483057,0.012363333333333332,0.4104820279711291
438,Fix temp,1,0.01931219317644704,0.01716,0.1254191827766339
439,K'=6 (1.5x),1.5,0.018631907309210483,0.014124444444444445,0.3191249668257894
439,K'=8 (2x),2,0.018037175112083637,0.012368333333333332,0.4583351390985289
439,K'=12 (3x),3,0.0174424429149568,0.01061222222222222,0.6436183251451285
439,K'=20 (5x),5,0.016966657157255323,0.009207333333333333,0.8427330197583799
439,R'=10 (2x),2,0.019811127698281326,0.017626666666666665,0.12392933235332797
439,R'=20 (4x),4,0.019806005695689907,0.017621666666666667,0.12395757281887292
439,K'=8 + R'=10,2,0.018032053109492217,0.012363333333333332,0.4585106316655879
439,Fix temp,1,0.019426173742060064,0.01716,0.13206140687995702
440,K'=6 (1.5x),1.5,0.009736111740765632,0.014124444444444445,-0.31069064138695185
440,K'=8 (2x),2,0.008061735091225809,0.012368333333333332,-0.3481955188336497
440,K'=12 (3x),3,0.0063873584416859865,0.01061222222222222,-0.39811301460397985
440,K'=20 (5x),5,0.005047857122054128,0.009207333333333333,-0.45175688342037557
440,R'=10 (2x),2,0.013074187089096469,0.017626666666666665,-0.2582722907093531
440,R'=20 (4x),4,0.013068848113722066,0.017621666666666667,-0.2583648095873225
440,K'=8 + R'=10,2,0.008056396115851405,0.012363333333333332,-0.34836375444717665
440,Fix temp,1,0.012808937540756854,0.01716,-0.2535584183708128
441,K'=6 (1.5x),1.5,0.005231724347528413,0.014124444444444445,-0.629597867151072
441,K'=8 (2x),2,0.0050473206652826,0.012368333333333332,-0.591915860508077
441,K'=12 (3x),3,0.004862916983036788,0.01061222222222222,-0.5417626128433557
441,K'=20 (5x),5,0.004715394037240138,0.009207333333333333,-0.4878653931025843
441,R'=10 (2x),2,0.005590509043233689,0.017626666666666665,-0.6828379892265305
441,R'=20 (4x),4,0.005585497708840514,0.017621666666666667,-0.6830323819820006
441,K'=8 + R'=10,2,0.005042309330889425,0.012363333333333332,-0.5921561608878868
441,Fix temp,1,0.005130797591232592,0.01716,-0.7010024713733921
442,K'=6 (1.5x),1.5,0.014487701098234503,0.014124444444444445,0.025718296759837323
442,K'=8 (2x),2,0.013293656576421816,0.012368333333333332,0.07481389918516243
442,K'=12 (3x),3,0.012099612054609129,0.01061222222222222,0.14015818753514997
442,K'=20 (5x),5,0.011144376437158982,0.009207333333333333,0.21038046888266407
442,R'=10 (2x),2,0.016865508631707514,0.017626666666666665,-0.04318218806500482
442,R'=20 (4x),4,0.01686036787663133,0.017621666666666667,-0.04320242826266923
442,K'=8 + R'=10,2,0.013288515821345636,0.012363333333333332,0.07483277066694292
442,Fix temp,1,0.016549500815424903,0.01716,-0.03557687555798943
443,K'=6 (1.5x),1.5,0.013234731943410483,0.014124444444444445,-0.06299097316949068
443,K'=8 (2x),2,0.011730247289447247,0.012368333333333332,-0.05159030135179237
443,K'=12 (3x),3,0.01022576263548401,0.01061222222222222,-0.03641646194789965
443,K'=20 (5x),5,0.009022174912313422,0.009207333333333333,-0.02010988570920764
443,R'=10 (2x),2,0.01623312132365157,0.017626666666666665,-0.07905892641916197
443,R'=20 (4x),4,0.016227831359808875,0.017621666666666667,-0.07909781368719146
443,K'=8 + R'=10,2,0.011724957325604553,0.012363333333333332,-0.051634619120688514
443,Fix temp,1,0.015533705080469211,0.01716,-0.09477243120808801
444,K'=6 (1.5x),1.5,0.005537921695152228,0.014124444444444445,-0.6079193261770764
444,K'=8 (2x),2,0.004431788480011371,0.012368333333333332,-0.6416826454646514
444,K'=12 (3x),3,0.0033256552648705143,0.01061222222222222,-0.6866202765801002
444,K'=20 (5x),5,0.0024407486927578294,0.009207333333333333,-0.7349125306540624
444,R'=10 (2x),2,0.007740131833360817,0.017626666666666665,-0.5608851077896662
444,R'=20 (4x),4,0.007735103687324256,0.017621666666666667,-0.5610458514712424
444,K'=8 + R'=10,2,0.00442676033397481,0.012363333333333332,-0.6419444324096946
444,Fix temp,1,0.006817026018357809,0.01716,-0.6027374115176103
445,K'=6 (1.5x),1.5,0.02220590019481684,0.014124444444444445,0.5721609640760821
445,K'=8 (2x),2,0.01863519952330273,0.012368333333333332,0.506686391858461
445,K'=12 (3x),3,0.01506449885178862,0.01061222222222222,0.41954234809022717
445,K'=20 (5x),5,0.012207938314577331,0.009207333333333333,0.32589294561335147
445,R'=10 (2x),2,0.02933738864465611,0.017626666666666665,0.664375301323153
445,R'=20 (4x),4,0.029332432198061635,0.017621666666666667,0.664566283820768
445,K'=8 + R'=10,2,0.018630243076708256,0.012363333333333332,0.5068948296070308
445,Fix temp,1,0.029138019043815126,0.01716,0.6980197577980841
446,K'=6 (1.5x),1.5,0.011920962555970504,0.014124444444444445,-0.1560048536521827
446,K'=8 (2x),2,0.01154910217463974,0.012368333333333332,-0.06623618046303124
446,K'=12 (3x),3,0.011177241793308975,0.01061222222222222,0.05324234257963343
446,K'=20 (5x),5,0.01087975348824436,0.009207333333333333,0.18164001392850201
446,R'=10 (2x),2,0.012654680807011006,0.017626666666666665,-0.2820718150334149
446,R'=20 (4x),4,0.012649679551200494,0.017621666666666667,-0.28215192180835186
446,K'=8 + R'=10,2,0.011544100918829228,0.012363333333333332,-0.06626306938561102
446,Fix temp,1,0.012261606151164275,0.01716,-0.28545418699508895
447,K'=6 (1.5x),1.5,0.015976584231322772,0.014124444444444445,0.1311300981899382
447,K'=8 (2x),2,0.014322844069283478,0.012368333333333332,0.1580253930157779
447,K'=12 (3x),3,0.012669103907244184,0.01061222222222222,0.1938219575457823
447,K'=20 (5x),5,0.011346111777612748,0.009207333333333333,0.23229075855615972
447,R'=10 (2x),2,0.019273842469480544,0.017626666666666665,0.0934479464531323
447,R'=20 (4x),4,0.019268731426520136,0.017621666666666667,0.09346816002195035
447,K'=8 + R'=10,2,0.01431773302632307,0.012363333333333332,0.15808032027417668
447,Fix temp,1,0.018668231663867888,0.01716,0.08789228810418918
448,K'=6 (1.5x),1.5,0.009863568359147779,0.014124444444444445,-0.3016668090597073
448,K'=8 (2x),2,0.009361717030282851,0.012368333333333332,-0.24308985067110747
448,K'=12 (3x),3,0.008859865701417925,0.01061222222222222,-0.16512625575582307
448,K'=20 (5x),5,0.008458384638325985,0.009207333333333333,-0.08134262852154238
448,R'=10 (2x),2,0.010857213645494664,0.017626666666666665,-0.38404612449916803
448,R'=20 (4x),4,0.01085218495980318,0.017621666666666667,-0.38415672222813696
448,K'=8 + R'=10,2,0.009356688344591368,0.012363333333333332,-0.24319048169926918
448,Fix temp,1,0.010577042439636856,0.01716,-0.3836222354523977
449,K'=6 (1.5x),1.5,0.009203508755377789,0.014124444444444445,-0.34839853053492686
449,K'=8 (2x),2,0.0071789808156799894,0.012368333333333332,-0.41956764729713053
449,K'=12 (3x),3,0.005154452875982192,0.01061222222222222,-0.5142909026924958
449,K'=20 (5x),5,0.003534830524223953,0.009207333333333333,-0.616085309801178
449,R'=10 (2x),2,0.013242866411284809,0.017626666666666665,-0.24870273763512804
449,R'=20 (4x),4,0.013238017299540522,0.017621666666666667,-0.24876474229411588
449,K'=8 + R'=10,2,0.007174131703935702,0.012363333333333332,-0.4197251250523832
449,Fix temp,1,0.012574835153930645,0.01716,-0.2672007486054403
450,K'=6 (1.5x),1.5,0.02480108586707899,0.014124444444444445,0.7558981498089278
450,K'=8 (2x),2,0.018928465210963596,0.012368333333333332,0.5303974028538146
450,K'=12 (3x),3,0.013055844554848206,0.01061222222222222,0.23026490413185918
450,K'=20 (5x),5,0.00835774802995589,0.009207333333333333,-0.0922726779426663
450,R'=10 (2x),2,0.03653608171618407,0.017626666666666665,1.0727731684673263
450,R'=20 (4x),4,0.03653095898462121,0.017621666666666667,1.0730705940388467
450,K'=8 + R'=10,2,0.01892334247940074,0.012363333333333332,0.5306019800000601
450,Fix temp,1,0.036002034043518656,0.01716,1.0980206319066814
451,K'=6 (1.5x),1.5,0.010442462205931672,0.014124444444444445,-0.26068156188337754
451,K'=8 (2x),2,0.010019508506412318,0.012368333333333332,-0.18990633285980438
451,K'=12 (3x),3,0.009596554806892962,0.01061222222222222,-0.09570732633193725
451,K'=20 (5x),5,0.00925819184727748,0.009207333333333333,0.005523696395352991
451,R'=10 (2x),2,0.011278870616351286,0.017626666666666665,-0.36012458681819476
451,R'=20 (4x),4,0.011274121122041736,0.017621666666666667,-0.36021255336942765
451,K'=8 + R'=10,2,0.010014759012102768,0.012363333333333332,-0.18996287311112678
451,Fix temp,1,0.010952223171227652,0.01716,-0.36175855645526506
452,K'=6 (1.5x),1.5,0.016784928368576167,0.014124444444444445,0.18836025265249765
452,K'=8 (2x),2,0.016385211302178595,0.012368333333333332,0.3247711603971376
452,K'=12 (3x),3,0.015985494235781026,0.01061222222222222,0.5063286370226077
452,K'=20 (5x),5,0.01566572058266297,0.009207333333333333,0.7014394956190325
452,R'=10 (2x),2,0.017574111712118694,0.017626666666666665,-0.002981559448636822
452,R'=20 (4x),4,0.017568986317492388,0.017621666666666667,-0.0029895213756329798
452,K'=8 + R'=10,2,0.01638008590755229,0.012363333333333332,0.3248923624334557
452,Fix temp,1,0.01693564360480497,0.01716,-0.01307438200437246
453,K'=6 (1.5x),1.5,0.01007475543303436,0.014124444444444445,-0.2867149237153144
453,K'=8 (2x),2,0.008893136660991069,0.012368333333333332,-0.2809753407095214
453,K'=12 (3x),3,0.007711517888947775,0.01061222222222222,-0.27333618468715337
453,K'=20 (5x),5,0.006766222871313142,0.009207333333333333,-0.26512676077259334
453,R'=10 (2x),2,0.012427672029182261,0.017626666666666665,-0.2949505278451818
453,R'=20 (4x),4,0.012422511555212921,0.017621666666666667,-0.2950433242099922
453,K'=8 + R'=10,2,0.008887976187021729,0.012363333333333332,-0.28110195305836644
453,Fix temp,1,0.012023794366439598,0.01716,-0.2993126826084151
454,K'=6 (1.5x),1.5,0.01299110540851807,0.014124444444444445,-0.08023954785507692
454,K'=8 (2x),2,0.010616853533949155,0.012368333333333332,-0.14161000938290075
454,K'=12 (3x),3,0.008242601659380237,0.01061222222222222,-0.22329164554054926
454,K'=20 (5x),5,0.006343200159725103,0.009207333333333333,-0.3110708681784335
454,R'=10 (2x),2,0.01772959717860526,0.017626666666666665,0.005839476849768909
454,R'=20 (4x),4,0.017724591189079934,0.017621666666666667,0.005840793856801259
454,K'=8 + R'=10,2,0.010611847544423833,0.012363333333333332,-0.14166776399915065
454,Fix temp,1,0.01737998703025458,0.01716,0.012819757007842538
455,K'=6 (1.5x),1.5,0.008304633863078325,0.014124444444444445,-0.41203819408665104
455,K'=8 (2x),2,0.007439801922775545,0.012368333333333332,-0.3984798337602308
455,K'=12 (3x),3,0.0065749699824727646,0.01061222222222222,-0.38043419702382064
455,K'=20 (5x),5,0.005883104430230541,0.009207333333333333,-0.3610414419415095
455,R'=10 (2x),2,0.010024179305070938,0.017626666666666665,-0.4313060152191222
455,R'=20 (4x),4,0.010019120085764464,0.017621666666666667,-0.4314317552767731
455,K'=8 + R'=10,2,0.007434742703469072,0.012363333333333332,-0.39864577755709846
455,Fix temp,1,0.009707657366772223,0.01716,-0.43428570123704996
456,K'=6 (1.5x),1.5,0.02006172413153785,0.014124444444444445,0.4203549180604204
456,K'=8 (2x),2,0.0157253994228452,0.012368333333333332,0.27142428967890064
456,K'=12 (3x),3,0.011389074714152552,0.01061222222222222,0.07320356431130753
456,K'=20 (5x),5,0.007920014947198432,0.009207333333333333,-0.13981446522354293
456,R'=10 (2x),2,0.028724391690115644,0.017626666666666665,0.6295986208461978
456,R'=20 (4x),4,0.028719400760711895,0.017621666666666667,0.6297777789111072
456,K'=8 + R'=10,2,0.015720408493441453,0.012363333333333332,0.2715347932144611
456,Fix temp,1,0.028544303881285187,0.01716,0.6634209721028662
457,K'=6 (1.5x),1.5,0.010328119715662653,0.014124444444444445,-0.26877692384389656
457,K'=8 (2x),2,0.009828493054556171,0.012368333333333332,-0.20535024488159234
457,K'=12 (3x),3,0.009328866393449693,0.01061222222222222,-0.12093186534344837
457,K'=20 (5x),5,0.008929165064564511,0.009207333333333333,-0.030211599678027147
457,R'=10 (2x),2,0.011317853195673687,0.017626666666666665,-0.357913018399753
457,R'=20 (4x),4,0.011313093274572724,0.017621666666666667,-0.35800094913991926
457,K'=8 + R'=10,2,0.009823733133455208,0.012363333333333332,-0.20541387434980785
457,Fix temp,1,0.010933918186481435,0.01716,-0.36282528050807494
458,K'=6 (1.5x),1.5,0.014815270332028547,0.014124444444444445,0.04890995113480902
458,K'=8 (2x),2,0.012256316043695393,0.012368333333333332,-0.009056781267048055
458,K'=12 (3x),3,0.00969736175536224,0.01061222222222222,-0.08620818973657032
458,K'=20 (5x),5,0.007650198324695717,0.009207333333333333,-0.16911900028646906
458,R'=10 (2x),2,0.019923782165104015,0.017626666666666665,0.13032047078880576
458,R'=20 (4x),4,0.019919083793308593,0.017621666666666667,0.13037456502271402
458,K'=8 + R'=10,2,0.01225161767189997,0.012363333333333332,-0.009036047028851009
458,Fix temp,1,0.019338694649674987,0.01716,0.12696355767336745
459,K'=6 (1.5x),1.5,0.029968370401922042,0.014124444444444445,1.1217379925841597
459,K'=8 (2x),2,0.022929356528073774,0.012368333333333332,0.8538760162840946
459,K'=12 (3x),3,0.015890342654225502,0.01061222222222222,0.497362411140504
459,K'=20 (5x),5,0.01025913155514689,0.009207333333333333,0.11423483692131889
459,R'=10 (2x),2,0.044036741749851886,0.017626666666666665,1.4983022929189802
459,R'=20 (4x),4,0.044031913549968535,0.017621666666666667,1.4987371729860135
459,K'=8 + R'=10,2,0.02292452832819043,0.012363333333333332,0.8542352381928092
459,Fix temp,1,0.04324270410008691,0.01716,1.5199711014036659
460,K'=6 (1.5x),1.5,0.014764187258138675,0.014124444444444445,0.04529330808093199
460,K'=8 (2x),2,0.012628226131192697,0.012368333333333332,0.021012758215283506
460,K'=12 (3x),3,0.010492265004246716,0.01061222222222222,-0.011303685077788079
460,K'=20 (5x),5,0.008783496102689935,0.009207333333333333,-0.046032571570856384
460,R'=10 (2x),2,0.019026425175558602,0.017626666666666665,0.07941141313683453
460,R'=20 (4x),4,0.019021583007322585,0.017621666666666667,0.07944290214636816
460,K'=8 + R'=10,2,0.012623383962956682,0.012363333333333332,0.021034022347534338
460,Fix temp,1,0.018420742201365976,0.01716,0.07346982525442743
461,K'=6 (1.5x),1.5,0.009693405117723845,0.014124444444444445,-0.31371423804661264
461,K'=8 (2x),2,0.009643830224892385,0.012368333333333332,-0.22028053699832478
461,K'=12 (3x),3,0.009594255332060923,0.01061222222222222,-0.09592400807718227
461,K'=20 (5x),5,0.009554595417795757,0.009207333333333333,0.03771581541478794
461,R'=10 (2x),2,0.009782287977212934,0.017626666666666665,-0.44502904819139927
461,R'=20 (4x),4,0.00977715451412602,0.017621666666666667,-0.4451628952543638
461,K'=8 + R'=10,2,0.00963869676180547,0.012363333333333332,-0.22038041829559415
461,Fix temp,1,0.00961000885882285,0.01716,-0.43997617372827225
462,K'=6 (1.5x),1.5,0.014965086586704614,0.014124444444444445,0.05951682882584587
462,K'=8 (2x),2,0.014854571486705223,0.012368333333333332,0.20101642528272942
462,K'=12 (3x),3,0.01474405638670583,0.01061222222222222,0.3893467435907496
462,K'=20 (5x),5,0.014655644306706319,0.009207333333333333,0.5917360408413206
462,R'=10 (2x),2,0.015176704883002516,0.017626666666666665,-0.13899178046506144
462,R'=20 (4x),4,0.015171998931152076,0.017621666666666667,-0.13901453147723017
462,K'=8 + R'=10,2,0.014849865534854784,0.012363333333333332,0.20112150457170008
462,Fix temp,1,0.01461806607153193,0.01716,-0.14813134781282464
463,K'=6 (1.5x),1.5,0.018154252754759855,0.014124444444444445,0.2853073850915567
463,K'=8 (2x),2,0.013817566053655245,0.012368333333333332,0.117172838188
463,K'=12 (3x),3,0.009480879352550637,0.01061222222222222,-0.106607536666781
463,K'=20 (5x),5,0.006011529991666954,0.009207333333333333,-0.34709325990149653
463,R'=10 (2x),2,0.02681796790526288,0.017626666666666665,0.5214429598295887
463,R'=20 (4x),4,0.026813138779409783,0.017621666666666667,0.5216006117134087
463,K'=8 + R'=10,2,0.01381273692780215,0.012363333333333332,0.11723404646552857
463,Fix temp,1,0.026280571912951353,0.01716,0.5315018597290997
464,K'=6 (1.5x),1.5,0.015204847583729265,0.014124444444444445,0.07649172634961755
464,K'=8 (2x),2,0.013460952466877386,0.012368333333333332,0.08834004583296488
464,K'=12 (3x),3,0.011717057350025508,0.01061222222222222,0.10410968642267393
464,K'=20 (5x),5,0.010321941256544004,0.009207333333333333,0.12105654078748873
464,R'=10 (2x),2,0.01868311662873928,0.017626666666666665,0.05993475579080637
464,R'=20 (4x),4,0.01867835603439241,0.017621666666666667,0.059965347643568055
464,K'=8 + R'=10,2,0.013456191872530514,0.012363333333333332,0.08839513662959143
464,Fix temp,1,0.018335510654423,0.01716,0.06850295188945218
465,K'=6 (1.5x),1.5,0.013137356813503082,0.014124444444444445,-0.06988505883002095
465,K'=8 (2x),2,0.012737584476440843,0.012368333333333332,0.029854559475071655
465,K'=12 (3x),3,0.012337812139378606,0.01061222222222222,0.16260401271497715
465,K'=20 (5x),5,0.012017994269728815,0.009207333333333333,0.3052632977042374
465,R'=10 (2x),2,0.013926626750464223,0.017626666666666665,-0.20991149297668926
465,R'=20 (4x),4,0.013921489381882557,0.017621666666666667,-0.20997884903721423
465,K'=8 + R'=10,2,0.012732447107859177,0.012363333333333332,0.029855522339647774
465,Fix temp,1,0.0136676364613182,0.01716,-0.20351768873437076
466,K'=6 (1.5x),1.5,0.01847612411038377,0.014124444444444445,0.30809563399507506
466,K'=8 (2x),2,0.01610780775004434,0.012368333333333332,0.30234262902932296
466,K'=12 (3x),3,0.013739491389704903,0.01061222222222222,0.294685608913665
466,K'=20 (5x),5,0.011844838301433352,0.009207333333333333,0.2864569873398037
466,R'=10 (2x),2,0.023203195121095737,0.017626666666666665,0.3163688608791077
466,R'=20 (4x),4,0.023198414266112282,0.017621666666666667,0.316471063999562
466,K'=8 + R'=10,2,0.016103026895060886,0.012363333333333332,0.3024826283414037
466,Fix temp,1,0.02303938653005996,0.01716,0.3426215926608367
467,K'=6 (1.5x),1.5,0.011540325683996759,0.014124444444444445,-0.1829536567340243
467,K'=8 (2x),2,0.01023038768150112,0.012368333333333332,-0.17285640629286178
467,K'=12 (3x),3,0.00892044967900548,0.01061222222222222,-0.1594173687462115
467,K'=20 (5x),5,0.00787249927700897,0.009207333333333333,-0.14497509843505507
467,R'=10 (2x),2,0.01415037039165841,0.017626666666666665,-0.19721801862754856
467,R'=20 (4x),4,0.014145454742993594,0.017621666666666667,-0.19726919078821945
467,K'=8 + R'=10,2,0.010225472032836304,0.012363333333333332,-0.17291949046888877
467,Fix temp,1,0.013750625905315523,0.01716,-0.19868147404921202
468,K'=6 (1.5x),1.5,0.012313786954025593,0.014124444444444445,-0.12819318292770346
468,K'=8 (2x),2,0.011687265210694658,0.012368333333333332,-0.05506547279116078
468,K'=12 (3x),3,0.011060743467363725,0.01061222222222222,0.04226459225498422
468,K'=20 (5x),5,0.010559526072698978,0.009207333333333333,0.14686040902530362
468,R'=10 (2x),2,0.013556674033896326,0.017626666666666665,-0.23089973332660776
468,R'=20 (4x),4,0.01355159583050076,0.017621666666666667,-0.2309696870991719
468,K'=8 + R'=10,2,0.011682187007299092,0.012363333333333332,-0.05509406789168834
468,Fix temp,1,0.013359583118350608,0.01716,-0.2214695152476336
469,K'=6 (1.5x),1.5,0.006489377605740033,0.014124444444444445,-0.5405569662392992
469,K'=8 (2x),2,0.006083109053899844,0.012368333333333332,-0.5081706734483349
469,K'=12 (3x),3,0.005676840502059656,0.01061222222222222,-0.46506580966875816
469,K'=20 (5x),5,0.005351825660587504,0.009207333333333333,-0.41874314018671666
469,R'=10 (2x),2,0.007292073333899473,0.017626666666666665,-0.5863044629028287
469,R'=20 (4x),4,0.007287152646139003,0.017621666666666667,-0.5864663210362809
469,K'=8 + R'=10,2,0.006078188366139375,0.012363333333333332,-0.5083697735665105
469,Fix temp,1,0.007155026968561372,0.01716,-0.5830403864474726
470,K'=6 (1.5x),1.5,0.0064408109672863334,0.014124444444444445,-0.5439954475646869
470,K'=8 (2x),2,0.006372076865738589,0.012368333333333332,-0.4848071527498782
470,K'=12 (3x),3,0.006303342764190844,0.01061222222222222,-0.40602989343819906
470,K'=20 (5x),5,0.006248355482952648,0.009207333333333333,-0.32137186123894196
470,R'=10 (2x),2,0.006568541223987512,0.017626666666666665,-0.627352048563492
470,R'=20 (4x),4,0.006563672250790358,0.017621666666666667,-0.6275226188901718
470,K'=8 + R'=10,2,0.006367207892541435,0.012363333333333332,-0.48499262125574805
470,Fix temp,1,0.006376400817480988,0.01716,-0.6284148707761662
471,K'=6 (1.5x),1.5,0.006175304132566542,0.014124444444444445,-0.5627931309542253
471,K'=8 (2x),2,0.0056195897894199395,0.012368333333333332,-0.5456469648764366
471,K'=12 (3x),3,0.005063875446273337,0.01061222222222222,-0.522826101806512
471,K'=20 (5x),5,0.004619303971756054,0.009207333333333333,-0.49830164668495536
471,R'=10 (2x),2,0.00727706462738326,0.017626666666666665,-0.5871559402014035
471,R'=20 (4x),4,0.0072722305316450155,0.017621666666666667,-0.5873131259825017
471,K'=8 + R'=10,2,0.005614755693681695,0.012363333333333332,-0.5458542172810708
471,Fix temp,1,0.006857208621192805,0.01716,-0.6003957679957573
472,K'=6 (1.5x),1.5,0.0354589811735892,0.014124444444444445,1.5104690887531684
472,K'=8 (2x),2,0.03164229907977389,0.012368333333333332,1.5583316868163772
472,K'=12 (3x),3,0.02782561698595856,0.01061222222222222,1.6220348955462995
472,K'=20 (5x),5,0.024772271310906303,0.009207333333333333,1.6904935896285176
472,R'=10 (2x),2,0.04308236950020365,0.017626666666666665,1.4441586327649578
472,R'=20 (4x),4,0.04307738156969555,0.017621666666666667,1.4445690855781075
472,K'=8 + R'=10,2,0.03163731114926579,0.012363333333333332,1.5589628861633158
472,Fix temp,1,0.04223176017230641,0.01716,1.4610582850994411
473,K'=6 (1.5x),1.5,0.014361560298520747,0.014124444444444445,0.01678762340061926
473,K'=8 (2x),2,0.013267526686498955,0.012368333333333332,0.07270125480385041
473,K'=12 (3x),3,0.012173493074477166,0.01061222222222222,0.1471200677446813
473,K'=20 (5x),5,0.011298266184859735,0.009207333333333333,0.22709429275864185
473,R'=10 (2x),2,0.016539975140150143,0.017626666666666665,-0.061650426996020545
473,R'=20 (4x),4,0.016535148948943052,0.017621666666666667,-0.06165805642997911
473,K'=8 + R'=10,2,0.013262700495291864,0.012363333333333332,0.07274471517593947
473,Fix temp,1,0.015918704071013555,0.01716,-0.07233659259827777
474,K'=6 (1.5x),1.5,0.0018109777338514376,0.014124444444444445,-0.8717841440791146
474,K'=8 (2x),2,0.0017239601189528678,0.012368333333333332,-0.8606150018364478
474,K'=12 (3x),3,0.0016369425040542985,0.01061222222222222,-0.8457493190609497
474,K'=20 (5x),5,0.0015673284121354427,0.009207333333333333,-0.8297739035404269
474,R'=10 (2x),2,0.0019746130038883637,0.017626666666666665,-0.8879758129412805
474,R'=20 (4x),4,0.0019694130240082573,0.017621666666666667,-0.8882391171469824
474,K'=8 + R'=10,2,0.0017187601390727615,0.012363333333333332,-0.8609792284384393
474,Fix temp,1,0.0015315414496844203,0.01716,-0.9107493327689733
475,K'=6 (1.5x),1.5,0.04119015364617603,0.014124444444444445,1.9162317716770314
475,K'=8 (2x),2,0.03298847393200402,0.012368333333333332,1.66717212763811
475,K'=12 (3x),3,0.024786794217832024,0.01061222222222222,1.3356836766881819
475,K'=20 (5x),5,0.01822545044649442,0.009207333333333333,0.9794494004591723
475,R'=10 (2x),2,0.057583990275387416,0.017626666666666665,2.2668678295416465
475,R'=20 (4x),4,0.05757922887582111,0.017621666666666667,2.2675245744341876
475,K'=8 + R'=10,2,0.03298371253243772,0.012363333333333332,1.667865667223326
475,Fix temp,1,0.056904674505455874,0.01716,2.3161232229286637
476,K'=6 (1.5x),1.5,0.010291386268681766,0.014124444444444445,-0.2713776241493401
476,K'=8 (2x),2,0.008245559447210537,0.012368333333333332,-0.3333330186866564
476,K'=12 (3x),3,0.006199732625739307,0.01061222222222222,-0.41579317734631166
476,K'=20 (5x),5,0.004563071168562324,0.009207333333333333,-0.5044090396898496
476,R'=10 (2x),2,0.014372752532028148,0.017626666666666665,-0.18460178524802484
476,R'=20 (4x),4,0.014367608842230109,0.017621666666666667,-0.18466231860984914
476,K'=8 + R'=10,2,0.008240415757412498,0.012363333333333332,-0.33347944803889196
476,Fix temp,1,0.014183390147768045,0.01716,-0.17346211260092986
477,K'=6 (1.5x),1.5,0.02328641222986701,0.014124444444444445,0.6486604001636492
477,K'=8 (2x),2,0.02252898276606744,0.012368333333333332,0.8215051421156807
477,K'=12 (3x),3,0.021771553302267873,0.01061222222222222,1.0515545986850685
477,K'=20 (5x),5,0.02116560973122822,0.009207333333333333,1.2987773946015733
477,R'=10 (2x),2,0.024790855917570617,0.017626666666666665,0.406440388667017
477,R'=20 (4x),4,0.024785648297622857,0.017621666666666667,0.4065439306321492
477,K'=8 + R'=10,2,0.02252377514611968,0.012363333333333332,0.8218205834014304
477,Fix temp,1,0.024435436203805363,0.01716,0.42397646875322614
478,K'=6 (1.5x),1.5,0.008250896960102033,0.014124444444444445,-0.41584272623569624
478,K'=8 (2x),2,0.00706297606996969,0.012368333333333332,-0.42894682091607406
478,K'=12 (3x),3,0.005875055179837347,0.01061222222222222,-0.44638784819876315
478,K'=20 (5x),5,0.004924718467731471,0.009207333333333333,-0.46513085934420334
478,R'=10 (2x),2,0.010616453837449635,0.017626666666666665,-0.3977049638360645
478,R'=20 (4x),4,0.010611311385991092,0.017621666666666667,-0.39782589316233286
478,K'=8 + R'=10,2,0.007057833618511147,0.012363333333333332,-0.42913181840028464
478,Fix temp,1,0.009748659639144215,0.01716,-0.43189629142516234
479,K'=6 (1.5x),1.5,0.020579062940639437,0.014124444444444445,0.4569821150547115
479,K'=8 (2x),2,0.01851981073692947,0.012368333333333332,0.4973570195603939
479,K'=12 (3x),3,0.016460558533219496,0.01061222222222222,0.551094406857664
479,K'=20 (5x),5,0.01481315677025152,0.009207333333333333,0.6088433245512476
479,R'=10 (2x),2,0.024687423540737746,0.017626666666666665,0.40057243990569674
479,R'=20 (4x),4,0.02468235163707693,0.017621666666666667,0.40068201856106667
479,K'=8 + R'=10,2,0.018514738833268655,0.012363333333333332,0.4975523456404953
479,Fix temp,1,0.024461264336337333,0.01716,0.42548160468166263
480,K'=6 (1.5x),1.5,0.004124194076484154,0.014124444444444445,-0.7080101739430664
480,K'=8 (2x),2,0.00375119174929366,0.012368333333333332,-0.696710005447218
480,K'=12 (3x),3,0.0033781894221031655,0.01061222222222222,-0.6816699319555178
480,K'=20 (5x),5,0.0030797875603507706,0.009207333333333333,-0.6655071073400799
480,R'=10 (2x),2,0.004860025280453765,0.017626666666666665,-0.7242799576141964
480,R'=20 (4x),4,0.004854938555248076,0.017621666666666667,-0.7244903874823754
480,K'=8 + R'=10,2,0.003746105024087971,0.012363333333333332,-0.6969987847866295
480,Fix temp,1,0.004585612549767448,0.01716,-0.7327731614354634
481,K'=6 (1.5x),1.5,0.0049323559612226555,0.014124444444444445,-0.6507929228209259
481,K'=8 (2x),2,0.004395631251614776,0.012368333333333332,-0.644606016578781
481,K'=12 (3x),3,0.0038589065420068995,0.01061222222222222,-0.6363714911730488
481,K'=20 (5x),5,0.0034295267743205977,0.009207333333333333,-0.627522253169148
481,R'=10 (2x),2,0.005995752499708558,0.017626666666666665,-0.6598476267185007
481,R'=20 (4x),4,0.0059907260593436325,0.017621666666666667,-0.6600363533901278
481,K'=8 + R'=10,2,0.0043906048112498505,0.012363333333333332,-0.6448688478363561
481,Fix temp,1,0.005387351011928828,0.01716,-0.6860518058316534
482,K'=6 (1.5x),1.5,0.006304066479282995,0.014124444444444445,-0.5536768540469875
482,K'=8 (2x),2,0.005631140257502801,0.012368333333333332,-0.5447130906209836
482,K'=12 (3x),3,0.004958214035722609,0.01061222222222222,-0.532782679075453
482,K'=20 (5x),5,0.004419873058298456,0.009207333333333333,-0.5199616546631175
482,R'=10 (2x),2,0.007640180282085068,0.017626666666666665,-0.5665555815761119
482,R'=20 (4x),4,0.007635310961705914,0.017621666666666667,-0.5667089211176063
482,K'=8 + R'=10,2,0.005626270937123647,0.012363333333333332,-0.5449228144682949
482,Fix temp,1,0.006963541456636837,0.01716,-0.5941992158137043
483,K'=6 (1.5x),1.5,0.004393748969159932,0.014124444444444445,-0.688925891107305
483,K'=8 (2x),2,0.004249824295078808,0.012368333333333332,-0.65639474773652
483,K'=12 (3x),3,0.004105899620997685,0.01061222222222222,-0.6130970936134523
483,K'=20 (5x),5,0.0039907598817327875,0.009207333333333333,-0.5665672418652392
483,R'=10 (2x),2,0.004671688494704255,0.017626666666666665,-0.7349647223125423
483,R'=20 (4x),4,0.004666733583395295,0.017621666666666667,-0.7351707036756666
483,K'=8 + R'=10,2,0.004244869383769848,0.012363333333333332,-0.656656561032366
483,Fix temp,1,0.003911750842170071,0.01716,-0.7720424917150308
484,K'=6 (1.5x),1.5,0.030804681296047513,0.014124444444444445,1.1809481723129924
484,K'=8 (2x),2,0.029312706127467256,0.012368333333333332,1.3699802825064487
484,K'=12 (3x),3,0.027820730958887006,0.01061222222222222,1.6215744804730718
484,K'=20 (5x),5,0.026627150824022804,0.009207333333333333,1.8919503465378473
484,R'=10 (2x),2,0.03377915136473687,0.017626666666666665,0.9163663784835595
484,R'=20 (4x),4,0.033774411230501296,0.017621666666666667,0.9166411366973212
484,K'=8 + R'=10,2,0.029307965993231683,0.012363333333333332,1.3705553512994084
484,Fix temp,1,0.03331811924439852,0.01716,0.9416153405826643
485,K'=6 (1.5x),1.5,0.021586161792851766,0.014124444444444445,0.5282839532384038
485,K'=8 (2x),2,0.017247152258075587,0.012368333333333332,0.39446049789049364
485,K'=12 (3x),3,0.012908142723299399,0.01061222222222222,0.21634681718871954
485,K'=20 (5x),5,0.00943693509547845,0.009207333333333333,0.024936836088456732
485,R'=10 (2x),2,0.030254382881653278,0.017626666666666665,0.7163984236943994
485,R'=20 (4x),4,0.030249483891277847,0.017621666666666667,0.7166074278602769
485,K'=8 + R'=10,2,0.017242253267700156,0.012363333333333332,0.39462819636291385
485,Fix temp,1,0.029602342082990996,0.01716,0.7250782099645101
486,K'=6 (1.5x),1.5,0.008883003450322384,0.014124444444444445,-0.3710900640898249
486,K'=8 (2x),2,0.008083150402638382,0.012368333333333332,-0.3464640558438176
486,K'=12 (3x),3,0.007283297354954381,0.01061222222222222,-0.31368782122720723
486,K'=20 (5x),5,0.00664341491680718,0.009207333333333333,-0.2784648196936666
486,R'=10 (2x),2,0.010472470635466536,0.017626666666666665,-0.40587345108926604
486,R'=20 (4x),4,0.010467351180354611,0.017621666666666667,-0.4059953931511618
486,K'=8 + R'=10,2,0.008078030947526457,0.012363333333333332,-0.34661383546564106
486,Fix temp,1,0.00950483330335596,0.01716,-0.4461052853522169
487,K'=6 (1.5x),1.5,0.00453349524957064,0.014124444444444445,-0.6790319599894921
487,K'=8 (2x),2,0.004338746257714225,0.012368333333333332,-0.6492052614703495
487,K'=12 (3x),3,0.0041439972658578106,0.01061222222222222,-0.6095071155615087
487,K'=20 (5x),5,0.0039881980723726765,0.009207333333333333,-0.5668454776222566
487,R'=10 (2x),2,0.004913385877961364,0.017626666666666665,-0.721252692248788
487,R'=20 (4x),4,0.00490858220030031,0.017621666666666667,-0.7214462006828539
487,K'=8 + R'=10,2,0.004333942580053171,0.012363333333333332,-0.6494519347490021
487,Fix temp,1,0.004462590163653298,0.01716,-0.7399422981554022
488,K'=6 (1.5x),1.5,0.005952302696186067,0.014124444444444445,-0.5785814642410746
488,K'=8 (2x),2,0.00518397354430645,0.012368333333333332,-0.5808672515046664
488,K'=12 (3x),3,0.004415644392426834,0.01061222222222222,-0.5839095431699141
488,K'=20 (5x),5,0.003800981070923139,0.009207333333333333,-0.5871789438574536
488,R'=10 (2x),2,0.007479167588447381,0.017626666666666665,-0.5756901897628187
488,R'=20 (4x),4,0.00747427088269842,0.017621666666666667,-0.575847675246472
488,K'=8 + R'=10,2,0.005179076838557489,0.012363333333333332,-0.5810938119257895
488,Fix temp,1,0.00712406327537233,0.01716,-0.5848447974724751
489,K'=6 (1.5x),1.5,0.029579264281575295,0.014124444444444445,1.0941895731134177
489,K'=8 (2x),2,0.025735293455893163,0.012368333333333332,1.0807406109063333
489,K'=12 (3x),3,0.021891322630211034,0.01061222222222222,1.0628405787027466
489,K'=20 (5x),5,0.018816145969665327,0.009207333333333333,1.043604297624936
489,R'=10 (2x),2,0.03725722523616127,0.017626666666666665,1.113685244108998
489,R'=20 (4x),4,0.03725223488777213,0.017621666666666667,1.114001790661428
489,K'=8 + R'=10,2,0.025730303107504023,0.012363333333333332,1.08117846650073
489,Fix temp,1,0.0370129760060224,0.01716,1.1569333336842889
490,K'=6 (1.5x),1.5,0.04515469610018214,0.014124444444444445,2.196918383430139
490,K'=8 (2x),2,0.04230699764615329,0.012368333333333332,2.4205900266395335
490,K'=12 (3x),3,0.03945929919212444,0.01061222222222222,2.718288061240917
490,K'=20 (5x),5,0.03718114042890137,0.009207333333333333,3.0382094448882815
490,R'=10 (2x),2,0.05084004942596538,0.017626666666666665,1.8842690672824536
490,R'=20 (4x),4,0.05083502763482815,0.017621666666666667,1.8848024762032431
490,K'=8 + R'=10,2,0.042301975855016063,0.012363333333333332,2.4215672031557887
490,Fix temp,1,0.050690300190226745,0.01716,1.9539801975656608
491,K'=6 (1.5x),1.5,0.005808839178723079,0.014124444444444445,-0.5887385729349613
491,K'=8 (2x),2,0.0049461384497884895,0.012368333333333332,-0.6000966082909185
491,K'=12 (3x),3,0.004083437720853901,0.01061222222222222,-0.6152137002650495
491,K'=20 (5x),5,0.003393277137706229,0.009207333333333333,-0.6314592928419852
491,R'=10 (2x),2,0.007523951726852199,0.017626666666666665,-0.5731494859955257
491,R'=20 (4x),4,0.007518807271982169,0.017621666666666667,-0.57332030992251
491,K'=8 + R'=10,2,0.0049409939949184595,0.012363333333333332,-0.6003509845037643
491,Fix temp,1,0.006480132617328758,0.01716,-0.6223698940950608
492,K'=6 (1.5x),1.5,0.007247463815293565,0.014124444444444445,-0.48688503510350783
492,K'=8 (2x),2,0.0061004129135774935,0.012368333333333332,-0.5067716280627279
492,K'=12 (3x),3,0.004953362011861422,0.01061222222222222,-0.5332398899931651
492,K'=20 (5x),5,0.004035721290488565,0.009207333333333333,-0.5616840246374014
492,R'=10 (2x),2,0.009531450750295148,0.017626666666666665,-0.4592596019121512
492,R'=20 (4x),4,0.009526393316079866,0.017621666666666667,-0.45939317226445475
492,K'=8 + R'=10,2,0.0060953554793622125,0.012363333333333332,-0.5069812230227382
492,Fix temp,1,0.008824486031797486,0.01716,-0.4857525622495638
493,K'=6 (1.5x),1.5,0.020098065011651095,0.014124444444444445,0.4229278249280983
493,K'=8 (2x),2,0.018694204474180433,0.012368333333333332,0.5114570387425228
493,K'=12 (3x),3,0.01729034393670977,0.01061222222222222,0.629285890800837
493,K'=20 (5x),5,0.01616725550673324,0.009207333333333333,0.7559107421692753
493,R'=10 (2x),2,0.022895944874974122,0.017626666666666665,0.29893787112183
493,R'=20 (4x),4,0.022891024269164974,0.017621666666666667,0.299027197720513
493,K'=8 + R'=10,2,0.018689283868371286,0.012363333333333332,0.5116703048022071
493,Fix temp,1,0.022467748520428817,0.01716,0.3093093543373435
494,K'=6 (1.5x),1.5,0.01850239026831028,0.014124444444444445,0.309955258140281
494,K'=8 (2x),2,0.018086977978758106,0.012368333333333332,0.46236178240868686
494,K'=12 (3x),3,0.017671565689205932,0.01061222222222222,0.6652087865443767
494,K'=20 (5x),5,0.017339235857564188,0.009207333333333333,0.8831984495218509
494,R'=10 (2x),2,0.019322902091870237,0.017626666666666665,0.09623120793514965
494,R'=20 (4x),4,0.01931774571409804,0.017621666666666667,0.09624963855658966
494,K'=8 + R'=10,2,0.018081821600985908,0.012363333333333332,0.4625361230239345
494,Fix temp,1,0.018809695338299542,0.01716,0.0961360919754977
495,K'=6 (1.5x),1.5,0.008519530127376227,0.014124444444444445,-0.3968237008622873
495,K'=8 (2x),2,0.008454823380502567,0.012368333333333332,-0.3164136870635304
495,K'=12 (3x),3,0.00839011663362891,0.01061222222222222,-0.2093911663421611
495,K'=20 (5x),5,0.008338351236129983,0.009207333333333333,-0.09437934586959855
495,R'=10 (2x),2,0.008638878214044403,0.017626666666666665,-0.509897226888555
495,R'=20 (4x),4,0.008633845510504832,0.017621666666666667,-0.5100437618175637
495,K'=8 + R'=10,2,0.008449790676962997,0.012363333333333332,-0.3165442968215424
495,Fix temp,1,0.008323192077663985,0.01716,-0.514965496639628
496,K'=6 (1.5x),1.5,0.03534251981628194,0.014124444444444445,1.5022237126064935
496,K'=8 (2x),2,0.03451370579383723,0.012368333333333332,1.7904896208465626
496,K'=12 (3x),3,0.033684891771392535,0.01061222222222222,2.1741600454667873
496,K'=20 (5x),5,0.03302184055343678,0.009207333333333333,2.586471713138453
496,R'=10 (2x),2,0.03699022112037291,0.017626666666666665,1.098537506829023
496,R'=20 (4x),4,0.036985257749973695,0.017621666666666667,1.0988512862937876
496,K'=8 + R'=10,2,0.034508742423438016,0.012363333333333332,1.7912166964225953
496,Fix temp,1,0.036785671137898136,0.01716,1.143687129248143
497,K'=6 (1.5x),1.5,0.00714135459257578,0.014124444444444445,-0.49439748793909677
497,K'=8 (2x),2,0.0062173022096728425,0.012368333333333332,-0.4973209370969268
497,K'=12 (3x),3,0.005293249826769906,0.01061222222222222,-0.5012119313063642
497,K'=20 (5x),5,0.0045540079204475555,0.009207333333333333,-0.5053933907268602
497,R'=10 (2x),2,0.008979615241363793,0.017626666666666665,-0.49056645756256845
497,R'=20 (4x),4,0.008974693182854862,0.017621666666666667,-0.49070122862830634
497,K'=8 + R'=10,2,0.006212380151163912,0.012363333333333332,-0.49751576021861044
497,Fix temp,1,0.008557813082916579,0.01716,-0.5012929438859803
498,K'=6 (1.5x),1.5,0.01964763182074124,0.014124444444444445,0.391037495175198
498,K'=8 (2x),2,0.018611194230794714,0.012368333333333332,0.5047455246566271
498,K'=12 (3x),3,0.017574756640848184,0.01061222222222222,0.656086375956797
498,K'=20 (5x),5,0.016745606568890965,0.009207333333333333,0.8187249187847693
498,R'=10 (2x),2,0.02171036699292843,0.017626666666666665,0.23167740126295935
498,R'=20 (4x),4,0.021705296989075498,0.017621666666666667,0.2317391651797312
498,K'=8 + R'=10,2,0.018606124226941783,0.012363333333333332,0.5049439924730481
498,Fix temp,1,0.02155027211702121,0.01716,0.2558433634627744
499,K'=6 (1.5x),1.5,0.014745186203291212,0.014124444444444445,0.04394804774717519
499,K'=8 (2x),2,0.013743492335750444,0.012368333333333332,0.11118385681852413
499,K'=12 (3x),3,0.012741798468209675,0.01061222222222222,0.20067203658137459
499,K'=20 (5x),5,0.011940443374177058,0.009207333333333333,0.29684056630697175
499,R'=10 (2x),2,0.016738660179820692,0.017626666666666665,-0.05037858283921937
499,R'=20 (4x),4,0.01673370330054466,0.017621666666666667,-0.050390430310527166
499,K'=8 + R'=10,2,0.013738535456474413,0.012363333333333332,0.11123230977145443
499,Fix temp,1,0.0160905989778078,0.01716,-0.062319406887657365
500,K'=6 (1.5x),1.5,0.013274024209766448,0.014124444444444445,-0.06020911038469141
500,K'=8 (2x),2,0.012283976767872818,0.012368333333333332,-0.006820366429902779
500,K'=12 (3x),3,0.011293929325979184,0.01061222222222222,0.06423792203761564
500,K'=20 (5x),5,0.01050189137246428,0.009207333333333333,0.14060075727292878
500,R'=10 (2x),2,0.015243884777350537,0.017626666666666665,-0.13518051565711772
500,R'=20 (4x),4,0.015238767619248951,0.017621666666666667,-0.1352255205193067
500,K'=8 + R'=10,2,0.012278859609771231,0.012363333333333332,-0.006832600989115722
500,Fix temp,1,0.014723426652723961,0.01716,-0.14199145380396505
501,K'=6 (1.5x),1.5,0.005775067548317861,0.014124444444444445,-0.5911295788635876
501,K'=8 (2x),2,0.0055304155988002,0.012368333333333332,-0.5528568441880986
501,K'=12 (3x),3,0.005285763649282539,0.01061222222222222,-0.5019173610769254
501,K'=20 (5x),5,0.00509004208966841,0.009207333333333333,-0.4471752129098099
501,R'=10 (2x),2,0.006255062819073966,0.017626666666666665,-0.6451363756198581
501,R'=20 (4x),4,0.006250408504934359,0.017621666666666667,-0.6452998105589128
501,K'=8 + R'=10,2,0.0055257612846605925,0.012363333333333332,-0.5530524709090919
501,Fix temp,1,0.005416933566079506,0.01716,-0.6843278807645976
502,K'=6 (1.5x),1.5,0.025156534154478633,0.014124444444444445,0.7810636201251392
502,K'=8 (2x),2,0.024664452192199683,0.012368333333333332,0.9941613415065101
502,K'=12 (3x),3,0.024172370229920734,0.01061222222222222,1.2777859079602831
502,K'=20 (5x),5,0.023778704660097568,0.009207333333333333,1.5825832300446276
502,R'=10 (2x),2,0.02613081477952148,0.017626666666666665,0.4824592348442596
502,R'=20 (4x),4,0.02612587312976395,0.017621666666666667,0.48259943988067433
502,K'=8 + R'=10,2,0.024659510542442153,0.012363333333333332,0.9945681215240352
502,Fix temp,1,0.02567561353562316,0.01716,0.49624787503631457
503,K'=6 (1.5x),1.5,0.0132509140917259,0.014124444444444445,-0.06184528928938719
503,K'=8 (2x),2,0.010952842808406155,0.012368333333333332,-0.11444472644607277
503,K'=12 (3x),3,0.00865477152508641,0.01061222222222222,-0.18445247905164167
503,K'=20 (5x),5,0.0068163144984306175,0.009207333333333333,-0.25968635524973377
503,R'=10 (2x),2,0.017836889889779637,0.017626666666666665,0.011926430963292635
503,R'=20 (4x),4,0.01783180650548676,0.017621666666666667,0.011925083069332714
503,K'=8 + R'=10,2,0.010947759424113279,0.012363333333333332,-0.11449775485737827
503,Fix temp,1,0.01764408472637896,0.01716,0.02821006563979951
504,K'=6 (1.5x),1.5,0.013431415354881817,0.014124444444444445,-0.049065936171048215
504,K'=8 (2x),2,0.012258923649334735,0.012368333333333332,-0.008845952081816216
504,K'=12 (3x),3,0.011086431943787653,0.01061222222222222,0.044685242321106586
504,K'=20 (5x),5,0.010148438579349987,0.009207333333333333,0.10221257468865264
504,R'=10 (2x),2,0.015766480612025468,0.017626666666666665,-0.10553249175347189
504,R'=20 (4x),4,0.01576152153505021,0.017621666666666667,-0.10556011339921259
504,K'=8 + R'=10,2,0.01225396457235948,0.012363333333333332,-0.008846219544932756
504,Fix temp,1,0.015385140800429834,0.01716,-0.1034300232849748
505,K'=6 (1.5x),1.5,0.013064734128279586,0.014124444444444445,-0.07502669009977757
505,K'=8 (2x),2,0.011139308604516332,0.012368333333333332,-0.09936866154025067
505,K'=12 (3x),3,0.009213883080753077,0.01061222222222222,-0.13176685449923878
505,K'=20 (5x),5,0.007673542661742471,0.009207333333333333,-0.16658359332316944
505,R'=10 (2x),2,0.016905297721945378,0.017626666666666665,-0.04092486448872659
505,R'=20 (4x),4,0.01690015399501502,0.017621666666666667,-0.040944632837509584
505,K'=8 + R'=10,2,0.011134164877585973,0.012363333333333332,-0.09942047363823343
505,Fix temp,1,0.016547828586629204,0.01716,-0.035674324788508016
506,K'=6 (1.5x),1.5,0.005963941006328805,0.014124444444444445,-0.5777574806721268
506,K'=8 (2x),2,0.0049440875016879705,0.012368333333333332,-0.6002624308027513
506,K'=12 (3x),3,0.003924233997047136,0.01061222222222222,-0.6302156216791517
506,K'=20 (5x),5,0.0031083511933344674,0.009207333333333333,-0.6624048374482876
506,R'=10 (2x),2,0.007994117350263697,0.017626666666666665,-0.5464759445765679
506,R'=20 (4x),4,0.00798935201759031,0.017621666666666667,-0.5466176855618854
506,K'=8 + R'=10,2,0.004939322169014582,0.012363333333333332,-0.6004862090309047
506,Fix temp,1,0.007527927417576275,0.01716,-0.5613095910503336
507,K'=6 (1.5x),1.5,0.028516341797620495,0.014124444444444445,1.0189354639599153
507,K'=8 (2x),2,0.02245429919297828,0.012368333333333332,0.8154668529560665
507,K'=12 (3x),3,0.016392256588336065,0.01061222222222222,0.5446582482988651
507,K'=20 (5x),5,0.011542622504622293,0.009207333333333333,0.2536336077715907
507,R'=10 (2x),2,0.040630171211305584,0.017626666666666665,1.305039970384205
507,R'=20 (4x),4,0.04062504331350591,0.017621666666666667,1.3054030065358502
507,K'=8 + R'=10,2,0.02244917129517861,0.012363333333333332,0.8157863004997531
507,Fix temp,1,0.04005828082082818,0.01716,1.3343986492324111
508,K'=6 (1.5x),1.5,0.011199895596056414,0.014124444444444445,-0.2070558498701406
508,K'=8 (2x),2,0.009903632363513866,0.012368333333333332,-0.19927510873085566
508,K'=12 (3x),3,0.008607369130971317,0.01061222222222222,-0.18891925265687504
508,K'=20 (5x),5,0.0075703585449372795,0.009207333333333333,-0.17779032529100575
508,R'=10 (2x),2,0.013782155061594865,0.017626666666666665,-0.21810769317729578
508,R'=20 (4x),4,0.013777021561821543,0.017621666666666667,-0.21817715529245008
508,K'=8 + R'=10,2,0.009898498863740543,0.012363333333333332,-0.19936649794495465
508,Fix temp,1,0.013353181326200305,0.01716,-0.22184258005825735
509,K'=6 (1.5x),1.5,0.010047832745093407,0.014124444444444445,-0.2886210296897368
509,K'=8 (2x),2,0.008509994973749865,0.012368333333333332,-0.3119529734200351
509,K'=12 (3x),3,0.006972157202406322,0.01061222222222222,-0.34300685978790796
509,K'=20 (5x),5,0.005741886985331489,0.009207333333333333,-0.3763789386722733
509,R'=10 (2x),2,0.013113401085089542,0.017626666666666665,-0.2560475935085358
509,R'=20 (4x),4,0.013108347483744067,0.017621666666666667,-0.25612328665029416
509,K'=8 + R'=10,2,0.00850494137240439,0.012363333333333332,-0.31208346947389665
509,Fix temp,1,0.012641425610078591,0.01716,-0.26332018589285605
510,K'=6 (1.5x),1.5,0.008770205605405892,0.014124444444444445,-0.37907606632588875
510,K'=8 (2x),2,0.0076338482164266495,0.012368333333333332,-0.38279087321708793
510,K'=12 (3x),3,0.0064974908274474065,0.01061222222222222,-0.3877351330015007
510,K'=20 (5x),5,0.005588404916264012,0.009207333333333333,-0.3930484849470699
510,R'=10 (2x),2,0.011033042124717155,0.017626666666666665,-0.3740709838473626
510,R'=20 (4x),4,0.011028102995393543,0.017621666666666667,-0.374173669040374
510,K'=8 + R'=10,2,0.007628909087103037,0.012363333333333332,-0.38294075865977045
510,Fix temp,1,0.010819002342048413,0.01716,-0.3695220080391368
511,K'=6 (1.5x),1.5,0.00836519719894863,0.014124444444444445,-0.4077503556439768
511,K'=8 (2x),2,0.006986615514931069,0.012368333333333332,-0.43512069681193344
511,K'=12 (3x),3,0.005608033830913511,0.01061222222222222,-0.47154952907316927
511,K'=20 (5x),5,0.004505168483699463,0.009207333333333333,-0.510697797006068
511,R'=10 (2x),2,0.011112330466175565,0.017626666666666665,-0.36957277990683246
511,R'=20 (4x),4,0.011107315415771474,0.017621666666666667,-0.36967849716609436
511,K'=8 + R'=10,2,0.006981600464526979,0.012363333333333332,-0.4352978863957687
511,Fix temp,1,0.010614737376480903,0.01716,-0.38142556081113627
512,K'=6 (1.5x),1.5,0.008534661915733158,0.014124444444444445,-0.3957523816740212
512,K'=8 (2x),2,0.007830686794669316,0.012368333333333332,-0.36687615189306155
512,K'=12 (3x),3,0.007126711673605475,0.01061222222222222,-0.32844304195948815
512,K'=20 (5x),5,0.006563531576754402,0.009207333333333333,-0.2871408757416839
512,R'=10 (2x),2,0.009932759318255845,0.017626666666666665,-0.4364924743803416
512,R'=20 (4x),4,0.009927832898453346,0.017621666666666667,-0.436612149903338
512,K'=8 + R'=10,2,0.007825760374866817,0.012363333333333332,-0.36701857307628866
512,Fix temp,1,0.009766560241728136,0.01716,-0.4308531327664257
513,K'=6 (1.5x),1.5,0.01582044974789557,0.014124444444444445,0.12007589467479639
513,K'=8 (2x),2,0.014188559030461545,0.012368333333333332,0.14716822776942834
513,K'=12 (3x),3,0.012556668313027528,0.01061222222222222,0.18322704237512052
513,K'=20 (5x),5,0.011251155739080311,0.009207333333333333,0.2219776705973838
513,R'=10 (2x),2,0.019074423723213402,0.017626666666666665,0.08213447748941398
513,R'=20 (4x),4,0.019069519993438304,0.017621666666666667,0.0821632456316071
513,K'=8 + R'=10,2,0.014183655300686444,0.012363333333333332,0.1472355325440641
513,Fix temp,1,0.018910200583655692,0.01716,0.10199304100557634
514,K'=6 (1.5x),1.5,0.01656945835985724,0.014124444444444445,0.1731051387564125
514,K'=8 (2x),2,0.012719807925314488,0.012368333333333332,0.028417296211924757
514,K'=12 (3x),3,0.00887015749077174,0.01061222222222222,-0.1641564504560186
514,K'=20 (5x),5,0.00579043714313754,0.009207333333333333,-0.3711059507127427
514,R'=10 (2x),2,0.024259154272681695,0.017626666666666665,0.3762757718994911
514,R'=20 (4x),4,0.024254351794551172,0.017621666666666667,0.37639374602579234
514,K'=8 + R'=10,2,0.012715005447183967,0.012363333333333332,0.028444765207654456
514,Fix temp,1,0.024026369160584968,0.01716,0.40013806297115184
515,K'=6 (1.5x),1.5,0.015198739111602945,0.014124444444444445,0.07605925113614304
515,K'=8 (2x),2,0.011647189866198629,0.012368333333333332,-0.05830563000684838
515,K'=12 (3x),3,0.008095640620794315,0.01061222222222222,-0.23713992684379812
515,K'=20 (5x),5,0.005254401224470862,0.009207333333333333,-0.42932431853549397
515,R'=10 (2x),2,0.022292175305339623,0.017626666666666665,0.2646846807114008
515,R'=20 (4x),4,0.022287344156803644,0.017621666666666667,0.26476936480489793
515,K'=8 + R'=10,2,0.011642358717662652,0.012363333333333332,-0.05831555262906555
515,Fix temp,1,0.021776713994474606,0.01716,0.26903927706728464
516,K'=6 (1.5x),1.5,0.012241041002028857,0.014124444444444445,-0.1333435413919154
516,K'=8 (2x),2,0.011277610561999161,0.012368333333333332,-0.08818672184348504
516,K'=12 (3x),3,0.01031418012196946,0.01061222222222222,-0.028084796380220396
516,K'=20 (5x),5,0.009543435769945702,0.009207333333333333,0.03650377633180463
516,R'=10 (2x),2,0.014157748307481555,0.017626666666666665,-0.19679945305513108
516,R'=20 (4x),4,0.014152671520178205,0.017621666666666667,-0.1968596507985508
516,K'=8 + R'=10,2,0.01127253377469581,0.012363333333333332,-0.088228597355421
516,Fix temp,1,0.013609117438556749,0.01716,-0.20692788819599375
517,K'=6 (1.5x),1.5,0.005787555628352899,0.014124444444444445,-0.5902454322280043
517,K'=8 (2x),2,0.005166261741694147,0.012368333333333332,-0.582299279744443
517,K'=12 (3x),3,0.004544967855035395,0.01061222222222222,-0.5717232677696726
517,K'=20 (5x),5,0.004047932745708393,0.009207333333333333,-0.5603577497239454
517,R'=10 (2x),2,0.007020251013493702,0.017626666666666665,-0.6017255476459701
517,R'=20 (4x),4,0.007015304819405352,0.017621666666666667,-0.6018932288240603
517,K'=8 + R'=10,2,0.005161315547605797,0.012363333333333332,-0.5825304221402698
517,Fix temp,1,0.006513428115960149,0.01716,-0.6204295969720193
518,K'=6 (1.5x),1.5,0.006499187062668205,0.014124444444444445,-0.5398624640968074
518,K'=8 (2x),2,0.005910783517787129,0.012368333333333332,-0.522103475182283
518,K'=12 (3x),3,0.005322379972906053,0.01061222222222222,-0.498466969362847
518,K'=20 (5x),5,0.004851657137001191,0.009207333333333333,-0.4730659832378693
518,R'=10 (2x),2,0.0076664627660813535,0.017626666666666665,-0.5650645178093029
518,R'=20 (4x),4,0.007661697072906851,0.017621666666666667,-0.5652115536040755
518,K'=8 + R'=10,2,0.005906017824612627,0.012363333333333332,-0.5222956733934245
518,Fix temp,1,0.006765219127752176,0.01716,-0.605756461086703
519,K'=6 (1.5x),1.5,0.004604859698437177,0.014124444444444445,-0.6739794109035983
519,K'=8 (2x),2,0.004372317460006038,0.012368333333333332,-0.6464909748007516
519,K'=12 (3x),3,0.004139775221574899,0.01061222222222222,-0.609904962892115
519,K'=20 (5x),5,0.003953741430829987,0.009207333333333333,-0.5705877817504177
519,R'=10 (2x),2,0.005059670646472217,0.017626666666666665,-0.7129536320080058
519,R'=20 (4x),4,0.005054533882058599,0.017621666666666667,-0.7131636877674113
519,K'=8 + R'=10,2,0.00436718069559242,0.012363333333333332,-0.6467634918636489
519,Fix temp,1,0.004804509758482899,0.01716,-0.7200169138413228
520,K'=6 (1.5x),1.5,0.010064713418154984,0.014124444444444445,-0.2874258907851254
520,K'=8 (2x),2,0.009672478040123994,0.012368333333333332,-0.21796431423333817
520,K'=12 (3x),3,0.009280242662093003,0.01061222222222222,-0.12551372674236166
520,K'=20 (5x),5,0.00896645435966821,0.009207333333333333,-0.026161643653441723
520,R'=10 (2x),2,0.01083941365687256,0.017626666666666665,-0.3850559574391512
520,R'=20 (4x),4,0.010834528398200358,0.017621666666666667,-0.38515870245718203
520,K'=8 + R'=10,2,0.009667592781451791,0.012363333333333332,-0.2180431829507852
520,Fix temp,1,0.010581318888057602,0.01716,-0.38337302517146843
521,K'=6 (1.5x),1.5,0.010111041843102388,0.014124444444444445,-0.28414587328570257
521,K'=8 (2x),2,0.00805619113819873,0.012368333333333332,-0.348643756512702
521,K'=12 (3x),3,0.0060013404332950725,0.01061222222222222,-0.43448786619562707
521,K'=20 (5x),5,0.0043574598693721465,0.009207333333333333,-0.5267402936747361
521,R'=10 (2x),2,0.014210855200175098,0.017626666666666665,-0.193786580928039
521,R'=20 (4x),4,0.014205911173807794,0.017621666666666667,-0.19383838983404178
521,K'=8 + R'=10,2,0.008051247111831425,0.012363333333333332,-0.3487802282153066
521,Fix temp,1,0.013850080247976026,0.01716,-0.1928857664349636
522,K'=6 (1.5x),1.5,0.01908596174812208,0.014124444444444445,0.35127167820247573
522,K'=8 (2x),2,0.015570084101629677,0.012368333333333332,0.2588667916692908
522,K'=12 (3x),3,0.012054206455137276,0.01061222222222222,0.13587957382719612
522,K'=20 (5x),5,0.009241504337943353,0.009207333333333333,0.0037112813637702057
522,R'=10 (2x),2,0.02610774648598049,0.017626666666666665,0.4811505192500279
522,R'=20 (4x),4,0.026102761208417292,0.017621666666666667,0.4812878771446491
522,K'=8 + R'=10,2,0.015565098824066481,0.012363333333333332,0.2589726738258142
522,Fix temp,1,0.025942159518300284,0.01716,0.5117808577098066
523,K'=6 (1.5x),1.5,0.009976447849618705,0.014124444444444445,-0.29367502638004767
523,K'=8 (2x),2,0.00837281537913567,0.012368333333333332,-0.3230441682412879
523,K'=12 (3x),3,0.006769182908652639,0.01061222222222222,-0.362133324490904
523,K'=20 (5x),5,0.005486276932266211,0.009207333333333333,-0.40414051130263434
523,R'=10 (2x),2,0.01317337727787284,0.017626666666666665,-0.2526450107106936
523,R'=20 (4x),4,0.013168209521516873,0.017621666666666667,-0.2527262165033459
523,K'=8 + R'=10,2,0.008367647622779703,0.012363333333333332,-0.3231883831669153
523,Fix temp,1,0.01282418445210031,0.01716,-0.25266990372375825
524,K'=6 (1.5x),1.5,0.008396492663536585,0.014124444444444445,-0.40553466038523234
524,K'=8 (2x),2,0.007223661671921395,0.012368333333333332,-0.4159551269164752
524,K'=12 (3x),3,0.006050830680306206,0.01061222222222222,-0.4298243521855736
524,K'=20 (5x),5,0.005112565887014055,0.009207333333333333,-0.44472892400832065
524,R'=10 (2x),2,0.010732133424279412,0.017626666666666665,-0.3911422036150107
524,R'=20 (4x),4,0.010727122813035637,0.017621666666666667,-0.39125378910229996
524,K'=8 + R'=10,2,0.0072186510606776205,0.012363333333333332,-0.41612420646986076
524,Fix temp,1,0.010279380925199618,0.01716,-0.4009684775524699
525,K'=6 (1.5x),1.5,0.0056727945532180114,0.014124444444444445,-0.5983704296809149
525,K'=8 (2x),2,0.004889647199674451,0.012368333333333332,-0.6046640183526922
525,K'=12 (3x),3,0.00410649984613089,0.01061222222222222,-0.6130405338165845
525,K'=20 (5x),5,0.0034799819632960415,0.009207333333333333,-0.6220423615274735
525,R'=10 (2x),2,0.00722899688144882,0.017626666666666665,-0.5898829303262773
525,R'=20 (4x),4,0.007223950692020664,0.017621666666666667,-0.5900529258287717
525,K'=8 + R'=10,2,0.004884601010246295,0.012363333333333332,-0.604912293590216
525,Fix temp,1,0.00608799197832087,0.01716,-0.6452219126852641
526,K'=6 (1.5x),1.5,0.02476694681486853,0.014124444444444445,0.7534811306939644
526,K'=8 (2x),2,0.020062302334143592,0.012368333333333332,0.6220699906328199
526,K'=12 (3x),3,0.01535765785341865,0.01061222222222222,0.4471670053477947
526,K'=20 (5x),5,0.0115939422688387,0.009207333333333333,0.2592074001345342
526,R'=10 (2x),2,0.03416639560236823,0.017626666666666665,0.9383356052780766
526,R'=20 (4x),4,0.034161475515393135,0.017621666666666667,0.938606385059669
526,K'=8 + R'=10,2,0.0200573822471685,0.012363333333333332,0.6223280329335537
526,Fix temp,1,0.03247650724459191,0.01716,0.8925703522489457
527,K'=6 (1.5x),1.5,0.020383883414851818,0.014124444444444445,0.44316355202695373
527,K'=8 (2x),2,0.01654817634210368,0.012368333333333332,0.33794715068888415
527,K'=12 (3x),3,0.012712469269355547,0.01061222222222222,0.19790831770704576
527,K'=20 (5x),5,0.009643903611157039,0.009207333333333333,0.047415496107129
527,R'=10 (2x),2,0.028045413908328792,0.017626666666666665,0.5910787013045836
527,R'=20 (4x),4,0.02804047208231915,0.017621666666666667,0.5912497162008407
527,K'=8 + R'=10,2,0.016543234516094036,0.012363333333333332,0.33808852920685123
527,Fix temp,1,0.027748580445576043,0.01716,0.6170501425160863
528,K'=6 (1.5x),1.5,0.0018843012173357797,0.014124444444444445,-0.8665928968217274
528,K'=8 (2x),2,0.0016409734617497261,0.012368333333333332,-0.8673246089408657
528,K'=12 (3x),3,0.001397645706163672,0.01061222222222222,-0.8682984885826296
528,K'=20 (5x),5,0.0012029835016948288,0.009207333333333333,-0.8693450689637069
528,R'=10 (2x),2,0.002361025846835984,0.017626666666666665,-0.8660537530161129
528,R'=20 (4x),4,0.0023560604060000323,0.017621666666666667,-0.8662975273243149
528,K'=8 + R'=10,2,0.0016360080209137742,0.012363333333333332,-0.8676725785187026
528,Fix temp,1,0.001587026065213425,0.01716,-0.9075159635656512
529,K'=6 (1.5x),1.5,0.0213218354124226,0.014124444444444445,0.5095698451211721
529,K'=8 (2x),2,0.01829400452369124,0.012368333333333332,0.4791002175198416
529,K'=12 (3x),3,0.015266173634959886,0.01061222222222222,0.4385463586497643
529,K'=20 (5x),5,0.012843908923974799,0.009207333333333333,0.3949651282283831
529,R'=10 (2x),2,0.02736751981883028,0.017626666666666665,0.5526202620365138
529,R'=20 (4x),4,0.027362531133302767,0.017621666666666667,0.5527777054744784
529,K'=8 + R'=10,2,0.018289015838163725,0.012363333333333332,0.47929489119685037
529,Fix temp,1,0.02707709303528537,0.01716,0.5779191745504293
530,K'=6 (1.5x),1.5,0.0106122734278367,0.014124444444444445,-0.24865905561256843
530,K'=8 (2x),2,0.008835498086518076,0.012368333333333332,-0.2856355138241684
530,K'=12 (3x),3,0.007058722745199455,0.01061222222222222,-0.3348497046718134
530,K'=20 (5x),5,0.0056373024721445555,0.009207333333333333,-0.3877377664023725
530,R'=10 (2x),2,0.014155791697491612,0.017626666666666665,-0.1969104558911717
530,R'=20 (4x),4,0.014150775491000444,0.017621666666666667,-0.1969672472713264
530,K'=8 + R'=10,2,0.008830481880026908,0.012363333333333332,-0.28575234186894777
530,Fix temp,1,0.014014647047202103,0.01716,-0.18329562661992413
531,K'=6 (1.5x),1.5,0.011016273904464876,0.014124444444444445,-0.22005612696519913
531,K'=8 (2x),2,0.00864876712414699,0.012368333333333332,-0.3007330178563274
531,K'=12 (3x),3,0.0062812603438291,0.01061222222222222,-0.4081107413416196
531,K'=20 (5x),5,0.00438725491957479,0.009207333333333333,-0.5235042806920437
531,R'=10 (2x),2,0.015741627807736237,0.017626666666666665,-0.10694244661103039
531,R'=20 (4x),4,0.01573679797905403,0.017621666666666667,-0.10696313369597871
531,K'=8 + R'=10,2,0.00864393729546478,0.012363333333333332,-0.300840876613795
531,Fix temp,1,0.01558601533754088,0.01716,-0.09172404792885319
532,K'=6 (1.5x),1.5,0.021822717435324605,0.014124444444444445,0.5450319140805652
532,K'=8 (2x),2,0.018412571277243803,0.012368333333333332,0.48868653366746845
532,K'=12 (3x),3,0.015002425119162999,0.01061222222222222,0.41369308001745375
532,K'=20 (5x),5,0.012274308192698358,0.009207333333333333,0.33310131699714274
532,R'=10 (2x),2,0.02863300436293035,0.017626666666666665,0.6244140145384087
532,R'=20 (4x),4,0.028628001668652415,0.017621666666666667,0.6245910338779389
532,K'=8 + R'=10,2,0.01840756858296587,0.012363333333333332,0.4888839511700624
532,Fix temp,1,0.028066308429571404,0.01716,0.6355657592990327
533,K'=6 (1.5x),1.5,0.01460914861181853,0.014124444444444445,0.03431668900540255
533,K'=8 (2x),2,0.0128396820427939,0.012368333333333332,0.03810931487351314
533,K'=12 (3x),3,0.011070215473769268,0.01061222222222222,0.04315714861190898
533,K'=20 (5x),5,0.009654642218549562,0.009207333333333333,0.04858180637349528
533,R'=10 (2x),2,0.018137476727450367,0.017626666666666665,0.028979390740376407
533,R'=20 (4x),4,0.01813217421624165,0.017621666666666667,0.02897044639600774
533,K'=8 + R'=10,2,0.012834379531585186,0.012363333333333332,0.038100258688475615
533,Fix temp,1,0.017385419240566764,0.01716,0.013136319380347433
534,K'=6 (1.5x),1.5,0.007578974983216109,0.014124444444444445,-0.4634142947691553
534,K'=8 (2x),2,0.007013701141036672,0.012368333333333332,-0.4329307795954718
534,K'=12 (3x),3,0.006448427298857235,0.01061222222222222,-0.392358436920583
534,K'=20 (5x),5,0.005996208225113686,0.009207333333333333,-0.34875734286651733
534,R'=10 (2x),2,0.008699403723609412,0.017626666666666665,-0.5064634801280591
534,R'=20 (4x),4,0.008694344251626625,0.017621666666666667,-0.5066105598244609
534,K'=8 + R'=10,2,0.007008641669053886,0.012363333333333332,-0.4331106765391841
534,Fix temp,1,0.008537610020963825,0.01716,-0.5024702784986116
535,K'=6 (1.5x),1.5,0.022591689658042827,0.014124444444444445,0.599474566727387
535,K'=8 (2x),2,0.02009553757810265,0.012368333333333332,0.6247571145211684
535,K'=12 (3x),3,0.017599385498162475,0.01061222222222222,0.6584071770857742
535,K'=20 (5x),5,0.015602463834210331,0.009207333333333333,0.6945692383835709
535,R'=10 (2x),2,0.027574309115578045,0.017626666666666665,0.5643518787203885
535,R'=20 (4x),4,0.027569466764405477,0.017621666666666667,0.564520955135088
535,K'=8 + R'=10,2,0.02009069522693008,0.012363333333333332,0.6250225311617754
535,Fix temp,1,0.026553992052986176,0.01716,0.5474354343232036
536,K'=6 (1.5x),1.5,0.012670218699100932,0.014124444444444445,-0.10295808455075214
536,K'=8 (2x),2,0.01041808555671814,0.012368333333333332,-0.15768072577403527
536,K'=12 (3x),3,0.008165952414335348,0.01061222222222222,-0.23051437829527652
536,K'=20 (5x),5,0.006364245900429113,0.009207333333333333,-0.30878510964856487
536,R'=10 (2x),2,0.01716468779033444,0.017626666666666665,-0.026209089050617845
536,R'=20 (4x),4,0.017159789193568403,0.017621666666666667,-0.026210771196345305
536,K'=8 + R'=10,2,0.0104131869599521,0.012363333333333332,-0.15773629334439732
536,Fix temp,1,0.016492373563816387,0.01716,-0.03890596947456961
537,K'=6 (1.5x),1.5,0.012005415729650692,0.014124444444444445,-0.1500256327339818
537,K'=8 (2x),2,0.010216590681852189,0.012368333333333332,-0.1739719163035556
537,K'=12 (3x),3,0.008427765634053687,0.01061222222222222,-0.20584346449080526
537,K'=20 (5x),5,0.0069967055958148824,0.009207333333333333,-0.24009424417331662
537,R'=10 (2x),2,0.015573348801344646,0.017626666666666665,-0.11648928887984226
537,R'=20 (4x),4,0.015568490289393118,0.017621666666666667,-0.1165143125285283
537,K'=8 + R'=10,2,0.01021173216990066,0.012363333333333332,-0.17403083015093057
537,Fix temp,1,0.015098525593860365,0.01716,-0.12013254115032845
538,K'=6 (1.5x),1.5,0.003576986149771063,0.014124444444444445,-0.7467520819073351
538,K'=8 (2x),2,0.003427532658027957,0.012368333333333332,-0.7228783728854905
538,K'=12 (3x),3,0.003278079166284851,0.01061222222222222,-0.6911034185261893
538,K'=20 (5x),5,0.0031585163728903663,0.009207333333333333,-0.6569564434627797
538,R'=10 (2x),2,0.003866173143072303,0.017626666666666665,-0.7806633995987725
538,R'=20 (4x),4,0.0038613131479798167,0.017621666666666667,-0.780876961242042
538,K'=8 + R'=10,2,0.0034226726629354707,0.012363333333333332,-0.7231593963654244
538,Fix temp,1,0.0032147440126992976,0.01716,-0.8126606053205537
539,K'=6 (1.5x),1.5,0.015803763524130317,0.014124444444444445,0.11889452263351837
539,K'=8 (2x),2,0.014213594517998711,0.012368333333333332,0.14919238792605144
539,K'=12 (3x),3,0.012623425511867107,0.01061222222222222,0.18951763801490917
539,K'=20 (5x),5,0.011351290306961822,0.009207333333333333,0.2328531938630609
539,R'=10 (2x),2,0.01897415736096429,0.017626666666666665,0.07644614377634038
539,R'=20 (4x),4,0.018969185273249672,0.017621666666666667,0.07646941870328222
539,K'=8 + R'=10,2,0.014208622430284092,0.012363333333333332,0.14925498222842493
539,Fix temp,1,0.01865818283335116,0.01716,0.08730669192023073
540,K'=6 (1.5x),1.5,0.004248433682019674,0.014124444444444445,-0.699214103695901
540,K'=8 (2x),2,0.004086001457998243,0.012368333333333332,-0.6696400923327118
540,K'=12 (3x),3,0.0039235692339768145,0.01061222222222222,-0.6302782629484731
540,K'=20 (5x),5,0.003793623454759671,0.009207333333333333,-0.587978047777894
540,R'=10 (2x),2,0.004563448334274368,0.017626666666666665,-0.7411054273293664
540,R'=20 (4x),4,0.004558523436380287,0.017621666666666667,-0.7413114478550863
540,K'=8 + R'=10,2,0.004081076560104162,0.012363333333333332,-0.6699048347179162
540,Fix temp,1,0.004360311920489258,0.01716,-0.7459025687360572
541,K'=6 (1.5x),1.5,0.0346338909059537,0.014124444444444445,1.4520533209060988
541,K'=8 (2x),2,0.028396468625036638,0.012368333333333332,1.2959009803290642
541,K'=12 (3x),3,0.02215904634411957,0.01061222222222222,1.0880684441113617
541,K'=20 (5x),5,0.01716910851938591,0.009207333333333333,0.8647210758872542
541,R'=10 (2x),2,0.04709846668945395,0.017626666666666665,1.6720007577224256
541,R'=20 (4x),4,0.047093332300287005,0.017621666666666667,1.672467547543006
541,K'=8 + R'=10,2,0.028391334235869693,0.012363333333333332,1.2964142007983037
541,Fix temp,1,0.046721101987463515,0.01716,1.7226749409943771
542,K'=6 (1.5x),1.5,0.006138837761390417,0.014124444444444445,-0.5653749224943851
542,K'=8 (2x),2,0.005835237816315658,0.012368333333333332,-0.5282114688331229
542,K'=12 (3x),3,0.0055316378712409004,0.01061222222222222,-0.47874839450143325
542,K'=20 (5x),5,0.005288757915181093,0.009207333333333333,-0.4255928699752632
542,R'=10 (2x),2,0.0067359588962653556,0.017626666666666665,-0.6178540716944768
542,R'=20 (4x),4,0.006730919518628066,0.017621666666666667,-0.618031617215848
542,K'=8 + R'=10,2,0.005830198438678369,0.012363333333333332,-0.5284282740351818
542,Fix temp,1,0.0064241533281082785,0.01716,-0.6256320904365805
543,K'=6 (1.5x),1.5,0.010887385411552803,0.014124444444444445,-0.2291813349278223
543,K'=8 (2x),2,0.010437362324869425,0.012368333333333332,-0.1561221675081989
543,K'=12 (3x),3,0.009987339238186047,0.01061222222222222,-0.058883330084028546
543,K'=20 (5x),5,0.009627320768839348,0.009207333333333333,0.045614448863878256
543,R'=10 (2x),2,0.011777034814441346,0.017626666666666665,-0.3318626239916028
543,R'=20 (4x),4,0.011771836429202242,0.017621666666666667,-0.3319680452547673
543,K'=8 + R'=10,2,0.010432163939630321,0.012363333333333332,-0.15620135295521795
543,Fix temp,1,0.011341576572129362,0.01716,-0.33906896432812583
544,K'=6 (1.5x),1.5,0.016689294443849575,0.014124444444444445,0.18158944300382454
544,K'=8 (2x),2,0.014279731846137777,0.012368333333333332,0.15453969918914795
544,K'=12 (3x),3,0.011870169248425972,0.01061222222222222,0.11853756921614245
544,K'=20 (5x),5,0.00994251917025653,0.009207333333333333,0.07984785717071864
544,R'=10 (2x),2,0.021498449058761755,0.017626666666666665,0.2196548255727169
544,R'=20 (4x),4,0.021493463768506037,0.017621666666666667,0.2197179855389787
544,K'=8 + R'=10,2,0.014274746555882062,0.012363333333333332,0.15460338818134783
544,Fix temp,1,0.02091268502758401,0.01716,0.21868793867039663
545,K'=6 (1.5x),1.5,0.015505434088939408,0.014124444444444445,0.09777302391798828
545,K'=8 (2x),2,0.013412405529866849,0.012368333333333332,0.08441494649240133
545,K'=12 (3x),3,0.011319376970794293,0.01061222222222222,0.06663587830749293
545,K'=20 (5x),5,0.009644954123536244,0.009207333333333333,0.04752959128986802
545,R'=10 (2x),2,0.019681371014879545,0.017626666666666665,0.11656794713764447
545,R'=20 (4x),4,0.019676310918777057,0.017621666666666667,0.11659761196124407
545,K'=8 + R'=10,2,0.01340734543376436,0.012363333333333332,0.08444422489331588
545,Fix temp,1,0.019041113355483107,0.01716,0.10962199041276835
546,K'=6 (1.5x),1.5,0.023421157019634965,0.014124444444444445,0.6582002295210406
546,K'=8 (2x),2,0.022352739533385162,0.012368333333333332,0.8072555881998517
546,K'=12 (3x),3,0.021284322047135353,0.01061222222222222,1.0056423246175081
546,K'=20 (5x),5,0.02042958805813551,0.009207333333333333,1.218838758033688
546,R'=10 (2x),2,0.02554798251106123,0.017626666666666665,0.449393864091976
546,R'=20 (4x),4,0.025542977770524555,0.017621666666666667,0.44952110681119195
546,K'=8 + R'=10,2,0.02234773479284849,0.012363333333333332,0.8075816764234423
546,Fix temp,1,0.0251890316519824,0.01716,0.4678922874115616
547,K'=6 (1.5x),1.5,0.016617144161105466,0.014124444444444445,0.17648125747285395
547,K'=8 (2x),2,0.013445042809510898,0.012368333333333332,0.08705372398686699
547,K'=12 (3x),3,0.010272941457916336,0.01061222222222222,-0.03197075571932746
547,K'=20 (5x),5,0.007735260376640682,0.009207333333333333,-0.15988048910571112
547,R'=10 (2x),2,0.022950965261245588,0.017626666666666665,0.30205929999502207
547,R'=20 (4x),4,0.022945774459721083,0.017621666666666667,0.30213417911970575
547,K'=8 + R'=10,2,0.013439852007986397,0.012363333333333332,0.0870734975454083
547,Fix temp,1,0.02236873976592105,0.01716,0.30353961339866253
548,K'=6 (1.5x),1.5,0.028830092860052576,0.014124444444444445,1.041148802237832
548,K'=8 (2x),2,0.021873822869966024,0.012368333333333332,0.7685343918581884
548,K'=12 (3x),3,0.014917552879879467,0.01061222222222222,0.4056954865345536
548,K'=20 (5x),5,0.009352536887810223,0.009207333333333333,0.015770424423672047
548,R'=10 (2x),2,0.04273257943904523,0.017626666666666665,1.4243142646962121
548,R'=20 (4x),4,0.042727552738454994,0.017621666666666667,1.4247168866994226
548,K'=8 + R'=10,2,0.02186879616937579,0.012363333333333332,0.7688430441662815
548,Fix temp,1,0.042509845104781493,0.01716,1.4772637007448421
549,K'=6 (1.5x),1.5,0.010111347823991654,0.014124444444444445,-0.2841242100698168
549,K'=8 (2x),2,0.009490485991191781,0.012368333333333332,-0.23267866935519882
549,K'=12 (3x),3,0.008869624158391909,0.01061222222222222,-0.16420670688381125
549,K'=20 (5x),5,0.00837293469215201,0.009207333333333333,-0.09062326853754146
549,R'=10 (2x),2,0.011343309376390496,0.017626666666666665,-0.3564688326556072
549,R'=20 (4x),4,0.011338428319790043,0.017621666666666667,-0.35656322785642436
549,K'=8 + R'=10,2,0.009485604934591328,0.012363333333333332,-0.23276314899503947
549,Fix temp,1,0.010959255757718223,0.01716,-0.3613487320677027
550,K'=6 (1.5x),1.5,0.009395382806444164,0.014124444444444445,-0.33481399262116524
550,K'=8 (2x),2,0.00851918798109351,0.012368333333333332,-0.3112097037250901
550,K'=12 (3x),3,0.0076429931557428525,0.01061222222222222,-0.27979333680572
550,K'=20 (5x),5,0.006942037295462328,0.009207333333333333,-0.24603171796441298
550,R'=10 (2x),2,0.011138120646846626,0.017626666666666665,-0.3681096456024985
550,R'=20 (4x),4,0.0111332947416972,0.017621666666666667,-0.3682042140340187
550,K'=8 + R'=10,2,0.008514362075944084,0.012363333333333332,-0.31132148212908456
550,Fix temp,1,0.010269804023944309,0.01716,-0.4015265720312175
551,K'=6 (1.5x),1.5,0.014559437542751416,0.014124444444444445,0.030797182856849795
551,K'=8 (2x),2,0.014145692680097183,0.012368333333333332,0.14370241315972387
551,K'=12 (3x),3,0.013731947817442953,0.01061222222222222,0.29397477077778866
551,K'=20 (5x),5,0.013400951927319566,0.009207333333333333,0.45546505618560207
551,R'=10 (2x),2,0.015376807157426283,0.017626666666666665,-0.12763953342891732
551,R'=20 (4x),4,0.015371747102109486,0.017621666666666667,-0.12767915811352587
551,K'=8 + R'=10,2,0.014140632624780386,0.012363333333333332,0.14375567199625672
551,Fix temp,1,0.014959939237815073,0.01716,-0.12820866912499582
552,K'=6 (1.5x),1.5,0.014545132627947733,0.014124444444444445,0.029784405691705405
552,K'=8 (2x),2,0.013577303251655742,0.012368333333333332,0.09774719727711173
552,K'=12 (3x),3,0.012609473875363753,0.01061222222222222,0.18820296176603282
552,K'=20 (5x),5,0.01183521037433016,0.009207333333333333,0.2854113070375237
552,R'=10 (2x),2,0.016471061035241964,0.017626666666666665,-0.0655600774257584
552,R'=20 (4x),4,0.016466195862597094,0.017621666666666667,-0.06557102832136046
552,K'=8 + R'=10,2,0.01357243807901087,0.012363333333333332,0.09779763378357006
552,Fix temp,1,0.015813315692160178,0.01716,-0.07847810651747225
553,K'=6 (1.5x),1.5,0.009663590979786741,0.014124444444444445,-0.3158250564971628
553,K'=8 (2x),2,0.008371506667493029,0.012368333333333332,-0.32314997972027787
553,K'=12 (3x),3,0.007079422355199316,0.01061222222222222,-0.33289916033091976
553,K'=20 (5x),5,0.006045754905364347,0.009207333333333333,-0.34337612352135827
553,R'=10 (2x),2,0.012238374188437103,0.017626666666666665,-0.3056898153307241
553,R'=20 (4x),4,0.012233681480468571,0.017621666666666667,-0.30575911394295446
553,K'=8 + R'=10,2,0.008366813959524497,0.012363333333333332,-0.32325581346526033
553,Fix temp,1,0.01210463154916165,0.01716,-0.294601891074496
554,K'=6 (1.5x),1.5,0.007987775909767732,0.014124444444444445,-0.43447149789246703
554,K'=8 (2x),2,0.007662433806337196,0.012368333333333332,-0.3804796814711874
554,K'=12 (3x),3,0.0073370917029066595,0.01061222222222222,-0.30861872760799974
554,K'=20 (5x),5,0.00707681802016223,0.009207333333333333,-0.23139330749088804
554,R'=10 (2x),2,0.008628105952840017,0.017626666666666665,-0.5105083612231457
554,R'=20 (4x),4,0.008622928870945621,0.017621666666666667,-0.5106632627856452
554,K'=8 + R'=10,2,0.007657256724442801,0.012363333333333332,-0.3806478788533727
554,Fix temp,1,0.007824815227927258,0.01716,-0.5440084366009758
555,K'=6 (1.5x),1.5,0.008914630906114896,0.014124444444444445,-0.3688508641045149
555,K'=8 (2x),2,0.008173409197513708,0.012368333333333332,-0.3391664845023278
555,K'=12 (3x),3,0.007432187488912521,0.01061222222222222,-0.2996577593946948
555,K'=20 (5x),5,0.006839210122031572,0.009207333333333333,-0.25719968264084
555,R'=10 (2x),2,0.01038677050517106,0.017626666666666665,-0.4107354100697205
555,R'=20 (4x),4,0.010381618596097954,0.017621666666666667,-0.4108605733794786
555,K'=8 + R'=10,2,0.008168257288440603,0.012363333333333332,-0.3393159378451925
555,Fix temp,1,0.009803723648982613,0.01716,-0.42868743304297136
556,K'=6 (1.5x),1.5,0.016719510878238475,0.014124444444444445,0.18372874373935077
556,K'=8 (2x),2,0.012948241132136246,0.012368333333333332,0.04688649498473902
556,K'=12 (3x),3,0.009176971386034015,0.01061222222222222,-0.13524507931833168
556,K'=20 (5x),5,0.006159955589152233,0.009207333333333333,-0.3309728923518681
556,R'=10 (2x),2,0.02425249768901668,0.017626666666666665,0.37589812910457715
556,R'=20 (4x),4,0.02424772134830355,0.017621666666666667,0.37601747933246277
556,K'=8 + R'=10,2,0.012943464791423116,0.012363333333333332,0.04692354743244413
556,Fix temp,1,0.02345949732379438,0.01716,0.367103573647691
557,K'=6 (1.5x),1.5,0.01909800621999215,0.014124444444444445,0.3521244177149886
557,K'=8 (2x),2,0.015920156256051875,0.012368333333333332,0.28717069850843907
557,K'=12 (3x),3,0.012742306292111608,0.01061222222222222,0.20071988932053694
557,K'=20 (5x),5,0.010200026320959392,0.009207333333333333,0.10781547182963497
557,R'=10 (2x),2,0.025443458094698175,0.017626666666666665,0.44346396149951833
557,R'=20 (4x),4,0.02543833406811092,0.017621666666666667,0.44358275237553685
557,K'=8 + R'=10,2,0.01591503222946462,0.012363333333333332,0.2872768047558335
557,Fix temp,1,0.025083425868167607,0.01716,0.4617381042055713
558,K'=6 (1.5x),1.5,0.01157280554443131,0.014124444444444445,-0.1806541071437871
558,K'=8 (2x),2,0.010051041751716377,0.012368333333333332,-0.1873568183493024
558,K'=12 (3x),3,0.008529277959001446,0.01061222222222222,-0.19627785958524738
558,K'=20 (5x),5,0.007311866924829503,0.009207333333333333,-0.20586486226600137
558,R'=10 (2x),2,0.014606075918301894,0.017626666666666665,-0.1713648306560952
558,R'=20 (4x),4,0.014600947312522256,0.017621666666666667,-0.17142075215044422
558,K'=8 + R'=10,2,0.010045913145936738,0.012363333333333332,-0.18744299170099168
558,Fix temp,1,0.014203609965987362,0.01716,-0.17228380151588807
559,K'=6 (1.5x),1.5,0.0066412409841702,0.014124444444444445,-0.5298051537324434
559,K'=8 (2x),2,0.006337308518318652,0.012368333333333332,-0.4876182305631058
559,K'=12 (3x),3,0.0060333760524671045,0.01061222222222222,-0.43146911870794735
559,K'=20 (5x),5,0.0057902300797858675,0.009207333333333333,-0.3711284396728114
559,R'=10 (2x),2,0.007238870694910659,0.017626666666666665,-0.589322766930182
559,R'=20 (4x),4,0.007233753084429342,0.017621666666666667,-0.5894966565158797
559,K'=8 + R'=10,2,0.0063321909078373345,0.012363333333333332,-0.48782494679126437
559,Fix temp,1,0.00675909217831002,0.01716,-0.606113509422493
560,K'=6 (1.5x),1.5,0.010488409530484511,0.014124444444444445,-0.2574285260040859
560,K'=8 (2x),2,0.008365296861117736,0.012368333333333332,-0.3236520527326988
560,K'=12 (3x),3,0.006242184191750961,0.01061222222222222,-0.4117929250784352
560,K'=20 (5x),5,0.004543694056257541,0.009207333333333333,-0.5065135700248851
560,R'=10 (2x),2,0.014724629253639909,0.017626666666666665,-0.16463903629123053
560,R'=20 (4x),4,0.014719626445850831,0.017621666666666667,-0.16468591057311088
560,K'=8 + R'=10,2,0.008360294053328658,0.012363333333333332,-0.32378317174478355
560,Fix temp,1,0.01429259583594158,0.01716,-0.1670981447586493
561,K'=6 (1.5x),1.5,0.018841953515434638,0.014124444444444445,0.33399607960125655
561,K'=8 (2x),2,0.01647336918854629,0.012368333333333332,0.3318988698460822
561,K'=12 (3x),3,0.014104784861657947,0.01061222222222222,0.32910756732197194
561,K'=20 (5x),5,0.012209917400147272,0.009207333333333333,0.326107892275788
561,R'=10 (2x),2,0.023569378582322803,0.017626666666666665,0.33714326299108194
561,R'=20 (4x),4,0.02356450678887854,0.017621666666666667,0.3372462000687718
561,K'=8 + R'=10,2,0.01646849739510203,0.012363333333333332,0.3320434668456752
561,Fix temp,1,0.02338720944419549,0.01716,0.3628909932514852
562,K'=6 (1.5x),1.5,0.01288754695069577,0.014124444444444445,-0.08757140846238257
562,K'=8 (2x),2,0.011582188579215901,0.012368333333333332,-0.06356109048247655
562,K'=12 (3x),3,0.010276830207736029,0.01061222222222222,-0.031604315049478894
562,K'=20 (5x),5,0.009232543510552133,0.009207333333333333,0.002738054147288379
562,R'=10 (2x),2,0.015488232948062878,0.017626666666666665,-0.12131810052593352
562,R'=20 (4x),4,0.015483217575266559,0.017621666666666667,-0.12135339589899415
562,K'=8 + R'=10,2,0.011577173206419582,0.012363333333333332,-0.06358803938369505
562,Fix temp,1,0.015149711240801118,0.01716,-0.11714969459200951
563,K'=6 (1.5x),1.5,0.017907206044263893,0.014124444444444445,0.26781666455612835
563,K'=8 (2x),2,0.01670077433314295,0.012368333333333332,0.3502849481048067
563,K'=12 (3x),3,0.015494342622022006,0.01061222222222222,0.46004694375665456
563,K'=20 (5x),5,0.014529197253125252,0.009207333333333333,0.5780027427186938
563,R'=10 (2x),2,0.02030941072088122,0.017626666666666665,0.1521980363586169
563,R'=20 (4x),4,0.020304081348068943,0.017621666666666667,0.1522225299197357
563,K'=8 + R'=10,2,0.016695444960330673,0.012363333333333332,0.3503999698299278
563,Fix temp,1,0.020045497156106238,0.01716,0.16815251492460584
564,K'=6 (1.5x),1.5,0.003657018285013022,0.014124444444444445,-0.7410858671718282
564,K'=8 (2x),2,0.0033092482510850307,0.012368333333333332,-0.7324418608474574
564,K'=12 (3x),3,0.0029614782171570385,0.01061222222222222,-0.7209370332487346
564,K'=20 (5x),5,0.002683262190014645,0.009207333333333333,-0.7085733628975478
564,R'=10 (2x),2,0.004342483235549593,0.017626666666666665,-0.7536412687850079
564,R'=20 (4x),4,0.0043374456768898876,0.017621666666666667,-0.7538572395598286
564,K'=8 + R'=10,2,0.0033042106924253242,0.012363333333333332,-0.7327411141203566
564,Fix temp,1,0.004240836223455235,0.01716,-0.7528650219431682
565,K'=6 (1.5x),1.5,0.013227076407482963,0.014124444444444445,-0.06353297933176003
565,K'=8 (2x),2,0.01200692215014126,0.012368333333333332,-0.029220685879968063
565,K'=12 (3x),3,0.010786767892799561,0.01061222222222222,0.016447607948864632
565,K'=20 (5x),5,0.0098106444869262,0.009207333333333333,0.0655250691759684
565,R'=10 (2x),2,0.01565748762856707,0.017626666666666665,-0.11171590609490892
565,R'=20 (4x),4,0.01565253898176743,0.017621666666666667,-0.11174469033760932
565,K'=8 + R'=10,2,0.012001973503341616,0.012363333333333332,-0.029228349689273365
565,Fix temp,1,0.01523869636424668,0.01716,-0.11196408133760619
566,K'=6 (1.5x),1.5,0.010375511677117576,0.014124444444444445,-0.2654216087629155
566,K'=8 (2x),2,0.009394209372700177,0.012368333333333332,-0.24046279158872028
566,K'=12 (3x),3,0.008412907068282781,0.01061222222222222,-0.20724360156480953
566,K'=20 (5x),5,0.0076278652247488594,0.009207333333333333,-0.17154457771897114
566,R'=10 (2x),2,0.012328003510562622,0.017626666666666665,-0.3006049445596091
566,R'=20 (4x),4,0.012322947122867746,0.017621666666666667,-0.3006934385963636
566,K'=8 + R'=10,2,0.0093891529850053,0.012363333333333332,-0.24056460083537598
566,Fix temp,1,0.012044698966140728,0.01716,-0.298094465842615
567,K'=6 (1.5x),1.5,0.025488256653644736,0.014124444444444445,0.8045493225519401
567,K'=8 (2x),2,0.0238609061166157,0.012368333333333332,0.9291933256932249
567,K'=12 (3x),3,0.022233555579586662,0.01061222222222222,1.0950895216865248
567,K'=20 (5x),5,0.020931675149963434,0.009207333333333333,1.2733699750159404
567,R'=10 (2x),2,0.028732855636855785,0.017626666666666665,0.630078799367764
567,R'=20 (4x),4,0.028727804591432274,0.017621666666666667,0.6302546821960998
567,K'=8 + R'=10,2,0.02385585507119219,0.012363333333333332,0.9295649828411048
567,Fix temp,1,0.028652345218126138,0.01716,0.6697170873033879
568,K'=6 (1.5x),1.5,0.0023867807763755886,0.014124444444444445,-0.8310177235102242
568,K'=8 (2x),2,0.0022413542831488118,0.012368333333333332,-0.818782836559859
568,K'=12 (3x),3,0.0020959277899220345,0.01061222222222222,-0.8024986900921546
568,K'=20 (5x),5,0.0019795865953406125,0.009207333333333333,-0.7849989216558599
568,R'=10 (2x),2,0.0026671920069954533,0.017626666666666665,-0.8486842658663699
568,R'=20 (4x),4,0.0026619711290786084,0.017621666666666667,-0.8489376073539048
568,K'=8 + R'=10,2,0.002236133405231967,0.012363333333333332,-0.8191318356512294
568,Fix temp,1,0.0018707750151938888,0.01716,-0.8909804769700531
569,K'=6 (1.5x),1.5,0.002872979153704572,0.014124444444444445,-0.7965952455684302
569,K'=8 (2x),2,0.002444784894595797,0.012368333333333332,-0.8023351385584856
569,K'=12 (3x),3,0.002016590635487022,0.01061222222222222,-0.8099747071575415
569,K'=20 (5x),5,0.0016740352282000027,0.009207333333333333,-0.8181845744479035
569,R'=10 (2x),2,0.0037189651462869143,0.017626666666666665,-0.7890148366327393
569,R'=20 (4x),4,0.003713763883469311,0.017621666666666667,-0.7892501342966437
569,K'=8 + R'=10,2,0.0024395836317781935,0.012363333333333332,-0.8026758992899817
569,Fix temp,1,0.002948778735623566,0.01716,-0.8281597473412841
570,K'=6 (1.5x),1.5,0.024984665042695392,0.014124444444444445,0.7688954168050545
570,K'=8 (2x),2,0.020385463373352525,0.012368333333333332,0.6481980897468692
570,K'=12 (3x),3,0.015786261704009666,0.01061222222222222,0.4875547621828815
570,K'=20 (5x),5,0.012106900368535373,0.009207333333333333,0.3149193072770299
570,R'=10 (2x),2,0.03417289819168981,0.017626666666666665,0.938704511631419
570,R'=20 (4x),4,0.034167813096844156,0.017621666666666667,0.9389660321674541
570,K'=8 + R'=10,2,0.020380378278506868,0.012363333333333332,0.6484533522653171
570,Fix temp,1,0.034097504244370566,0.01716,0.9870340468747414
571,K'=6 (1.5x),1.5,0.03169318101907665,0.014124444444444445,1.2438532817156218
571,K'=8 (2x),2,0.027110074433326543,0.012368333333333332,1.1918939037860028
571,K'=12 (3x),3,0.022526967847576435,0.01061222222222222,1.1227380444789858
571,K'=20 (5x),5,0.018860482578976347,0.009207333333333333,1.0484196559600696
571,R'=10 (2x),2,0.04084985409069699,0.017626666666666665,1.317503068685533
571,R'=20 (4x),4,0.040845084040757054,0.017621666666666667,1.3178899484019893
571,K'=8 + R'=10,2,0.027105304383386604,0.012363333333333332,1.1923945308751636
571,Fix temp,1,0.04056251293634052,0.01716,1.3637828051480487
572,K'=6 (1.5x),1.5,0.03878853776926311,0.014124444444444445,1.746199181272561
572,K'=8 (2x),2,0.03454293336024728,0.012368333333333332,1.7928527174435211
572,K'=12 (3x),3,0.030297328951231453,0.01061222222222222,1.8549467130256845
572,K'=20 (5x),5,0.026900845424018792,0.009207333333333333,1.9216760651674891
572,R'=10 (2x),2,0.047269550016733664,0.017626666666666665,1.6817066953517588
572,R'=20 (4x),4,0.04726445173145311,0.017621666666666667,1.682178287985611
572,K'=8 + R'=10,2,0.03453783507496673,0.012363333333333332,1.7935698362065302
572,Fix temp,1,0.04633279054136506,0.01716,1.7000460688441177
573,K'=6 (1.5x),1.5,0.010463599685921332,0.014124444444444445,-0.2591850442629642
573,K'=8 (2x),2,0.00967579874979216,0.012368333333333332,-0.21769582941984952
573,K'=12 (3x),3,0.00888799781366299,0.01061222222222222,-0.1624753395145334
573,K'=20 (5x),5,0.00825775706475965,0.009207333333333333,-0.10313260465285096
573,R'=10 (2x),2,0.01202965091234378,0.017626666666666665,-0.3175311509638551
573,R'=20 (4x),4,0.01202487558942583,0.017621666666666667,-0.3176084977153601
573,K'=8 + R'=10,2,0.00967102342687421,0.012363333333333332,-0.2177656974757985
573,Fix temp,1,0.011216352073050629,0.01716,-0.346366429309404
574,K'=6 (1.5x),1.5,0.013466808440687148,0.014124444444444445,-0.046560132424604043
574,K'=8 (2x),2,0.01245103421324637,0.012368333333333332,0.006686501542625366
574,K'=12 (3x),3,0.011435259985805586,0.01061222222222222,0.07755564728562757
574,K'=20 (5x),5,0.010622640603852962,0.009207333333333333,0.15371522017083794
574,R'=10 (2x),2,0.015488611345907375,0.017626666666666665,-0.12129663317469501
574,R'=20 (4x),4,0.015483738571076705,0.017621666666666667,-0.12132383026141844
574,K'=8 + R'=10,2,0.0124461614384157,0.012363333333333332,0.006699496232059981
574,Fix temp,1,0.014938096305324052,0.01716,-0.12948156728880822
575,K'=6 (1.5x),1.5,0.01729235773752911,0.014124444444444445,0.224285868767794
575,K'=8 (2x),2,0.01511856216729555,0.012368333333333332,0.22236050402605184
575,K'=12 (3x),3,0.01294476659706199,0.01061222222222222,0.2197979203597312
575,K'=20 (5x),5,0.011205730140875142,0.009207333333333333,0.21704403818063236
575,R'=10 (2x),2,0.021629794920375117,0.017626666666666665,0.22710636840252185
575,R'=20 (4x),4,0.02162471794156456,0.017621666666666667,0.22716643950995327
575,K'=8 + R'=10,2,0.015113485188484993,0.012363333333333332,0.22244420505405724
575,Fix temp,1,0.02144823032306898,0.01716,0.24989687197371666
576,K'=6 (1.5x),1.5,0.01121618140266696,0.014124444444444445,-0.20590282706102397
576,K'=8 (2x),2,0.01035419211612338,0.012368333333333332,-0.1628466150553795
576,K'=12 (3x),3,0.009492202829579804,0.01061222222222222,-0.10554051443599363
576,K'=20 (5x),5,0.00880261140034494,0.009207333333333333,-0.0439564766839903
576,R'=10 (2x),2,0.01292999544845802,0.017626666666666665,-0.26645260315102
576,R'=20 (4x),4,0.01292491318480997,0.017621666666666667,-0.2665328751644772
576,K'=8 + R'=10,2,0.01034910985247533,0.012363333333333332,-0.1629191275970344
576,Fix temp,1,0.012623086627269034,0.01716,-0.2643888911847883
577,K'=6 (1.5x),1.5,0.010432145644320953,0.014124444444444445,-0.2614119666544322
577,K'=8 (2x),2,0.008090644990104779,0.012368333333333332,-0.34585810617667867
577,K'=12 (3x),3,0.0057491443358886046,0.01061222222222222,-0.4582525492304738
577,K'=20 (5x),5,0.0038759438125156656,0.009207333333333333,-0.5790373094798712
577,R'=10 (2x),2,0.015105150244319441,0.017626666666666665,-0.1430512342481406
577,R'=20 (4x),4,0.015100151890102512,0.017621666666666667,-0.143091730439657
577,K'=8 + R'=10,2,0.00808564663588785,0.012363333333333332,-0.34599784557391344
577,Fix temp,1,0.014627995114000066,0.01716,-0.14755273228437854
578,K'=6 (1.5x),1.5,0.011591689096308817,0.014124444444444445,-0.1793171659315658
578,K'=8 (2x),2,0.009032059752946252,0.012368333333333332,-0.2697431812737162
578,K'=12 (3x),3,0.006472430409583686,0.01061222222222222,-0.39009660049991435
578,K'=20 (5x),5,0.004424726934893634,0.009207333333333333,-0.5194344795930453
578,R'=10 (2x),2,0.01670049041849785,0.017626666666666665,-0.05254403828491771
578,R'=20 (4x),4,0.0166952617362298,0.017621666666666667,-0.05257192454952437
578,K'=8 + R'=10,2,0.009026831070678204,0.012363333333333332,-0.26987076807671573
578,Fix temp,1,0.016406960456470013,0.01716,-0.04388342328263338
579,K'=6 (1.5x),1.5,0.006485144414020874,0.014124444444444445,-0.5408566730161433
579,K'=8 (2x),2,0.005765577399095185,0.012368333333333332,-0.5338436276166135
579,K'=12 (3x),3,0.005046010384169495,0.01061222222222222,-0.5245095439480111
579,K'=20 (5x),5,0.004470356772228943,0.009207333333333333,-0.5144786649523267
579,R'=10 (2x),2,0.007914618771714895,0.017626666666666665,-0.5509860757347828
579,R'=20 (4x),4,0.007909788935636217,0.017621666666666667,-0.55113275689192
579,K'=8 + R'=10,2,0.005760747563016506,0.012363333333333332,-0.5340457619560658
579,Fix temp,1,0.0075309711184541875,0.01716,-0.5611322192043015
580,K'=6 (1.5x),1.5,0.020923207048672288,0.014124444444444445,0.4813472580085792
580,K'=8 (2x),2,0.016092192112118604,0.012368333333333332,0.30108007913639184
580,K'=12 (3x),3,0.011261177175564924,0.01061222222222222,0.06115165511553066
580,K'=20 (5x),5,0.007396365226321978,0.009207333333333333,-0.19668757950307963
580,R'=10 (2x),2,0.03057535689740397,0.017626666666666665,0.7346079934230695
580,R'=20 (4x),4,0.030570416885216122,0.017621666666666667,0.7348198364825189
580,K'=8 + R'=10,2,0.016087252099930758,0.012363333333333332,0.30120669452122617
580,Fix temp,1,0.030466706690244278,0.01716,0.775449107823093
581,K'=6 (1.5x),1.5,0.009399402157054476,0.014124444444444445,-0.3345294256333363
581,K'=8 (2x),2,0.007403580525386885,0.012368333333333332,-0.40140839304242937
581,K'=12 (3x),3,0.005407758893719293,0.01061222222222222,-0.490421630787628
581,K'=20 (5x),5,0.0038111015883852207,0.009207333333333333,-0.5860797637696161
581,R'=10 (2x),2,0.013381162202076538,0.017626666666666665,-0.24085690986706473
581,R'=20 (4x),4,0.013376220592919978,0.017621666666666667,-0.24092193741114284
581,K'=8 + R'=10,2,0.007398638916230324,0.012363333333333332,-0.4015660083933412
581,Fix temp,1,0.01249537717270121,0.01716,-0.27183116709200417
582,K'=6 (1.5x),1.5,0.015661677694573325,0.014124444444444445,0.10883495320295722
582,K'=8 (2x),2,0.015091341580920646,0.012368333333333332,0.22015967505085415
582,K'=12 (3x),3,0.014521005467267966,0.01061222222222222,0.3683284389635819
582,K'=20 (5x),5,0.014064736576345825,0.009207333333333333,0.5275580960479862
582,R'=10 (2x),2,0.016792043044476495,0.017626666666666665,-0.04735005420897337
582,R'=20 (4x),4,0.016786889605775398,0.017621666666666667,-0.04737219677809153
582,K'=8 + R'=10,2,0.015086188142219552,0.012363333333333332,0.22023630160848373
582,Fix temp,1,0.01621035326473878,0.01716,-0.05534071883806654
583,K'=6 (1.5x),1.5,0.0038601175808639474,0.014124444444444445,-0.7267065904045349
583,K'=8 (2x),2,0.0036211436069816354,0.012368333333333332,-0.7072246106739009
583,K'=12 (3x),3,0.003382169633099323,0.01061222222222222,-0.6812948728102407
583,K'=20 (5x),5,0.0031909904539934733,0.009207333333333333,-0.653429463399449
583,R'=10 (2x),2,0.004328301193592394,0.017626666666666665,-0.754445847564728
583,R'=20 (4x),4,0.004323419026074305,0.017621666666666667,-0.7546532284456083
583,K'=8 + R'=10,2,0.0036162614394635467,0.012363333333333332,-0.7075010968349787
583,Fix temp,1,0.004120203765970407,0.01716,-0.7598948854329599
584,K'=6 (1.5x),1.5,0.01108957227716312,0.014124444444444445,-0.21486665753250414
584,K'=8 (2x),2,0.010845397802861229,0.012368333333333332,-0.1231318310582485
584,K'=12 (3x),3,0.010601223328559336,0.01061222222222222,-0.0010364364251488254
584,K'=20 (5x),5,0.010405883749117823,0.009207333333333333,0.13017345765525556
584,R'=10 (2x),2,0.01156821997440435,0.017626666666666665,-0.3437091542508878
584,R'=20 (4x),4,0.011563369348723075,0.017621666666666667,-0.3437982020964868
584,K'=8 + R'=10,2,0.010840547177179954,0.012363333333333332,-0.12316954619736144
584,Fix temp,1,0.01079713415025833,0.01716,-0.37079637819007405
585,K'=6 (1.5x),1.5,0.01697067437378258,0.014124444444444445,0.20151092954722477
585,K'=8 (2x),2,0.01453453723734536,0.012368333333333332,0.17514113224730055
585,K'=12 (3x),3,0.012098400100908136,0.01061222222222222,0.14004398396160866
585,K'=20 (5x),5,0.010149490391758359,0.009207333333333333,0.10232681106636297
585,R'=10 (2x),2,0.02183284810049679,0.017626666666666665,0.23862602688143672
585,R'=20 (4x),4,0.02182779782741667,0.017621666666666667,0.2386908821006338
585,K'=8 + R'=10,2,0.014529486964265242,0.012363333333333332,0.17520789681304205
585,Fix temp,1,0.02132022230918272,0.01716,0.24243719750482046
586,K'=6 (1.5x),1.5,0.019052030230151097,0.014124444444444445,0.3488693523549392
586,K'=8 (2x),2,0.015471235541272079,0.012368333333333332,0.2508747237250032
586,K'=12 (3x),3,0.011890440852393058,0.01061222222222222,0.12044778213315394
586,K'=20 (5x),5,0.00902580510128984,0.009207333333333333,-0.019715614225272498
586,R'=10 (2x),2,0.026202806712967375,0.017626666666666665,0.4865434973317347
586,R'=20 (4x),4,0.026197400265496492,0.017621666666666667,0.48665848475341855
586,K'=8 + R'=10,2,0.015465829093801196,0.012363333333333332,0.2509433076679319
586,Fix temp,1,0.02574870056753861,0.01716,0.5005070260803384
587,K'=6 (1.5x),1.5,0.017646823824025774,0.014124444444444445,0.24938180000182475
587,K'=8 (2x),2,0.01417254976018013,0.012368333333333332,0.1458738520560678
587,K'=12 (3x),3,0.01069827569633449,0.01061222222222222,0.008108902387293736
587,K'=20 (5x),5,0.00791885644525798,0.009207333333333333,-0.13994028905314818
587,R'=10 (2x),2,0.024585117202223037,0.017626666666666665,0.394768373802366
587,R'=20 (4x),4,0.024579989827476025,0.017621666666666667,0.3948731577116821
587,K'=8 + R'=10,2,0.014167422385433122,0.012363333333333332,0.14592254398218846
587,Fix temp,1,0.023989418302148558,0.01716,0.3979847495424566
588,K'=6 (1.5x),1.5,0.008703087842967378,0.014124444444444445,-0.38382795321974195
588,K'=8 (2x),2,0.007453211853004776,0.012368333333333332,-0.39739561894584746
588,K'=12 (3x),3,0.006203335863042172,0.01061222222222222,-0.41545364079803626
588,K'=20 (5x),5,0.005203435071072089,0.009207333333333333,-0.4348597055529553
588,R'=10 (2x),2,0.011193045377333115,0.017626666666666665,-0.36499364349471736
588,R'=20 (4x),4,0.01118814815455338,0.017621666666666667,-0.365091374942587
588,K'=8 + R'=10,2,0.007448314630225041,0.012363333333333332,-0.3975480212813393
588,Fix temp,1,0.011071496203996414,0.01716,-0.35480791352002256
589,K'=6 (1.5x),1.5,0.02658301579513541,0.014124444444444445,0.8820574430161948
589,K'=8 (2x),2,0.02482345820631466,0.012368333333333332,1.0070172380796116
589,K'=12 (3x),3,0.023063900617493912,0.01061222222222222,1.173333740523979
589,K'=20 (5x),5,0.021656254546437315,0.009207333333333333,1.3520658764503637
589,R'=10 (2x),2,0.0300924361634143,0.017626666666666665,0.707210826214881
589,R'=20 (4x),4,0.030087588758733,0.017621666666666667,0.7074201508786341
589,K'=8 + R'=10,2,0.02481861080163336,0.012363333333333332,1.0074368402507436
589,Fix temp,1,0.029940656155969924,0.01716,0.7447934822826294
590,K'=6 (1.5x),1.5,0.015076111537523964,0.014124444444444445,0.06737731149870733
590,K'=8 (2x),2,0.011853989018655716,0.012368333333333332,-0.041585579949679194
590,K'=12 (3x),3,0.008631866499787467,0.01061222222222222,-0.1866108418166976
590,K'=20 (5x),5,0.006054168484692869,0.009207333333333333,-0.3424623324133442
590,R'=10 (2x),2,0.021510162003535397,0.017626666666666665,0.22031932697818069
590,R'=20 (4x),4,0.021505064717672866,0.017621666666666667,0.22037631992847057
590,K'=8 + R'=10,2,0.011848891732793186,0.012363333333333332,-0.0416102669619962
590,Fix temp,1,0.021106488460114814,0.01716,0.22998184499503566
591,K'=6 (1.5x),1.5,0.019058912720210375,0.014124444444444445,0.349356627453535
591,K'=8 (2x),2,0.018191740144018736,0.012368333333333332,0.47083197499140855
591,K'=12 (3x),3,0.017324567567827093,0.01061222222222222,0.63251081677776
591,K'=20 (5x),5,0.016630829506873775,0.009207333333333333,0.8062590877062243
591,R'=10 (2x),2,0.020783798984072215,0.017626666666666665,0.17911113752300775
591,R'=20 (4x),4,0.020779069539811488,0.017621666666666667,0.17917731238881038
591,K'=8 + R'=10,2,0.01818701069975801,0.012363333333333332,0.47104427336948046
591,Fix temp,1,0.020564376773528098,0.01716,0.19839025486760467
592,K'=6 (1.5x),1.5,0.006271368601068956,0.014124444444444445,-0.5559918391313672
592,K'=8 (2x),2,0.005501145068382018,0.012368333333333332,-0.5552234144954573
592,K'=12 (3x),3,0.0047309215356950785,0.01061222222222222,-0.5542006719583739
592,K'=20 (5x),5,0.004114742709545527,0.009207333333333333,-0.5531015810355303
592,R'=10 (2x),2,0.007801774402345585,0.017626666666666665,-0.5573879877640553
592,R'=20 (4x),4,0.00779675377029696,0.017621666666666667,-0.5575473127609784
592,K'=8 + R'=10,2,0.005496124436333393,0.012363333333333332,-0.5554496276893993
592,Fix temp,1,0.007319628049837246,0.01716,-0.5734482488439833
593,K'=6 (1.5x),1.5,0.009968556305348809,0.014124444444444445,-0.29423374175472566
593,K'=8 (2x),2,0.009217315039598831,0.012368333333333332,-0.2547649880394422
593,K'=12 (3x),3,0.008466073773848856,0.01061222222222222,-0.20223365129683057
593,K'=20 (5x),5,0.007865080761248873,0.009207333333333333,-0.1457808166046405
593,R'=10 (2x),2,0.011460661381696786,0.017626666666666665,-0.34981119241508396
593,R'=20 (4x),4,0.011455472654120797,0.017621666666666667,-0.3499211583777095
593,K'=8 + R'=10,2,0.009212126312022843,0.012363333333333332,-0.25488328562770207
593,Fix temp,1,0.011165002464615437,0.01716,-0.3493588307333662
594,K'=6 (1.5x),1.5,0.016534805734896574,0.014124444444444445,0.17065175907858057
594,K'=8 (2x),2,0.015461780657461852,0.012368333333333332,0.25011028088897885
594,K'=12 (3x),3,0.014388755580027127,0.01061222222222222,0.35586640372991474
594,K'=20 (5x),5,0.013530335518079348,0.009207333333333333,0.46951728890877
594,R'=10 (2x),2,0.018671380461852922,0.017626666666666665,0.0592689369432445
594,R'=20 (4x),4,0.01866664274789637,0.017621666666666667,0.05930063829923596
594,K'=8 + R'=10,2,0.0154570429435053,0.012363333333333332,0.2502326457405205
594,Fix temp,1,0.0184226807457914,0.01716,0.07358279404378784
595,K'=6 (1.5x),1.5,0.03267538490063244,0.014124444444444445,1.313392574777312
595,K'=8 (2x),2,0.028663295600416628,0.012368333333333332,1.3174743781498421
595,K'=12 (3x),3,0.024651206300200817,0.01061222222222222,1.322907095611008
595,K'=20 (5x),5,0.021441534860028165,0.009207333333333333,1.3287453689118998
595,R'=10 (2x),2,0.040689266095475,0.017626666666666665,1.3083925545844364
595,R'=20 (4x),4,0.04068411739268047,0.017621666666666667,1.3087553613551766
595,K'=8 + R'=10,2,0.028658146897622097,0.012363333333333332,1.3179951656205529
595,Fix temp,1,0.0403217471918509,0.01716,1.3497521673572783
596,K'=6 (1.5x),1.5,0.003021659901276199,0.014124444444444445,-0.7860687609228619
596,K'=8 (2x),2,0.0027210667644299216,0.012368333333333332,-0.7799972970411059
596,K'=12 (3x),3,0.002420473627583644,0.01061222222222222,-0.7719164208119276
596,K'=20 (5x),5,0.002179999118106622,0.009207333333333333,-0.7632323019940676
596,R'=10 (2x),2,0.0036126051112586473,0.017626666666666665,-0.7950488779543127
596,R'=20 (4x),4,0.003607484579403594,0.017621666666666667,-0.795281306380199
596,K'=8 + R'=10,2,0.002715946232574868,0.012363333333333332,-0.7803224939950228
596,Fix temp,1,0.002688188275144865,0.01716,-0.8433456716116047
597,K'=6 (1.5x),1.5,0.02005061717286225,0.014124444444444445,0.4195685537740736
597,K'=8 (2x),2,0.017524184974331655,0.012368333333333332,0.41685904657040757
597,K'=12 (3x),3,0.014997752775801062,0.01061222222222222,0.41325280056758007
597,K'=20 (5x),5,0.01297660701697659,0.009207333333333333,0.4093773459897824
597,R'=10 (2x),2,0.025093503128244692,0.017626666666666665,0.42361023798665054
597,R'=20 (4x),4,0.02508851390740532,0.017621666666666667,0.42373104553515484
597,K'=8 + R'=10,2,0.017519195753492284,0.012363333333333332,0.4170285052703385
597,Fix temp,1,0.024646673419554465,0.01716,0.4362863298108661
598,K'=6 (1.5x),1.5,0.009034695063344358,0.014124444444444445,-0.3603504124441534
598,K'=8 (2x),2,0.0076259953110797965,0.012368333333333332,-0.3834257934715162
598,K'=12 (3x),3,0.006217295558815236,0.01061222222222222,-0.41413820511635296
598,K'=20 (5x),5,0.005090335757003589,0.009207333333333333,-0.4471433179707926
598,R'=10 (2x),2,0.01184234073517909,0.017626666666666665,-0.3281576738741061
598,R'=20 (4x),4,0.011837463818831896,0.017621666666666667,-0.32824380106884166
598,K'=8 + R'=10,2,0.007621118394732602,0.012363333333333332,-0.3835709036344619
598,Fix temp,1,0.010780906882599967,0.01716,-0.3717420231585101
599,K'=6 (1.5x),1.5,0.01132587258221976,0.014124444444444445,-0.19813677438658095
599,K'=8 (2x),2,0.010948970471554957,0.012368333333333332,-0.11475781122045883
599,K'=12 (3x),3,0.010572068360890158,0.01061222222222222,-0.00378373732581469
599,K'=20 (5x),5,0.010270546672358319,0.009207333333333333,0.11547462229653742
599,R'=10 (2x),2,0.012069818410491834,0.017626666666666665,-0.31525235946528923
599,R'=20 (4x),4,0.012064889213963072,0.017621666666666667,-0.31533779169792464
599,K'=8 + R'=10,2,0.010944041275026194,0.012363333333333332,-0.11479849487520662
599,Fix temp,1,0.011887607499718279,0.01716,-0.3072489802028976
600,K'=6 (1.5x),1.5,0.01717256759405021,0.014124444444444445,0.2158048170740395
600,K'=8 (2x),2,0.014349622772807104,0.012368333333333332,0.16019049503897906
600,K'=12 (3x),3,0.011526677951563999,0.01061222222222222,0.08617005092740028
600,K'=20 (5x),5,0.009268322094569513,0.009207333333333333,0.006623933231067229
600,R'=10 (2x),2,0.02280846529868123,0.017626666666666665,0.29397496021262653
600,R'=20 (4x),4,0.022803469329753634,0.017621666666666667,0.2940586018965459
600,K'=8 + R'=10,2,0.014344626803879507,0.012363333333333332,0.16025560559823473
600,Fix temp,1,0.02223696920150307,0.01716,0.2958606760782674
601,K'=6 (1.5x),1.5,0.008565749416464154,0.014124444444444445,-0.39355141009929684
601,K'=8 (2x),2,0.008517701510397152,0.012368333333333332,-0.31132988731460826
601,K'=12 (3x),3,0.008469653604330147,0.01061222222222222,-0.2018963203960702
601,K'=20 (5x),5,0.008431215279476545,0.009207333333333333,-0.0842934675827371
601,R'=10 (2x),2,0.008651513595941348,0.017626666666666665,-0.5091803935736754
601,R'=20 (4x),4,0.00864634777961294,0.017621666666666667,-0.5093342790345442
601,K'=8 + R'=10,2,0.008512535694068745,0.012363333333333332,-0.3114692078132586
601,Fix temp,1,0.008444498050889484,0.01716,-0.5078963839807994
602,K'=6 (1.5x),1.5,0.00950226180891657,0.014124444444444445,-0.3272470399602806
602,K'=8 (2x),2,0.00901274947577931,0.012368333333333332,-0.2713044487983308
602,K'=12 (3x),3,0.00852323714264205,0.01061222222222222,-0.1968470915738827
602,K'=20 (5x),5,0.00813162727613224,0.009207333333333333,-0.11683144492083417
602,R'=10 (2x),2,0.01047142698873951,0.017626666666666665,-0.40593265948905954
602,R'=20 (4x),4,0.010466497245513715,0.017621666666666667,-0.40604385251979297
602,K'=8 + R'=10,2,0.009007819732553516,0.012363333333333332,-0.27140848752600294
602,Fix temp,1,0.010044386701881824,0.01716,-0.41466277961061637
603,K'=6 (1.5x),1.5,0.007803952011120669,0.014124444444444445,-0.44748609109435167
603,K'=8 (2x),2,0.006375825523859073,0.012368333333333332,-0.48450406760336284
603,K'=12 (3x),3,0.004947699036597478,0.01061222222222222,-0.5337735176486513
603,K'=20 (5x),5,0.0038051978467882022,0.009207333333333333,-0.5867209637113675
603,R'=10 (2x),2,0.01065027704395366,0.017626666666666665,-0.3957860981115548
603,R'=20 (4x),4,0.010645313073108561,0.017621666666666667,-0.3958963545006019
603,K'=8 + R'=10,2,0.006370861553013974,0.012363333333333332,-0.484697097356648
603,Fix temp,1,0.009964137722883072,0.01716,-0.41933929353828253
604,K'=6 (1.5x),1.5,0.02278348822435446,0.014124444444444445,0.6130537603775184
604,K'=8 (2x),2,0.019887763405335098,0.012368333333333332,0.6079582324755505
604,K'=12 (3x),3,0.01699203858631574,0.01061222222222222,0.6011762881042999
604,K'=20 (5x),5,0.014675458731100256,0.009207333333333333,0.5938880672399091
604,R'=10 (2x),2,0.028564594928781363,0.017626666666666665,0.6205329952031788
604,R'=20 (4x),4,0.02855942346197546,0.017621666666666667,0.6206993357784237
604,K'=8 + R'=10,2,0.019882591938529193,0.012363333333333332,0.6081902349848365
604,Fix temp,1,0.02799846251875638,0.01716,0.6316120348925628
605,K'=6 (1.5x),1.5,0.010676637877381306,0.014124444444444445,-0.24410210119232417
605,K'=8 (2x),2,0.008485466996149039,0.012368333333333332,-0.31393610056738663
605,K'=12 (3x),3,0.006294296114916768,0.01061222222222222,-0.40688236797978306
605,K'=20 (5x),5,0.004541359409930954,0.009207333333333333,-0.5067671338138853
605,R'=10 (2x),2,0.01504916431173887,0.017626666666666665,-0.14622744071072974
605,R'=20 (4x),4,0.015044256647685382,0.017621666666666667,-0.1462636916096445
605,K'=8 + R'=10,2,0.008480559332095551,0.012363333333333332,-0.31405559459998234
605,Fix temp,1,0.014864772501155445,0.01716,-0.13375451624968276
606,K'=6 (1.5x),1.5,0.015322231040909058,0.014124444444444445,0.08480238647090559
606,K'=8 (2x),2,0.014473247688663683,0.012368333333333332,0.1701857718903397
606,K'=12 (3x),3,0.01362426433641831,0.01061222222222222,0.28382765184551156
606,K'=20 (5x),5,0.01294507765462201,0.009207333333333333,0.4059529709603227
606,R'=10 (2x),2,0.017009798755587828,0.017626666666666665,-0.0349962884500097
606,R'=20 (4x),4,0.01700459926068184,0.017621666666666667,-0.035017539354099764
606,K'=8 + R'=10,2,0.014468048193757693,0.012363333333333332,0.17023846269272264
606,Fix temp,1,0.016410286174742342,0.01716,-0.043689616856506984
607,K'=6 (1.5x),1.5,0.008956752331891438,0.014124444444444445,-0.3658686989692972
607,K'=8 (2x),2,0.008412438828865212,0.012368333333333332,-0.31984054745733353
607,K'=12 (3x),3,0.007868125325838984,0.01061222222222222,-0.25857891390900567
607,K'=20 (5x),5,0.007432674523418005,0.009207333333333333,-0.192744060160234
607,R'=10 (2x),2,0.010034949309850412,0.017626666666666665,-0.43069500889653484
607,R'=20 (4x),4,0.010029734295803673,0.017621666666666667,-0.43082941667623154
607,K'=8 + R'=10,2,0.008407223814818473,0.012363333333333332,-0.31998728917618163
607,Fix temp,1,0.009823297343080389,0.01716,-0.4275467748787653
608,K'=6 (1.5x),1.5,0.011043032727381087,0.014124444444444445,-0.21816162251077892
608,K'=8 (2x),2,0.009863597764242992,0.012368333333333332,-0.2025119716283795
608,K'=12 (3x),3,0.008684162801104893,0.01061222222222222,-0.18168291058586486
608,K'=20 (5x),5,0.007740614830594417,0.009207333333333333,-0.1592989467893979
608,R'=10 (2x),2,0.01339182375386429,0.017626666666666665,-0.24025205632388671
608,R'=20 (4x),4,0.01338678430396779,0.017621666666666667,-0.24032246454358516
608,K'=8 + R'=10,2,0.009858558314346493,0.012363333333333332,-0.20259706273821831
608,Fix temp,1,0.012918130278329807,0.01716,-0.24719520522553579
609,K'=6 (1.5x),1.5,0.01288185562940359,0.014124444444444445,-0.08797434971182896
609,K'=8 (2x),2,0.010554368055855629,0.012368333333333332,-0.14666206259083978
609,K'=12 (3x),3,0.008226880482307672,0.01061222222222222,-0.2247730673147413
609,K'=20 (5x),5,0.006364890423469304,0.009207333333333333,-0.30871510859431206
609,R'=10 (2x),2,0.017526828264704163,0.017626666666666665,-0.0056640545742721
609,R'=20 (4x),4,0.017521827008806487,0.017621666666666667,-0.00566573297229814
609,K'=8 + R'=10,2,0.010549366799957957,0.012363333333333332,-0.14672147749059386
609,Fix temp,1,0.017314004633435586,0.01716,0.008974628988087673
610,K'=6 (1.5x),1.5,0.01402406358983024,0.014124444444444445,-0.007106888699872892
610,K'=8 (2x),2,0.013042460115253346,0.012368333333333332,0.05450425402937721
610,K'=12 (3x),3,0.01206085664067645,0.01061222222222222,0.1365062272650828
610,K'=20 (5x),5,0.011275573861014935,0.009207333333333333,0.2246297003491712
610,R'=10 (2x),2,0.01597702383519347,0.017626666666666665,-0.09358790647540823
610,R'=20 (4x),4,0.01597190048329819,0.017621666666666667,-0.09362146127126512
610,K'=8 + R'=10,2,0.013037336763358064,0.012363333333333332,0.05451631949512529
610,Fix temp,1,0.015180390059306603,0.01716,-0.11536188465579243
611,K'=6 (1.5x),1.5,0.01149031603221867,0.014124444444444445,-0.18649430231302677
611,K'=8 (2x),2,0.010360740166094097,0.012368333333333332,-0.16231719449448068
611,K'=12 (3x),3,0.009231164299969527,0.01061222222222222,-0.13013842843968432
611,K'=20 (5x),5,0.008327503607069868,0.009207333333333333,-0.09555749687895135
611,R'=10 (2x),2,0.013739439548708175,0.017626666666666665,-0.22053103921852255
611,R'=20 (4x),4,0.013734425440828354,0.017621666666666667,-0.22059441364825383
611,K'=8 + R'=10,2,0.010355726058214276,0.012363333333333332,-0.1623839801929676
611,Fix temp,1,0.012974056607719381,0.01716,-0.24393609512124825
612,K'=6 (1.5x),1.5,0.012788355348778944,0.014124444444444445,-0.09459409896939507
612,K'=8 (2x),2,0.01121228747062007,0.012368333333333332,-0.09346820073143203
612,K'=12 (3x),3,0.009636219592461194,0.01061222222222222,-0.09196967509003497
612,K'=20 (5x),5,0.008375365289934092,0.009207333333333333,-0.09035928354926234
612,R'=10 (2x),2,0.01593015756091104,0.017626666666666665,-0.09624673444150673
612,R'=20 (4x),4,0.01592499078881821,0.017621666666666667,-0.09628350768079781
612,K'=8 + R'=10,2,0.01120712069852724,0.012363333333333332,-0.09351949054781006
612,Fix temp,1,0.015236953924182445,0.01716,-0.11206562213389024
613,K'=6 (1.5x),1.5,0.02367445453299713,0.014124444444444445,0.6761335021788402
613,K'=8 (2x),2,0.02099165608437412,0.012368333333333332,0.6972097629193469
613,K'=12 (3x),3,0.018308857635751116,0.01061222222222222,0.7252614252095075
613,K'=20 (5x),5,0.016162618876852712,0.009207333333333333,0.7554071620649532
613,R'=10 (2x),2,0.029029996321109065,0.017626666666666665,0.6469362511975644
613,R'=20 (4x),4,0.02902496876654203,0.017621666666666667,0.6471182502530235
613,K'=8 + R'=10,2,0.020986628529807084,0.012363333333333332,0.6974895009280468
613,Fix temp,1,0.028331457918500957,0.01716,0.6510173612180044
614,K'=6 (1.5x),1.5,0.025658244971447315,0.014124444444444445,0.8165843670785544
614,K'=8 (2x),2,0.020869577939572517,0.012368333333333332,0.6873395450402253
614,K'=12 (3x),3,0.016080910907697726,0.01061222222222222,0.515319842626736
614,K'=20 (5x),5,0.012249977282197894,0.009207333333333333,0.33045875919896034
614,R'=10 (2x),2,0.03522570676653137,0.017626666666666665,0.998432683426515
614,R'=20 (4x),4,0.035220770632198604,0.017621666666666667,0.9987196045889682
614,K'=8 + R'=10,2,0.020864641805239753,0.012363333333333332,0.6876226857837494
614,Fix temp,1,0.03495035166873779,0.01716,1.036733780229475
615,K'=6 (1.5x),1.5,0.029201209979188528,0.014124444444444445,1.0674236140079982
615,K'=8 (2x),2,0.028164578065972022,0.012368333333333332,1.2771522489668798
615,K'=12 (3x),3,0.027127946152755527,0.01061222222222222,1.5562926957889203
615,K'=20 (5x),5,0.026298640622182318,0.009207333333333333,1.856271155837628
615,R'=10 (2x),2,0.031264689603286294,0.017626666666666665,0.7737153708369684
615,R'=20 (4x),4,0.03125979750211867,0.017621666666666667,0.7739410291564554
615,K'=8 + R'=10,2,0.028159685964804403,0.012363333333333332,1.2776774843465413
615,Fix temp,1,0.03082601289059443,0.01716,0.7963876975870879
616,K'=6 (1.5x),1.5,0.016683306547368045,0.014124444444444445,0.1811655044549434
616,K'=8 (2x),2,0.016032589703424725,0.012368333333333332,0.296261126809707
616,K'=12 (3x),3,0.015381872859481406,0.01061222222222222,0.44944880887166444
616,K'=20 (5x),5,0.01486129938432675,0.009207333333333333,0.6140720495612285
616,R'=10 (2x),2,0.017974598857161274,0.017626666666666665,0.01973896693426296
616,R'=20 (4x),4,0.01796952816811457,0.017621666666666667,0.01974055621571372
616,K'=8 + R'=10,2,0.01602751901437802,0.012363333333333332,0.29637522359487906
616,Fix temp,1,0.017567974887421928,0.01716,0.023774760339273077
617,K'=6 (1.5x),1.5,0.003087283057461663,0.014124444444444445,-0.78142269102301
617,K'=8 (2x),2,0.0029474471715152505,0.012368333333333332,-0.7616940704879194
617,K'=12 (3x),3,0.002807611285568838,0.01061222222222222,-0.735436063552303
617,K'=20 (5x),5,0.002695742576811707,0.009207333333333333,-0.7072178795729809
617,R'=10 (2x),2,0.0033570539147591764,0.017626666666666665,-0.8095468656528455
617,R'=20 (4x),4,0.00335210345746152,0.017621666666666667,-0.8097737563154344
617,K'=8 + R'=10,2,0.002942496714217594,0.012363333333333332,-0.7619981088527155
617,Fix temp,1,0.0032667451230679674,0.01716,-0.8096302375834519
618,K'=6 (1.5x),1.5,0.00761890302413961,0.014124444444444445,-0.46058741962510624
618,K'=8 (2x),2,0.005943083424354764,0.012368333333333332,-0.519491974853408
618,K'=12 (3x),3,0.004267263824569918,0.01061222222222222,-0.597891588094134
618,K'=20 (5x),5,0.002926608144742041,0.009207333333333333,-0.6821437827012482
618,R'=10 (2x),2,0.010960507984227763,0.017626666666666665,-0.3781860069462313
618,R'=20 (4x),4,0.010955490864486992,0.017621666666666667,-0.37829428556774847
618,K'=8 + R'=10,2,0.005938066304613994,0.012363333333333332,-0.5197034533879217
618,Fix temp,1,0.010836600542463324,0.01716,-0.3684964718844217
619,K'=6 (1.5x),1.5,0.01013895734189435,0.014124444444444445,-0.28216947705279144
619,K'=8 (2x),2,0.008876698846215177,0.012368333333333332,-0.28230436494689304
619,K'=12 (3x),3,0.007614440350536002,0.01061222222222222,-0.2824838953531146
619,K'=20 (5x),5,0.006604633553992664,0.009207333333333333,-0.2826768278192024
619,R'=10 (2x),2,0.012653449843188513,0.017626666666666665,-0.2821416503486093
619,R'=20 (4x),4,0.01264843759815642,0.017621666666666667,-0.28222240055860665
619,K'=8 + R'=10,2,0.008871686601183084,0.012363333333333332,-0.28241952538287257
619,Fix temp,1,0.012545205886310742,0.01716,-0.2689273959026375
620,K'=6 (1.5x),1.5,0.007868063027858961,0.014124444444444445,-0.4429470795254039
620,K'=8 (2x),2,0.006886328647541579,0.012368333333333332,-0.4432290542346115
620,K'=12 (3x),3,0.005904594267224197,0.01061222222222222,-0.4436043513242825
620,K'=20 (5x),5,0.0051192067629702905,0.009207333333333333,-0.4440076645821855
620,R'=10 (2x),2,0.009821862471438379,0.017626666666666665,-0.4427838991241464
620,R'=20 (4x),4,0.009817027812910703,0.017621666666666667,-0.4429001524878065
620,K'=8 + R'=10,2,0.006881493989013905,0.012363333333333332,-0.44339493213691783
620,Fix temp,1,0.00951846615497257,0.01716,-0.4453108301298037
621,K'=6 (1.5x),1.5,0.016467015769881514,0.014124444444444445,0.16585228074994984
621,K'=8 (2x),2,0.013694850210217258,0.012368333333333332,0.10725106133005739
621,K'=12 (3x),3,0.010922684650553011,0.01061222222222222,0.029255175949922645
621,K'=20 (5x),5,0.00870495220282161,0.009207333333333333,-0.05456315225310144
621,R'=10 (2x),2,0.022001413480124982,0.017626666666666665,0.24818911574082736
621,R'=20 (4x),4,0.02199644677558247,0.017621666666666667,0.24826142678042948
621,K'=8 + R'=10,2,0.013689883505674745,0.012363333333333332,0.10729712906509138
621,Fix temp,1,0.021582828653903176,0.01716,0.25774059754680506
622,K'=6 (1.5x),1.5,0.019394630864836705,0.014124444444444445,0.3731252185614407
622,K'=8 (2x),2,0.016166369696287475,0.012368333333333332,0.3070774582633724
622,K'=12 (3x),3,0.012938108527738246,0.01061222222222222,0.2191705240251725
622,K'=20 (5x),5,0.010355499592898863,0.009207333333333333,0.12470128081589273
622,R'=10 (2x),2,0.0258411815289896,0.017626666666666665,0.46602769642527997
622,R'=20 (4x),4,0.025836195692516817,0.017621666666666667,0.4661607316286853
622,K'=8 + R'=10,2,0.016161383859814693,0.012363333333333332,0.30720279265149864
622,Fix temp,1,0.025287431800768794,0.01716,0.47362656181636315
623,K'=6 (1.5x),1.5,0.017202798106846825,0.014124444444444445,0.21794511455019996
623,K'=8 (2x),2,0.014802200738423248,0.012368333333333332,0.19678216454035166
623,K'=12 (3x),3,0.01240160336999967,0.01061222222222222,0.1686151222908287
623,K'=20 (5x),5,0.010481125475260806,0.009207333333333333,0.13834539228811882
623,R'=10 (2x),2,0.0219945307380629,0.017626666666666665,0.24779864247709354
623,R'=20 (4x),4,0.021989799685247363,0.017621666666666667,0.2478842155630774
623,K'=8 + R'=10,2,0.014797469685607708,0.012363333333333332,0.19688350112761202
623,Fix temp,1,0.021661471748191153,0.01716,0.2623235284493678
624,K'=6 (1.5x),1.5,0.025156672327727066,0.014124444444444445,0.7810734026867809
624,K'=8 (2x),2,0.024528579401345885,0.012368333333333332,0.9831758039088442
624,K'=12 (3x),3,0.023900486474964705,0.01061222222222222,1.2521660378461144
624,K'=20 (5x),5,0.02339801213385976,0.009207333333333333,1.5412365651140134
624,R'=10 (2x),2,0.02640333144721801,0.017626666666666665,0.49791971145336683
624,R'=20 (4x),4,0.026398568080582302,0.017621666666666667,0.49807442053810463
624,K'=8 + R'=10,2,0.024523816034710176,0.012363333333333332,0.9835925614486529
624,Fix temp,1,0.026122810741015717,0.01716,0.522308318241009
625,K'=6 (1.5x),1.5,0.026739572073673896,0.014124444444444445,0.8931415093066792
625,K'=8 (2x),2,0.021390534004936335,0.012368333333333332,0.729459695857944
625,K'=12 (3x),3,0.016041495936198774,0.01061222222222222,0.5116057316070463
625,K'=20 (5x),5,0.011762265481208723,0.009207333333333333,0.277488829325399
625,R'=10 (2x),2,0.03742804651021135,0.017626666666666665,1.1233763148758333
625,R'=20 (4x),4,0.03742324565974251,0.017621666666666667,1.123706364877093
625,K'=8 + R'=10,2,0.0213857331544675,0.012363333333333332,0.7297708132489216
625,Fix temp,1,0.03681901574403883,0.01716,1.1456302881141505
626,K'=6 (1.5x),1.5,0.014238844678778784,0.014124444444444445,0.00809945019673577
626,K'=8 (2x),2,0.013069349709038117,0.012368333333333332,0.056678321711746575
626,K'=12 (3x),3,0.01189985473929745,0.01061222222222222,0.12133486183307568
626,K'=20 (5x),5,0.010964258763504917,0.009207333333333333,0.19081805410595723
626,R'=10 (2x),2,0.016567930767196155,0.017626666666666665,-0.06006444210309248
626,R'=20 (4x),4,0.01656297884166418,0.017621666666666667,-0.06007875673900439
626,K'=8 + R'=10,2,0.013064397783506137,0.012363333333333332,0.05670513212505836
626,Fix temp,1,0.016204905184577248,0.01716,-0.05565820602696699
627,K'=6 (1.5x),1.5,0.009035451994722134,0.014124444444444445,-0.3602968222742353
627,K'=8 (2x),2,0.008144529610435968,0.012368333333333332,-0.3415014464005415
627,K'=12 (3x),3,0.007253607226149806,0.01061222222222222,-0.31648555088107777
627,K'=20 (5x),5,0.006540869318720874,0.009207333333333333,-0.2896022027310614
627,R'=10 (2x),2,0.010807528659854624,0.017626666666666665,-0.3868648642291249
627,R'=20 (4x),4,0.010802644608134706,0.017621666666666667,-0.3869680540167575
627,K'=8 + R'=10,2,0.00813964555871605,0.012363333333333332,-0.34163017858861816
627,Fix temp,1,0.010579779982474015,0.01716,-0.38346270498403184
628,K'=6 (1.5x),1.5,0.011485550319433525,0.014124444444444445,-0.18683171117918718
628,K'=8 (2x),2,0.01137277646980369,0.012368333333333332,-0.0804924023875199
628,K'=12 (3x),3,0.011260002620173855,0.01061222222222222,0.061040975621031376
628,K'=20 (5x),5,0.011169783540469986,0.009207333333333333,0.21313991099159937
628,R'=10 (2x),2,0.011700804772832179,0.017626666666666665,-0.3361873237803226
628,R'=20 (4x),4,0.011695658149901667,0.017621666666666667,-0.33629103471663674
628,K'=8 + R'=10,2,0.011367629846873178,0.012363333333333332,-0.0805368147581683
628,Fix temp,1,0.011073739230391141,0.01716,-0.35467720102615735
629,K'=6 (1.5x),1.5,0.011952060206393497,0.014124444444444445,-0.15380316348692993
629,K'=8 (2x),2,0.010365317304471202,0.012368333333333332,-0.1619471253627918
629,K'=12 (3x),3,0.008778574402548905,0.01061222222222222,-0.1727864137478782
629,K'=20 (5x),5,0.007509180081011071,0.009207333333333333,-0.18443486195665723
629,R'=10 (2x),2,0.015115734865308332,0.017626666666666665,-0.14245074516026854
629,R'=20 (4x),4,0.015110829292843454,0.017621666666666667,-0.14248580575938033
629,K'=8 + R'=10,2,0.010360411732006324,0.012363333333333332,-0.16200498258239487
629,Fix temp,1,0.014850226650616203,0.01716,-0.1346021765375174
630,K'=6 (1.5x),1.5,0.0043539827469972914,0.014124444444444445,-0.6917413096052893
630,K'=8 (2x),2,0.00394046127641123,0.012368333333333332,-0.6814072542990516
630,K'=12 (3x),3,0.0035269398058251702,0.01061222222222222,-0.6676530389233951
630,K'=20 (5x),5,0.0031961226293563214,0.009207333333333333,-0.6528720625563332
630,R'=10 (2x),2,0.005170386275936333,0.017626666666666665,-0.7066724881276665
630,R'=20 (4x),4,0.005165066569819794,0.017621666666666667,-0.7068911432997373
630,K'=8 + R'=10,2,0.003935141570294691,0.012363333333333332,-0.6817086893803161
630,Fix temp,1,0.00482131068115811,0.01716,-0.7190378390933503
631,K'=6 (1.5x),1.5,0.013052707076176376,0.014124444444444445,-0.07587819630595198
631,K'=8 (2x),2,0.01173517258134921,0.012368333333333332,-0.05119208343760584
631,K'=12 (3x),3,0.010417638086522046,0.01061222222222222,-0.018335851966302694
631,K'=20 (5x),5,0.009363610490660314,0.009207333333333333,0.01697311823839488
631,R'=10 (2x),2,0.01567805195663287,0.017626666666666665,-0.11054924603066171
631,R'=20 (4x),4,0.015673189902033948,0.017621666666666667,-0.11057278528134225
631,K'=8 + R'=10,2,0.01173031052675029,0.012363333333333332,-0.051201629003751054
631,Fix temp,1,0.015563148988736513,0.01716,-0.0930565857379655
632,K'=6 (1.5x),1.5,0.026170634120349232,0.014124444444444445,0.8528611318686523
632,K'=8 (2x),2,0.0211277460704288,0.012368333333333332,0.7082128611046061
632,K'=12 (3x),3,0.016084858020508373,0.01061222222222222,0.5156917828978681
632,K'=20 (5x),5,0.012050547580572028,0.009207333333333333,0.3087988828367274
632,R'=10 (2x),2,0.03624610727068753,0.017626666666666665,1.0563222732992168
632,R'=20 (4x),4,0.03624095579593624,0.017621666666666667,1.0566133999396332
632,K'=8 + R'=10,2,0.02112259459567752,0.012363333333333332,0.708487025802981
632,Fix temp,1,0.035954234850802964,0.01716,1.0952351311656736
633,K'=6 (1.5x),1.5,0.011686286989884468,0.014124444444444445,-0.1726197065059769
633,K'=8 (2x),2,0.009538664354512325,0.012368333333333332,-0.22878336980091693
633,K'=12 (3x),3,0.007391041719140184,0.01061222222222222,-0.30353496521556206
633,K'=20 (5x),5,0.005672943610842471,0.009207333333333333,-0.3838668151282523
633,R'=10 (2x),2,0.015970951184683786,0.017626666666666665,-0.09393242144380934
633,R'=20 (4x),4,0.015965660646711302,0.017621666666666667,-0.09397556152210527
633,K'=8 + R'=10,2,0.00953337381653984,0.012363333333333332,-0.22889939472581494
633,Fix temp,1,0.015179109722569228,0.01716,-0.11543649635377468
634,K'=6 (1.5x),1.5,0.02045860803505159,0.014124444444444445,0.4484539987056663
634,K'=8 (2x),2,0.016843205283644646,0.012368333333333332,0.36180072364732363
634,K'=12 (3x),3,0.013227802532237702,0.01061222222222222,0.2464686712400726
634,K'=20 (5x),5,0.01033548033111215,0.009207333333333333,0.12252700721658275
634,R'=10 (2x),2,0.027679206734249468,0.017626666666666665,0.5703029539097657
634,R'=20 (4x),4,0.027674103332441465,0.017621666666666667,0.5704589047067888
634,K'=8 + R'=10,2,0.016838101881836643,0.012363333333333332,0.36193868011620206
634,Fix temp,1,0.027338779809788896,0.01716,0.5931689865844344
635,K'=6 (1.5x),1.5,0.008904464379816627,0.014124444444444445,-0.3695706464887536
635,K'=8 (2x),2,0.006968737555392739,0.012368333333333332,-0.436566159111219
635,K'=12 (3x),3,0.005033010730968853,0.01061222222222222,-0.5257345138862979
635,K'=20 (5x),5,0.0034844292714297435,0.009207333333333333,-0.621559343483845
635,R'=10 (2x),2,0.012765863207956743,0.017626666666666665,-0.27576419016886855
635,R'=20 (4x),4,0.012760835797602914,0.017621666666666667,-0.2758439914346214
635,K'=8 + R'=10,2,0.00696371014503891,0.012363333333333332,-0.43674493299766154
635,Fix temp,1,0.012369024378668995,0.01716,-0.2791943835274479
636,K'=6 (1.5x),1.5,0.009554804450513125,0.014124444444444445,-0.3235270606150242
636,K'=8 (2x),2,0.009105303363398796,0.012368333333333332,-0.26382131545084514
636,K'=12 (3x),3,0.008655802276284466,0.01061222222222222,-0.1843553503658234
636,K'=20 (5x),5,0.008296201406593004,0.009207333333333333,-0.09895720006592529
636,R'=10 (2x),2,0.010444699083244776,0.017626666666666665,-0.40744899300804976
636,R'=20 (4x),4,0.010440145312496272,0.017621666666666667,-0.4075392804787891
636,K'=8 + R'=10,2,0.009100749592650292,0.012363333333333332,-0.26389191755322516
636,Fix temp,1,0.010247138753051822,0.01716,-0.40284739201329717
637,K'=6 (1.5x),1.5,0.012113196171704128,0.014124444444444445,-0.14239485883152023
637,K'=8 (2x),2,0.009879346189087845,0.012368333333333332,-0.20123868569563297
637,K'=12 (3x),3,0.00764549620647156,0.01061222222222222,-0.27955747190614544
637,K'=20 (5x),5,0.005858416220378534,0.009207333333333333,-0.36372280569344717
637,R'=10 (2x),2,0.016571362719548944,0.017626666666666665,-0.05986973981378905
637,R'=20 (4x),4,0.016566596010855066,0.017621666666666667,-0.05987348845994142
637,K'=8 + R'=10,2,0.009874579480393969,0.012363333333333332,-0.20130120137012913
637,Fix temp,1,0.016100190846657335,0.01716,-0.06176044017148407
638,K'=6 (1.5x),1.5,0.01700165924769614,0.014124444444444445,0.2037046352207777
638,K'=8 (2x),2,0.014063158884918318,0.012368333333333332,0.1370294206914152
638,K'=12 (3x),3,0.011124658522140498,0.01061222222222222,0.04828736990120928
638,K'=20 (5x),5,0.00877385823191824,0.009207333333333333,-0.04707933184582135
638,R'=10 (2x),2,0.022868579653039706,0.017626666666666665,0.2973853812238866
638,R'=20 (4x),4,0.02286353949293367,0.017621666666666667,0.2974674828109525
638,K'=8 + R'=10,2,0.014058118724812281,0.012363333333333332,0.13708159003604334
638,Fix temp,1,0.022151824091506855,0.01716,0.2908988398314017
639,K'=6 (1.5x),1.5,0.01863192974078895,0.014124444444444445,0.3191265549646046
639,K'=8 (2x),2,0.018306812440934163,0.012368333333333332,0.4801357585986389
639,K'=12 (3x),3,0.017981695141079373,0.01061222222222222,0.6944325857995433
639,K'=20 (5x),5,0.017721601301195544,0.009207333333333333,0.9247268084710244
639,R'=10 (2x),2,0.019272287396905192,0.017626666666666665,0.09335972372760172
639,R'=20 (4x),4,0.019267348925108525,0.017621666666666667,0.093389705387791
639,K'=8 + R'=10,2,0.018301873969137496,0.012363333333333332,0.4803349125751548
639,Fix temp,1,0.01896206567752618,0.01716,0.10501548237332048
640,K'=6 (1.5x),1.5,0.010711495939680862,0.014124444444444445,-0.24163417670604342
640,K'=8 (2x),2,0.008486651227164242,0.012368333333333332,-0.3138403535509304
640,K'=12 (3x),3,0.006261806514647625,0.01061222222222222,-0.4099438945468681
640,K'=20 (5x),5,0.004481930744634329,0.009207333333333333,-0.5132216264606839
640,R'=10 (2x),2,0.015151426697808642,0.017626666666666665,-0.1404258681273463
640,R'=20 (4x),4,0.015146547364355912,0.017621666666666667,-0.1404588651647076
640,K'=8 + R'=10,2,0.008481771893711512,0.012363333333333332,-0.3139575173595433
640,Fix temp,1,0.014901068291394258,0.01716,-0.13163937695837669
641,K'=6 (1.5x),1.5,0.015069195004675667,0.014124444444444445,0.06688762619635776
641,K'=8 (2x),2,0.012811415262248858,0.012368333333333332,0.03582389938678285
641,K'=12 (3x),3,0.010553635519822047,0.01061222222222222,-0.005520681830191233
641,K'=20 (5x),5,0.008747411725880599,0.009207333333333333,-0.04995166252835431
641,R'=10 (2x),2,0.019574968992110715,0.017626666666666665,0.11053152375817224
641,R'=20 (4x),4,0.01957007624340143,0.017621666666666667,0.11056897248092852
641,K'=8 + R'=10,2,0.012806522513539571,0.012363333333333332,0.03584706229761976
641,Fix temp,1,0.01925490646748764,0.01716,0.12208079647363865
642,K'=6 (1.5x),1.5,0.009069343116851142,0.014124444444444445,-0.357897356421804
642,K'=8 (2x),2,0.0084009755001899,0.012368333333333332,-0.3207673763490176
642,K'=12 (3x),3,0.007732607883528656,0.01061222222222222,-0.2713488540282911
642,K'=20 (5x),5,0.007197913790199663,0.009207333333333333,-0.21824120734925098
642,R'=10 (2x),2,0.010395805784554539,0.017626666666666665,-0.41022281857670917
642,R'=20 (4x),4,0.010390669501744994,0.017621666666666667,-0.41034694967871027
642,K'=8 + R'=10,2,0.008395839217380355,0.012363333333333332,-0.3209081247737647
642,Fix temp,1,0.010168674144589574,0.01716,-0.4074199216439643
643,K'=6 (1.5x),1.5,0.01288664578836211,0.014124444444444445,-0.08763521007505513
643,K'=8 (2x),2,0.010534036159891718,0.012368333333333332,-0.14830592966783027
643,K'=12 (3x),3,0.008181426531421327,0.01061222222222222,-0.22905623722341162
643,K'=20 (5x),5,0.0062993388286450135,0.009207333333333333,-0.3158346069822952
643,R'=10 (2x),2,0.017582421076893145,0.017626666666666665,-0.0025101507057594557
643,R'=20 (4x),4,0.01757769909268827,0.017621666666666667,-0.0024950860103129737
643,K'=8 + R'=10,2,0.010529314175686843,0.012363333333333332,-0.14834342067779635
643,Fix temp,1,0.016744783130395402,0.01716,-0.024196787272995315
644,K'=6 (1.5x),1.5,0.019303715657620957,0.014124444444444445,0.3666884905489979
644,K'=8 (2x),2,0.018551099235559993,0.012368333333333332,0.4998867459016301
644,K'=12 (3x),3,0.01779848281349903,0.01061222222222222,0.6771683103496103
644,K'=20 (5x),5,0.01719638967585026,0.009207333333333333,0.867684057184519
644,R'=10 (2x),2,0.02079938404464952,0.017626666666666665,0.17999531266922403
644,R'=20 (4x),4,0.020794601816102837,0.017621666666666667,0.18005874299268912
644,K'=8 + R'=10,2,0.01854631700701331,0.012363333333333332,0.5001065252369894
644,Fix temp,1,0.020586160846395293,0.01716,0.1996597229834086
645,K'=6 (1.5x),1.5,0.0034058061067317224,0.014124444444444445,-0.7588714996807308
645,K'=8 (2x),2,0.0028563629269818393,0.012368333333333332,-0.7690583807857292
645,K'=12 (3x),3,0.002306919747231957,0.01061222222222222,-0.7826167131704782
645,K'=20 (5x),5,0.0018673652034320502,0.009207333333333333,-0.7971871837558413
645,R'=10 (2x),2,0.0044943998739216395,0.017626666666666665,-0.745022700042267
645,R'=20 (4x),4,0.004489253577766715,0.017621666666666667,-0.7452423960408561
645,K'=8 + R'=10,2,0.0028512166308269156,0.012363333333333332,-0.7693812377330616
645,Fix temp,1,0.004419295505974499,0.01716,-0.742465296854633
646,K'=6 (1.5x),1.5,0.016681315259879363,0.014124444444444445,0.18102452280454898
646,K'=8 (2x),2,0.013942607208124347,0.012368333333333332,0.12728262024991363
646,K'=12 (3x),3,0.011203899156369329,0.01061222222222222,0.05575429177388726
646,K'=20 (5x),5,0.009012932714965316,0.009207333333333333,-0.021113672257767432
646,R'=10 (2x),2,0.022148414865377674,0.017626666666666665,0.25652883124306025
646,R'=20 (4x),4,0.022143256616371815,0.017621666666666667,0.25659263878020316
646,K'=8 + R'=10,2,0.013937448959118486,0.012363333333333332,0.12732129623498145
646,Fix temp,1,0.0215326015444307,0.01716,0.25481360981530876
647,K'=6 (1.5x),1.5,0.015402598162597788,0.014124444444444445,0.09049231799386474
647,K'=8 (2x),2,0.014682877341640173,0.012368333333333332,0.18713467254872726
647,K'=12 (3x),3,0.013963156520682555,0.01061222222222222,0.31576179129036763
647,K'=20 (5x),5,0.013387379863916464,0.009207333333333333,0.45399100686950233
647,R'=10 (2x),2,0.01683222386253862,0.017626666666666665,-0.04507050704206003
647,R'=20 (4x),4,0.01682731589155142,0.017621666666666667,-0.04507807292813292
647,K'=8 + R'=10,2,0.014677969370652973,0.012363333333333332,0.18721779757236243
647,Fix temp,1,0.01638478494077499,0.01716,-0.04517570275204038
648,K'=6 (1.5x),1.5,0.011692708617557503,0.014124444444444445,-0.17216506011628757
648,K'=8 (2x),2,0.010077046174219548,0.012368333333333332,-0.1852543182142933
648,K'=12 (3x),3,0.0084613837308815925,0.01061222222222222,-0.202675598597693
648,K'=20 (5x),5,0.007168853776211229,0.009207333333333333,-0.2213973887251579
648,R'=10 (2x),2,0.014914222591901744,0.017626666666666665,-0.15388298457440933
648,R'=20 (4x),4,0.01490931713573591,0.017621666666666667,-0.15392128237571684
648,K'=8 + R'=10,2,0.010072140718053714,0.012363333333333332,-0.18532159196114464
648,Fix temp,1,0.014773659309364414,0.01716,-0.13906414281093166
649,K'=6 (1.5x),1.5,0.014409926123346153,0.014124444444444445,0.020211887272776688
649,K'=8 (2x),2,0.01248467952470665,0.012368333333333332,0.009406780059828977
649,K'=12 (3x),3,0.010559432926067145,0.01061222222222222,-0.0049743866128748706
649,K'=20 (5x),5,0.009019235647155543,0.009207333333333333,-0.020429116593055158
649,R'=10 (2x),2,0.01825071869718559,0.017626666666666665,0.03540385952263186
649,R'=20 (4x),4,0.018245868385465804,0.017621666666666667,0.03542239962919527
649,K'=8 + R'=10,2,0.012479829212986864,0.012363333333333332,0.009422691802658272
649,Fix temp,1,0.016560947873049747,0.01716,-0.03490979760782372
650,K'=6 (1.5x),1.5,0.017996733015638762,0.014124444444444445,0.27415510651942143
650,K'=8 (2x),2,0.015655857841635513,0.012368333333333332,0.26580173898144577
650,K'=12 (3x),3,0.013314982667632261,0.01061222222222222,0.2546837400135103
650,K'=20 (5x),5,0.011442282528429661,0.009207333333333333,0.24273577529827617
650,R'=10 (2x),2,0.022668324838466883,0.017626666666666665,0.286024480245852
650,R'=20 (4x),4,0.02266324557587769,0.017621666666666667,0.2861011392723555
650,K'=8 + R'=10,2,0.015650778579046322,0.012363333333333332,0.26590282386462577
650,Fix temp,1,0.022387470758451617,0.01716,0.30463116307993093
651,K'=6 (1.5x),1.5,0.011109010671213636,0.014124444444444445,-0.2134904339134462
651,K'=8 (2x),2,0.00934263650334048,0.012368333333333332,-0.244632542513908
651,K'=12 (3x),3,0.007576262335467315,0.01061222222222222,-0.28608144676781655
651,K'=20 (5x),5,0.0061631630011687874,0.009207333333333333,-0.33062453828447025
651,R'=10 (2x),2,0.014631570025064301,0.017626666666666665,-0.16991849328303882
651,R'=20 (4x),4,0.014626475534116471,0.017621666666666667,-0.16997206843186585
651,K'=8 + R'=10,2,0.00933754201239265,0.012363333333333332,-0.2447391200545173
651,Fix temp,1,0.014008002129055687,0.01716,-0.18368285961213957
652,K'=6 (1.5x),1.5,0.006085371315998663,0.014124444444444445,-0.5691603064506926
652,K'=8 (2x),2,0.004820148326343734,0.012368333333333332,-0.6102831160482091
652,K'=12 (3x),3,0.003554925336688805,0.01061222222222222,-0.6650159351879463
652,K'=20 (5x),5,0.002542746944964862,0.009207333333333333,-0.7238345943489035
652,R'=10 (2x),2,0.008605977597183095,0.017626666666666665,-0.5117637520508833
652,R'=20 (4x),4,0.00860105774812038,0.017621666666666667,-0.5119044122886383
652,K'=8 + R'=10,2,0.004815228477281021,0.012363333333333332,-0.610523444814153
652,Fix temp,1,0.008109359137505137,0.01716,-0.5274266236885119
653,K'=6 (1.5x),1.5,0.009247584077261579,0.014124444444444445,-0.34527803103088256
653,K'=8 (2x),2,0.007583516577282478,0.012368333333333332,-0.3868602686471517
653,K'=12 (3x),3,0.005919449077303379,0.01061222222222222,-0.4422045681527545
653,K'=20 (5x),5,0.004588195077320099,0.009207333333333333,-0.501680355080722
653,R'=10 (2x),2,0.012565348954958304,0.017626666666666665,-0.28713980966575425
653,R'=20 (4x),4,0.012560163893827568,0.017621666666666667,-0.28723178508497677
653,K'=8 + R'=10,2,0.007578331516151742,0.012363333333333332,-0.38703169187233144
653,Fix temp,1,0.01213500996447912,0.01716,-0.2928315871515665
654,K'=6 (1.5x),1.5,0.014912134558272061,0.014124444444444445,0.055767865201766416
654,K'=8 (2x),2,0.012445175143706395,0.012368333333333332,0.006212786177582253
654,K'=12 (3x),3,0.009978215729140733,0.01061222222222222,-0.05974304719645478
654,K'=20 (5x),5,0.0080046481974882,0.009207333333333333,-0.13062252579593792
654,R'=10 (2x),2,0.019836336077733493,0.017626666666666665,0.12535945978064453
654,R'=20 (4x),4,0.019831477422898546,0.017621666666666667,0.12540305057591292
654,K'=8 + R'=10,2,0.012440316488871448,0.012363333333333332,0.006226731372724427
654,Fix temp,1,0.019070369326124267,0.01716,0.11132688380677534
655,K'=6 (1.5x),1.5,0.015476866069712238,0.014124444444444445,0.09575042973104265
655,K'=8 (2x),2,0.012410530539538856,0.012368333333333332,0.0034117132089090886
655,K'=12 (3x),3,0.009344195009365477,0.01061222222222222,-0.11948743498807139
655,K'=20 (5x),5,0.00689112658522677,0.009207333333333333,-0.2515610833509409
655,R'=10 (2x),2,0.021599333251897782,0.017626666666666665,0.22537821020600135
655,R'=20 (4x),4,0.021594231312817173,0.017621666666666667,0.22543637450962864
655,K'=8 + R'=10,2,0.012405428600458247,0.012363333333333332,0.0034048477049000983
655,Fix temp,1,0.02130887715431977,0.01716,0.24177605794404236
656,K'=6 (1.5x),1.5,0.004653754936053989,0.014124444444444445,-0.6705176650056175
656,K'=8 (2x),2,0.003677171281488462,0.012368333333333332,-0.7026946814589574
656,K'=12 (3x),3,0.0027005876269229332,0.01061222222222222,-0.7455210067814219
656,K'=20 (5x),5,0.0019193207032705106,0.009207333333333333,-0.7915443447320422
656,R'=10 (2x),2,0.006597299570040002,0.017626666666666665,-0.6257205236361572
656,R'=20 (4x),4,0.00659248823246748,0.017621666666666667,-0.6258873603063948
656,K'=8 + R'=10,2,0.00367235994391594,0.012363333333333332,-0.7029636065853917
656,Fix temp,1,0.006400370772884269,0.01716,-0.6270180202281894
657,K'=6 (1.5x),1.5,0.014989858956202669,0.014124444444444445,0.06127069387841425
657,K'=8 (2x),2,0.014738809305529966,0.012368333333333332,0.19165686340358182
657,K'=12 (3x),3,0.014487759654857267,0.01061222222222222,0.36519565379243446
657,K'=20 (5x),5,0.014286919934319105,0.009207333333333333,0.5516892260863557
657,R'=10 (2x),2,0.015482238176046837,0.017626666666666665,-0.12165819727419601
657,R'=20 (4x),4,0.015477378135296222,0.017621666666666667,-0.12168477431403264
657,K'=8 + R'=10,2,0.014733949264779351,0.012363333333333332,0.19174569410455802
657,Fix temp,1,0.014850008489256215,0.01716,-0.13461488990348405
658,K'=6 (1.5x),1.5,0.008960460645955574,0.014124444444444445,-0.3656061531340453
658,K'=8 (2x),2,0.008237914558278768,0.012368333333333332,-0.3339511204733511
658,K'=12 (3x),3,0.007515368470601959,0.01061222222222222,-0.2918195347563853
658,K'=20 (5x),5,0.0069373316004605135,0.009207333333333333,-0.24654279916799865
658,R'=10 (2x),2,0.010395401836308781,0.017626666666666665,-0.4102457354590328
658,R'=20 (4x),4,0.010390326343808579,0.017621666666666667,-0.41036642331550677
658,K'=8 + R'=10,2,0.008232839065778565,0.012363333333333332,-0.3340922837062362
658,Fix temp,1,0.010204951242873479,0.01716,-0.4053058716274197
659,K'=6 (1.5x),1.5,0.008200109818556579,0.014124444444444445,-0.4194384175030742
659,K'=8 (2x),2,0.006913998336036498,0.012368333333333332,-0.4409919146177201
659,K'=12 (3x),3,0.005627886853516418,0.01061222222222222,-0.4696787594843706
659,K'=20 (5x),5,0.004598997667500353,0.009207333333333333,-0.5005070957026624
659,R'=10 (2x),2,0.010762347377426056,0.017626666666666665,-0.3894280988600951
659,R'=20 (4x),4,0.010757354674340714,0.017621666666666667,-0.3895381817266218
659,K'=8 + R'=10,2,0.006909005632951155,0.012363333333333332,-0.4411696711012815
659,Fix temp,1,0.010163522570456131,0.01716,-0.4077201299267989
660,K'=6 (1.5x),1.5,0.023239398630154885,0.014124444444444445,0.6453318728083225
660,K'=8 (2x),2,0.021414115957418156,0.012368333333333332,0.7313663353255485
660,K'=12 (3x),3,0.019588833284681428,0.01061222222222222,0.8458747729256924
660,K'=20 (5x),5,0.018128607146492046,0.009207333333333333,0.9689313387689573
660,R'=10 (2x),2,0.02687989123299917,0.017626666666666665,0.5249560079235537
660,R'=20 (4x),4,0.026874854861684585,0.017621666666666667,0.5251028957732669
660,K'=8 + R'=10,2,0.02140907958610357,0.012363333333333332,0.7316591738557755
660,Fix temp,1,0.026581940521300754,0.01716,0.5490641329429342
661,K'=6 (1.5x),1.5,0.0129002354877259,0.014124444444444445,-0.08667306962293025
661,K'=8 (2x),2,0.011740133546206916,0.012368333333333332,-0.05079098130654216
661,K'=12 (3x),3,0.010580031604687928,0.01061222222222222,-0.0030333531337936558
661,K'=20 (5x),5,0.009651950051472737,0.009207333333333333,0.04828941258483136
661,R'=10 (2x),2,0.015210323891111661,0.017626666666666665,-0.13708449936961067
661,R'=20 (4x),4,0.015205266151285554,0.017621666666666667,-0.13712667258381425
661,K'=8 + R'=10,2,0.011735075806380809,0.012363333333333332,-0.05081619252783959
661,Fix temp,1,0.014846807034558164,0.01716,-0.13480145486257797
662,K'=6 (1.5x),1.5,0.02430458250073363,0.014124444444444445,0.7207460864270191
662,K'=8 (2x),2,0.02157292034879881,0.012368333333333332,0.7442059303704741
662,K'=12 (3x),3,0.018841258196863997,0.01061222222222222,0.775430046819977
662,K'=20 (5x),5,0.01665592847531615,0.009207333333333333,0.8089850635706486
662,R'=10 (2x),2,0.0297578610079484,0.017626666666666665,0.6882296335825492
662,R'=20 (4x),4,0.029752838109620976,0.017621666666666667,0.6884236135224235
662,K'=8 + R'=10,2,0.02156789745047139,0.012363333333333332,0.7445050512648739
662,Fix temp,1,0.029580060338874132,0.01716,0.7237797400276299
663,K'=6 (1.5x),1.5,0.014633426162487953,0.014124444444444445,0.03603552125858699
663,K'=8 (2x),2,0.013898662595815375,0.012368333333333332,0.12372962639660776
663,K'=12 (3x),3,0.013163899029142797,0.01061222222222222,0.24044698212004179
663,K'=20 (5x),5,0.012576088175804735,0.009207333333333333,0.36587736323996106
663,R'=10 (2x),2,0.016092773422881585,0.017626666666666665,-0.08702117494998565
663,R'=20 (4x),4,0.016087683486405824,0.017621666666666667,-0.08705097022193381
663,K'=8 + R'=10,2,0.013893572659339614,0.012363333333333332,0.12377239088753966
663,Fix temp,1,0.015761844646586032,0.01716,-0.08147758469778378
664,K'=6 (1.5x),1.5,0.012009569872119208,0.014124444444444445,-0.14973152258438585
664,K'=8 (2x),2,0.010790980703513243,0.012368333333333332,-0.12753154263469257
664,K'=12 (3x),3,0.009572391534907276,0.01061222222222222,-0.09798425490351277
664,K'=20 (5x),5,0.008597520200022505,0.009207333333333333,-0.06623124320948828
664,R'=10 (2x),2,0.014436817862211635,0.017626666666666665,-0.1809672165916243
664,R'=20 (4x),4,0.01443185268865188,0.017621666666666667,-0.1810165881782722
664,K'=8 + R'=10,2,0.010786015529953489,0.012363333333333332,-0.12758030224156192
664,Fix temp,1,0.014151334876918003,0.01716,-0.1753301353777388
665,K'=6 (1.5x),1.5,0.01296030985778562,0.014124444444444445,-0.08241984959038248
665,K'=8 (2x),2,0.011746284426602822,0.012368333333333332,-0.05029367255603101
665,K'=12 (3x),3,0.010532258995420025,0.01061222222222222,-0.007535012472199364
665,K'=20 (5x),5,0.009561038650473785,0.009207333333333333,0.038415608986364355
665,R'=10 (2x),2,0.015378270575245191,0.017626666666666665,-0.12755651048155112
665,R'=20 (4x),4,0.015373225502792177,0.017621666666666667,-0.12759526135672888
665,K'=8 + R'=10,2,0.011741239354149807,0.012363333333333332,-0.05031765806283566
665,Fix temp,1,0.014975763739474403,0.01716,-0.1272864953686246
666,K'=6 (1.5x),1.5,0.007115840672171681,0.014124444444444445,-0.4962038542357998
666,K'=8 (2x),2,0.0066674118127239106,0.012368333333333332,-0.4609288387502565
666,K'=12 (3x),3,0.00621898295327614,0.01061222222222222,-0.41397920029855234
666,K'=20 (5x),5,0.005860239865717926,0.009207333333333333,-0.36352474125140183
666,R'=10 (2x),2,0.008002804227223282,0.017626666666666665,-0.5459831187278773
666,R'=20 (4x),4,0.007997857145301315,0.017621666666666667,-0.5461350338427325
666,K'=8 + R'=10,2,0.006662464730801942,0.012363333333333332,-0.4611109681206301
666,Fix temp,1,0.007674804411048966,0.01716,-0.5527503256964472
667,K'=6 (1.5x),1.5,0.009389160588839915,0.014124444444444445,-0.3352545209285775
667,K'=8 (2x),2,0.008005735452698715,0.012368333333333332,-0.35272318129373
667,K'=12 (3x),3,0.006622310316557514,0.01061222222222222,-0.37597327139548076
667,K'=20 (5x),5,0.005515570207644552,0.009207333333333333,-0.4009589956218356
667,R'=10 (2x),2,0.012146120494586956,0.017626666666666665,-0.31092357254612574
667,R'=20 (4x),4,0.012141175311319275,0.017621666666666667,-0.3110086837424038
667,K'=8 + R'=10,2,0.008000790269431034,0.012363333333333332,-0.35286139637926384
667,Fix temp,1,0.011919199127902479,0.01716,-0.30540797622945937
668,K'=6 (1.5x),1.5,0.011998405927924357,0.014124444444444445,-0.15052192140246057
668,K'=8 (2x),2,0.010119208751982006,0.012368333333333332,-0.18184540477170139
668,K'=12 (3x),3,0.00824001157603965,0.01061222222222222,-0.2235357116076132
668,K'=20 (5x),5,0.0067366538352857655,0.009207333333333333,-0.2683382265637066
668,R'=10 (2x),2,0.01574648616092614,0.017626666666666665,-0.10666682143006002
668,R'=20 (4x),4,0.01574132910148468,0.017621666666666667,-0.10670600010490801
668,K'=8 + R'=10,2,0.010114051692540541,0.012363333333333332,-0.18193165064379546
668,Fix temp,1,0.015395107633993044,0.01716,-0.10284920547826094
669,K'=6 (1.5x),1.5,0.022649497752245746,0.014124444444444445,0.6035673361407466
669,K'=8 (2x),2,0.01739742930809921,0.012368333333333332,0.4066106434253505
669,K'=12 (3x),3,0.012145360863952665,0.01061222222222222,0.1444691422424249
669,K'=20 (5x),5,0.007943706108635436,0.009207333333333333,-0.13724138998239419
669,R'=10 (2x),2,0.0331436299633335,0.017626666666666665,0.8803118360438823
669,R'=20 (4x),4,0.03313862762473084,0.017621666666666667,0.8805614844262275
669,K'=8 + R'=10,2,0.017392426969496545,0.012363333333333332,0.40677489642732917
669,Fix temp,1,0.032224440784508424,0.01716,0.8778811645983928
670,K'=6 (1.5x),1.5,0.006998666614899836,0.014124444444444445,-0.5044996890017422
670,K'=8 (2x),2,0.00666627890421683,0.012368333333333332,-0.46102043625790345
670,K'=12 (3x),3,0.006333891193533825,0.01061222222222222,-0.40315128529154615
670,K'=20 (5x),5,0.006067981024987421,0.009207333333333333,-0.34096216512337035
670,R'=10 (2x),2,0.0076536946071434795,0.017626666666666665,-0.5657888838609977
670,R'=20 (4x),4,0.007648820892582296,0.017621666666666667,-0.5659422552209044
670,K'=8 + R'=10,2,0.006661405189655647,0.012363333333333332,-0.46119666840207757
670,Fix temp,1,0.007390341825343765,0.01716,-0.5693273994554917
671,K'=6 (1.5x),1.5,0.014135324045047894,0.014124444444444445,7.70267506537454e-4
671,K'=8 (2x),2,0.011349671113119878,0.012368333333333332,-0.08236050830455088
671,K'=12 (3x),3,0.008564018181191861,0.01061222222222222,-0.1930042547301145
671,K'=20 (5x),5,0.00633549583564945,0.009207333333333333,-0.3119076277261476
671,R'=10 (2x),2,0.019697117890888516,0.017626666666666665,0.11746130243316096
671,R'=20 (4x),4,0.019692361881880813,0.017621666666666667,0.11750847717095314
671,K'=8 + R'=10,2,0.011344915104112173,0.012363333333333332,-0.08237408163018277
671,Fix temp,1,0.019317592026633593,0.01716,0.1257338010858736
672,K'=6 (1.5x),1.5,0.009236837831459444,0.014124444444444445,-0.34603885711819543
672,K'=8 (2x),2,0.007274699822265374,0.012368333333333332,-0.41182860889917466
672,K'=12 (3x),3,0.005312561813071305,0.01061222222222222,-0.499392144093375
672,K'=20 (5x),5,0.0037428514057160495,0.009207333333333333,-0.5934923532999729
672,R'=10 (2x),2,0.013151318224037667,0.017626666666666665,-0.25389646989196285
672,R'=20 (4x),4,0.013146420411132712,0.017621666666666667,-0.25396271193799047
672,K'=8 + R'=10,2,0.007269802009360417,0.012363333333333332,-0.411986895980554
672,Fix temp,1,0.01263116406612007,0.01716,-0.263918177965031
673,K'=6 (1.5x),1.5,0.0025263284686467837,0.014124444444444445,-0.8211378522827166
673,K'=8 (2x),2,0.002183962643234805,0.012368333333333332,-0.8234230446111194
673,K'=12 (3x),3,0.0018415968178228262,0.01061222222222222,-0.8264645444413629
673,K'=20 (5x),5,0.0015677041574932431,0.009207333333333333,-0.8297330941829075
673,R'=10 (2x),2,0.0032009427108468332,0.017626666666666665,-0.8184034014269951
673,R'=20 (4x),4,0.003195884006534879,0.017621666666666667,-0.8186389478936037
673,K'=8 + R'=10,2,0.0021789039389228508,0.012363333333333332,-0.8237608029989606
673,Fix temp,1,0.0018508521665102963,0.01716,-0.8921414821380946
674,K'=6 (1.5x),1.5,0.02279356453177707,0.014124444444444445,0.6137671553334929
674,K'=8 (2x),2,0.020159652024351528,0.012368333333333332,0.6299408724714888
674,K'=12 (3x),3,0.017525739516925983,0.01061222222222222,0.651467444794617
674,K'=20 (5x),5,0.015418609510985547,0.009207333333333333,0.6746009895357556
674,R'=10 (2x),2,0.028051401484122888,0.017626666666666665,0.5914183897951715
674,R'=20 (4x),4,0.028046407452870247,0.017621666666666667,0.5915865385152888
674,K'=8 + R'=10,2,0.020154657993098887,0.012363333333333332,0.630196116993709
674,Fix temp,1,0.027209895314599223,0.01716,0.5856582351165047
675,K'=6 (1.5x),1.5,0.0057907128893812995,0.014124444444444445,-0.5900219005315317
675,K'=8 (2x),2,0.00510087437177121,0.012368333333333332,-0.5875859556578997
675,K'=12 (3x),3,0.004411035854161122,0.01061222222222222,-0.5843438102036426
675,K'=20 (5x),5,0.00385916504007305,0.009207333333333333,-0.5808596365136792
675,R'=10 (2x),2,0.007160576789499374,0.017626666666666665,-0.5937645543022292
675,R'=20 (4x),4,0.007155670221948321,0.017621666666666667,-0.5939277278758165
675,K'=8 + R'=10,2,0.005095967804220157,0.012363333333333332,-0.5878160309339316
675,Fix temp,1,0.006871736980783824,0.01716,-0.5995491269939497
676,K'=6 (1.5x),1.5,0.007426228219994921,0.014124444444444445,-0.47422865025209027
676,K'=8 (2x),2,0.0068268685609767935,0.012368333333333332,-0.44803649958414277
676,K'=12 (3x),3,0.006227508901958667,0.01061222222222222,-0.4131757918790911
676,K'=20 (5x),5,0.005748021174744166,0.009207333333333333,-0.37571271000534
676,R'=10 (2x),2,0.008614478794719233,0.017626666666666665,-0.511281460208818
676,R'=20 (4x),4,0.008609244423063264,0.017621666666666667,-0.5114398322294563
676,K'=8 + R'=10,2,0.006821634189320823,0.012363333333333332,-0.44823665225229253
676,Fix temp,1,0.007879874399737353,0.01716,-0.540799860155166
677,K'=6 (1.5x),1.5,0.017471717885979912,0.014124444444444445,0.23698443182677162
677,K'=8 (2x),2,0.014913662097721894,0.012368333333333332,0.20579399792927336
677,K'=12 (3x),3,0.012355606309463876,0.01061222222222222,0.16428077463275995
677,K'=20 (5x),5,0.010309161678857462,0.009207333333333333,0.11966856261575512
677,R'=10 (2x),2,0.022577635037427126,0.017626666666666665,0.2808794461475299
677,R'=20 (4x),4,0.022572537824892713,0.017621666666666667,0.28095362668453866
677,K'=8 + R'=10,2,0.014908564885187483,0.012363333333333332,0.20586936251179438
677,Fix temp,1,0.022371496214623227,0.01716,0.303700245607414
678,K'=6 (1.5x),1.5,0.010606604103800021,0.014124444444444445,-0.2490604394729375
678,K'=8 (2x),2,0.009701558891267888,0.012368333333333332,-0.2156130798058572
678,K'=12 (3x),3,0.008796513678735752,0.01061222222222222,-0.17109597834130688
678,K'=20 (5x),5,0.008072477508710043,0.009207333333333333,-0.12325564672615565
678,R'=10 (2x),2,0.012406927393970792,0.017626666666666665,-0.29612741713478863
678,R'=20 (4x),4,0.012402043826524042,0.017621666666666667,-0.29620483345177107
678,K'=8 + R'=10,2,0.009696675323821138,0.012363333333333332,-0.21569086083948724
678,Fix temp,1,0.011746949547199568,0.01716,-0.3154458305827758
679,K'=6 (1.5x),1.5,0.014286517744737775,0.014124444444444445,0.011474667264316984
679,K'=8 (2x),2,0.013271816286364568,0.012368333333333332,0.07304807597611397
679,K'=12 (3x),3,0.012257114827991359,0.01061222222222222,0.15499982673984133
679,K'=20 (5x),5,0.011445353661292793,0.009207333333333333,0.24306932821223592
679,R'=10 (2x),2,0.016305993328818456,0.017626666666666665,-0.07492473550576073
679,R'=20 (4x),4,0.016301029662485585,0.017621666666666667,-0.07494393289592824
679,K'=8 + R'=10,2,0.013266852620031699,0.012363333333333332,0.0730805570260205
679,Fix temp,1,0.015683949510624053,0.01716,-0.08601692828531171
680,K'=6 (1.5x),1.5,0.006879913029076926,0.014124444444444445,-0.5129073531962529
680,K'=8 (2x),2,0.006739088416748897,0.012368333333333332,-0.45513366796262783
680,K'=12 (3x),3,0.00659826380442087,0.01061222222222222,-0.3782391975731563
680,K'=20 (5x),5,0.006485604114558447,0.009207333333333333,-0.2956045056956288
680,R'=10 (2x),2,0.00715152583752766,0.017626666666666665,-0.5942780349360253
680,R'=20 (4x),4,0.007146507629424997,0.017621666666666667,-0.5944476896193135
680,K'=8 + R'=10,2,0.006734070208646235,0.012363333333333332,-0.4553192066341681
680,Fix temp,1,0.006488161738830019,0.01716,-0.6219019965716772
681,K'=6 (1.5x),1.5,0.007132631125957616,0.014124444444444445,-0.49501510278777106
681,K'=8 (2x),2,0.005852252206460304,0.012368333333333332,-0.5268358275331919
681,K'=12 (3x),3,0.004571873286962995,0.01061222222222222,-0.5691879428052878
681,K'=20 (5x),5,0.003547570151365145,0.009207333333333333,-0.6147016706214091
681,R'=10 (2x),2,0.009682779881898263,0.017626666666666665,-0.4506743637349699
681,R'=20 (4x),4,0.009677475340371276,0.017621666666666667,-0.45081952102309986
681,K'=8 + R'=10,2,0.0058469476649333175,0.012363333333333332,-0.5270735240010797
681,Fix temp,1,0.009143898786886958,0.01716,-0.4671387653329279
682,K'=6 (1.5x),1.5,0.010922905728855986,0.014124444444444445,-0.22666652328741446
682,K'=8 (2x),2,0.009828920078446364,0.012368333333333332,-0.20531571930092724
682,K'=12 (3x),3,0.008734934428036743,0.01061222222222222,-0.1768986509022019
682,K'=20 (5x),5,0.007859745907709045,0.009207333333333333,-0.14636023013803726
682,R'=10 (2x),2,0.013101037199438042,0.017626666666666665,-0.25674902423762996
682,R'=20 (4x),4,0.013096117284319449,0.017621666666666667,-0.25681732993552736
682,K'=8 + R'=10,2,0.00982400016332777,0.012363333333333332,-0.20539227581603356
682,Fix temp,1,0.012704182904073831,0.01716,-0.2596630009280985
683,K'=6 (1.5x),1.5,0.005106881553866948,0.014124444444444445,-0.6384366426620317
683,K'=8 (2x),2,0.004154132947983406,0.012368333333333332,-0.6641315498194255
683,K'=12 (3x),3,0.0032013843420998635,0.01061222222222222,-0.6983304462475262
683,K'=20 (5x),5,0.00243918545739303,0.009207333333333333,-0.7350823122084176
683,R'=10 (2x),2,0.00700234360694178,0.017626666666666665,-0.6027414746439989
683,R'=20 (4x),4,0.006997326027595654,0.017621666666666667,-0.602913495076384
683,K'=8 + R'=10,2,0.00414911536863728,0.012363333333333332,-0.6644015609082814
683,Fix temp,1,0.006554546719029444,0.01716,-0.6180334079819672
684,K'=6 (1.5x),1.5,0.012451540998383265,0.014124444444444445,-0.11844030061792489
684,K'=8 (2x),2,0.011883611677405544,0.012368333333333332,-0.03919053949018636
684,K'=12 (3x),3,0.01131568235642782,0.01061222222222222,0.06628773120982509
684,K'=20 (5x),5,0.010861338899645641,0.009207333333333333,0.1796400224073899
684,R'=10 (2x),2,0.013577868829564778,0.017626666666666665,-0.22969730543316308
684,R'=20 (4x),4,0.013573103424177814,0.017621666666666667,-0.22974916726504416
684,K'=8 + R'=10,2,0.01187884627201858,0.012363333333333332,-0.03918741396452567
684,Fix temp,1,0.013323993256251006,0.01716,-0.22354351653548926
685,K'=6 (1.5x),1.5,0.009908538855335386,0.014124444444444445,-0.2984829318909812
685,K'=8 (2x),2,0.008401388403835001,0.012368333333333332,-0.32073399241328643
685,K'=12 (3x),3,0.006894237952334622,0.01061222222222222,-0.3503492663489519
685,K'=20 (5x),5,0.0056885175911343165,0.009207333333333333,-0.38217533946119214
685,R'=10 (2x),2,0.01291244524764869,0.017626666666666665,-0.26744826507288066
685,R'=20 (4x),4,0.012907247992304962,0.017621666666666667,-0.26753534518273175
685,K'=8 + R'=10,2,0.008396191148491274,0.012363333333333332,-0.3208796590597513
685,Fix temp,1,0.01266555154125464,0.01716,-0.26191424584763173
686,K'=6 (1.5x),1.5,0.006411029963094464,0.014124444444444445,-0.5461039201710968
686,K'=8 (2x),2,0.006114960562619667,0.012368333333333332,-0.5055954268195929
686,K'=12 (3x),3,0.005818891162144871,0.01061222222222222,-0.45168023809754115
686,K'=20 (5x),5,0.005582035641765033,0.009207333333333333,-0.393740245988882
686,R'=10 (2x),2,0.006993320422873925,0.017626666666666665,-0.603253379942856
686,R'=20 (4x),4,0.006988396252288859,0.017621666666666667,-0.6034202448336976
686,K'=8 + R'=10,2,0.006110036392034601,0.012363333333333332,-0.505793767158161
686,Fix temp,1,0.006679333544223003,0.01716,-0.610761448471853
687,K'=6 (1.5x),1.5,0.012760847552452909,0.014124444444444445,-0.09654163017561221
687,K'=8 (2x),2,0.012535716118610455,0.012368333333333332,0.013533172236393222
687,K'=12 (3x),3,0.012310584684768006,0.01061222222222222,0.16003834324062471
687,K'=20 (5x),5,0.012130479537694042,0.009207333333333333,0.31748021913989305
687,R'=10 (2x),2,0.013201014827932967,0.017626666666666665,-0.25107707103254717
687,R'=20 (4x),4,0.013195967031830545,0.017621666666666667,-0.25115102439247833
687,K'=8 + R'=10,2,0.012530668322508032,0.012363333333333332,0.013534779388624997
687,Fix temp,1,0.012985158492264547,0.01716,-0.24328913215241574
688,K'=6 (1.5x),1.5,0.018380388627416446,0.014124444444444445,0.30131763409965395
688,K'=8 (2x),2,0.014877325782422587,0.012368333333333332,0.20285614734585006
688,K'=12 (3x),3,0.011374262937428726,0.01061222222222222,0.07180783621462203
688,K'=20 (5x),5,0.00857181266143364,0.009207333333333333,-0.06902331531746717
688,R'=10 (2x),2,0.025376782849144866,0.017626666666666665,0.4396813265399887
688,R'=20 (4x),4,0.025371917115015217,0.017621666666666667,0.4398137017884356
688,K'=8 + R'=10,2,0.014872460048292938,0.012363333333333332,0.20294904677484008
688,Fix temp,1,0.025106296157127655,0.01716,0.46307087162748556
689,K'=6 (1.5x),1.5,0.008978260377538275,0.014124444444444445,-0.36434594558020394
689,K'=8 (2x),2,0.008364299630820943,0.012368333333333332,-0.3237326804349055
689,K'=12 (3x),3,0.007750338884103615,0.01061222222222222,-0.269678044634776
689,K'=20 (5x),5,0.00725917028672975,0.009207333333333333,-0.21158819563430417
689,R'=10 (2x),2,0.010195817913384916,0.017626666666666665,-0.42156857526182395
689,R'=20 (4x),4,0.010190635934590906,0.017621666666666667,-0.4216985187974517
689,K'=8 + R'=10,2,0.008359117652026933,0.012363333333333332,-0.3238783241822377
689,Fix temp,1,0.009954583562473803,0.01716,-0.419896062792902
690,K'=6 (1.5x),1.5,0.021399443713987238,0.014124444444444445,0.5150644542627842
690,K'=8 (2x),2,0.02017651322764269,0.012368333333333332,0.631304128363511
690,K'=12 (3x),3,0.018953582741298148,0.01061222222222222,0.7860144976618506
690,K'=20 (5x),5,0.01797523835222251,0.009207333333333333,0.9522740951657204
690,R'=10 (2x),2,0.02383549531368409,0.017626666666666665,0.35224065697905216
690,R'=20 (4x),4,0.023830590627187974,0.017621666666666667,0.3523460111900864
690,K'=8 + R'=10,2,0.020171608541146573,0.012363333333333332,0.6315671508072183
690,Fix temp,1,0.02329771581794383,0.01716,0.35767574696642357
691,K'=6 (1.5x),1.5,0.015682361564886855,0.014124444444444445,0.1102993556008629
691,K'=8 (2x),2,0.015325931909420745,0.012368333333333332,0.239126687192083
691,K'=12 (3x),3,0.014969502253954638,0.01061222222222222,0.4105907264746284
691,K'=20 (5x),5,0.01468435852958175,0.009207333333333333,0.5948546661626692
691,R'=10 (2x),2,0.01638493006509289,0.017626666666666665,-0.07044647890925362
691,R'=20 (4x),4,0.016379784659729796,0.017621666666666667,-0.07047471901656319
691,K'=8 + R'=10,2,0.015320786504057654,0.012363333333333332,0.2392116341917759
691,Fix temp,1,0.01620792858704058,0.01716,-0.055482017072227406
692,K'=6 (1.5x),1.5,0.00879986681576025,0.014124444444444445,-0.37697607503270736
692,K'=8 (2x),2,0.006929010886391712,0.012368333333333332,-0.4397781253422682
692,K'=12 (3x),3,0.005058154957023173,0.01061222222222222,-0.5233651490607417
692,K'=20 (5x),5,0.0035614702135283428,0.009207333333333333,-0.6131919976618264
692,R'=10 (2x),2,0.012531253074123646,0.017626666666666665,-0.28907414481144217
692,R'=20 (4x),4,0.012526090273936806,0.017621666666666667,-0.28916540581083106
692,K'=8 + R'=10,2,0.006923848086204871,0.012363333333333332,-0.43996914913414353
692,Fix temp,1,0.012144490523865795,0.01716,-0.2922791070008278
693,K'=6 (1.5x),1.5,0.009287872537682767,0.014124444444444445,-0.3424256384585832
693,K'=8 (2x),2,0.007603099493488031,0.012368333333333332,-0.38527695780988824
693,K'=12 (3x),3,0.005918326449293292,0.01061222222222222,-0.4423103544797442
693,K'=20 (5x),5,0.004570508013937502,0.009207333333333333,-0.5036013307576386
693,R'=10 (2x),2,0.012647265613546848,0.017626666666666665,-0.2824924954493089
693,R'=20 (4x),4,0.01264218910728415,0.017621666666666667,-0.28257699192561336
693,K'=8 + R'=10,2,0.007598022987225333,0.012363333333333332,-0.3854389603214882
693,Fix temp,1,0.012088075659615906,0.01716,-0.2955666865025697
694,K'=6 (1.5x),1.5,0.025079034524479335,0.014124444444444445,0.7755767048482852
694,K'=8 (2x),2,0.023462943552018698,0.012368333333333332,0.8970174007830778
694,K'=12 (3x),3,0.021846852579558058,0.01061222222222222,1.0586501226680196
694,K'=20 (5x),5,0.02055397980158955,0.009207333333333333,1.2323488308148816
694,R'=10 (2x),2,0.02830131216586805,0.017626666666666665,0.6055963785477337
694,R'=20 (4x),4,0.028296360014101775,0.017621666666666667,0.6057709267436928
694,K'=8 + R'=10,2,0.023457991400252422,0.012363333333333332,0.8973840442371872
694,Fix temp,1,0.02765772151298947,0.01716,0.6117553329247941
695,K'=6 (1.5x),1.5,0.007309003710492591,0.014124444444444445,-0.48252805699784995
695,K'=8 (2x),2,0.007066708601569859,0.012368333333333332,-0.4286450396251293
695,K'=12 (3x),3,0.0068244134926471285,0.01061222222222222,-0.35692889295545843
695,K'=20 (5x),5,0.006630577405508943,0.009207333333333333,-0.27985908998165127
695,R'=10 (2x),2,0.007783307614784302,0.017626666666666665,-0.5584356496907543
695,R'=20 (4x),4,0.007778164458007426,0.017621666666666667,-0.5586022250255882
695,K'=8 + R'=10,2,0.0070615654447929825,0.012363333333333332,-0.4288299721116487
695,Fix temp,1,0.006413595023166788,0.01716,-0.6262473762723316
696,K'=6 (1.5x),1.5,0.005032260226025875,0.014124444444444445,-0.643719776319754
696,K'=8 (2x),2,0.004083843360264674,0.012368333333333332,-0.669814578067807
696,K'=12 (3x),3,0.0031354264945034718,0.01061222222222222,-0.7045457182438357
696,K'=20 (5x),5,0.0023766930018945106,0.009207333333333333,-0.7418695602894964
696,R'=10 (2x),2,0.006918687776560415,0.017626666666666665,-0.6074874559440007
696,R'=20 (4x),4,0.0069134846860664815,0.017621666666666667,-0.6076713504549428
696,K'=8 + R'=10,2,0.004078640269770741,0.012363333333333332,-0.6701018924423774
696,Fix temp,1,0.006396191804762948,0.01716,-0.6272615498389891
697,K'=6 (1.5x),1.5,0.016226158093930153,0.014124444444444445,0.14879973918637016
697,K'=8 (2x),2,0.012986815806798726,0.012368333333333332,0.05000532058741898
697,K'=12 (3x),3,0.009747473519667302,0.01061222222222222,-0.08148610954867838
697,K'=20 (5x),5,0.007155999689962161,0.009207333333333333,-0.22279345920329868
697,R'=10 (2x),2,0.022694975168745118,0.017626666666666665,0.2875364127502904
697,R'=20 (4x),4,0.022690041419021173,0.017621666666666667,0.2876217583857659
697,K'=8 + R'=10,2,0.012981882057074784,0.012363333333333332,0.050030902432579044
697,Fix temp,1,0.02233721991753746,0.01716,0.3017027923972878
698,K'=6 (1.5x),1.5,0.020243721157393608,0.014124444444444445,0.4332401700483202
698,K'=8 (2x),2,0.01611627189226282,0.012368333333333332,0.3030269687855671
698,K'=12 (3x),3,0.011988822627132035,0.01061222222222222,0.12971839225409204
698,K'=20 (5x),5,0.008686863215027405,0.009207333333333333,-0.05652778057047946
698,R'=10 (2x),2,0.028489065554121472,0.017626666666666665,0.616248045808707
698,R'=20 (4x),4,0.028484288487354615,0.017621666666666667,0.6164355521056245
698,K'=8 + R'=10,2,0.016111494825495964,0.012363333333333332,0.30316755126686157
698,Fix temp,1,0.028152561532831258,0.01716,0.6405921639179053
699,K'=6 (1.5x),1.5,0.014427915690040014,0.014124444444444445,0.021485535009126224
699,K'=8 (2x),2,0.01258920484540874,0.012368333333333332,0.017857823372219972
699,K'=12 (3x),3,0.010750494000777466,0.01061222222222222,0.013029483896944891
699,K'=20 (5x),5,0.009279525325072445,0.009207333333333333,0.007840705785871255
699,R'=10 (2x),2,0.018095248421951152,0.017626666666666665,0.026583685057743205
699,R'=20 (4x),4,0.01809020394327545,0.017621666666666667,0.026588703865059064
699,K'=8 + R'=10,2,0.012584160366733035,0.012363333333333332,0.01786144783497193
699,Fix temp,1,0.017913736438558443,0.01716,0.04392403488102802
700,K'=6 (1.5x),1.5,0.012269170317355483,0.014124444444444445,-0.13135200710982262
700,K'=8 (2x),2,0.011100148640141508,0.012368333333333332,-0.10253480877443664
700,K'=12 (3x),3,0.009931126962927535,0.01061222222222222,-0.06418026734009187
700,K'=20 (5x),5,0.008995909621156355,0.009207333333333333,-0.022962534810329914
700,R'=10 (2x),2,0.014597460015915463,0.017626666666666665,-0.17185362995941014
700,R'=20 (4x),4,0.014592583187981479,0.017621666666666667,-0.1718954021764034
700,K'=8 + R'=10,2,0.011095271812207524,0.012363333333333332,-0.10256631338305272
700,Fix temp,1,0.013528870434238562,0.01716,-0.21160428704903492
701,K'=6 (1.5x),1.5,0.007507452805867806,0.014124444444444445,-0.46847801091244295
701,K'=8 (2x),2,0.00629402397500367,0.012368333333333332,-0.49111785675755254
701,K'=12 (3x),3,0.005080595144139536,0.01061222222222222,-0.5212505884487925
701,K'=20 (5x),5,0.004109852079448226,0.009207333333333333,-0.5536327478696444
701,R'=10 (2x),2,0.00992390206789964,0.017626666666666665,-0.43699496589071624
701,R'=20 (4x),4,0.009918697868051423,0.017621666666666667,-0.43713054754271696
701,K'=8 + R'=10,2,0.006288819775155453,0.012363333333333332,-0.49133299203379993
701,Fix temp,1,0.009665802050650625,0.01716,-0.43672482222315706
702,K'=6 (1.5x),1.5,0.0102771882695693,0.014124444444444445,-0.27238283176428807
702,K'=8 (2x),2,0.009319679158118951,0.012368333333333332,-0.24648868146188233
702,K'=12 (3x),3,0.0083621700466686,0.01061222222222222,-0.2120246003558014
702,K'=20 (5x),5,0.007596162757508322,0.009207333333333333,-0.17498775351078974
702,R'=10 (2x),2,0.012181698993232942,0.017626666666666665,-0.3089051251948028
702,R'=20 (4x),4,0.012176445243614413,0.017621666666666667,-0.30900717429597585
702,K'=8 + R'=10,2,0.009314425408500422,0.012363333333333332,-0.24660889119705395
702,Fix temp,1,0.011832174942947247,0.01716,-0.3104793156790649
703,K'=6 (1.5x),1.5,0.011242742594470766,0.014124444444444445,-0.20402231474011254
703,K'=8 (2x),2,0.010603372551293231,0.012368333333333332,-0.14269996890231243
703,K'=12 (3x),3,0.009964002508115698,0.01061222222222222,-0.06108237280869754
703,K'=20 (5x),5,0.009452506473573668,0.009207333333333333,0.026628029133335878
703,R'=10 (2x),2,0.012511593821272994,0.017626666666666665,-0.2901894579459345
703,R'=20 (4x),4,0.012506649391496571,0.017621666666666667,-0.2902686432518734
703,K'=8 + R'=10,2,0.010598428121516809,0.012363333333333332,-0.14275318510244192
703,Fix temp,1,0.011659898667599417,0.01716,-0.32051872566436973
704,K'=6 (1.5x),1.5,0.002158121279032078,0.014124444444444445,-0.8472066432403343
704,K'=8 (2x),2,0.001956132411102355,0.012368333333333332,-0.8418434918930855
704,K'=12 (3x),3,0.0017541435431726322,0.01061222222222222,-0.8347053513919622
704,K'=20 (5x),5,0.0015925524488288538,0.009207333333333333,-0.8270343441283556
704,R'=10 (2x),2,0.0025522258290127465,0.017626666666666665,-0.8552065528169773
704,R'=20 (4x),4,0.0025472892360733582,0.017621666666666667,-0.8554456122534744
704,K'=8 + R'=10,2,0.0019511958181629664,0.012363333333333332,-0.8421788230118927
704,Fix temp,1,0.0017582129373981627,0.01716,-0.8975400386131607
705,K'=6 (1.5x),1.5,0.02276225482036647,0.014124444444444445,0.6115504514104643
705,K'=8 (2x),2,0.018437039070409184,0.012368333333333332,0.4906647948046775
705,K'=12 (3x),3,0.014111823320451902,0.01061222222222222,0.3297708081255066
705,K'=20 (5x),5,0.010651650720486074,0.009207333333333333,0.156865982240903
705,R'=10 (2x),2,0.03140303661608166,0.017626666666666665,0.7815641045432108
705,R'=20 (4x),4,0.03139821176398197,0.017621666666666667,0.7817958061467115
705,K'=8 + R'=10,2,0.018432214218309498,0.012363333333333332,0.4908773970053518
705,Fix temp,1,0.03087826151767578,0.01716,0.7994324893750454
706,K'=6 (1.5x),1.5,0.005462539634209258,0.014124444444444445,-0.6132563191639134
706,K'=8 (2x),2,0.004669237362486077,0.012368333333333332,-0.6224845145544203
706,K'=12 (3x),3,0.003875935090762897,0.01061222222222222,-0.6347668744962195
706,K'=20 (5x),5,0.0032412932733843526,0.009207333333333333,-0.6479661204781313
706,R'=10 (2x),2,0.007038970540994717,0.017626666666666665,-0.6006635472204207
706,R'=20 (4x),4,0.007033883722664266,0.017621666666666667,-0.6008389072544633
706,K'=8 + R'=10,2,0.0046641505441556265,0.012363333333333332,-0.6227432830286632
706,Fix temp,1,0.0065477263366248515,0.01716,-0.618430866164053
707,K'=6 (1.5x),1.5,0.020630932580784807,0.014124444444444445,0.4606544464054693
707,K'=8 (2x),2,0.01880195512287989,0.012368333333333332,0.5201688551041551
707,K'=12 (3x),3,0.016972977664974975,0.01061222222222222,0.5993801589862296
707,K'=20 (5x),5,0.01550979569865104,0.009207333333333333,0.6845046374611947
707,R'=10 (2x),2,0.024279587757414036,0.017626666666666665,0.37743500893044846
707,R'=20 (4x),4,0.024274937887823735,0.017621666666666667,0.3775619722589842
707,K'=8 + R'=10,2,0.018797305253289587,0.012363333333333332,0.5204075427303524
707,Fix temp,1,0.02319308788413668,0.01716,0.35157854802661304
708,K'=6 (1.5x),1.5,0.009567651919189435,0.014124444444444445,-0.32261746953504633
708,K'=8 (2x),2,0.00827254706602189,0.012368333333333332,-0.331151025520397
708,K'=12 (3x),3,0.006977442212854344,0.01061222222222222,-0.3425088481238708
708,K'=20 (5x),5,0.005941358330320309,0.009207333333333333,-0.3547145394627135
708,R'=10 (2x),2,0.012148278715976468,0.017626666666666665,-0.31080113184702335
708,R'=20 (4x),4,0.01214348726120244,0.017621666666666667,-0.3108774844678461
708,K'=8 + R'=10,2,0.008267755611247861,0.012363333333333332,-0.3312680821314752
708,Fix temp,1,0.011648135969897912,0.01716,-0.3212041975583968
709,K'=6 (1.5x),1.5,0.009285216662908453,0.014124444444444445,-0.34261367238690943
709,K'=8 (2x),2,0.009059996596744403,0.012368333333333332,-0.26748444171315966
709,K'=12 (3x),3,0.00883477653058035,0.01061222222222222,-0.1674904326748701
709,K'=20 (5x),5,0.00865460047764911,0.009207333333333333,-0.060031806786353996
709,R'=10 (2x),2,0.00972553849730382,0.017626666666666665,-0.448248572391992
709,R'=20 (4x),4,0.009720479348337453,0.017621666666666667,-0.4483791157663415
709,K'=8 + R'=10,2,0.009054937447778036,0.012363333333333332,-0.26759740244448343
709,Fix temp,1,0.008518473751124009,0.01716,-0.5035854457386941
710,K'=6 (1.5x),1.5,0.008368356519541586,0.014124444444444445,-0.40752667813188903
710,K'=8 (2x),2,0.007706020711198482,0.012368333333333332,-0.37695560885068186
710,K'=12 (3x),3,0.0070436849028553804,0.01061222222222222,-0.33626673515130945
710,K'=20 (5x),5,0.006513816256180899,0.009207333333333333,-0.29254041095711036
710,R'=10 (2x),2,0.009683141096816986,0.017626666666666665,-0.45065387120932376
710,R'=20 (4x),4,0.009678197577111584,0.017621666666666667,-0.45077853530058165
710,K'=8 + R'=10,2,0.007701077191493081,0.012363333333333332,-0.37710348949907674
710,Fix temp,1,0.009105455838053224,0.01716,-0.4693790304164788
711,K'=6 (1.5x),1.5,0.009920364067807452,0.014124444444444445,-0.29764571577826415
711,K'=8 (2x),2,0.007901315894045911,0.012368333333333332,-0.3611656735712778
711,K'=12 (3x),3,0.005882267720284374,0.01061222222222222,-0.44570820351209955
711,K'=20 (5x),5,0.004267029181275143,0.009207333333333333,-0.5365618874873134
711,R'=10 (2x),2,0.013947973190564624,0.017626666666666665,-0.20870046195737757
711,R'=20 (4x),4,0.013942729578181674,0.017621666666666667,-0.20877350355537655
711,K'=8 + R'=10,2,0.00789607228166296,0.012363333333333332,-0.3613314412243493
711,Fix temp,1,0.013332433547104365,0.01716,-0.2230516580941513
712,K'=6 (1.5x),1.5,0.0093630245969498,0.014124444444444445,-0.3371049294167071
712,K'=8 (2x),2,0.008626680229034112,0.012368333333333332,-0.3025187794878766
712,K'=12 (3x),3,0.007890335861118425,0.01061222222222222,-0.2564859936125449
712,K'=20 (5x),5,0.0073012603667858755,0.009207333333333333,-0.2070168307741066
712,R'=10 (2x),2,0.010825771905523134,0.017626666666666665,-0.38582988433113835
712,R'=20 (4x),4,0.010820801191894113,0.017621666666666667,-0.38593769836976566
712,K'=8 + R'=10,2,0.008621709515405092,0.012363333333333332,-0.30263875583134864
712,Fix temp,1,0.010622130646548798,0.01716,-0.38099471756708647
713,K'=6 (1.5x),1.5,0.015087808271783215,0.014124444444444445,0.0682054314509828
713,K'=8 (2x),2,0.01393810085918743,0.012368333333333332,0.12691827456036367
713,K'=12 (3x),3,0.012788393446591644,0.01061222222222222,0.20506272661841496
713,K'=20 (5x),5,0.011868627516515016,0.009207333333333333,0.2890407120970621
713,R'=10 (2x),2,0.017377074430528754,0.017626666666666665,-0.014159922625070605
713,R'=20 (4x),4,0.01737200009730574,0.017621666666666667,-0.014168158669872071
713,K'=8 + R'=10,2,0.013933026525964412,0.012363333333333332,0.12696359066846158
713,Fix temp,1,0.017013325543467413,0.01716,-0.00854746250189912
714,K'=6 (1.5x),1.5,0.016465481462235667,0.014124444444444445,0.16574365292732066
714,K'=8 (2x),2,0.013368653233589673,0.012368333333333332,0.08087750170513472
714,K'=12 (3x),3,0.010271825004943677,0.01061222222222222,-0.03207596016654686
714,K'=20 (5x),5,0.007794362422026881,0.009207333333333333,-0.15346147034680166
714,R'=10 (2x),2,0.022649211901140127,0.017626666666666665,0.28494016080598306
714,R'=20 (4x),4,0.022644248891946363,0.017621666666666667,0.2850231093509711
714,K'=8 + R'=10,2,0.013363690224395907,0.012363333333333332,0.0809132022967842
714,Fix temp,1,0.021970833411103133,0.01716,0.2803515973836323
715,K'=6 (1.5x),1.5,0.003910393009965834,0.014124444444444445,-0.7231471279917204
715,K'=8 (2x),2,0.003765144481715066,0.012368333333333332,-0.6955819041868967
715,K'=12 (3x),3,0.0036198959534642985,0.01061222222222222,-0.6588936909100754
715,K'=20 (5x),5,0.0035036971308636845,0.009207333333333333,-0.6194666790025685
715,R'=10 (2x),2,0.004190442852432854,0.017626666666666665,-0.7622668578423116
715,R'=20 (4x),4,0.004185219245415597,0.017621666666666667,-0.762495833987576
715,K'=8 + R'=10,2,0.003759920874697809,0.012363333333333332,-0.6958812988920619
715,Fix temp,1,0.003790612016687572,0.01716,-0.7791018638293956
716,K'=6 (1.5x),1.5,0.011373300567108932,0.014124444444444445,-0.19477890887365965
716,K'=8 (2x),2,0.009498308322695936,0.012368333333333332,-0.23204622104600964
716,K'=12 (3x),3,0.007623316078282943,0.01061222222222222,-0.2816475269129254
716,K'=20 (5x),5,0.006123322282752548,0.009207333333333333,-0.33495160204700436
716,R'=10 (2x),2,0.015113308194199015,0.017626666666666665,-0.1425884156089817
716,R'=20 (4x),4,0.015108319763331064,0.017621666666666667,-0.14262821734619902
716,K'=8 + R'=10,2,0.009493319891827985,0.012363333333333332,-0.23213912980631013
716,Fix temp,1,0.014432607918474354,0.01716,-0.1589389324898396
717,K'=6 (1.5x),1.5,0.008650929940600148,0.014124444444444445,-0.3875206933181141
717,K'=8 (2x),2,0.0072592711883049015,0.012368333333333332,-0.41307603921534275
717,K'=12 (3x),3,0.005867612436009653,0.01061222222222222,-0.4470891851734176
717,K'=20 (5x),5,0.0047542854341734555,0.009207333333333333,-0.4836414342726679
717,R'=10 (2x),2,0.01142424325378683,0.017626666666666665,-0.35187727380180606
717,R'=20 (4x),4,0.011419241158084925,0.017621666666666667,-0.3519772349521465
717,K'=8 + R'=10,2,0.0072542690926029945,0.012363333333333332,-0.41324326562930747
717,Fix temp,1,0.010874097809881696,0.01716,-0.36631131644046067
718,K'=6 (1.5x),1.5,0.023310030036333633,0.014124444444444445,0.6503325230255089
718,K'=8 (2x),2,0.019213231557165093,0.012368333333333332,0.5534212281766685
718,K'=12 (3x),3,0.015116433077996554,0.01061222222222222,0.42443616063206996
718,K'=20 (5x),5,0.01183899429466172,0.009207333333333333,0.28582227514246483
718,R'=10 (2x),2,0.03149338945453092,0.017626666666666665,0.786690022004402
718,R'=20 (4x),4,0.031488270684461035,0.017621666666666667,0.7869064986925773
718,K'=8 + R'=10,2,0.0192081127870952,0.012363333333333332,0.5536354370796874
718,Fix temp,1,0.03139689682719547,0.01716,0.8296559922608082
719,K'=6 (1.5x),1.5,0.02542037984309482,0.014124444444444445,0.7997436956250266
719,K'=8 (2x),2,0.02068616714841455,0.012368333333333332,0.6725104822865828
719,K'=12 (3x),3,0.01595195445373428,0.01061222222222222,0.5031681508073347
719,K'=20 (5x),5,0.01216458429799006,0.009207333333333333,0.321184305769683
719,R'=10 (2x),2,0.0348789303010638,0.017626666666666665,0.9787592833432567
719,R'=20 (4x),4,0.03487399283536801,0.017621666666666667,0.9790405467909586
719,K'=8 + R'=10,2,0.020681229682718766,0.012363333333333332,0.6727875181492667
719,Fix temp,1,0.03473737834900715,0.01716,1.024322747611139
720,K'=6 (1.5x),1.5,0.010382601836426348,0.014124444444444445,-0.2649196308382856
720,K'=8 (2x),2,0.00966875175905775,0.012368333333333332,-0.21826559015838148
720,K'=12 (3x),3,0.008954901681689154,0.01061222222222222,-0.15617092309493877
720,K'=20 (5x),5,0.008383821619794278,0.009207333333333333,-0.08944084934534664
720,R'=10 (2x),2,0.011800825729681554,0.017626666666666665,-0.3305129124613339
720,R'=20 (4x),4,0.01179608759894056,0.017621666666666667,-0.3305918320850907
720,K'=8 + R'=10,2,0.009664013628316757,0.012363333333333332,-0.2183326803734086
720,Fix temp,1,0.011529345345544362,0.01716,-0.3281267281151305
721,K'=6 (1.5x),1.5,0.011130977688545603,0.014124444444444445,-0.21193518567565747
721,K'=8 (2x),2,0.010087926896754147,0.012368333333333332,-0.18437459398295525
721,K'=12 (3x),3,0.009044876104962692,0.01061222222222222,-0.14769254586258784
721,K'=20 (5x),5,0.008210435471529526,0.009207333333333333,-0.10827215934441466
721,R'=10 (2x),2,0.013207465862910711,0.017626666666666665,-0.25071108947178256
721,R'=20 (4x),4,0.01320265915830181,0.017621666666666667,-0.2507712574500061
721,K'=8 + R'=10,2,0.010083120192145245,0.012363333333333332,-0.18443352449620548
721,Fix temp,1,0.01257943557919612,0.01716,-0.26693265855500475
722,K'=6 (1.5x),1.5,0.03218082948870406,0.014124444444444445,1.278378425097046
722,K'=8 (2x),2,0.02814548251486025,0.012368333333333332,1.275608342395385
722,K'=12 (3x),3,0.02411013554101644,0.01061222222222222,1.2719214728211496
722,K'=20 (5x),5,0.020881857961941395,0.009207333333333333,1.267959376070675
722,R'=10 (2x),2,0.04024156958502891,0.017626666666666665,1.282993735913138
722,R'=20 (4x),4,0.04023659265934753,0.017621666666666667,1.2833590840450693
722,K'=8 + R'=10,2,0.02814050558917887,0.012363333333333332,1.2761260924113405
722,Fix temp,1,0.03982733245303114,0.01716,1.320940119640509
723,K'=6 (1.5x),1.5,0.012985656962788698,0.014124444444444445,-0.08062529369809411
723,K'=8 (2x),2,0.01040378483786398,0.012368333333333332,-0.1588369623071838
723,K'=12 (3x),3,0.007821912712939265,0.01061222222222222,-0.2629335732755377
723,K'=20 (5x),5,0.005756415012999494,0.009207333333333333,-0.3748010629571182
723,R'=10 (2x),2,0.018139224978890298,0.017626666666666665,0.029078572932505608
723,R'=20 (4x),4,0.018134136862016387,0.017621666666666667,0.029081823248825498
723,K'=8 + R'=10,2,0.010398696720990069,0.012363333333333332,-0.15890832669263388
723,Fix temp,1,0.018017146935213384,0.01716,0.04995028759984743
724,K'=6 (1.5x),1.5,0.011724180589730019,0.014124444444444445,-0.1699368682538533
724,K'=8 (2x),2,0.009712297516418686,0.012368333333333332,-0.2147448443806479
724,K'=12 (3x),3,0.0077004144431073495,0.01061222222222222,-0.274382473165468
724,K'=20 (5x),5,0.006090907984458283,0.009207333333333333,-0.3384720891544838
724,R'=10 (2x),2,0.015737784075709887,0.017626666666666665,-0.10716051007697304
724,R'=20 (4x),4,0.015732702745388488,0.017621666666666667,-0.10719553133140144
724,K'=8 + R'=10,2,0.009707216186097285,0.012363333333333332,-0.21483827019973425
724,Fix temp,1,0.015435200127814614,0.01716,-0.10051281306441649
725,K'=6 (1.5x),1.5,0.015243803378732759,0.014124444444444445,0.07924976721676233
725,K'=8 (2x),2,0.014216011813391638,0.012368333333333332,0.1493878302162759
725,K'=12 (3x),3,0.013188220248050516,0.01061222222222222,0.2427387941833804
725,K'=20 (5x),5,0.012365986995777619,0.009207333333333333,0.34305846742932655
725,R'=10 (2x),2,0.01728924761834152,0.017626666666666665,-0.019142532998779
725,R'=20 (4x),4,0.01728417817280478,0.017621666666666667,-0.019151905449459137
725,K'=8 + R'=10,2,0.014210942367854897,0.012363333333333332,0.14944262883700982
725,Fix temp,1,0.016300641797428832,0.01716,-0.05007914933398421
726,K'=6 (1.5x),1.5,0.017702024518204896,0.014124444444444445,0.25328996746258703
726,K'=8 (2x),2,0.013963518846335439,0.012368333333333332,0.12897336043676919
726,K'=12 (3x),3,0.010225013174465976,0.01061222222222222,-0.03648708438704012
726,K'=20 (5x),5,0.007234208636970407,0.009207333333333333,-0.21429925744293601
726,R'=10 (2x),2,0.025168651485829842,0.017626666666666665,0.4278735714351273
726,R'=20 (4x),4,0.02516345929777285,0.017621666666666667,0.4279840706198534
726,K'=8 + R'=10,2,0.01395832665827845,0.012363333333333332,0.1290099750562241
726,Fix temp,1,0.024233662240933714,0.01716,0.4122180793084913
727,K'=6 (1.5x),1.5,0.007969927127596135,0.014124444444444445,-0.43573517819095964
727,K'=8 (2x),2,0.006404953266226667,0.012368333333333332,-0.48214904194367325
727,K'=12 (3x),3,0.0048399794048572,0.01061222222222222,-0.5439240430979498
727,K'=20 (5x),5,0.003588000315761625,0.009207333333333333,-0.6103105876734171
727,R'=10 (2x),2,0.0110900261326496,0.017626666666666665,-0.37083815435043865
727,R'=20 (4x),4,0.011085101773806864,0.017621666666666667,-0.37093908405522386
727,K'=8 + R'=10,2,0.006400028907383932,0.012363333333333332,-0.4823379152830467
727,Fix temp,1,0.010753898684375771,0.01716,-0.3733159274839295
728,K'=6 (1.5x),1.5,0.016253357498782,0.014124444444444445,0.15072543650910958
728,K'=8 (2x),2,0.01396693498967505,0.012368333333333332,0.12924956121884265
728,K'=12 (3x),3,0.011680512480568103,0.01061222222222222,0.10066602790401992
728,K'=20 (5x),5,0.009851374473282545,0.009207333333333333,0.06994871551110111
728,R'=10 (2x),2,0.020816418628044377,0.017626666666666665,0.18096172246847833
728,R'=20 (4x),4,0.020811526683568615,0.017621666666666667,0.1810192008078283
728,K'=8 + R'=10,2,0.01396204304519929,0.012363333333333332,0.12931057254240702
728,Fix temp,1,0.020524180623464675,0.01716,0.1960478218802257
729,K'=6 (1.5x),1.5,0.033661260843894765,0.014124444444444445,1.3831918470347142
729,K'=8 (2x),2,0.02654362296057938,0.012368333333333332,1.1460953747941827
729,K'=12 (3x),3,0.019425985077263976,0.01061222222222222,0.830529428283696
729,K'=20 (5x),5,0.013731874770611665,0.009207333333333333,0.4914062816535731
729,R'=10 (2x),2,0.04788683307760967,0.017626666666666665,1.7167265361730148
729,R'=20 (4x),4,0.047881981311151726,0.017621666666666667,1.717222054922069
729,K'=8 + R'=10,2,0.02653877119412143,0.012363333333333332,1.1465708703791937
729,Fix temp,1,0.04735566570150787,0.01716,1.7596541784095494
730,K'=6 (1.5x),1.5,0.017783188728467438,0.014124444444444445,0.2590363322546172
730,K'=8 (2x),2,0.014204298578386496,0.012368333333333332,0.14844079598866708
730,K'=12 (3x),3,0.010625408428305555,0.01061222222222222,0.0012425489974872866
730,K'=20 (5x),5,0.007762296308240802,0.009207333333333333,-0.15694414145527455
730,R'=10 (2x),2,0.024930621703970677,0.017626666666666665,0.41436961255506877
730,R'=20 (4x),4,0.02492544804164136,0.017621666666666667,0.4144773314087596
730,K'=8 + R'=10,2,0.014199124916057175,0.012363333333333332,0.1484867821022251
730,Fix temp,1,0.024752345883835146,0.01716,0.44244439882489184
731,K'=6 (1.5x),1.5,0.0203546743316094,0.014124444444444445,0.44109557099185487
731,K'=8 (2x),2,0.016879778104066726,0.012368333333333332,0.3647576960571401
731,K'=12 (3x),3,0.013404881876524052,0.01061222222222222,0.2631550297216677
731,K'=20 (5x),5,0.010624964894489912,0.009207333333333333,0.15396765923791672
731,R'=10 (2x),2,0.027294466491889734,0.017626666666666665,0.5484757843356507
731,R'=20 (4x),4,0.02728946634448723,0.017621666666666667,0.548631401370693
731,K'=8 + R'=10,2,0.01687477795666422,0.012363333333333332,0.3649052000537252
731,Fix temp,1,0.026798578639568738,0.01716,0.5616887319096
732,K'=6 (1.5x),1.5,0.005270689127366978,0.014124444444444445,-0.6268391901643895
732,K'=8 (2x),2,0.005057688947484383,0.012368333333333332,-0.5910775679166379
732,K'=12 (3x),3,0.0048446887676017875,0.01061222222222222,-0.5434802752757188
732,K'=20 (5x),5,0.004674288623695711,0.009207333333333333,-0.49232981423911615
732,R'=10 (2x),2,0.005686685157600221,0.017626666666666665,-0.6773817043721508
732,R'=20 (4x),4,0.005681682992834247,0.017621666666666667,-0.6775740285916441
732,K'=8 + R'=10,2,0.005052686782718408,0.012363333333333332,-0.5913167875935501
732,Fix temp,1,0.005450676368109569,0.01716,-0.682361517009932
733,K'=6 (1.5x),1.5,0.002504335347667823,0.014124444444444445,-0.8226949486389993
733,K'=8 (2x),2,0.0021869598200110483,0.012368333333333332,-0.8231807179616455
733,K'=12 (3x),3,0.0018695842923542735,0.01061222222222222,-0.8238272575522096
733,K'=20 (5x),5,0.001615683870228854,0.009207333333333333,-0.8245220617375077
733,R'=10 (2x),2,0.0031289543780019845,0.017626666666666665,-0.8224874596443655
733,R'=20 (4x),4,0.0031238883655122906,0.017621666666666667,-0.8227245796550294
733,K'=8 + R'=10,2,0.0021818938075213543,0.012363333333333332,-0.8235189694644361
733,Fix temp,1,0.0025256064737787273,0.01716,-0.8528201355606803
734,K'=6 (1.5x),1.5,0.019100334299918906,0.014124444444444445,0.35228924401565564
734,K'=8 (2x),2,0.017619566116556865,0.012368333333333332,0.4245707680816763
734,K'=12 (3x),3,0.016138797933194827,0.01061222222222222,0.5207745932232589
734,K'=20 (5x),5,0.014954183386505192,0.009207333333333333,0.6241600955584525
734,R'=10 (2x),2,0.022052039659333517,0.017626666666666665,0.2510612514750483
734,R'=20 (4x),4,0.02204712415567878,0.017621666666666667,0.25113728302348126
734,K'=8 + R'=10,2,0.017614650612902127,0.012363333333333332,0.42474930813444023
734,Fix temp,1,0.021743736052174275,0.01716,0.2671174855579413
735,K'=6 (1.5x),1.5,0.01628659947048543,0.014124444444444445,0.15307894300164313
735,K'=8 (2x),2,0.013849561000208177,0.012368333333333332,0.11975968200039175
735,K'=12 (3x),3,0.011412522529930925,0.01061222222222222,0.07541307475006115
735,K'=20 (5x),5,0.009462891753709122,0.009207333333333333,0.027755964851472293
735,R'=10 (2x),2,0.021151153916340093,0.017626666666666665,0.19995199979236541
735,R'=20 (4x),4,0.021146392668990176,0.017621666666666667,0.20002228330597796
735,K'=8 + R'=10,2,0.013844799752858256,0.012363333333333332,0.11982742676125029
735,Fix temp,1,0.020798472796375485,0.01716,0.2120322142409955
736,K'=6 (1.5x),1.5,0.029029374071011103,0.014124444444444445,1.0552577614781302
736,K'=8 (2x),2,0.0270152188584041,0.012368333333333332,1.1842246752516454
736,K'=12 (3x),3,0.02500106364579709,0.01061222222222222,1.3558744928507365
736,K'=20 (5x),5,0.023389739475711487,0.009207333333333333,1.5403380793256993
736,R'=10 (2x),2,0.03304761198194103,0.017626666666666665,0.874864522424794
736,R'=20 (4x),4,0.03304257572479899,0.017621666666666667,0.875110700357457
736,K'=8 + R'=10,2,0.027010182601262058,0.012363333333333332,1.1847006687459203
736,Fix temp,1,0.03279040379709122,0.01716,0.9108626921381829
737,K'=6 (1.5x),1.5,0.015446180115659916,0.014124444444444445,0.09357788735792355
737,K'=8 (2x),2,0.012391067412156401,0.012368333333333332,0.001838087494116929
737,K'=12 (3x),3,0.009335954708652885,0.01061222222222222,-0.12026392652208169
737,K'=20 (5x),5,0.006891864545850071,0.009207333333333333,-0.25148093412677525
737,R'=10 (2x),2,0.021546846106319576,0.017626666666666665,0.2224004977110199
737,R'=20 (4x),4,0.021542066398145893,0.017621666666666667,0.22247610317672709
737,K'=8 + R'=10,2,0.012386287703982715,0.012363333333333332,0.0018566490145092822
737,Fix temp,1,0.020923414424806663,0.01716,0.2193131949188031
738,K'=6 (1.5x),1.5,0.015384641272089406,0.014124444444444445,0.08922098370677037
738,K'=8 (2x),2,0.014392194353418318,0.012368333333333332,0.163632477031531
738,K'=12 (3x),3,0.013399747434747228,0.01061222222222222,0.26267120628965623
738,K'=20 (5x),5,0.012605789899810357,0.009207333333333333,0.3691032401502814
738,R'=10 (2x),2,0.017359913612085186,0.017626666666666665,-0.015133494019372907
738,R'=20 (4x),4,0.017355102863411985,0.017621666666666667,-0.015127048326190244
738,K'=8 + R'=10,2,0.014387383604745117,0.012363333333333332,0.16371396102009586
738,Fix temp,1,0.017054579561331325,0.01716,-0.006143382206799312
739,K'=6 (1.5x),1.5,0.01934721533498086,0.014124444444444445,0.36976823485547305
739,K'=8 (2x),2,0.014954207880684918,0.012368333333333332,0.2090721908652408
739,K'=12 (3x),3,0.010561200426388967,0.01061222222222222,-0.004807833342050902
739,K'=20 (5x),5,0.00704679446295221,0.009207333333333333,-0.234654138409361
739,R'=10 (2x),2,0.028123470553514062,0.017626666666666665,0.5955070283763652
739,R'=20 (4x),4,0.028118590708484714,0.017621666666666667,0.5956828170898352
739,K'=8 + R'=10,2,0.014949328035655568,0.012363333333333332,0.20916646284623105
739,Fix temp,1,0.027670803460886528,0.01716,0.6125176842008464
740,K'=6 (1.5x),1.5,0.008563940172656385,0.014124444444444445,-0.3936795031945606
740,K'=8 (2x),2,0.007397790954921604,0.012368333333333332,-0.40187648929349645
740,K'=12 (3x),3,0.006231641737186826,0.01061222222222222,-0.4127863508042986
740,K'=20 (5x),5,0.005298722362999002,0.009207333333333333,-0.4245106404678515
740,R'=10 (2x),2,0.01088646378011646,0.017626666666666665,-0.3823866993126062
740,R'=20 (4x),4,0.010881576366111718,0.017621666666666667,-0.3824888092625527
740,K'=8 + R'=10,2,0.0073929035409168635,0.012363333333333332,-0.4020299104138422
740,Fix temp,1,0.010532799165359898,0.01716,-0.38620051483916684
741,K'=6 (1.5x),1.5,0.016720457093031035,0.014124444444444445,0.18379573503209026
741,K'=8 (2x),2,0.013595383411424517,0.012368333333333332,0.09920900779608019
741,K'=12 (3x),3,0.010470309729817998,0.01061222222222222,-0.013372551896534426
741,K'=20 (5x),5,0.007970250784532784,0.009207333333333333,-0.13435839716174233
741,R'=10 (2x),2,0.0229608417292551,0.017626666666666665,0.3026196139895103
741,R'=20 (4x),4,0.022955960365760614,0.017621666666666667,0.3027122121873042
741,K'=8 + R'=10,2,0.013590502047930032,0.012363333333333332,0.0992587259042896
741,Fix temp,1,0.022691412200363102,0.01716,0.322343368319528
742,K'=6 (1.5x),1.5,0.016925795162334292,0.014124444444444445,0.198333515269105
742,K'=8 (2x),2,0.015396735430960828,0.012368333333333332,0.24485126783135666
742,K'=12 (3x),3,0.01386767569958736,0.01061222222222222,0.3067645408468878
742,K'=20 (5x),5,0.012644427914488585,0.009207333333333333,0.3732996793666555
742,R'=10 (2x),2,0.019973751625333727,0.017626666666666665,0.1331553493948787
742,R'=20 (4x),4,0.019968670125459977,0.017621666666666667,0.13318850612654737
742,K'=8 + R'=10,2,0.015391653931087077,0.012363333333333332,0.2449436989285855
742,Fix temp,1,0.019549459435131183,0.01716,0.1392458878281574
743,K'=6 (1.5x),1.5,0.030715462990335635,0.014124444444444445,1.1746315836455374
743,K'=8 (2x),2,0.027969804725674827,0.012368333333333332,1.2614045055120466
743,K'=12 (3x),3,0.025224146461014015,0.01061222222222222,1.3768958030481222
743,K'=20 (5x),5,0.023027619849285367,0.009207333333333333,1.501008599951347
743,R'=10 (2x),2,0.03619674525160775,0.017626666666666665,1.0535218561804702
743,R'=20 (4x),4,0.036191728117583005,0.017621666666666667,1.0538198118367352
743,K'=8 + R'=10,2,0.027964787591650074,0.012363333333333332,1.2619132589633386
743,Fix temp,1,0.035623625557102315,0.01716,1.0759688553089926
744,K'=6 (1.5x),1.5,0.012329035535901848,0.014124444444444445,-0.12711359484647083
744,K'=8 (2x),2,0.011395257706493953,0.012368333333333332,-0.0786747575938051
744,K'=12 (3x),3,0.01046147987708606,0.01061222222222222,-0.014204597489534647
744,K'=20 (5x),5,0.009714457613559744,0.009207333333333333,0.05507830137858348
744,R'=10 (2x),2,0.014187101392175732,0.017626666666666665,-0.19513418728201215
744,R'=20 (4x),4,0.014182356490904782,0.017621666666666667,-0.19517507854508
744,K'=8 + R'=10,2,0.011390512805223003,0.012363333333333332,-0.07868594188004818
744,Fix temp,1,0.013701719224261954,0.01716,-0.20153151373764847
745,K'=6 (1.5x),1.5,0.018417760754369655,0.014124444444444445,0.30396355246481194
745,K'=8 (2x),2,0.017219156121752448,0.012368333333333332,0.3921969644322153
745,K'=12 (3x),3,0.01602055148913524,0.01061222222222222,0.509632116032009
745,K'=20 (5x),5,0.015061667783041476,0.009207333333333333,0.6358338769504175
745,R'=10 (2x),2,0.02080485072263738,0.017626666666666665,0.18030544946883784
745,R'=20 (4x),4,0.020799791074154035,0.017621666666666667,0.1803532246753448
745,K'=8 + R'=10,2,0.017214096473269103,0.012363333333333332,0.392350752758353
745,Fix temp,1,0.02040952441545456,0.01716,0.18936622467683914
746,K'=6 (1.5x),1.5,0.02491536423650322,0.014124444444444445,0.7639889720620592
746,K'=8 (2x),2,0.02341446890442148,0.012368333333333332,0.8930981461599365
746,K'=12 (3x),3,0.021913573572339733,0.01061222222222222,1.0649373065758312
746,K'=20 (5x),5,0.02071285730667434,0.009207333333333333,1.2496043704302013
746,R'=10 (2x),2,0.027906877817991668,0.017626666666666665,0.5832192408089071
746,R'=20 (4x),4,0.02790173927665415,0.017621666666666667,0.5833768623846107
746,K'=8 + R'=10,2,0.02340933036308396,0.012363333333333332,0.8934481285859232
746,Fix temp,1,0.0274716972427069,0.01716,0.6009147577335021
747,K'=6 (1.5x),1.5,0.015696527867677303,0.014124444444444445,0.11130231914014889
747,K'=8 (2x),2,0.014070759425916846,0.012368333333333332,0.13764393687509882
747,K'=12 (3x),3,0.012444990984156388,0.01061222222222222,0.17270357928392321
747,K'=20 (5x),5,0.011144376230748022,0.009207333333333333,0.21038044646455972
747,R'=10 (2x),2,0.018938370900394588,0.017626666666666665,0.07441589828259774
747,R'=20 (4x),4,0.018933523974992775,0.017621666666666667,0.07444569989555135
747,K'=8 + R'=10,2,0.014065912500515032,0.012363333333333332,0.13771198440401997
747,Fix temp,1,0.018064832792127165,0.01716,0.05272918369039415
748,K'=6 (1.5x),1.5,0.005365246680195089,0.014124444444444445,-0.6201445868332615
748,K'=8 (2x),2,0.0045276227490311065,0.012368333333333332,-0.6339342879101652
748,K'=12 (3x),3,0.0036899988178671255,0.01061222222222222,-0.6522878299570293
748,K'=20 (5x),5,0.00301989967293594,0.009207333333333333,-0.6720114756785236
748,R'=10 (2x),2,0.007031012448748396,0.017626666666666665,-0.6011150274915812
748,R'=20 (4x),4,0.0070262714018610685,0.017621666666666667,-0.6012708936804463
748,K'=8 + R'=10,2,0.004522881702143779,0.012363333333333332,-0.6341697194275725
748,Fix temp,1,0.0065566876798033484,0.01716,-0.6179086433681034
749,K'=6 (1.5x),1.5,0.01053886720065161,0.014124444444444445,-0.25385616106148134
749,K'=8 (2x),2,0.008259056103943297,0.012368333333333332,-0.33224179189247016
749,K'=12 (3x),3,0.005979245007234983,0.01061222222222222,-0.4365699396386258
749,K'=20 (5x),5,0.004155396129868332,0.009207333333333333,-0.5486862504668382
749,R'=10 (2x),2,0.015088764248305209,0.017626666666666665,-0.14398084824289656
749,R'=20 (4x),4,0.015083901675423696,0.017621666666666667,-0.1440139028417462
749,K'=8 + R'=10,2,0.008254193531061785,0.012363333333333332,-0.3323650419739726
749,Fix temp,1,0.014359169643598273,0.01716,-0.16321855223786294
750,K'=6 (1.5x),1.5,0.009347999935606817,0.014124444444444445,-0.33816866409328705
750,K'=8 (2x),2,0.008641652754223286,0.012368333333333332,-0.3013082263126301
750,K'=12 (3x),3,0.007935305572839762,0.01061222222222222,-0.25224845403038565
750,K'=20 (5x),5,0.007370227827732936,0.009207333333333333,-0.19952633831008584
750,R'=10 (2x),2,0.010750860292778186,0.017626666666666665,-0.3900797867183328
750,R'=20 (4x),4,0.010745943289980344,0.017621666666666667,-0.3901857586315893
750,K'=8 + R'=10,2,0.008636735751425444,0.012363333333333332,-0.30142336871727327
750,Fix temp,1,0.0103167485777439,0.01716,-0.3987908754228497
751,K'=6 (1.5x),1.5,0.00297834753930018,0.014124444444444445,-0.7891352434416172
751,K'=8 (2x),2,0.0026516382523767558,0.012368333333333332,-0.785610705912134
751,K'=12 (3x),3,0.002324928965453332,0.01061222222222222,-0.7809196870581092
751,K'=20 (5x),5,0.0020635615359145924,0.009207333333333333,-0.7758784806406568
751,R'=10 (2x),2,0.00362126651461346,0.017626666666666665,-0.7945574972798717
751,R'=20 (4x),4,0.003616016715346676,0.017621666666666667,-0.7947971219892174
751,K'=8 + R'=10,2,0.002646388453109972,0.012363333333333332,-0.785948628758967
751,Fix temp,1,0.0029803126511534174,0.01716,-0.8263221065761411
752,K'=6 (1.5x),1.5,0.004924816559102037,0.014124444444444445,-0.65132670679737
752,K'=8 (2x),2,0.0038443221528829913,0.012368333333333332,-0.6891802598396718
752,K'=12 (3x),3,0.0027638277466639455,0.01061222222222222,-0.7395618289186942
752,K'=20 (5x),5,0.001899432221688709,0.009207333333333333,-0.7937044144136512
752,R'=10 (2x),2,0.007075960880836285,0.017626666666666665,-0.5985650029782743
752,R'=20 (4x),4,0.007071038635484364,0.017621666666666667,-0.5987304283277576
752,K'=8 + R'=10,2,0.0038393999075310697,0.012363333333333332,-0.6894526901430788
752,Fix temp,1,0.006480198326102667,0.01716,-0.6223660649124321
753,K'=6 (1.5x),1.5,0.009837091084851876,0.014124444444444445,-0.30354138008443293
753,K'=8 (2x),2,0.007978636366896035,0.012368333333333332,-0.35491418674873715
753,K'=12 (3x),3,0.0061201816489401956,0.01061222222222222,-0.42328934310059924
753,K'=20 (5x),5,0.004633417874575523,0.009207333333333333,-0.4967687486884885
753,R'=10 (2x),2,0.013543776548200256,0.017626666666666665,-0.23163143637290523
753,R'=20 (4x),4,0.013538664561918606,0.017621666666666667,-0.23170351488213722
753,K'=8 + R'=10,2,0.007973524380614385,0.012363333333333332,-0.3550667796752991
753,Fix temp,1,0.013109532401043697,0.01716,-0.23604123537041402
754,K'=6 (1.5x),1.5,0.013855360398713462,0.014124444444444445,-0.0190509472276498
754,K'=8 (2x),2,0.012261113838784641,0.012368333333333332,-0.008668871678913134
754,K'=12 (3x),3,0.01066686727885582,0.01061222222222222,0.005149256723928347
754,K'=20 (5x),5,0.009391470030912764,0.009207333333333333,0.01999891726660974
754,R'=10 (2x),2,0.017034304089405046,0.017626666666666665,-0.03360604636506919
754,R'=20 (4x),4,0.017029529374822022,0.017621666666666667,-0.03360279722943224
754,K'=8 + R'=10,2,0.012256339124201614,0.012363333333333332,-0.008654155497308011
754,Fix temp,1,0.01675041839483928,0.01716,-0.023868391909133025
755,K'=6 (1.5x),1.5,0.008024867752794302,0.014124444444444445,-0.4318454234176469
755,K'=8 (2x),2,0.007132940618625695,0.012368333333333332,-0.4232900726080828
755,K'=12 (3x),3,0.006241013484457088,0.01061222222222222,-0.4119032419630007
755,K'=20 (5x),5,0.0055274717771222025,0.009207333333333333,-0.3996663771136555
755,R'=10 (2x),2,0.009798712245606208,0.017626666666666665,-0.4440972629194662
755,R'=20 (4x),4,0.009793707357843554,0.017621666666666667,-0.44422354916238227
755,K'=8 + R'=10,2,0.007127935730863042,0.012363333333333332,-0.423461655632539
755,Fix temp,1,0.009144439302966939,0.01716,-0.4671072667268684
756,K'=6 (1.5x),1.5,0.02194635258605625,0.014124444444444445,0.5537851893840958
756,K'=8 (2x),2,0.02037962536354502,0.012368333333333332,0.6477260770956762
756,K'=12 (3x),3,0.01881289814103379,0.01061222222222222,0.772757651233422
756,K'=20 (5x),5,0.017559516363024805,0.009207333333333333,0.9071229124999789
756,R'=10 (2x),2,0.025069538813696682,0.017626666666666665,0.42225068912802666
756,R'=20 (4x),4,0.025064404705005667,0.017621666666666667,0.422362888773612
756,K'=8 + R'=10,2,0.020374491254854004,0.012363333333333332,0.6479771842696689
756,Fix temp,1,0.024670824817016098,0.01716,0.43769375390536686
757,K'=6 (1.5x),1.5,0.013594645607586069,0.014124444444444445,-0.037509357549759134
757,K'=8 (2x),2,0.011150502403533366,0.012368333333333332,-0.09846362456272464
757,K'=12 (3x),3,0.008706359199480663,0.01061222222222222,-0.17959132242355796
757,K'=20 (5x),5,0.0067510446362385014,0.009207333333333333,-0.26677525491580967
757,R'=10 (2x),2,0.018472851958095303,0.017626666666666665,0.048005973416904546
757,R'=20 (4x),4,0.018467811929297216,0.017621666666666667,0.048017323141807365
757,K'=8 + R'=10,2,0.011145462374735281,0.012363333333333332,-0.09850668308962397
757,Fix temp,1,0.017848947835746802,0.01716,0.04014847527662006
758,K'=6 (1.5x),1.5,0.01581161779964168,0.014124444444444445,0.11945059940823718
758,K'=8 (2x),2,0.014180410870270395,0.012368333333333332,0.14650943567743402
758,K'=12 (3x),3,0.012549203940899107,0.01061222222222222,0.18252366734469666
758,K'=20 (5x),5,0.011244238397402078,0.009207333333333333,0.2212263844836086
758,R'=10 (2x),2,0.019063925952077645,0.017626666666666665,0.08153891558685587
758,R'=20 (4x),4,0.01905887309892434,0.017621666666666667,0.08155905224199417
758,K'=8 + R'=10,2,0.014175358017117091,0.012363333333333332,0.1465644122769285
758,Fix temp,1,0.018754252299034085,0.01716,0.09290514563135681
759,K'=6 (1.5x),1.5,0.009186228199478784,0.014124444444444445,-0.34962198084243984
759,K'=8 (2x),2,0.008679758218800735,0.012368333333333332,-0.298227337113537
759,K'=12 (3x),3,0.008173288238122686,0.01061222222222222,-0.2298231164997992
759,K'=20 (5x),5,0.0077681122535802494,0.009207333333333333,-0.15631247698426076
759,R'=10 (2x),2,0.010189594504791354,0.017626666666666665,-0.42192164307159485
759,R'=20 (4x),4,0.010184807676769592,0.017621666666666667,-0.4220292626443058
759,K'=8 + R'=10,2,0.008674971390778973,0.012363333333333332,-0.2983307044395545
759,Fix temp,1,0.009519559380963731,0.01716,-0.4452471223214609
760,K'=6 (1.5x),1.5,0.008289833190763311,0.014124444444444445,-0.4130860705092055
760,K'=8 (2x),2,0.0070544557839434,0.012368333333333332,-0.42963569999110085
760,K'=12 (3x),3,0.005819078377123488,0.01061222222222222,-0.45166259664839914
760,K'=20 (5x),5,0.00483077645166756,0.009207333333333333,-0.4753338152558583
760,R'=10 (2x),2,0.010750810972474652,0.017626666666666665,-0.39008258476883584
760,R'=20 (4x),4,0.01074592245651041,0.017621666666666667,-0.39018694089603273
760,K'=8 + R'=10,2,0.007049567267979159,0.012363333333333332,-0.429800436669251
760,Fix temp,1,0.010478561875852372,0.01716,-0.3893611960458991
761,K'=6 (1.5x),1.5,0.021160573331944075,0.014124444444444445,0.49815261160711666
761,K'=8 (2x),2,0.019371293523102472,0.012368333333333332,0.5662007969089725
761,K'=12 (3x),3,0.017582013714260873,0.01061222222222222,0.6567702170280377
761,K'=20 (5x),5,0.016150589867187592,0.009207333333333333,0.7541007023952928
761,R'=10 (2x),2,0.024729060880434018,0.017626666666666665,0.40293461878407827
761,R'=20 (4x),4,0.024724024845837387,0.017621666666666667,0.40304690319705205
761,K'=8 + R'=10,2,0.01936625748850584,0.012363333333333332,0.5664268661503783
761,Fix temp,1,0.023281290249278136,0.01716,0.35671854599522923
762,K'=6 (1.5x),1.5,0.015400411881418984,0.014124444444444445,0.09033753093746738
762,K'=8 (2x),2,0.014588610848993964,0.012368333333333332,0.1795130722808758
762,K'=12 (3x),3,0.013776809816568945,0.01061222222222222,0.298202160497545
762,K'=20 (5x),5,0.01312736899062893,0.009207333333333333,0.42575146520479296
762,R'=10 (2x),2,0.01701416481258348,0.017626666666666665,-0.034748592326958254
762,R'=20 (4x),4,0.017009240245740714,0.017621666666666667,-0.03475417124331522
762,K'=8 + R'=10,2,0.014583686282151195,0.012363333333333332,0.17959177261940118
762,Fix temp,1,0.016746437792431942,0.01716,-0.024100361746390395
763,K'=6 (1.5x),1.5,0.010399952642470884,0.014124444444444445,-0.26369120687352143
763,K'=8 (2x),2,0.009355661201890422,0.012368333333333332,-0.24357947431151408
763,K'=12 (3x),3,0.00831136976130996,0.01061222222222222,-0.216811560550836
763,K'=20 (5x),5,0.00747593660884559,0.009207333333333333,-0.18804540487521645
763,R'=10 (2x),2,0.012478699939083966,0.017626666666666665,-0.29205560103532713
763,R'=20 (4x),4,0.012473782146810046,0.017621666666666667,-0.2921338042101554
763,K'=8 + R'=10,2,0.009350743409616502,0.012363333333333332,-0.24367133381370965
763,Fix temp,1,0.012217425975409582,0.01716,-0.288028789311796
764,K'=6 (1.5x),1.5,0.009008953146220782,0.014124444444444445,-0.3621729207364141
764,K'=8 (2x),2,0.008156600698722191,0.012368333333333332,-0.34052547914926357
764,K'=12 (3x),3,0.0073042482512236,0.01061222222222222,-0.31171359793725884
764,K'=20 (5x),5,0.006622366293224725,0.009207333333333333,-0.28075089133031006
764,R'=10 (2x),2,0.01070424092169678,0.017626666666666665,-0.39272460731674846
764,R'=20 (4x),4,0.010699532361936185,0.017621666666666667,-0.3928195008832204
764,K'=8 + R'=10,2,0.008151892138961597,0.012363333333333332,-0.34063962208452975
764,Fix temp,1,0.010553438592455628,0.01716,-0.38499775102239936
765,K'=6 (1.5x),1.5,0.015361899697072311,0.014124444444444445,0.08761089736981435
765,K'=8 (2x),2,0.01384098575706136,0.012368333333333332,0.11906635955219201
765,K'=12 (3x),3,0.012320071817050407,0.01061222222222222,0.16093232492360668
765,K'=20 (5x),5,0.011103340665041645,0.009207333333333333,0.20592361143743884
765,R'=10 (2x),2,0.018393185877342372,0.017626666666666665,0.043486339486140675
765,R'=20 (4x),4,0.018387915027466447,0.017621666666666667,0.0434833080941897
765,K'=8 + R'=10,2,0.013835714907185437,0.012363333333333332,0.11909260505678929
765,Fix temp,1,0.01773716526845164,0.01716,0.03363433965335879
766,K'=6 (1.5x),1.5,0.01752802694483767,0.014124444444444445,0.2409710706697531
766,K'=8 (2x),2,0.014805652820229647,0.012368333333333332,0.197061271006305
766,K'=12 (3x),3,0.012083278695621622,0.01061222222222222,0.13861907926494205
766,K'=20 (5x),5,0.009905379395935204,0.009207333333333333,0.07581414046070567
766,R'=10 (2x),2,0.022963320467974013,0.017626666666666665,0.3027602383495091
766,R'=20 (4x),4,0.02295859310493416,0.017621666666666667,0.3028616157155487
766,K'=8 + R'=10,2,0.014800925457189796,0.012363333333333332,0.19716301891532467
766,Fix temp,1,0.022179125967903744,0.01716,0.29248985826944884
767,K'=6 (1.5x),1.5,0.014900193600951663,0.014124444444444445,0.054922454441196984
767,K'=8 (2x),2,0.014748213509892482,0.012368333333333332,0.19241720872328397
767,K'=12 (3x),3,0.014596233418833298,0.01061222222222222,0.37541724185425296
767,K'=20 (5x),5,0.01447464934598595,0.009207333333333333,0.5720783447236932
767,R'=10 (2x),2,0.015193932037015297,0.017626666666666665,-0.13801444570639382
767,R'=20 (4x),4,0.015188821163987933,0.017621666666666667,-0.13805989800503554
767,K'=8 + R'=10,2,0.014743102636865117,0.012363333333333332,0.1924860585223876
767,Fix temp,1,0.014924961346984258,0.01716,-0.13024700775150022
768,K'=6 (1.5x),1.5,0.017630521083967676,0.014124444444444445,0.2482275783174094
768,K'=8 (2x),2,0.01459972255192432,0.012368333333333332,0.1804114716553824
768,K'=12 (3x),3,0.01156892401988097,0.01061222222222222,0.09015093894805508
768,K'=20 (5x),5,0.009144285194246288,0.009207333333333333,-0.006847600364243568
768,R'=10 (2x),2,0.023682015475061022,0.017626666666666665,0.34353340440966473
768,R'=20 (4x),4,0.023676964138564346,0.017621666666666667,0.34362796586953626
768,K'=8 + R'=10,2,0.014594671215427643,0.012363333333333332,0.18048028164688415
768,Fix temp,1,0.023277611663712762,0.01716,0.3565041762070373
769,K'=6 (1.5x),1.5,0.00996499262430704,0.014124444444444445,-0.2944860476812196
769,K'=8 (2x),2,0.00899151159558047,0.012368333333333332,-0.2730215661840342
769,K'=12 (3x),3,0.008018030566853893,0.01061222222222222,-0.2444531975532924
769,K'=20 (5x),5,0.007239245743872636,0.009207333333333333,-0.21375218189783832
769,R'=10 (2x),2,0.011902029758983685,0.017626666666666665,-0.3247713828110617
769,R'=20 (4x),4,0.011897067297595432,0.017621666666666667,-0.3248614037115995
769,K'=8 + R'=10,2,0.008986549134192216,0.012363333333333332,-0.27312894573802504
769,Fix temp,1,0.011752488444965499,0.01716,-0.3151230509926866
770,K'=6 (1.5x),1.5,0.010853143391440065,0.014124444444444445,-0.23160564409250642
770,K'=8 (2x),2,0.009106637157333713,0.012368333333333332,-0.2637134760274588
770,K'=12 (3x),3,0.007360130923227355,0.01061222222222222,-0.30644771951579725
770,K'=20 (5x),5,0.005962925935942271,0.009207333333333333,-0.3523721016643685
770,R'=10 (2x),2,0.014336559209652724,0.017626666666666665,-0.18665511291682724
770,R'=20 (4x),4,0.014331760884652697,0.017621666666666667,-0.18669663002065467
770,K'=8 + R'=10,2,0.009101838832333686,0.012363333333333332,-0.2638038151253422
770,Fix temp,1,0.014098814701398708,0.01716,-0.17839075166674206
771,K'=6 (1.5x),1.5,0.012216162074984953,0.014124444444444445,-0.13510495063825853
771,K'=8 (2x),2,0.010054447041810516,0.012368333333333332,-0.18708149506989483
771,K'=12 (3x),3,0.007892732008636076,0.01061222222222222,-0.25626020230630625
771,K'=20 (5x),5,0.006163359982096527,0.009207333333333333,-0.3306031443671863
771,R'=10 (2x),2,0.016529754941655737,0.017626666666666665,-0.06223024158534014
771,R'=20 (4x),4,0.016524836341816694,0.017621666666666667,-0.06224327957154866
771,K'=8 + R'=10,2,0.01004952844197147,0.012363333333333332,-0.1871505708839468
771,Fix temp,1,0.015942943539936874,0.01716,-0.07092403613421489
772,K'=6 (1.5x),1.5,0.011741321917080265,0.014124444444444445,-0.16872327522244823
772,K'=8 (2x),2,0.011230432258100971,0.012368333333333332,-0.09200116495612672
772,K'=12 (3x),3,0.010719542599121674,0.01061222222222222,0.010112903278139284
772,K'=20 (5x),5,0.01031083087193824,0.009207333333333333,0.11984985214013186
772,R'=10 (2x),2,0.012753017256177493,0.017626666666666665,-0.2764929695814584
772,R'=20 (4x),4,0.012747975266746812,0.017621666666666667,-0.2765738049703881
772,K'=8 + R'=10,2,0.011225390268670291,0.012363333333333332,-0.09204176850873885
772,Fix temp,1,0.012211857132690207,0.01716,-0.28835331394579217
773,K'=6 (1.5x),1.5,0.018159510004814257,0.014124444444444445,0.2856795944251755
773,K'=8 (2x),2,0.016464223910351617,0.012368333333333332,0.3311594591309758
773,K'=12 (3x),3,0.014768937815888976,0.01061222222222222,0.3916913448120699
773,K'=20 (5x),5,0.013412708940318863,0.009207333333333333,0.4567419745477008
773,R'=10 (2x),2,0.02153990127057779,0.017626666666666665,0.2220065017347461
773,R'=20 (4x),4,0.021534810808996913,0.017621666666666667,0.22206436067323815
773,K'=8 + R'=10,2,0.01645913344877074,0.012363333333333332,0.33128607026994406
773,Fix temp,1,0.021290792763699353,0.01716,0.2407221890267687
774,K'=6 (1.5x),1.5,0.01727541879100953,0.014124444444444445,0.22308660414636378
774,K'=8 (2x),2,0.016729414737662048,0.012368333333333332,0.3526005717015537
774,K'=12 (3x),3,0.01618341068431457,0.01061222222222222,0.5249784960614715
774,K'=20 (5x),5,0.015746607441636588,0.009207333333333333,0.7102245429335228
774,R'=10 (2x),2,0.018357454251178924,0.017626666666666665,0.04145920487021132
774,R'=20 (4x),4,0.018352467927916144,0.017621666666666667,0.041471744703460316
774,K'=8 + R'=10,2,0.016724428414399268,0.012363333333333332,0.3527442772498735
774,Fix temp,1,0.01806468437770367,0.01716,0.052720534831216186
775,K'=6 (1.5x),1.5,0.017719602699698956,0.014124444444444445,0.25453448943746537
775,K'=8 (2x),2,0.01654196127504888,0.012368333333333332,0.33744465234191207
775,K'=12 (3x),3,0.015364319850398798,0.01061222222222222,0.44779477178922833
775,K'=20 (5x),5,0.014422206710678738,0.009207333333333333,0.5663825983649343
775,R'=10 (2x),2,0.02006462782993533,0.017626666666666665,0.13831095858180778
775,R'=20 (4x),4,0.020059498970403437,0.017621666666666667,0.13834289059321495
775,K'=8 + R'=10,2,0.016536832415516987,0.012363333333333332,0.33757069955651026
775,Fix temp,1,0.019711317830670927,0.01716,0.1486781952605434
776,K'=6 (1.5x),1.5,0.010327478461228591,0.014124444444444445,-0.2688223241735579
776,K'=8 (2x),2,0.009672772643947418,0.012368333333333332,-0.2179404950318756
776,K'=12 (3x),3,0.009018066826666246,0.01061222222222222,-0.15021881017698438
776,K'=20 (5x),5,0.008494302172841308,0.009207333333333333,-0.07744165815205546
776,R'=10 (2x),2,0.011626809701185686,0.017626666666666665,-0.3403852287527031
776,R'=20 (4x),4,0.01162176950388306,0.017621666666666667,-0.340484091333601
776,K'=8 + R'=10,2,0.009667732446644792,0.012363333333333332,-0.21803188622447076
776,Fix temp,1,0.010986811775840225,0.01716,-0.3597429035058145
777,K'=6 (1.5x),1.5,0.013730759821731733,0.014124444444444445,-0.02787257398060417
777,K'=8 (2x),2,0.012126257525513622,0.012368333333333332,-0.019572225399787903
777,K'=12 (3x),3,0.010521755229295507,0.01061222222222222,-0.008524792548847507
777,K'=20 (5x),5,0.009238153392321015,0.009207333333333333,0.003347338243539415
777,R'=10 (2x),2,0.016930035713173242,0.017626666666666665,-0.03952142323147258
777,R'=20 (4x),4,0.016925171362675878,0.017621666666666667,-0.0395249392220253
777,K'=8 + R'=10,2,0.01212139317501626,0.012363333333333332,-0.01956916891213852
777,Fix temp,1,0.016342334304955686,0.01716,-0.04764951602822353
778,K'=6 (1.5x),1.5,0.005605672544991733,0.014124444444444445,-0.6031226171733355
778,K'=8 (2x),2,0.004741579994298745,0.012368333333333332,-0.6166354943297065
778,K'=12 (3x),3,0.003877487443605757,0.01061222222222222,-0.6346205947811557
778,K'=20 (5x),5,0.003186213403051367,0.009207333333333333,-0.6539482945060423
778,R'=10 (2x),2,0.007323761208013392,0.017626666666666665,-0.5845067393335821
778,R'=20 (4x),4,0.007318712988831234,0.017621666666666667,-0.5846753245721422
778,K'=8 + R'=10,2,0.004736531775116587,0.012363333333333332,-0.6168887752669248
778,Fix temp,1,0.007164211783752205,0.01716,-0.582505140806981
779,K'=6 (1.5x),1.5,0.006022294723905854,0.014124444444444445,-0.5736260815359291
779,K'=8 (2x),2,0.005275496061267497,0.012368333333333332,-0.5734675061635226
779,K'=12 (3x),3,0.004528697398629141,0.01061222222222222,-0.5732564486685973
779,K'=20 (5x),5,0.003931258468518455,0.009207333333333333,-0.5730296355964316
779,R'=10 (2x),2,0.00750604907189799,0.017626666666666665,-0.5741651434248493
779,R'=20 (4x),4,0.007501127583255701,0.017621666666666667,-0.5743236025769961
779,K'=8 + R'=10,2,0.005270574572625209,0.012363333333333332,-0.5736930785150814
779,Fix temp,1,0.007156615145672768,0.01716,-0.5829478353337548
780,K'=6 (1.5x),1.5,0.02047555854031681,0.014124444444444445,0.4496540816775589
780,K'=8 (2x),2,0.018721387630772503,0.012368333333333332,0.5136548414584966
780,K'=12 (3x),3,0.016967216721228192,0.01061222222222222,0.5988372996655194
780,K'=20 (5x),5,0.015563879993592744,0.009207333333333333,0.6903786829620676
780,R'=10 (2x),2,0.023973289566285916,0.017626666666666665,0.3600580313702298
780,R'=20 (4x),4,0.023967984169726158,0.017621666666666667,0.3601428640722306
780,K'=8 + R'=10,2,0.018716082234212745,0.012363333333333332,0.5138378728131098
780,Fix temp,1,0.02370015414352509,0.01716,0.38112786384178826
781,K'=6 (1.5x),1.5,0.012806307039939376,0.014124444444444445,-0.0933231327922091
781,K'=8 (2x),2,0.011452720241868514,0.012368333333333332,-0.07402881752848546
781,K'=12 (3x),3,0.010099133443797651,0.01061222222222222,-0.04834885358413912
781,K'=20 (5x),5,0.009016264005340962,0.009207333333333333,-0.020751863875791553
781,R'=10 (2x),2,0.015503225778570781,0.017626666666666665,-0.12046752390861673
781,R'=20 (4x),4,0.015498098349815623,0.017621666666666667,-0.12050893692524607
781,K'=8 + R'=10,2,0.011447592813113356,0.012363333333333332,-0.07406906337718872
781,Fix temp,1,0.01475119194710981,0.01716,-0.1403734296556056
782,K'=6 (1.5x),1.5,0.008288347221533255,0.014124444444444445,-0.4131912760085015
782,K'=8 (2x),2,0.007718350005757562,0.012368333333333332,-0.37595876519949634
782,K'=12 (3x),3,0.00714835278998187,0.01061222222222222,-0.32640377855892744
782,K'=20 (5x),5,0.006692355017361315,0.009207333333333333,-0.2731494804111235
782,R'=10 (2x),2,0.009418488362236644,0.017626666666666665,-0.4656682094041238
782,R'=20 (4x),4,0.009413561716812647,0.017621666666666667,-0.4657961761006727
782,K'=8 + R'=10,2,0.007713423360333565,0.012363333333333332,-0.3761048778376733
782,Fix temp,1,0.00923970349533622,0.01716,-0.46155574036502217
783,K'=6 (1.5x),1.5,0.015254087025857614,0.014124444444444445,0.07997784166707461
783,K'=8 (2x),2,0.01395663227924523,0.012368333333333332,0.12841657021252373
783,K'=12 (3x),3,0.012659177532632848,0.01061222222222222,0.19288658563182545
783,K'=20 (5x),5,0.01162121373534294,0.009207333333333333,0.26216932901414886
783,R'=10 (2x),2,0.01783928421330877,0.017626666666666665,0.012062266261844075
783,R'=20 (4x),4,0.017834428060421965,0.017621666666666667,0.012073851910827466
783,K'=8 + R'=10,2,0.013951776126358423,0.012363333333333332,0.12848013963535382
783,Fix temp,1,0.016945675154208806,0.01716,-0.012489792878274817
784,K'=6 (1.5x),1.5,0.0054061907478758445,0.014124444444444445,-0.6172457777620941
784,K'=8 (2x),2,0.00495839192922504,0.012368333333333332,-0.5991058944165174
784,K'=12 (3x),3,0.004510593110574237,0.01061222222222222,-0.5749624333036526
784,K'=20 (5x),5,0.004152354055653593,0.009207333333333333,-0.549016647347738
784,R'=10 (2x),2,0.006291607686274327,0.017626666666666665,-0.6430631040313355
784,R'=20 (4x),4,0.006286517336822763,0.017621666666666667,-0.6432506949689154
784,K'=8 + R'=10,2,0.004953301579773477,0.012363333333333332,-0.5993554936823825
784,Fix temp,1,0.005551290484876204,0.01716,-0.6764982234920628
785,K'=6 (1.5x),1.5,0.013236326299988518,0.014124444444444445,-0.06287809392781105
785,K'=8 (2x),2,0.010153413055061185,0.012368333333333332,-0.17907993086690316
785,K'=12 (3x),3,0.00707049981013385,0.01061222222222222,-0.3337399404124735
785,K'=20 (5x),5,0.004604169214191983,0.009207333333333333,-0.4999454187757603
785,R'=10 (2x),2,0.01939241388841573,0.017626666666666665,0.10017476674068071
785,R'=20 (4x),4,0.019387544437702,0.017621666666666667,0.10021059894270302
785,K'=8 + R'=10,2,0.010148543604347455,0.012363333333333332,-0.17914179528060478
785,Fix temp,1,0.01888056045834779,0.01716,0.10026576097597842
786,K'=6 (1.5x),1.5,0.003646995767028747,0.014124444444444445,-0.74179545387619
786,K'=8 (2x),2,0.0034371201680226077,0.012368333333333332,-0.7221032070053139
786,K'=12 (3x),3,0.0032272445690164687,0.01061222222222222,-0.6958936119657814
786,K'=20 (5x),5,0.0030593440898115574,0.009207333333333333,-0.6677274538616076
786,R'=10 (2x),2,0.0040569982625551,0.017626666666666665,-0.769837466193924
786,R'=20 (4x),4,0.004052123911312138,0.017621666666666667,-0.7700487707569013
786,K'=8 + R'=10,2,0.0034322458167796452,0.012363333333333332,-0.7223850781790526
786,Fix temp,1,0.003259316613240796,0.01716,-0.810063134426527
787,K'=6 (1.5x),1.5,0.02275076051600102,0.014124444444444445,0.6107366633417967
787,K'=8 (2x),2,0.019665228335947874,0.012368333333333332,0.5899659077710181
787,K'=12 (3x),3,0.016579696155894726,0.01061222222222222,0.5623208606748251
787,K'=20 (5x),5,0.014111270411852207,0.009207333333333333,0.5326120930981327
787,R'=10 (2x),2,0.02891167444021851,0.017626666666666665,0.6402235877582363
787,R'=20 (4x),4,0.028906599222274107,0.017621666666666667,0.6404009773351427
787,K'=8 + R'=10,2,0.01966015311800347,0.012363333333333332,0.5901984188193696
787,Fix temp,1,0.02842979852937093,0.01716,0.6567481660472569
788,K'=6 (1.5x),1.5,0.015575109669197876,0.014124444444444445,0.10270600238185087
788,K'=8 (2x),2,0.013666399005342045,0.012368333333333332,0.1049507348342849
788,K'=12 (3x),3,0.011757688341486213,0.01061222222222222,0.1079383841836031
788,K'=20 (5x),5,0.01023071981040155,0.009207333333333333,0.11114906347131465
788,R'=10 (2x),2,0.019382560689730682,0.017626666666666665,0.09961577286671806
788,R'=20 (4x),4,0.019377575536141254,0.017621666666666667,0.09964488051496755
788,K'=8 + R'=10,2,0.013661413851752619,0.012363333333333332,0.10499438002852145
788,Fix temp,1,0.018624377537364456,0.01716,0.0853366863265999
789,K'=6 (1.5x),1.5,0.029710426467105484,0.014124444444444445,1.1034757567963291
789,K'=8 (2x),2,0.026177043652385348,0.012368333333333332,1.116456837546316
789,K'=12 (3x),3,0.022643660837665218,0.01061222222222222,1.1337341381948172
789,K'=20 (5x),5,0.019816954585889116,0.009207333333333333,1.1523012004079123
789,R'=10 (2x),2,0.0367670661669464,0.017626666666666665,1.0858774300461274
789,R'=20 (4x),4,0.03676200320214673,0.017621666666666667,1.0861819655053473
789,K'=8 + R'=10,2,0.02617198068758568,0.012363333333333332,1.116903264026882
789,Fix temp,1,0.03619045764197573,0.01716,1.1090010280871636
790,K'=6 (1.5x),1.5,0.013390200888014332,0.014124444444444445,-0.05198388930043278
790,K'=8 (2x),2,0.01207507301280569,0.012368333333333332,-0.023710577053845255
790,K'=12 (3x),3,0.010759945137597041,0.01061222222222222,0.013920073692528373
790,K'=20 (5x),5,0.009707842837430125,0.009207333333333333,0.05435987663059791
790,R'=10 (2x),2,0.016010783299119685,0.017626666666666665,-0.091672657009095
790,R'=20 (4x),4,0.016005946629463717,0.017621666666666667,-0.09168939963319493
790,K'=8 + R'=10,2,0.012070236343149719,0.012363333333333332,-0.023706955258852542
790,Fix temp,1,0.015452663665738175,0.01716,-0.09949512437423232
791,K'=6 (1.5x),1.5,0.010305859369043251,0.014124444444444445,-0.2703529395737157
791,K'=8 (2x),2,0.009500703160912097,0.012368333333333332,-0.23185259445529458
791,K'=12 (3x),3,0.008695546952780941,0.01061222222222222,-0.18061017092421233
791,K'=20 (5x),5,0.008051421986276017,0.009207333333333333,-0.12554246764071927
791,R'=10 (2x),2,0.011905735685206354,0.017626666666666665,-0.32456113737482856
791,R'=20 (4x),4,0.01190051763515675,0.017621666666666667,-0.32466560284743695
791,K'=8 + R'=10,2,0.009495485110862492,0.012363333333333332,-0.23196399750370772
791,Fix temp,1,0.01174464436220531,0.01716,-0.31558016537265104
792,K'=6 (1.5x),1.5,0.01729793889960115,0.014124444444444445,0.22468101082764586
792,K'=8 (2x),2,0.013999580840263207,0.012368333333333332,0.13188903168817212
792,K'=12 (3x),3,0.010701222780925269,0.01061222222222222,0.0083866090286612
792,K'=20 (5x),5,0.008062536333454917,0.009207333333333333,-0.1243353486219408
792,R'=10 (2x),2,0.02388504427482007,0.017626666666666665,0.35505167973638835
792,R'=20 (4x),4,0.02388023890309159,0.017621666666666667,0.3551634674978675
792,K'=8 + R'=10,2,0.01399477546853473,0.012363333333333332,0.13195811284993778
792,Fix temp,1,0.023696998932360464,0.01716,0.3809439937272996
793,K'=6 (1.5x),1.5,0.007522164402563881,0.014124444444444445,-0.46743644097644016
793,K'=8 (2x),2,0.00673019766603501,0.012368333333333332,-0.45585249971418856
793,K'=12 (3x),3,0.00593823092950614,0.01061222222222222,-0.4404347359904171
793,K'=20 (5x),5,0.005304657540283044,0.009207333333333333,-0.4238660263250622
793,R'=10 (2x),2,0.009095894776555697,0.017626666666666665,-0.483969660936704
793,R'=20 (4x),4,0.009090793227022735,0.017621666666666667,-0.48411274603105636
793,K'=8 + R'=10,2,0.006725096116502048,0.012363333333333332,-0.4560450701130723
793,Fix temp,1,0.00859596851099708,0.01716,-0.4990694340910793
794,K'=6 (1.5x),1.5,0.008645611447846025,0.014124444444444445,-0.38789723858862313
794,K'=8 (2x),2,0.007897164538447403,0.012368333333333332,-0.36150131746820613
794,K'=12 (3x),3,0.007148717629048782,0.01061222222222222,-0.3263693994195472
794,K'=20 (5x),5,0.006549960101529886,0.009207333333333333,-0.28861486117624874
794,R'=10 (2x),2,0.010132792614211003,0.017626666666666665,-0.4251441406461231
794,R'=20 (4x),4,0.01012793628799487,0.017621666666666667,-0.42525661848132773
794,K'=8 + R'=10,2,0.00789230821223127,0.012363333333333332,-0.3616358954787325
794,Fix temp,1,0.009574999620794809,0.01716,-0.4420163391145217
795,K'=6 (1.5x),1.5,0.01979537634372584,0.014124444444444445,0.40149769582703393
795,K'=8 (2x),2,0.01573442578984104,0.012368333333333332,0.2721540862288943
795,K'=12 (3x),3,0.011673475235956242,0.01061222222222222,0.10000290151404238
795,K'=20 (5x),5,0.008424714792848401,0.009207333333333333,-0.08499947945314587
795,R'=10 (2x),2,0.027907584882298022,0.017626666666666665,0.5832593541394492
795,R'=20 (4x),4,0.027902738597699313,0.017621666666666667,0.5834335721762591
795,K'=8 + R'=10,2,0.01572957950524233,0.012363333333333332,0.27227658440892416
795,Fix temp,1,0.02752217155924148,0.01716,0.6038561514709486
796,K'=6 (1.5x),1.5,0.006244784736161094,0.014124444444444445,-0.5578739566909232
796,K'=8 (2x),2,0.005336173796231882,0.012368333333333332,-0.5685616119472943
796,K'=12 (3x),3,0.0044275628563026715,0.01061222222222222,-0.5827864547510831
796,K'=20 (5x),5,0.003700674104359302,0.009207333333333333,-0.598073191185363
796,R'=10 (2x),2,0.008052097978974142,0.017626666666666665,-0.5431865745665199
796,R'=20 (4x),4,0.008047143660451455,0.017621666666666667,-0.5433381068503856
796,K'=8 + R'=10,2,0.005331219477709195,0.012363333333333332,-0.5687878556719442
796,Fix temp,1,0.007530534486473955,0.01716,-0.5611576639583943
797,K'=6 (1.5x),1.5,0.007891108365649152,0.014124444444444445,-0.44131548701351186
797,K'=8 (2x),2,0.00710736264494121,0.012368333333333332,-0.4253580936578997
797,K'=12 (3x),3,0.006323616924233267,0.01061222222222222,-0.4041194396597277
797,K'=20 (5x),5,0.005696620347666913,0.009207333333333333,-0.38129530653099925
797,R'=10 (2x),2,0.009448887163444702,0.017626666666666665,-0.4639436178076001
797,R'=20 (4x),4,0.009444030841634532,0.017621666666666667,-0.4640671044187346
797,K'=8 + R'=10,2,0.007102506323131041,0.012363333333333332,-0.42551849637656713
797,Fix temp,1,0.009327342271677665,0.01716,-0.45644858556656964
798,K'=6 (1.5x),1.5,0.026550330677853635,0.014124444444444445,0.8797433613961824
798,K'=8 (2x),2,0.024076940877119306,0.012368333333333332,0.9466600897819142
798,K'=12 (3x),3,0.021603551076384977,0.01061222222222222,1.0357235858806912
798,K'=20 (5x),5,0.01962483923579752,0.009207333333333333,1.1314357290345578
798,R'=10 (2x),2,0.03148692838481014,0.017626666666666665,0.7863234711503484
798,R'=20 (4x),4,0.03148183743755407,0.017621666666666667,0.7865414227307709
798,K'=8 + R'=10,2,0.024071849929863234,0.012363333333333332,0.9470355834346107
798,Fix temp,1,0.031169769330794652,0.01716,0.8164201241721823
799,K'=6 (1.5x),1.5,0.006843400739894542,0.014124444444444445,-0.515492395696579
799,K'=8 (2x),2,0.006420412221825475,0.012368333333333332,-0.4808991600734018
799,K'=12 (3x),3,0.00599742370375641,0.01061222222222222,-0.4348569434215507
799,K'=20 (5x),5,0.0056590328893011575,0.009207333333333333,-0.3853776457930826
799,R'=10 (2x),2,0.007679076945141786,0.017626666666666665,-0.5643488873784916
799,R'=20 (4x),4,0.007673926529696343,0.017621666666666667,-0.5645175524621389
799,K'=8 + R'=10,2,0.006415261806380032,0.012363333333333332,-0.48110581237152605
799,Fix temp,1,0.0074682799327469174,0.01716,-0.5647855517047251
800,K'=6 (1.5x),1.5,0.014338615760790126,0.014124444444444445,0.01516316745682137
800,K'=8 (2x),2,0.012102898175714357,0.012368333333333332,-0.021460867076052405
800,K'=12 (3x),3,0.009867180590638588,0.01061222222222222,-0.07020599606588519
800,K'=20 (5x),5,0.008078606522577973,0.009207333333333333,-0.1225899801703744
800,R'=10 (2x),2,0.018800055614324702,0.017626666666666665,0.06656896450404896
800,R'=20 (4x),4,0.01879505795601622,0.017621666666666667,0.06658798577600798
800,K'=8 + R'=10,2,0.012097900517405877,0.012363333333333332,-0.021469356909742946
800,Fix temp,1,0.018434947741564785,0.01716,0.07429765393734171
801,K'=6 (1.5x),1.5,0.0056786298225369874,0.014124444444444445,-0.5979572970198798
801,K'=8 (2x),2,0.005337435454782677,0.012368333333333332,-0.5684596047878174
801,K'=12 (3x),3,0.004996241087028368,0.01061222222222222,-0.529199353122654
801,K'=20 (5x),5,0.004723285592824921,0.009207333333333333,-0.48700829851296923
801,R'=10 (2x),2,0.006351439177196077,0.017626666666666665,-0.6396687304919018
801,R'=20 (4x),4,0.006346649486771311,0.017621666666666667,-0.6398382964094594
801,K'=8 + R'=10,2,0.005332645764357912,0.012363333333333332,-0.5686724914242725
801,Fix temp,1,0.005641802666435475,0.01716,-0.6712236208370936
802,K'=6 (1.5x),1.5,0.01984291413998868,0.014124444444444445,0.40486333590228224
802,K'=8 (2x),2,0.01789199582493133,0.012368333333333332,0.4465971560381079
802,K'=12 (3x),3,0.01594107750987397,0.01061222222222222,0.5021432058304445
802,K'=20 (5x),5,0.01438034285782809,0.009207333333333333,0.5618358038333312
802,R'=10 (2x),2,0.023735052959365736,0.017626666666666665,0.346542338844501
802,R'=20 (4x),4,0.023730204053996912,0.017621666666666667,0.3466492416909247
802,K'=8 + R'=10,2,0.017887146919562506,0.012363333333333332,0.44678999079772236
802,Fix temp,1,0.02327639540799139,0.01716,0.3564332988339969
803,K'=6 (1.5x),1.5,0.018904278023219864,0.014124444444444445,0.33840860768548436
803,K'=8 (2x),2,0.017064168813652282,0.012368333333333332,0.3796659868200203
803,K'=12 (3x),3,0.015224059604084697,0.01061222222222222,0.43457791264540147
803,K'=20 (5x),5,0.013751972236430631,0.009207333333333333,0.4935890489208564
803,R'=10 (2x),2,0.02257472813907268,0.017626666666666665,0.2807145313392217
803,R'=20 (4x),4,0.0225698439874315,0.017621666666666667,0.2808007559310413
803,K'=8 + R'=10,2,0.017059284662011103,0.012363333333333332,0.37982890229262106
803,Fix temp,1,0.022025027628265952,0.01716,0.2835097685469668
804,K'=6 (1.5x),1.5,0.02494543530238136,0.014124444444444445,0.7661179808168049
804,K'=8 (2x),2,0.021072927237241405,0.012368333333333332,0.7037806686895088
804,K'=12 (3x),3,0.017200419172101446,0.01061222222222222,0.6208121929527068
804,K'=20 (5x),5,0.014102412719989485,0.009207333333333333,0.5316500673364875
804,R'=10 (2x),2,0.03268062787478392,0.017626666666666665,0.8540446978886493
804,R'=20 (4x),4,0.03267571609584525,0.017621666666666667,0.8542920322999289
804,K'=8 + R'=10,2,0.02106801545830273,0.012363333333333332,0.7040724285496953
804,Fix temp,1,0.0323938854813867,0.01716,0.8877555641833739
805,K'=6 (1.5x),1.5,0.012538740607723963,0.014124444444444445,-0.11226663412904607
805,K'=8 (2x),2,0.011372233571562002,0.012368333333333332,-0.0805362965992182
805,K'=12 (3x),3,0.010205726535400044,0.01061222222222222,-0.038304483105429735
805,K'=20 (5x),5,0.009272520906470474,0.009207333333333333,0.007079962327544144
805,R'=10 (2x),2,0.01486189245670307,0.017626666666666665,-0.15685178952138407
805,R'=20 (4x),4,0.014856961345030662,0.017621666666666667,-0.15689238560310254
805,K'=8 + R'=10,2,0.011367302459889594,0.012363333333333332,-0.0805632952367542
805,Fix temp,1,0.01459449032327596,0.01716,-0.14950522591631946
806,K'=6 (1.5x),1.5,0.012014291596302632,0.014124444444444445,-0.14939722807800748
806,K'=8 (2x),2,0.011707741993840568,0.012368333333333332,-0.05340989134828979
806,K'=12 (3x),3,0.0114011923913785,0.01061222222222222,0.07434542479747161
806,K'=20 (5x),5,0.011155952709408846,0.009207333333333333,0.21163775715829916
806,R'=10 (2x),2,0.012617290140397882,0.017626666666666665,-0.28419307070359967
806,R'=20 (4x),4,0.012612239809983442,0.017621666666666667,-0.2842765642684134
806,K'=8 + R'=10,2,0.011702691663426128,0.012363333333333332,-0.053435562408239774
806,Fix temp,1,0.012273051659074415,0.01716,-0.28478719935463787
807,K'=6 (1.5x),1.5,0.017540082195081776,0.014124444444444445,0.24182457328300802
807,K'=8 (2x),2,0.01514955153830041,0.012368333333333332,0.22486604540900784
807,K'=12 (3x),3,0.012759020881519043,0.01061222222222222,0.20229492130322899
807,K'=20 (5x),5,0.010846596356093948,0.009207333333333333,0.17803884831952227
807,R'=10 (2x),2,0.02231078931205354,0.017626666666666665,0.26574069470802997
807,R'=20 (4x),4,0.022305612213758055,0.017621666666666667,0.26580604636856453
807,K'=8 + R'=10,2,0.015144374440004925,0.012363333333333332,0.22494266163426208
807,Fix temp,1,0.02171202795843032,0.01716,0.2652696945472213
808,K'=6 (1.5x),1.5,0.00889886528216163,0.014124444444444445,-0.36996705837433397
808,K'=8 (2x),2,0.0072053844957678335,0.012368333333333332,-0.4174328665327179
808,K'=12 (3x),3,0.005511903709374038,0.01061222222222222,-0.4806079637277107
808,K'=20 (5x),5,0.004157119080259,0.009207333333333333,-0.5484991224105061
808,R'=10 (2x),2,0.012275649294788022,0.017626666666666665,-0.303575115651209
808,R'=20 (4x),4,0.012270560514707422,0.017621666666666667,-0.3036662906625884
808,K'=8 + R'=10,2,0.007200295715687233,0.012363333333333332,-0.4176088663504529
808,Fix temp,1,0.011879163890952895,0.01716,-0.30774103199575215
809,K'=6 (1.5x),1.5,0.02237090316824107,0.014124444444444445,0.5838430499856013
809,K'=8 (2x),2,0.018169109862555165,0.012368333333333332,0.4690022796837489
809,K'=12 (3x),3,0.013967316556869263,0.01061222222222222,0.31615379553788486
809,K'=20 (5x),5,0.01060588191232054,0.009207333333333333,0.15189507410620592
809,R'=10 (2x),2,0.030764532983053587,0.017626666666666665,0.7453403734712701
809,R'=20 (4x),4,0.030759554584773943,0.017621666666666667,0.7455530834072037
809,K'=8 + R'=10,2,0.01816413146427552,0.012363333333333332,0.4691937016130107
809,Fix temp,1,0.030172421865763136,0.01716,0.7582996425269891
810,K'=6 (1.5x),1.5,0.027497573581074564,0.014124444444444445,0.9468074435940141
810,K'=8 (2x),2,0.024032569409361673,0.012368333333333332,0.9430725839667168
810,K'=12 (3x),3,0.020567565237648782,0.01061222222222222,0.9381016347904834
810,K'=20 (5x),5,0.017795561900278468,0.009207333333333333,0.9327596010728914
810,R'=10 (2x),2,0.03441753082525756,0.017626666666666665,0.9525830649730084
810,R'=20 (4x),4,0.034412505275636156,0.017621666666666667,0.9528519025235688
810,K'=8 + R'=10,2,0.024027543859740277,0.012363333333333332,0.9434519163985128
810,Fix temp,1,0.03401956196420598,0.01716,0.9824919559560594
811,K'=6 (1.5x),1.5,0.004241002336689307,0.014124444444444445,-0.6997402373331988
811,K'=8 (2x),2,0.0038140406303168546,0.012368333333333332,-0.6916285705174352
811,K'=12 (3x),3,0.003387078923944402,0.01061222222222222,-0.6808322655690543
811,K'=20 (5x),5,0.0030455095588464397,0.009207333333333333,-0.669230009538074
811,R'=10 (2x),2,0.005085117006817932,0.017626666666666665,-0.7115100033953519
811,R'=20 (4x),4,0.00508021263550979,0.017621666666666667,-0.7117064616186631
811,K'=8 + R'=10,2,0.0038091362590087136,0.012363333333333332,-0.6919005452406002
811,Fix temp,1,0.004247242610698476,0.01716,-0.7524916893532356
812,K'=6 (1.5x),1.5,0.010354759364879354,0.014124444444444445,-0.2668908567974026
812,K'=8 (2x),2,0.00876704886128369,0.012368333333333332,-0.2911697457525651
812,K'=12 (3x),3,0.007179338357688029,0.01061222222222222,-0.3234839784400349
812,K'=20 (5x),5,0.005909169954811497,0.009207333333333333,-0.35821048930437727
812,R'=10 (2x),2,0.013520068947490088,0.017626666666666665,-0.23297642128460164
812,R'=20 (4x),4,0.013515013235199791,0.017621666666666667,-0.23304568796747618
812,K'=8 + R'=10,2,0.008761993148993393,0.012363333333333332,-0.29129200736100885
812,Fix temp,1,0.012293479778337729,0.01716,-0.28359674951411845
813,K'=6 (1.5x),1.5,0.019831299998406722,0.014124444444444445,0.4040410634491858
813,K'=8 (2x),2,0.01711943465365726,0.012368333333333332,0.3841343204681791
813,K'=12 (3x),3,0.014407569308907795,0.01061222222222222,0.3576392396625503
813,K'=20 (5x),5,0.012238077033108226,0.009207333333333333,0.3291662840969039
813,R'=10 (2x),2,0.025245181982917104,0.017626666666666665,0.43221531673130326
813,R'=20 (4x),4,0.025240257630422834,0.017621666666666667,0.43234224706835334
813,K'=8 + R'=10,2,0.01711451030116299,0.012363333333333332,0.3842957914124825
813,Fix temp,1,0.02459677125823479,0.01716,0.4333782784519108
814,K'=6 (1.5x),1.5,0.008074848834430945,0.014124444444444445,-0.42830680058308285
814,K'=8 (2x),2,0.0062942610151718184,0.012368333333333332,-0.49109869167186476
814,K'=12 (3x),3,0.0045136731959126925,0.01061222222222222,-0.5746721938727438
814,K'=20 (5x),5,0.0030892029405053907,0.009207333333333333,-0.6644845115662815
814,R'=10 (2x),2,0.011626113464938555,0.017626666666666665,-0.34042472778336486
814,R'=20 (4x),4,0.011621157960933232,0.017621666666666667,-0.34051879536934276
814,K'=8 + R'=10,2,0.006289305511166497,0.012363333333333332,-0.4912937035993666
814,Fix temp,1,0.01120109759838321,0.01716,-0.34725538470960327
815,K'=6 (1.5x),1.5,0.009010549740673467,0.014124444444444445,-0.36205988305489933
815,K'=8 (2x),2,0.008556311334813499,0.012368333333333332,-0.3082082197967794
815,K'=12 (3x),3,0.00810207292895353,0.01061222222222222,-0.236533804202892
815,K'=20 (5x),5,0.007738682204265553,0.009207333333333333,-0.15950884755641667
815,R'=10 (2x),2,0.009908843206409971,0.017626666666666665,-0.43784928859247513
815,R'=20 (4x),4,0.009903751533418253,0.017621666666666667,-0.4379787269411755
815,K'=8 + R'=10,2,0.00855121966182178,0.012363333333333332,-0.30834028079090475
815,Fix temp,1,0.009321707006671115,0.01716,-0.4567769809632218
816,K'=6 (1.5x),1.5,0.003968755732056933,0.014124444444444445,-0.7190150913427281
816,K'=8 (2x),2,0.0033829756503691516,0.012368333333333332,-0.7264808799054722
816,K'=12 (3x),3,0.00279719556868137,0.01061222222222222,-0.7364175466638851
816,K'=20 (5x),5,0.0023285715033311448,0.009207333333333333,-0.7470959919631658
816,R'=10 (2x),2,0.005130014320439638,0.017626666666666665,-0.7089628789463139
816,R'=20 (4x),4,0.005124863532943209,0.017621666666666667,-0.7091725981494443
816,K'=8 + R'=10,2,0.0033778248628727227,0.012363333333333332,-0.7267868808676686
816,Fix temp,1,0.004685288205001222,0.01716,-0.7269645568181107
817,K'=6 (1.5x),1.5,0.0221322080695717,0.014124444444444445,0.5669436172604255
817,K'=8 (2x),2,0.019499303268446344,0.012368333333333332,0.5765505944034238
817,K'=12 (3x),3,0.016866398467321,0.01061222222222222,0.5893370977477648
817,K'=20 (5x),5,0.014760074626420717,0.009207333333333333,0.6030781217602691
817,R'=10 (2x),2,0.02738799172748071,0.017626666666666665,0.5537816789417954
817,R'=20 (4x),4,0.02738297875530987,0.017621666666666667,0.5539380736958215
817,K'=8 + R'=10,2,0.0194942902962755,0.012363333333333332,0.5767827147162715
817,Fix temp,1,0.026985341798194534,0.01716,0.5725723658621522
818,K'=6 (1.5x),1.5,0.02972606696665632,0.014124444444444445,1.104583092352949
818,K'=8 (2x),2,0.02513887726080945,0.012368333333333332,1.0325193850539918
818,K'=12 (3x),3,0.020551687554962575,0.01061222222222222,0.9366054653404167
818,K'=20 (5x),5,0.016881935790285074,0.009207333333333333,0.8335315100592001
818,R'=10 (2x),2,0.038890446539211254,0.017626666666666665,1.2063415207570682
818,R'=20 (4x),4,0.03888544661964185,0.017621666666666667,1.2066838146018262
818,K'=8 + R'=10,2,0.025133877341240042,0.012363333333333332,1.032936964780807
818,Fix temp,1,0.038223108334795614,0.01716,1.2274538656640799
819,K'=6 (1.5x),1.5,0.01712552092004788,0.014124444444444445,0.21247394808394365
819,K'=8 (2x),2,0.013893465087043252,0.012368333333333332,0.12330939930278292
819,K'=12 (3x),3,0.01066140925403863,0.01061222222222222,0.004634941747960297
819,K'=20 (5x),5,0.008075764587634931,0.009207333333333333,-0.12289864010915956
819,R'=10 (2x),2,0.023579492992097932,0.017626666666666665,0.33771707595109307
819,R'=20 (4x),4,0.023574423195118335,0.017621666666666667,0.33780893947517265
819,K'=8 + R'=10,2,0.013888395290063655,0.012363333333333332,0.12335362281453138
819,Fix temp,1,0.02320480783412196,0.01716,0.3522615287949859
820,K'=6 (1.5x),1.5,0.019542712289294172,0.014124444444444445,0.38360927158313046
820,K'=8 (2x),2,0.01758017165685079,0.012368333333333332,0.42138566151603235
820,K'=12 (3x),3,0.015617631024407412,0.01061222222222222,0.47166452957456523
820,K'=20 (5x),5,0.01404759851845271,0.009207333333333333,0.5256967473520429
820,R'=10 (2x),2,0.023457780021363575,0.017626666666666665,0.3308120284434707
820,R'=20 (4x),4,0.0234527732549549,0.017621666666666667,0.330905509597365
820,K'=8 + R'=10,2,0.017575164890442117,0.012363333333333332,0.4215555317154585
820,Fix temp,1,0.023251507616980936,0.01716,0.3549829613625253
821,K'=6 (1.5x),1.5,0.016787669964103698,0.014124444444444445,0.18855435554541597
821,K'=8 (2x),2,0.013761340763904652,0.012368333333333332,0.11262693145705323
821,K'=12 (3x),3,0.010735011563705606,0.01061222222222222,0.01157055882473525
821,K'=20 (5x),5,0.008313948203546369,0.009207333333333333,-0.09702973678085919
821,R'=10 (2x),2,0.02283048532572988,0.017626666666666665,0.2952242053175047
821,R'=20 (4x),4,0.022825563806343926,0.017621666666666667,0.2953124263507382
821,K'=8 + R'=10,2,0.013756419244518698,0.012363333333333332,0.11267882808185756
821,Fix temp,1,0.022031245809793126,0.01716,0.28387213343782774
822,K'=6 (1.5x),1.5,0.0372440990454817,0.014124444444444445,1.6368540859765204
822,K'=8 (2x),2,0.03632368524353952,0.012368333333333332,1.9368294227359812
822,K'=12 (3x),3,0.035403271441597356,0.01061222222222222,2.336084629613404
822,K'=20 (5x),5,0.034666940400043623,0.009207333333333333,2.7651444935243963
822,R'=10 (2x),2,0.03907464257509369,0.017626666666666665,1.2167913715068281
822,R'=20 (4x),4,0.039069500537957526,0.017621666666666667,1.2171285654756943
822,K'=8 + R'=10,2,0.03631854320640336,0.012363333333333332,1.9376012299598302
822,Fix temp,1,0.0386974082249822,0.01716,1.255093719404557
823,K'=6 (1.5x),1.5,0.017395856398872943,0.014124444444444445,0.23161349582958216
823,K'=8 (2x),2,0.01509820453739607,0.012368333333333332,0.22071455631823791
823,K'=12 (3x),3,0.012800552675919194,0.01061222222222222,0.20620850259944254
823,K'=20 (5x),5,0.010962431186737695,0.009207333333333333,0.19061956267515331
823,R'=10 (2x),2,0.021981151545259852,0.017626666666666665,0.2470396111153472
823,R'=20 (4x),4,0.021976147256976428,0.017621666666666667,0.24710946317845986
823,K'=8 + R'=10,2,0.015093200249112648,0.012363333333333332,0.2208034712142882
823,Fix temp,1,0.021712694438530404,0.01716,0.2653085337138929
824,K'=6 (1.5x),1.5,0.011061377663640118,0.014124444444444445,-0.21686281487758766
824,K'=8 (2x),2,0.009477880383504413,0.012368333333333332,-0.23369785337519894
824,K'=12 (3x),3,0.007894383103368707,0.01061222222222222,-0.25610461804713247
824,K'=20 (5x),5,0.006627585279260145,0.009207333333333333,-0.28018406205993646
824,R'=10 (2x),2,0.014218469521575981,0.017626666666666665,-0.19335460354145334
824,R'=20 (4x),4,0.014213518170408208,0.017621666666666667,-0.19340670554762845
824,K'=8 + R'=10,2,0.00947292903233664,0.012363333333333332,-0.23378843092451004
824,Fix temp,1,0.014009890573685234,0.01716,-0.1835728103913035
825,K'=6 (1.5x),1.5,0.00438751520925326,0.014124444444444445,-0.6893672366010121
825,K'=8 (2x),2,0.004037296423343146,0.012368333333333332,-0.6735779741266826
825,K'=12 (3x),3,0.0036870776374330317,0.01061222222222222,-0.6525630956245703
825,K'=20 (5x),5,0.00340690260870494,0.009207333333333333,-0.6299794429760762
825,R'=10 (2x),2,0.005077944866302286,0.017626666666666665,-0.7119168948769504
825,R'=20 (4x),4,0.005072940908916685,0.017621666666666667,-0.7121191198950146
825,K'=8 + R'=10,2,0.004032292465957545,0.012363333333333332,-0.6738507037510748
825,Fix temp,1,0.004835915118034995,0.01716,-0.7181867646832754
826,K'=6 (1.5x),1.5,0.006765473826707253,0.014124444444444445,-0.5210095623004619
826,K'=8 (2x),2,0.005403520432205858,0.012368333333333332,-0.5631165261658112
826,K'=12 (3x),3,0.004041567037704463,0.01061222222222222,-0.6191592153770268
826,K'=20 (5x),5,0.0029520043221033477,0.009207333333333333,-0.6793855272496545
826,R'=10 (2x),2,0.00947975005767073,0.017626666666666665,-0.462192697182069
826,R'=20 (4x),4,0.009474934778651075,0.017621666666666667,-0.4623133578747144
826,K'=8 + R'=10,2,0.005398705153186202,0.012363333333333332,-0.563329321661941
826,Fix temp,1,0.009069188024226453,0.01716,-0.47149253938074287
827,K'=6 (1.5x),1.5,0.008971408627698609,0.014124444444444445,-0.36483104429446606
827,K'=8 (2x),2,0.008423651107672098,0.012368333333333332,-0.31893401635854207
827,K'=12 (3x),3,0.007875893587645589,0.01061222222222222,-0.2578469030592576
827,K'=20 (5x),5,0.007437687571624379,0.009207333333333333,-0.19219959760795244
827,R'=10 (2x),2,0.010056300224683175,0.017626666666666665,-0.42948372401570484
827,R'=20 (4x),4,0.010050988503148948,0.017621666666666667,-0.42962327609104617
827,K'=8 + R'=10,2,0.00841833938613787,0.012363333333333332,-0.31908821357741673
827,Fix temp,1,0.009353593086015603,0.01716,-0.45491881783125865
828,K'=6 (1.5x),1.5,0.02267340067000118,0.014124444444444445,0.6052596446665404
828,K'=8 (2x),2,0.021220800731374015,0.012368333333333332,0.715736482795366
828,K'=12 (3x),3,0.01976820079274685,0.01061222222222222,0.8627767473010332
828,K'=20 (5x),5,0.018606120841845125,0.009207333333333333,1.020793661774505
828,R'=10 (2x),2,0.025568239663146534,0.017626666666666665,0.45054309737972026
828,R'=20 (4x),4,0.02556305922109205,0.017621666666666667,0.45066069541806764
828,K'=8 + R'=10,2,0.02121562028931953,0.012363333333333332,0.7160113472083742
828,Fix temp,1,0.02511176165027756,0.01716,0.46338937355929827
829,K'=6 (1.5x),1.5,0.0195072772778935,0.014124444444444445,0.38110049953619807
829,K'=8 (2x),2,0.015377751290775166,0.012368333333333332,0.2433163690156449
829,K'=12 (3x),3,0.011248225303656836,0.01061222222222222,0.05993118765481668
829,K'=20 (5x),5,0.007944604513962172,0.009207333333333333,-0.1371438150066426
829,R'=10 (2x),2,0.027756020933917543,0.017626666666666665,0.5746607942842783
829,R'=20 (4x),4,0.027750866774811235,0.017621666666666667,0.5748151011904606
829,K'=8 + R'=10,2,0.015372597131668858,0.012363333333333332,0.24340230237278454
829,Fix temp,1,0.027525356066249715,0.01716,0.6040417288024308
830,K'=6 (1.5x),1.5,0.00981157500110714,0.014124444444444445,-0.30534789954401936
830,K'=8 (2x),2,0.007670741375828463,0.012368333333333332,-0.37980800087628647
830,K'=12 (3x),3,0.005529907750549785,0.01061222222222222,-0.47891142545337584
830,K'=20 (5x),5,0.003817240850326843,0.009207333333333333,-0.5854129841799822
830,R'=10 (2x),2,0.014083450098458536,0.017626666666666665,-0.20101455568503007
830,R'=20 (4x),4,0.014078554021855557,0.017621666666666667,-0.20106569439957117
830,K'=8 + R'=10,2,0.007665845299225483,0.012363333333333332,-0.37995319769003905
830,Fix temp,1,0.013582581302618161,0.01716,-0.2084742830642098
831,K'=6 (1.5x),1.5,0.007613565486592803,0.014124444444444445,-0.4609653132525549
831,K'=8 (2x),2,0.007250460365399128,0.012368333333333332,-0.41378840867275607
831,K'=12 (3x),3,0.006887355244205453,0.01061222222222222,-0.3509978306161754
831,K'=20 (5x),5,0.006596871147250514,0.009207333333333333,-0.28351989567187236
831,R'=10 (2x),2,0.008329539682207098,0.017626666666666665,-0.5274466897386291
831,R'=20 (4x),4,0.008324421658820571,0.017621666666666667,-0.5276030459384903
831,K'=8 + R'=10,2,0.007245342342012602,0.012363333333333332,-0.4139652999180963
831,Fix temp,1,0.008209407365466532,0.01716,-0.5215963073737453
832,K'=6 (1.5x),1.5,0.004629766403678783,0.014124444444444445,-0.6722160349818357
832,K'=8 (2x),2,0.004060080899501803,0.012368333333333332,-0.6717358119254706
832,K'=12 (3x),3,0.003490395395324823,0.01061222222222222,-0.67109665419408
832,K'=20 (5x),5,0.0030346469919832397,0.009207333333333333,-0.670409782928473
832,R'=10 (2x),2,0.005758705668296,0.017626666666666665,-0.6732958206337367
832,R'=20 (4x),4,0.00575348979642763,0.017621666666666667,-0.6734991130373047
832,K'=8 + R'=10,2,0.004054865027633432,0.012363333333333332,-0.6720249371016366
832,Fix temp,1,0.005196444199558998,0.01716,-0.6971769114476108
833,K'=6 (1.5x),1.5,0.0288134691861896,0.014124444444444445,1.0399718586823976
833,K'=8 (2x),2,0.024615055544510676,0.012368333333333332,0.9901675416664072
833,K'=12 (3x),3,0.02041664190283175,0.01061222222222222,0.9238799824676555
833,K'=20 (5x),5,0.01705791098948861,0.009207333333333333,0.8526440144980754
833,R'=10 (2x),2,0.03720015043014059,0.017626666666666665,1.1104472634346025
833,R'=20 (4x),4,0.037195077410437156,0.017621666666666667,1.1107581997788984
833,K'=8 + R'=10,2,0.024609982524807245,0.012363333333333332,0.9905620807339376
833,Fix temp,1,0.03681413389615518,0.01716,1.1453457981442408
834,K'=6 (1.5x),1.5,0.005937463038728614,0.014124444444444445,-0.5796321007822726
834,K'=8 (2x),2,0.0052790776505457805,0.012368333333333332,-0.5731779288064319
834,K'=12 (3x),3,0.0046206922623629465,0.01061222222222222,-0.5645876833706782
834,K'=20 (5x),5,0.004093983951816679,0.009207333333333333,-0.5553561706085715
834,R'=10 (2x),2,0.0072446029032830475,0.017626666666666665,-0.5889975660013399
834,R'=20 (4x),4,0.00723978744737743,0.017621666666666667,-0.5891542165490912
834,K'=8 + R'=10,2,0.005274262194640163,0.012363333333333332,-0.573394807659194
834,Fix temp,1,0.0069777782721268085,0.01716,-0.5933695645613749
835,K'=6 (1.5x),1.5,0.008971581761289614,0.014124444444444445,-0.364818786566972
835,K'=8 (2x),2,0.007587276042795139,0.012368333333333332,-0.38655630970528443
835,K'=12 (3x),3,0.006202970324300664,0.01061222222222222,-0.4154880858684328
835,K'=20 (5x),5,0.005095525749505084,0.009207333333333333,-0.44657963766145636
835,R'=10 (2x),2,0.011730266021323056,0.017626666666666665,-0.3345159216344711
835,R'=20 (4x),4,0.0117253024328453,0.017621666666666667,-0.3346087714265413
835,K'=8 + R'=10,2,0.007582312454317385,0.012363333333333332,-0.3867096963345334
835,Fix temp,1,0.01156691991948686,0.01716,-0.3259370676289709
836,K'=6 (1.5x),1.5,0.015823624558307884,0.014124444444444445,0.12030066885439705
836,K'=8 (2x),2,0.01254536900739073,0.012368333333333332,0.014313624098428578
836,K'=12 (3x),3,0.009267113456473576,0.01061222222222222,-0.12675090453081145
836,K'=20 (5x),5,0.006644509015739854,0.009207333333333333,-0.27834599061546733
836,R'=10 (2x),2,0.02237021959244088,0.017626666666666665,0.2691123066815932
836,R'=20 (4x),4,0.02236526155859023,0.017621666666666667,0.2691910465482018
836,K'=8 + R'=10,2,0.012540410973540077,0.012363333333333332,0.014322807242389705
836,Fix temp,1,0.022186268402393208,0.01716,0.29290608405554813
837,K'=6 (1.5x),1.5,0.017593674051260094,0.014124444444444445,0.24561883622829483
837,K'=8 (2x),2,0.0159430704875973,0.012368333333333332,0.2890233516451126
837,K'=12 (3x),3,0.0142924669239345,0.01061222222222222,0.3467930302105593
837,K'=20 (5x),5,0.012971984073004263,0.009207333333333333,0.40887525229935523
837,R'=10 (2x),2,0.020884576602012938,0.017626666666666665,0.18482847590844967
837,R'=20 (4x),4,0.020879424313726563,0.017621666666666667,0.18487227733244463
837,K'=8 + R'=10,2,0.015937918199310924,0.012363333333333332,0.2891279212168449
837,Fix temp,1,0.020082827949914516,0.01716,0.17032796910923742
838,K'=6 (1.5x),1.5,0.012129207586440786,0.014124444444444445,-0.14126126275985626
838,K'=8 (2x),2,0.010248544421411614,0.012368333333333332,-0.17138840414405482
838,K'=12 (3x),3,0.008367881256382445,0.01061222222222222,-0.21148642752128552
838,K'=20 (5x),5,0.006863350724359108,0.009207333333333333,-0.2545777940381824
838,R'=10 (2x),2,0.01588052733513026,0.017626666666666665,-0.09906236752286725
838,R'=20 (4x),4,0.015875524044445824,0.017621666666666667,-0.09909066237893749
838,K'=8 + R'=10,2,0.010243541130727181,0.012363333333333332,-0.17145798349470084
838,Fix temp,1,0.015424030244324748,0.01716,-0.10116373867571407
839,K'=6 (1.5x),1.5,0.01242555979494841,0.014124444444444445,-0.1202797502003171
839,K'=8 (2x),2,0.011695947714971474,0.012368333333333332,-0.05436347810498782
839,K'=12 (3x),3,0.010966335634994542,0.01061222222222222,0.03336845058057681
839,K'=20 (5x),5,0.010382645971012995,0.009207333333333333,0.12764962396057442
839,R'=10 (2x),2,0.013874920569829906,0.017626666666666665,-0.21284489959361344
839,R'=20 (4x),4,0.01386998887729372,0.017621666666666667,-0.21290141621335176
839,K'=8 + R'=10,2,0.011691016022435288,0.012363333333333332,-0.054379938870157234
839,Fix temp,1,0.013547994616461813,0.01716,-0.21048982421551216
840,K'=6 (1.5x),1.5,0.013746568495470115,0.014124444444444445,-0.02675333181850979
840,K'=8 (2x),2,0.01306577747695941,0.012368333333333332,0.05638950089956165
840,K'=12 (3x),3,0.012384986458448701,0.01061222222222222,0.16704929458735554
840,K'=20 (5x),5,0.011840353643640136,0.009207333333333333,0.2859699127840275
840,R'=10 (2x),2,0.015098002555507323,0.017626666666666665,-0.14345673853021987
840,R'=20 (4x),4,0.015092928567015218,0.017621666666666667,-0.1435016418983136
840,K'=8 + R'=10,2,0.013060703488467305,0.012363333333333332,0.05640632152606951
840,Fix temp,1,0.014649198302334758,0.01716,-0.14631711524855728
841,K'=6 (1.5x),1.5,0.018603304922652938,0.014124444444444445,0.31709993945780707
841,K'=8 (2x),2,0.015868204549008117,0.012368333333333332,0.2829703179362446
841,K'=12 (3x),3,0.013133104175363298,0.01061222222222222,0.2375451531595613
841,K'=20 (5x),5,0.010945023876447442,0.009207333333333333,0.18872897072414482
841,R'=10 (2x),2,0.02406353284692656,0.017626666666666665,0.365177733373292
841,R'=20 (4x),4,0.024058546435418552,0.017621666666666667,0.3652821206139346
841,K'=8 + R'=10,2,0.01586321813750011,0.012363333333333332,0.2830858563629101
841,Fix temp,1,0.023695869605407347,0.01716,0.38087818213329516
842,K'=6 (1.5x),1.5,0.005719147628008164,0.014124444444444445,-0.5950886669912407
842,K'=8 (2x),2,0.00544918457408601,0.012368333333333332,-0.5594245055313831
842,K'=12 (3x),3,0.005179221520163857,0.01061222222222222,-0.5119569293113316
842,K'=20 (5x),5,0.004963251077026135,0.009207333333333333,-0.4609458681095357
842,R'=10 (2x),2,0.006248573139514386,0.017626666666666665,-0.6455045495736921
842,R'=20 (4x),4,0.006243322841345343,0.017621666666666667,-0.6457019100721455
842,K'=8 + R'=10,2,0.005443934275916967,0.012363333333333332,-0.5596709941291209
842,Fix temp,1,0.005657698014675299,0.01716,-0.6702973184921155
843,K'=6 (1.5x),1.5,0.015660278088195746,0.014124444444444445,0.10873586212839606
843,K'=8 (2x),2,0.013366068917451929,0.012368333333333332,0.08066855551423772
843,K'=12 (3x),3,0.011071859746708107,0.01061222222222222,0.043312090046832515
843,K'=20 (5x),5,0.009236492410113055,0.009207333333333333,0.0031669404945031815
843,R'=10 (2x),2,0.02023925766807372,0.017626666666666665,0.14821809765925054
843,R'=20 (4x),4,0.02023453828726889,0.017621666666666667,0.14827607796853617
843,K'=8 + R'=10,2,0.013361349536647096,0.012363333333333332,0.08072387732384181
843,Fix temp,1,0.01964820928318133,0.01716,0.1450005409779328
844,K'=6 (1.5x),1.5,0.017911201363743343,0.014124444444444445,0.2680995301580403
844,K'=8 (2x),2,0.014415039626764837,0.012368333333333332,0.16547955478492163
844,K'=12 (3x),3,0.010918877889786332,0.01061222222222222,0.028896461188116427
844,K'=20 (5x),5,0.00812194850020353,0.009207333333333333,-0.11788264786725831
844,R'=10 (2x),2,0.024893411598304133,0.017626666666666665,0.4122586005089335
844,R'=20 (4x),4,0.02488835497860602,0.017621666666666667,0.41237236235350533
844,K'=8 + R'=10,2,0.014409983007066725,0.012363333333333332,0.16554189865732488
844,Fix temp,1,0.024320046461366766,0.01716,0.4172521247882729
845,K'=6 (1.5x),1.5,0.00591933097702964,0.014124444444444445,-0.5809158370573729
845,K'=8 (2x),2,0.005814951476581914,0.012368333333333332,-0.5298516526143177
845,K'=12 (3x),3,0.005710571976134188,0.01061222222222222,-0.46188726012765474
845,K'=20 (5x),5,0.0056270683757760065,0.009207333333333333,-0.3888492821907168
845,R'=10 (2x),2,0.006118588783523065,0.017626666666666665,-0.652878851161702
845,R'=20 (4x),4,0.006113838186322052,0.017621666666666667,-0.6530499468652955
845,K'=8 + R'=10,2,0.005810200879380901,0.012363333333333332,-0.5300457633285871
845,Fix temp,1,0.005744558929396752,0.01716,-0.665235493624898
846,K'=6 (1.5x),1.5,0.011620432049322598,0.014124444444444445,-0.1772821865646367
846,K'=8 (2x),2,0.011348174955685958,0.012368333333333332,-0.08248147508266059
846,K'=12 (3x),3,0.011075917862049318,0.01061222222222222,0.043694490194156416
846,K'=20 (5x),5,0.010858112187140008,0.009207333333333333,0.17928957213163513
846,R'=10 (2x),2,0.01215512452496368,0.017626666666666665,-0.31041275387876244
846,R'=20 (4x),4,0.012150213669147585,0.017621666666666667,-0.31049577210928303
846,K'=8 + R'=10,2,0.011343264099869863,0.012363333333333332,-0.0825076220110652
846,Fix temp,1,0.011977878021476044,0.01716,-0.30198846028694387
847,K'=6 (1.5x),1.5,0.010349949599011166,0.014124444444444445,-0.2672313845885739
847,K'=8 (2x),2,0.008971560007609989,0.012368333333333332,-0.27463468473709823
847,K'=12 (3x),3,0.007593170416208811,0.01061222222222222,-0.2844881819089173
847,K'=20 (5x),5,0.00649045874308787,0.009207333333333333,-0.2950772489586702
847,R'=10 (2x),2,0.01309691845899573,0.017626666666666665,-0.2569826895426023
847,R'=20 (4x),4,0.013092013297586833,0.017621666666666667,-0.25705022429281194
847,K'=8 + R'=10,2,0.008966654846201093,0.012363333333333332,-0.27473808200045075
847,Fix temp,1,0.012593448021414676,0.01716,-0.2661160826681425
848,K'=6 (1.5x),1.5,0.008401323619599325,0.014124444444444445,-0.4051926323442894
848,K'=8 (2x),2,0.008075119347335008,0.012368333333333332,-0.3471133798139057
848,K'=12 (3x),3,0.0077489150750706904,0.01061222222222222,-0.26981221154186763
848,K'=20 (5x),5,0.007487951657259236,0.009207333333333333,-0.18674046152423035
848,R'=10 (2x),2,0.009043781611330586,0.017626666666666665,-0.48692615669455824
848,R'=20 (4x),4,0.009038806334931898,0.017621666666666667,-0.48706291488138287
848,K'=8 + R'=10,2,0.00807014407093632,0.012363333333333332,-0.34725176023701904
848,Fix temp,1,0.008352896344212829,0.01716,-0.5132344787754762
849,K'=6 (1.5x),1.5,0.010737801349777568,0.014124444444444445,-0.23977177353683046
849,K'=8 (2x),2,0.010464141700610805,0.012368333333333332,-0.15395701113509178
849,K'=12 (3x),3,0.010190482051444042,0.01061222222222222,-0.039740985624579686
849,K'=20 (5x),5,0.009971554332110635,0.009207333333333333,0.08300133937918706
849,R'=10 (2x),2,0.011275426483594532,0.017626666666666665,-0.3603199801289032
849,R'=20 (4x),4,0.011270579401336253,0.017621666666666667,-0.36041354007360715
849,K'=8 + R'=10,2,0.010459294618352526,0.012363333333333332,-0.1540069060378112
849,Fix temp,1,0.011026810104935893,0.01716,-0.35741199854685946
850,K'=6 (1.5x),1.5,0.006705531852512015,0.014124444444444445,-0.5252534088057887
850,K'=8 (2x),2,0.006026407275872815,0.012368333333333332,-0.5127551050365599
850,K'=12 (3x),3,0.005347282699233617,0.01061222222222222,-0.49612036129093745
850,K'=20 (5x),5,0.004803983037922259,0.009207333333333333,-0.47824382326526765
850,R'=10 (2x),2,0.008053772224521989,0.017626666666666665,-0.5430915908932306
850,R'=20 (4x),4,0.008048767833887777,0.017621666666666667,-0.5432459377345441
850,K'=8 + R'=10,2,0.006021402885238603,0.012363333333333332,-0.5129628294495602
850,Fix temp,1,0.007022977103509129,0.01716,-0.5907356000286056
851,K'=6 (1.5x),1.5,0.010256263637307785,0.014124444444444445,-0.27386427992628964
851,K'=8 (2x),2,0.009418769712377113,0.012368333333333332,-0.23847704791453062
851,K'=12 (3x),3,0.008581275787446439,0.01061222222222222,-0.1913780537428755
851,K'=20 (5x),5,0.0079112806475019,0.009207333333333333,-0.1407630894755737
851,R'=10 (2x),2,0.01192114082777775,0.017626666666666665,-0.3236871693772078
851,R'=20 (4x),4,0.011916085498082056,0.017621666666666667,-0.32378215276182415
851,K'=8 + R'=10,2,0.00941371438268142,0.012363333333333332,-0.23857796850783872
851,Fix temp,1,0.011722768483354117,0.01716,-0.3168549834875224
852,K'=6 (1.5x),1.5,0.007692140587172905,0.014124444444444445,-0.4554022554707666
852,K'=8 (2x),2,0.006771692482041795,0.012368333333333332,-0.45249757590283285
852,K'=12 (3x),3,0.005851244376910683,0.01061222222222222,-0.448631563268808
852,K'=20 (5x),5,0.005114885892805793,0.009207333333333333,-0.4444769503143371
852,R'=10 (2x),2,0.009522936080284788,0.017626666666666665,-0.45974265807764053
852,R'=20 (4x),4,0.009517885721709616,0.017621666666666667,-0.4598759639623788
852,K'=8 + R'=10,2,0.006766642123466623,0.012363333333333332,-0.45268464895120325
852,Fix temp,1,0.009228630381984642,0.01716,-0.46220102669087176
853,K'=6 (1.5x),1.5,0.014994319577105349,0.014124444444444445,0.06158650246969899
853,K'=8 (2x),2,0.013862606205556882,0.012368333333333332,0.1208144082110403
853,K'=12 (3x),3,0.012730892834008415,0.01061222222222222,0.1996443880858104
853,K'=20 (5x),5,0.01182552213676964,0.009207333333333333,0.28435907647197606
853,R'=10 (2x),2,0.01724766970599478,0.017626666666666665,-0.02150134043146097
853,R'=20 (4x),4,0.01724263139889103,0.017621666666666667,-0.021509615120153498
853,K'=8 + R'=10,2,0.013857567898453133,0.012363333333333332,0.12086016973198711
853,Fix temp,1,0.017132696493846567,0.01716,-0.001591113412204807
854,K'=6 (1.5x),1.5,0.00441330865425408,0.014124444444444445,-0.6875410801739559
854,K'=8 (2x),2,0.0035320376162147954,0.012368333333333332,-0.714428975915796
854,K'=12 (3x),3,0.0026507665781755102,0.01061222222222222,-0.7502156925601551
854,K'=20 (5x),5,0.0019457497477440822,0.009207333333333333,-0.7886739105339133
854,R'=10 (2x),2,0.0061654721438854755,0.017626666666666665,-0.6502190538642885
854,R'=20 (4x),4,0.006160282850661889,0.017621666666666667,-0.6504142901355214
854,K'=8 + R'=10,2,0.0035268483229912084,0.012363333333333332,-0.7147332173369204
854,Fix temp,1,0.005757280287254605,0.01716,-0.6644941557543936
855,K'=6 (1.5x),1.5,0.008223626865841684,0.014124444444444445,-0.4177734283151734
855,K'=8 (2x),2,0.0075588128204248095,0.012368333333333332,-0.3888576078352127
855,K'=12 (3x),3,0.006893998775007936,0.01061222222222222,-0.350371804260586
855,K'=20 (5x),5,0.006362147538674436,0.009207333333333333,-0.3090130107876581
855,R'=10 (2x),2,0.009543614663485016,0.017626666666666665,-0.45856951606552476
855,R'=20 (4x),4,0.009538794516889807,0.017621666666666667,-0.45868942493768244
855,K'=8 + R'=10,2,0.007553992673829601,0.012363333333333332,-0.3890003229579723
855,Fix temp,1,0.009406512038400127,0.01716,-0.4518349627971954
856,K'=6 (1.5x),1.5,0.008461886104687323,0.014124444444444445,-0.40090485413636007
856,K'=8 (2x),2,0.006775604141343825,0.012368333333333332,-0.4521813118439165
856,K'=12 (3x),3,0.005089322178000327,0.01061222222222222,-0.5204282315778144
856,K'=20 (5x),5,0.003740296607325528,0.009207333333333333,-0.5937698276020351
856,R'=10 (2x),2,0.011824240822543974,0.017626666666666665,-0.3291845221703494
856,R'=20 (4x),4,0.011819136218128799,0.017621666666666667,-0.32928386164028384
856,K'=8 + R'=10,2,0.006770499536928651,0.012363333333333332,-0.45237264462696264
856,Fix temp,1,0.011087456188999657,0.01716,-0.35387784446388953
857,K'=6 (1.5x),1.5,0.011975347849030524,0.014124444444444445,-0.15215441597486853
857,K'=8 (2x),2,0.011251708126634678,0.012368333333333332,-0.09028097615135328
857,K'=12 (3x),3,0.010528068404238831,0.01061222222222222,-0.00792989594650303
857,K'=20 (5x),5,0.009949156626322155,0.009207333333333333,0.08056874516568187
857,R'=10 (2x),2,0.013412838432675697,0.017626666666666665,-0.23905984686030457
857,R'=20 (4x),4,0.013407944002102438,0.017621666666666667,-0.23912168719744042
857,K'=8 + R'=10,2,0.011246813696061418,0.012363333333333332,-0.09030894882220927
857,Fix temp,1,0.013144637577526853,0.01716,-0.23399547916510186
858,K'=6 (1.5x),1.5,0.01296655614846441,0.014124444444444445,-0.08197761692747257
858,K'=8 (2x),2,0.010326064842695855,0.012368333333333332,-0.16512075116325106
858,K'=12 (3x),3,0.0076855735369273015,0.01061222222222222,-0.2757809461590857
858,K'=20 (5x),5,0.005573180492312459,0.009207333333333333,-0.39470199562170094
858,R'=10 (2x),2,0.01823712893325105,0.017626666666666665,0.0346328819923063
858,R'=20 (4x),4,0.018231924019875816,0.017621666666666667,0.03463108029182723
858,K'=8 + R'=10,2,0.010320859929320624,0.012363333333333332,-0.16520410385651457
858,Fix temp,1,0.01785957697030314,0.01716,0.04076788871230401
859,K'=6 (1.5x),1.5,0.008781453788617903,0.014124444444444445,-0.3782797034490157
859,K'=8 (2x),2,0.008373590002125307,0.012368333333333332,-0.3229815387043276
859,K'=12 (3x),3,0.007965726215632714,0.01061222222222222,-0.24938188733436878
859,K'=20 (5x),5,0.007639435186438639,0.009207333333333333,-0.17028797482745936
859,R'=10 (2x),2,0.009587026257183787,0.017626666666666665,-0.45610667981181235
859,R'=20 (4x),4,0.009581948704974134,0.017621666666666667,-0.4562404972113421
859,K'=8 + R'=10,2,0.008368512449915655,0.012363333333333332,-0.3231184321987876
859,Fix temp,1,0.009356854933395147,0.01716,-0.4547287334851313
860,K'=6 (1.5x),1.5,0.028358410707740422,0.014124444444444445,1.0077540620646932
860,K'=8 (2x),2,0.022814222457149695,0.012368333333333332,0.8445672381471255
860,K'=12 (3x),3,0.01727003420655896,0.01061222222222222,0.6273720852165289
860,K'=20 (5x),5,0.012834683606086379,0.009207333333333333,0.39396317494240596
860,R'=10 (2x),2,0.03943684426373451,0.017626666666666665,1.2373398788049081
860,R'=20 (4x),4,0.03943187279114082,0.017621666666666667,1.237692582491676
860,K'=8 + R'=10,2,0.022809250984556006,0.012363333333333332,0.844911106866218
860,Fix temp,1,0.03915455807693683,0.01716,1.2817341536676472
861,K'=6 (1.5x),1.5,0.0052620132753499835,0.014124444444444445,-0.6274534339352592
861,K'=8 (2x),2,0.004825805014470191,0.012368333333333332,-0.6098257635517969
861,K'=12 (3x),3,0.004389596753590399,0.01061222222222222,-0.5863640374587624
861,K'=20 (5x),5,0.004040630144886566,0.009207333333333333,-0.5611508784787598
861,R'=10 (2x),2,0.006124426895438945,0.017626666666666665,-0.6525476420893186
861,R'=20 (4x),4,0.006119425444603634,0.017621666666666667,-0.65273287933773
861,K'=8 + R'=10,2,0.00482080356363488,0.012363333333333332,-0.6100725076596214
861,Fix temp,1,0.005753996310758637,0.01716,-0.6646855296760702
862,K'=6 (1.5x),1.5,0.029650145128830435,0.014124444444444445,1.0992078835704366
862,K'=8 (2x),2,0.02384127616633204,0.012368333333333332,0.9276062120737402
862,K'=12 (3x),3,0.018032407203833648,0.01061222222222222,0.6992112326929416
862,K'=20 (5x),5,0.013385312033834936,0.009207333333333333,0.4537664217473322
862,R'=10 (2x),2,0.04125744191681388,0.017626666666666665,1.3406264324970054
862,R'=20 (4x),4,0.041252221348307215,0.017621666666666667,1.340994307101516
862,K'=8 + R'=10,2,0.02383605559782537,0.012363333333333332,0.9279635155965522
862,Fix temp,1,0.04094392400810692,0.01716,1.386009557581988
863,K'=6 (1.5x),1.5,0.02252023234474515,0.014124444444444445,0.5944154429098989
863,K'=8 (2x),2,0.021449765087829697,0.012368333333333332,0.7342486258857054
863,K'=12 (3x),3,0.020379297830914245,0.01061222222222222,0.9203610143254971
863,K'=20 (5x),5,0.019522924025381885,0.009207333333333333,1.120366811821941
863,R'=10 (2x),2,0.02465114758865852,0.017626666666666665,0.39851442447003715
863,R'=20 (4x),4,0.024646137953699753,0.017621666666666667,0.3986269528251065
863,K'=8 + R'=10,2,0.02144475545287093,0.012363333333333332,0.734544792629086
863,Fix temp,1,0.02437957467079571,0.01716,0.42072113466175465
864,K'=6 (1.5x),1.5,0.003005143375163971,0.014124444444444445,-0.7872381184984601
864,K'=8 (2x),2,0.0026491332538206625,0.012368333333333332,-0.7858132391466922
864,K'=12 (3x),3,0.002293123132477354,0.01061222222222222,-0.7839167815695092
864,K'=20 (5x),5,0.002008315035402707,0.009207333333333333,-0.7818787522189515
864,R'=10 (2x),2,0.0037067983833031217,0.017626666666666665,-0.7897050841545127
864,R'=20 (4x),4,0.0037016157660293885,0.017621666666666667,-0.7899395195670451
864,K'=8 + R'=10,2,0.0026439506365469293,0.012363333333333332,-0.7861458099314967
864,Fix temp,1,0.0032011351703164683,0.01716,-0.8134536614034692
865,K'=6 (1.5x),1.5,0.008237186855256812,0.014124444444444445,-0.41681339130497713
865,K'=8 (2x),2,0.00755603028735873,0.012368333333333332,-0.3890825801892955
865,K'=12 (3x),3,0.006874873719460648,0.01061222222222222,-0.35217397680718415
865,K'=20 (5x),5,0.006329948465142183,0.009207333333333333,-0.3125101225318026
865,R'=10 (2x),2,0.009589681003533083,0.017626666666666665,-0.455956070147518
865,R'=20 (4x),4,0.009584771509773136,0.017621666666666667,-0.4560803077779361
865,K'=8 + R'=10,2,0.007551120793598784,0.012363333333333332,-0.3892326130817915
865,Fix temp,1,0.009396177984733009,0.01716,-0.4524371803768643
866,K'=6 (1.5x),1.5,0.02387907726723787,0.014124444444444445,0.690620637233644
866,K'=8 (2x),2,0.019703251208832998,0.012368333333333332,0.5930401192965638
866,K'=12 (3x),3,0.01552742515042813,0.01061222222222222,0.46316434251757077
866,K'=20 (5x),5,0.012186764303704233,0.009207333333333333,0.3235932557784628
866,R'=10 (2x),2,0.03222067812778945,0.017626666666666665,0.8279507258579492
866,R'=20 (4x),4,0.03221565249966037,0.017621666666666667,0.8281841955732737
866,K'=8 + R'=10,2,0.01969822558070392,0.012363333333333332,0.593277884661951
866,Fix temp,1,0.031838714157574034,0.01716,0.8554029229355496
867,K'=6 (1.5x),1.5,0.004706169714334422,0.014124444444444445,-0.6668067382865811
867,K'=8 (2x),2,0.0038444462950594166,0.012368333333333332,-0.6891702227414567
867,K'=12 (3x),3,0.0029827228757844117,0.01061222222222222,-0.7189351284466579
867,K'=20 (5x),5,0.0022933441403644077,0.009207333333333333,-0.7509220034359125
867,R'=10 (2x),2,0.006419952976633101,0.017626666666666665,-0.6357817902817833
867,R'=20 (4x),4,0.006415121188507436,0.017621666666666667,-0.6359526422865354
867,K'=8 + R'=10,2,0.0038396145069337514,0.012363333333333332,-0.6894353324130155
867,Fix temp,1,0.005896365970715862,0.01716,-0.6563889294454626
868,K'=6 (1.5x),1.5,0.008492230023447627,0.014124444444444445,-0.3987565276036136
868,K'=8 (2x),2,0.008153251417429798,0.012368333333333332,-0.3407962740253498
868,K'=12 (3x),3,0.007814272811411968,0.01061222222222222,-0.2636534886115829
868,K'=20 (5x),5,0.007543089926597703,0.009207333333333333,-0.18075194483407753
868,R'=10 (2x),2,0.009160050211266719,0.017626666666666665,-0.48032998045007264
868,R'=20 (4x),4,0.009154981699158434,0.017621666666666667,-0.4804701579972515
868,K'=8 + R'=10,2,0.008148182905321513,0.012363333333333332,-0.34093964098235263
868,Fix temp,1,0.00839673296409025,0.01716,-0.5106798971975379
869,K'=6 (1.5x),1.5,0.006576217352515579,0.014124444444444445,-0.5344087777482677
869,K'=8 (2x),2,0.00640554488821552,0.012368333333333332,-0.48210120833724396
869,K'=12 (3x),3,0.006234872423915462,0.01061222222222222,-0.4124819200582226
869,K'=20 (5x),5,0.006098334452475415,0.009207333333333333,-0.33766550729758
869,R'=10 (2x),2,0.006907393936422841,0.017626666666666665,-0.6081281806114123
869,R'=20 (4x),4,0.006902309764076413,0.017621666666666667,-0.60830550851737
869,K'=8 + R'=10,2,0.0064004607158690925,0.012363333333333332,-0.48230298874070426
869,Fix temp,1,0.006450107335437261,0.01716,-0.6241196191470127
870,K'=6 (1.5x),1.5,0.012641358331261312,0.014124444444444445,-0.10500137679867995
870,K'=8 (2x),2,0.010244927861541771,0.012368333333333332,-0.17168080893072857
870,K'=12 (3x),3,0.007848497391822227,0.01061222222222222,-0.26042847318186524
870,K'=20 (5x),5,0.005931353016046593,0.009207333333333333,-0.3558012074382818
870,R'=10 (2x),2,0.017423866753923503,0.017626666666666665,-0.011505290057289846
870,R'=20 (4x),4,0.01741869049553505,0.017621666666666667,-0.011518556954409327
870,K'=8 + R'=10,2,0.010239751603153322,0.012363333333333332,-0.17176449691399379
870,Fix temp,1,0.016971888982269607,0.01716,-0.010962180520419274
871,K'=6 (1.5x),1.5,0.022623864180467065,0.014124444444444445,0.6017524986170829
871,K'=8 (2x),2,0.019157235658133362,0.012368333333333332,0.5488938680609108
871,K'=12 (3x),3,0.015690607135799662,0.01061222222222222,0.478541139380138
871,K'=20 (5x),5,0.0129173043179327,0.009207333333333333,0.40293653442176897
871,R'=10 (2x),2,0.029547207041296906,0.017626666666666665,0.6762787655803844
871,R'=20 (4x),4,0.029542249949378124,0.017621666666666667,0.6764730889649933
871,K'=8 + R'=10,2,0.01915227856621458,0.012363333333333332,0.5491193232311606
871,Fix temp,1,0.02888452966800118,0.01716,0.6832476496504183
872,K'=6 (1.5x),1.5,0.022775487988500376,0.014124444444444445,0.6124873497207629
872,K'=8 (2x),2,0.0217784107891411,0.012368333333333332,0.7608201689104787
872,K'=12 (3x),3,0.020781333589781834,0.01061222222222222,0.9582452340910536
872,K'=20 (5x),5,0.01998367183029442,0.009207333333333333,1.1704082068960708
872,R'=10 (2x),2,0.024759771340795413,0.017626666666666665,0.40467689149747055
872,R'=20 (4x),4,0.024754835817583663,0.017621666666666667,0.40479537411805516
872,K'=8 + R'=10,2,0.021773475265929352,0.012363333333333332,0.7611330762412527
872,Fix temp,1,0.024406632324565938,0.01716,0.42229792101200087
873,K'=6 (1.5x),1.5,0.0039007232023712886,0.014124444444444445,-0.7238317430668534
873,K'=8 (2x),2,0.003276015935938995,0.012368333333333332,-0.735128747936478
873,K'=12 (3x),3,0.002651308669506702,0.01061222222222222,-0.7501646107678743
873,K'=20 (5x),5,0.0021515428563608674,0.009207333333333333,-0.7663229103945188
873,R'=10 (2x),2,0.005140396411198862,0.017626666666666665,-0.7083738798487786
873,R'=20 (4x),4,0.005135525749180354,0.017621666666666667,-0.708567535277763
873,K'=8 + R'=10,2,0.0032711452739204883,0.012363333333333332,-0.7354155885208556
873,Fix temp,1,0.0043785740928818494,0.01716,-0.7448383395756498
874,K'=6 (1.5x),1.5,0.009881758577209758,0.014124444444444445,-0.3003789553580253
874,K'=8 (2x),2,0.007798534263209145,0.012368333333333332,-0.3694757367032088
874,K'=12 (3x),3,0.00571530994920853,0.01061222222222222,-0.46144079632628227
874,K'=20 (5x),5,0.004048730498008039,0.009207333333333333,-0.5602711065808371
874,R'=10 (2x),2,0.014038019075817101,0.017626666666666665,-0.2035919586336742
874,R'=20 (4x),4,0.014032925011120157,0.017621666666666667,-0.2036550641566165
874,K'=8 + R'=10,2,0.007793440198512202,0.012363333333333332,-0.3696327690607547
874,Fix temp,1,0.013652170374070207,0.01716,-0.20441897587003463
875,K'=6 (1.5x),1.5,0.0053402964730160105,0.014124444444444445,-0.6219110426593447
875,K'=8 (2x),2,0.004445831684404642,0.012368333333333332,-0.64054722939728
875,K'=12 (3x),3,0.0035513668957932736,0.01061222222222222,-0.6653512505272803
875,K'=20 (5x),5,0.002835795064904179,0.009207333333333333,-0.6920069077288922
875,R'=10 (2x),2,0.00711928087695003,0.017626666666666665,-0.5961073632592645
875,R'=20 (4x),4,0.007114308290305671,0.017621666666666667,-0.5962749480579398
875,K'=8 + R'=10,2,0.004440859097760283,0.012363333333333332,-0.6408040632709396
875,Fix temp,1,0.0067004174007645025,0.01716,-0.6095327855032342
876,K'=6 (1.5x),1.5,0.009962380212195225,0.014124444444444445,-0.2946710044858636
876,K'=8 (2x),2,0.009482069864865156,0.012368333333333332,-0.23335912694797273
876,K'=12 (3x),3,0.009001759517535088,0.01061222222222222,-0.15175546374394516
876,K'=20 (5x),5,0.008617511239671034,0.009207333333333333,-0.06406003479063413
876,R'=10 (2x),2,0.01091341600250485,0.017626666666666665,-0.3808576397973799
876,R'=20 (4x),4,0.010908623550329595,0.017621666666666667,-0.38095392696512276
876,K'=8 + R'=10,2,0.009477277412689902,0.012363333333333332,-0.23343671506956834
876,Fix temp,1,0.010147988932468856,0.01716,-0.4086253535857311
877,K'=6 (1.5x),1.5,0.014187517519404565,0.014124444444444445,0.004465526074898364
877,K'=8 (2x),2,0.013759718777514541,0.012368333333333332,0.11249579120182263
877,K'=12 (3x),3,0.013331920035624514,0.01061222222222222,0.2562797646384739
877,K'=20 (5x),5,0.012989681042112493,0.009207333333333333,0.4107973038280169
877,R'=10 (2x),2,0.015033070026364113,0.017626666666666665,-0.14714050531217204
877,R'=20 (4x),4,0.015028047537953861,0.017621666666666667,-0.1471835313749819
877,K'=8 + R'=10,2,0.01375469628910429,0.012363333333333332,0.11253946797823867
877,Fix temp,1,0.014619249200374388,0.01716,-0.14806240091058354
878,K'=6 (1.5x),1.5,0.005450787761116574,0.014124444444444445,-0.6140883429039556
878,K'=8 (2x),2,0.004902749742084619,0.012368333333333332,-0.6036046563467495
878,K'=12 (3x),3,0.004354711723052666,0.01061222222222222,-0.589651287745011
878,K'=20 (5x),5,0.003916281307827101,0.009207333333333333,-0.5746562912359241
878,R'=10 (2x),2,0.006537417779028779,0.017626666666666665,-0.6291177508115291
878,R'=20 (4x),4,0.006532694768952928,0.017621666666666667,-0.6292805389793099
878,K'=8 + R'=10,2,0.004898026732008768,0.012363333333333332,-0.603826363008188
878,Fix temp,1,0.006136842162079744,0.01716,-0.6423751653799683
879,K'=6 (1.5x),1.5,0.00887832297326701,0.014124444444444445,-0.37142143833068686
879,K'=8 (2x),2,0.00787463686663592,0.012368333333333332,-0.36332271661749727
879,K'=12 (3x),3,0.00687095076000483,0.01061222222222222,-0.35254364108424796
879,K'=20 (5x),5,0.006068001874699959,0.009207333333333333,-0.3409599006552792
879,R'=10 (2x),2,0.010876011517765433,0.017626666666666665,-0.38297967940059946
879,R'=20 (4x),4,0.010871169683383555,0.017621666666666667,-0.3830793710365901
879,K'=8 + R'=10,2,0.007869795032254042,0.012363333333333332,-0.36345685907893965
879,Fix temp,1,0.010395418331956912,0.01716,-0.3942063909116019
880,K'=6 (1.5x),1.5,0.01209714181338475,0.014124444444444445,-0.14353149527641004
880,K'=8 (2x),2,0.011026645084307044,0.012368333333333332,-0.10847769160703044
880,K'=12 (3x),3,0.009956148355229337,0.01061222222222222,-0.06182247725825521
880,K'=20 (5x),5,0.00909975097196717,0.009207333333333333,-0.011684421261982788
880,R'=10 (2x),2,0.014227917786082565,0.017626666666666665,-0.1928185824839694
880,R'=20 (4x),4,0.014222809043353763,0.017621666666666667,-0.19287946410552753
880,K'=8 + R'=10,2,0.011021536341578242,0.012363333333333332,-0.10853035792033626
880,Fix temp,1,0.014006989859011405,0.01716,-0.18374184970796018
881,K'=6 (1.5x),1.5,0.02331981081704913,0.014124444444444445,0.6510249949137993
881,K'=8 (2x),2,0.01899430392466173,0.012368333333333332,0.5357205706504568
881,K'=12 (3x),3,0.014668797032274328,0.01061222222222222,0.38225498157752036
881,K'=20 (5x),5,0.011208391518364407,0.009207333333333333,0.21733308794052644
881,R'=10 (2x),2,0.03196065482237467,0.017626666666666665,0.8131990254751139
881,R'=20 (4x),4,0.031955569932650044,0.017621666666666667,0.813424946523222
881,K'=8 + R'=10,2,0.0189892190349371,0.012363333333333332,0.5359303614130846
881,Fix temp,1,0.03158944295969404,0.01716,0.8408766293527995
882,K'=6 (1.5x),1.5,0.008694805914036704,0.014124444444444445,-0.3844143075335877
882,K'=8 (2x),2,0.007928721205855433,0.012368333333333332,-0.35894990924225034
882,K'=12 (3x),3,0.007162636497674165,0.01061222222222222,-0.32505781091961583
882,K'=20 (5x),5,0.0065497687311291495,0.009207333333333333,-0.2886356457393581
882,R'=10 (2x),2,0.010217220819138473,0.017626666666666665,-0.42035434082043455
882,R'=20 (4x),4,0.01021234356350809,0.017621666666666667,-0.4204666472992667
882,K'=8 + R'=10,2,0.00792384395022505,0.012363333333333332,-0.3590851482697452
882,Fix temp,1,0.009906345224694224,0.01716,-0.4227071547380989
883,K'=6 (1.5x),1.5,0.016064328799581813,0.014124444444444445,0.1373423473586872
883,K'=8 (2x),2,0.015551757280008472,0.012368333333333332,0.2573850381357074
883,K'=12 (3x),3,0.015039185760435123,0.01061222222222222,0.41715707092363236
883,K'=20 (5x),5,0.014629128544776448,0.009207333333333333,0.5888561883400675
883,R'=10 (2x),2,0.01707900996636368,0.017626666666666665,-0.031069782543664125
883,R'=20 (4x),4,0.01707377903018126,0.017621666666666667,-0.031091703574316072
883,K'=8 + R'=10,2,0.015546526343826056,0.012363333333333332,0.25747045110483074
883,Fix temp,1,0.016658157938452694,0.01716,-0.02924487538154474
884,K'=6 (1.5x),1.5,0.010719984062482974,0.014124444444444445,-0.2410332240218159
884,K'=8 (2x),2,0.00963075475217934,0.012368333333333332,-0.22133771037493538
884,K'=12 (3x),3,0.008541525441875702,0.01061222222222222,-0.19512376738685655
884,K'=20 (5x),5,0.007670141993632793,0.009207333333333333,-0.1669529367569915
884,R'=10 (2x),2,0.01288851031365267,0.017626666666666665,-0.26880614710745054
884,R'=20 (4x),4,0.01288354412893388,0.017621666666666667,-0.2688804996348882
884,K'=8 + R'=10,2,0.009625788567460549,0.012363333333333332,-0.22142448901640202
884,Fix temp,1,0.012536713320735332,0.01716,-0.26942230065644923
885,K'=6 (1.5x),1.5,0.007224148930891399,0.014124444444444445,-0.48853571131196827
885,K'=8 (2x),2,0.005820922107837098,0.012368333333333332,-0.5293689173019459
885,K'=12 (3x),3,0.0044176952847827964,0.01061222222222222,-0.5837162855926586
885,K'=20 (5x),5,0.0032951138263393543,0.009207333333333333,-0.6421207197517174
885,R'=10 (2x),2,0.010021222472474143,0.017626666666666665,-0.43147376290804784
885,R'=20 (4x),4,0.010016532420211215,0.017621666666666667,-0.4315786009527354
885,K'=8 + R'=10,2,0.005816232055574168,0.012363333333333332,-0.5295579356505121
885,Fix temp,1,0.009649910844559384,0.01716,-0.43765088318418516
886,K'=6 (1.5x),1.5,0.02472138103155877,0.014124444444444445,0.750255107646546
886,K'=8 (2x),2,0.020911516435220694,0.012368333333333332,0.6907303410770002
886,K'=12 (3x),3,0.01710165183888262,0.01061222222222222,0.6115052512819976
886,K'=20 (5x),5,0.01405376016181215,0.009207333333333333,0.5263659577668689
886,R'=10 (2x),2,0.03233095814054607,0.017626666666666665,0.8342071562337029
886,R'=20 (4x),4,0.03232588209870164,0.017621666666666667,0.8344395402649183
886,K'=8 + R'=10,2,0.02090644039337626,0.012363333333333332,0.6910035368058449
886,Fix temp,1,0.03195218861856269,0.01716,0.8620156537623942
887,K'=6 (1.5x),1.5,0.02493559206478349,0.014124444444444445,0.7654210870284095
887,K'=8 (2x),2,0.024223981386791188,0.012368333333333332,0.9585485557303213
887,K'=12 (3x),3,0.023512370708798875,0.01061222222222222,1.215593512503297
887,K'=20 (5x),5,0.022943082166405022,0.009207333333333333,1.4918270400121305
887,R'=10 (2x),2,0.026348609597840394,0.017626666666666665,0.49481521924207994
887,R'=20 (4x),4,0.026343507686376534,0.017621666666666667,0.494949835602565
887,K'=8 + R'=10,2,0.02421887947532733,0.012363333333333332,0.9589279705036935
887,Fix temp,1,0.02619876361953451,0.01716,0.5267344766628501
888,K'=6 (1.5x),1.5,0.00965781765415145,0.014124444444444445,-0.3162338035921723
888,K'=8 (2x),2,0.007995594743751794,0.012368333333333332,-0.3535430742149202
888,K'=12 (3x),3,0.006333371833352137,0.01061222222222222,-0.4032002251055466
888,K'=20 (5x),5,0.0050035935050324115,0.009207333333333333,-0.45656431413014137
888,R'=10 (2x),2,0.012972116787608555,0.017626666666666665,-0.26406296590723016
888,R'=20 (4x),4,0.01296704344393745,0.017621666666666667,-0.26414205368746146
888,K'=8 + R'=10,2,0.00799052140008069,0.012363333333333332,-0.35369198705197974
888,Fix temp,1,0.012464267424954267,0.01716,-0.2736440894548796
889,K'=6 (1.5x),1.5,0.009972557923656792,0.014124444444444445,-0.29395043020051037
889,K'=8 (2x),2,0.009522680012486733,0.012368333333333332,-0.23007573002398057
889,K'=12 (3x),3,0.009072802101316673,0.01061222222222222,-0.1450610521217666
889,K'=20 (5x),5,0.008712899772380628,0.009207333333333333,-0.0536999740372933
889,R'=10 (2x),2,0.010862386988964513,0.017626666666666665,-0.3837526292191085
889,R'=20 (4x),4,0.010857423610448313,0.017621666666666667,-0.38385943759869595
889,K'=8 + R'=10,2,0.009517716633970533,0.012363333333333332,-0.23016581553217574
889,Fix temp,1,0.010431653625034672,0.01716,-0.39209477709588164
890,K'=6 (1.5x),1.5,0.010073197501048467,0.014124444444444445,-0.28682522412337785
890,K'=8 (2x),2,0.009768777841666507,0.012368333333333332,-0.2101783176121945
890,K'=12 (3x),3,0.009464358182284544,0.01061222222222222,-0.10816434257605581
890,K'=20 (5x),5,0.009220822454778975,0.009207333333333333,0.001465041066429869
890,R'=10 (2x),2,0.010671957128410457,0.017626666666666665,-0.394556138705912
890,R'=20 (4x),4,0.010666917282709491,0.017621666666666667,-0.39467035187499344
890,K'=8 + R'=10,2,0.00976373799596554,0.012363333333333332,-0.21026654117291385
890,Fix temp,1,0.010285167841360528,0.01716,-0.40063124467596
891,K'=6 (1.5x),1.5,0.012140643921684676,0.014124444444444445,-0.1404515788612171
891,K'=8 (2x),2,0.011771173080920003,0.012368333333333332,-0.04828138410564581
891,K'=12 (3x),3,0.01140170224015533,0.01061222222222222,0.07439346834256075
891,K'=20 (5x),5,0.011106125567543595,0.009207333333333333,0.206226077135283
891,R'=10 (2x),2,0.012869693421274572,0.017626666666666665,-0.2698736712590068
891,R'=20 (4x),4,0.01286474733030485,0.017621666666666667,-0.2699471864009354
891,K'=8 + R'=10,2,0.011766226989950281,0.012363333333333332,-0.04829654974788767
891,Fix temp,1,0.012436519065680888,0.01716,-0.27526112670857306
892,K'=6 (1.5x),1.5,0.007344787715055824,0.014124444444444445,-0.47999457649856503
892,K'=8 (2x),2,0.006611550891144501,0.012368333333333332,-0.4654452857180028
892,K'=12 (3x),3,0.00587831406723318,0.01061222222222222,-0.44608076007644615
892,K'=20 (5x),5,0.005291724608104121,0.009207333333333333,-0.42527066018708404
892,R'=10 (2x),2,0.008801852531564878,0.017626666666666665,-0.500651331416516
892,R'=20 (4x),4,0.008797148115908081,0.017621666666666667,-0.5007766131140785
892,K'=8 + R'=10,2,0.006606846475487705,0.012363333333333332,-0.4656096137378507
892,Fix temp,1,0.008479197336193484,0.01716,-0.5058742811076059
893,K'=6 (1.5x),1.5,0.012474974591148252,0.014124444444444445,-0.11678121994702437
893,K'=8 (2x),2,0.01067773311814986,0.012368333333333332,-0.1366877953254391
893,K'=12 (3x),3,0.008880491645151464,0.01061222222222222,-0.1631826530587039
893,K'=20 (5x),5,0.007442698466752753,0.009207333333333333,-0.191655368899491
893,R'=10 (2x),2,0.01605935308889649,0.017626666666666665,-0.08891718482054707
893,R'=20 (4x),4,0.01605430086477222,0.017621666666666667,-0.08894537795674536
893,K'=8 + R'=10,2,0.010672680894025587,0.012363333333333332,-0.136747298946434
893,Fix temp,1,0.015904579066321933,0.01716,-0.07315972806981753
894,K'=6 (1.5x),1.5,0.00271970149569927,0.014124444444444445,-0.807447188001153
894,K'=8 (2x),2,0.0025223980803058036,0.012368333333333332,-0.7960599854219805
894,K'=12 (3x),3,0.002325094664912336,0.01061222222222222,-0.7809040730372627
894,K'=20 (5x),5,0.0021672519325975624,0.009207333333333333,-0.7646167620812148
894,R'=10 (2x),2,0.0031047503490616185,0.017626666666666665,-0.8238606080335693
894,R'=20 (4x),4,0.003099971360349325,0.017621666666666667,-0.8240818295460517
894,K'=8 + R'=10,2,0.00251761909159351,0.012363333333333332,-0.7963640529851568
894,Fix temp,1,0.002808726420808898,0.01716,-0.8363213041486657
895,K'=6 (1.5x),1.5,0.010775841176449153,0.014124444444444445,-0.2370785825358529
895,K'=8 (2x),2,0.009504108008347525,0.012368333333333332,-0.23157730696556858
895,K'=12 (3x),3,0.008232374840245898,0.01061222222222222,-0.22425532863351388
895,K'=20 (5x),5,0.007214988305764591,0.009207333333333333,-0.2163867599270953
895,R'=10 (2x),2,0.01330911562927373,0.017626666666666665,-0.24494427216677017
895,R'=20 (4x),4,0.013304019687584386,0.017621666666666667,-0.24501921757773282
895,K'=8 + R'=10,2,0.00949901206665818,0.012363333333333332,-0.23167872202818704
895,Fix temp,1,0.01278058440227369,0.01716,-0.2552106991682
896,K'=6 (1.5x),1.5,0.01404787425643383,0.014124444444444445,-0.0054211114859623955
896,K'=8 (2x),2,0.012401352147730813,0.012368333333333332,0.002669625203946718
896,K'=12 (3x),3,0.010754830039027798,0.01061222222222222,0.013438072989741362
896,K'=20 (5x),5,0.009437612352065387,0.009207333333333333,0.025010392303097605
896,R'=10 (2x),2,0.017331289677729483,0.017626666666666665,-0.016757393472230455
896,R'=20 (4x),4,0.017326475279674302,0.017621666666666667,-0.016751615643187293
896,K'=8 + R'=10,2,0.012396537749675628,0.012363333333333332,0.0026857171482040387
896,Fix temp,1,0.01697039146799271,0.01716,-0.011049448252173263
897,K'=6 (1.5x),1.5,0.0148733171846113,0.014124444444444445,0.053019624461152486
897,K'=8 (2x),2,0.013307205576314696,0.012368333333333332,0.07590935800954303
897,K'=12 (3x),3,0.01174109396801809,0.01061222222222222,0.10637468026555154
897,K'=20 (5x),5,0.010488204681380807,0.009207333333333333,0.13911425834995372
897,R'=10 (2x),2,0.01799495281403559,0.017626666666666665,0.020893692172972298
897,R'=20 (4x),4,0.017989659020451132,0.017621666666666667,0.020882948290048116
897,K'=8 + R'=10,2,0.013301911782730238,0.012363333333333332,0.07591629410058554
897,Fix temp,1,0.017511587872508352,0.01716,0.020488803759227896
898,K'=6 (1.5x),1.5,0.012656472910147166,0.014124444444444445,-0.10393127602796969
898,K'=8 (2x),2,0.010483281760228235,0.012368333333333332,-0.15240950597804315
898,K'=12 (3x),3,0.008310090610309307,0.01061222222222222,-0.21693209619114462
898,K'=20 (5x),5,0.006571537690374161,0.009207333333333333,-0.2862713391093156
898,R'=10 (2x),2,0.016992733520938573,0.017626666666666665,-0.03596443716309149
898,R'=20 (4x),4,0.01698767267641535,0.017621666666666667,-0.035978094594797186
898,K'=8 + R'=10,2,0.01047822091570501,0.012363333333333332,-0.15247606505486566
898,Fix temp,1,0.01655785053225225,0.01716,-0.03509029532329545
899,K'=6 (1.5x),1.5,0.015442998273668854,0.014124444444444445,0.09335261534785783
899,K'=8 (2x),2,0.013169588421794604,0.012368333333333332,0.06478278575350536
899,K'=12 (3x),3,0.010896178569920352,0.01061222222222222,0.026757482245662004
899,K'=20 (5x),5,0.009077450688420951,0.009207333333333333,-0.014106434535411818
899,R'=10 (2x),2,0.019979517782852743,0.017626666666666665,0.13348247633430851
899,R'=20 (4x),4,0.019974367685570437,0.017621666666666667,0.13351183309772643
899,K'=8 + R'=10,2,0.013164438324512298,0.012363333333333332,0.06479684479743589
899,Fix temp,1,0.019668157837624708,0.01716,0.1461630441506239
900,K'=6 (1.5x),1.5,0.012082691804918971,0.014124444444444445,-0.14455454496325723
900,K'=8 (2x),2,0.010772312767742256,0.012368333333333332,-0.12904087580577356
900,K'=12 (3x),3,0.009461933730565543,0.01061222222222222,-0.10839280101465926
900,K'=20 (5x),5,0.008413630500824174,0.009207333333333333,-0.08620333420923458
900,R'=10 (2x),2,0.014693321378125667,0.017626666666666665,-0.1664152016948373
900,R'=20 (4x),4,0.014688257127552302,0.017621666666666667,-0.16646606672359968
900,K'=8 + R'=10,2,0.010767248517168891,0.012363333333333332,-0.12909825959809446
900,Fix temp,1,0.014505622913697575,0.01716,-0.15468397938825326
901,K'=6 (1.5x),1.5,0.008884005734529968,0.014124444444444445,-0.37101910312484493
901,K'=8 (2x),2,0.00821523437227497,0.012368333333333332,-0.3357848506447942
901,K'=12 (3x),3,0.007546463010019971,0.01061222222222222,-0.2888894661273192
901,K'=20 (5x),5,0.0070114459202159736,0.009207333333333333,-0.23849331110535366
901,R'=10 (2x),2,0.010211327250205232,0.017626666666666665,-0.42068869609274395
901,R'=20 (4x),4,0.010206216645787865,0.017621666666666667,-0.4208143395939924
901,K'=8 + R'=10,2,0.008210123767857602,0.012363333333333332,-0.3359295954819949
901,Fix temp,1,0.009873034122069583,0.01716,-0.4246483611847563
902,K'=6 (1.5x),1.5,0.013914607587544491,0.014124444444444445,-0.01485629100141269
902,K'=8 (2x),2,0.012565645235159354,0.012368333333333332,0.015952990310687688
902,K'=12 (3x),3,0.011216682882774219,0.01061222222222222,0.05695891472063639
902,K'=20 (5x),5,0.01013751300086611,0.009207333333333333,0.10102595766412031
902,R'=10 (2x),2,0.01660241646821192,0.017626666666666665,-0.05810799159160817
902,R'=20 (4x),4,0.016597358556160496,0.017621666666666667,-0.05812776565815786
902,K'=8 + R'=10,2,0.01256058732310793,0.012363333333333332,0.015954757867991273
902,Fix temp,1,0.016236379810098987,0.01716,-0.05382402039050204
903,K'=6 (1.5x),1.5,0.010684083838353195,0.014124444444444445,-0.2435749327786442
903,K'=8 (2x),2,0.009716744578800895,0.012368333333333332,-0.21438529210611265
903,K'=12 (3x),3,0.008749405319248596,0.01061222222222222,-0.17553504477816587
903,K'=20 (5x),5,0.007975533911606757,0.009207333333333333,-0.13378460159219926
903,R'=10 (2x),2,0.012609041766611987,0.017626666666666665,-0.28466101929205817
903,R'=20 (4x),4,0.012604181471189083,0.017621666666666667,-0.28473386146661783
903,K'=8 + R'=10,2,0.009711884283377992,0.012363333333333332,-0.21446069425359995
903,Fix temp,1,0.012326932934294611,0.01716,-0.28164726490124653
904,K'=6 (1.5x),1.5,0.005175017253032231,0.014124444444444445,-0.6336126866166608
904,K'=8 (2x),2,0.004862516699805305,0.012368333333333332,-0.6068575636864058
904,K'=12 (3x),3,0.004550016146578378,0.01061222222222222,-0.5712475623578116
904,K'=20 (5x),5,0.004300015703996839,0.009207333333333333,-0.5329792516113779
904,R'=10 (2x),2,0.005790068376014146,0.017626666666666665,-0.671516544477261
904,R'=20 (4x),4,0.0057850933842781786,0.017621666666666667,-0.6717056624830315
904,K'=8 + R'=10,2,0.0048575417080693375,0.012363333333333332,-0.6071009672631973
904,Fix temp,1,0.005465589060189509,0.01716,-0.6814924790099354
905,K'=6 (1.5x),1.5,0.007056146789306332,0.014124444444444445,-0.500430136062327
905,K'=8 (2x),2,0.006970926519707778,0.012368333333333332,-0.43638917776247577
905,K'=12 (3x),3,0.006885706250109224,0.01061222222222222,-0.35115321693034207
905,K'=20 (5x),5,0.00681753003443038,0.009207333333333333,-0.25955433700343417
905,R'=10 (2x),2,0.00721690534212794,0.017626666666666665,-0.5905689102423635
905,R'=20 (4x),4,0.00721206434894019,0.017621666666666667,-0.5907274558437422
905,K'=8 + R'=10,2,0.006966085526520028,0.012363333333333332,-0.4365528018452389
905,Fix temp,1,0.0067703383811381,0.01716,-0.6054581362973135
906,K'=6 (1.5x),1.5,0.00858695653195278,0.014124444444444445,-0.3920499623381449
906,K'=8 (2x),2,0.007748692189134093,0.012368333333333332,-0.37350554999589597
906,K'=12 (3x),3,0.006910427846315404,0.01061222222222222,-0.3488236769255717
906,K'=20 (5x),5,0.006239816372060454,0.009207333333333333,-0.3222992862145622
906,R'=10 (2x),2,0.010253302285958197,0.017626666666666665,-0.4183073589660629
906,R'=20 (4x),4,0.010248210820142219,0.017621666666666667,-0.41843124069939175
906,K'=8 + R'=10,2,0.0077436007233181135,0.012363333333333332,-0.37366400188853216
906,Fix temp,1,0.010023243096539895,0.01716,-0.4158949244440621
907,K'=6 (1.5x),1.5,0.013697017817483394,0.014124444444444445,-0.03026148239969679
907,K'=8 (2x),2,0.012792597011939967,0.012368333333333332,0.034302413039210534
907,K'=12 (3x),3,0.011888176206396537,0.01061222222222222,0.12023438234288399
907,K'=20 (5x),5,0.011164639561961792,0.009207333333333333,0.2125812282197298
907,R'=10 (2x),2,0.015496013042717879,0.017626666666666665,-0.12087671845397806
907,R'=20 (4x),4,0.01549108984979169,0.017621666666666667,-0.12090665753570289
907,K'=8 + R'=10,2,0.012787673819013778,0.012363333333333332,0.03432249816773627
907,Fix temp,1,0.01473821272754384,0.01716,-0.14112979443217724
908,K'=6 (1.5x),1.5,0.01322698778986597,0.014124444444444445,-0.0635392533921198
908,K'=8 (2x),2,0.01096422692810296,0.012368333333333332,-0.11352430172998565
908,K'=12 (3x),3,0.008701466066339944,0.01061222222222222,-0.18005240710858023
908,K'=20 (5x),5,0.006891257376929532,0.009207333333333333,-0.25154687818446897
908,R'=10 (2x),2,0.017742348988389153,0.017626666666666665,0.006562915377599537
908,R'=20 (4x),4,0.017737268725887725,0.017621666666666667,0.006560222787537576
908,K'=8 + R'=10,2,0.010959146665601533,0.012363333333333332,-0.1135767053975572
908,Fix temp,1,0.017258299892497424,0.01716,0.005728431963719277
909,K'=6 (1.5x),1.5,0.011067280341844524,0.014124444444444445,-0.21644490971837074
909,K'=8 (2x),2,0.010328724659583394,0.012368333333333332,-0.1649057006131199
909,K'=12 (3x),3,0.009590168977322268,0.01061222222222222,-0.09630906925033586
909,K'=20 (5x),5,0.008999324431513368,0.009207333333333333,-0.022591655400039646
909,R'=10 (2x),2,0.012534462852734629,0.017626666666666665,-0.2888920469326042
909,R'=20 (4x),4,0.012529498425918556,0.017621666666666667,-0.28897199890748765
909,K'=8 + R'=10,2,0.01032376023276732,0.012363333333333332,-0.1649695147397691
909,Fix temp,1,0.012356293827840271,0.01716,-0.2799362571188654
910,K'=6 (1.5x),1.5,0.019189626425615648,0.014124444444444445,0.358611059082291
910,K'=8 (2x),2,0.016318942745443495,0.012368333333333332,0.3194132390871982
910,K'=12 (3x),3,0.013448259065271336,0.01061222222222222,0.26724250431831265
910,K'=20 (5x),5,0.01115171212113361,0.009207333333333333,0.21117719076825825
910,R'=10 (2x),2,0.02492130334426162,0.017626666666666665,0.4138409612856443
910,R'=20 (4x),4,0.02491645812341245,0.017621666666666667,0.4139671686415841
910,K'=8 + R'=10,2,0.016314097524594322,0.012363333333333332,0.319554935933755
910,Fix temp,1,0.024803948836117272,0.01716,0.44545156387629775
911,K'=6 (1.5x),1.5,0.009205641140359254,0.014124444444444445,-0.3482475592885991
911,K'=8 (2x),2,0.008791210761737266,0.012368333333333332,-0.2892162165419269
911,K'=12 (3x),3,0.008376780383115278,0.01061222222222222,-0.21064785417194526
911,K'=20 (5x),5,0.008045236080217684,0.009207333333333333,-0.12621431320494342
911,R'=10 (2x),2,0.010023866606556877,0.017626666666666665,-0.4313237553012361
911,R'=20 (4x),4,0.0100185489610337,0.017621666666666667,-0.43146416564643725
911,K'=8 + R'=10,2,0.008785893116214088,0.012363333333333332,-0.2893588743962721
911,Fix temp,1,0.009629634363875606,0.01716,-0.43883249627764537
912,K'=6 (1.5x),1.5,0.011711062165925034,0.014124444444444445,-0.17086564275231828
912,K'=8 (2x),2,0.010477688307630994,0.012368333333333332,-0.15286174577838604
912,K'=12 (3x),3,0.009244314449336957,0.01061222222222222,-0.12889927710153262
912,K'=20 (5x),5,0.008257615362701726,0.009207333333333333,-0.10314799478295641
912,R'=10 (2x),2,0.014167568547319513,0.017626666666666665,-0.19624232900986116
912,R'=20 (4x),4,0.014162447879722716,0.017621666666666667,-0.19630485880699616
912,K'=8 + R'=10,2,0.010472567640034198,0.012363333333333332,-0.15293332650033442
912,Fix temp,1,0.013860267648431153,0.01716,-0.1922920950797697
913,K'=6 (1.5x),1.5,0.022475547343758975,0.014124444444444445,0.5912517785858304
913,K'=8 (2x),2,0.020584121169577144,0.012368333333333332,0.6642598978232432
913,K'=12 (3x),3,0.018692694995395318,0.01061222222222222,0.7614307921532601
913,K'=20 (5x),5,0.017179554056049855,0.009207333333333333,0.8658555560114969
913,R'=10 (2x),2,0.02624818114293437,0.017626666666666665,0.48911768965210134
913,R'=20 (4x),4,0.026243071868340243,0.017621666666666667,0.489250271541109
913,K'=8 + R'=10,2,0.020579011894983016,0.012363333333333332,0.6645197003221638
913,Fix temp,1,0.02577886980029265,0.01716,0.502265139877194
914,K'=6 (1.5x),1.5,0.005850621811735454,0.014124444444444445,-0.585780394071593
914,K'=8 (2x),2,0.005607342008732841,0.012368333333333332,-0.5466372179976142
914,K'=12 (3x),3,0.005364062205730228,0.01061222222222222,-0.49453921210792523
914,K'=20 (5x),5,0.0051694383633281394,0.009207333333333333,-0.4385520566945037
914,R'=10 (2x),2,0.0063271916654262985,0.017626666666666665,-0.6410443457587198
914,R'=20 (4x),4,0.006322196789269108,0.017621666666666667,-0.6412259459414108
914,K'=8 + R'=10,2,0.005602347132575651,0.012363333333333332,-0.5468578754994081
914,Fix temp,1,0.005148436243688119,0.01716,-0.6999745778736528
915,K'=6 (1.5x),1.5,0.01607170721997522,0.014124444444444445,0.13786473395041673
915,K'=8 (2x),2,0.01520834132493391,0.012368333333333332,0.22961929591164898
915,K'=12 (3x),3,0.0143449754298926,0.01061222222222222,0.3517409576906441
915,K'=20 (5x),5,0.013654282713859553,0.009207333333333333,0.48297907977621685
915,R'=10 (2x),2,0.017788405484047008,0.017626666666666665,0.009175802801456622
915,R'=20 (4x),4,0.017783388721041588,0.017621666666666667,0.009177455086063793
915,K'=8 + R'=10,2,0.015203324561928494,0.012363333333333332,0.22971080306782116
915,Fix temp,1,0.017094656989868038,0.01716,-0.0038078677233079057
916,K'=6 (1.5x),1.5,0.015986474643497058,0.014124444444444445,0.13183033190271806
916,K'=8 (2x),2,0.015600697048072118,0.012368333333333332,0.26134189851007567
916,K'=12 (3x),3,0.015214919452647182,0.01061222222222222,0.4337166273042054
916,K'=20 (5x),5,0.014906297376307233,0.009207333333333333,0.6189592400594345
916,R'=10 (2x),2,0.01674767408381807,0.017626666666666665,-0.04986720401939832
916,R'=20 (4x),4,0.016742496208553642,0.017621666666666667,-0.04989144754259105
916,K'=8 + R'=10,2,0.015595519172807689,0.012363333333333332,0.2614332035163945
916,Fix temp,1,0.016044392864582282,0.01716,-0.06501207082853844
917,K'=6 (1.5x),1.5,0.006446859642964658,0.014124444444444445,-0.5435672058945726
917,K'=8 (2x),2,0.005653551296835213,0.012368333333333332,-0.5429011213985813
917,K'=12 (3x),3,0.004860242950705769,0.01061222222222222,-0.5420145895052673
917,K'=20 (5x),5,0.004225596273802214,0.009207333333333333,-0.5410618774380334
917,R'=10 (2x),2,0.008023503024416992,0.017626666666666665,-0.5448088299309573
917,R'=20 (4x),4,0.008018516369013715,0.017621666666666667,-0.5449626575798516
917,K'=8 + R'=10,2,0.005648564641431935,0.012363333333333332,-0.5431196030117065
917,Fix temp,1,0.007704335925386051,0.01716,-0.5510293749775028
918,K'=6 (1.5x),1.5,0.017766772662397116,0.014124444444444445,0.2578740871741193
918,K'=8 (2x),2,0.01512429008621809,0.012368333333333332,0.22282361564894965
918,K'=12 (3x),3,0.012481807510039062,0.01061222222222222,0.1761728362511944
918,K'=20 (5x),5,0.010367821449095838,0.009207333333333333,0.12603954627787686
918,R'=10 (2x),2,0.023041693847395073,0.017626666666666665,0.30720653445887336
918,R'=20 (4x),4,0.02303667186371502,0.017621666666666667,0.3072924541973907
918,K'=8 + R'=10,2,0.015119268102538039,0.012363333333333332,0.22291195221391535
918,Fix temp,1,0.02282090525085748,0.01716,0.3298895833833029
919,K'=6 (1.5x),1.5,0.01109625056930555,0.014124444444444445,-0.21439383949221244
919,K'=8 (2x),2,0.010952071434182021,0.012368333333333332,-0.11450709331502314
919,K'=12 (3x),3,0.010807892299058491,0.01061222222222222,0.018438181253548656
919,K'=20 (5x),5,0.010692548990959665,0.009207333333333333,0.16130790575914108
919,R'=10 (2x),2,0.011374051225424751,0.017626666666666665,-0.35472477919299816
919,R'=20 (4x),4,0.011368772418360823,0.017621666666666667,-0.3548412512043419
919,K'=8 + R'=10,2,0.010946792627118092,0.012363333333333332,-0.11457595358980104
919,Fix temp,1,0.010853733705529582,0.01716,-0.3674980358082995
920,K'=6 (1.5x),1.5,0.021929291732125218,0.014124444444444445,0.5525772938099981
920,K'=8 (2x),2,0.019522109268902688,0.012368333333333332,0.5783944968793443
920,K'=12 (3x),3,0.017114926805680154,0.01061222222222222,0.6127561642877333
920,K'=20 (5x),5,0.015189180835102126,0.009207333333333333,0.6496829521868938
920,R'=10 (2x),2,0.026733944991412253,0.017626666666666665,0.5166761530680175
920,R'=20 (4x),4,0.026729089157833237,0.017621666666666667,0.5168309367918227
920,K'=8 + R'=10,2,0.01951725343532367,0.012363333333333332,0.5786400729568891
920,Fix temp,1,0.02608526046295859,0.01716,0.5201200735989853
921,K'=6 (1.5x),1.5,0.019649793575313455,0.014124444444444445,0.39119054576637113
921,K'=8 (2x),2,0.015479364880969591,0.012368333333333332,0.25153199414927313
921,K'=12 (3x),3,0.011308936186625724,0.01061222222222222,0.06565203308168284
921,K'=20 (5x),5,0.007972593231150632,0.009207333333333333,-0.13410398619028688
921,R'=10 (2x),2,0.027980565308910015,0.017626666666666665,0.58739969604255
921,R'=20 (4x),4,0.02797552248136443,0.017621666666666667,0.5875639353843429
921,K'=8 + R'=10,2,0.015474322053424003,0.012363333333333332,0.2516302550626049
921,Fix temp,1,0.027313214109204523,0.01716,0.5916791438930373
922,K'=6 (1.5x),1.5,0.012588800294044336,0.014124444444444445,-0.10872244614223547
922,K'=8 (2x),2,0.012057564910566565,0.012368333333333332,-0.02512613578494278
922,K'=12 (3x),3,0.011526329527088798,0.01061222222222222,0.08613721855092867
922,K'=20 (5x),5,0.011101341220306583,0.009207333333333333,0.20570645358481462
922,R'=10 (2x),2,0.013641164904270493,0.017626666666666665,-0.22610637835076625
922,R'=20 (4x),4,0.013636111825905803,0.017621666666666667,-0.22617354624576927
922,K'=8 + R'=10,2,0.012052511832201875,0.012363333333333332,-0.02514059054716556
922,Fix temp,1,0.013263173551684784,0.01716,-0.22708778836335763
923,K'=6 (1.5x),1.5,0.0048456681274300535,0.014124444444444445,-0.6569303559874884
923,K'=8 (2x),2,0.004449302190648768,0.012368333333333332,-0.640266633285371
923,K'=12 (3x),3,0.004052936253867483,0.01061222222222222,-0.618087883103263
923,K'=20 (5x),5,0.0037358435044424535,0.009207333333333333,-0.5942534750080601
923,R'=10 (2x),2,0.005628176842949872,0.017626666666666665,-0.680701011179092
923,R'=20 (4x),4,0.0056230652639284945,0.017621666666666667,-0.6809004862993383
923,K'=8 + R'=10,2,0.004444190611627391,0.012363333333333332,-0.6405345959859216
923,Fix temp,1,0.0048082816249908076,0.01716,-0.7197971081007689
924,K'=6 (1.5x),1.5,0.03842538306247555,0.014124444444444445,1.7204881022835112
924,K'=8 (2x),2,0.029178080729802127,0.012368333333333332,1.3590955986903757
924,K'=12 (3x),3,0.019930778397128698,0.01061222222222222,0.8780965927563428
924,K'=20 (5x),5,0.01253293653098996,0.009207333333333333,0.3611907028082645
924,R'=10 (2x),2,0.05691005461329918,0.017626666666666665,2.2286339606637204
924,R'=20 (4x),4,0.05690508805603756,0.017621666666666667,2.2292682146621146
924,K'=8 + R'=10,2,0.02917311417254051,0.012363333333333332,1.3596479514052722
924,Fix temp,1,0.05605578037702164,0.01716,2.266653868124804
925,K'=6 (1.5x),1.5,0.014056199883310493,0.014124444444444445,-0.004831663390540975
925,K'=8 (2x),2,0.012746021072856065,0.012368333333333332,0.030536672108023136
925,K'=12 (3x),3,0.011435842262401637,0.01061222222222222,0.07761051577441885
925,K'=20 (5x),5,0.010387699214038093,0.009207333333333333,0.1281984520351271
925,R'=10 (2x),2,0.016666523769824058,0.017626666666666665,-0.054471041802719805
925,R'=20 (4x),4,0.016661506902626414,0.017621666666666667,-0.05448745468874983
925,K'=8 + R'=10,2,0.01274100420565842,0.012363333333333332,0.030547657508095495
925,Fix temp,1,0.015857798349156068,0.01716,-0.07588587708880731
926,K'=6 (1.5x),1.5,0.00858131265453684,0.014124444444444445,-0.39244954459698267
926,K'=8 (2x),2,0.007924133708031609,0.012368333333333332,-0.35932081595216736
926,K'=12 (3x),3,0.007266954761526378,0.01061222222222222,-0.31522779966770587
926,K'=20 (5x),5,0.006741211604322193,0.009207333333333333,-0.2678432114630881
926,R'=10 (2x),2,0.009885721351291009,0.017626666666666665,-0.4391610428541409
926,R'=20 (4x),4,0.009880746753162863,0.017621666666666667,-0.4392842096001402
926,K'=8 + R'=10,2,0.007919159109903463,0.012363333333333332,-0.35946407846561357
926,Fix temp,1,0.0096360801774981,0.01716,-0.4384568661131644
927,K'=6 (1.5x),1.5,0.01745358794295345,0.014124444444444445,0.2357008455520851
927,K'=8 (2x),2,0.014057860248197619,0.012368333333333332,0.13660101723737667
927,K'=12 (3x),3,0.010662132553441785,0.01061222222222222,0.004703098952738745
927,K'=20 (5x),5,0.00794555039763712,0.009207333333333333,-0.13704108345118524
927,R'=10 (2x),2,0.0242346055373175,0.017626666666666665,0.3748830675482697
927,R'=20 (4x),4,0.024229386639743687,0.017621666666666667,0.3749770154020819
927,K'=8 + R'=10,2,0.01405264135062381,0.012363333333333332,0.13663855626506974
927,Fix temp,1,0.024114232329663705,0.01716,0.40525829426944654
928,K'=6 (1.5x),1.5,0.00995634639727489,0.014124444444444445,-0.2950981940255349
928,K'=8 (2x),2,0.00899937949375703,0.012368333333333332,-0.27238543373477714
928,K'=12 (3x),3,0.008042412590239174,0.01061222222222222,-0.24215565582501752
928,K'=20 (5x),5,0.007276839067424888,0.009207333333333333,-0.20966920562324726
928,R'=10 (2x),2,0.011860069766446196,0.017626666666666665,-0.3271518665026742
928,R'=20 (4x),4,0.011854964547513993,0.017621666666666667,-0.3272506640964347
928,K'=8 + R'=10,2,0.008994274274824828,0.012363333333333332,-0.27250410287208177
928,Fix temp,1,0.01129470431060348,0.01716,-0.3418004481000304
929,K'=6 (1.5x),1.5,0.00984342018621325,0.014124444444444445,-0.30309328448773404
929,K'=8 (2x),2,0.009089050947317318,0.012368333333333332,-0.26513534990023024
929,K'=12 (3x),3,0.008334681708421384,0.01061222222222222,-0.2146148531484403
929,K'=20 (5x),5,0.007731186317304636,0.009207333333333333,-0.16032296894092
929,R'=10 (2x),2,0.011342368243785586,0.017626666666666665,-0.3565222252012716
929,R'=20 (4x),4,0.011337473033675818,0.017621666666666667,-0.35661743873966795
929,K'=8 + R'=10,2,0.00908415573720755,0.012363333333333332,-0.2652341005224413
929,Fix temp,1,0.010874607548217898,0.01716,-0.36628161140921345
930,K'=6 (1.5x),1.5,0.004788885837332375,0.014124444444444445,-0.6609504992448759
930,K'=8 (2x),2,0.004489893207236195,0.012368333333333332,-0.6369847831368121
930,K'=12 (3x),3,0.004190900577140014,0.01061222222222222,-0.605087371016018
930,K'=20 (5x),5,0.00395170647306307,0.009207333333333333,-0.5708087966407498
930,R'=10 (2x),2,0.005376853460829928,0.017626666666666665,-0.6949591455656244
930,R'=20 (4x),4,0.005371844642482523,0.017621666666666667,-0.6951568348160869
930,K'=8 + R'=10,2,0.00448488438888879,0.012363333333333332,-0.6372431068572022
930,Fix temp,1,0.004875342381160639,0.01716,-0.7158891386270024
931,K'=6 (1.5x),1.5,0.016126073148866618,0.014124444444444445,0.14171380065921618
931,K'=8 (2x),2,0.0155731988921295,0.012368333333333332,0.2591186275808788
931,K'=12 (3x),3,0.015020324635392383,0.01061222222222222,0.4153797688046431
931,K'=20 (5x),5,0.014578025230002688,0.009207333333333333,0.5833059043518959
931,R'=10 (2x),2,0.017222168735217137,0.017626666666666665,-0.022948067215366613
931,R'=20 (4x),4,0.01721734227165528,0.017621666666666667,-0.022944730635281515
931,K'=8 + R'=10,2,0.015568372428567644,0.012363333333333332,0.2592374571502544
931,Fix temp,1,0.016352092932560357,0.01716,-0.0470808314358767
932,K'=6 (1.5x),1.5,0.016744843112462937,0.014124444444444445,0.18552224679174348
932,K'=8 (2x),2,0.016179584340142678,0.012368333333333332,0.3081458838546837
932,K'=12 (3x),3,0.015614325567822423,0.01061222222222222,0.471353053192355
932,K'=20 (5x),5,0.015162118549966217,0.009207333333333333,0.6467437423031878
932,R'=10 (2x),2,0.017865840055088674,0.017626666666666665,0.013568838223638916
932,R'=20 (4x),4,0.017861079754081285,0.017621666666666667,0.013586290783010576
932,K'=8 + R'=10,2,0.01617482403913529,0.012363333333333332,0.308289892623507
932,Fix temp,1,0.017666324136159223,0.01716,0.029506068540747186
933,K'=6 (1.5x),1.5,0.024860150505295563,0.014124444444444445,0.7600798815895222
933,K'=8 (2x),2,0.023117723653686233,0.012368333333333332,0.8691058067931198
933,K'=12 (3x),3,0.021375296802076903,0.01061222222222222,1.014214964073837
933,K'=20 (5x),5,0.01998135532078944,0.009207333333333333,1.1701566129305743
933,R'=10 (2x),2,0.0283349289905043,0.017626666666666665,0.6075035357699111
933,R'=20 (4x),4,0.028329891381499335,0.017621666666666667,0.6076737755508939
933,K'=8 + R'=10,2,0.02311268604468127,0.012363333333333332,0.8694542500416235
933,Fix temp,1,0.028006627898844203,0.01716,0.6320878728930187
934,K'=6 (1.5x),1.5,0.007459461343079347,0.014124444444444445,-0.47187577023509975
934,K'=8 (2x),2,0.006625361198368819,0.012368333333333332,-0.4643286997680512
934,K'=12 (3x),3,0.005791261053658292,0.01061222222222222,-0.45428385003743443
934,K'=20 (5x),5,0.005123980937889872,0.009207333333333333,-0.44348914583775195
934,R'=10 (2x),2,0.009117884789716126,0.017626666666666665,-0.48272211858645275
934,R'=20 (4x),4,0.009112996368323988,0.017621666666666667,-0.48285275503694386
934,K'=8 + R'=10,2,0.006620472776976681,0.012363333333333332,-0.4645074593979497
934,Fix temp,1,0.008993563907765583,0.01716,-0.4758995391744999
935,K'=6 (1.5x),1.5,0.017647917469103918,0.014124444444444445,0.2494592292474454
935,K'=8 (2x),2,0.0137947220045059,0.012368333333333332,0.11532585941295523
935,K'=12 (3x),3,0.009941526539907885,0.01061222222222222,-0.06320030510762249
935,K'=20 (5x),5,0.006858970168229472,0.009207333333333333,-0.25505356220807995
935,R'=10 (2x),2,0.025343908909253983,0.017626666666666665,0.43781631482151956
935,R'=20 (4x),4,0.025338709164731,0.017621666666666667,0.43792920635946275
935,K'=8 + R'=10,2,0.013789522259982917,0.012363333333333332,0.1153563434874294
935,Fix temp,1,0.02507399064536963,0.01716,0.4611882660471811
936,K'=6 (1.5x),1.5,0.03929858058909609,0.014124444444444445,1.7823098277365073
936,K'=8 (2x),2,0.03600555971146143,0.012368333333333332,1.9111084526178226
936,K'=12 (3x),3,0.03271253883382676,0.01061222222222222,2.082534284414625
936,K'=20 (5x),5,0.030078122131719023,0.009207333333333333,2.2667571644036304
936,R'=10 (2x),2,0.04587483107169428,0.017626666666666665,1.6025811878797815
936,R'=20 (4x),4,0.0458699354353587,0.017621666666666667,1.6030418293024893
936,K'=8 + R'=10,2,0.03600066407512585,0.012363333333333332,1.9118897876887995
936,Fix temp,1,0.045681694316603044,0.01716,1.6621033984034406
937,K'=6 (1.5x),1.5,0.010058743478684937,0.014124444444444445,-0.28784855799115455
937,K'=8 (2x),2,0.00839094572306489,0.012368333333333332,-0.32157830025078366
937,K'=12 (3x),3,0.006723147967444841,0.01061222222222222,-0.3664712416814619
937,K'=20 (5x),5,0.005388909762948804,0.009207333333333333,-0.4147154699570483
937,R'=10 (2x),2,0.013384953068911869,0.017626666666666665,-0.24064184556097562
937,R'=20 (4x),4,0.013380260108405286,0.017621666666666667,-0.2406927016889084
937,K'=8 + R'=10,2,0.008386252762558307,0.012363333333333332,-0.3216835188008918
937,Fix temp,1,0.012730873753952708,0.01716,-0.2581075900959961
938,K'=6 (1.5x),1.5,0.0194956850389787,0.014124444444444445,0.38027977777539573
938,K'=8 (2x),2,0.015516668842691114,0.012368333333333332,0.25454808053020744
938,K'=12 (3x),3,0.011537652646403527,0.01061222222222222,0.08720420707393735
938,K'=20 (5x),5,0.008354439689373458,0.009207333333333333,-0.09263199376872154
938,R'=10 (2x),2,0.02744405209827191,0.017626666666666665,0.5569621084496169
938,R'=20 (4x),4,0.027439219431630933,0.017621666666666667,0.5571296376599413
938,K'=8 + R'=10,2,0.015511836176050132,0.012363333333333332,0.25466455993934756
938,Fix temp,1,0.026912728358563218,0.01716,0.5683408134360848
939,K'=6 (1.5x),1.5,0.004906367577296534,0.014124444444444445,-0.6526328807766771
939,K'=8 (2x),2,0.004530810237233296,0.012368333333333332,-0.633676574270317
939,K'=12 (3x),3,0.004155252897170059,0.01061222222222222,-0.6084464864984762
939,K'=20 (5x),5,0.0038548070251194686,0.009207333333333333,-0.5813329565071896
939,R'=10 (2x),2,0.005647367806530047,0.017626666666666665,-0.6796122651363437
939,R'=20 (4x),4,0.005642310581083566,0.017621666666666667,-0.679808346859913
939,K'=8 + R'=10,2,0.004525753011786815,0.012363333333333332,-0.6339374754553668
939,Fix temp,1,0.005219292834586325,0.01716,-0.6958454059098879
940,K'=6 (1.5x),1.5,0.013238432005304192,0.014124444444444445,-0.06272901158167299
940,K'=8 (2x),2,0.011776930616454715,0.012368333333333332,-0.04781587793116428
940,K'=12 (3x),3,0.010315429227605236,0.01061222222222222,-0.027967091943805505
940,K'=20 (5x),5,0.009146228116525653,0.009207333333333333,-0.006636581363516037
940,R'=10 (2x),2,0.016151587818227727,0.017626666666666665,-0.08368450350447836
940,R'=20 (4x),4,0.016146664335840014,0.017621666666666667,-0.0837039060338591
940,K'=8 + R'=10,2,0.011772007134067003,0.012363333333333332,-0.04782902663248818
940,Fix temp,1,0.01475459232328518,0.01716,-0.14017527253582873
941,K'=6 (1.5x),1.5,0.01672841962786758,0.014124444444444445,0.18435947648527537
941,K'=8 (2x),2,0.013467110880683036,0.012368333333333332,0.08883796367198796
941,K'=12 (3x),3,0.010205802133498499,0.01061222222222222,-0.038297359423238406
941,K'=20 (5x),5,0.007596755135750863,0.009207333333333333,-0.17492341585502172
941,R'=10 (2x),2,0.02324136672911892,0.017626666666666665,0.3185344210922233
941,R'=20 (4x),4,0.023236531532560056,0.017621666666666667,0.3186341548790346
941,K'=8 + R'=10,2,0.01346227568412417,0.012363333333333332,0.08888722168704538
941,Fix temp,1,0.02286975043823219,0.01716,0.33273603952402037
942,K'=6 (1.5x),1.5,0.00924344027223461,0.014124444444444445,-0.34557140929742375
942,K'=8 (2x),2,0.00893632180244552,0.012368333333333332,-0.2774837513182438
942,K'=12 (3x),3,0.008629203332656429,0.01061222222222222,-0.18686179464026942
942,K'=20 (5x),5,0.008383508556825155,0.009207333333333333,-0.08947485082631722
942,R'=10 (2x),2,0.009848276569177068,0.017626666666666665,-0.4412853686170347
942,R'=20 (4x),4,0.009843576247859203,0.017621666666666667,-0.4413935733741112
942,K'=8 + R'=10,2,0.008931621481127656,0.012363333333333332,-0.2775717324512545
942,Fix temp,1,0.009512466588480104,0.01716,-0.4456604552167772
943,K'=6 (1.5x),1.5,0.0077784882363694475,0.014124444444444445,-0.44928890711670055
943,K'=8 (2x),2,0.0074746577301825065,0.012368333333333332,-0.3956616846638587
943,K'=12 (3x),3,0.007170827223995566,0.01061222222222222,-0.3242859908286032
943,K'=20 (5x),5,0.006927762819046014,0.009207333333333333,-0.24758205571146036
943,R'=10 (2x),2,0.00837645653410112,0.017626666666666665,-0.5247849923921452
943,R'=20 (4x),4,0.008371610176780018,0.017621666666666667,-0.524925176764588
943,K'=8 + R'=10,2,0.007469811372861403,0.012363333333333332,-0.3958092715399242
943,Fix temp,1,0.008066728939420877,0.01716,-0.5299109009661495
944,K'=6 (1.5x),1.5,0.019717364146795424,0.014124444444444445,0.3959744911985432
944,K'=8 (2x),2,0.01568726946964159,0.012368333333333332,0.2683414205342885
944,K'=12 (3x),3,0.011657174792487759,0.01061222222222222,0.09846689490513917
944,K'=20 (5x),5,0.008433099050764694,0.009207333333333333,-0.08408887291673003
944,R'=10 (2x),2,0.027767353215882893,0.017626666666666665,0.5753036998420704
944,R'=20 (4x),4,0.027762253073272795,0.017621666666666667,0.5754612545127851
944,K'=8 + R'=10,2,0.01568216932703149,0.012363333333333332,0.26844184365312695
944,Fix temp,1,0.027272593463546296,0.01716,0.5893119734001336
945,K'=6 (1.5x),1.5,0.004280221139834184,0.014124444444444445,-0.6969635756882657
945,K'=8 (2x),2,0.004035942207938148,0.012368333333333332,-0.67368746465936
945,K'=12 (3x),3,0.0037916632760421104,0.01061222222222222,-0.6427078893898126
945,K'=20 (5x),5,0.0035962401305252812,0.009207333333333333,-0.6094156689748808
945,R'=10 (2x),2,0.004758538440634425,0.017626666666666665,-0.7300375317340531
945,R'=20 (4x),4,0.004753418159138508,0.017621666666666667,-0.7302514995286954
945,K'=8 + R'=10,2,0.004030821926442231,0.012363333333333332,-0.673969647362451
945,Fix temp,1,0.004161641526039254,0.01716,-0.75748009755016
946,K'=6 (1.5x),1.5,0.012411947727532407,0.014124444444444445,-0.12124347429364646
946,K'=8 (2x),2,0.010499779619932682,0.012368333333333332,-0.1510756270098895
946,K'=12 (3x),3,0.008587611512332961,0.01061222222222222,-0.190781032237497
946,K'=20 (5x),5,0.007057877026253181,0.009207333333333333,-0.23345047140831426
946,R'=10 (2x),2,0.016226371441047972,0.017626666666666665,-0.07944186227034947
946,R'=20 (4x),4,0.01622141519020603,0.017621666666666667,-0.07946192054065845
946,K'=8 + R'=10,2,0.010494823369090743,0.012363333333333332,-0.1511331866467449
946,Fix temp,1,0.015375591179734575,0.01716,-0.10398652798749569
947,K'=6 (1.5x),1.5,0.012581969966970637,0.014124444444444445,-0.10920602814084539
947,K'=8 (2x),2,0.010568418805673475,0.012368333333333332,-0.1455260364635378
947,K'=12 (3x),3,0.00855486764437632,0.01061222222222222,-0.1938665186955618
947,K'=20 (5x),5,0.006944026715338589,0.009207333333333333,-0.2458156489024774
947,R'=10 (2x),2,0.016598753391940512,0.017626666666666665,-0.058315806054812035
947,R'=20 (4x),4,0.01659359394312829,0.017621666666666667,-0.05834140112768617
947,K'=8 + R'=10,2,0.010563259356861254,0.012363333333333332,-0.14559778725845873
947,Fix temp,1,0.01621620893709377,0.01716,-0.05499947919033984
948,K'=6 (1.5x),1.5,0.006202866687089759,0.014124444444444445,-0.5608417229090007
948,K'=8 (2x),2,0.005883385378657812,0.012368333333333332,-0.5243186595883725
948,K'=12 (3x),3,0.005563904070225866,0.01061222222222222,-0.47570791925418493
948,K'=20 (5x),5,0.005308319023480307,0.009207333333333333,-0.42346835600460064
948,R'=10 (2x),2,0.006831999497074326,0.017626666666666665,-0.6124054748255866
948,R'=20 (4x),4,0.006827084593634663,0.017621666666666667,-0.6125744106515845
948,K'=8 + R'=10,2,0.005878470475218149,0.012363333333333332,-0.524523822441239
948,Fix temp,1,0.006427626275922376,0.01716,-0.6254297042003278
949,K'=6 (1.5x),1.5,0.016704297941257138,0.014124444444444445,0.1826516792897596
949,K'=8 (2x),2,0.014554112764390085,0.012368333333333332,0.1767238456588131
949,K'=12 (3x),3,0.01240392758752303,0.01061222222222222,0.16883413556389162
949,K'=20 (5x),5,0.010683779446029388,0.009207333333333333,0.16035545355470873
949,R'=10 (2x),2,0.020994359294016274,0.017626666666666665,0.19105669217187643
949,R'=20 (4x),4,0.020989204793528785,0.017621666666666667,0.19110213526125702
949,K'=8 + R'=10,2,0.014548958263902598,0.012363333333333332,0.17678281994359127
949,Fix temp,1,0.020651805487292108,0.01716,0.20348516825711574
950,K'=6 (1.5x),1.5,0.029679640002177026,0.014124444444444445,1.1012960983290845
950,K'=8 (2x),2,0.025656000335915027,0.012368333333333332,1.074329632333785
950,K'=12 (3x),3,0.02163236066965303,0.01061222222222222,1.038438341816326
950,K'=20 (5x),5,0.018413448936643432,0.009207333333333333,0.9998677434628302
950,R'=10 (2x),2,0.03771724605851857,0.017626666666666665,1.1397832484030959
950,R'=20 (4x),4,0.037712409420427334,0.017621666666666667,1.1401159228465336
950,K'=8 + R'=10,2,0.0256511636978238,0.012363333333333332,1.074777327944767
950,Fix temp,1,0.037495453377241514,0.01716,1.1850497306084795
951,K'=6 (1.5x),1.5,0.023907082506300404,0.014124444444444445,0.6926033870099405
951,K'=8 (2x),2,0.022300514473279433,0.012368333333333332,0.8030331065850508
951,K'=12 (3x),3,0.020693946440258463,0.01061222222222222,0.9500106581753345
951,K'=20 (5x),5,0.019408692013841686,0.009207333333333333,1.1079601781741026
951,R'=10 (2x),2,0.02711036101252616,0.017626666666666665,0.5380310710585947
951,R'=20 (4x),4,0.027105432232618066,0.017621666666666667,0.5381877744794135
951,K'=8 + R'=10,2,0.02229558569337134,0.012363333333333332,0.8033636311705048
951,Fix temp,1,0.026600330427301585,0.01716,0.5501358057868055
952,K'=6 (1.5x),1.5,0.0067995645345684365,0.014124444444444445,-0.5185959659289181
952,K'=8 (2x),2,0.0059573990751631166,0.012368333333333332,-0.5183345310473156
952,K'=12 (3x),3,0.005115233615757796,0.01061222222222222,-0.5179865716488308
952,K'=20 (5x),5,0.004441501248233538,0.009207333333333333,-0.5176126368582791
952,R'=10 (2x),2,0.008474117742797816,0.017626666666666665,-0.5192444548337093
952,R'=20 (4x),4,0.008469228887507185,0.017621666666666667,-0.5193854788135523
952,K'=8 + R'=10,2,0.005952510219872486,0.012363333333333332,-0.5185351669016592
952,Fix temp,1,0.007769268928244239,0.01716,-0.5472454004519676
953,K'=6 (1.5x),1.5,0.021673992975224727,0.014124444444444445,0.534502334621008
953,K'=8 (2x),2,0.020647980081146575,0.012368333333333332,0.6694229953763572
953,K'=12 (3x),3,0.01962196718706842,0.01061222222222222,0.8489970127066884
953,K'=20 (5x),5,0.018801156871805894,0.009207333333333333,1.0419763455006041
953,R'=10 (2x),2,0.02371591506854507,0.017626666666666665,0.34545660373742837
953,R'=20 (4x),4,0.023710863221127084,0.017621666666666667,0.3455516818950392
953,K'=8 + R'=10,2,0.02064292823372859,0.012363333333333332,0.6696895309028249
953,Fix temp,1,0.023362711377341153,0.01716,0.36146336697792253
954,K'=6 (1.5x),1.5,0.03415134500282214,0.014124444444444445,1.4178894353791631
954,K'=8 (2x),2,0.03189551784852743,0.012368333333333332,1.5788048388514295
954,K'=12 (3x),3,0.029639690694232706,0.01061222222222222,1.7929768217788125
954,K'=20 (5x),5,0.027835028970796927,0.009207333333333333,2.0231368804717538
954,R'=10 (2x),2,0.03865227874578248,0.017626666666666665,1.1928297321737416
954,R'=20 (4x),4,0.03864691846296794,0.017621666666666667,1.193147742152725
954,K'=8 + R'=10,2,0.03189015756571288,0.012363333333333332,1.579414200516006
954,Fix temp,1,0.03777615856075649,0.01716,1.2014078415359255
955,K'=6 (1.5x),1.5,0.011048469501398726,0.014124444444444445,-0.21777670301613802
955,K'=8 (2x),2,0.009636724178104182,0.012368333333333332,-0.22085507251549524
955,K'=12 (3x),3,0.008224978854809635,0.01061222222222222,-0.224952259519561
955,K'=20 (5x),5,0.007095582596173998,0.009207333333333333,-0.2293553041589315
955,R'=10 (2x),2,0.013862103974148825,0.017626666666666665,-0.21357201356946903
955,R'=20 (4x),4,0.013857175887229326,0.017621666666666667,-0.21362853188900074
955,K'=8 + R'=10,2,0.009631796091184683,0.012363333333333332,-0.22093857445257342
955,Fix temp,1,0.01326973273651371,0.01716,-0.22670555148521507
956,K'=6 (1.5x),1.5,0.03813889222935714,0.014124444444444445,1.7002047676542968
956,K'=8 (2x),2,0.029971254660877543,0.012368333333333332,1.4232250096383947
956,K'=12 (3x),3,0.021803617092397958,0.01061222222222222,1.0545760007494676
956,K'=20 (5x),5,0.015269507037614285,0.009207333333333333,0.6584071071190666
956,R'=10 (2x),2,0.054464480797901144,0.017626666666666665,2.0898911193968126
956,R'=20 (4x),4,0.05445963751369356,0.017621666666666667,2.0904930018174723
956,K'=8 + R'=10,2,0.02996641137666996,0.012363333333333332,1.4238132685362601
956,Fix temp,1,0.05407702705933606,0.01716,2.1513419032247114
957,K'=6 (1.5x),1.5,0.008243544296884418,0.014124444444444445,-0.4163632892388313
957,K'=8 (2x),2,0.007436580199484772,0.012368333333333332,-0.39874031536304216
957,K'=12 (3x),3,0.0066296161020851264,0.01061222222222222,-0.37528484013437186
957,K'=20 (5x),5,0.0059840448241654095,0.009207333333333333,-0.35007839864976364
957,R'=10 (2x),2,0.009847297215280416,0.017626666666666665,-0.44134092954158
957,R'=20 (4x),4,0.009842209577078768,0.017621666666666667,-0.4414711296465279
957,K'=8 + R'=10,2,0.0074314925612831255,0.012363333333333332,-0.39890866314776546
957,Fix temp,1,0.00954135142962015,0.01716,-0.4439771894160752
958,K'=6 (1.5x),1.5,0.023524613541871124,0.014124444444444445,0.6655248731658284
958,K'=8 (2x),2,0.018661934695386583,0.012368333333333332,0.5088479742934848
958,K'=12 (3x),3,0.013799255848902039,0.01061222222222222,0.30031727190993995
958,K'=20 (5x),5,0.009909112771714404,0.009207333333333333,0.07621961896833003
958,R'=10 (2x),2,0.03323998551870682,0.017626666666666665,0.8857783009856367
958,R'=20 (4x),4,0.03323499266064012,0.017621666666666667,0.8860300384360228
958,K'=8 + R'=10,2,0.018656941837319883,0.012363333333333332,0.509054341115116
958,Fix temp,1,0.03291656207218508,0.01716,0.9182145729711584
959,K'=6 (1.5x),1.5,0.03199470560656762,0.014124444444444445,1.2652009948010428
959,K'=8 (2x),2,0.029087300495211084,0.012368333333333332,1.3517558680941453
959,K'=12 (3x),3,0.02617989538385454,0.01061222222222222,1.4669569516772158
959,K'=20 (5x),5,0.02385397129476931,0.009207333333333333,1.5907578699698768
959,R'=10 (2x),2,0.03779976608203109,0.017626666666666665,1.1444647928535037
959,R'=20 (4x),4,0.037794891208406275,0.017621666666666667,1.1447966258435416
959,K'=8 + R'=10,2,0.029082425621586274,0.012363333333333332,1.3523126682329152
959,Fix temp,1,0.03738343938784851,0.01716,1.1785221088489803
960,K'=6 (1.5x),1.5,0.00833650940260623,0.014124444444444445,-0.409781429960226
960,K'=8 (2x),2,0.007249729553437256,0.012368333333333332,-0.4138474960163921
960,K'=12 (3x),3,0.006162949704268282,0.01061222222222222,-0.4192592677372574
960,K'=20 (5x),5,0.005293525824933102,0.009207333333333333,-0.42507503168491395
960,R'=10 (2x),2,0.010499876857819026,0.017626666666666665,-0.40431863514642435
960,R'=20 (4x),4,0.01049478073625645,0.017621666666666667,-0.40443881190259434
960,K'=8 + R'=10,2,0.007244633431874679,0.012363333333333332,-0.4140226396434608
960,Fix temp,1,0.010237018597070692,0.01716,-0.4034371446928502
961,K'=6 (1.5x),1.5,0.02214137154297511,0.014124444444444445,0.5675923842572056
961,K'=8 (2x),2,0.02097300775675517,0.012368333333333332,0.6957020150994615
961,K'=12 (3x),3,0.019804643970535232,0.01061222222222222,0.8662108233150153
961,K'=20 (5x),5,0.018869952941559277,0.009207333333333333,1.0494482233248075
961,R'=10 (2x),2,0.024468313673903223,0.017626666666666665,0.3881418498810453
961,R'=20 (4x),4,0.024463420953147342,0.017621666666666667,0.3882580697898803
961,K'=8 + R'=10,2,0.02096811503599929,0.012363333333333332,0.6959920492854644
961,Fix temp,1,0.023881182404773955,0.01716,0.3916772963154984
962,K'=6 (1.5x),1.5,0.010921566699824511,0.014124444444444445,-0.22676132553161893
962,K'=8 (2x),2,0.00856275150916141,0.012368333333333332,-0.30768752115660336
962,K'=12 (3x),3,0.006203936318498311,0.01061222222222222,-0.41539705929761483
962,K'=20 (5x),5,0.004316884165967831,0.009207333333333333,-0.5311471834804325
962,R'=10 (2x),2,0.015629015614171262,0.017626666666666665,-0.11333118679058643
962,R'=20 (4x),4,0.015623924880681539,0.017621666666666667,-0.11336849253675182
962,K'=8 + R'=10,2,0.008557660775671687,0.012363333333333332,-0.3078192955779169
962,Fix temp,1,0.014873240721990505,0.01716,-0.13326103018703359
963,K'=6 (1.5x),1.5,0.02381371083152545,0.014124444444444445,0.6859927429494105
963,K'=8 (2x),2,0.019179860197632747,0.012368333333333332,0.550723099121365
963,K'=12 (3x),3,0.014546009563740048,0.01061222222222222,0.3706845992425971
963,K'=20 (5x),5,0.010838929056625887,0.009207333333333333,0.1772061099803657
963,R'=10 (2x),2,0.033071312102119034,0.017626666666666665,0.8762090829492646
963,R'=20 (4x),4,0.03306626210352313,0.017621666666666667,0.8764548625852525
963,K'=8 + R'=10,2,0.019174810199036836,0.012363333333333332,0.5509417793774741
963,Fix temp,1,0.03249909735913241,0.01716,0.8938867924902334
964,K'=6 (1.5x),1.5,0.02470303731211243,0.014124444444444445,0.7489563861627743
964,K'=8 (2x),2,0.022289780987128853,0.012368333333333332,0.8021652866564227
964,K'=12 (3x),3,0.01987652466214528,0.01061222222222222,0.8729842106513196
964,K'=20 (5x),5,0.017945919602158418,0.009207333333333333,0.9490898127027462
964,R'=10 (2x),2,0.029519322544491074,0.017626666666666665,0.6746968160641684
964,R'=20 (4x),4,0.02951420883569682,0.017621666666666667,0.6748818028391272
964,K'=8 + R'=10,2,0.0222846672783346,0.012363333333333332,0.8024805024266326
964,Fix temp,1,0.02895247840963855,0.01716,0.6872073665290528
965,K'=6 (1.5x),1.5,0.00836002106927235,0.014124444444444445,-0.40811682171608593
965,K'=8 (2x),2,0.007080439435679066,0.012368333333333332,-0.4275348792066514
965,K'=12 (3x),3,0.005800857802085781,0.01061222222222222,-0.4533795391187097
965,K'=20 (5x),5,0.004777192495211154,0.009207333333333333,-0.4811535194542951
965,R'=10 (2x),2,0.010909284793106537,0.017626666666666665,-0.38109201249395586
965,R'=20 (4x),4,0.010904335021430346,0.017621666666666667,-0.3811972937805535
965,K'=8 + R'=10,2,0.007075489664002875,0.012363333333333332,-0.42770372089488734
965,Fix temp,1,0.010494257443126636,0.01716,-0.3884465359483313
966,K'=6 (1.5x),1.5,0.0194236527358832,0.014124444444444445,0.3751799451144494
966,K'=8 (2x),2,0.018537481297330825,0.012368333333333332,0.4987857132998917
966,K'=12 (3x),3,0.017651309858778445,0.01061222222222222,0.6633000599833109
966,K'=20 (5x),5,0.016942372707936543,0.009207333333333333,0.840095508066383
966,R'=10 (2x),2,0.021186842727200367,0.017626666666666665,0.2019767054009286
966,R'=20 (4x),4,0.021182266284306573,0.017621666666666667,0.2020580507503966
966,K'=8 + R'=10,2,0.01853290485443703,0.012363333333333332,0.49902169218956854
966,Fix temp,1,0.020653783712758274,0.01716,0.2036004494614378
967,K'=6 (1.5x),1.5,0.03560078608400032,0.014124444444444445,1.5205087693203498
967,K'=8 (2x),2,0.03456834325673486,0.012368333333333332,1.7949071491767843
967,K'=12 (3x),3,0.03353590042946939,0.01061222222222222,2.1601204467095023
967,K'=20 (5x),5,0.032709946167657024,0.009207333333333333,2.552597150929371
967,R'=10 (2x),2,0.037655818955750736,0.017626666666666665,1.1362983522551477
967,R'=20 (4x),4,0.03765089256436048,0.017621666666666667,1.1366249445395145
967,K'=8 + R'=10,2,0.0345634168653446,0.012363333333333332,1.795639002319596
967,Fix temp,1,0.037388563762522385,0.01716,1.1788207320817239
968,K'=6 (1.5x),1.5,0.009755403542944829,0.014124444444444445,-0.30932479636167826
968,K'=8 (2x),2,0.008556939644246109,0.012368333333333332,-0.308157419950456
968,K'=12 (3x),3,0.0073584757455473935,0.01061222222222222,-0.3066036885150607
968,K'=20 (5x),5,0.00639970462658842,0.009207333333333333,-0.30493397003239225
968,R'=10 (2x),2,0.012142415406706571,0.017626666666666665,-0.31113377042133666
968,R'=20 (4x),4,0.012137457439888725,0.017621666666666667,-0.3112196667045082
968,K'=8 + R'=10,2,0.008551981677428263,0.012363333333333332,-0.3082786456650097
968,Fix temp,1,0.011951922102136043,0.01716,-0.30350104299906516
969,K'=6 (1.5x),1.5,0.01103726235309927,0.014124444444444445,-0.21857016065219145
969,K'=8 (2x),2,0.009153079492786254,0.012368333333333332,-0.2599585371686089
969,K'=12 (3x),3,0.007268896632473239,0.01061222222222222,-0.31504481528364403
969,K'=20 (5x),5,0.005761550344222827,0.009207333333333333,-0.3742433193588994
969,R'=10 (2x),2,0.014795874448618095,0.017626666666666665,-0.16059713793770258
969,R'=20 (4x),4,0.014790997636064491,0.017621666666666667,-0.16063571534676116
969,K'=8 + R'=10,2,0.00914820268023265,0.012363333333333332,-0.26005370610143014
969,Fix temp,1,0.014678592528218168,0.01716,-0.14460416502225137
970,K'=6 (1.5x),1.5,0.007502225559749025,0.014124444444444445,-0.4688480959900785
970,K'=8 (2x),2,0.0064498350762405695,0.012368333333333332,-0.47852027412150083
970,K'=12 (3x),3,0.005397444592732112,0.01061222222222222,-0.49139355738049406
970,K'=20 (5x),5,0.004555532205925346,0.009207333333333333,-0.5052278394838882
970,R'=10 (2x),2,0.009597033740380598,0.017626666666666665,-0.4555389330343836
970,R'=20 (4x),4,0.009592047347187929,0.017621666666666667,-0.45566741621935525
970,K'=8 + R'=10,2,0.006444848683047899,0.012363333333333332,-0.4787126975156727
970,Fix temp,1,0.009348016056308698,0.01716,-0.45524381956243026
971,K'=6 (1.5x),1.5,0.022001464940435003,0.014124444444444445,0.5576871024537053
971,K'=8 (2x),2,0.018130363298033615,0.012368333333333332,0.46586955650453715
971,K'=12 (3x),3,0.014259261655632226,0.01061222222222222,0.3436640655501
971,K'=20 (5x),5,0.011162380341711116,0.009207333333333333,0.21233585638742117
971,R'=10 (2x),2,0.029733659766589586,0.017626666666666665,0.6868566433390462
971,R'=20 (4x),4,0.029728655537265492,0.017621666666666667,0.6870512931390612
971,K'=8 + R'=10,2,0.01812535906870952,0.012363333333333332,0.46605762216577434
971,Fix temp,1,0.029602850019692845,0.01716,0.7251078100054104
972,K'=6 (1.5x),1.5,0.03650215591134512,0.014124444444444445,1.5843250723891287
972,K'=8 (2x),2,0.030451603079032608,0.012368333333333332,1.462061965694592
972,K'=12 (3x),3,0.024401050246720093,0.01061222222222222,1.299334647895308
972,K'=20 (5x),5,0.019560607980870084,0.009207333333333333,1.1244596315476885
972,R'=10 (2x),2,0.04859360402716006,0.017626666666666665,1.7568232239311683
972,R'=20 (4x),4,0.04858877525275501,0.017621666666666667,1.7573314245392042
972,K'=8 + R'=10,2,0.030446774304627566,0.012363333333333332,1.4626671047150903
972,Fix temp,1,0.048504709246461074,0.01716,1.8266147579522767
973,K'=6 (1.5x),1.5,0.027450371273074505,0.014124444444444445,0.9434655558344127
973,K'=8 (2x),2,0.02479921599215297,0.012368333333333332,1.0050572153741792
973,K'=12 (3x),3,0.022148060711231436,0.01061222222222222,1.0870332572618882
973,K'=20 (5x),5,0.0200271364864942,0.009207333333333333,1.1751288632062342
973,R'=10 (2x),2,0.03274269157440569,0.017626666666666665,0.8575657095918507
973,R'=20 (4x),4,0.032737696444149735,0.017621666666666667,0.8578093130133208
973,K'=8 + R'=10,2,0.024794220861897025,0.012363333333333332,1.0054640761847151
973,Fix temp,1,0.03190388711101879,0.01716,0.8592008805955004
974,K'=6 (1.5x),1.5,0.02304016777642282,0.014124444444444445,0.6312264788216281
974,K'=8 (2x),2,0.022380807913974836,0.012368333333333332,0.8095249627253609
974,K'=12 (3x),3,0.02172144805152685,0.01061222222222222,1.0468331322766378
974,K'=20 (5x),5,0.02119396016156846,0.009207333333333333,1.3018565087504665
974,R'=10 (2x),2,0.024348882261147977,0.017626666666666665,0.3813662402315419
974,R'=20 (4x),4,0.02434387964106257,0.017621666666666667,0.3814743010155624
974,K'=8 + R'=10,2,0.02237580529388943,0.012363333333333332,0.8098521402444943
974,Fix temp,1,0.02423374403768441,0.01716,0.41222284601890485
975,K'=6 (1.5x),1.5,0.023817514000163867,0.014124444444444445,0.686262004416888
975,K'=8 (2x),2,0.020178179923621052,0.012368333333333332,0.6314388834621524
975,K'=12 (3x),3,0.016538845847078244,0.01061222222222222,0.5584714964265963
975,K'=20 (5x),5,0.013627378585843996,0.009207333333333333,0.4800570471918032
975,R'=10 (2x),2,0.03108668388429701,0.017626666666666665,0.7636167105312224
975,R'=20 (4x),4,0.031081934749820773,0.017621666666666667,0.763847616560339
975,K'=8 + R'=10,2,0.020173430789144815,0.012363333333333332,0.6317145421254907
975,Fix temp,1,0.030778142330060126,0.01716,0.7935980378822916
976,K'=6 (1.5x),1.5,0.018596593390394753,0.014124444444444445,0.3166247680424227
976,K'=8 (2x),2,0.016696220621496456,0.012368333333333332,0.3499167730626432
976,K'=12 (3x),3,0.014795847852598161,0.01061222222222222,0.39422710368949293
976,K'=20 (5x),5,0.013275549637479523,0.009207333333333333,0.4418452288914116
976,R'=10 (2x),2,0.022387687216308117,0.017626666666666665,0.2701032838298857
976,R'=20 (4x),4,0.022382861360366504,0.017621666666666667,0.2701898057523789
976,K'=8 + R'=10,2,0.016691394765554843,0.012363333333333332,0.3500723725172428
976,Fix temp,1,0.02140024469849257,0.01716,0.2471005069051614
977,K'=6 (1.5x),1.5,0.015534221789296478,0.014124444444444445,0.09981117136302942
977,K'=8 (2x),2,0.014365941417864523,0.012368333333333332,0.16150988420950205
977,K'=12 (3x),3,0.013197661046432569,0.01061222222222222,0.24362840977796185
977,K'=20 (5x),5,0.012263036749287007,0.009207333333333333,0.3318771359011304
977,R'=10 (2x),2,0.017860998970662498,0.017626666666666665,0.013294192738038897
977,R'=20 (4x),4,0.017856107189913557,0.017621666666666667,0.013304106114455077
977,K'=8 + R'=10,2,0.01436104963711558,0.012363333333333332,0.1615839555499257
977,Fix temp,1,0.01747053086054923,0.01716,0.01809620399471031
978,K'=6 (1.5x),1.5,0.0070994398505883185,0.014124444444444445,-0.49736502001813354
978,K'=8 (2x),2,0.006353845885047194,0.012368333333333332,-0.48628115738737143
978,K'=12 (3x),3,0.005608251919506068,0.01061222222222222,-0.47152897837342034
978,K'=20 (5x),5,0.005011776747073169,0.009207333333333333,-0.45567553974297637
978,R'=10 (2x),2,0.00858042785577574,0.017626666666666665,-0.5132132457010737
978,R'=20 (4x),4,0.008575327892828326,0.017621666666666667,-0.5133645383810654
978,K'=8 + R'=10,2,0.00634874592209978,0.012363333333333332,-0.48648590546510273
978,Fix temp,1,0.008309556167487454,0.01716,-0.5157601300997988
979,K'=6 (1.5x),1.5,0.008073906826406256,0.014124444444444445,-0.428373494039834
979,K'=8 (2x),2,0.006490923475779164,0.012368333333333332,-0.4751982097470019
979,K'=12 (3x),3,0.004907940125152072,0.01061222222222222,-0.5375200384633163
979,K'=20 (5x),5,0.0036415534446503986,0.009207333333333333,-0.6044942316287308
979,R'=10 (2x),2,0.011229894712188257,0.017626666666666665,-0.36290309877903226
979,R'=20 (4x),4,0.011224905304452165,0.017621666666666667,-0.3630054683938997
979,K'=8 + R'=10,2,0.0064859340680430725,0.012363333333333332,-0.4753895334556695
979,Fix temp,1,0.010957572553746726,0.01716,-0.36144682087723046
980,K'=6 (1.5x),1.5,0.010860590318201533,0.014124444444444445,-0.2310784073016536
980,K'=8 (2x),2,0.008482129839637463,0.012368333333333332,-0.3142059151350925
980,K'=12 (3x),3,0.006103669361073393,0.01061222222222222,-0.4248453120127678
980,K'=20 (5x),5,0.004200900978222138,0.009207333333333333,-0.5437440107643756
980,R'=10 (2x),2,0.015607125932810823,0.017626666666666665,-0.11457303709469607
980,R'=20 (4x),4,0.015601933261551397,0.017621666666666667,-0.11461648000275818
980,K'=8 + R'=10,2,0.008476937168378038,0.012363333333333332,-0.31434857090498475
980,Fix temp,1,0.015380373997447567,0.01716,-0.10370780900655216
981,K'=6 (1.5x),1.5,0.013631474637084855,0.014124444444444445,-0.034901890074231515
981,K'=8 (2x),2,0.012084414333811876,0.012368333333333332,-0.022955315956457858
981,K'=12 (3x),3,0.010537354030538895,0.01061222222222222,-0.007054902367814195
981,K'=20 (5x),5,0.009299705787920514,0.009207333333333333,0.010032487284104774
981,R'=10 (2x),2,0.0167155649788526,0.017626666666666665,-0.05168882495163013
981,R'=20 (4x),4,0.01671054984646349,0.017621666666666667,-0.051704349959510613
981,K'=8 + R'=10,2,0.01207939920142277,0.012363333333333332,-0.022965823557068908
981,Fix temp,1,0.01565479166985818,0.01716,-0.08771610315511777
982,K'=6 (1.5x),1.5,0.003782711691769225,0.014124444444444445,-0.7321868688961374
982,K'=8 (2x),2,0.0035213621203013918,0.012368333333333332,-0.715292107238804
982,K'=12 (3x),3,0.0032600125488335585,0.01061222222222222,-0.692805853423704
982,K'=20 (5x),5,0.003050932891659292,0.009207333333333333,-0.6686409863522599
982,R'=10 (2x),2,0.004295099701408656,0.017626666666666665,-0.7563294420532154
982,R'=20 (4x),4,0.004289944134760538,0.017621666666666667,-0.7565528723298663
982,K'=8 + R'=10,2,0.003516206553653274,0.012363333333333332,-0.7155939697773033
982,Fix temp,1,0.003148220246843527,0.01716,-0.8165372816524752
983,K'=6 (1.5x),1.5,0.019349294312932527,0.014124444444444445,0.3699154249244237
983,K'=8 (2x),2,0.017471710719969117,0.012368333333333332,0.4126164171919514
983,K'=12 (3x),3,0.015594127127005714,0.01061222222222222,0.4694497345100141
983,K'=20 (5x),5,0.01409206025263499,0.009207333333333333,0.5305256953842941
983,R'=10 (2x),2,0.023094513713662227,0.017626666666666665,0.3102031229384774
983,R'=20 (4x),4,0.02308953982106367,0.017621666666666667,0.3102926220219618
983,K'=8 + R'=10,2,0.01746673682737056,0.012363333333333332,0.4127853998951655
983,Fix temp,1,0.022339207986924296,0.01716,0.30181864725666047
984,K'=6 (1.5x),1.5,0.007083179047612226,0.014124444444444445,-0.4985162725888135
984,K'=8 (2x),2,0.005924120784382131,0.012368333333333332,-0.5210251353416954
984,K'=12 (3x),3,0.004765062521152037,0.01061222222222222,-0.5509835337622413
984,K'=20 (5x),5,0.0038378159105679596,0.009207333333333333,-0.5831783458220303
984,R'=10 (2x),2,0.009391302952905637,0.017626666666666665,-0.46721049813319
984,R'=20 (4x),4,0.009386306642322246,0.017621666666666667,-0.46734285582206114
984,K'=8 + R'=10,2,0.005919124473798741,0.012363333333333332,-0.5212355507846799
984,Fix temp,1,0.008629479583883595,0.01716,-0.4971165743657579
985,K'=6 (1.5x),1.5,0.004750163764610674,0.014124444444444445,-0.663691992750975
985,K'=8 (2x),2,0.004682606082230973,0.012368333333333332,-0.6214036316751672
985,K'=12 (3x),3,0.00461504839985127,0.01061222222222222,-0.5651195100129679
985,K'=20 (5x),5,0.004561002253947509,0.009207333333333333,-0.5046337426021821
985,R'=10 (2x),2,0.004875197078733639,0.017626666666666665,-0.7234192277571687
985,R'=20 (4x),4,0.004870156053415419,0.017621666666666667,-0.7236268200085831
985,K'=8 + R'=10,2,0.004677565056912753,0.012363333333333332,-0.6216582590795832
985,Fix temp,1,0.00449060903859411,0.01716,-0.7383094965854249
986,K'=6 (1.5x),1.5,0.013708530599849231,0.014124444444444445,-0.029446386102556028
986,K'=8 (2x),2,0.01144815394435432,0.012368333333333332,-0.07439801015865886
986,K'=12 (3x),3,0.009187777288859405,0.01061222222222222,-0.13422682860711285
986,K'=20 (5x),5,0.007379475964463473,0.009207333333333333,-0.1985219066906661
986,R'=10 (2x),2,0.018219301064846687,0.017626666666666665,0.03362146737027356
986,R'=20 (4x),4,0.0182143096418505,0.017621666666666667,0.03363149390998773
986,K'=8 + R'=10,2,0.011443162521358134,0.012363333333333332,-0.07442740458143964
986,Fix temp,1,0.01749410271414622,0.01716,0.01946985513672594
987,K'=6 (1.5x),1.5,0.011297970284921674,0.014124444444444445,-0.2001122359636952
987,K'=8 (2x),2,0.01021437070108994,0.012368333333333332,-0.17415140538283727
987,K'=12 (3x),3,0.009130771117258202,0.01061222222222222,-0.13959857548608698
987,K'=20 (5x),5,0.008263891450192816,0.009207333333333333,-0.10246635469631277
987,R'=10 (2x),2,0.01345553789878914,0.017626666666666665,-0.2366374111882106
987,R'=20 (4x),4,0.013450722121891138,0.017621666666666667,-0.2366941007155318
987,K'=8 + R'=10,2,0.010209554924191937,0.012363333333333332,-0.17420693522308398
987,Fix temp,1,0.013058921941461962,0.01716,-0.23899056285186712
988,K'=6 (1.5x),1.5,0.011765313636343104,0.014124444444444445,-0.1670246796169923
988,K'=8 (2x),2,0.009627231465566745,0.012368333333333332,-0.22162257386604936
988,K'=12 (3x),3,0.0074891492947903905,0.01061222222222222,-0.2942901931408908
988,K'=20 (5x),5,0.005778683558169306,0.009207333333333333,-0.3723824967595425
988,R'=10 (2x),2,0.016031799369644304,0.017626666666666665,-0.09048036859052731
988,R'=20 (4x),4,0.016026960065518552,0.017621666666666667,-0.09049692241453411
988,K'=8 + R'=10,2,0.00962239216144099,0.012363333333333332,-0.2216992050600439
988,Fix temp,1,0.015224243476678884,0.01716,-0.11280632420286232
989,K'=6 (1.5x),1.5,0.011211501833567138,0.014124444444444445,-0.20623413701931848
989,K'=8 (2x),2,0.009991224535685553,0.012368333333333332,-0.1921931382008715
989,K'=12 (3x),3,0.008770947237803969,0.01061222222222222,-0.17350512888455943
989,K'=20 (5x),5,0.0077947253994987,0.009207333333333333,-0.15342204769762863
989,R'=10 (2x),2,0.013642206196632553,0.017626666666666665,-0.2260473035193332
989,R'=20 (4x),4,0.013637281080283677,0.017621666666666667,-0.22610719302277446
989,K'=8 + R'=10,2,0.009986299419336677,0.012363333333333332,-0.19226480835777746
989,Fix temp,1,0.013420080698594686,0.01716,-0.21794401523340995
990,K'=6 (1.5x),1.5,0.005300681143995165,0.014124444444444445,-0.6247157780368432
990,K'=8 (2x),2,0.004238616241155498,0.012368333333333332,-0.6573009372465571
990,K'=12 (3x),3,0.003176551338315832,0.01061222222222222,-0.7006704842964874
990,K'=20 (5x),5,0.0023268994160440984,0.009207333333333333,-0.7472775958246218
990,R'=10 (2x),2,0.0074150096259038125,0.017626666666666665,-0.5793300136590122
990,R'=20 (4x),4,0.007410108964018469,0.017621666666666667,-0.5794887564162413
990,K'=8 + R'=10,2,0.004233715579270154,0.012363333333333332,-0.6575587290965095
990,Fix temp,1,0.00708949089465578,0.01716,-0.5868595049734394
991,K'=6 (1.5x),1.5,0.01407130578816611,0.014124444444444445,-0.0037621767346209447
991,K'=8 (2x),2,0.01312229742359435,0.012368333333333332,0.06095923112203357
991,K'=12 (3x),3,0.012173289059022591,0.01061222222222222,0.14710084317038355
991,K'=20 (5x),5,0.011414082367365186,0.009207333333333333,0.23967298175713414
991,R'=10 (2x),2,0.015959467160742976,0.017626666666666665,-0.09458393566132883
991,R'=20 (4x),4,0.015954539482459652,0.017621666666666667,-0.09460666892312579
991,K'=8 + R'=10,2,0.013117369745311025,0.012363333333333332,0.06098973405050091
991,Fix temp,1,0.015396205980144493,0.01716,-0.10278519929227906
992,K'=6 (1.5x),1.5,0.012729971570864107,0.014124444444444445,-0.09872762635480677
992,K'=8 (2x),2,0.012327925035658788,0.012368333333333332,-0.0032670770252966014
992,K'=12 (3x),3,0.011925878500453468,0.01061222222222222,0.1237871061049233
992,K'=20 (5x),5,0.011604241272289208,0.009207333333333333,0.26032596542131725
992,R'=10 (2x),2,0.01352392081916148,0.017626666666666665,-0.2327578960384939
992,R'=20 (4x),4,0.013518848908104845,0.017621666666666667,-0.23282801996945932
992,K'=8 + R'=10,2,0.012322853124602153,0.012363333333333332,-0.0032742147800899624
992,Fix temp,1,0.012928478227398706,0.01716,-0.24659217789051838
993,K'=6 (1.5x),1.5,0.018693745012680046,0.014124444444444445,0.32350302953209886
993,K'=8 (2x),2,0.01706891436234566,0.012368333333333332,0.380049672201509
993,K'=12 (3x),3,0.01544408371201128,0.01061222222222222,0.4553109978861014
993,K'=20 (5x),5,0.014144219191743775,0.009207333333333333,0.536190629760022
993,R'=10 (2x),2,0.02193325371408657,0.017626666666666665,0.24432226063274806
993,R'=20 (4x),4,0.021928177414455453,0.017621666666666667,0.2443872551473821
993,K'=8 + R'=10,2,0.017063838062714543,0.012363333333333332,0.3801972010823304
993,Fix temp,1,0.021396771075226754,0.01716,0.24689808130692026
994,K'=6 (1.5x),1.5,0.01541525513508539,0.014124444444444445,0.09138842208754333
994,K'=8 (2x),2,0.013770170029901135,0.012368333333333332,0.11334079206854632
994,K'=12 (3x),3,0.012125084924716879,0.01061222222222222,0.142558520808836
994,K'=20 (5x),5,0.010809016840569476,0.009207333333333333,0.17395737172212114
994,R'=10 (2x),2,0.018695247236065495,0.017626666666666665,0.06062295212171878
994,R'=20 (4x),4,0.018690158181371295,0.017621666666666667,0.06063509967112233
994,K'=8 + R'=10,2,0.013765080975206932,0.012363333333333332,0.11337942641199242
994,Fix temp,1,0.018404805351020143,0.01716,0.07254110437180313
995,K'=6 (1.5x),1.5,0.0031882702374359645,0.014124444444444445,-0.7742728749455343
995,K'=8 (2x),2,0.0030526013748707515,0.012368333333333332,-0.7531921809833647
995,K'=12 (3x),3,0.0029169325123055384,0.01061222222222222,-0.7251346182520171
995,K'=20 (5x),5,0.0028083974222533675,0.009207333333333333,-0.6949825404836687
995,R'=10 (2x),2,0.0034498477985660386,0.017626666666666665,-0.8042824622598692
995,R'=20 (4x),4,0.003444967716565863,0.017621666666666667,-0.8045038655121992
995,K'=8 + R'=10,2,0.0030477212928705756,0.012363333333333332,-0.7534870887405842
995,Fix temp,1,0.0030032111297390745,0.01716,-0.8249876964021519
996,K'=6 (1.5x),1.5,0.015298043791065348,0.014124444444444445,0.08308994744798714
996,K'=8 (2x),2,0.01489438202445104,0.012368333333333332,0.20423517243910858
996,K'=12 (3x),3,0.014490720257836735,0.01061222222222222,0.36547463428468885
996,K'=20 (5x),5,0.01416779084454529,0.009207333333333333,0.5387507252782517
996,R'=10 (2x),2,0.016095320241605218,0.017626666666666665,-0.0868766882599157
996,R'=20 (4x),4,0.01609029670026085,0.017621666666666667,-0.08690267472273627
996,K'=8 + R'=10,2,0.01488935848310667,0.012363333333333332,0.20431586544405533
996,Fix temp,1,0.01609105685800245,0.01716,-0.06229272389263122
997,K'=6 (1.5x),1.5,0.012764401791627831,0.014124444444444445,-0.09628999272616051
997,K'=8 (2x),2,0.011417812999294556,0.012368333333333332,-0.07685112524232118
997,K'=12 (3x),3,0.010071224206961278,0.01061222222222222,-0.050978768059349644
997,K'=20 (5x),5,0.008993953173094657,0.009207333333333333,-0.023175022833829082
997,R'=10 (2x),2,0.015447219138749448,0.017626666666666665,-0.12364490513902524
997,R'=20 (4x),4,0.01544203901997698,0.017621666666666667,-0.12369020978093376
997,K'=8 + R'=10,2,0.011412632880522088,0.012363333333333332,-0.07689677429047538
997,Fix temp,1,0.014822522429171028,0.01716,-0.13621664165670008
998,K'=6 (1.5x),1.5,0.014595765706922547,0.014124444444444445,0.03336918944542887
998,K'=8 (2x),2,0.013787277423184462,0.012368333333333332,0.11472395282450858
998,K'=12 (3x),3,0.012978789139446376,0.01061222222222222,0.2230038975501769
998,K'=20 (5x),5,0.01233199851245591,0.009207333333333333,0.33936700953470894
998,R'=10 (2x),2,0.016202983163531737,0.017626666666666665,-0.08076873126711015
998,R'=20 (4x),4,0.016198103608098247,0.017621666666666667,-0.0807848136896862
998,K'=8 + R'=10,2,0.013782397867750972,0.012363333333333332,0.11478009175661687
998,Fix temp,1,0.015994766423937386,0.01716,-0.06790405454910349
999,K'=6 (1.5x),1.5,0.008946992628460009,0.014124444444444445,-0.36655967860179295
999,K'=8 (2x),2,0.007521367829408834,0.012368333333333332,-0.39188509666550314
999,K'=12 (3x),3,0.0060957430303576554,0.01061222222222222,-0.4255922178492419
999,K'=20 (5x),5,0.004955243191116714,0.009207333333333333,-0.4618155972286531
999,R'=10 (2x),2,0.011788468071738637,0.017626666666666665,-0.3312139898786703
999,R'=20 (4x),4,0.011783580994326774,0.017621666666666667,-0.33130156090077895
999,K'=8 + R'=10,2,0.00751648075199697,0.012363333333333332,-0.39203444982499563
999,Fix temp,1,0.011351777564414961,0.01716,-0.3384745009082191
1000,K'=6 (1.5x),1.5,0.007802241453587908,0.014124444444444445,-0.44760719727587184
1000,K'=8 (2x),2,0.0074825941512791025,0.012368333333333332,-0.39502001202432796
1000,K'=12 (3x),3,0.007162946848970298,0.01061222222222222,-0.32502856621576076
1000,K'=20 (5x),5,0.006907229007123254,0.009207333333333333,-0.24981221412751561
1000,R'=10 (2x),2,0.00843167600540824,0.017626666666666665,-0.5216522689821346
1000,R'=20 (4x),4,0.008426745979009602,0.017621666666666667,-0.5217963125502921
1000,K'=8 + R'=10,2,0.007477664124880464,0.012363333333333332,-0.3951741069117985
1000,Fix temp,1,0.007917071501563684,0.01716,-0.5386321968785732
