sim,sigma2_delta,kappa_ct,n_scale_points,likert_tau,bt_tau
1,0.3,1,100,0.3606354861295172,0.38055648302726774
1,0.3,0.7,100,0.32897881730821116,0.38055648302726774
1,0.3,0.5,100,0.32973845297718424,0.38055648302726774
1,0.3,0.3,100,0.30160267111853095,0.38055648302726774
1,0.3,1,7,0.33299298015114637,0.38055648302726774
1,0.3,0.7,7,0.3537622879769101,0.38055648302726774
1,0.3,0.5,7,0.35356032590046493,0.38055648302726774
1,0.3,0.3,7,0.37135053988709965,0.38055648302726774
1,0.3,1,5,0.359951784126095,0.38055648302726774
1,0.3,0.7,5,0.3859225038000138,0.38055648302726774
1,0.3,0.5,5,0.35778696203763966,0.38055648302726774
1,0.3,0.3,5,0.29824365870889125,0.38055648302726774
1,0.3,1,3,0.3081476314651219,0.38055648302726774
1,0.3,0.7,3,0.31399781246658565,0.38055648302726774
1,0.3,0.5,3,0.3114351840218954,0.38055648302726774
1,0.3,0.3,3,0.27645170236930583,0.38055648302726774
2,0.3,1,100,0.3980009803630561,0.46954924874791326
2,0.3,0.7,100,0.40843185429165973,0.46954924874791326
2,0.3,0.5,100,0.41649415692821373,0.46954924874791326
2,0.3,0.3,100,0.42888146911519204,0.46954924874791326
2,0.3,1,7,0.42999142907567395,0.46954924874791326
2,0.3,0.7,7,0.43133332856091633,0.46954924874791326
2,0.3,0.5,7,0.4139407930154294,0.46954924874791326
2,0.3,0.3,7,0.4272173991624374,0.46954924874791326
2,0.3,1,5,0.4130877296591797,0.46954924874791326
2,0.3,0.7,5,0.4393613321959482,0.46954924874791326
2,0.3,0.5,5,0.4390265511187592,0.46954924874791326
2,0.3,0.3,5,0.4252313603633088,0.46954924874791326
2,0.3,1,3,0.3789312798037483,0.46954924874791326
2,0.3,0.7,3,0.39264895500339614,0.46954924874791326
2,0.3,0.5,3,0.3900936529699393,0.46954924874791326
2,0.3,0.3,3,0.30355479274391733,0.46954924874791326
3,0.3,1,100,0.4852572903101284,0.4760267111853089
3,0.3,0.7,100,0.5033931836000384,0.4760267111853089
3,0.3,0.5,100,0.4542793544796884,0.4760267111853089
3,0.3,0.3,100,0.4861324429604898,0.4760267111853089
3,0.3,1,7,0.49124283538413616,0.4760267111853089
3,0.3,0.7,7,0.46646897163995354,0.4760267111853089
3,0.3,0.5,7,0.4762263164029645,0.4760267111853089
3,0.3,0.3,7,0.46191924884647584,0.4760267111853089
3,0.3,1,5,0.4589983714130663,0.4760267111853089
3,0.3,0.7,5,0.4746688318476858,0.4760267111853089
3,0.3,0.5,5,0.49737184055173633,0.4760267111853089
3,0.3,0.3,5,0.5053974918837824,0.4760267111853089
3,0.3,1,3,0.4780264149619341,0.4760267111853089
3,0.3,0.7,3,0.5049279818863607,0.4760267111853089
3,0.3,0.5,3,0.48004381399618623,0.4760267111853089
3,0.3,0.3,3,0.3955970698026218,0.4760267111853089
4,0.3,1,100,0.4352806356191391,0.4413021702838064
4,0.3,0.7,100,0.47880442207500123,0.4413021702838064
4,0.3,0.5,100,0.43690595436839186,0.4413021702838064
4,0.3,0.3,100,0.4607568169170841,0.4413021702838064
4,0.3,1,7,0.42556303556972297,0.4413021702838064
4,0.3,0.7,7,0.4367953505113254,0.4413021702838064
4,0.3,0.5,7,0.4648574736850886,0.4413021702838064
4,0.3,0.3,7,0.45842111567685545,0.4413021702838064
4,0.3,1,5,0.4603545508736351,0.4413021702838064
4,0.3,0.7,5,0.4708347875325932,0.4413021702838064
4,0.3,0.5,5,0.4631916154661347,0.4413021702838064
4,0.3,0.3,5,0.4683735179408616,0.4413021702838064
4,0.3,1,3,0.48077089976526843,0.4413021702838064
4,0.3,0.7,3,0.42431907225249166,0.4413021702838064
4,0.3,0.5,3,0.4470839967452076,0.4413021702838064
4,0.3,0.3,3,0.3526986279932795,0.4413021702838064
5,0.3,1,100,0.35478521269165253,0.3983639398998331
5,0.3,0.7,100,0.3687099852824102,0.3983639398998331
5,0.3,0.5,100,0.35096271563717313,0.3983639398998331
5,0.3,0.3,100,0.3908736783528103,0.3983639398998331
5,0.3,1,7,0.38989690118641773,0.3983639398998331
5,0.3,0.7,7,0.3912916443102644,0.3983639398998331
5,0.3,0.5,7,0.3836952979027698,0.3983639398998331
5,0.3,0.3,7,0.363374177206354,0.3983639398998331
5,0.3,1,5,0.379909528675296,0.3983639398998331
5,0.3,0.7,5,0.3662087003862413,0.3983639398998331
5,0.3,0.5,5,0.3925659404173654,0.3983639398998331
5,0.3,0.3,5,0.36403413373306565,0.3983639398998331
5,0.3,1,3,0.3713952051569463,0.3983639398998331
5,0.3,0.7,3,0.38399254057061794,0.3983639398998331
5,0.3,0.5,3,0.33742735694681114,0.3983639398998331
5,0.3,0.3,3,0.2923322570451804,0.3983639398998331
6,0.3,1,100,0.4133929625482357,0.439777406789093
6,0.3,0.7,100,0.3845496762766939,0.439777406789093
6,0.3,0.5,100,0.34782415136338346,0.439777406789093
6,0.3,0.3,100,0.4082915971062883,0.439777406789093
6,0.3,1,7,0.34919426672885234,0.439777406789093
6,0.3,0.7,7,0.36633371631433187,0.439777406789093
6,0.3,0.5,7,0.3928779784286293,0.439777406789093
6,0.3,0.3,7,0.3751108753420425,0.439777406789093
6,0.3,1,5,0.37450841186775,0.439777406789093
6,0.3,0.7,5,0.37591372891020297,0.439777406789093
6,0.3,0.5,5,0.3857388322233666,0.439777406789093
6,0.3,0.3,5,0.3644622702883096,0.439777406789093
6,0.3,1,3,0.37841255492316545,0.439777406789093
6,0.3,0.7,3,0.3797683489298991,0.439777406789093
6,0.3,0.5,3,0.3456116268265527,0.439777406789093
6,0.3,0.3,3,0.3189079484828582,0.439777406789093
7,0.3,1,100,0.4065877868268103,0.42370617696160273
7,0.3,0.7,100,0.430025848867365,0.42370617696160273
7,0.3,0.5,100,0.433856427378965,0.42370617696160273
7,0.3,0.3,100,0.4606010016694492,0.42370617696160273
7,0.3,1,7,0.45280083058583426,0.42370617696160273
7,0.3,0.7,7,0.43014339743415503,0.42370617696160273
7,0.3,0.5,7,0.43103794788213023,0.42370617696160273
7,0.3,0.3,7,0.4299621954343819,0.42370617696160273
7,0.3,1,5,0.40542871145647263,0.42370617696160273
7,0.3,0.7,5,0.4309229103562985,0.42370617696160273
7,0.3,0.5,5,0.4753159346361871,0.42370617696160273
7,0.3,0.3,5,0.4314466458225897,0.42370617696160273
7,0.3,1,3,0.45464616831866805,0.42370617696160273
7,0.3,0.7,3,0.4732237175855808,0.42370617696160273
7,0.3,0.5,3,0.3713271983906566,0.42370617696160273
7,0.3,0.3,3,0.33242214812803694,0.42370617696160273
8,0.3,1,100,0.3650727867085574,0.4230562689395034
8,0.3,0.7,100,0.38129766638340806,0.4230562689395034
8,0.3,0.5,100,0.3792765720645521,0.4230562689395034
8,0.3,0.3,100,0.4220255982192544,0.4230562689395034
8,0.3,1,7,0.3863966356318048,0.4230562689395034
8,0.3,0.7,7,0.3845540423014051,0.4230562689395034
8,0.3,0.5,7,0.40290050343835343,0.4230562689395034
8,0.3,0.3,7,0.41635456293786655,0.4230562689395034
8,0.3,1,5,0.40744727145141796,0.4230562689395034
8,0.3,0.7,5,0.4272103637744936,0.4230562689395034
8,0.3,0.5,5,0.37643473972637215,0.4230562689395034
8,0.3,0.3,5,0.4071493685067064,0.4230562689395034
8,0.3,1,3,0.42529086719180914,0.4230562689395034
8,0.3,0.7,3,0.3873144063537143,0.4230562689395034
8,0.3,0.5,3,0.36876506623540506,0.4230562689395034
8,0.3,0.3,3,0.3342734501056833,0.4230562689395034
9,0.3,1,100,0.40984711294831766,0.4329728240774247
9,0.3,0.7,100,0.4069316104616767,0.4329728240774247
9,0.3,0.5,100,0.38560934891485815,0.4329728240774247
9,0.3,0.3,100,0.4069671675013913,0.4329728240774247
9,0.3,1,7,0.3608767631925341,0.4329728240774247
9,0.3,0.7,7,0.429458924128643,0.4329728240774247
9,0.3,0.5,7,0.40525228244433886,0.4329728240774247
9,0.3,0.3,7,0.37744517634167474,0.4329728240774247
9,0.3,1,5,0.40630787619543357,0.4329728240774247
9,0.3,0.7,5,0.37952022697728166,0.4329728240774247
9,0.3,0.5,5,0.42262466026754647,0.4329728240774247
9,0.3,0.3,5,0.42038309394955137,0.4329728240774247
9,0.3,1,3,0.3972874507866532,0.4329728240774247
9,0.3,0.7,3,0.38540069338900573,0.4329728240774247
9,0.3,0.5,3,0.38913457127039014,0.4329728240774247
9,0.3,0.3,3,0.28830820434206766,0.4329728240774247
10,0.3,1,100,0.3500987928699587,0.41177518085698395
10,0.3,0.7,100,0.3800066221679211,0.41177518085698395
10,0.3,0.5,100,0.34331663884251534,0.41177518085698395
10,0.3,0.3,100,0.3479688369504731,0.41177518085698395
10,0.3,1,7,0.38905808398661906,0.41177518085698395
10,0.3,0.7,7,0.3940951303946847,0.41177518085698395
10,0.3,0.5,7,0.36984327724927396,0.41177518085698395
10,0.3,0.3,7,0.38185023949451624,0.41177518085698395
10,0.3,1,5,0.3626322167093824,0.41177518085698395
10,0.3,0.7,5,0.37390790905024446,0.41177518085698395
10,0.3,0.5,5,0.4021578903519147,0.41177518085698395
10,0.3,0.3,5,0.4031280465935414,0.41177518085698395
10,0.3,1,3,0.37616268458506896,0.41177518085698395
10,0.3,0.7,3,0.3542239402535518,0.41177518085698395
10,0.3,0.5,3,0.39061664311207517,0.41177518085698395
10,0.3,0.3,3,0.31655005603422687,0.41177518085698395
11,0.3,1,100,0.4301310535109724,0.48277819359728785
11,0.3,0.7,100,0.44118653641388483,0.48277819359728785
11,0.3,0.5,100,0.40879243183082925,0.48277819359728785
11,0.3,0.3,100,0.4158931552587647,0.48277819359728785
11,0.3,1,7,0.44305667861127207,0.48277819359728785
11,0.3,0.7,7,0.41021902727552717,0.48277819359728785
11,0.3,0.5,7,0.42187136809664,0.48277819359728785
11,0.3,0.3,7,0.42686102491076855,0.48277819359728785
11,0.3,1,5,0.41553448237307267,0.48277819359728785
11,0.3,0.7,5,0.44614774435335264,0.48277819359728785
11,0.3,0.5,5,0.43415933344043545,0.48277819359728785
11,0.3,0.3,5,0.3976463173435718,0.48277819359728785
11,0.3,1,3,0.43885134972414336,0.48277819359728785
11,0.3,0.7,3,0.4088159453894033,0.48277819359728785
11,0.3,0.5,3,0.39818280222394187,0.48277819359728785
11,0.3,0.3,3,0.284765583105593,0.48277819359728785
12,0.3,1,100,0.36193668395765566,0.47409015025041745
12,0.3,0.7,100,0.3740856262831016,0.47409015025041745
12,0.3,0.5,100,0.38291597106288267,0.47409015025041745
12,0.3,0.3,100,0.3857874234835838,0.47409015025041745
12,0.3,1,7,0.3419402038576664,0.47409015025041745
12,0.3,0.7,7,0.38506815656651494,0.47409015025041745
12,0.3,0.5,7,0.3953726224267863,0.47409015025041745
12,0.3,0.3,7,0.36118375919954354,0.47409015025041745
12,0.3,1,5,0.39455608184565827,0.47409015025041745
12,0.3,0.7,5,0.3784986022141766,0.47409015025041745
12,0.3,0.5,5,0.3617929528392812,0.47409015025041745
12,0.3,0.3,5,0.3905253656731378,0.47409015025041745
12,0.3,1,3,0.34379766215461993,0.47409015025041745
12,0.3,0.7,3,0.38554033143770466,0.47409015025041745
12,0.3,0.5,3,0.3652021753153604,0.47409015025041745
12,0.3,0.3,3,0.23816857963729138,0.47409015025041745
13,0.3,1,100,0.3727094907097332,0.41232053422370624
13,0.3,0.7,100,0.3810127991096272,0.41232053422370624
13,0.3,0.5,100,0.40464106844741243,0.41232053422370624
13,0.3,0.3,100,0.4368725653867558,0.41232053422370624
13,0.3,1,7,0.4066518261751335,0.41232053422370624
13,0.3,0.7,7,0.3931658641868091,0.41232053422370624
13,0.3,0.5,7,0.4235643240116017,0.41232053422370624
13,0.3,0.3,7,0.419592768057114,0.41232053422370624
13,0.3,1,5,0.4252716792688612,0.41232053422370624
13,0.3,0.7,5,0.41129839777463423,0.41232053422370624
13,0.3,0.5,5,0.4442721453794169,0.41232053422370624
13,0.3,0.3,5,0.41716667876585223,0.41232053422370624
13,0.3,1,3,0.3695154402401212,0.41232053422370624
13,0.3,0.7,3,0.3712146104618855,0.41232053422370624
13,0.3,0.5,3,0.37961122766845967,0.41232053422370624
13,0.3,0.3,3,0.2758574318724058,0.41232053422370624
14,0.3,1,100,0.3870594341772505,0.4202003338898164
14,0.3,0.7,100,0.35591541457985537,0.4202003338898164
14,0.3,0.5,100,0.3713745130773512,0.4202003338898164
14,0.3,0.3,100,0.3934335002782416,0.4202003338898164
14,0.3,1,7,0.3398647826308135,0.4202003338898164
14,0.3,0.7,7,0.321157141428495,0.4202003338898164
14,0.3,0.5,7,0.3619612776639898,0.4202003338898164
14,0.3,0.3,7,0.39387554784489137,0.4202003338898164
14,0.3,1,5,0.38032256381004775,0.4202003338898164
14,0.3,0.7,5,0.36539813297531826,0.4202003338898164
14,0.3,0.5,5,0.3795463104428956,0.4202003338898164
14,0.3,0.3,5,0.3361999138079847,0.4202003338898164
14,0.3,1,3,0.360413342522121,0.4202003338898164
14,0.3,0.7,3,0.35208537577937105,0.4202003338898164
14,0.3,0.5,3,0.38474582709321925,0.4202003338898164
14,0.3,0.3,3,0.2938196104124878,0.4202003338898164
15,0.3,1,100,0.44175349098004735,0.4850194769059544
15,0.3,0.7,100,0.40592097941012806,0.4850194769059544
15,0.3,0.5,100,0.3987312186978298,0.4850194769059544
15,0.3,0.3,100,0.451085141903172,0.4850194769059544
15,0.3,1,7,0.4186224763770551,0.4850194769059544
15,0.3,0.7,7,0.4303220810535571,0.4850194769059544
15,0.3,0.5,7,0.4234167217486519,0.4850194769059544
15,0.3,0.3,7,0.43297943822057633,0.4850194769059544
15,0.3,1,5,0.4081369266738712,0.4850194769059544
15,0.3,0.7,5,0.4260206808668659,0.4850194769059544
15,0.3,0.5,5,0.4581731601079963,0.4850194769059544
15,0.3,0.3,5,0.44872817524386244,0.4850194769059544
15,0.3,1,3,0.4296653531414997,0.4850194769059544
15,0.3,0.7,3,0.4121589651123317,0.4850194769059544
15,0.3,0.5,3,0.4159370864179067,0.4850194769059544
15,0.3,0.3,3,0.35065669374949937,0.4850194769059544
16,0.3,1,100,0.33062961081988074,0.41081803005008355
16,0.3,0.7,100,0.3103394546466333,0.41081803005008355
16,0.3,0.5,100,0.30959376739009464,0.41081803005008355
16,0.3,0.3,100,0.3374958263772955,0.41081803005008355
16,0.3,1,7,0.33153334457466693,0.41081803005008355
16,0.3,0.7,7,0.332155169190925,0.41081803005008355
16,0.3,0.5,7,0.32294918546455714,0.41081803005008355
16,0.3,0.3,7,0.33597414535144704,0.41081803005008355
16,0.3,1,5,0.31027388848941834,0.41081803005008355
16,0.3,0.7,5,0.3001365493698649,0.41081803005008355
16,0.3,0.5,5,0.34524397818392266,0.41081803005008355
16,0.3,0.3,5,0.36722409446408577,0.41081803005008355
16,0.3,1,3,0.2789863353715239,0.41081803005008355
16,0.3,0.7,3,0.31193160066507697,0.41081803005008355
16,0.3,0.5,3,0.2732311992217359,0.41081803005008355
16,0.3,0.3,3,0.2623943998807727,0.41081803005008355
17,0.3,1,100,0.42576545103067126,0.455147468002226
17,0.3,0.7,100,0.4154435599447354,0.455147468002226
17,0.3,0.5,100,0.4393433500278242,0.455147468002226
17,0.3,0.3,100,0.41105175292153595,0.455147468002226
17,0.3,1,7,0.39996717752560423,0.455147468002226
17,0.3,0.7,7,0.39414222054198955,0.455147468002226
17,0.3,0.5,7,0.40558862525865075,0.455147468002226
17,0.3,0.3,7,0.44464923615629187,0.455147468002226
17,0.3,1,5,0.4396188757317633,0.455147468002226
17,0.3,0.7,5,0.46078689957000624,0.455147468002226
17,0.3,0.5,5,0.41624001044771713,0.455147468002226
17,0.3,0.3,5,0.4049887438616604,0.455147468002226
17,0.3,1,3,0.4514177941914815,0.455147468002226
17,0.3,0.7,3,0.3833301404621698,0.455147468002226
17,0.3,0.5,3,0.44019073969674244,0.455147468002226
17,0.3,0.3,3,0.32257032729130886,0.455147468002226
18,0.3,1,100,0.3352914516798209,0.41220923761825273
18,0.3,0.7,100,0.28248191430161385,0.41220923761825273
18,0.3,0.5,100,0.3435948803561492,0.41220923761825273
18,0.3,0.3,100,0.3335447968836951,0.41220923761825273
18,0.3,1,7,0.3190177477719124,0.41220923761825273
18,0.3,0.7,7,0.28935136507103804,0.41220923761825273
18,0.3,0.5,7,0.28727824662262297,0.41220923761825273
18,0.3,0.3,7,0.3150672882532889,0.41220923761825273
18,0.3,1,5,0.3181534412969233,0.41220923761825273
18,0.3,0.7,5,0.32579750203475866,0.41220923761825273
18,0.3,0.5,5,0.3309949939270417,0.41220923761825273
18,0.3,0.3,5,0.2675398989756219,0.41220923761825273
18,0.3,1,3,0.29940551877061655,0.41220923761825273
18,0.3,0.7,3,0.2940184194993359,0.41220923761825273
18,0.3,0.5,3,0.27429943507380733,0.41220923761825273
18,0.3,0.3,3,0.22569405890088143,0.41220923761825273
19,0.3,1,100,0.3955962681225683,0.4448414023372288
19,0.3,0.7,100,0.4236171396772399,0.4448414023372288
19,0.3,0.5,100,0.41184195882025604,0.4448414023372288
19,0.3,0.3,100,0.4303951029493601,0.4448414023372288
19,0.3,1,7,0.41824456323172404,0.4448414023372288
19,0.3,0.7,7,0.4233664888577283,0.4448414023372288
19,0.3,0.5,7,0.4344664187175888,0.4448414023372288
19,0.3,0.3,7,0.4761557350594751,0.4448414023372288
19,0.3,1,5,0.43002091594498626,0.4448414023372288
19,0.3,0.7,5,0.4616516281593889,0.4448414023372288
19,0.3,0.5,5,0.38897871405042794,0.4448414023372288
19,0.3,0.3,5,0.4636178495609864,0.4448414023372288
19,0.3,1,3,0.434462604757309,0.4448414023372288
19,0.3,0.7,3,0.4618739989292277,0.4448414023372288
19,0.3,0.5,3,0.35393688919117117,0.4448414023372288
19,0.3,0.3,3,0.29702984847411995,0.4448414023372288
20,0.3,1,100,0.39748659736166575,0.4336449638286033
20,0.3,0.7,100,0.3961268781302171,0.4336449638286033
20,0.3,0.5,100,0.41265442404006686,0.4336449638286033
20,0.3,0.3,100,0.41021702838063445,0.4336449638286033
20,0.3,1,7,0.4116088389854466,0.4336449638286033
20,0.3,0.7,7,0.39408671544673624,0.4336449638286033
20,0.3,0.5,7,0.3644730736591328,0.4336449638286033
20,0.3,0.3,7,0.3870602470862959,0.4336449638286033
20,0.3,1,5,0.37580435023973047,0.4336449638286033
20,0.3,0.7,5,0.37282151833855964,0.4336449638286033
20,0.3,0.5,5,0.3800445696305725,0.4336449638286033
20,0.3,0.3,5,0.3754228009476348,0.4336449638286033
20,0.3,1,3,0.3956879691902713,0.4336449638286033
20,0.3,0.7,3,0.36465451921399217,0.4336449638286033
20,0.3,0.5,3,0.37457009401796887,0.4336449638286033
20,0.3,0.3,3,0.29159828559388984,0.4336449638286033
21,0.3,1,100,0.3144093384487974,0.4501459380817038
21,0.3,0.7,100,0.28425469400418313,0.4501459380817038
21,0.3,0.5,100,0.33463550361713973,0.4501459380817038
21,0.3,0.3,100,0.33934335002782423,0.4501459380817038
21,0.3,1,7,0.32747362743460556,0.4501459380817038
21,0.3,0.7,7,0.3657151911628861,0.4501459380817038
21,0.3,0.5,7,0.3714730170083389,0.4501459380817038
21,0.3,0.3,7,0.38374164658200766,0.4501459380817038
21,0.3,1,5,0.3474798095678071,0.4501459380817038
21,0.3,0.7,5,0.3534700512914838,0.4501459380817038
21,0.3,0.5,5,0.2946729386827947,0.4501459380817038
21,0.3,0.3,5,0.3605185399271566,0.4501459380817038
21,0.3,1,3,0.3802085647996457,0.4501459380817038
21,0.3,0.7,3,0.3182733066860295,0.4501459380817038
21,0.3,0.5,3,0.32609443923556475,0.4501459380817038
21,0.3,0.3,3,0.22173601678436283,0.4501459380817038
22,0.3,1,100,0.2546650571257762,0.43601558152476355
22,0.3,0.7,100,0.3014134668892599,0.43601558152476355
22,0.3,0.5,100,0.28487479131886484,0.43601558152476355
22,0.3,0.3,100,0.2767390094602115,0.43601558152476355
22,0.3,1,7,0.29651831709404675,0.43601558152476355
22,0.3,0.7,7,0.34417579450484515,0.43601558152476355
22,0.3,0.5,7,0.2962179776584055,0.43601558152476355
22,0.3,0.3,7,0.26077389319489364,0.43601558152476355
22,0.3,1,5,0.2674946097564467,0.43601558152476355
22,0.3,0.7,5,0.3036696360771385,0.43601558152476355
22,0.3,0.5,5,0.2903757270923066,0.43601558152476355
22,0.3,0.3,5,0.33573658501206066,0.43601558152476355
22,0.3,1,3,0.3109972748227031,0.43601558152476355
22,0.3,0.7,3,0.33692629350122516,0.43601558152476355
22,0.3,0.5,3,0.3267308694387064,0.43601558152476355
22,0.3,0.3,3,0.22759494021626359,0.43601558152476355
23,0.3,1,100,0.4520866657829969,0.4489371174179188
23,0.3,0.7,100,0.46912920724808704,0.4489371174179188
23,0.3,0.5,100,0.44976071229827497,0.4489371174179188
23,0.3,0.3,100,0.4539232053422371,0.4489371174179188
23,0.3,1,7,0.45067382934415134,0.4489371174179188
23,0.3,0.7,7,0.4579936874253302,0.4489371174179188
23,0.3,0.5,7,0.4840326930612842,0.4489371174179188
23,0.3,0.3,7,0.4489766201783207,0.4489371174179188
23,0.3,1,5,0.4384843279397617,0.4489371174179188
23,0.3,0.7,5,0.46777559140237246,0.4489371174179188
23,0.3,0.5,5,0.47680598754875286,0.4489371174179188
23,0.3,0.3,5,0.42667602571085445,0.4489371174179188
23,0.3,1,3,0.46086002234579615,0.4489371174179188
23,0.3,0.7,3,0.4458361421645016,0.4489371174179188
23,0.3,0.5,3,0.4584757995621899,0.4489371174179188
23,0.3,0.3,3,0.3375760182235126,0.4489371174179188
24,0.3,1,100,0.3913406428231581,0.368658875904285
24,0.3,0.7,100,0.4061058337655597,0.368658875904285
24,0.3,0.5,100,0.4080133555926545,0.368658875904285
24,0.3,0.3,100,0.39460211463550365,0.368658875904285
24,0.3,1,7,0.3977047921206844,0.368658875904285
24,0.3,0.7,7,0.3781419080048317,0.368658875904285
24,0.3,0.5,7,0.395258202629719,0.368658875904285
24,0.3,0.3,7,0.3848328591444736,0.368658875904285
24,0.3,1,5,0.40437066584484954,0.368658875904285
24,0.3,0.7,5,0.4011388451462977,0.368658875904285
24,0.3,0.5,5,0.41195257813606784,0.368658875904285
24,0.3,0.3,5,0.41081752269354205,0.368658875904285
24,0.3,1,3,0.36454005243325044,0.368658875904285
24,0.3,0.7,3,0.42867705993765215,0.368658875904285
24,0.3,0.5,3,0.3752666751256121,0.368658875904285
24,0.3,0.3,3,0.3056356098448836,0.368658875904285
25,0.3,1,100,0.4199531996378071,0.43454646633277694
25,0.3,0.7,100,0.4160155815247636,0.43454646633277694
25,0.3,0.5,100,0.43070673344463,0.43454646633277694
25,0.3,0.3,100,0.43267668336115755,0.43454646633277694
25,0.3,1,7,0.4401637485285376,0.43454646633277694
25,0.3,0.7,7,0.43599236554111626,0.43454646633277694
25,0.3,0.5,7,0.4675695149996082,0.43454646633277694
25,0.3,0.3,7,0.43267424227755613,0.43454646633277694
25,0.3,1,5,0.43652489545395606,0.43454646633277694
25,0.3,0.7,5,0.4590098992081184,0.43454646633277694
25,0.3,0.5,5,0.46845970911909623,0.43454646633277694
25,0.3,0.3,5,0.49158530444874166,0.43454646633277694
25,0.3,1,3,0.42062666086152184,0.43454646633277694
25,0.3,0.7,3,0.43204717305015694,0.43454646633277694
25,0.3,0.5,3,0.4247988069870431,0.43454646633277694
25,0.3,0.3,3,0.32960752442897817,0.43454646633277694
26,0.3,1,100,0.35077389157415445,0.4373956594323874
26,0.3,0.7,100,0.34950473010573185,0.4373956594323874
26,0.3,0.5,100,0.3687813021702839,0.4373956594323874
26,0.3,0.3,100,0.41392320534223714,0.4373956594323874
26,0.3,1,7,0.39030553914062766,0.4373956594323874
26,0.3,0.7,7,0.38508652281521244,0.4373956594323874
26,0.3,0.5,7,0.37408928785851203,0.4373956594323874
26,0.3,0.3,7,0.38796096633866506,0.4373956594323874
26,0.3,1,5,0.37734499545560907,0.4373956594323874
26,0.3,0.7,5,0.4280869085903362,0.4373956594323874
26,0.3,0.5,5,0.3883905196189118,0.4373956594323874
26,0.3,0.3,5,0.3524235308423709,0.4373956594323874
26,0.3,1,3,0.3619825388307683,0.4373956594323874
26,0.3,0.7,3,0.3405290494037504,0.4373956594323874
26,0.3,0.5,3,0.33537829976525607,0.4373956594323874
26,0.3,0.3,3,0.23849210991609274,0.4373956594323874
27,0.3,1,100,0.36968317551140967,0.40978297161936567
27,0.3,0.7,100,0.3591096271563718,0.40978297161936567
27,0.3,0.5,100,0.35697273233166393,0.40978297161936567
27,0.3,0.3,100,0.3782303839732889,0.40978297161936567
27,0.3,1,7,0.35112214384004736,0.40978297161936567
27,0.3,0.7,7,0.38367916304188393,0.40978297161936567
27,0.3,0.5,7,0.3838917884264134,0.40978297161936567
27,0.3,0.3,7,0.32863386215252155,0.40978297161936567
27,0.3,1,5,0.3785158312478661,0.40978297161936567
27,0.3,0.7,5,0.397906557961194,0.40978297161936567
27,0.3,0.5,5,0.3954091227960305,0.40978297161936567
27,0.3,0.3,5,0.37434849361425915,0.40978297161936567
27,0.3,1,3,0.42522436042759043,0.40978297161936567
27,0.3,0.7,3,0.34315378791177564,0.40978297161936567
27,0.3,0.5,3,0.4003425965290269,0.40978297161936567
27,0.3,0.3,3,0.28999857152014524,0.40978297161936567
28,0.3,1,100,0.4363675865825817,0.4301836393989984
28,0.3,0.7,100,0.45698211171969133,0.4301836393989984
28,0.3,0.5,100,0.45957707289927663,0.4301836393989984
28,0.3,0.3,100,0.4146466332776851,0.4301836393989984
28,0.3,1,7,0.4417155743331417,0.4301836393989984
28,0.3,0.7,7,0.45049204167422524,0.4301836393989984
28,0.3,0.5,7,0.4573940877270491,0.4301836393989984
28,0.3,0.3,7,0.42758435711909354,0.4301836393989984
28,0.3,1,5,0.43270712356763613,0.4301836393989984
28,0.3,0.7,5,0.47670266213049123,0.4301836393989984
28,0.3,0.5,5,0.41925770982519445,0.4301836393989984
28,0.3,0.3,5,0.4323742865383669,0.4301836393989984
28,0.3,1,3,0.44798644792649306,0.4301836393989984
28,0.3,0.7,3,0.44538565872387903,0.4301836393989984
28,0.3,0.5,3,0.4203230414058007,0.4301836393989984
28,0.3,0.3,3,0.37172976332030105,0.4301836393989984
29,0.3,1,100,0.3914630178927024,0.446833611574847
29,0.3,0.7,100,0.3860545353366723,0.446833611574847
29,0.3,0.5,100,0.394390651085142,0.446833611574847
29,0.3,0.3,100,0.381636060100167,0.446833611574847
29,0.3,1,7,0.3600705318187707,0.446833611574847
29,0.3,0.7,7,0.40946343800132945,0.446833611574847
29,0.3,0.5,7,0.40384881287492497,0.446833611574847
29,0.3,0.3,7,0.40256379463721303,0.446833611574847
29,0.3,1,5,0.4076336000941075,0.446833611574847
29,0.3,0.7,5,0.4209756119111149,0.446833611574847
29,0.3,0.5,5,0.4129251726884826,0.446833611574847
29,0.3,0.3,5,0.4500414287098674,0.446833611574847
29,0.3,1,3,0.41131328774906845,0.446833611574847
29,0.3,0.7,3,0.4247938808911017,0.446833611574847
29,0.3,0.5,3,0.3932659799918997,0.446833611574847
29,0.3,0.3,3,0.35677391483552306,0.446833611574847
30,0.3,1,100,0.384071396645179,0.39907623817473575
30,0.3,0.7,100,0.41715777119510367,0.39907623817473575
30,0.3,0.5,100,0.3897273233166389,0.39907623817473575
30,0.3,0.3,100,0.43542570951585985,0.39907623817473575
30,0.3,1,7,0.4270186384164112,0.39907623817473575
30,0.3,0.7,7,0.41142750559546293,0.39907623817473575
30,0.3,0.5,7,0.4274307707256897,0.39907623817473575
30,0.3,0.3,7,0.43465050162182717,0.39907623817473575
30,0.3,1,5,0.39638116097307063,0.39907623817473575
30,0.3,0.7,5,0.4192002837385005,0.39907623817473575
30,0.3,0.5,5,0.4028588931098323,0.39907623817473575
30,0.3,0.3,5,0.40918456900232847,0.39907623817473575
30,0.3,1,3,0.3554042338862136,0.39907623817473575
30,0.3,0.7,3,0.4237717148346703,0.39907623817473575
30,0.3,0.5,3,0.3543253647324096,0.39907623817473575
30,0.3,0.3,3,0.34013199255582865,0.39907623817473575
31,0.3,1,100,0.32195914687116123,0.4017540393839686
31,0.3,0.7,100,0.3510628825820813,0.4017540393839686
31,0.3,0.5,100,0.3423483583750696,0.4017540393839686
31,0.3,0.3,100,0.3500612131329995,0.4017540393839686
31,0.3,1,7,0.2943541360986844,0.4017540393839686
31,0.3,0.7,7,0.33856168048008317,0.4017540393839686
31,0.3,0.5,7,0.36253470348529515,0.4017540393839686
31,0.3,0.3,7,0.3526934529064498,0.4017540393839686
31,0.3,1,5,0.36049883580189496,0.4017540393839686
31,0.3,0.7,5,0.38304048827546194,0.4017540393839686
31,0.3,0.5,5,0.39727042878007013,0.4017540393839686
31,0.3,0.3,5,0.3362582657968023,0.4017540393839686
31,0.3,1,3,0.3160039986392252,0.4017540393839686
31,0.3,0.7,3,0.3741998569052213,0.4017540393839686
31,0.3,0.5,3,0.30010092119366555,0.4017540393839686
31,0.3,0.3,3,0.2704122654527897,0.4017540393839686
32,0.3,1,100,0.35980744205289195,0.46948247078464117
32,0.3,0.7,100,0.36765720645520317,0.46948247078464117
32,0.3,0.5,100,0.3775069560378409,0.46948247078464117
32,0.3,0.3,100,0.42012242626599894,0.46948247078464117
32,0.3,1,7,0.38298691714361316,0.46948247078464117
32,0.3,0.7,7,0.39674487354488697,0.46948247078464117
32,0.3,0.5,7,0.39273978529072806,0.46948247078464117
32,0.3,0.3,7,0.3815388374652069,0.46948247078464117
32,0.3,1,5,0.39419181882448084,0.46948247078464117
32,0.3,0.7,5,0.40162732928118605,0.46948247078464117
32,0.3,0.5,5,0.39259492649768407,0.46948247078464117
32,0.3,0.3,5,0.4040060581453535,0.46948247078464117
32,0.3,1,3,0.41326766610958243,0.46948247078464117
32,0.3,0.7,3,0.35646527057937866,0.46948247078464117
32,0.3,0.5,3,0.4213058821940527,0.46948247078464117
32,0.3,0.3,3,0.32168438548307776,0.46948247078464117
33,0.3,1,100,0.3557769389804749,0.3807923249492737
33,0.3,0.7,100,0.3341903171953256,0.3807923249492737
33,0.3,0.5,100,0.37883138564273794,0.3807923249492737
33,0.3,0.3,100,0.337729549248748,0.3807923249492737
33,0.3,1,7,0.37553156221260564,0.3807923249492737
33,0.3,0.7,7,0.3571309726071733,0.3807923249492737
33,0.3,0.5,7,0.37071093469521404,0.3807923249492737
33,0.3,0.3,7,0.32388967435951366,0.3807923249492737
33,0.3,1,5,0.3778843025340347,0.3807923249492737
33,0.3,0.7,5,0.3448507326817347,0.3807923249492737
33,0.3,0.5,5,0.32147165511312537,0.3807923249492737
33,0.3,0.3,5,0.37376168370693374,0.3807923249492737
33,0.3,1,3,0.3492679790214777,0.3807923249492737
33,0.3,0.7,3,0.3551149019483324,0.3807923249492737
33,0.3,0.5,3,0.3269548504312327,0.3807923249492737
33,0.3,0.3,3,0.2552900036144388,0.3807923249492737
34,0.3,1,100,0.40429914428154173,0.46439621591541463
34,0.3,0.7,100,0.38916837334902077,0.46439621591541463
34,0.3,0.5,100,0.42319421257651646,0.46439621591541463
34,0.3,0.3,100,0.4370395102949361,0.46439621591541463
34,0.3,1,7,0.458179270028567,0.46439621591541463
34,0.3,0.7,7,0.41236060452777534,0.46439621591541463
34,0.3,0.5,7,0.45049476277497924,0.46439621591541463
34,0.3,0.3,7,0.4138541799814043,0.46439621591541463
34,0.3,1,5,0.4206834811281176,0.46439621591541463
34,0.3,0.7,5,0.43158764027723445,0.46439621591541463
34,0.3,0.5,5,0.4046237960729022,0.46439621591541463
34,0.3,0.3,5,0.418698225714085,0.46439621591541463
34,0.3,1,3,0.38565371910446183,0.46439621591541463
34,0.3,0.7,3,0.4145675788171648,0.46439621591541463
34,0.3,0.5,3,0.42252916484668906,0.46439621591541463
34,0.3,0.3,3,0.33775277567027956,0.46439621591541463
35,0.3,1,100,0.3927708785297479,0.4443183082915972
35,0.3,0.7,100,0.45353366722314975,0.4443183082915972
35,0.3,0.5,100,0.4155370061213134,0.4443183082915972
35,0.3,0.3,100,0.4488925987757374,0.4443183082915972
35,0.3,1,7,0.39792271860844175,0.4443183082915972
35,0.3,0.7,7,0.4388537580240042,0.4443183082915972
35,0.3,0.5,7,0.44719089692577174,0.4443183082915972
35,0.3,0.3,7,0.4187220445850133,0.4443183082915972
35,0.3,1,5,0.4532798638798869,0.4443183082915972
35,0.3,0.7,5,0.3849560836216406,0.4443183082915972
35,0.3,0.5,5,0.42081677924864225,0.4443183082915972
35,0.3,0.3,5,0.3970316732758037,0.4443183082915972
35,0.3,1,3,0.4432252896964786,0.4443183082915972
35,0.3,0.7,3,0.41929201349860834,0.4443183082915972
35,0.3,0.5,3,0.385186716485528,0.4443183082915972
35,0.3,0.3,3,0.34450721335384776,0.4443183082915972
36,0.3,1,100,0.3708106562389122,0.4619699499165276
36,0.3,0.7,100,0.40110406847626334,0.4619699499165276
36,0.3,0.5,100,0.40010016694490824,0.4619699499165276
36,0.3,0.3,100,0.3714969393433501,0.4619699499165276
36,0.3,1,7,0.4097277750355768,0.4619699499165276
36,0.3,0.7,7,0.42278010286137496,0.4619699499165276
36,0.3,0.5,7,0.4084679574768847,0.4619699499165276
36,0.3,0.3,7,0.4311438617701603,0.4619699499165276
36,0.3,1,5,0.42560263120929637,0.4619699499165276
36,0.3,0.7,5,0.43091352985564585,0.4619699499165276
36,0.3,0.5,5,0.42006853327091936,0.4619699499165276
36,0.3,0.3,5,0.3688401523953964,0.4619699499165276
36,0.3,1,3,0.3903271457011613,0.4619699499165276
36,0.3,0.7,3,0.3958946821670334,0.4619699499165276
36,0.3,0.5,3,0.3691314856381987,0.4619699499165276
36,0.3,0.3,3,0.3071456362099858,0.4619699499165276
37,0.3,1,100,0.4253173249927453,0.433874329089963
37,0.3,0.7,100,0.42018480852919615,0.433874329089963
37,0.3,0.5,100,0.4044629938786868,0.433874329089963
37,0.3,0.3,100,0.41036171396772403,0.433874329089963
37,0.3,1,7,0.4286647444516866,0.433874329089963
37,0.3,0.7,7,0.4536604972864422,0.433874329089963
37,0.3,0.5,7,0.3992268473497501,0.433874329089963
37,0.3,0.3,7,0.4153739802247552,0.433874329089963
37,0.3,1,5,0.4419119488695679,0.433874329089963
37,0.3,0.7,5,0.40726121487741596,0.433874329089963
37,0.3,0.5,5,0.39009188288783997,0.433874329089963
37,0.3,0.3,5,0.38471107454064024,0.433874329089963
37,0.3,1,3,0.4154474407254951,0.433874329089963
37,0.3,0.7,3,0.40633223109779376,0.433874329089963
37,0.3,0.5,3,0.39306927053996804,0.433874329089963
37,0.3,0.3,3,0.27887101682462734,0.433874329089963
38,0.3,1,100,0.37591650175758945,0.4242849193099611
38,0.3,0.7,100,0.38302726766833617,0.4242849193099611
38,0.3,0.5,100,0.4084362826933779,0.4242849193099611
38,0.3,0.3,100,0.3858653311074013,0.4242849193099611
38,0.3,1,7,0.3961886171818665,0.4242849193099611
38,0.3,0.7,7,0.36791865200384755,0.4242849193099611
38,0.3,0.5,7,0.3873415774697906,0.4242849193099611
38,0.3,0.3,7,0.40759494770346755,0.4242849193099611
38,0.3,1,5,0.4471248429824458,0.4242849193099611
38,0.3,0.7,5,0.41382116452938256,0.4242849193099611
38,0.3,0.5,5,0.4363102818406752,0.4242849193099611
38,0.3,0.3,5,0.38084492314999235,0.4242849193099611
38,0.3,1,3,0.417005072482643,0.4242849193099611
38,0.3,0.7,3,0.3607408715329665,0.4242849193099611
38,0.3,0.5,3,0.37391279361940494,0.4242849193099611
38,0.3,0.3,3,0.29552497558448587,0.4242849193099611
39,0.3,1,100,0.34706954590629374,0.3258940620325972
39,0.3,0.7,100,0.39503170571022617,0.3258940620325972
39,0.3,0.5,100,0.37542570951585985,0.3258940620325972
39,0.3,0.3,100,0.33503617139677244,0.3258940620325972
39,0.3,1,7,0.3718578682472313,0.3258940620325972
39,0.3,0.7,7,0.3678835936589067,0.3258940620325972
39,0.3,0.5,7,0.38951124929048436,0.3258940620325972
39,0.3,0.3,7,0.3506657836224691,0.3258940620325972
39,0.3,1,5,0.40489577858049874,0.3258940620325972
39,0.3,0.7,5,0.38189288099765717,0.3258940620325972
39,0.3,0.5,5,0.3691396822667498,0.3258940620325972
39,0.3,0.3,5,0.40391722801742336,0.3258940620325972
39,0.3,1,3,0.3698254299557361,0.3258940620325972
39,0.3,0.7,3,0.3905164213856814,0.3258940620325972
39,0.3,0.5,3,0.36136148951506525,0.3258940620325972
39,0.3,0.3,3,0.31786967333290644,0.3258940620325972
40,0.3,1,100,0.36158377735269687,0.3587534780189205
40,0.3,0.7,100,0.34733831207840826,0.3587534780189205
40,0.3,0.5,100,0.3897050639955482,0.3587534780189205
40,0.3,0.3,100,0.394390651085142,0.3587534780189205
40,0.3,1,7,0.3628120127140005,0.3587534780189205
40,0.3,0.7,7,0.3831719498875531,0.3587534780189205
40,0.3,0.5,7,0.3606662255978328,0.3587534780189205
40,0.3,0.3,7,0.37399919117928343,0.3587534780189205
40,0.3,1,5,0.38186209310515823,0.3587534780189205
40,0.3,0.7,5,0.34979651226751163,0.3587534780189205
40,0.3,0.5,5,0.37792667704893446,0.3587534780189205
40,0.3,0.3,5,0.3338597183616288,0.3587534780189205
40,0.3,1,3,0.3489951589753581,0.3587534780189205
40,0.3,0.7,3,0.3978850700232558,0.3587534780189205
40,0.3,0.5,3,0.3896069230969624,0.3587534780189205
40,0.3,0.3,3,0.32939557663272695,0.3587534780189205
41,0.3,1,100,0.4237674582483213,0.46318308291597116
41,0.3,0.7,100,0.4350763357733474,0.46318308291597116
41,0.3,0.5,100,0.4634724540901503,0.46318308291597116
41,0.3,0.3,100,0.450895937673901,0.46318308291597116
41,0.3,1,7,0.4291059922327636,0.46318308291597116
41,0.3,0.7,7,0.46313936595961935,0.46318308291597116
41,0.3,0.5,7,0.43750051109766347,0.46318308291597116
41,0.3,0.3,7,0.41675650180166735,0.46318308291597116
41,0.3,1,5,0.45847533310302585,0.46318308291597116
41,0.3,0.7,5,0.42615640815413347,0.46318308291597116
41,0.3,0.5,5,0.425772298021387,0.46318308291597116
41,0.3,0.3,5,0.4495072703791933,0.46318308291597116
41,0.3,1,3,0.4391350170467271,0.46318308291597116
41,0.3,0.7,3,0.43517887138068073,0.46318308291597116
41,0.3,0.5,3,0.4326548174619819,0.46318308291597116
41,0.3,0.3,3,0.32627606660179337,0.46318308291597116
42,0.3,1,100,0.3438193067841384,0.3935670562047858
42,0.3,0.7,100,0.3801200344041812,0.3935670562047858
42,0.3,0.5,100,0.38508625486922654,0.3935670562047858
42,0.3,0.3,100,0.36885920979410136,0.3935670562047858
42,0.3,1,7,0.3247843592584813,0.3935670562047858
42,0.3,0.7,7,0.3940177457044989,0.3935670562047858
42,0.3,0.5,7,0.3864883002404863,0.3935670562047858
42,0.3,0.3,7,0.36965131697208103,0.3935670562047858
42,0.3,1,5,0.35952805513156894,0.3935670562047858
42,0.3,0.7,5,0.3587243751296207,0.3935670562047858
42,0.3,0.5,5,0.42010456574311794,0.3935670562047858
42,0.3,0.3,5,0.3625914666896824,0.3935670562047858
42,0.3,1,3,0.3935064297644052,0.3935670562047858
42,0.3,0.7,3,0.3750486006338406,0.3935670562047858
42,0.3,0.5,3,0.3535610149952287,0.3935670562047858
42,0.3,0.3,3,0.3167458277763294,0.3935670562047858
43,0.3,1,100,0.4040989450874655,0.36673344462993884
43,0.3,0.7,100,0.40688482717137797,0.36673344462993884
43,0.3,0.5,100,0.3769059543683918,0.36673344462993884
43,0.3,0.3,100,0.40882582081246527,0.36673344462993884
43,0.3,1,7,0.41981106466444235,0.36673344462993884
43,0.3,0.7,7,0.4412101728509917,0.36673344462993884
43,0.3,0.5,7,0.42510805288423675,0.36673344462993884
43,0.3,0.3,7,0.42454986307952136,0.36673344462993884
43,0.3,1,5,0.394521388526093,0.36673344462993884
43,0.3,0.7,5,0.4267517228346436,0.36673344462993884
43,0.3,0.5,5,0.4314420495390894,0.36673344462993884
43,0.3,0.3,5,0.4149067921166612,0.36673344462993884
43,0.3,1,3,0.41879966809864494,0.36673344462993884
43,0.3,0.7,3,0.3980846908928916,0.36673344462993884
43,0.3,0.5,3,0.4060788104132583,0.36673344462993884
43,0.3,0.3,3,0.3491831390173955,0.36673344462993884
44,0.3,1,100,0.3457126816262625,0.4014357262103507
44,0.3,0.7,100,0.3189649415692822,0.4014357262103507
44,0.3,0.5,100,0.42287145242070123,0.4014357262103507
44,0.3,0.3,100,0.39388981636060105,0.4014357262103507
44,0.3,1,7,0.3653079595142507,0.4014357262103507
44,0.3,0.7,7,0.37852159514690553,0.4014357262103507
44,0.3,0.5,7,0.3486101920035311,0.4014357262103507
44,0.3,0.3,7,0.36913542063041693,0.4014357262103507
44,0.3,1,5,0.35865867613805347,0.4014357262103507
44,0.3,0.7,5,0.38711992760987113,0.4014357262103507
44,0.3,0.5,5,0.36202913735046205,0.4014357262103507
44,0.3,0.3,5,0.38262529999667566,0.4014357262103507
44,0.3,1,3,0.34841106021689133,0.4014357262103507
44,0.3,0.7,3,0.35008401581219606,0.4014357262103507
44,0.3,0.5,3,0.3675842678930019,0.4014357262103507
44,0.3,0.3,3,0.2678942344383046,0.4014357262103507
45,0.3,1,100,0.44266949777993597,0.426076794657763
45,0.3,0.7,100,0.456961437412711,0.426076794657763
45,0.3,0.5,100,0.468658875904285,0.426076794657763
45,0.3,0.3,100,0.49551474680022267,0.426076794657763
45,0.3,1,7,0.4690898871041992,0.426076794657763
45,0.3,0.7,7,0.47986921919390757,0.426076794657763
45,0.3,0.5,7,0.4837152982619542,0.426076794657763
45,0.3,0.3,7,0.504405281170043,0.426076794657763
45,0.3,1,5,0.48654412548173614,0.426076794657763
45,0.3,0.7,5,0.4785801768450476,0.426076794657763
45,0.3,0.5,5,0.43626306751776345,0.426076794657763
45,0.3,0.3,5,0.4966109253882768,0.426076794657763
45,0.3,1,3,0.4808146309838917,0.426076794657763
45,0.3,0.7,3,0.5104492032032663,0.426076794657763
45,0.3,0.5,3,0.47272516458964714,0.426076794657763
45,0.3,0.3,3,0.38936366429764363,0.426076794657763
46,0.3,1,100,0.3939731361291927,0.40719645853373687
46,0.3,0.7,100,0.413099610461881,0.40719645853373687
46,0.3,0.5,100,0.402392877017251,0.40719645853373687
46,0.3,0.3,100,0.3913299944351698,0.40719645853373687
46,0.3,1,7,0.402890551988442,0.40719645853373687
46,0.3,0.7,7,0.43019850995869857,0.40719645853373687
46,0.3,0.5,7,0.36993897801178743,0.40719645853373687
46,0.3,0.3,7,0.39814362662441266,0.40719645853373687
46,0.3,1,5,0.40602712232807786,0.40719645853373687
46,0.3,0.7,5,0.4063753080958592,0.40719645853373687
46,0.3,0.5,5,0.3668452665046039,0.40719645853373687
46,0.3,0.3,5,0.4105381382052759,0.40719645853373687
46,0.3,1,3,0.37731381768567485,0.40719645853373687
46,0.3,0.7,3,0.42676588310624203,0.40719645853373687
46,0.3,0.5,3,0.381344700948564,0.40719645853373687
46,0.3,0.3,3,0.32503313330874284,0.40719645853373687
47,0.3,1,100,0.36373603611912675,0.4057941174031217
47,0.3,0.7,100,0.4472856073629094,0.4057941174031217
47,0.3,0.5,100,0.40448525319977746,0.4057941174031217
47,0.3,0.3,100,0.3899276572064553,0.4057941174031217
47,0.3,1,7,0.4086221824797701,0.4057941174031217
47,0.3,0.7,7,0.41002818641009287,0.4057941174031217
47,0.3,0.5,7,0.4215726415944215,0.4057941174031217
47,0.3,0.3,7,0.38912073390473373,0.4057941174031217
47,0.3,1,5,0.37449956093509634,0.4057941174031217
47,0.3,0.7,5,0.3791658968376409,0.4057941174031217
47,0.3,0.5,5,0.43208082769481476,0.4057941174031217
47,0.3,0.3,5,0.3942395744405442,0.4057941174031217
47,0.3,1,3,0.3800252311149038,0.4057941174031217
47,0.3,0.7,3,0.428797496707024,0.4057941174031217
47,0.3,0.5,3,0.3686839377546607,0.4057941174031217
47,0.3,0.3,3,0.3313284192992928,0.4057941174031217
48,0.3,1,100,0.3948125042517692,0.4381969949916528
48,0.3,0.7,100,0.38948911933684255,0.4381969949916528
48,0.3,0.5,100,0.38076794657762947,0.4381969949916528
48,0.3,0.3,100,0.3853088480801336,0.4381969949916528
48,0.3,1,7,0.3678286857065501,0.4381969949916528
48,0.3,0.7,7,0.37679716017890735,0.4381969949916528
48,0.3,0.5,7,0.42650370250533065,0.4381969949916528
48,0.3,0.3,7,0.3872405964324254,0.4381969949916528
48,0.3,1,5,0.37495332940903825,0.4381969949916528
48,0.3,0.7,5,0.39191198182581793,0.4381969949916528
48,0.3,0.5,5,0.4033583133190534,0.4381969949916528
48,0.3,0.3,5,0.3506473104604476,0.4381969949916528
48,0.3,1,3,0.4124949613410423,0.4381969949916528
48,0.3,0.7,3,0.3474620297789956,0.4381969949916528
48,0.3,0.5,3,0.3606758331734438,0.4381969949916528
48,0.3,0.3,3,0.2763547127651823,0.4381969949916528
49,0.3,1,100,0.40223533044261667,0.48936004451864223
49,0.3,0.7,100,0.4402850314013465,0.48936004451864223
49,0.3,0.5,100,0.439020589872009,0.48936004451864223
49,0.3,0.3,100,0.46771285475792995,0.48936004451864223
49,0.3,1,7,0.41446979974776815,0.48936004451864223
49,0.3,0.7,7,0.42920078556560365,0.48936004451864223
49,0.3,0.5,7,0.45194970709453564,0.48936004451864223
49,0.3,0.3,7,0.4930309487483841,0.48936004451864223
49,0.3,1,5,0.4519375147489263,0.48936004451864223
49,0.3,0.7,5,0.4606585166952094,0.48936004451864223
49,0.3,0.5,5,0.45089240295181415,0.48936004451864223
49,0.3,0.3,5,0.455479844738119,0.48936004451864223
49,0.3,1,3,0.4413013003311788,0.48936004451864223
49,0.3,0.7,3,0.41339998802388245,0.48936004451864223
49,0.3,0.5,3,0.4349017699536218,0.48936004451864223
49,0.3,0.3,3,0.3672444346996786,0.48936004451864223
50,0.3,1,100,0.414102717130485,0.48217028380634397
50,0.3,0.7,100,0.44210163135901404,0.48217028380634397
50,0.3,0.5,100,0.43857540345019486,0.48217028380634397
50,0.3,0.3,100,0.46848080133555936,0.48217028380634397
50,0.3,1,7,0.44559263615429556,0.48217028380634397
50,0.3,0.7,7,0.44568203313000365,0.48217028380634397
50,0.3,0.5,7,0.47188155417509853,0.48217028380634397
50,0.3,0.3,7,0.4858749152323652,0.48217028380634397
50,0.3,1,5,0.43002037784486263,0.48217028380634397
50,0.3,0.7,5,0.4525836971567147,0.48217028380634397
50,0.3,0.5,5,0.4574914111565457,0.48217028380634397
50,0.3,0.3,5,0.425258988511016,0.48217028380634397
50,0.3,1,3,0.47837549326226037,0.48217028380634397
50,0.3,0.7,3,0.4629893838597763,0.48217028380634397
50,0.3,0.5,3,0.4515140575853254,0.48217028380634397
50,0.3,0.3,3,0.3746268433345297,0.48217028380634397
51,0.3,1,100,0.3688589868722561,0.4304730105731776
51,0.3,0.7,100,0.3611417950536936,0.4304730105731776
51,0.3,0.5,100,0.3488369504730106,0.4304730105731776
51,0.3,0.3,100,0.3750027824151364,0.4304730105731776
51,0.3,1,7,0.31338866200785753,0.4304730105731776
51,0.3,0.7,7,0.31411751551591954,0.4304730105731776
51,0.3,0.5,7,0.3197617668675827,0.4304730105731776
51,0.3,0.3,7,0.3669931117280773,0.4304730105731776
51,0.3,1,5,0.2961506428394838,0.4304730105731776
51,0.3,0.7,5,0.34680049873048724,0.4304730105731776
51,0.3,0.5,5,0.36960828454501404,0.4304730105731776
51,0.3,0.3,5,0.3752077014412776,0.4304730105731776
51,0.3,1,3,0.34285221931462984,0.4304730105731776
51,0.3,0.7,3,0.3413489801639903,0.4304730105731776
51,0.3,0.5,3,0.3758157123310382,0.4304730105731776
51,0.3,0.3,3,0.22937985129576,0.4304730105731776
52,0.3,1,100,0.36844346409012596,0.4198330550918198
52,0.3,0.7,100,0.36183639398998335,0.4198330550918198
52,0.3,0.5,100,0.38584307178631055,0.4198330550918198
52,0.3,0.3,100,0.38425153032832504,0.4198330550918198
52,0.3,1,7,0.3981412003760502,0.4198330550918198
52,0.3,0.7,7,0.3758814203211364,0.4198330550918198
52,0.3,0.5,7,0.4007887196644077,0.4198330550918198
52,0.3,0.3,7,0.375250331607779,0.4198330550918198
52,0.3,1,5,0.3551952659455769,0.4198330550918198
52,0.3,0.7,5,0.3729434624949457,0.4198330550918198
52,0.3,0.5,5,0.376852581150221,0.4198330550918198
52,0.3,0.3,5,0.3805821595316495,0.4198330550918198
52,0.3,1,3,0.3854553234700634,0.4198330550918198
52,0.3,0.7,3,0.37832270247862926,0.4198330550918198
52,0.3,0.5,3,0.30848347855115815,0.4198330550918198
52,0.3,0.3,3,0.2640158091739892,0.4198330550918198
53,0.3,1,100,0.3543910038907224,0.41713967723984424
53,0.3,0.7,100,0.3998887033945465,0.41713967723984424
53,0.3,0.5,100,0.38990539788536455,0.41713967723984424
53,0.3,0.3,100,0.389037284362827,0.41713967723984424
53,0.3,1,7,0.36604281369113867,0.41713967723984424
53,0.3,0.7,7,0.38860567837083254,0.41713967723984424
53,0.3,0.5,7,0.3979240675831646,0.41713967723984424
53,0.3,0.3,7,0.4202637816016086,0.41713967723984424
53,0.3,1,5,0.3820154646737587,0.41713967723984424
53,0.3,0.7,5,0.4083377527562253,0.41713967723984424
53,0.3,0.5,5,0.40027704063509556,0.41713967723984424
53,0.3,0.3,5,0.3698263125018486,0.41713967723984424
53,0.3,1,3,0.39017047448480546,0.41713967723984424
53,0.3,0.7,3,0.38932233504910935,0.41713967723984424
53,0.3,0.5,3,0.3788369197582839,0.41713967723984424
53,0.3,0.3,3,0.3277523661099873,0.41713967723984424
54,0.3,1,100,0.3698524470922388,0.4086366165831943
54,0.3,0.7,100,0.35953255425709524,0.4086366165831943
54,0.3,0.5,100,0.4006010016694491,0.4086366165831943
54,0.3,0.3,100,0.4375069560378409,0.4086366165831943
54,0.3,1,7,0.3304657698275895,0.4086366165831943
54,0.3,0.7,7,0.34170637053269937,0.4086366165831943
54,0.3,0.5,7,0.40256721373277915,0.4086366165831943
54,0.3,0.3,7,0.4340594423930016,0.4086366165831943
54,0.3,1,5,0.3972005962932203,0.4086366165831943
54,0.3,0.7,5,0.4253757712574297,0.4086366165831943
54,0.3,0.5,5,0.39347546578802817,0.4086366165831943
54,0.3,0.3,5,0.4161731570837503,0.4086366165831943
54,0.3,1,3,0.35722348708324103,0.4086366165831943
54,0.3,0.7,3,0.3784530292348119,0.4086366165831943
54,0.3,0.5,3,0.3536412291475748,0.4086366165831943
54,0.3,0.3,3,0.29325045642037795,0.4086366165831943
55,0.3,1,100,0.37425839837972014,0.4691819699499166
55,0.3,0.7,100,0.3497273233166389,0.4691819699499166
55,0.3,0.5,100,0.41002782415136346,0.4691819699499166
55,0.3,0.3,100,0.37981079577072907,0.4691819699499166
55,0.3,1,7,0.3820338233858274,0.4691819699499166
55,0.3,0.7,7,0.36754725253766807,0.4691819699499166
55,0.3,0.5,7,0.3728804927881675,0.4691819699499166
55,0.3,0.3,7,0.3720251626747969,0.4691819699499166
55,0.3,1,5,0.35787268513610215,0.4691819699499166
55,0.3,0.7,5,0.35276392548964763,0.4691819699499166
55,0.3,0.5,5,0.41124611763102287,0.4691819699499166
55,0.3,0.3,5,0.3954386529818308,0.4691819699499166
55,0.3,1,3,0.3880724371677477,0.4691819699499166
55,0.3,0.7,3,0.3277375409011088,0.4691819699499166
55,0.3,0.5,3,0.3452758809119643,0.4691819699499166
55,0.3,0.3,3,0.2621810064936572,0.4691819699499166
56,0.3,1,100,0.34462298624218834,0.3761268781302171
56,0.3,0.7,100,0.3552142459654981,0.3761268781302171
56,0.3,0.5,100,0.37572621035058434,0.3761268781302171
56,0.3,0.3,100,0.3452977184195883,0.3761268781302171
56,0.3,1,7,0.33770796431093314,0.3761268781302171
56,0.3,0.7,7,0.4069368943962751,0.3761268781302171
56,0.3,0.5,7,0.3971247363550276,0.3761268781302171
56,0.3,0.3,7,0.4092309829751592,0.3761268781302171
56,0.3,1,5,0.3591073034458799,0.3761268781302171
56,0.3,0.7,5,0.33998895588235883,0.3761268781302171
56,0.3,0.5,5,0.33816331194156185,0.3761268781302171
56,0.3,0.3,5,0.3809165725150772,0.3761268781302171
56,0.3,1,3,0.3888699181078663,0.3761268781302171
56,0.3,0.7,3,0.3515168988761496,0.3761268781302171
56,0.3,0.5,3,0.36611040815913126,0.3761268781302171
56,0.3,0.3,3,0.3088786445477243,0.3761268781302171
57,0.3,1,100,0.3707990853876117,0.38347908591992047
57,0.3,0.7,100,0.34448525319977746,0.38347908591992047
57,0.3,0.5,100,0.3455314412910407,0.38347908591992047
57,0.3,0.3,100,0.3348247078464107,0.38347908591992047
57,0.3,1,7,0.35816241382248903,0.38347908591992047
57,0.3,0.7,7,0.3594150675367465,0.38347908591992047
57,0.3,0.5,7,0.3966396704358374,0.38347908591992047
57,0.3,0.3,7,0.32812066156562547,0.38347908591992047
57,0.3,1,5,0.35503774465547944,0.38347908591992047
57,0.3,0.7,5,0.34503976920876034,0.38347908591992047
57,0.3,0.5,5,0.3533834042681863,0.38347908591992047
57,0.3,0.3,5,0.3746748743968679,0.38347908591992047
57,0.3,1,3,0.33816404275605444,0.38347908591992047
57,0.3,0.7,3,0.3610600233362666,0.38347908591992047
57,0.3,0.5,3,0.356729712850465,0.38347908591992047
57,0.3,0.3,3,0.2670087562851214,0.38347908591992047
58,0.3,1,100,0.34690901942924635,0.42172509738452985
58,0.3,0.7,100,0.3335179007188779,0.42172509738452985
58,0.3,0.5,100,0.33747356705620485,0.42172509738452985
58,0.3,0.3,100,0.362737896494157,0.42172509738452985
58,0.3,1,7,0.3138477440625464,0.42172509738452985
58,0.3,0.7,7,0.3733350412043615,0.42172509738452985
58,0.3,0.5,7,0.3906321783109802,0.42172509738452985
58,0.3,0.3,7,0.31761193297672635,0.42172509738452985
58,0.3,1,5,0.38755621798205897,0.42172509738452985
58,0.3,0.7,5,0.3909516722179941,0.42172509738452985
58,0.3,0.5,5,0.3728016795080543,0.42172509738452985
58,0.3,0.3,5,0.3958540937045149,0.42172509738452985
58,0.3,1,3,0.3477536711247466,0.42172509738452985
58,0.3,0.7,3,0.3719969497724188,0.42172509738452985
58,0.3,0.5,3,0.33231372023103944,0.42172509738452985
58,0.3,0.3,3,0.3061406099118775,0.42172509738452985
59,0.3,1,100,0.41225402782692994,0.4677017250973846
59,0.3,0.7,100,0.4265843811490668,0.4677017250973846
59,0.3,0.5,100,0.43403450194769067,0.4677017250973846
59,0.3,0.3,100,0.4400667779632722,0.4677017250973846
59,0.3,1,7,0.4576580755655299,0.4677017250973846
59,0.3,0.7,7,0.4219543371713288,0.4677017250973846
59,0.3,0.5,7,0.4553241267961154,0.4677017250973846
59,0.3,0.3,7,0.3937074565455503,0.4677017250973846
59,0.3,1,5,0.46573725619468254,0.4677017250973846
59,0.3,0.7,5,0.44161891005763876,0.4677017250973846
59,0.3,0.5,5,0.4272935926852601,0.4677017250973846
59,0.3,0.3,5,0.45917188869659753,0.4677017250973846
59,0.3,1,3,0.45788965065108717,0.4677017250973846
59,0.3,0.7,3,0.43952172808169615,0.4677017250973846
59,0.3,0.5,3,0.41908885393850737,0.4677017250973846
59,0.3,0.3,3,0.33037329065076765,0.4677017250973846
60,0.3,1,100,0.3553140178036447,0.468091263216472
60,0.3,0.7,100,0.3475681691708403,0.468091263216472
60,0.3,0.5,100,0.34021146355036175,0.468091263216472
60,0.3,0.3,100,0.33026154702281585,0.468091263216472
60,0.3,1,7,0.380913543871319,0.468091263216472
60,0.3,0.7,7,0.37659407829833297,0.468091263216472
60,0.3,0.5,7,0.37604981195558485,0.468091263216472
60,0.3,0.3,7,0.34186436550700433,0.468091263216472
60,0.3,1,5,0.34238572241310405,0.468091263216472
60,0.3,0.7,5,0.38215964593624396,0.468091263216472
60,0.3,0.5,5,0.3753857937231045,0.468091263216472
60,0.3,0.3,5,0.36286310666209937,0.468091263216472
60,0.3,1,3,0.3905817993511298,0.468091263216472
60,0.3,0.7,3,0.38105104298751324,0.468091263216472
60,0.3,0.5,3,0.3109144319737643,0.468091263216472
60,0.3,0.3,3,0.29834870640466166,0.468091263216472
61,0.3,1,100,0.3304347834082354,0.4407345575959934
61,0.3,0.7,100,0.3755213564882552,0.4407345575959934
61,0.3,0.5,100,0.3645186421814135,0.4407345575959934
61,0.3,0.3,100,0.36164718976071236,0.4407345575959934
61,0.3,1,7,0.3806865988956662,0.4407345575959934
61,0.3,0.7,7,0.39990768369426427,0.4407345575959934
61,0.3,0.5,7,0.3786560534222734,0.4407345575959934
61,0.3,0.3,7,0.3776688904870138,0.4407345575959934
61,0.3,1,5,0.3609655253507747,0.4407345575959934
61,0.3,0.7,5,0.4089475949114894,0.4407345575959934
61,0.3,0.5,5,0.378252148336471,0.4407345575959934
61,0.3,0.3,5,0.36176842944427595,0.4407345575959934
61,0.3,1,3,0.39047633446363067,0.4407345575959934
61,0.3,0.7,3,0.41850062179833114,0.4407345575959934
61,0.3,0.5,3,0.3556198002472376,0.4407345575959934
61,0.3,0.3,3,0.2446911384815637,0.4407345575959934
62,0.3,1,100,0.394303334080311,0.4394212576516417
62,0.3,0.7,100,0.40669562241566004,0.4394212576516417
62,0.3,0.5,100,0.4327434613244297,0.4394212576516417
62,0.3,0.3,100,0.40823594880356157,0.4394212576516417
62,0.3,1,7,0.41962332166510247,0.4394212576516417
62,0.3,0.7,7,0.4140835515363647,0.4394212576516417
62,0.3,0.5,7,0.4453865677881191,0.4394212576516417
62,0.3,0.3,7,0.4126637264761039,0.4394212576516417
62,0.3,1,5,0.4085745229345629,0.4394212576516417
62,0.3,0.7,5,0.4361077529159876,0.4394212576516417
62,0.3,0.5,5,0.41416984117944905,0.4394212576516417
62,0.3,0.3,5,0.37886189389781744,0.4394212576516417
62,0.3,1,3,0.41113843426846897,0.4394212576516417
62,0.3,0.7,3,0.4119740729989536,0.4394212576516417
62,0.3,0.5,3,0.4534633326168881,0.4394212576516417
62,0.3,0.3,3,0.3464469698511149,0.4394212576516417
63,0.3,1,100,0.34305781396441115,0.40873678352810244
63,0.3,0.7,100,0.3719421257651642,0.40873678352810244
63,0.3,0.5,100,0.35069560378408465,0.40873678352810244
63,0.3,0.3,100,0.3789426822481915,0.40873678352810244
63,0.3,1,7,0.38021753880058967,0.40873678352810244
63,0.3,0.7,7,0.37358034010867147,0.40873678352810244
63,0.3,0.5,7,0.36701266712832886,0.40873678352810244
63,0.3,0.3,7,0.3642034976521307,0.40873678352810244
63,0.3,1,5,0.3428015608560638,0.40873678352810244
63,0.3,0.7,5,0.37725902490121693,0.40873678352810244
63,0.3,0.5,5,0.3706533171828667,0.40873678352810244
63,0.3,0.3,5,0.32557323534107785,0.40873678352810244
63,0.3,1,3,0.3449077514215208,0.40873678352810244
63,0.3,0.7,3,0.3923766437793048,0.40873678352810244
63,0.3,0.5,3,0.3285139604814093,0.40873678352810244
63,0.3,0.3,3,0.2164314761540815,0.40873678352810244
64,0.3,1,100,0.3266852034715229,0.44750139120756827
64,0.3,0.7,100,0.3726276366949224,0.44750139120756827
64,0.3,0.5,100,0.4023817473567057,0.44750139120756827
64,0.3,0.3,100,0.3772287145242071,0.44750139120756827
64,0.3,1,7,0.3719617573812345,0.44750139120756827
64,0.3,0.7,7,0.3759698644909963,0.44750139120756827
64,0.3,0.5,7,0.4088400411545759,0.44750139120756827
64,0.3,0.3,7,0.37918152921336573,0.44750139120756827
64,0.3,1,5,0.35093585166071617,0.44750139120756827
64,0.3,0.7,5,0.38468613218520553,0.44750139120756827
64,0.3,0.5,5,0.424255579297693,0.44750139120756827
64,0.3,0.3,5,0.38462672718896473,0.44750139120756827
64,0.3,1,3,0.35284001645252017,0.44750139120756827
64,0.3,0.7,3,0.38460108557949685,0.44750139120756827
64,0.3,0.5,3,0.36615138810018993,0.44750139120756827
64,0.3,0.3,3,0.24783138138903366,0.44750139120756827
65,0.3,1,100,0.408453732309523,0.49259877573734007
65,0.3,0.7,100,0.4224040066777964,0.49259877573734007
65,0.3,0.5,100,0.3798887033945465,0.49259877573734007
65,0.3,0.3,100,0.4181747356705621,0.49259877573734007
65,0.3,1,7,0.36837654957697424,0.49259877573734007
65,0.3,0.7,7,0.412810885599167,0.49259877573734007
65,0.3,0.5,7,0.3995525328769944,0.49259877573734007
65,0.3,0.3,7,0.4123929808220776,0.49259877573734007
65,0.3,1,5,0.4185243345406184,0.49259877573734007
65,0.3,0.7,5,0.43329995462422843,0.49259877573734007
65,0.3,0.5,5,0.42921734774776443,0.49259877573734007
65,0.3,0.3,5,0.3863915937509137,0.49259877573734007
65,0.3,1,3,0.38596672667797494,0.49259877573734007
65,0.3,0.7,3,0.4421465509281733,0.49259877573734007
65,0.3,0.5,3,0.3447985071150837,0.49259877573734007
65,0.3,0.3,3,0.3249325349582551,0.49259877573734007
66,0.3,1,100,0.4423493304717703,0.4564342137864463
66,0.3,0.7,100,0.45078714962940414,0.4564342137864463
66,0.3,0.5,100,0.45995548135781866,0.4564342137864463
66,0.3,0.3,100,0.43422370617696165,0.4564342137864463
66,0.3,1,7,0.4280102294054375,0.4564342137864463
66,0.3,0.7,7,0.47379560694487516,0.4564342137864463
66,0.3,0.5,7,0.47395072621963374,0.4564342137864463
66,0.3,0.3,7,0.44351487963439296,0.4564342137864463
66,0.3,1,5,0.4701809477627649,0.4564342137864463
66,0.3,0.7,5,0.49516890027281985,0.4564342137864463
66,0.3,0.5,5,0.4635364694968368,0.4564342137864463
66,0.3,0.3,5,0.4619533604061358,0.4564342137864463
66,0.3,1,3,0.46193334896849636,0.4564342137864463
66,0.3,0.7,3,0.467336981143246,0.4564342137864463
66,0.3,0.5,3,0.46592905283335595,0.4564342137864463
66,0.3,0.3,3,0.3472623940481744,0.4564342137864463
67,0.3,1,100,0.4112059668378337,0.48988313856427385
67,0.3,0.7,100,0.46152647559534127,0.48988313856427385
67,0.3,0.5,100,0.43315525876460775,0.48988313856427385
67,0.3,0.3,100,0.4085809682804675,0.48988313856427385
67,0.3,1,7,0.47002181825755507,0.48988313856427385
67,0.3,0.7,7,0.46012938892702926,0.48988313856427385
67,0.3,0.5,7,0.5117960834872781,0.48988313856427385
67,0.3,0.3,7,0.4319732314893078,0.48988313856427385
67,0.3,1,5,0.44350458413387794,0.48988313856427385
67,0.3,0.7,5,0.44614542063594925,0.48988313856427385
67,0.3,0.5,5,0.473418688690078,0.48988313856427385
67,0.3,0.3,5,0.46485037939580526,0.48988313856427385
67,0.3,1,3,0.4849696807570455,0.48988313856427385
67,0.3,0.7,3,0.494344263190612,0.48988313856427385
67,0.3,0.5,3,0.44659296197958664,0.48988313856427385
67,0.3,0.3,3,0.35930248816254906,0.48988313856427385
68,0.3,1,100,0.34300136812452875,0.40117974401780754
68,0.3,0.7,100,0.3634122521223086,0.40117974401780754
68,0.3,0.5,100,0.37747356705620483,0.40117974401780754
68,0.3,0.3,100,0.35076238174735674,0.40117974401780754
68,0.3,1,7,0.34612183611189734,0.40117974401780754
68,0.3,0.7,7,0.34887729987637983,0.40117974401780754
68,0.3,0.5,7,0.39452544450620636,0.40117974401780754
68,0.3,0.3,7,0.3734623022761424,0.40117974401780754
68,0.3,1,5,0.3808209319096592,0.40117974401780754
68,0.3,0.7,5,0.35903504628942584,0.40117974401780754
68,0.3,0.5,5,0.38475971007932924,0.40117974401780754
68,0.3,0.3,5,0.35384113123190125,0.40117974401780754
68,0.3,1,3,0.40202509768325434,0.40117974401780754
68,0.3,0.7,3,0.3389763116621004,0.40117974401780754
68,0.3,0.5,3,0.3346333147866216,0.40117974401780754
68,0.3,0.3,3,0.2670496693660502,0.40117974401780754
69,0.3,1,100,0.3614101132043547,0.39430161380077916
69,0.3,0.7,100,0.376438508625487,0.39430161380077916
69,0.3,0.5,100,0.3795659432387313,0.39430161380077916
69,0.3,0.3,100,0.39129660545353373,0.39430161380077916
69,0.3,1,7,0.3321835583950027,0.39430161380077916
69,0.3,0.7,7,0.36967479027654804,0.39430161380077916
69,0.3,0.5,7,0.37325019237084156,0.39430161380077916
69,0.3,0.3,7,0.37896336975960904,0.39430161380077916
69,0.3,1,5,0.36407260852270185,0.39430161380077916
69,0.3,0.7,5,0.40538100044046566,0.39430161380077916
69,0.3,0.5,5,0.3644676518844738,0.39430161380077916
69,0.3,0.3,5,0.3822007081346213,0.39430161380077916
69,0.3,1,3,0.35397142483107585,0.39430161380077916
69,0.3,0.7,3,0.4063821615371077,0.39430161380077916
69,0.3,0.5,3,0.3629468250570861,0.39430161380077916
69,0.3,0.3,3,0.3227965038777289,0.39430161380077916
70,0.3,1,100,0.4066781685856812,0.4615692821368949
70,0.3,0.7,100,0.4172064552031164,0.4615692821368949
70,0.3,0.5,100,0.42563160823594887,0.4615692821368949
70,0.3,0.3,100,0.3971062882582082,0.4615692821368949
70,0.3,1,7,0.4212825923735671,0.4615692821368949
70,0.3,0.7,7,0.4296281056106651,0.4615692821368949
70,0.3,0.5,7,0.42145336465061206,0.4615692821368949
70,0.3,0.3,7,0.4174227238162127,0.4615692821368949
70,0.3,1,5,0.4100872186550755,0.4615692821368949
70,0.3,0.7,5,0.448062897469617,0.4615692821368949
70,0.3,0.5,5,0.4322003249925979,0.4615692821368949
70,0.3,0.3,5,0.41394979269,0.4615692821368949
70,0.3,1,3,0.44631417487497677,0.4615692821368949
70,0.3,0.7,3,0.39853404319443875,0.4615692821368949
70,0.3,0.5,3,0.4592933989723633,0.4615692821368949
70,0.3,0.3,3,0.3137132982232048,0.4615692821368949
71,0.3,1,100,0.3886338218808565,0.42802448525319986
71,0.3,0.7,100,0.4377740678909294,0.42802448525319986
71,0.3,0.5,100,0.3946466332776851,0.42802448525319986
71,0.3,0.3,100,0.390517529215359,0.42802448525319986
71,0.3,1,7,0.3949731099508838,0.42802448525319986
71,0.3,0.7,7,0.3994825676878176,0.42802448525319986
71,0.3,0.5,7,0.39336311642378397,0.42802448525319986
71,0.3,0.3,7,0.4066328845473768,0.42802448525319986
71,0.3,1,5,0.3788703598140942,0.42802448525319986
71,0.3,0.7,5,0.4099716574532431,0.42802448525319986
71,0.3,0.5,5,0.3986624377560683,0.42802448525319986
71,0.3,0.3,5,0.3711017639760918,0.42802448525319986
71,0.3,1,3,0.3681690847642266,0.42802448525319986
71,0.3,0.7,3,0.3798776484971032,0.42802448525319986
71,0.3,0.5,3,0.3907754229677626,0.42802448525319986
71,0.3,0.3,3,0.28707041801634353,0.42802448525319986
72,0.3,1,100,0.41604470813101496,0.4247479820494518
72,0.3,0.7,100,0.42999245960701943,0.4247479820494518
72,0.3,0.5,100,0.43115191986644413,0.4247479820494518
72,0.3,0.3,100,0.43983305509181975,0.4247479820494518
72,0.3,1,7,0.463328169617665,0.4247479820494518
72,0.3,0.7,7,0.42125007133446546,0.4247479820494518
72,0.3,0.5,7,0.45070511949525716,0.4247479820494518
72,0.3,0.3,7,0.4006595788483654,0.4247479820494518
72,0.3,1,5,0.40948024802247995,0.4247479820494518
72,0.3,0.7,5,0.46776914883799103,0.4247479820494518
72,0.3,0.5,5,0.46205351479842427,0.4247479820494518
72,0.3,0.3,5,0.43037202512534267,0.4247479820494518
72,0.3,1,3,0.4214750815706471,0.4247479820494518
72,0.3,0.7,3,0.4320327001607706,0.4247479820494518
72,0.3,0.5,3,0.3969829430742216,0.4247479820494518
72,0.3,0.3,3,0.341612478665245,0.4247479820494518
73,0.3,1,100,0.3712171629037895,0.3877907623817474
73,0.3,0.7,100,0.3725208681135226,0.3877907623817474
73,0.3,0.5,100,0.3587534780189205,0.3877907623817474
73,0.3,0.3,100,0.3778185865331108,0.3877907623817474
73,0.3,1,7,0.3326164532946492,0.3877907623817474
73,0.3,0.7,7,0.3959045060243499,0.3877907623817474
73,0.3,0.5,7,0.37895863592075396,0.3877907623817474
73,0.3,0.3,7,0.3653941186993888,0.3877907623817474
73,0.3,1,5,0.35133943918951493,0.3877907623817474
73,0.3,0.7,5,0.3695148180509078,0.3877907623817474
73,0.3,0.5,5,0.3611815522931517,0.3877907623817474
73,0.3,0.3,5,0.42954800488130057,0.3877907623817474
73,0.3,1,3,0.37337058229046166,0.3877907623817474
73,0.3,0.7,3,0.359007840460254,0.3877907623817474
73,0.3,0.5,3,0.34859878542738254,0.3877907623817474
73,0.3,0.3,3,0.2728668152091206,0.3877907623817474
74,0.3,1,100,0.4090572988534292,0.45282136894824715
74,0.3,0.7,100,0.40202126514532993,0.45282136894824715
74,0.3,0.5,100,0.3920200333889817,0.45282136894824715
74,0.3,0.3,100,0.40725653867557043,0.45282136894824715
74,0.3,1,7,0.39184254124858914,0.45282136894824715
74,0.3,0.7,7,0.4212165220894154,0.45282136894824715
74,0.3,0.5,7,0.3874233674316029,0.45282136894824715
74,0.3,0.3,7,0.4418388438777547,0.45282136894824715
74,0.3,1,5,0.3951365050115407,0.45282136894824715
74,0.3,0.7,5,0.3811474211943682,0.45282136894824715
74,0.3,0.5,5,0.37910409334609513,0.45282136894824715
74,0.3,0.3,5,0.40228112704345964,0.45282136894824715
74,0.3,1,3,0.38345965140148486,0.45282136894824715
74,0.3,0.7,3,0.4058146648990289,0.45282136894824715
74,0.3,0.5,3,0.38891061883428857,0.45282136894824715
74,0.3,0.3,3,0.34253930854357567,0.45282136894824715
75,0.3,1,100,0.4368713391305172,0.4309849749582638
75,0.3,0.7,100,0.4285587089593768,0.4309849749582638
75,0.3,0.5,100,0.4252086811352254,0.4309849749582638
75,0.3,0.3,100,0.45107401224262667,0.4309849749582638
75,0.3,1,7,0.41124678468815756,0.4309849749582638
75,0.3,0.7,7,0.4256318958086618,0.4309849749582638
75,0.3,0.5,7,0.42829073247383126,0.4309849749582638
75,0.3,0.3,7,0.4460666504160467,0.4309849749582638
75,0.3,1,5,0.41004738611615166,0.4309849749582638
75,0.3,0.7,5,0.3902692306969578,0.4309849749582638
75,0.3,0.5,5,0.41069745590641266,0.4309849749582638
75,0.3,0.3,5,0.4483165787241022,0.4309849749582638
75,0.3,1,3,0.4050346101618256,0.4309849749582638
75,0.3,0.7,3,0.4024642721273024,0.4309849749582638
75,0.3,0.5,3,0.4027925598416129,0.4309849749582638
75,0.3,0.3,3,0.3319155569712756,0.4309849749582638
76,0.3,1,100,0.40586574011249177,0.43746052417097936
76,0.3,0.7,100,0.38814226175016797,0.43746052417097936
76,0.3,0.5,100,0.3849860879243184,0.43746052417097936
76,0.3,0.3,100,0.4205453533667224,0.43746052417097936
76,0.3,1,7,0.4135377587061377,0.43746052417097936
76,0.3,0.7,7,0.43509382522575696,0.43746052417097936
76,0.3,0.5,7,0.4298784186834914,0.43746052417097936
76,0.3,0.3,7,0.43072834009742517,0.43746052417097936
76,0.3,1,5,0.42311975249082173,0.43746052417097936
76,0.3,0.7,5,0.40236660204646507,0.43746052417097936
76,0.3,0.5,5,0.409361286519698,0.43746052417097936
76,0.3,0.3,5,0.44085529851051886,0.43746052417097936
76,0.3,1,3,0.3771549255226978,0.43746052417097936
76,0.3,0.7,3,0.4025599391451479,0.43746052417097936
76,0.3,0.5,3,0.394801327580263,0.43746052417097936
76,0.3,0.3,3,0.3317933357065326,0.43746052417097936
77,0.3,1,100,0.3601556028541637,0.4699610461880913
77,0.3,0.7,100,0.396627712854758,0.4699610461880913
77,0.3,0.5,100,0.43828603227601565,0.4699610461880913
77,0.3,0.3,100,0.37426822481914307,0.4699610461880913
77,0.3,1,7,0.37003674377131657,0.4699610461880913
77,0.3,0.7,7,0.4183593553539274,0.4699610461880913
77,0.3,0.5,7,0.4231494066959808,0.4699610461880913
77,0.3,0.3,7,0.44746235627899444,0.4699610461880913
77,0.3,1,5,0.4363267429752377,0.4699610461880913
77,0.3,0.7,5,0.4125663797783919,0.4699610461880913
77,0.3,0.5,5,0.44299570100043717,0.4699610461880913
77,0.3,0.3,5,0.42730152796217835,0.4699610461880913
77,0.3,1,3,0.39743286401366,0.4699610461880913
77,0.3,0.7,3,0.38985786192364874,0.4699610461880913
77,0.3,0.5,3,0.374216565497405,0.4699610461880913
77,0.3,0.3,3,0.33488950015364827,0.4699610461880913
78,0.3,1,100,0.3146622772970497,0.4635948803561492
78,0.3,0.7,100,0.3709404563160824,0.4635948803561492
78,0.3,0.5,100,0.3676683361157485,0.4635948803561492
78,0.3,0.3,100,0.37932109070673353,0.4635948803561492
78,0.3,1,7,0.396297340432277,0.4635948803561492
78,0.3,0.7,7,0.3535805420807516,0.4635948803561492
78,0.3,0.5,7,0.39660573737018207,0.4635948803561492
78,0.3,0.3,7,0.3523059378614285,0.4635948803561492
78,0.3,1,5,0.3391523754814427,0.4635948803561492
78,0.3,0.7,5,0.35078096854803503,0.4635948803561492
78,0.3,0.5,5,0.3878491002862842,0.4635948803561492
78,0.3,0.3,5,0.3083169796064643,0.4635948803561492
78,0.3,1,3,0.3403727073722707,0.4635948803561492
78,0.3,0.7,3,0.35480873511598837,0.4635948803561492
78,0.3,0.5,3,0.3714026055469535,0.4635948803561492
78,0.3,0.3,3,0.23222428177283166,0.4635948803561492
79,0.3,1,100,0.3047542206932274,0.36885920979410136
79,0.3,0.7,100,0.30852531997774074,0.36885920979410136
79,0.3,0.5,100,0.2861992209237619,0.36885920979410136
79,0.3,0.3,100,0.3026488592097942,0.36885920979410136
79,0.3,1,7,0.2642681817117931,0.36885920979410136
79,0.3,0.7,7,0.30823806171250107,0.36885920979410136
79,0.3,0.5,7,0.31804990793439597,0.36885920979410136
79,0.3,0.3,7,0.3182834150416297,0.36885920979410136
79,0.3,1,5,0.3026775850309773,0.36885920979410136
79,0.3,0.7,5,0.31864526343000993,0.36885920979410136
79,0.3,0.5,5,0.3160264598879448,0.36885920979410136
79,0.3,0.3,5,0.3266879077859349,0.36885920979410136
79,0.3,1,3,0.36311161577406037,0.36885920979410136
79,0.3,0.7,3,0.3105983706867507,0.36885920979410136
79,0.3,0.5,3,0.2971296266876761,0.36885920979410136
79,0.3,0.3,3,0.20576723817583595,0.36885920979410136
80,0.3,1,100,0.39673869374090287,0.4770241430851606
80,0.3,0.7,100,0.40891043102671093,0.4770241430851606
80,0.3,0.5,100,0.37632721202003344,0.4770241430851606
80,0.3,0.3,100,0.4004897050639956,0.4770241430851606
80,0.3,1,7,0.3943909786080756,0.4770241430851606
80,0.3,0.7,7,0.4024370267721637,0.4770241430851606
80,0.3,0.5,7,0.39880649033986165,0.4770241430851606
80,0.3,0.3,7,0.4294303126128916,0.4770241430851606
80,0.3,1,5,0.38386626126463114,0.4770241430851606
80,0.3,0.7,5,0.39863583706197947,0.4770241430851606
80,0.3,0.5,5,0.3886513683616027,0.4770241430851606
80,0.3,0.3,5,0.37716545880186436,0.4770241430851606
80,0.3,1,3,0.37694910676492477,0.4770241430851606
80,0.3,0.7,3,0.39293037166038475,0.4770241430851606
80,0.3,0.5,3,0.3801569203713225,0.4770241430851606
80,0.3,0.3,3,0.3698788491477579,0.4770241430851606
81,0.3,1,100,0.34069160237952384,0.3926766833611576
81,0.3,0.7,100,0.3936338341680579,0.3926766833611576
81,0.3,0.5,100,0.35675013912075687,0.3926766833611576
81,0.3,0.3,100,0.38182526432943803,0.3926766833611576
81,0.3,1,7,0.3601975724959457,0.3926766833611576
81,0.3,0.7,7,0.3673934093389304,0.3926766833611576
81,0.3,0.5,7,0.37020419491047823,0.3926766833611576
81,0.3,0.3,7,0.3794231941511906,0.3926766833611576
81,0.3,1,5,0.38594960409316786,0.3926766833611576
81,0.3,0.7,5,0.3528374761590304,0.3926766833611576
81,0.3,0.5,5,0.3891802933724626,0.3926766833611576
81,0.3,0.3,5,0.3399960525407377,0.3926766833611576
81,0.3,1,3,0.40599007335648823,0.3926766833611576
81,0.3,0.7,3,0.4229508405296235,0.3926766833611576
81,0.3,0.5,3,0.3588890250580414,0.3926766833611576
81,0.3,0.3,3,0.23726321709839301,0.3926766833611576
82,0.3,1,100,0.3492203075947114,0.4141791875347803
82,0.3,0.7,100,0.3366008252679286,0.4141791875347803
82,0.3,0.5,100,0.35506956037840853,0.4141791875347803
82,0.3,0.3,100,0.3565275459098498,0.4141791875347803
82,0.3,1,7,0.3497499444080848,0.4141791875347803
82,0.3,0.7,7,0.35689904178252263,0.4141791875347803
82,0.3,0.5,7,0.3701457243322102,0.4141791875347803
82,0.3,0.3,7,0.3151659270006973,0.4141791875347803
82,0.3,1,5,0.33036619767036085,0.4141791875347803
82,0.3,0.7,5,0.3589514859013509,0.4141791875347803
82,0.3,0.5,5,0.3768900378795174,0.4141791875347803
82,0.3,0.3,5,0.37511434825365914,0.4141791875347803
82,0.3,1,3,0.33978386863629945,0.4141791875347803
82,0.3,0.7,3,0.33779736657742904,0.4141791875347803
82,0.3,0.5,3,0.29021055294394127,0.4141791875347803
82,0.3,0.3,3,0.17750236912917045,0.4141791875347803
83,0.3,1,100,0.3917312394963367,0.4096382860322761
83,0.3,0.7,100,0.3525765164162494,0.4096382860322761
83,0.3,0.5,100,0.4225932109070674,0.4096382860322761
83,0.3,0.3,100,0.41026154702281586,0.4096382860322761
83,0.3,1,7,0.38273585352438444,0.4096382860322761
83,0.3,0.7,7,0.4062301068637856,0.4096382860322761
83,0.3,0.5,7,0.41544650343386186,0.4096382860322761
83,0.3,0.3,7,0.40564499833363504,0.4096382860322761
83,0.3,1,5,0.4082864192415223,0.4096382860322761
83,0.3,0.7,5,0.41974410856708405,0.4096382860322761
83,0.3,0.5,5,0.4254219038440934,0.4096382860322761
83,0.3,0.3,5,0.41360649792188076,0.4096382860322761
83,0.3,1,3,0.37861973338909466,0.4096382860322761
83,0.3,0.7,3,0.3763826733013791,0.4096382860322761
83,0.3,0.5,3,0.4293261110484396,0.4096382860322761
83,0.3,0.3,3,0.24405938126127902,0.4096382860322761
84,0.3,1,100,0.3779463624321201,0.4296828046744575
84,0.3,0.7,100,0.37758245061791756,0.4296828046744575
84,0.3,0.5,100,0.37131886477462445,0.4296828046744575
84,0.3,0.3,100,0.3381969949916528,0.4296828046744575
84,0.3,1,7,0.38471086575931324,0.4296828046744575
84,0.3,0.7,7,0.39338527322642136,0.4296828046744575
84,0.3,0.5,7,0.39698126597839756,0.4296828046744575
84,0.3,0.3,7,0.3808649571504973,0.4296828046744575
84,0.3,1,5,0.38281108917222817,0.4296828046744575
84,0.3,0.7,5,0.3508811830230668,0.4296828046744575
84,0.3,0.5,5,0.3902532041573396,0.4296828046744575
84,0.3,0.3,5,0.35354743003987066,0.4296828046744575
84,0.3,1,3,0.4047455432503809,0.4296828046744575
84,0.3,0.7,3,0.3266147496694456,0.4296828046744575
84,0.3,0.5,3,0.3576403679145545,0.4296828046744575
84,0.3,0.3,3,0.24526760071218837,0.4296828046744575
85,0.3,1,100,0.339542209675169,0.35396772398441856
85,0.3,0.7,100,0.38418475236505295,0.35396772398441856
85,0.3,0.5,100,0.34209237618252647,0.35396772398441856
85,0.3,0.3,100,0.3488925987757374,0.35396772398441856
85,0.3,1,7,0.3812638443497448,0.35396772398441856
85,0.3,0.7,7,0.3595696569816702,0.35396772398441856
85,0.3,0.5,7,0.36986459279192935,0.35396772398441856
85,0.3,0.3,7,0.3609850806732821,0.35396772398441856
85,0.3,1,5,0.41908800290194853,0.35396772398441856
85,0.3,0.7,5,0.3718725841679264,0.35396772398441856
85,0.3,0.5,5,0.3557523158658533,0.35396772398441856
85,0.3,0.3,5,0.36136701354034245,0.35396772398441856
85,0.3,1,3,0.369172498872405,0.35396772398441856
85,0.3,0.7,3,0.37565423737362563,0.35396772398441856
85,0.3,0.5,3,0.38026109264534,0.35396772398441856
85,0.3,0.3,3,0.24942609201592167,0.35396772398441856
86,0.3,1,100,0.3894658360388887,0.4519446407673805
86,0.3,0.7,100,0.4568614357262104,0.4519446407673805
86,0.3,0.5,100,0.42398441847523655,0.4519446407673805
86,0.3,0.3,100,0.40800222593210916,0.4519446407673805
86,0.3,1,7,0.36458336549864473,0.4519446407673805
86,0.3,0.7,7,0.41037904321749746,0.4519446407673805
86,0.3,0.5,7,0.4121046991452933,0.4519446407673805
86,0.3,0.3,7,0.42062083065376643,0.4519446407673805
86,0.3,1,5,0.44014820776861047,0.4519446407673805
86,0.3,0.7,5,0.4504075794763149,0.4519446407673805
86,0.3,0.5,5,0.3741664539985844,0.4519446407673805
86,0.3,0.3,5,0.4186594406029503,0.4519446407673805
86,0.3,1,3,0.38485005929694366,0.4519446407673805
86,0.3,0.7,3,0.4381129856491618,0.4519446407673805
86,0.3,0.5,3,0.4366176196433807,0.4519446407673805
86,0.3,0.3,3,0.32590155528493997,0.4519446407673805
87,0.3,1,100,0.32693436816137644,0.4479131886477463
87,0.3,0.7,100,0.39591541457985535,0.4479131886477463
87,0.3,0.5,100,0.402392877017251,0.4479131886477463
87,0.3,0.3,100,0.4007122982749027,0.4479131886477463
87,0.3,1,7,0.40650113661716264,0.4479131886477463
87,0.3,0.7,7,0.3706282595652239,0.4479131886477463
87,0.3,0.5,7,0.40960912336204836,0.4479131886477463
87,0.3,0.3,7,0.39615271846222333,0.4479131886477463
87,0.3,1,5,0.4090429749240027,0.4479131886477463
87,0.3,0.7,5,0.410357828894425,0.4479131886477463
87,0.3,0.5,5,0.3759912838333152,0.4479131886477463
87,0.3,0.3,5,0.3907042628507373,0.4479131886477463
87,0.3,1,3,0.39132663863627565,0.4479131886477463
87,0.3,0.7,3,0.38925209466333927,0.4479131886477463
87,0.3,0.5,3,0.3580827684780896,0.4479131886477463
87,0.3,0.3,3,0.2931961146063834,0.4479131886477463
88,0.3,1,100,0.41036729324674187,0.4653379669967011
88,0.3,0.7,100,0.4274079783210154,0.4653379669967011
88,0.3,0.5,100,0.44840289371174186,0.4653379669967011
88,0.3,0.3,100,0.44072342793544805,0.4653379669967011
88,0.3,1,7,0.4366898366912087,0.4653379669967011
88,0.3,0.7,7,0.4565998469237432,0.4653379669967011
88,0.3,0.5,7,0.4604485621395499,0.4653379669967011
88,0.3,0.3,7,0.4619588002646191,0.4653379669967011
88,0.3,1,5,0.425689274184522,0.4653379669967011
88,0.3,0.7,5,0.42541796555495776,0.4653379669967011
88,0.3,0.5,5,0.41309180051740557,0.4653379669967011
88,0.3,0.3,5,0.40997694760963443,0.4653379669967011
88,0.3,1,3,0.45312033342212826,0.4653379669967011
88,0.3,0.7,3,0.44394220974012627,0.4653379669967011
88,0.3,0.5,3,0.46149276946852696,0.4653379669967011
88,0.3,0.3,3,0.3424006392763037,0.4653379669967011
89,0.3,1,100,0.3874329417161701,0.39727990339581554
89,0.3,0.7,100,0.4197129644637301,0.39727990339581554
89,0.3,0.5,100,0.40510851419031724,0.39727990339581554
89,0.3,0.3,100,0.40221480244852537,0.39727990339581554
89,0.3,1,7,0.4099388523583295,0.39727990339581554
89,0.3,0.7,7,0.3602032862017873,0.39727990339581554
89,0.3,0.5,7,0.3677866383804697,0.39727990339581554
89,0.3,0.3,7,0.39416465397746087,0.39727990339581554
89,0.3,1,5,0.38117420718154976,0.39727990339581554
89,0.3,0.7,5,0.4162102555635877,0.39727990339581554
89,0.3,0.5,5,0.3930493570023609,0.39727990339581554
89,0.3,0.3,5,0.38616135088964415,0.39727990339581554
89,0.3,1,3,0.3574764296436415,0.39727990339581554
89,0.3,0.7,3,0.43389519884624483,0.39727990339581554
89,0.3,0.5,3,0.3977324390941716,0.39727990339581554
89,0.3,0.3,3,0.3053269514348532,0.39727990339581554
90,0.3,1,100,0.3466157641053994,0.47292153589315533
90,0.3,0.7,100,0.3712698143303585,0.47292153589315533
90,0.3,0.5,100,0.41551474680022266,0.47292153589315533
90,0.3,0.3,100,0.3826154702281581,0.47292153589315533
90,0.3,1,7,0.42025138181267757,0.47292153589315533
90,0.3,0.7,7,0.3901983658786957,0.47292153589315533
90,0.3,0.5,7,0.3886810996771421,0.47292153589315533
90,0.3,0.3,7,0.3741232794069613,0.47292153589315533
90,0.3,1,5,0.3982305125214424,0.47292153589315533
90,0.3,0.7,5,0.3848072978936216,0.47292153589315533
90,0.3,0.5,5,0.34374033030133894,0.47292153589315533
90,0.3,0.3,5,0.35374953598388764,0.47292153589315533
90,0.3,1,3,0.35294475605109604,0.47292153589315533
90,0.3,0.7,3,0.4242363121442467,0.47292153589315533
90,0.3,0.5,3,0.37153817395486255,0.47292153589315533
90,0.3,0.3,3,0.2686304657114547,0.47292153589315533
91,0.3,1,100,0.4171760205391969,0.3917974401780746
91,0.3,0.7,100,0.42310078770555465,0.3917974401780746
91,0.3,0.5,100,0.43043962159154153,0.3917974401780746
91,0.3,0.3,100,0.4166944908180301,0.3917974401780746
91,0.3,1,7,0.402556726572573,0.3917974401780746
91,0.3,0.7,7,0.42776657546780866,0.3917974401780746
91,0.3,0.5,7,0.4459070059300549,0.3917974401780746
91,0.3,0.3,7,0.43854228681532226,0.3917974401780746
91,0.3,1,5,0.40062549585488416,0.3917974401780746
91,0.3,0.7,5,0.45786983584899194,0.3917974401780746
91,0.3,0.5,5,0.3842619866171015,0.3917974401780746
91,0.3,0.3,5,0.4181610958685275,0.3917974401780746
91,0.3,1,3,0.40545970195119235,0.3917974401780746
91,0.3,0.7,3,0.40047692670016294,0.3917974401780746
91,0.3,0.5,3,0.3985838947109578,0.3917974401780746
91,0.3,0.3,3,0.33973361839743565,0.3917974401780746
92,0.3,1,100,0.4440443408057887,0.4551500008417767
92,0.3,0.7,100,0.40527545909849755,0.4551500008417767
92,0.3,0.5,100,0.4318976071229828,0.4551500008417767
92,0.3,0.3,100,0.45334446299387876,0.4551500008417767
92,0.3,1,7,0.4349786106476186,0.4551500008417767
92,0.3,0.7,7,0.446082941775267,0.4551500008417767
92,0.3,0.5,7,0.4655434021924531,0.4551500008417767
92,0.3,0.3,7,0.4377783930357783,0.4551500008417767
92,0.3,1,5,0.4097908046824807,0.4551500008417767
92,0.3,0.7,5,0.4218533318443831,0.4551500008417767
92,0.3,0.5,5,0.463279903322777,0.4551500008417767
92,0.3,0.3,5,0.40720906542603846,0.4551500008417767
92,0.3,1,3,0.41116595437502607,0.4551500008417767
92,0.3,0.7,3,0.41540108971791834,0.4551500008417767
92,0.3,0.5,3,0.4246011111554595,0.4551500008417767
92,0.3,0.3,3,0.33981421250659294,0.4551500008417767
93,0.3,1,100,0.3405479730305387,0.4053644963828604
93,0.3,0.7,100,0.3403672787979967,0.4053644963828604
93,0.3,0.5,100,0.32083472454090156,0.4053644963828604
93,0.3,0.3,100,0.39914301613800784,0.4053644963828604
93,0.3,1,7,0.29492915987229906,0.4053644963828604
93,0.3,0.7,7,0.33955821040609735,0.4053644963828604
93,0.3,0.5,7,0.326761545792976,0.4053644963828604
93,0.3,0.3,7,0.3294334468245505,0.4053644963828604
93,0.3,1,5,0.34390114082805673,0.4053644963828604
93,0.3,0.7,5,0.38437963060457525,0.4053644963828604
93,0.3,0.5,5,0.32380804995654283,0.4053644963828604
93,0.3,0.3,5,0.31975761785608625,0.4053644963828604
93,0.3,1,3,0.36114291754499867,0.4053644963828604
93,0.3,0.7,3,0.3763983969681764,0.4053644963828604
93,0.3,0.5,3,0.3121469146586525,0.4053644963828604
93,0.3,0.3,3,0.26462634597267065,0.4053644963828604
94,0.3,1,100,0.37529844767676657,0.454234835837507
94,0.3,0.7,100,0.40719645853373687,0.454234835837507
94,0.3,0.5,100,0.40241513633834175,0.454234835837507
94,0.3,0.3,100,0.4012020033388982,0.454234835837507
94,0.3,1,7,0.38436013497488714,0.454234835837507
94,0.3,0.7,7,0.3990045686084093,0.454234835837507
94,0.3,0.5,7,0.4241283923581492,0.454234835837507
94,0.3,0.3,7,0.360912228147262,0.454234835837507
94,0.3,1,5,0.4238544861975687,0.454234835837507
94,0.3,0.7,5,0.3705004185337249,0.454234835837507
94,0.3,0.5,5,0.3778953097862298,0.454234835837507
94,0.3,0.3,5,0.43817385128081787,0.454234835837507
94,0.3,1,3,0.4143637760006324,0.454234835837507
94,0.3,0.7,3,0.4161608236703838,0.454234835837507
94,0.3,0.5,3,0.4071189447171159,0.454234835837507
94,0.3,0.3,3,0.3484277584001862,0.454234835837507
95,0.3,1,100,0.4045416012543228,0.41925431274346137
95,0.3,0.7,100,0.34887687500656756,0.41925431274346137
95,0.3,0.5,100,0.4101947690595438,0.41925431274346137
95,0.3,0.3,100,0.38938230383973294,0.41925431274346137
95,0.3,1,7,0.40531308655961035,0.41925431274346137
95,0.3,0.7,7,0.41733087286560017,0.41925431274346137
95,0.3,0.5,7,0.37639975356833777,0.41925431274346137
95,0.3,0.3,7,0.3466419738956263,0.41925431274346137
95,0.3,1,5,0.3922631148575477,0.41925431274346137
95,0.3,0.7,5,0.3781154119103762,0.41925431274346137
95,0.3,0.5,5,0.38326596162940374,0.41925431274346137
95,0.3,0.3,5,0.4441368919872277,0.41925431274346137
95,0.3,1,3,0.39982919312313864,0.41925431274346137
95,0.3,0.7,3,0.390379727039352,0.41925431274346137
95,0.3,0.5,3,0.3953686384455368,0.41925431274346137
95,0.3,0.3,3,0.29772922584880035,0.41925431274346137
96,0.3,1,100,0.39023237518917103,0.380195826923639
96,0.3,0.7,100,0.3892932665553701,0.380195826923639
96,0.3,0.5,100,0.40281580411797446,0.380195826923639
96,0.3,0.3,100,0.3973734001112967,0.380195826923639
96,0.3,1,7,0.3740351767568378,0.380195826923639
96,0.3,0.7,7,0.4550888642767722,0.380195826923639
96,0.3,0.5,7,0.42404877254602563,0.380195826923639
96,0.3,0.3,7,0.3993056979087674,0.380195826923639
96,0.3,1,5,0.39969219977215054,0.380195826923639
96,0.3,0.7,5,0.4044905169279199,0.380195826923639
96,0.3,0.5,5,0.43440935898732885,0.380195826923639
96,0.3,0.3,5,0.4008336540229051,0.380195826923639
96,0.3,1,3,0.4409165856251052,0.380195826923639
96,0.3,0.7,3,0.40937463359953297,0.380195826923639
96,0.3,0.5,3,0.3870196755837724,0.380195826923639
96,0.3,0.3,3,0.31194291506257693,0.380195826923639
97,0.3,1,100,0.4142922769052565,0.4475347801892043
97,0.3,0.7,100,0.3602959384987194,0.4475347801892043
97,0.3,0.5,100,0.3693043962159155,0.4475347801892043
97,0.3,0.3,100,0.394234835837507,0.4475347801892043
97,0.3,1,7,0.40151432427337597,0.4475347801892043
97,0.3,0.7,7,0.34669217049221146,0.4475347801892043
97,0.3,0.5,7,0.39235525299959656,0.4475347801892043
97,0.3,0.3,7,0.3938860853636546,0.4475347801892043
97,0.3,1,5,0.37572650679082026,0.4475347801892043
97,0.3,0.7,5,0.4113730889230327,0.4475347801892043
97,0.3,0.5,5,0.3639860724544894,0.4475347801892043
97,0.3,0.3,5,0.4198501680630714,0.4475347801892043
97,0.3,1,3,0.3781881817708682,0.4475347801892043
97,0.3,0.7,3,0.41078805626514037,0.4475347801892043
97,0.3,0.5,3,0.38697459698814074,0.4475347801892043
97,0.3,0.3,3,0.269466456319942,0.4475347801892043
98,0.3,1,100,0.43832950499706724,0.408091263216472
98,0.3,0.7,100,0.43691324847349294,0.408091263216472
98,0.3,0.5,100,0.4401335559265443,0.408091263216472
98,0.3,0.3,100,0.4017584863661659,0.408091263216472
98,0.3,1,7,0.4047403081756783,0.408091263216472
98,0.3,0.7,7,0.4435190492480253,0.408091263216472
98,0.3,0.5,7,0.44672520133845933,0.408091263216472
98,0.3,0.3,7,0.43326340781095984,0.408091263216472
98,0.3,1,5,0.4229873038421763,0.408091263216472
98,0.3,0.7,5,0.4097761852020586,0.408091263216472
98,0.3,0.5,5,0.43146289156448536,0.408091263216472
98,0.3,0.3,5,0.4533635910252233,0.408091263216472
98,0.3,1,3,0.43289309405481347,0.408091263216472
98,0.3,0.7,3,0.4022153724425695,0.408091263216472
98,0.3,0.5,3,0.3648745652251968,0.408091263216472
98,0.3,0.3,3,0.3237655311174394,0.408091263216472
99,0.3,1,100,0.3216069497233909,0.3851707990298689
99,0.3,0.7,100,0.3363606010016695,0.3851707990298689
99,0.3,0.5,100,0.3826488592097942,0.3851707990298689
99,0.3,0.3,100,0.34998330550918205,0.3851707990298689
99,0.3,1,7,0.36225799705090417,0.3851707990298689
99,0.3,0.7,7,0.32888692941134096,0.3851707990298689
99,0.3,0.5,7,0.3319630129124459,0.3851707990298689
99,0.3,0.3,7,0.35798961607183705,0.3851707990298689
99,0.3,1,5,0.3689113378400625,0.3851707990298689
99,0.3,0.7,5,0.37558906033143435,0.3851707990298689
99,0.3,0.5,5,0.34341361161176626,0.3851707990298689
99,0.3,0.3,5,0.3397265711075669,0.3851707990298689
99,0.3,1,3,0.3484218159271805,0.3851707990298689
99,0.3,0.7,3,0.33771335972927363,0.3851707990298689
99,0.3,0.5,3,0.36248491171894,0.3851707990298689
99,0.3,0.3,3,0.26472127383773114,0.3851707990298689
100,0.3,1,100,0.3876675881004795,0.4427601558152477
100,0.3,0.7,100,0.3801335559265443,0.4427601558152477
100,0.3,0.5,100,0.43150806900389543,0.4427601558152477
100,0.3,0.3,100,0.36546466332776856,0.4427601558152477
100,0.3,1,7,0.3954544490284954,0.4427601558152477
100,0.3,0.7,7,0.3794710746071655,0.4427601558152477
100,0.3,0.5,7,0.4224919554880664,0.4427601558152477
100,0.3,0.3,7,0.4285575677579989,0.4427601558152477
100,0.3,1,5,0.38044587930171203,0.4427601558152477
100,0.3,0.7,5,0.3906342082519764,0.4427601558152477
100,0.3,0.5,5,0.4272059188267615,0.4427601558152477
100,0.3,0.3,5,0.40103329871879934,0.4427601558152477
100,0.3,1,3,0.3951354544777192,0.4427601558152477
100,0.3,0.7,3,0.4182109094814826,0.4427601558152477
100,0.3,0.5,3,0.3938599003021949,0.4427601558152477
100,0.3,0.3,3,0.3458200316176451,0.4427601558152477
101,0.3,1,100,0.3788545772281978,0.4031118617485325
101,0.3,0.7,100,0.3173400111296606,0.4031118617485325
101,0.3,0.5,100,0.37070673344463,0.4031118617485325
101,0.3,0.3,100,0.3944574290484141,0.4031118617485325
101,0.3,1,7,0.3695619783946327,0.4031118617485325
101,0.3,0.7,7,0.3790990541777246,0.4031118617485325
101,0.3,0.5,7,0.3853255243124064,0.4031118617485325
101,0.3,0.3,7,0.3910353649936492,0.4031118617485325
101,0.3,1,5,0.37697170828725785,0.4031118617485325
101,0.3,0.7,5,0.3607251840963053,0.4031118617485325
101,0.3,0.5,5,0.3805446304354976,0.4031118617485325
101,0.3,0.3,5,0.4117540276262461,0.4031118617485325
101,0.3,1,3,0.3730550090590305,0.4031118617485325
101,0.3,0.7,3,0.4170160383574192,0.4031118617485325
101,0.3,0.5,3,0.35735413749421197,0.4031118617485325
101,0.3,0.3,3,0.27745507132890745,0.4031118617485325
102,0.3,1,100,0.3858438474049655,0.43180856983862
102,0.3,0.7,100,0.40619704673407403,0.43180856983862
102,0.3,0.5,100,0.35781858653311077,0.43180856983862
102,0.3,0.3,100,0.40690038953811913,0.43180856983862
102,0.3,1,7,0.3868115903986841,0.43180856983862
102,0.3,0.7,7,0.37517544077020876,0.43180856983862
102,0.3,0.5,7,0.3868689325160101,0.43180856983862
102,0.3,0.3,7,0.38310389432527725,0.43180856983862
102,0.3,1,5,0.37948809443155557,0.43180856983862
102,0.3,0.7,5,0.4381443973693681,0.43180856983862
102,0.3,0.5,5,0.3849042485918607,0.43180856983862
102,0.3,0.3,5,0.3799705972581842,0.43180856983862
102,0.3,1,3,0.40336497725449805,0.43180856983862
102,0.3,0.7,3,0.3834657455057816,0.43180856983862
102,0.3,0.5,3,0.4021193293788281,0.43180856983862
102,0.3,0.3,3,0.31497141059465983,0.43180856983862
103,0.3,1,100,0.36493775206616486,0.3982259271744051
103,0.3,0.7,100,0.3645474806566161,0.3982259271744051
103,0.3,0.5,100,0.41041736227045084,0.3982259271744051
103,0.3,0.3,100,0.3758820255982193,0.3982259271744051
103,0.3,1,7,0.35737099723744714,0.3982259271744051
103,0.3,0.7,7,0.3672536845211215,0.3982259271744051
103,0.3,0.5,7,0.39820280398796654,0.3982259271744051
103,0.3,0.3,7,0.39901892797642424,0.3982259271744051
103,0.3,1,5,0.3678554151145672,0.3982259271744051
103,0.3,0.7,5,0.4109223464892733,0.3982259271744051
103,0.3,0.5,5,0.38533754172440715,0.3982259271744051
103,0.3,0.3,5,0.4055916098599587,0.3982259271744051
103,0.3,1,3,0.3870766042326115,0.3982259271744051
103,0.3,0.7,3,0.3856313438395764,0.3982259271744051
103,0.3,0.5,3,0.3945766409201915,0.3982259271744051
103,0.3,0.3,3,0.2925117094318804,0.3982259271744051
104,0.3,1,100,0.4295792556856144,0.4647968836950474
104,0.3,0.7,100,0.43594880356149146,0.4647968836950474
104,0.3,0.5,100,0.44474123539232063,0.4647968836950474
104,0.3,0.3,100,0.44761268781302177,0.4647968836950474
104,0.3,1,7,0.46626703388636637,0.4647968836950474
104,0.3,0.7,7,0.46001502364029623,0.4647968836950474
104,0.3,0.5,7,0.46899216618580464,0.4647968836950474
104,0.3,0.3,7,0.4591724347835829,0.4647968836950474
104,0.3,1,5,0.48575811455867673,0.4647968836950474
104,0.3,0.7,5,0.45351200951865833,0.4647968836950474
104,0.3,0.5,5,0.4067886260222776,0.4647968836950474
104,0.3,0.3,5,0.42103684539559555,0.4647968836950474
104,0.3,1,3,0.4496316591648877,0.4647968836950474
104,0.3,0.7,3,0.46730241070944956,0.4647968836950474
104,0.3,0.5,3,0.4243648199680082,0.4647968836950474
104,0.3,0.3,3,0.33930517226311685,0.4647968836950474
105,0.3,1,100,0.40758251984187494,0.3929994435169728
105,0.3,0.7,100,0.4381969949916528,0.3929994435169728
105,0.3,0.5,100,0.4256761268781303,0.3929994435169728
105,0.3,0.3,100,0.4182303839732889,0.3929994435169728
105,0.3,1,7,0.3993981624446356,0.3929994435169728
105,0.3,0.7,7,0.4083465518724137,0.3929994435169728
105,0.3,0.5,7,0.4469467306998781,0.3929994435169728
105,0.3,0.3,7,0.4391975482988963,0.3929994435169728
105,0.3,1,5,0.40392113992873874,0.3929994435169728
105,0.3,0.7,5,0.3964657512605357,0.3929994435169728
105,0.3,0.5,5,0.4099826005561691,0.3929994435169728
105,0.3,0.3,5,0.4194750640844665,0.3929994435169728
105,0.3,1,3,0.3902694885000745,0.3929994435169728
105,0.3,0.7,3,0.36482314765719615,0.3929994435169728
105,0.3,0.5,3,0.3902117011932974,0.3929994435169728
105,0.3,0.3,3,0.30165866322203655,0.3929994435169728
106,0.3,1,100,0.3948792260844936,0.43988870339454655
106,0.3,0.7,100,0.3888146911519199,0.43988870339454655
106,0.3,0.5,100,0.3946243739565944,0.43988870339454655
106,0.3,0.3,100,0.39870895937673906,0.43988870339454655
106,0.3,1,7,0.3402059432411036,0.43988870339454655
106,0.3,0.7,7,0.4152310964359471,0.43988870339454655
106,0.3,0.5,7,0.38612442915384243,0.43988870339454655
106,0.3,0.3,7,0.3880498832034292,0.43988870339454655
106,0.3,1,5,0.40688734324267606,0.43988870339454655
106,0.3,0.7,5,0.3955724752748839,0.43988870339454655
106,0.3,0.5,5,0.42004944753936896,0.43988870339454655
106,0.3,0.3,5,0.38879021180294937,0.43988870339454655
106,0.3,1,3,0.39168619074671746,0.43988870339454655
106,0.3,0.7,3,0.3915210095178225,0.43988870339454655
106,0.3,0.5,3,0.3524485167896475,0.43988870339454655
106,0.3,0.3,3,0.2935268641086849,0.43988870339454655
107,0.3,1,100,0.33733826775072223,0.4133734373233512
107,0.3,0.7,100,0.2969059543683918,0.4133734373233512
107,0.3,0.5,100,0.3322760155815248,0.4133734373233512
107,0.3,0.3,100,0.34268224819143023,0.4133734373233512
107,0.3,1,7,0.3100440536263739,0.4133734373233512
107,0.3,0.7,7,0.31850914581265766,0.4133734373233512
107,0.3,0.5,7,0.36283458904993715,0.4133734373233512
107,0.3,0.3,7,0.3290899640852038,0.4133734373233512
107,0.3,1,5,0.32978825649439497,0.4133734373233512
107,0.3,0.7,5,0.335944770054541,0.4133734373233512
107,0.3,0.5,5,0.33614438954693954,0.4133734373233512
107,0.3,0.3,5,0.3357563074523469,0.4133734373233512
107,0.3,1,3,0.33508175896540365,0.4133734373233512
107,0.3,0.7,3,0.3594446821698512,0.4133734373233512
107,0.3,0.5,3,0.3625460173991247,0.4133734373233512
107,0.3,0.3,3,0.27449205393036014,0.4133734373233512
108,0.3,1,100,0.368302131866857,0.44542014468558716
108,0.3,0.7,100,0.3429827490261548,0.44542014468558716
108,0.3,0.5,100,0.3681023928770173,0.44542014468558716
108,0.3,0.3,100,0.3300834724540902,0.44542014468558716
108,0.3,1,7,0.3365924035024955,0.44542014468558716
108,0.3,0.7,7,0.3664787973582483,0.44542014468558716
108,0.3,0.5,7,0.3454469398155051,0.44542014468558716
108,0.3,0.3,7,0.3429202226116106,0.44542014468558716
108,0.3,1,5,0.3642053546063581,0.44542014468558716
108,0.3,0.7,5,0.366725095984225,0.44542014468558716
108,0.3,0.5,5,0.3441854799273221,0.44542014468558716
108,0.3,0.3,5,0.33863173742322067,0.44542014468558716
108,0.3,1,3,0.35261987456996285,0.44542014468558716
108,0.3,0.7,3,0.3679313120174799,0.44542014468558716
108,0.3,0.5,3,0.34673173132297713,0.44542014468558716
108,0.3,0.3,3,0.2604855378199313,0.44542014468558716
109,0.3,1,100,0.36230121826795003,0.46890372843628275
109,0.3,0.7,100,0.382588710598895,0.46890372843628275
109,0.3,0.5,100,0.3498274902615471,0.46890372843628275
109,0.3,0.3,100,0.3888146911519199,0.46890372843628275
109,0.3,1,7,0.34670051879119074,0.46890372843628275
109,0.3,0.7,7,0.3466388271808592,0.46890372843628275
109,0.3,0.5,7,0.3574397517523833,0.46890372843628275
109,0.3,0.3,7,0.38587557802321243,0.46890372843628275
109,0.3,1,5,0.38183044975856156,0.46890372843628275
109,0.3,0.7,5,0.3730611279348797,0.46890372843628275
109,0.3,0.5,5,0.38441500366422937,0.46890372843628275
109,0.3,0.3,5,0.3783083817544695,0.46890372843628275
109,0.3,1,3,0.3207508245839574,0.46890372843628275
109,0.3,0.7,3,0.31891659112813653,0.46890372843628275
109,0.3,0.5,3,0.3799251881397213,0.46890372843628275
109,0.3,0.3,3,0.26305658651028896,0.46890372843628275
110,0.3,1,100,0.3942387444390647,0.4235014566000161
110,0.3,0.7,100,0.3931552587646077,0.4235014566000161
110,0.3,0.5,100,0.37042849193099614,0.4235014566000161
110,0.3,0.3,100,0.3822593210907068,0.4235014566000161
110,0.3,1,7,0.42960832776298585,0.4235014566000161
110,0.3,0.7,7,0.38931266395195463,0.4235014566000161
110,0.3,0.5,7,0.4193473099048537,0.4235014566000161
110,0.3,0.3,7,0.39565893786585593,0.4235014566000161
110,0.3,1,5,0.38871412599557326,0.4235014566000161
110,0.3,0.7,5,0.3745197744601677,0.4235014566000161
110,0.3,0.5,5,0.4111417450092246,0.4235014566000161
110,0.3,0.3,5,0.4063335801714558,0.4235014566000161
110,0.3,1,3,0.3958512918209324,0.4235014566000161
110,0.3,0.7,3,0.3766635074510534,0.4235014566000161
110,0.3,0.5,3,0.35828238675258084,0.4235014566000161
110,0.3,0.3,3,0.30742753848933463,0.4235014566000161
111,0.3,1,100,0.3828373474681509,0.45509181969949924
111,0.3,0.7,100,0.3986087924318309,0.45509181969949924
111,0.3,0.5,100,0.3262882582081247,0.45509181969949924
111,0.3,0.3,100,0.35037284362826937,0.45509181969949924
111,0.3,1,7,0.3606175486458389,0.45509181969949924
111,0.3,0.7,7,0.41716637414848295,0.45509181969949924
111,0.3,0.5,7,0.34455054653637146,0.45509181969949924
111,0.3,0.3,7,0.4166569755663247,0.45509181969949924
111,0.3,1,5,0.37549612891889167,0.45509181969949924
111,0.3,0.7,5,0.35894910799904883,0.45509181969949924
111,0.3,0.5,5,0.37927037897197297,0.45509181969949924
111,0.3,0.3,5,0.35509818829427264,0.45509181969949924
111,0.3,1,3,0.40194842261138647,0.45509181969949924
111,0.3,0.7,3,0.39290628028022595,0.45509181969949924
111,0.3,0.5,3,0.3524971670354463,0.45509181969949924
111,0.3,0.3,3,0.2522339307676522,0.45509181969949924
112,0.3,1,100,0.38315801725193094,0.4601335559265443
112,0.3,0.7,100,0.3454090150250418,0.4601335559265443
112,0.3,0.5,100,0.38899276572064556,0.4601335559265443
112,0.3,0.3,100,0.37176405119643857,0.4601335559265443
112,0.3,1,7,0.3469129292736312,0.4601335559265443
112,0.3,0.7,7,0.43971752092177746,0.4601335559265443
112,0.3,0.5,7,0.35881787249135544,0.4601335559265443
112,0.3,0.3,7,0.3621557360443409,0.4601335559265443
112,0.3,1,5,0.37501120975090463,0.4601335559265443
112,0.3,0.7,5,0.3897072729764404,0.4601335559265443
112,0.3,0.5,5,0.37108373462264,0.4601335559265443
112,0.3,0.3,5,0.3460972281091652,0.4601335559265443
112,0.3,1,3,0.3460524088846044,0.4601335559265443
112,0.3,0.7,3,0.34912020848482517,0.4601335559265443
112,0.3,0.5,3,0.37586230956872957,0.4601335559265443
112,0.3,0.3,3,0.2867348585363702,0.4601335559265443
113,0.3,1,100,0.42728373944081405,0.44239287701725105
113,0.3,0.7,100,0.43948369361242356,0.44239287701725105
113,0.3,0.5,100,0.4031385642737897,0.44239287701725105
113,0.3,0.3,100,0.40777963272120205,0.44239287701725105
113,0.3,1,7,0.43003519346171837,0.44239287701725105
113,0.3,0.7,7,0.42730683757595744,0.44239287701725105
113,0.3,0.5,7,0.40302163766091376,0.44239287701725105
113,0.3,0.3,7,0.47622165056183446,0.44239287701725105
113,0.3,1,5,0.3896234687808974,0.44239287701725105
113,0.3,0.7,5,0.45158060391906946,0.44239287701725105
113,0.3,0.5,5,0.4453661193578932,0.44239287701725105
113,0.3,0.3,5,0.43031584794173744,0.44239287701725105
113,0.3,1,3,0.4128105367007287,0.44239287701725105
113,0.3,0.7,3,0.4349835826116979,0.44239287701725105
113,0.3,0.5,3,0.4287687120809019,0.44239287701725105
113,0.3,0.3,3,0.36455595241901345,0.44239287701725105
114,0.3,1,100,0.3296582227290375,0.4609015025041737
114,0.3,0.7,100,0.3619719642346767,0.4609015025041737
114,0.3,0.5,100,0.36429604897050644,0.4609015025041737
114,0.3,0.3,100,0.37677239844184757,0.4609015025041737
114,0.3,1,7,0.39586582026175393,0.4609015025041737
114,0.3,0.7,7,0.40022256183225685,0.4609015025041737
114,0.3,0.5,7,0.35588698558490295,0.4609015025041737
114,0.3,0.3,7,0.3634907716321875,0.4609015025041737
114,0.3,1,5,0.42645296026879737,0.4609015025041737
114,0.3,0.7,5,0.412542728534836,0.4609015025041737
114,0.3,0.5,5,0.40862313256884897,0.4609015025041737
114,0.3,0.3,5,0.380998817175388,0.4609015025041737
114,0.3,1,3,0.3779644596690814,0.4609015025041737
114,0.3,0.7,3,0.338794170711587,0.4609015025041737
114,0.3,0.5,3,0.3424540163415511,0.4609015025041737
114,0.3,0.3,3,0.29631846598064526,0.4609015025041737
115,0.3,1,100,0.3946124244415319,0.5024707846410685
115,0.3,0.7,100,0.34893711741791883,0.5024707846410685
115,0.3,0.5,100,0.42757929883138573,0.5024707846410685
115,0.3,0.3,100,0.3655982192543128,0.5024707846410685
115,0.3,1,7,0.401987113981598,0.5024707846410685
115,0.3,0.7,7,0.4040305974964628,0.5024707846410685
115,0.3,0.5,7,0.4093383258518112,0.5024707846410685
115,0.3,0.3,7,0.47539486023703,0.5024707846410685
115,0.3,1,5,0.38827952023332146,0.5024707846410685
115,0.3,0.7,5,0.4065226749034511,0.5024707846410685
115,0.3,0.5,5,0.42152922032063367,0.5024707846410685
115,0.3,0.3,5,0.3597061426103381,0.5024707846410685
115,0.3,1,3,0.4322505716880124,0.5024707846410685
115,0.3,0.7,3,0.4036731171498249,0.5024707846410685
115,0.3,0.5,3,0.3769806035467179,0.5024707846410685
115,0.3,0.3,3,0.30050597821071956,0.5024707846410685
116,0.3,1,100,0.38703771170899814,0.44517529215358936
116,0.3,0.7,100,0.40308960236550684,0.44517529215358936
116,0.3,0.5,100,0.4015470228158042,0.44517529215358936
116,0.3,0.3,100,0.4148914858096829,0.44517529215358936
116,0.3,1,7,0.41928159154474814,0.44517529215358936
116,0.3,0.7,7,0.3584046653474116,0.44517529215358936
116,0.3,0.5,7,0.4463929611238165,0.44517529215358936
116,0.3,0.3,7,0.4148242878543294,0.44517529215358936
116,0.3,1,5,0.3885594647174234,0.44517529215358936
116,0.3,0.7,5,0.41593426343748,0.44517529215358936
116,0.3,0.5,5,0.38436379867833154,0.44517529215358936
116,0.3,0.3,5,0.40899718303360805,0.44517529215358936
116,0.3,1,3,0.3970670330677912,0.44517529215358936
116,0.3,0.7,3,0.4351860493905786,0.44517529215358936
116,0.3,0.5,3,0.36555622863777304,0.44517529215358936
116,0.3,0.3,3,0.31026703825620244,0.44517529215358936
117,0.3,1,100,0.4026475629602177,0.43697273233166395
117,0.3,0.7,100,0.37699047576794725,0.43697273233166395
117,0.3,0.5,100,0.4275236505286589,0.43697273233166395
117,0.3,0.3,100,0.3961046188091264,0.43697273233166395
117,0.3,1,7,0.38900888345213147,0.43697273233166395
117,0.3,0.7,7,0.4034284754659788,0.43697273233166395
117,0.3,0.5,7,0.4272650081077122,0.43697273233166395
117,0.3,0.3,7,0.38681805645736217,0.43697273233166395
117,0.3,1,5,0.3924569565703899,0.43697273233166395
117,0.3,0.7,5,0.3877624449228879,0.43697273233166395
117,0.3,0.5,5,0.44546398818060884,0.43697273233166395
117,0.3,0.3,5,0.41570564194677345,0.43697273233166395
117,0.3,1,3,0.3929384424698386,0.43697273233166395
117,0.3,0.7,3,0.40127188861734,0.43697273233166395
117,0.3,0.5,3,0.3948578570376465,0.43697273233166395
117,0.3,0.3,3,0.3395304387877009,0.43697273233166395
118,0.3,1,100,0.3600263830291941,0.4227045075125209
118,0.3,0.7,100,0.3565295299416915,0.4227045075125209
118,0.3,0.5,100,0.34073455759599336,0.4227045075125209
118,0.3,0.3,100,0.35916527545909854,0.4227045075125209
118,0.3,1,7,0.3489957801377588,0.4227045075125209
118,0.3,0.7,7,0.3260155739102698,0.4227045075125209
118,0.3,0.5,7,0.34580913268687063,0.4227045075125209
118,0.3,0.3,7,0.34205855838823274,0.4227045075125209
118,0.3,1,5,0.3741856264871304,0.4227045075125209
118,0.3,0.7,5,0.39288853824842834,0.4227045075125209
118,0.3,0.5,5,0.36106373937440156,0.4227045075125209
118,0.3,0.3,5,0.4119894006959511,0.4227045075125209
118,0.3,1,3,0.3238791223305477,0.4227045075125209
118,0.3,0.7,3,0.3631501473886072,0.4227045075125209
118,0.3,0.5,3,0.35371956775481883,0.4227045075125209
118,0.3,0.3,3,0.3430149303008919,0.4227045075125209
119,0.3,1,100,0.45036932776102906,0.471619365609349
119,0.3,0.7,100,0.4986825227691056,0.471619365609349
119,0.3,0.5,100,0.4801669449081804,0.471619365609349
119,0.3,0.3,100,0.4603005008347246,0.471619365609349
119,0.3,1,7,0.4745816141301908,0.471619365609349
119,0.3,0.7,7,0.4854966339124666,0.471619365609349
119,0.3,0.5,7,0.4983243926108971,0.471619365609349
119,0.3,0.3,7,0.4824161580237974,0.471619365609349
119,0.3,1,5,0.44434634312912463,0.471619365609349
119,0.3,0.7,5,0.48151034755587796,0.471619365609349
119,0.3,0.5,5,0.48783966540047463,0.471619365609349
119,0.3,0.3,5,0.48876368882238264,0.471619365609349
119,0.3,1,3,0.45863157006307437,0.471619365609349
119,0.3,0.7,3,0.4641133717824443,0.471619365609349
119,0.3,0.5,3,0.444150704460982,0.471619365609349
119,0.3,0.3,3,0.36496486203121126,0.471619365609349
120,0.3,1,100,0.3862662417858911,0.44350584307178637
120,0.3,0.7,100,0.3677260307571171,0.44350584307178637
120,0.3,0.5,100,0.39248747913188653,0.44350584307178637
120,0.3,0.3,100,0.3564051196438509,0.44350584307178637
120,0.3,1,7,0.3677631460768623,0.44350584307178637
120,0.3,0.7,7,0.39465352605484155,0.44350584307178637
120,0.3,0.5,7,0.37367598276145525,0.44350584307178637
120,0.3,0.3,7,0.4042462600820782,0.44350584307178637
120,0.3,1,5,0.40447188929714933,0.44350584307178637
120,0.3,0.7,5,0.35514496719033745,0.44350584307178637
120,0.3,0.5,5,0.40322065830186593,0.44350584307178637
120,0.3,0.3,5,0.40803861311951695,0.44350584307178637
120,0.3,1,3,0.40048666013521916,0.44350584307178637
120,0.3,0.7,3,0.4058226019854546,0.44350584307178637
120,0.3,0.5,3,0.37960915489822045,0.44350584307178637
120,0.3,0.3,3,0.3054166378489513,0.44350584307178637
121,0.3,1,100,0.3888227252655316,0.4634014006734707
121,0.3,0.7,100,0.40479688369504735,0.4634014006734707
121,0.3,0.5,100,0.39671675013912083,0.4634014006734707
121,0.3,0.3,100,0.39134112409571514,0.4634014006734707
121,0.3,1,7,0.38536835863822216,0.4634014006734707
121,0.3,0.7,7,0.3986484522476354,0.4634014006734707
121,0.3,0.5,7,0.46958265849825237,0.4634014006734707
121,0.3,0.3,7,0.39601324475251887,0.4634014006734707
121,0.3,1,5,0.42694748105774766,0.4634014006734707
121,0.3,0.7,5,0.44785356163016116,0.4634014006734707
121,0.3,0.5,5,0.4548702187232045,0.4634014006734707
121,0.3,0.3,5,0.4086888923146756,0.4634014006734707
121,0.3,1,3,0.3729431022829398,0.4634014006734707
121,0.3,0.7,3,0.4067972454952872,0.4634014006734707
121,0.3,0.5,3,0.4025692243795779,0.4634014006734707
121,0.3,0.3,3,0.2560326881254995,0.4634014006734707
122,0.3,1,100,0.3257926406173882,0.4276015581524764
122,0.3,0.7,100,0.34356340325185974,0.4276015581524764
122,0.3,0.5,100,0.3625932109070674,0.4276015581524764
122,0.3,0.3,100,0.36852531997774074,0.4276015581524764
122,0.3,1,7,0.33993889335849437,0.4276015581524764
122,0.3,0.7,7,0.3416648883051283,0.4276015581524764
122,0.3,0.5,7,0.36308113753564397,0.4276015581524764
122,0.3,0.3,7,0.3579262990395966,0.4276015581524764
122,0.3,1,5,0.3406139368496752,0.4276015581524764
122,0.3,0.7,5,0.33326470012995596,0.4276015581524764
122,0.3,0.5,5,0.34925477523543075,0.4276015581524764
122,0.3,0.3,5,0.3858389251801974,0.4276015581524764
122,0.3,1,3,0.35596960808432937,0.4276015581524764
122,0.3,0.7,3,0.3678990570717646,0.4276015581524764
122,0.3,0.5,3,0.3634873257886265,0.4276015581524764
122,0.3,0.3,3,0.2812004287670934,0.4276015581524764
123,0.3,1,100,0.3836965024897559,0.48482875484789956
123,0.3,0.7,100,0.4123828947787103,0.48482875484789956
123,0.3,0.5,100,0.3770728992765721,0.48482875484789956
123,0.3,0.3,100,0.409760712298275,0.48482875484789956
123,0.3,1,7,0.35518438231182503,0.48482875484789956
123,0.3,0.7,7,0.3634477011616587,0.48482875484789956
123,0.3,0.5,7,0.37608215644877424,0.48482875484789956
123,0.3,0.3,7,0.39752457084254006,0.48482875484789956
123,0.3,1,5,0.44103799802860333,0.48482875484789956
123,0.3,0.7,5,0.423394765026249,0.48482875484789956
123,0.3,0.5,5,0.36230600412804337,0.48482875484789956
123,0.3,0.3,5,0.395317966999267,0.48482875484789956
123,0.3,1,3,0.39881805346709565,0.48482875484789956
123,0.3,0.7,3,0.381856295422634,0.48482875484789956
123,0.3,0.5,3,0.39096297314897815,0.48482875484789956
123,0.3,0.3,3,0.26162727029014227,0.48482875484789956
124,0.3,1,100,0.41053410912634525,0.42066338526424735
124,0.3,0.7,100,0.3835569937605102,0.42066338526424735
124,0.3,0.5,100,0.3678352810239288,0.42066338526424735
124,0.3,0.3,100,0.34892598775737343,0.42066338526424735
124,0.3,1,7,0.38305763123149905,0.42066338526424735
124,0.3,0.7,7,0.3912612010987862,0.42066338526424735
124,0.3,0.5,7,0.3543094636788011,0.42066338526424735
124,0.3,0.3,7,0.39713817523974715,0.42066338526424735
124,0.3,1,5,0.4007004866647928,0.42066338526424735
124,0.3,0.7,5,0.34796863513163107,0.42066338526424735
124,0.3,0.5,5,0.36065464414424253,0.42066338526424735
124,0.3,0.3,5,0.3844333955706288,0.42066338526424735
124,0.3,1,3,0.3643438361355038,0.42066338526424735
124,0.3,0.7,3,0.38929576380376246,0.42066338526424735
124,0.3,0.5,3,0.3732208980701856,0.42066338526424735
124,0.3,0.3,3,0.2945786207264307,0.42066338526424735
125,0.3,1,100,0.40203463297844844,0.44773511407902067
125,0.3,0.7,100,0.3927991096271564,0.44773511407902067
125,0.3,0.5,100,0.37402337228714533,0.44773511407902067
125,0.3,0.3,100,0.40485253199777416,0.44773511407902067
125,0.3,1,7,0.37291031167535815,0.44773511407902067
125,0.3,0.7,7,0.399557909691106,0.44773511407902067
125,0.3,0.5,7,0.38921526568842113,0.44773511407902067
125,0.3,0.3,7,0.3953349260792911,0.44773511407902067
125,0.3,1,5,0.3778407608605668,0.44773511407902067
125,0.3,0.7,5,0.4287329322437671,0.44773511407902067
125,0.3,0.5,5,0.3996522714310332,0.44773511407902067
125,0.3,0.3,5,0.3915397633207415,0.44773511407902067
125,0.3,1,3,0.40430624814605737,0.44773511407902067
125,0.3,0.7,3,0.3848546621984512,0.44773511407902067
125,0.3,0.5,3,0.39244618516908414,0.44773511407902067
125,0.3,0.3,3,0.30268263023213043,0.44773511407902067
126,0.3,1,100,0.4735273491657923,0.4744796883695048
126,0.3,0.7,100,0.4867668336115749,0.4744796883695048
126,0.3,0.5,100,0.4475125208681136,0.4744796883695048
126,0.3,0.3,100,0.5107178631051754,0.4744796883695048
126,0.3,1,7,0.49110305788768915,0.4744796883695048
126,0.3,0.7,7,0.4870818823810582,0.4744796883695048
126,0.3,0.5,7,0.4614077056137988,0.4744796883695048
126,0.3,0.3,7,0.43559803294612426,0.4744796883695048
126,0.3,1,5,0.48136574472664445,0.4744796883695048
126,0.3,0.7,5,0.45912337978289036,0.4744796883695048
126,0.3,0.5,5,0.46938951373894044,0.4744796883695048
126,0.3,0.3,5,0.4361081120957045,0.4744796883695048
126,0.3,1,3,0.47481097015033674,0.4744796883695048
126,0.3,0.7,3,0.48545785008680636,0.4744796883695048
126,0.3,0.5,3,0.4848142007590768,0.4744796883695048
126,0.3,0.3,3,0.3685193230169048,0.4744796883695048
127,0.3,1,100,0.38410036101130796,0.47634947134112415
127,0.3,0.7,100,0.36897050639955487,0.47634947134112415
127,0.3,0.5,100,0.3554034501947691,0.47634947134112415
127,0.3,0.3,100,0.3963383416805788,0.47634947134112415
127,0.3,1,7,0.39439818503184265,0.47634947134112415
127,0.3,0.7,7,0.38704453515590964,0.47634947134112415
127,0.3,0.5,7,0.3686304531151209,0.47634947134112415
127,0.3,0.3,7,0.41540544759060577,0.47634947134112415
127,0.3,1,5,0.38896776995062965,0.47634947134112415
127,0.3,0.7,5,0.39611373525744004,0.47634947134112415
127,0.3,0.5,5,0.42554610346828803,0.47634947134112415
127,0.3,0.3,5,0.3632859097450792,0.47634947134112415
127,0.3,1,3,0.4038613637730311,0.47634947134112415
127,0.3,0.7,3,0.39219135457762017,0.47634947134112415
127,0.3,0.5,3,0.39196293916735653,0.47634947134112415
127,0.3,0.3,3,0.3130048056146991,0.47634947134112415
128,0.3,1,100,0.3473801660680121,0.4295937673900947
128,0.3,0.7,100,0.31574378337290665,0.4295937673900947
128,0.3,0.5,100,0.3222370617696161,0.4295937673900947
128,0.3,0.3,100,0.3388870339454647,0.4295937673900947
128,0.3,1,7,0.3520573964964766,0.4295937673900947
128,0.3,0.7,7,0.3100235552814964,0.4295937673900947
128,0.3,0.5,7,0.31053592266670976,0.4295937673900947
128,0.3,0.3,7,0.3266390748810568,0.4295937673900947
128,0.3,1,5,0.32018072792311764,0.4295937673900947
128,0.3,0.7,5,0.36272918442525115,0.4295937673900947
128,0.3,0.5,5,0.33531666077485844,0.4295937673900947
128,0.3,0.3,5,0.32627835114351056,0.4295937673900947
128,0.3,1,3,0.353784793101644,0.4295937673900947
128,0.3,0.7,3,0.29931081229264106,0.4295937673900947
128,0.3,0.5,3,0.3044433248333462,0.4295937673900947
128,0.3,0.3,3,0.29220990407129355,0.4295937673900947
129,0.3,1,100,0.3248579553811981,0.3767790116292037
129,0.3,0.7,100,0.3072676683361158,0.3767790116292037
129,0.3,0.5,100,0.32973845297718424,0.3767790116292037
129,0.3,0.3,100,0.34583194212576523,0.3767790116292037
129,0.3,1,7,0.32265258949527176,0.3767790116292037
129,0.3,0.7,7,0.34830281688743214,0.3767790116292037
129,0.3,0.5,7,0.3552335370636405,0.3767790116292037
129,0.3,0.3,7,0.28958799898246457,0.3767790116292037
129,0.3,1,5,0.36673493862176276,0.3767790116292037
129,0.3,0.7,5,0.3301961371896516,0.3767790116292037
129,0.3,0.5,5,0.32865329700191886,0.3767790116292037
129,0.3,0.3,5,0.3083958982673234,0.3767790116292037
129,0.3,1,3,0.31999313204024754,0.3767790116292037
129,0.3,0.7,3,0.38554966833890114,0.3767790116292037
129,0.3,0.5,3,0.31527383132933934,0.3767790116292037
129,0.3,0.3,3,0.25022587414202996,0.3767790116292037
130,0.3,1,100,0.34066414491144315,0.4097050639955482
130,0.3,0.7,100,0.340052921989493,0.4097050639955482
130,0.3,0.5,100,0.36730105731775187,0.4097050639955482
130,0.3,0.3,100,0.3675792988313857,0.4097050639955482
130,0.3,1,7,0.35750199262722565,0.4097050639955482
130,0.3,0.7,7,0.3856548514311081,0.4097050639955482
130,0.3,0.5,7,0.33314737963941726,0.4097050639955482
130,0.3,0.3,7,0.31721614312983726,0.4097050639955482
130,0.3,1,5,0.35526611633865546,0.4097050639955482
130,0.3,0.7,5,0.37914477135101265,0.4097050639955482
130,0.3,0.5,5,0.3651177064259453,0.4097050639955482
130,0.3,0.3,5,0.3635967659272077,0.4097050639955482
130,0.3,1,3,0.3694368776501701,0.4097050639955482
130,0.3,0.7,3,0.35878389592315824,0.4097050639955482
130,0.3,0.5,3,0.36888244451608754,0.4097050639955482
130,0.3,0.3,3,0.2570834446309282,0.4097050639955482
131,0.3,1,100,0.42496257520763075,0.4721424596549806
131,0.3,0.7,100,0.4246478148258364,0.4721424596549806
131,0.3,0.5,100,0.4354034501947691,0.4721424596549806
131,0.3,0.3,100,0.42986087924318317,0.4721424596549806
131,0.3,1,7,0.42191523598794495,0.4721424596549806
131,0.3,0.7,7,0.4336893083880241,0.4721424596549806
131,0.3,0.5,7,0.44750541512777053,0.4721424596549806
131,0.3,0.3,7,0.4450923846310106,0.4721424596549806
131,0.3,1,5,0.438187609814782,0.4721424596549806
131,0.3,0.7,5,0.4713334837074997,0.4721424596549806
131,0.3,0.5,5,0.42153764394215326,0.4721424596549806
131,0.3,0.3,5,0.40342311905575556,0.4721424596549806
131,0.3,1,3,0.4290944720266862,0.4721424596549806
131,0.3,0.7,3,0.40972715874006244,0.4721424596549806
131,0.3,0.5,3,0.3984285252529942,0.4721424596549806
131,0.3,0.3,3,0.3367529995047781,0.4721424596549806
132,0.3,1,100,0.4578734502099263,0.4709738452977185
132,0.3,0.7,100,0.4741903171953256,0.4709738452977185
132,0.3,0.5,100,0.48160267111853095,0.4709738452977185
132,0.3,0.3,100,0.4455537006121314,0.4709738452977185
132,0.3,1,7,0.4839266958088876,0.4709738452977185
132,0.3,0.7,7,0.4526315268602642,0.4709738452977185
132,0.3,0.5,7,0.4638067342291742,0.4709738452977185
132,0.3,0.3,7,0.46599378626666355,0.4709738452977185
132,0.3,1,5,0.4643774911526207,0.4709738452977185
132,0.3,0.7,5,0.4765858960342601,0.4709738452977185
132,0.3,0.5,5,0.49435250151524046,0.4709738452977185
132,0.3,0.3,5,0.442740139262616,0.4709738452977185
132,0.3,1,3,0.45827604027695007,0.4709738452977185
132,0.3,0.7,3,0.5038471987349772,0.4709738452977185
132,0.3,0.5,3,0.459287564029038,0.4709738452977185
132,0.3,0.3,3,0.35117375302821946,0.4709738452977185
133,0.3,1,100,0.35198464073398567,0.40431830829159715
133,0.3,0.7,100,0.36904841402337235,0.40431830829159715
133,0.3,0.5,100,0.36079020589872013,0.40431830829159715
133,0.3,0.3,100,0.3853644963828604,0.40431830829159715
133,0.3,1,7,0.37200456038945323,0.40431830829159715
133,0.3,0.7,7,0.4072693631622751,0.40431830829159715
133,0.3,0.5,7,0.39204508474075184,0.40431830829159715
133,0.3,0.3,7,0.41019658935117664,0.40431830829159715
133,0.3,1,5,0.35311930346043263,0.40431830829159715
133,0.3,0.7,5,0.3840180396545159,0.40431830829159715
133,0.3,0.5,5,0.3605513776052281,0.40431830829159715
133,0.3,0.3,5,0.3558907924498704,0.40431830829159715
133,0.3,1,3,0.35694262204569827,0.40431830829159715
133,0.3,0.7,3,0.3631128747075216,0.40431830829159715
133,0.3,0.5,3,0.337220287646775,0.40431830829159715
133,0.3,0.3,3,0.3109317580559292,0.40431830829159715
134,0.3,1,100,0.3306016496682089,0.39691708402893716
134,0.3,0.7,100,0.3888258208124653,0.39691708402893716
134,0.3,0.5,100,0.3751697273233167,0.39691708402893716
134,0.3,0.3,100,0.3882693377851976,0.39691708402893716
134,0.3,1,7,0.3897476169492568,0.39691708402893716
134,0.3,0.7,7,0.3504005151056883,0.39691708402893716
134,0.3,0.5,7,0.3710806423843833,0.39691708402893716
134,0.3,0.3,7,0.3572125540911339,0.39691708402893716
134,0.3,1,5,0.3642753336863267,0.39691708402893716
134,0.3,0.7,5,0.35290279557519283,0.39691708402893716
134,0.3,0.5,5,0.4163784440481435,0.39691708402893716
134,0.3,0.3,5,0.33585023219015575,0.39691708402893716
134,0.3,1,3,0.3734093738967589,0.39691708402893716
134,0.3,0.7,3,0.3862662080885633,0.39691708402893716
134,0.3,0.5,3,0.3594144015857511,0.39691708402893716
134,0.3,0.3,3,0.25995689175564435,0.39691708402893716
135,0.3,1,100,0.3522111635754226,0.3932665553700613
135,0.3,0.7,100,0.37219357872592246,0.3932665553700613
135,0.3,0.5,100,0.37590428491931,0.3932665553700613
135,0.3,0.3,100,0.40160267111853093,0.3932665553700613
135,0.3,1,7,0.3805965973485467,0.3932665553700613
135,0.3,0.7,7,0.4111688796918038,0.3932665553700613
135,0.3,0.5,7,0.41514130399776494,0.3932665553700613
135,0.3,0.3,7,0.36877358018382433,0.3932665553700613
135,0.3,1,5,0.38522127219424185,0.3932665553700613
135,0.3,0.7,5,0.42951866621048157,0.3932665553700613
135,0.3,0.5,5,0.3990928469800011,0.3932665553700613
135,0.3,0.3,5,0.42326671529358195,0.3932665553700613
135,0.3,1,3,0.4229147710477743,0.3932665553700613
135,0.3,0.7,3,0.3860030238614373,0.3932665553700613
135,0.3,0.5,3,0.3725989459545027,0.3932665553700613
135,0.3,0.3,3,0.32070688700043004,0.3932665553700613
136,0.3,1,100,0.3702644186092438,0.4421548195755
136,0.3,0.7,100,0.3897117131670989,0.4421548195755
136,0.3,0.5,100,0.4435503617139678,0.4421548195755
136,0.3,0.3,100,0.3953144129104063,0.4421548195755
136,0.3,1,7,0.3574311622912261,0.4421548195755
136,0.3,0.7,7,0.388061445690531,0.4421548195755
136,0.3,0.5,7,0.4213479921169912,0.4421548195755
136,0.3,0.3,7,0.40087005180172425,0.4421548195755
136,0.3,1,5,0.41012144339100776,0.4421548195755
136,0.3,0.7,5,0.42891349774300414,0.4421548195755
136,0.3,0.5,5,0.434106984909859,0.4421548195755
136,0.3,0.3,5,0.3813440840622563,0.4421548195755
136,0.3,1,3,0.4077055405894184,0.4421548195755
136,0.3,0.7,3,0.36364508670362433,0.4421548195755
136,0.3,0.5,3,0.3661651261066211,0.4421548195755
136,0.3,0.3,3,0.29836386096744955,0.4421548195755
137,0.3,1,100,0.3849057210906077,0.4429005089068589
137,0.3,0.7,100,0.4396840280596543,0.4429005089068589
137,0.3,0.5,100,0.42241513633834177,0.4429005089068589
137,0.3,0.3,100,0.4292710072342794,0.4429005089068589
137,0.3,1,7,0.4174337225424532,0.4429005089068589
137,0.3,0.7,7,0.4366082327342902,0.4429005089068589
137,0.3,0.5,7,0.4465725648371118,0.4429005089068589
137,0.3,0.3,7,0.49885081142359955,0.4429005089068589
137,0.3,1,5,0.43841268135952066,0.4429005089068589
137,0.3,0.7,5,0.41146964191031676,0.4429005089068589
137,0.3,0.5,5,0.45047368485697853,0.4429005089068589
137,0.3,0.3,5,0.4522475485470577,0.4429005089068589
137,0.3,1,3,0.41255514874750476,0.4429005089068589
137,0.3,0.7,3,0.42635616647135277,0.4429005089068589
137,0.3,0.5,3,0.4005968105265849,0.4429005089068589
137,0.3,0.3,3,0.34290721080147646,0.4429005089068589
138,0.3,1,100,0.39628474401776764,0.4253601150826568
138,0.3,0.7,100,0.34927295088437793,0.4253601150826568
138,0.3,0.5,100,0.3900166944908181,0.4253601150826568
138,0.3,0.3,100,0.3751140790205899,0.4253601150826568
138,0.3,1,7,0.40713968624884944,0.4253601150826568
138,0.3,0.7,7,0.3917594067166742,0.4253601150826568
138,0.3,0.5,7,0.41540324222013153,0.4253601150826568
138,0.3,0.3,7,0.4116538864954211,0.4253601150826568
138,0.3,1,5,0.4173158110935446,0.4253601150826568
138,0.3,0.7,5,0.4351272991175116,0.4253601150826568
138,0.3,0.5,5,0.3893643622355149,0.4253601150826568
138,0.3,0.3,5,0.3576022257554534,0.4253601150826568
138,0.3,1,3,0.4101911586998058,0.4253601150826568
138,0.3,0.7,3,0.42449684288301776,0.4253601150826568
138,0.3,0.5,3,0.4170014641505198,0.4253601150826568
138,0.3,0.3,3,0.29340140149295735,0.4253601150826568
139,0.3,1,100,0.3920188165969351,0.45557039510294944
139,0.3,0.7,100,0.3897273233166389,0.45557039510294944
139,0.3,0.5,100,0.4437173066221481,0.45557039510294944
139,0.3,0.3,100,0.3859321090706734,0.45557039510294944
139,0.3,1,7,0.4127903145588204,0.45557039510294944
139,0.3,0.7,7,0.4216793696700482,0.45557039510294944
139,0.3,0.5,7,0.40958060733705526,0.45557039510294944
139,0.3,0.3,7,0.39285813673506453,0.45557039510294944
139,0.3,1,5,0.379026310482772,0.45557039510294944
139,0.3,0.7,5,0.39179037413570456,0.45557039510294944
139,0.3,0.5,5,0.42458776679145616,0.45557039510294944
139,0.3,0.3,5,0.3939181440281295,0.45557039510294944
139,0.3,1,3,0.37552002989523975,0.45557039510294944
139,0.3,0.7,3,0.41651574689159954,0.45557039510294944
139,0.3,0.5,3,0.34839230842314517,0.45557039510294944
139,0.3,0.3,3,0.3251833608271661,0.45557039510294944
140,0.3,1,100,0.35295690826668336,0.40619922092376187
140,0.3,0.7,100,0.3895158597662772,0.40619922092376187
140,0.3,0.5,100,0.4078130217028381,0.40619922092376187
140,0.3,0.3,100,0.3876238174735671,0.40619922092376187
140,0.3,1,7,0.4285145297493218,0.40619922092376187
140,0.3,0.7,7,0.40958799169205934,0.40619922092376187
140,0.3,0.5,7,0.41873652065026495,0.40619922092376187
140,0.3,0.3,7,0.41535949099156866,0.40619922092376187
140,0.3,1,5,0.38976763672307047,0.40619922092376187
140,0.3,0.7,5,0.43628513252309564,0.40619922092376187
140,0.3,0.5,5,0.414263281122948,0.40619922092376187
140,0.3,0.3,5,0.4243365985224161,0.40619922092376187
140,0.3,1,3,0.41707880413346454,0.40619922092376187
140,0.3,0.7,3,0.3882064261225715,0.40619922092376187
140,0.3,0.5,3,0.3346685367162502,0.40619922092376187
140,0.3,0.3,3,0.3301333441066455,0.40619922092376187
141,0.3,1,100,0.33039819955114125,0.3462836568840808
141,0.3,0.7,100,0.2962000450763972,0.3462836568840808
141,0.3,0.5,100,0.29252086811352257,0.3462836568840808
141,0.3,0.3,100,0.2969504730105732,0.3462836568840808
141,0.3,1,7,0.2764312494761676,0.3462836568840808
141,0.3,0.7,7,0.3154789639958912,0.3462836568840808
141,0.3,0.5,7,0.3494748467325476,0.3462836568840808
141,0.3,0.3,7,0.33395364090832774,0.3462836568840808
141,0.3,1,5,0.27873480856196514,0.3462836568840808
141,0.3,0.7,5,0.34278336153161115,0.3462836568840808
141,0.3,0.5,5,0.2709151483113562,0.3462836568840808
141,0.3,0.3,5,0.3081446421825559,0.3462836568840808
141,0.3,1,3,0.2900134294502023,0.3462836568840808
141,0.3,0.7,3,0.32249393911298224,0.3462836568840808
141,0.3,0.5,3,0.2687700091827935,0.3462836568840808
141,0.3,0.3,3,0.2319362864963641,0.3462836568840808
142,0.3,1,100,0.42360283224274975,0.48243739565943244
142,0.3,0.7,100,0.4559025256351844,0.48243739565943244
142,0.3,0.5,100,0.4179966611018365,0.48243739565943244
142,0.3,0.3,100,0.4276349471341125,0.48243739565943244
142,0.3,1,7,0.41550578999778875,0.48243739565943244
142,0.3,0.7,7,0.42891097291780966,0.48243739565943244
142,0.3,0.5,7,0.4246141607512316,0.48243739565943244
142,0.3,0.3,7,0.41730374299251516,0.48243739565943244
142,0.3,1,5,0.3798978873657268,0.48243739565943244
142,0.3,0.7,5,0.44117319123694865,0.48243739565943244
142,0.3,0.5,5,0.44918428571552976,0.48243739565943244
142,0.3,0.3,5,0.41060446061643874,0.48243739565943244
142,0.3,1,3,0.44197044598813917,0.48243739565943244
142,0.3,0.7,3,0.40566690053490073,0.48243739565943244
142,0.3,0.5,3,0.3674981893227481,0.48243739565943244
142,0.3,0.3,3,0.32614848519645184,0.48243739565943244
143,0.3,1,100,0.41411148109717055,0.4457651641624931
143,0.3,0.7,100,0.40775737340011137,0.4457651641624931
143,0.3,0.5,100,0.44091263216471904,0.4457651641624931
143,0.3,0.3,100,0.39830829159710635,0.4457651641624931
143,0.3,1,7,0.4287532877955414,0.4457651641624931
143,0.3,0.7,7,0.4020744915509429,0.4457651641624931
143,0.3,0.5,7,0.4621579887639923,0.4457651641624931
143,0.3,0.3,7,0.3589375896314565,0.4457651641624931
143,0.3,1,5,0.3732154482047193,0.4457651641624931
143,0.3,0.7,5,0.4438299650779622,0.4457651641624931
143,0.3,0.5,5,0.4090501548077016,0.4457651641624931
143,0.3,0.3,5,0.41838157139073656,0.4457651641624931
143,0.3,1,3,0.441665798759896,0.4457651641624931
143,0.3,0.7,3,0.40376586518152985,0.4457651641624931
143,0.3,0.5,3,0.4179865749800091,0.4457651641624931
143,0.3,0.3,3,0.35315688304156295,0.4457651641624931
144,0.3,1,100,0.37321000483083183,0.4347356705620479
144,0.3,0.7,100,0.415147468002226,0.4347356705620479
144,0.3,0.5,100,0.3963383416805788,0.4347356705620479
144,0.3,0.3,100,0.4089927657206456,0.4347356705620479
144,0.3,1,7,0.34412884668249116,0.4347356705620479
144,0.3,0.7,7,0.3092286019368304,0.4347356705620479
144,0.3,0.5,7,0.3876940037466153,0.4347356705620479
144,0.3,0.3,7,0.3832561781843406,0.4347356705620479
144,0.3,1,5,0.3514960762569274,0.4347356705620479
144,0.3,0.7,5,0.41399332379751586,0.4347356705620479
144,0.3,0.5,5,0.37827509916208035,0.4347356705620479
144,0.3,0.3,5,0.38666447838914664,0.4347356705620479
144,0.3,1,3,0.35947656994295363,0.4347356705620479
144,0.3,0.7,3,0.39391243679949767,0.4347356705620479
144,0.3,0.5,3,0.3901522308546931,0.4347356705620479
144,0.3,0.3,3,0.2851205626906099,0.4347356705620479
145,0.3,1,100,0.32971681041173023,0.40416249304396223
145,0.3,0.7,100,0.31462437395659437,0.40416249304396223
145,0.3,0.5,100,0.3134335002782416,0.40416249304396223
145,0.3,0.3,100,0.34761268781302174,0.40416249304396223
145,0.3,1,7,0.27075326392111826,0.40416249304396223
145,0.3,0.7,7,0.30867622080496154,0.40416249304396223
145,0.3,0.5,7,0.30600670759354165,0.40416249304396223
145,0.3,0.3,7,0.3494256239081497,0.40416249304396223
145,0.3,1,5,0.3854878288700255,0.40416249304396223
145,0.3,0.7,5,0.26412966936802607,0.40416249304396223
145,0.3,0.5,5,0.34639143590273064,0.40416249304396223
145,0.3,0.3,5,0.33011443800788226,0.40416249304396223
145,0.3,1,3,0.3211246549783483,0.40416249304396223
145,0.3,0.7,3,0.3048224123324186,0.40416249304396223
145,0.3,0.5,3,0.23884374003531444,0.40416249304396223
145,0.3,0.3,3,0.26692578196164524,0.40416249304396223
146,0.3,1,100,0.41240051779871406,0.4668558708959378
146,0.3,0.7,100,0.40246857932881835,0.4668558708959378
146,0.3,0.5,100,0.4324540901502505,0.4668558708959378
146,0.3,0.3,100,0.4198330550918198,0.4668558708959378
146,0.3,1,7,0.3823115764828501,0.4668558708959378
146,0.3,0.7,7,0.41116973541940716,0.4668558708959378
146,0.3,0.5,7,0.45592667782462365,0.4668558708959378
146,0.3,0.3,7,0.4178843078578084,0.4668558708959378
146,0.3,1,5,0.4082646716402846,0.4668558708959378
146,0.3,0.7,5,0.43550752251321306,0.4668558708959378
146,0.3,0.5,5,0.4573931310905377,0.4668558708959378
146,0.3,0.3,5,0.40603719260641025,0.4668558708959378
146,0.3,1,3,0.41630747385035977,0.4668558708959378
146,0.3,0.7,3,0.4142839856908162,0.4668558708959378
146,0.3,0.5,3,0.4555894225405289,0.4668558708959378
146,0.3,0.3,3,0.2769404975397309,0.4668558708959378
147,0.3,1,100,0.32541573112694344,0.4028714524207012
147,0.3,0.7,100,0.36751865645616494,0.4028714524207012
147,0.3,0.5,100,0.37186421814134674,0.4028714524207012
147,0.3,0.3,100,0.3942793544796884,0.4028714524207012
147,0.3,1,7,0.3322433016305,0.4028714524207012
147,0.3,0.7,7,0.3749339673497298,0.4028714524207012
147,0.3,0.5,7,0.3740325619889534,0.4028714524207012
147,0.3,0.3,7,0.37845610663521406,0.4028714524207012
147,0.3,1,5,0.3860225685591176,0.4028714524207012
147,0.3,0.7,5,0.405541047101637,0.4028714524207012
147,0.3,0.5,5,0.3733284538237726,0.4028714524207012
147,0.3,0.3,5,0.3674326402866819,0.4028714524207012
147,0.3,1,3,0.38771215098540696,0.4028714524207012
147,0.3,0.7,3,0.3365076834377895,0.4028714524207012
147,0.3,0.5,3,0.39648816265288656,0.4028714524207012
147,0.3,0.3,3,0.27820766342512226,0.4028714524207012
148,0.3,1,100,0.36339806851978645,0.4088925987757374
148,0.3,0.7,100,0.34869226488592103,0.4088925987757374
148,0.3,0.5,100,0.32446299387868677,0.4088925987757374
148,0.3,0.3,100,0.33451307735114083,0.4088925987757374
148,0.3,1,7,0.34103969320530364,0.4088925987757374
148,0.3,0.7,7,0.35383480951866786,0.4088925987757374
148,0.3,0.5,7,0.3517269825827033,0.4088925987757374
148,0.3,0.3,7,0.3527754396323815,0.4088925987757374
148,0.3,1,5,0.3556682403986601,0.4088925987757374
148,0.3,0.7,5,0.34773623912304225,0.4088925987757374
148,0.3,0.5,5,0.35693342070292244,0.4088925987757374
148,0.3,0.3,5,0.32054803350154915,0.4088925987757374
148,0.3,1,3,0.34225249457199003,0.4088925987757374
148,0.3,0.7,3,0.33183802059778106,0.4088925987757374
148,0.3,0.5,3,0.348966687307742,0.4088925987757374
148,0.3,0.3,3,0.24867409011980415,0.4088925987757374
149,0.3,1,100,0.34584164873731316,0.36745687256538684
149,0.3,0.7,100,0.3202003338898164,0.36745687256538684
149,0.3,0.5,100,0.3193322203672789,0.36745687256538684
149,0.3,0.3,100,0.3602003338898164,0.36745687256538684
149,0.3,1,7,0.31053273581666674,0.36745687256538684
149,0.3,0.7,7,0.33833124673459225,0.36745687256538684
149,0.3,0.5,7,0.37246534303757034,0.36745687256538684
149,0.3,0.3,7,0.3463098099336889,0.36745687256538684
149,0.3,1,5,0.36233594887937404,0.36745687256538684
149,0.3,0.7,5,0.3675796569827009,0.36745687256538684
149,0.3,0.5,5,0.38896606077239165,0.36745687256538684
149,0.3,0.3,5,0.37557904888887866,0.36745687256538684
149,0.3,1,3,0.3393167505578283,0.36745687256538684
149,0.3,0.7,3,0.3840856812553962,0.36745687256538684
149,0.3,0.5,3,0.32801369021750715,0.36745687256538684
149,0.3,0.3,3,0.2538257428921826,0.36745687256538684
150,0.3,1,100,0.28148618255465724,0.39626710146814903
150,0.3,0.7,100,0.30763023826006186,0.39626710146814903
150,0.3,0.5,100,0.30796883695047306,0.39626710146814903
150,0.3,0.3,100,0.30421814134668895,0.39626710146814903
150,0.3,1,7,0.3114124012146058,0.39626710146814903
150,0.3,0.7,7,0.3501075289976899,0.39626710146814903
150,0.3,0.5,7,0.32314044596725267,0.39626710146814903
150,0.3,0.3,7,0.378632964739824,0.39626710146814903
150,0.3,1,5,0.3678334840918815,0.39626710146814903
150,0.3,0.7,5,0.34294222668903535,0.39626710146814903
150,0.3,0.5,5,0.37452438279516964,0.39626710146814903
150,0.3,0.3,5,0.37309130608106283,0.39626710146814903
150,0.3,1,3,0.3003584123659256,0.39626710146814903
150,0.3,0.7,3,0.3438252677589147,0.39626710146814903
150,0.3,0.5,3,0.2972550588285166,0.39626710146814903
150,0.3,0.3,3,0.19228846629860794,0.39626710146814903
151,0.3,1,100,0.35319786644405377,0.4331886477462438
151,0.3,0.7,100,0.41153032832498615,0.4331886477462438
151,0.3,0.5,100,0.3754034501947691,0.4331886477462438
151,0.3,0.3,100,0.37184195882025606,0.4331886477462438
151,0.3,1,7,0.36438003748688813,0.4331886477462438
151,0.3,0.7,7,0.3653751004478963,0.4331886477462438
151,0.3,0.5,7,0.3914716199540272,0.4331886477462438
151,0.3,0.3,7,0.38744438429429867,0.4331886477462438
151,0.3,1,5,0.39665303419888676,0.4331886477462438
151,0.3,0.7,5,0.34051987804106765,0.4331886477462438
151,0.3,0.5,5,0.39480201315051633,0.4331886477462438
151,0.3,0.3,5,0.35670818041633867,0.4331886477462438
151,0.3,1,3,0.3368529730466278,0.4331886477462438
151,0.3,0.7,3,0.3509492022786685,0.4331886477462438
151,0.3,0.5,3,0.384542282063362,0.4331886477462438
151,0.3,0.3,3,0.2831214479952044,0.4331886477462438
152,0.3,1,100,0.34435129134782694,0.4371174179187535
152,0.3,0.7,100,0.3585865331107402,0.4371174179187535
152,0.3,0.5,100,0.362170283806344,0.4371174179187535
152,0.3,0.3,100,0.35255425709515864,0.4371174179187535
152,0.3,1,7,0.3113767971720672,0.4371174179187535
152,0.3,0.7,7,0.3293304510850831,0.4371174179187535
152,0.3,0.5,7,0.37618808856590663,0.4371174179187535
152,0.3,0.3,7,0.35626655157342146,0.4371174179187535
152,0.3,1,5,0.3560599763720389,0.4371174179187535
152,0.3,0.7,5,0.3588509565158243,0.4371174179187535
152,0.3,0.5,5,0.38440757321207314,0.4371174179187535
152,0.3,0.3,5,0.3052670183266671,0.4371174179187535
152,0.3,1,3,0.3351400405575074,0.4371174179187535
152,0.3,0.7,3,0.3635861712068014,0.4371174179187535
152,0.3,0.5,3,0.3229352520705638,0.4371174179187535
152,0.3,0.3,3,0.26948365601774754,0.4371174179187535
153,0.3,1,100,0.365567703907224,0.4336449638286033
153,0.3,0.7,100,0.37919415468748535,0.4336449638286033
153,0.3,0.5,100,0.3949137451307736,0.4336449638286033
153,0.3,0.3,100,0.40763494713411247,0.4336449638286033
153,0.3,1,7,0.3805468192765453,0.4336449638286033
153,0.3,0.7,7,0.41632322110434816,0.4336449638286033
153,0.3,0.5,7,0.4116167275418502,0.4336449638286033
153,0.3,0.3,7,0.3505302053520922,0.4336449638286033
153,0.3,1,5,0.38149868010164417,0.4336449638286033
153,0.3,0.7,5,0.41614493937236635,0.4336449638286033
153,0.3,0.5,5,0.42069619867130154,0.4336449638286033
153,0.3,0.3,5,0.4154410561652891,0.4336449638286033
153,0.3,1,3,0.41158047268311837,0.4336449638286033
153,0.3,0.7,3,0.38181176409783735,0.4336449638286033
153,0.3,0.5,3,0.4096385834189028,0.4336449638286033
153,0.3,0.3,3,0.3018532026539647,0.4336449638286033
154,0.3,1,100,0.40124439421455776,0.4807902058987202
154,0.3,0.7,100,0.39992876997586635,0.4807902058987202
154,0.3,0.5,100,0.37609348914858104,0.4807902058987202
154,0.3,0.3,100,0.38258208124652204,0.4807902058987202
154,0.3,1,7,0.40663120009285564,0.4807902058987202
154,0.3,0.7,7,0.42782153037991255,0.4807902058987202
154,0.3,0.5,7,0.4201057362451805,0.4807902058987202
154,0.3,0.3,7,0.39246122932702276,0.4807902058987202
154,0.3,1,5,0.3937629706300163,0.4807902058987202
154,0.3,0.7,5,0.4179271525386774,0.4807902058987202
154,0.3,0.5,5,0.4175986000012028,0.4807902058987202
154,0.3,0.3,5,0.4002223863824031,0.4807902058987202
154,0.3,1,3,0.4166317373506829,0.4807902058987202
154,0.3,0.7,3,0.42034751188575425,0.4807902058987202
154,0.3,0.5,3,0.3957746327814556,0.4807902058987202
154,0.3,0.3,3,0.313458003034474,0.4807902058987202
155,0.3,1,100,0.4146488798933522,0.4852712444961592
155,0.3,0.7,100,0.45483306410760255,0.4852712444961592
155,0.3,0.5,100,0.4696160267111854,0.4852712444961592
155,0.3,0.3,100,0.46122426265998895,0.4852712444961592
155,0.3,1,7,0.4506020044787049,0.4852712444961592
155,0.3,0.7,7,0.45867138996495904,0.4852712444961592
155,0.3,0.5,7,0.48952845299756115,0.4852712444961592
155,0.3,0.3,7,0.4509990703052292,0.4852712444961592
155,0.3,1,5,0.47882141106076787,0.4852712444961592
155,0.3,0.7,5,0.48674864173688676,0.4852712444961592
155,0.3,0.5,5,0.4382250525314589,0.4852712444961592
155,0.3,0.3,5,0.49982030614526984,0.4852712444961592
155,0.3,1,3,0.47122711157468916,0.4852712444961592
155,0.3,0.7,3,0.4270791967133181,0.4852712444961592
155,0.3,0.5,3,0.42639018150279745,0.4852712444961592
155,0.3,0.3,3,0.3702467706075948,0.4852712444961592
156,0.3,1,100,0.40147848133765257,0.4738675570395104
156,0.3,0.7,100,0.35461916453185327,0.4738675570395104
156,0.3,0.5,100,0.3833611574846968,0.4738675570395104
156,0.3,0.3,100,0.38062326099053984,0.4738675570395104
156,0.3,1,7,0.3841894046436876,0.4738675570395104
156,0.3,0.7,7,0.41395910384251317,0.4738675570395104
156,0.3,0.5,7,0.39504572496386264,0.4738675570395104
156,0.3,0.3,7,0.4058573991711468,0.4738675570395104
156,0.3,1,5,0.3771446895274381,0.4738675570395104
156,0.3,0.7,5,0.4267295272150181,0.4738675570395104
156,0.3,0.5,5,0.39327131155477046,0.4738675570395104
156,0.3,0.3,5,0.4077426736429056,0.4738675570395104
156,0.3,1,3,0.43856492057868823,0.4738675570395104
156,0.3,0.7,3,0.41052529340633026,0.4738675570395104
156,0.3,0.5,3,0.37675862223953666,0.4738675570395104
156,0.3,0.3,3,0.31378928680268847,0.4738675570395104
157,0.3,1,100,0.34702952509822016,0.3721647189760713
157,0.3,0.7,100,0.353288814691152,0.3721647189760713
157,0.3,0.5,100,0.3538119087367836,0.3721647189760713
157,0.3,0.3,100,0.3852420701168615,0.3721647189760713
157,0.3,1,7,0.3856326203870105,0.3721647189760713
157,0.3,0.7,7,0.3491943862158974,0.3721647189760713
157,0.3,0.5,7,0.352429807673726,0.3721647189760713
157,0.3,0.3,7,0.3820090715613539,0.3721647189760713
157,0.3,1,5,0.3446689674419832,0.3721647189760713
157,0.3,0.7,5,0.35614388066517433,0.3721647189760713
157,0.3,0.5,5,0.368871213709614,0.3721647189760713
157,0.3,0.3,5,0.3758640724258435,0.3721647189760713
157,0.3,1,3,0.3592448955080535,0.3721647189760713
157,0.3,0.7,3,0.37011930137067234,0.3721647189760713
157,0.3,0.5,3,0.3706197924415977,0.3721647189760713
157,0.3,0.3,3,0.2649651162689539,0.3721647189760713
158,0.3,1,100,0.2936182647909978,0.3802225932109071
158,0.3,0.7,100,0.3703060656649973,0.3802225932109071
158,0.3,0.5,100,0.2846521981079578,0.3802225932109071
158,0.3,0.3,100,0.3101279910962716,0.3802225932109071
158,0.3,1,7,0.309949538888531,0.3802225932109071
158,0.3,0.7,7,0.32936924358492353,0.3802225932109071
158,0.3,0.5,7,0.3246295781066026,0.3802225932109071
158,0.3,0.3,7,0.31243592370029827,0.3802225932109071
158,0.3,1,5,0.33455654225223525,0.3802225932109071
158,0.3,0.7,5,0.31602545444477165,0.3802225932109071
158,0.3,0.5,5,0.37084060526467727,0.3802225932109071
158,0.3,0.3,5,0.2628121227971266,0.3802225932109071
158,0.3,1,3,0.34476544485550487,0.3802225932109071
158,0.3,0.7,3,0.3161862735601581,0.3802225932109071
158,0.3,0.5,3,0.31793455231565093,0.3802225932109071
158,0.3,0.3,3,0.22264281835939692,0.3802225932109071
159,0.3,1,100,0.4258552265441007,0.42606566499721765
159,0.3,0.7,100,0.44038744687420084,0.42606566499721765
159,0.3,0.5,100,0.4203005008347246,0.42606566499721765
159,0.3,0.3,100,0.445319977740679,0.42606566499721765
159,0.3,1,7,0.42596235543485944,0.42606566499721765
159,0.3,0.7,7,0.3958844416656679,0.42606566499721765
159,0.3,0.5,7,0.4350762935057669,0.42606566499721765
159,0.3,0.3,7,0.463409914892727,0.42606566499721765
159,0.3,1,5,0.43267930024758067,0.42606566499721765
159,0.3,0.7,5,0.45710000736346096,0.42606566499721765
159,0.3,0.5,5,0.4239198392981138,0.42606566499721765
159,0.3,0.3,5,0.4539880133135702,0.42606566499721765
159,0.3,1,3,0.4289466207336132,0.42606566499721765
159,0.3,0.7,3,0.43055471481222246,0.42606566499721765
159,0.3,0.5,3,0.431175155296701,0.42606566499721765
159,0.3,0.3,3,0.3763521785586576,0.42606566499721765
160,0.3,1,100,0.31132012659465325,0.3941012799109628
160,0.3,0.7,100,0.31700612131329997,0.3941012799109628
160,0.3,0.5,100,0.3278686700055649,0.3941012799109628
160,0.3,0.3,100,0.3474346132442961,0.3941012799109628
160,0.3,1,7,0.33878580196335223,0.3941012799109628
160,0.3,0.7,7,0.3938012442368938,0.3941012799109628
160,0.3,0.5,7,0.33394915300768063,0.3941012799109628
160,0.3,0.3,7,0.36463682491165494,0.3941012799109628
160,0.3,1,5,0.31694942084076305,0.3941012799109628
160,0.3,0.7,5,0.37070372224568204,0.3941012799109628
160,0.3,0.5,5,0.34647194100870393,0.3941012799109628
160,0.3,0.3,5,0.3246293274469623,0.3941012799109628
160,0.3,1,3,0.34289444272453484,0.3941012799109628
160,0.3,0.7,3,0.3652651778669367,0.3941012799109628
160,0.3,0.5,3,0.3484890939443098,0.3941012799109628
160,0.3,0.3,3,0.255456495252486,0.3941012799109628
161,0.3,1,100,0.36380688398318234,0.3965386755703952
161,0.3,0.7,100,0.31847523650528664,0.3965386755703952
161,0.3,0.5,100,0.33107401224262667,0.3965386755703952
161,0.3,0.3,100,0.37666110183639406,0.3965386755703952
161,0.3,1,7,0.3458065096465178,0.3965386755703952
161,0.3,0.7,7,0.3274161069188944,0.3965386755703952
161,0.3,0.5,7,0.3353882588799593,0.3965386755703952
161,0.3,0.3,7,0.3506649714925805,0.3965386755703952
161,0.3,1,5,0.3358559804130717,0.3965386755703952
161,0.3,0.7,5,0.36708446929478955,0.3965386755703952
161,0.3,0.5,5,0.34255119756638036,0.3965386755703952
161,0.3,0.3,5,0.33109411101128455,0.3965386755703952
161,0.3,1,3,0.36679705917315303,0.3965386755703952
161,0.3,0.7,3,0.36510737866098647,0.3965386755703952
161,0.3,0.5,3,0.30519526056904034,0.3965386755703952
161,0.3,0.3,3,0.26360145420272796,0.3965386755703952
162,0.3,1,100,0.3879685023344444,0.48924874791318873
162,0.3,0.7,100,0.4370728992765721,0.48924874791318873
162,0.3,0.5,100,0.43933222036727887,0.48924874791318873
162,0.3,0.3,100,0.37391207568169177,0.48924874791318873
162,0.3,1,7,0.4173821791817875,0.48924874791318873
162,0.3,0.7,7,0.4138752574155341,0.48924874791318873
162,0.3,0.5,7,0.41176556278617954,0.48924874791318873
162,0.3,0.3,7,0.43576748668409154,0.48924874791318873
162,0.3,1,5,0.41537723939927246,0.48924874791318873
162,0.3,0.7,5,0.4311005534482524,0.48924874791318873
162,0.3,0.5,5,0.42926455634292093,0.48924874791318873
162,0.3,0.3,5,0.443427497463161,0.48924874791318873
162,0.3,1,3,0.4208396315735746,0.48924874791318873
162,0.3,0.7,3,0.38976336633073555,0.48924874791318873
162,0.3,0.5,3,0.41789388490071055,0.48924874791318873
162,0.3,0.3,3,0.3399808770868201,0.48924874791318873
163,0.3,1,100,0.3642864906357264,0.44347245409015035
163,0.3,0.7,100,0.36764607679465783,0.44347245409015035
163,0.3,0.5,100,0.35956594323873126,0.44347245409015035
163,0.3,0.3,100,0.3851530328324987,0.44347245409015035
163,0.3,1,7,0.3603337090009781,0.44347245409015035
163,0.3,0.7,7,0.37680463630883665,0.44347245409015035
163,0.3,0.5,7,0.4102674864004302,0.44347245409015035
163,0.3,0.3,7,0.3727707380931868,0.44347245409015035
163,0.3,1,5,0.36591380003058077,0.44347245409015035
163,0.3,0.7,5,0.35062479105623084,0.44347245409015035
163,0.3,0.5,5,0.382077281515005,0.44347245409015035
163,0.3,0.3,5,0.3524201314787096,0.44347245409015035
163,0.3,1,3,0.42665298020254855,0.44347245409015035
163,0.3,0.7,3,0.3492722969833149,0.44347245409015035
163,0.3,0.5,3,0.3736290802269872,0.44347245409015035
163,0.3,0.3,3,0.3414564500512504,0.44347245409015035
164,0.3,1,100,0.39406219224767014,0.4567723984418476
164,0.3,0.7,100,0.40790205898720094,0.4567723984418476
164,0.3,0.5,100,0.4004451864218142,0.4567723984418476
164,0.3,0.3,100,0.3926432943795215,0.4567723984418476
164,0.3,1,7,0.3696998347721436,0.4567723984418476
164,0.3,0.7,7,0.3796262863032386,0.4567723984418476
164,0.3,0.5,7,0.45512411137000497,0.4567723984418476
164,0.3,0.3,7,0.39179295346308396,0.4567723984418476
164,0.3,1,5,0.4183059628965157,0.4567723984418476
164,0.3,0.7,5,0.40999347487968335,0.4567723984418476
164,0.3,0.5,5,0.3856689867255421,0.4567723984418476
164,0.3,0.3,5,0.4143303484399213,0.4567723984418476
164,0.3,1,3,0.37390893606740794,0.4567723984418476
164,0.3,0.7,3,0.4414953182807516,0.4567723984418476
164,0.3,0.5,3,0.3818837538442158,0.4567723984418476
164,0.3,0.3,3,0.3036810139910888,0.4567723984418476
165,0.3,1,100,0.40439895867782966,0.39718419588202564
165,0.3,0.7,100,0.3646855870895938,0.39718419588202564
165,0.3,0.5,100,0.38971619365609356,0.39718419588202564
165,0.3,0.3,100,0.37824151363383424,0.39718419588202564
165,0.3,1,7,0.3982055870531986,0.39718419588202564
165,0.3,0.7,7,0.34489072992397396,0.39718419588202564
165,0.3,0.5,7,0.3861878583201223,0.39718419588202564
165,0.3,0.3,7,0.3708944424710157,0.39718419588202564
165,0.3,1,5,0.39428710562714375,0.39718419588202564
165,0.3,0.7,5,0.4027401395408294,0.39718419588202564
165,0.3,0.5,5,0.3653294290087457,0.39718419588202564
165,0.3,0.3,5,0.34606982413243376,0.39718419588202564
165,0.3,1,3,0.3666827277742132,0.39718419588202564
165,0.3,0.7,3,0.38040453595925316,0.39718419588202564
165,0.3,0.5,3,0.3835092886902457,0.39718419588202564
165,0.3,0.3,3,0.22712044516699575,0.39718419588202564
166,0.3,1,100,0.38492662210629475,0.43006797459257906
166,0.3,0.7,100,0.35518085698386204,0.43006797459257906
166,0.3,0.5,100,0.36907067334446303,0.43006797459257906
166,0.3,0.3,100,0.38449638286032284,0.43006797459257906
166,0.3,1,7,0.3833229466763174,0.43006797459257906
166,0.3,0.7,7,0.4041943020379634,0.43006797459257906
166,0.3,0.5,7,0.39391637651413475,0.43006797459257906
166,0.3,0.3,7,0.39327249535239334,0.43006797459257906
166,0.3,1,5,0.3833961797398886,0.43006797459257906
166,0.3,0.7,5,0.42270207390650666,0.43006797459257906
166,0.3,0.5,5,0.3702373687145565,0.43006797459257906
166,0.3,0.3,5,0.4074651817258422,0.43006797459257906
166,0.3,1,3,0.3777386725353546,0.43006797459257906
166,0.3,0.7,3,0.4051686552009378,0.43006797459257906
166,0.3,0.5,3,0.3455594228511505,0.43006797459257906
166,0.3,0.3,3,0.3005991654241577,0.43006797459257906
167,0.3,1,100,0.35654954420360097,0.3972242549382514
167,0.3,0.7,100,0.38220367278798,0.3972242549382514
167,0.3,0.5,100,0.3395102949360045,0.3972242549382514
167,0.3,0.3,100,0.37040623260990546,0.3972242549382514
167,0.3,1,7,0.37644019694362063,0.3972242549382514
167,0.3,0.7,7,0.38565031165896346,0.3972242549382514
167,0.3,0.5,7,0.364171576961603,0.3972242549382514
167,0.3,0.3,7,0.391128897248343,0.3972242549382514
167,0.3,1,5,0.37797422977205086,0.3972242549382514
167,0.3,0.7,5,0.35086263916504834,0.3972242549382514
167,0.3,0.5,5,0.35202235243642926,0.3972242549382514
167,0.3,0.3,5,0.3730872499469366,0.3972242549382514
167,0.3,1,3,0.3378881587482561,0.3972242549382514
167,0.3,0.7,3,0.3872693430560867,0.3972242549382514
167,0.3,0.5,3,0.31957713934694865,0.3972242549382514
167,0.3,0.3,3,0.2950243762098516,0.3972242549382514
168,0.3,1,100,0.356817885743459,0.43459098497495835
168,0.3,0.7,100,0.36405980017796036,0.43459098497495835
168,0.3,0.5,100,0.38313856427378973,0.43459098497495835
168,0.3,0.3,100,0.39405676126878136,0.43459098497495835
168,0.3,1,7,0.40030095236986873,0.43459098497495835
168,0.3,0.7,7,0.3941621949394138,0.43459098497495835
168,0.3,0.5,7,0.3977905639054023,0.43459098497495835
168,0.3,0.3,7,0.379770112686123,0.43459098497495835
168,0.3,1,5,0.38836555967476355,0.43459098497495835
168,0.3,0.7,5,0.4081567671397516,0.43459098497495835
168,0.3,0.5,5,0.3997793986218097,0.43459098497495835
168,0.3,0.3,5,0.38092388529152493,0.43459098497495835
168,0.3,1,3,0.3843023955637182,0.43459098497495835
168,0.3,0.7,3,0.37203360241716166,0.43459098497495835
168,0.3,0.5,3,0.3602443010241636,0.43459098497495835
168,0.3,0.3,3,0.32127895163375647,0.43459098497495835
169,0.3,1,100,0.3621691428173651,0.4434056761268782
169,0.3,0.7,100,0.3977695788463971,0.4434056761268782
169,0.3,0.5,100,0.3929994435169728,0.4434056761268782
169,0.3,0.3,100,0.38054535336672235,0.4434056761268782
169,0.3,1,7,0.39309114534859596,0.4434056761268782
169,0.3,0.7,7,0.4331289713851407,0.4434056761268782
169,0.3,0.5,7,0.40419053342661104,0.4434056761268782
169,0.3,0.3,7,0.4279946972069963,0.4434056761268782
169,0.3,1,5,0.39689783001446627,0.4434056761268782
169,0.3,0.7,5,0.41800081164200775,0.4434056761268782
169,0.3,0.5,5,0.4122255123580057,0.4434056761268782
169,0.3,0.3,5,0.35552103992758777,0.4434056761268782
169,0.3,1,3,0.37089108734942206,0.4434056761268782
169,0.3,0.7,3,0.403375538293533,0.4434056761268782
169,0.3,0.5,3,0.37386612026018484,0.4434056761268782
169,0.3,0.3,3,0.31798107032524264,0.4434056761268782
170,0.3,1,100,0.4266112376661911,0.34629478657559365
170,0.3,0.7,100,0.3992409508287463,0.34629478657559365
170,0.3,0.5,100,0.43513633834168064,0.34629478657559365
170,0.3,0.3,100,0.390328324986088,0.34629478657559365
170,0.3,1,7,0.4488789657753469,0.34629478657559365
170,0.3,0.7,7,0.4020600873729085,0.34629478657559365
170,0.3,0.5,7,0.3992233424786642,0.34629478657559365
170,0.3,0.3,7,0.39654451608031244,0.34629478657559365
170,0.3,1,5,0.4165529079184531,0.34629478657559365
170,0.3,0.7,5,0.43565813926814406,0.34629478657559365
170,0.3,0.5,5,0.3900857066153088,0.34629478657559365
170,0.3,0.3,5,0.39657415681722347,0.34629478657559365
170,0.3,1,3,0.4366420266873326,0.34629478657559365
170,0.3,0.7,3,0.40527951546604024,0.34629478657559365
170,0.3,0.5,3,0.39045267268373696,0.34629478657559365
170,0.3,0.3,3,0.2751304108915453,0.34629478657559365
171,0.3,1,100,0.40989350572583033,0.48444073455759606
171,0.3,0.7,100,0.40480801335559274,0.48444073455759606
171,0.3,0.5,100,0.4136227045075126,0.48444073455759606
171,0.3,0.3,100,0.4298274902615471,0.48444073455759606
171,0.3,1,7,0.3874269860658928,0.48444073455759606
171,0.3,0.7,7,0.4272157897798613,0.48444073455759606
171,0.3,0.5,7,0.405733289350776,0.48444073455759606
171,0.3,0.3,7,0.4443079694378859,0.48444073455759606
171,0.3,1,5,0.42165859603470995,0.48444073455759606
171,0.3,0.7,5,0.4227383872489603,0.48444073455759606
171,0.3,0.5,5,0.42661296117014186,0.48444073455759606
171,0.3,0.3,5,0.41671136319504104,0.48444073455759606
171,0.3,1,3,0.3950008155249701,0.48444073455759606
171,0.3,0.7,3,0.34574830622143593,0.48444073455759606
171,0.3,0.5,3,0.3857283095147581,0.48444073455759606
171,0.3,0.3,3,0.316258972586585,0.48444073455759606
172,0.3,1,100,0.3750967094181707,0.3928324986087925
172,0.3,0.7,100,0.4266177702236053,0.3928324986087925
172,0.3,0.5,100,0.3940233722871453,0.3928324986087925
172,0.3,0.3,100,0.3956705620478576,0.3928324986087925
172,0.3,1,7,0.3818568048989643,0.3928324986087925
172,0.3,0.7,7,0.4180446935795653,0.3928324986087925
172,0.3,0.5,7,0.4336716701757426,0.3928324986087925
172,0.3,0.3,7,0.3977600746306663,0.3928324986087925
172,0.3,1,5,0.3670572205302007,0.3928324986087925
172,0.3,0.7,5,0.40439801340588094,0.3928324986087925
172,0.3,0.5,5,0.3838265645386639,0.3928324986087925
172,0.3,0.3,5,0.39120716238282743,0.3928324986087925
172,0.3,1,3,0.37567652130758983,0.3928324986087925
172,0.3,0.7,3,0.3868435036741318,0.3928324986087925
172,0.3,0.5,3,0.435135876662822,0.3928324986087925
172,0.3,0.3,3,0.2935691760606584,0.3928324986087925
173,0.3,1,100,0.33820157715215415,0.4091151919866445
173,0.3,0.7,100,0.35528102392877026,0.4091151919866445
173,0.3,0.5,100,0.37200890372843637,0.4091151919866445
173,0.3,0.3,100,0.3550918196994992,0.4091151919866445
173,0.3,1,7,0.3627178871014899,0.4091151919866445
173,0.3,0.7,7,0.3704538099213957,0.4091151919866445
173,0.3,0.5,7,0.36774571034463593,0.4091151919866445
173,0.3,0.3,7,0.40002821350701717,0.4091151919866445
173,0.3,1,5,0.35197068235673745,0.4091151919866445
173,0.3,0.7,5,0.34674858513410156,0.4091151919866445
173,0.3,0.5,5,0.38524498751229425,0.4091151919866445
173,0.3,0.3,5,0.3458301489319879,0.4091151919866445
173,0.3,1,3,0.3544338044923496,0.4091151919866445
173,0.3,0.7,3,0.38493156735506834,0.4091151919866445
173,0.3,0.5,3,0.3420519014525775,0.4091151919866445
173,0.3,0.3,3,0.2973179815724083,0.4091151919866445
174,0.3,1,100,0.4225204779107181,0.461636060100167
174,0.3,0.7,100,0.42988313856427385,0.461636060100167
174,0.3,0.5,100,0.4599443516972733,0.461636060100167
174,0.3,0.3,100,0.4294379521424597,0.461636060100167
174,0.3,1,7,0.437691024241566,0.461636060100167
174,0.3,0.7,7,0.48091480103036893,0.461636060100167
174,0.3,0.5,7,0.428688881376622,0.461636060100167
174,0.3,0.3,7,0.42801652305025656,0.461636060100167
174,0.3,1,5,0.42563082918223466,0.461636060100167
174,0.3,0.7,5,0.4764303781410164,0.461636060100167
174,0.3,0.5,5,0.4469292001421352,0.461636060100167
174,0.3,0.3,5,0.44073085848678534,0.461636060100167
174,0.3,1,3,0.4150490854126235,0.461636060100167
174,0.3,0.7,3,0.4387773564505914,0.461636060100167
174,0.3,0.5,3,0.40597220723773336,0.461636060100167
174,0.3,0.3,3,0.37953639762026375,0.461636060100167
175,0.3,1,100,0.3801265635533708,0.43490261547022824
175,0.3,0.7,100,0.36757680226769407,0.43490261547022824
175,0.3,0.5,100,0.3737673900946022,0.43490261547022824
175,0.3,0.3,100,0.43055091819699504,0.43490261547022824
175,0.3,1,7,0.38009701378565536,0.43490261547022824
175,0.3,0.7,7,0.41177823385345896,0.43490261547022824
175,0.3,0.5,7,0.39685438721898386,0.43490261547022824
175,0.3,0.3,7,0.420104545035642,0.43490261547022824
175,0.3,1,5,0.36335211380353793,0.43490261547022824
175,0.3,0.7,5,0.42444539093063477,0.43490261547022824
175,0.3,0.5,5,0.42622066463545316,0.43490261547022824
175,0.3,0.3,5,0.38945231808043634,0.43490261547022824
175,0.3,1,3,0.41988944030578573,0.43490261547022824
175,0.3,0.7,3,0.4554142146342147,0.43490261547022824
175,0.3,0.5,3,0.3628198366921821,0.43490261547022824
175,0.3,0.3,3,0.2802942035645685,0.43490261547022824
176,0.3,1,100,0.36158229901208794,0.4729549248747914
176,0.3,0.7,100,0.3699721758486367,0.4729549248747914
176,0.3,0.5,100,0.4095603784084586,0.4729549248747914
176,0.3,0.3,100,0.4271118530884809,0.4729549248747914
176,0.3,1,7,0.41610947389403935,0.4729549248747914
176,0.3,0.7,7,0.41577838845319676,0.4729549248747914
176,0.3,0.5,7,0.44877533280682896,0.4729549248747914
176,0.3,0.3,7,0.4447037118616878,0.4729549248747914
176,0.3,1,5,0.3976405989887554,0.4729549248747914
176,0.3,0.7,5,0.42842103056838976,0.4729549248747914
176,0.3,0.5,5,0.36379506904821035,0.4729549248747914
176,0.3,0.3,5,0.329155587514323,0.4729549248747914
176,0.3,1,3,0.3716706186260822,0.4729549248747914
176,0.3,0.7,3,0.4102442373232736,0.4729549248747914
176,0.3,0.5,3,0.3766324928878549,0.4729549248747914
176,0.3,0.3,3,0.22657846846998914,0.4729549248747914
177,0.3,1,100,0.3818617459248164,0.4439912186751151
177,0.3,0.7,100,0.3636616583194213,0.4439912186751151
177,0.3,0.5,100,0.3629048414023373,0.4439912186751151
177,0.3,0.3,100,0.37111853088480806,0.4439912186751151
177,0.3,1,7,0.3892172593093634,0.4439912186751151
177,0.3,0.7,7,0.3824241239188158,0.4439912186751151
177,0.3,0.5,7,0.38429979047752677,0.4439912186751151
177,0.3,0.3,7,0.4038753733469552,0.4439912186751151
177,0.3,1,5,0.35972953671751057,0.4439912186751151
177,0.3,0.7,5,0.3786829958572849,0.4439912186751151
177,0.3,0.5,5,0.3713638951185292,0.4439912186751151
177,0.3,0.3,5,0.31546874379836864,0.4439912186751151
177,0.3,1,3,0.3474692073967421,0.4439912186751151
177,0.3,0.7,3,0.3489796437688767,0.4439912186751151
177,0.3,0.5,3,0.33312780653888485,0.4439912186751151
177,0.3,0.3,3,0.3045839849891284,0.4439912186751151
178,0.3,1,100,0.38581805758105947,0.40041179744017813
178,0.3,0.7,100,0.41922558962629464,0.40041179744017813
178,0.3,0.5,100,0.4585086254869227,0.40041179744017813
178,0.3,0.3,100,0.41845297718419594,0.40041179744017813
178,0.3,1,7,0.43623959982137955,0.40041179744017813
178,0.3,0.7,7,0.399593942484682,0.40041179744017813
178,0.3,0.5,7,0.4325084681912383,0.40041179744017813
178,0.3,0.3,7,0.4131265982976588,0.40041179744017813
178,0.3,1,5,0.4078307532246224,0.40041179744017813
178,0.3,0.7,5,0.41152046574942847,0.40041179744017813
178,0.3,0.5,5,0.4232355120222309,0.40041179744017813
178,0.3,0.3,5,0.44647571473029646,0.40041179744017813
178,0.3,1,3,0.412969581478136,0.40041179744017813
178,0.3,0.7,3,0.404105092317645,0.40041179744017813
178,0.3,0.5,3,0.3935532439467219,0.40041179744017813
178,0.3,0.3,3,0.3292806507465931,0.40041179744017813
179,0.3,1,100,0.3436335665691263,0.42602114635503624
179,0.3,0.7,100,0.37680788430123957,0.42602114635503624
179,0.3,0.5,100,0.34742348358375075,0.42602114635503624
179,0.3,0.3,100,0.38636616583194217,0.42602114635503624
179,0.3,1,7,0.3660657324551731,0.42602114635503624
179,0.3,0.7,7,0.39427209077717684,0.42602114635503624
179,0.3,0.5,7,0.38823619322813363,0.42602114635503624
179,0.3,0.3,7,0.39513029531378574,0.42602114635503624
179,0.3,1,5,0.357105066228939,0.42602114635503624
179,0.3,0.7,5,0.3561928343287236,0.42602114635503624
179,0.3,0.5,5,0.3585466964315557,0.42602114635503624
179,0.3,0.3,5,0.36805332910206773,0.42602114635503624
179,0.3,1,3,0.4090167061787451,0.42602114635503624
179,0.3,0.7,3,0.3773058506574469,0.42602114635503624
179,0.3,0.5,3,0.42011634859642916,0.42602114635503624
179,0.3,0.3,3,0.26133093518131184,0.42602114635503624
180,0.3,1,100,0.3470188526531066,0.424974958263773
180,0.3,0.7,100,0.40550474542378845,0.424974958263773
180,0.3,0.5,100,0.42552031163049536,0.424974958263773
180,0.3,0.3,100,0.40750139120756823,0.424974958263773
180,0.3,1,7,0.4080885957267933,0.424974958263773
180,0.3,0.7,7,0.4099566030101549,0.424974958263773
180,0.3,0.5,7,0.36190035797671716,0.424974958263773
180,0.3,0.3,7,0.35980916595152457,0.424974958263773
180,0.3,1,5,0.38008993964498794,0.424974958263773
180,0.3,0.7,5,0.4091693168128582,0.424974958263773
180,0.3,0.5,5,0.3722661401236677,0.424974958263773
180,0.3,0.3,5,0.37969788138463045,0.424974958263773
180,0.3,1,3,0.3854303511782502,0.424974958263773
180,0.3,0.7,3,0.41986792180528504,0.424974958263773
180,0.3,0.5,3,0.3447152329538973,0.424974958263773
180,0.3,0.3,3,0.27157701382111926,0.424974958263773
181,0.3,1,100,0.3641802702789594,0.3952921535893156
181,0.3,0.7,100,0.3767167501391208,0.3952921535893156
181,0.3,0.5,100,0.41790762381747365,0.3952921535893156
181,0.3,0.3,100,0.393288814691152,0.3952921535893156
181,0.3,1,7,0.4233484874162004,0.3952921535893156
181,0.3,0.7,7,0.4039199100942003,0.3952921535893156
181,0.3,0.5,7,0.4267998088067508,0.3952921535893156
181,0.3,0.3,7,0.40550685884277726,0.3952921535893156
181,0.3,1,5,0.3797657567309155,0.3952921535893156
181,0.3,0.7,5,0.37488072227129166,0.3952921535893156
181,0.3,0.5,5,0.41025487345741046,0.3952921535893156
181,0.3,0.3,5,0.4406055095257619,0.3952921535893156
181,0.3,1,3,0.43353435754932035,0.3952921535893156
181,0.3,0.7,3,0.4090181156865877,0.3952921535893156
181,0.3,0.5,3,0.3686041319356238,0.3952921535893156
181,0.3,0.3,3,0.32979904658938775,0.3952921535893156
182,0.3,1,100,0.41868257330217995,0.4266845483726822
182,0.3,0.7,100,0.4073233166388426,0.4266845483726822
182,0.3,0.5,100,0.42575403450194776,0.4266845483726822
182,0.3,0.3,100,0.3968614357262104,0.4266845483726822
182,0.3,1,7,0.4182413529986022,0.4266845483726822
182,0.3,0.7,7,0.3825525082159734,0.4266845483726822
182,0.3,0.5,7,0.4065496909992852,0.4266845483726822
182,0.3,0.3,7,0.40763185929198337,0.4266845483726822
182,0.3,1,5,0.3732698043580139,0.4266845483726822
182,0.3,0.7,5,0.40160862236525197,0.4266845483726822
182,0.3,0.5,5,0.41508537588071986,0.4266845483726822
182,0.3,0.3,5,0.41648258406522115,0.4266845483726822
182,0.3,1,3,0.4362792839214706,0.4266845483726822
182,0.3,0.7,3,0.3952430045674366,0.4266845483726822
182,0.3,0.5,3,0.38480088108215915,0.4266845483726822
182,0.3,0.3,3,0.26665076948892247,0.4266845483726822
183,0.3,1,100,0.3767673955684483,0.4346911519198665
183,0.3,0.7,100,0.4026377295492488,0.4346911519198665
183,0.3,0.5,100,0.36781302170283814,0.4346911519198665
183,0.3,0.3,100,0.424028937117418,0.4346911519198665
183,0.3,1,7,0.3723553254743214,0.4346911519198665
183,0.3,0.7,7,0.39382685198279604,0.4346911519198665
183,0.3,0.5,7,0.40505078751410917,0.4346911519198665
183,0.3,0.3,7,0.4143529298308644,0.4346911519198665
183,0.3,1,5,0.4078830642914257,0.4346911519198665
183,0.3,0.7,5,0.39733290541929883,0.4346911519198665
183,0.3,0.5,5,0.39587292508993227,0.4346911519198665
183,0.3,0.3,5,0.42917602319664017,0.4346911519198665
183,0.3,1,3,0.38265193621022386,0.4346911519198665
183,0.3,0.7,3,0.40570869117563413,0.4346911519198665
183,0.3,0.5,3,0.41432041267950237,0.4346911519198665
183,0.3,0.3,3,0.32246209332257975,0.4346911519198665
184,0.3,1,100,0.37401559771469434,0.4147356705620479
184,0.3,0.7,100,0.38422927100723436,0.4147356705620479
184,0.3,0.5,100,0.35754034501947696,0.4147356705620479
184,0.3,0.3,100,0.38473010573177524,0.4147356705620479
184,0.3,1,7,0.36286448117053827,0.4147356705620479
184,0.3,0.7,7,0.3540333425950139,0.4147356705620479
184,0.3,0.5,7,0.39408652560456814,0.4147356705620479
184,0.3,0.3,7,0.34561562123917,0.4147356705620479
184,0.3,1,5,0.3541967152927494,0.4147356705620479
184,0.3,0.7,5,0.3225353397860326,0.4147356705620479
184,0.3,0.5,5,0.3710220083179741,0.4147356705620479
184,0.3,0.3,5,0.3737531822863304,0.4147356705620479
184,0.3,1,3,0.3696577613599673,0.4147356705620479
184,0.3,0.7,3,0.3554239017713637,0.4147356705620479
184,0.3,0.5,3,0.3753239226148857,0.4147356705620479
184,0.3,0.3,3,0.2990980819111743,0.4147356705620479
185,0.3,1,100,0.42355501486455294,0.4566722314969394
185,0.3,0.7,100,0.435432978908408,0.4566722314969394
185,0.3,0.5,100,0.45563717306622153,0.4566722314969394
185,0.3,0.3,100,0.44639955481357824,0.4566722314969394
185,0.3,1,7,0.4305182282483705,0.4566722314969394
185,0.3,0.7,7,0.40296776393185885,0.4566722314969394
185,0.3,0.5,7,0.4305183428865519,0.4566722314969394
185,0.3,0.3,7,0.43756291851522516,0.4566722314969394
185,0.3,1,5,0.4160062453129237,0.4566722314969394
185,0.3,0.7,5,0.4329522972863234,0.4566722314969394
185,0.3,0.5,5,0.43623812102661397,0.4566722314969394
185,0.3,0.3,5,0.40169763873263703,0.4566722314969394
185,0.3,1,3,0.42357643316990606,0.4566722314969394
185,0.3,0.7,3,0.4454560522524134,0.4566722314969394
185,0.3,0.5,3,0.41351778467174233,0.4566722314969394
185,0.3,0.3,3,0.34278974820878927,0.4566722314969394
186,0.3,1,100,0.3461387578895543,0.4057206455203117
186,0.3,0.7,100,0.3970506399554814,0.4057206455203117
186,0.3,0.5,100,0.4024262659988871,0.4057206455203117
186,0.3,0.3,100,0.4057762938230385,0.4057206455203117
186,0.3,1,7,0.3636180996758293,0.4057206455203117
186,0.3,0.7,7,0.34543353568807655,0.4057206455203117
186,0.3,0.5,7,0.3749415701597617,0.4057206455203117
186,0.3,0.3,7,0.3745151654078434,0.4057206455203117
186,0.3,1,5,0.3858035644023307,0.4057206455203117
186,0.3,0.7,5,0.39220908110507074,0.4057206455203117
186,0.3,0.5,5,0.36282573260941375,0.4057206455203117
186,0.3,0.3,5,0.3609000816798242,0.4057206455203117
186,0.3,1,3,0.34692998804814473,0.4057206455203117
186,0.3,0.7,3,0.40223485125729547,0.4057206455203117
186,0.3,0.5,3,0.3763814903723481,0.4057206455203117
186,0.3,0.3,3,0.22674097029853935,0.4057206455203117
187,0.3,1,100,0.3539796441452634,0.4337340011129661
187,0.3,0.7,100,0.3843294379521425,0.4337340011129661
187,0.3,0.5,100,0.3726099053978854,0.4337340011129661
187,0.3,0.3,100,0.3925876460767947,0.4337340011129661
187,0.3,1,7,0.34839231777997437,0.4337340011129661
187,0.3,0.7,7,0.3631202400287463,0.4337340011129661
187,0.3,0.5,7,0.3311313121791184,0.4337340011129661
187,0.3,0.3,7,0.3767381124323032,0.4337340011129661
187,0.3,1,5,0.39958429207604607,0.4337340011129661
187,0.3,0.7,5,0.37124396389552705,0.4337340011129661
187,0.3,0.5,5,0.3865187621766576,0.4337340011129661
187,0.3,0.3,5,0.3891886537208612,0.4337340011129661
187,0.3,1,3,0.38285119837622095,0.4337340011129661
187,0.3,0.7,3,0.38134205922713493,0.4337340011129661
187,0.3,0.5,3,0.3244048514487871,0.4337340011129661
187,0.3,0.3,3,0.2758196656405904,0.4337340011129661
188,0.3,1,100,0.40969838369742095,0.4176917576303248
188,0.3,0.7,100,0.433208958353643,0.4176917576303248
188,0.3,0.5,100,0.4414579855314414,0.4176917576303248
188,0.3,0.3,100,0.4254424040066779,0.4176917576303248
188,0.3,1,7,0.4385309179859793,0.4176917576303248
188,0.3,0.7,7,0.4037821886438442,0.4176917576303248
188,0.3,0.5,7,0.45230046281024716,0.4176917576303248
188,0.3,0.3,7,0.4433205359818272,0.4176917576303248
188,0.3,1,5,0.4650803817718712,0.4176917576303248
188,0.3,0.7,5,0.45974639779786164,0.4176917576303248
188,0.3,0.5,5,0.432383843823819,0.4176917576303248
188,0.3,0.3,5,0.4176843854642888,0.4176917576303248
188,0.3,1,3,0.4572431747174032,0.4176917576303248
188,0.3,0.7,3,0.4633150427070689,0.4176917576303248
188,0.3,0.5,3,0.4261327415574949,0.4176917576303248
188,0.3,0.3,3,0.3662957517908798,0.4176917576303248
189,0.3,1,100,0.3431985639111241,0.4415025041736228
189,0.3,0.7,100,0.3730217028380635,0.4415025041736228
189,0.3,0.5,100,0.3928770172509739,0.4415025041736228
189,0.3,0.3,100,0.4115971062882583,0.4415025041736228
189,0.3,1,7,0.3868062435263636,0.4415025041736228
189,0.3,0.7,7,0.36036889237395203,0.4415025041736228
189,0.3,0.5,7,0.41702567565737214,0.4415025041736228
189,0.3,0.3,7,0.38040971163087695,0.4415025041736228
189,0.3,1,5,0.4019994312281068,0.4415025041736228
189,0.3,0.7,5,0.3800447498992419,0.4415025041736228
189,0.3,0.5,5,0.397193881985073,0.4415025041736228
189,0.3,0.3,5,0.41157365583323535,0.4415025041736228
189,0.3,1,3,0.36385806337335547,0.4415025041736228
189,0.3,0.7,3,0.3722461063932313,0.4415025041736228
189,0.3,0.5,3,0.3745057595638579,0.4415025041736228
189,0.3,0.3,3,0.3109809311460158,0.4415025041736228
190,0.3,1,100,0.4176177820063913,0.46715637173066227
190,0.3,0.7,100,0.44928032233331233,0.46715637173066227
190,0.3,0.5,100,0.4826154702281581,0.46715637173066227
190,0.3,0.3,100,0.4441958820255983,0.46715637173066227
190,0.3,1,7,0.4633804064780212,0.46715637173066227
190,0.3,0.7,7,0.48615105973188766,0.46715637173066227
190,0.3,0.5,7,0.41859208705092366,0.46715637173066227
190,0.3,0.3,7,0.4980938154880282,0.46715637173066227
190,0.3,1,5,0.45514314887712,0.46715637173066227
190,0.3,0.7,5,0.47695212182062063,0.46715637173066227
190,0.3,0.5,5,0.4895119091899802,0.46715637173066227
190,0.3,0.3,5,0.44240667130986533,0.46715637173066227
190,0.3,1,3,0.43941725967452755,0.46715637173066227
190,0.3,0.7,3,0.4549272851870473,0.46715637173066227
190,0.3,0.5,3,0.43789339163957713,0.46715637173066227
190,0.3,0.3,3,0.3277796462329865,0.46715637173066227
191,0.3,1,100,0.3690288714929693,0.35758486366165837
191,0.3,0.7,100,0.3895892865604579,0.35758486366165837
191,0.3,0.5,100,0.39210907067334455,0.35758486366165837
191,0.3,0.3,100,0.36526432943795223,0.35758486366165837
191,0.3,1,7,0.3772768538484749,0.35758486366165837
191,0.3,0.7,7,0.36613273746502467,0.35758486366165837
191,0.3,0.5,7,0.369427325082515,0.35758486366165837
191,0.3,0.3,7,0.40426417629220074,0.35758486366165837
191,0.3,1,5,0.3355977945425884,0.35758486366165837
191,0.3,0.7,5,0.37105561579877094,0.35758486366165837
191,0.3,0.5,5,0.3652888835689926,0.35758486366165837
191,0.3,0.3,5,0.38436907397920905,0.35758486366165837
191,0.3,1,3,0.30700232437581415,0.35758486366165837
191,0.3,0.7,3,0.3332576863180277,0.35758486366165837
191,0.3,0.5,3,0.3408775172554957,0.35758486366165837
191,0.3,0.3,3,0.2547816487693861,0.35758486366165837
192,0.3,1,100,0.3642743669204448,0.4246967167501392
192,0.3,0.7,100,0.3464997217584864,0.4246967167501392
192,0.3,0.5,100,0.38696716750139126,0.4246967167501392
192,0.3,0.3,100,0.4537451307735115,0.4246967167501392
192,0.3,1,7,0.3394985786861793,0.4246967167501392
192,0.3,0.7,7,0.3986101327696809,0.4246967167501392
192,0.3,0.5,7,0.36379448170544404,0.4246967167501392
192,0.3,0.3,7,0.38105401879393597,0.4246967167501392
192,0.3,1,5,0.3992748848198431,0.4246967167501392
192,0.3,0.7,5,0.39331378947699236,0.4246967167501392
192,0.3,0.5,5,0.3939048078178085,0.4246967167501392
192,0.3,0.3,5,0.36304098075177865,0.4246967167501392
192,0.3,1,3,0.3961255242168982,0.4246967167501392
192,0.3,0.7,3,0.3737721450657368,0.4246967167501392
192,0.3,0.5,3,0.348166384101636,0.4246967167501392
192,0.3,0.3,3,0.29893441804112886,0.4246967167501392
193,0.3,1,100,0.30796542973520785,0.44608792431830835
193,0.3,0.7,100,0.32139120756816925,0.44608792431830835
193,0.3,0.5,100,0.33989983305509186,0.44608792431830835
193,0.3,0.3,100,0.31824151363383424,0.44608792431830835
193,0.3,1,7,0.35472859057427025,0.44608792431830835
193,0.3,0.7,7,0.3682130863558616,0.44608792431830835
193,0.3,0.5,7,0.3584514316901163,0.44608792431830835
193,0.3,0.3,7,0.34977210873293846,0.44608792431830835
193,0.3,1,5,0.3467564199163331,0.44608792431830835
193,0.3,0.7,5,0.32239965557254546,0.44608792431830835
193,0.3,0.5,5,0.34301783382274537,0.44608792431830835
193,0.3,0.3,5,0.3674253197427291,0.44608792431830835
193,0.3,1,3,0.33679474376116725,0.44608792431830835
193,0.3,0.7,3,0.355621680996531,0.44608792431830835
193,0.3,0.5,3,0.3107806698856556,0.44608792431830835
193,0.3,0.3,3,0.29860092061643534,0.44608792431830835
194,0.3,1,100,0.3612576178224333,0.39866444073455765
194,0.3,0.7,100,0.35367835281023935,0.39866444073455765
194,0.3,0.5,100,0.37620478575403454,0.39866444073455765
194,0.3,0.3,100,0.3628603227601559,0.39866444073455765
194,0.3,1,7,0.41645362583230416,0.39866444073455765
194,0.3,0.7,7,0.3854552344918608,0.39866444073455765
194,0.3,0.5,7,0.3528473366253834,0.39866444073455765
194,0.3,0.3,7,0.3712522206574247,0.39866444073455765
194,0.3,1,5,0.3524113208373411,0.39866444073455765
194,0.3,0.7,5,0.35744582054188634,0.39866444073455765
194,0.3,0.5,5,0.43390723485974203,0.39866444073455765
194,0.3,0.3,5,0.3695467144330392,0.39866444073455765
194,0.3,1,3,0.36062508035022267,0.39866444073455765
194,0.3,0.7,3,0.370287671239303,0.39866444073455765
194,0.3,0.5,3,0.3282146283623735,0.39866444073455765
194,0.3,0.3,3,0.26562197463031106,0.39866444073455765
195,0.3,1,100,0.376681416010455,0.45095158597662777
195,0.3,0.7,100,0.386455203116305,0.45095158597662777
195,0.3,0.5,100,0.4272787979966612,0.45095158597662777
195,0.3,0.3,100,0.36690038953811915,0.45095158597662777
195,0.3,1,7,0.36308715319221607,0.45095158597662777
195,0.3,0.7,7,0.3856243696834994,0.45095158597662777
195,0.3,0.5,7,0.40823479019890274,0.45095158597662777
195,0.3,0.3,7,0.3976983496357891,0.45095158597662777
195,0.3,1,5,0.3633467819510962,0.45095158597662777
195,0.3,0.7,5,0.40331238401857405,0.45095158597662777
195,0.3,0.5,5,0.39083359802485973,0.45095158597662777
195,0.3,0.3,5,0.40134525177700936,0.45095158597662777
195,0.3,1,3,0.37130072795526725,0.45095158597662777
195,0.3,0.7,3,0.3765499990701428,0.45095158597662777
195,0.3,0.5,3,0.3588831660008684,0.45095158597662777
195,0.3,0.3,3,0.3183433069211508,0.45095158597662777
196,0.3,1,100,0.35457496173891667,0.43128547579298837
196,0.3,0.7,100,0.4125879964868281,0.43128547579298837
196,0.3,0.5,100,0.3599109627156372,0.43128547579298837
196,0.3,0.3,100,0.42634390651085147,0.43128547579298837
196,0.3,1,7,0.3579210714920365,0.43128547579298837
196,0.3,0.7,7,0.4034198311580395,0.43128547579298837
196,0.3,0.5,7,0.39017947980974516,0.43128547579298837
196,0.3,0.3,7,0.389641995669409,0.43128547579298837
196,0.3,1,5,0.41221029679214616,0.43128547579298837
196,0.3,0.7,5,0.39877052928085616,0.43128547579298837
196,0.3,0.5,5,0.44365001685888034,0.43128547579298837
196,0.3,0.3,5,0.4340930456535174,0.43128547579298837
196,0.3,1,3,0.400533383616528,0.43128547579298837
196,0.3,0.7,3,0.4318311523216805,0.43128547579298837
196,0.3,0.5,3,0.371327306016965,0.43128547579298837
196,0.3,0.3,3,0.2544840715384881,0.43128547579298837
197,0.3,1,100,0.34971713750858835,0.4302905684228354
197,0.3,0.7,100,0.3586310517529216,0.4302905684228354
197,0.3,0.5,100,0.4041068447412355,0.4302905684228354
197,0.3,0.3,100,0.36756816917084034,0.4302905684228354
197,0.3,1,7,0.3924765051573579,0.4302905684228354
197,0.3,0.7,7,0.3816014808402686,0.4302905684228354
197,0.3,0.5,7,0.4205018746471951,0.4302905684228354
197,0.3,0.3,7,0.363121084941902,0.4302905684228354
197,0.3,1,5,0.36872349069732546,0.4302905684228354
197,0.3,0.7,5,0.3819504970101093,0.4302905684228354
197,0.3,0.5,5,0.38439970110554766,0.4302905684228354
197,0.3,0.3,5,0.34555948611304743,0.4302905684228354
197,0.3,1,3,0.3348105644152644,0.4302905684228354
197,0.3,0.7,3,0.37411619346486424,0.4302905684228354
197,0.3,0.5,3,0.34533601740079783,0.4302905684228354
197,0.3,0.3,3,0.2923194493103268,0.4302905684228354
198,0.3,1,100,0.3549740670882102,0.4357929883138565
198,0.3,0.7,100,0.3648034635614109,0.4357929883138565
198,0.3,0.5,100,0.39105175292153593,0.4357929883138565
198,0.3,0.3,100,0.3471675013912076,0.4357929883138565
198,0.3,1,7,0.40038809434317,0.4357929883138565
198,0.3,0.7,7,0.3784495546089618,0.4357929883138565
198,0.3,0.5,7,0.37198030759198236,0.4357929883138565
198,0.3,0.3,7,0.4122578318718083,0.4357929883138565
198,0.3,1,5,0.40399509185064625,0.4357929883138565
198,0.3,0.7,5,0.39341978869368793,0.4357929883138565
198,0.3,0.5,5,0.37059962181859846,0.4357929883138565
198,0.3,0.3,5,0.3545151861461122,0.4357929883138565
198,0.3,1,3,0.3286806347576232,0.4357929883138565
198,0.3,0.7,3,0.3710605535855409,0.4357929883138565
198,0.3,0.5,3,0.3620161838506458,0.4357929883138565
198,0.3,0.3,3,0.25572109830374035,0.4357929883138565
199,0.3,1,100,0.2850464821126554,0.3616917084028938
199,0.3,0.7,100,0.340879243183083,0.3616917084028938
199,0.3,0.5,100,0.3214691151919867,0.3616917084028938
199,0.3,0.3,100,0.3651975514746801,0.3616917084028938
199,0.3,1,7,0.3222154716743342,0.3616917084028938
199,0.3,0.7,7,0.370489104764495,0.3616917084028938
199,0.3,0.5,7,0.34365928855832917,0.3616917084028938
199,0.3,0.3,7,0.3352916790840693,0.3616917084028938
199,0.3,1,5,0.34422198773856144,0.3616917084028938
199,0.3,0.7,5,0.35996570725354327,0.3616917084028938
199,0.3,0.5,5,0.3357638108066208,0.3616917084028938
199,0.3,0.3,5,0.3914116415740967,0.3616917084028938
199,0.3,1,3,0.41189316995574066,0.3616917084028938
199,0.3,0.7,3,0.37250301737557084,0.3616917084028938
199,0.3,0.5,3,0.3877866181520971,0.3616917084028938
199,0.3,0.3,3,0.2807407559533475,0.3616917084028938
200,0.3,1,100,0.32629165493236667,0.41492487479131895
200,0.3,0.7,100,0.32668892598775745,0.41492487479131895
200,0.3,0.5,100,0.3130105731775181,0.41492487479131895
200,0.3,0.3,100,0.34849193099610465,0.41492487479131895
200,0.3,1,7,0.3548472238636367,0.41492487479131895
200,0.3,0.7,7,0.35048342965928947,0.41492487479131895
200,0.3,0.5,7,0.3269944410729091,0.41492487479131895
200,0.3,0.3,7,0.35402544815593995,0.41492487479131895
200,0.3,1,5,0.3760343000974822,0.41492487479131895
200,0.3,0.7,5,0.3444056499836471,0.41492487479131895
200,0.3,0.5,5,0.3508294911390467,0.41492487479131895
200,0.3,0.3,5,0.3736720383312198,0.41492487479131895
200,0.3,1,3,0.3331035754710077,0.41492487479131895
200,0.3,0.7,3,0.32328591956626895,0.41492487479131895
200,0.3,0.5,3,0.29780203456546805,0.41492487479131895
200,0.3,0.3,3,0.23603141149123782,0.41492487479131895
201,0.3,1,100,0.4012243837987699,0.4587534780189205
201,0.3,0.7,100,0.42089037284362835,0.4587534780189205
201,0.3,0.5,100,0.39106288258208133,0.4587534780189205
201,0.3,0.3,100,0.4218697829716194,0.4587534780189205
201,0.3,1,7,0.45939190705487076,0.4587534780189205
201,0.3,0.7,7,0.424299521398987,0.4587534780189205
201,0.3,0.5,7,0.3881742064199276,0.4587534780189205
201,0.3,0.3,7,0.44500287722542586,0.4587534780189205
201,0.3,1,5,0.42022605014080494,0.4587534780189205
201,0.3,0.7,5,0.448087135217265,0.4587534780189205
201,0.3,0.5,5,0.43119555839291274,0.4587534780189205
201,0.3,0.3,5,0.417041033432464,0.4587534780189205
201,0.3,1,3,0.3949767988220723,0.4587534780189205
201,0.3,0.7,3,0.43148720638499966,0.4587534780189205
201,0.3,0.5,3,0.4410382048859004,0.4587534780189205
201,0.3,0.3,3,0.3383788004823689,0.4587534780189205
202,0.3,1,100,0.4252216606752566,0.4534557595993323
202,0.3,0.7,100,0.4006121313299945,0.4534557595993323
202,0.3,0.5,100,0.4209015025041737,0.4534557595993323
202,0.3,0.3,100,0.46656649972175857,0.4534557595993323
202,0.3,1,7,0.43139705906595355,0.4534557595993323
202,0.3,0.7,7,0.4156646225170991,0.4534557595993323
202,0.3,0.5,7,0.4295442429742415,0.4534557595993323
202,0.3,0.3,7,0.43434111578117923,0.4534557595993323
202,0.3,1,5,0.4591133169372649,0.4534557595993323
202,0.3,0.7,5,0.46514382312975205,0.4534557595993323
202,0.3,0.5,5,0.4534198421260772,0.4534557595993323
202,0.3,0.3,5,0.4629942169977728,0.4534557595993323
202,0.3,1,3,0.45143468478656446,0.4534557595993323
202,0.3,0.7,3,0.4243170639817461,0.4534557595993323
202,0.3,0.5,3,0.4132253333009963,0.4534557595993323
202,0.3,0.3,3,0.3453607923712047,0.4534557595993323
203,0.3,1,100,0.3824010100187665,0.396249304396216
203,0.3,0.7,100,0.4157113286848102,0.396249304396216
203,0.3,0.5,100,0.37167501391207575,0.396249304396216
203,0.3,0.3,100,0.37541457985531446,0.396249304396216
203,0.3,1,7,0.34837939450468863,0.396249304396216
203,0.3,0.7,7,0.3856159132290611,0.396249304396216
203,0.3,0.5,7,0.3777455964776819,0.396249304396216
203,0.3,0.3,7,0.3846536564794419,0.396249304396216
203,0.3,1,5,0.3898000968777863,0.396249304396216
203,0.3,0.7,5,0.4103010076169173,0.396249304396216
203,0.3,0.5,5,0.38965754338661307,0.396249304396216
203,0.3,0.3,5,0.3947701390989718,0.396249304396216
203,0.3,1,3,0.4196115931318457,0.396249304396216
203,0.3,0.7,3,0.38008945124732,0.396249304396216
203,0.3,0.5,3,0.3808491839671786,0.396249304396216
203,0.3,0.3,3,0.32763546922153897,0.396249304396216
204,0.3,1,100,0.3990670971997104,0.35096271563717313
204,0.3,0.7,100,0.3749092234550502,0.35096271563717313
204,0.3,0.5,100,0.351274346132443,0.35096271563717313
204,0.3,0.3,100,0.44959376739009466,0.35096271563717313
204,0.3,1,7,0.35100856792088486,0.35096271563717313
204,0.3,0.7,7,0.43106004752348176,0.35096271563717313
204,0.3,0.5,7,0.3589301903173128,0.35096271563717313
204,0.3,0.3,7,0.39096766584434917,0.35096271563717313
204,0.3,1,5,0.37965242316705017,0.35096271563717313
204,0.3,0.7,5,0.4272100839812611,0.35096271563717313
204,0.3,0.5,5,0.39264279628474885,0.35096271563717313
204,0.3,0.3,5,0.3614787625979234,0.35096271563717313
204,0.3,1,3,0.3762439676730967,0.35096271563717313
204,0.3,0.7,3,0.4006681713353212,0.35096271563717313
204,0.3,0.5,3,0.3891190005582851,0.35096271563717313
204,0.3,0.3,3,0.3264497800835006,0.35096271563717313
205,0.3,1,100,0.37383822718497045,0.42127551829745236
205,0.3,0.7,100,0.38589872008903736,0.42127551829745236
205,0.3,0.5,100,0.37388981636060103,0.42127551829745236
205,0.3,0.3,100,0.35685030606566503,0.42127551829745236
205,0.3,1,7,0.32736952720821755,0.42127551829745236
205,0.3,0.7,7,0.38180606213415175,0.42127551829745236
205,0.3,0.5,7,0.4236932725449463,0.42127551829745236
205,0.3,0.3,7,0.3731299096057277,0.42127551829745236
205,0.3,1,5,0.3761599104483106,0.42127551829745236
205,0.3,0.7,5,0.4019144469164725,0.42127551829745236
205,0.3,0.5,5,0.4030288583296328,0.42127551829745236
205,0.3,0.3,5,0.32927174460584396,0.42127551829745236
205,0.3,1,3,0.40942634432555364,0.42127551829745236
205,0.3,0.7,3,0.352612424536835,0.42127551829745236
205,0.3,0.5,3,0.3491719081684978,0.42127551829745236
205,0.3,0.3,3,0.277202248138732,0.42127551829745236
206,0.3,1,100,0.35985262275681945,0.4115859766277129
206,0.3,0.7,100,0.3568391764051197,0.4115859766277129
206,0.3,0.5,100,0.3612353923205343,0.4115859766277129
206,0.3,0.3,100,0.3520979410127992,0.4115859766277129
206,0.3,1,7,0.36172268658845846,0.4115859766277129
206,0.3,0.7,7,0.34019681894570614,0.4115859766277129
206,0.3,0.5,7,0.36780124369185063,0.4115859766277129
206,0.3,0.3,7,0.38315292973482584,0.4115859766277129
206,0.3,1,5,0.34120107519336124,0.4115859766277129
206,0.3,0.7,5,0.3610759334308912,0.4115859766277129
206,0.3,0.5,5,0.3582080322018185,0.4115859766277129
206,0.3,0.3,5,0.3698858994869409,0.4115859766277129
206,0.3,1,3,0.3156652638788339,0.4115859766277129
206,0.3,0.7,3,0.40899917228796845,0.4115859766277129
206,0.3,0.5,3,0.36065878856079103,0.4115859766277129
206,0.3,0.3,3,0.24604163425929418,0.4115859766277129
207,0.3,1,100,0.3492266707151817,0.4077239844184753
207,0.3,0.7,100,0.38869226488592107,0.4077239844184753
207,0.3,0.5,100,0.33325542570951594,0.4077239844184753
207,0.3,0.3,100,0.4062437395659433,0.4077239844184753
207,0.3,1,7,0.32603644583642494,0.4077239844184753
207,0.3,0.7,7,0.3701622259100659,0.4077239844184753
207,0.3,0.5,7,0.3388747568706301,0.4077239844184753
207,0.3,0.3,7,0.3825237486076385,0.4077239844184753
207,0.3,1,5,0.36094289830836523,0.4077239844184753
207,0.3,0.7,5,0.3727247417092808,0.4077239844184753
207,0.3,0.5,5,0.382705140718724,0.4077239844184753
207,0.3,0.3,5,0.3296030983587086,0.4077239844184753
207,0.3,1,3,0.3376811998927375,0.4077239844184753
207,0.3,0.7,3,0.3377321145100397,0.4077239844184753
207,0.3,0.5,3,0.3475273347636409,0.4077239844184753
207,0.3,0.3,3,0.29680346273480673,0.4077239844184753
208,0.3,1,100,0.36746305422528447,0.39931663694266134
208,0.3,0.7,100,0.3727051648571392,0.39931663694266134
208,0.3,0.5,100,0.36673344462993884,0.39931663694266134
208,0.3,0.3,100,0.3836393989983306,0.39931663694266134
208,0.3,1,7,0.409405947551038,0.39931663694266134
208,0.3,0.7,7,0.39911430811712856,0.39931663694266134
208,0.3,0.5,7,0.430724345847856,0.39931663694266134
208,0.3,0.3,7,0.4414682544629752,0.39931663694266134
208,0.3,1,5,0.38456988818881277,0.39931663694266134
208,0.3,0.7,5,0.38274005996906263,0.39931663694266134
208,0.3,0.5,5,0.38172167794097395,0.39931663694266134
208,0.3,0.3,5,0.37723575726644687,0.39931663694266134
208,0.3,1,3,0.3626772565262065,0.39931663694266134
208,0.3,0.7,3,0.4175052842398491,0.39931663694266134
208,0.3,0.5,3,0.38697480700091824,0.39931663694266134
208,0.3,0.3,3,0.3187201414012594,0.39931663694266134
209,0.3,1,100,0.37060823949979105,0.4445699626337817
209,0.3,0.7,100,0.4109137754990183,0.4445699626337817
209,0.3,0.5,100,0.4100389538119088,0.4445699626337817
209,0.3,0.3,100,0.3655203116304953,0.4445699626337817
209,0.3,1,7,0.3959835438880277,0.4445699626337817
209,0.3,0.7,7,0.4313190507904635,0.4445699626337817
209,0.3,0.5,7,0.4287113524724936,0.4445699626337817
209,0.3,0.3,7,0.40615898635487974,0.4445699626337817
209,0.3,1,5,0.39810128445888704,0.4445699626337817
209,0.3,0.7,5,0.3686478615936499,0.4445699626337817
209,0.3,0.5,5,0.4103568335778512,0.4445699626337817
209,0.3,0.3,5,0.3732617191026226,0.4445699626337817
209,0.3,1,3,0.39171297503947516,0.4445699626337817
209,0.3,0.7,3,0.399571066512897,0.4445699626337817
209,0.3,0.5,3,0.39300668706314795,0.4445699626337817
209,0.3,0.3,3,0.28414462076966396,0.4445699626337817
210,0.3,1,100,0.3640168309883554,0.408109093237788
210,0.3,0.7,100,0.4023817473567057,0.408109093237788
210,0.3,0.5,100,0.3984418475236506,0.408109093237788
210,0.3,0.3,100,0.40365052865887596,0.408109093237788
210,0.3,1,7,0.4102512399010229,0.408109093237788
210,0.3,0.7,7,0.3939208898218516,0.408109093237788
210,0.3,0.5,7,0.43836505123980696,0.408109093237788
210,0.3,0.3,7,0.388220821410758,0.408109093237788
210,0.3,1,5,0.37355664458854043,0.408109093237788
210,0.3,0.7,5,0.40800595372314996,0.408109093237788
210,0.3,0.5,5,0.43113482540769943,0.408109093237788
210,0.3,0.3,5,0.3925597584634428,0.408109093237788
210,0.3,1,3,0.3730856354755069,0.408109093237788
210,0.3,0.7,3,0.3943992908207605,0.408109093237788
210,0.3,0.5,3,0.40494071336088217,0.408109093237788
210,0.3,0.3,3,0.35073547238673886,0.408109093237788
211,0.3,1,100,0.4170020027826435,0.4245742904841403
211,0.3,0.7,100,0.37732888146911525,0.4245742904841403
211,0.3,0.5,100,0.40477462437395667,0.4245742904841403
211,0.3,0.3,100,0.35119643850862553,0.4245742904841403
211,0.3,1,7,0.41514258069899374,0.4245742904841403
211,0.3,0.7,7,0.4277511645105063,0.4245742904841403
211,0.3,0.5,7,0.4052288504509993,0.4245742904841403
211,0.3,0.3,7,0.427031054894844,0.4245742904841403
211,0.3,1,5,0.41346753315127066,0.4245742904841403
211,0.3,0.7,5,0.4000498511623791,0.4245742904841403
211,0.3,0.5,5,0.44396057989386406,0.4245742904841403
211,0.3,0.3,5,0.43351201384725996,0.4245742904841403
211,0.3,1,3,0.41805812759059113,0.4245742904841403
211,0.3,0.7,3,0.3999030288307036,0.4245742904841403
211,0.3,0.5,3,0.3958033255767092,0.4245742904841403
211,0.3,0.3,3,0.2844359090699515,0.4245742904841403
212,0.3,1,100,0.3270859281192894,0.43224262659988877
212,0.3,0.7,100,0.3176182526432944,0.43224262659988877
212,0.3,0.5,100,0.3427824151363384,0.43224262659988877
212,0.3,0.3,100,0.33213132999443523,0.43224262659988877
212,0.3,1,7,0.33328952790670685,0.43224262659988877
212,0.3,0.7,7,0.3537839917305131,0.43224262659988877
212,0.3,0.5,7,0.35492927270183305,0.43224262659988877
212,0.3,0.3,7,0.3051390300620426,0.43224262659988877
212,0.3,1,5,0.33833552325584204,0.43224262659988877
212,0.3,0.7,5,0.32618196579460595,0.43224262659988877
212,0.3,0.5,5,0.3252526017064213,0.43224262659988877
212,0.3,0.3,5,0.34530625561977824,0.43224262659988877
212,0.3,1,3,0.3437341182499169,0.43224262659988877
212,0.3,0.7,3,0.3143115321883923,0.43224262659988877
212,0.3,0.5,3,0.3668718160981037,0.43224262659988877
212,0.3,0.3,3,0.24242749397086952,0.43224262659988877
213,0.3,1,100,0.3735516412170871,0.4265553700612132
213,0.3,0.7,100,0.37945464663327777,0.4265553700612132
213,0.3,0.5,100,0.36056761268781307,0.4265553700612132
213,0.3,0.3,100,0.3339899833055092,0.4265553700612132
213,0.3,1,7,0.36812192772367874,0.4265553700612132
213,0.3,0.7,7,0.3600458154977991,0.4265553700612132
213,0.3,0.5,7,0.40498742750746997,0.4265553700612132
213,0.3,0.3,7,0.4275208551574595,0.4265553700612132
213,0.3,1,5,0.35325613428102925,0.4265553700612132
213,0.3,0.7,5,0.3658092546646432,0.4265553700612132
213,0.3,0.5,5,0.3898012655110687,0.4265553700612132
213,0.3,0.3,5,0.364866340411722,0.4265553700612132
213,0.3,1,3,0.3266508852118747,0.4265553700612132
213,0.3,0.7,3,0.3903503670059746,0.4265553700612132
213,0.3,0.5,3,0.3370637529703043,0.4265553700612132
213,0.3,0.3,3,0.26748394485070653,0.4265553700612132
214,0.3,1,100,0.39329691925248583,0.4123094045631609
214,0.3,0.7,100,0.36237719081161646,0.4123094045631609
214,0.3,0.5,100,0.4291485809682805,0.4123094045631609
214,0.3,0.3,100,0.383873121869783,0.4123094045631609
214,0.3,1,7,0.444754715915362,0.4123094045631609
214,0.3,0.7,7,0.3864150100823076,0.4123094045631609
214,0.3,0.5,7,0.41472290244963206,0.4123094045631609
214,0.3,0.3,7,0.39730702302920967,0.4123094045631609
214,0.3,1,5,0.4101883494773689,0.4123094045631609
214,0.3,0.7,5,0.3796687733616157,0.4123094045631609
214,0.3,0.5,5,0.3695037375953792,0.4123094045631609
214,0.3,0.3,5,0.3985401745001742,0.4123094045631609
214,0.3,1,3,0.40344106932629437,0.4123094045631609
214,0.3,0.7,3,0.3840446014579248,0.4123094045631609
214,0.3,0.5,3,0.36675731558284336,0.4123094045631609
214,0.3,0.3,3,0.34830063976572834,0.4123094045631609
215,0.3,1,100,0.33385006331558986,0.44470784641068456
215,0.3,0.7,100,0.3703118349819799,0.44470784641068456
215,0.3,0.5,100,0.38158041179744023,0.44470784641068456
215,0.3,0.3,100,0.37391207568169177,0.44470784641068456
215,0.3,1,7,0.35904995164134945,0.44470784641068456
215,0.3,0.7,7,0.3797954913977286,0.44470784641068456
215,0.3,0.5,7,0.3627442842423461,0.44470784641068456
215,0.3,0.3,7,0.36399332866438705,0.44470784641068456
215,0.3,1,5,0.3886183889815822,0.44470784641068456
215,0.3,0.7,5,0.38389104718572,0.44470784641068456
215,0.3,0.5,5,0.3913850364990602,0.44470784641068456
215,0.3,0.3,5,0.4021841347542427,0.44470784641068456
215,0.3,1,3,0.36716950356461364,0.44470784641068456
215,0.3,0.7,3,0.38683472347671816,0.44470784641068456
215,0.3,0.5,3,0.3431737430282027,0.44470784641068456
215,0.3,0.3,3,0.2828367450185314,0.44470784641068456
216,0.3,1,100,0.39972391182329464,0.39508069003895385
216,0.3,0.7,100,0.34600006127995536,0.39508069003895385
216,0.3,0.5,100,0.3926432943795215,0.39508069003895385
216,0.3,0.3,100,0.3820478575403451,0.39508069003895385
216,0.3,1,7,0.3716352822640462,0.39508069003895385
216,0.3,0.7,7,0.365954117784012,0.39508069003895385
216,0.3,0.5,7,0.3561835233647847,0.39508069003895385
216,0.3,0.3,7,0.3766010290106082,0.39508069003895385
216,0.3,1,5,0.40187940480748235,0.39508069003895385
216,0.3,0.7,5,0.4031924598040942,0.39508069003895385
216,0.3,0.5,5,0.37962775971338775,0.39508069003895385
216,0.3,0.3,5,0.34384239920406656,0.39508069003895385
216,0.3,1,3,0.3899034254715718,0.39508069003895385
216,0.3,0.7,3,0.34827464902249744,0.39508069003895385
216,0.3,0.5,3,0.36622061745411244,0.39508069003895385
216,0.3,0.3,3,0.2890265322615787,0.39508069003895385
217,0.3,1,100,0.4410913532569979,0.39381190873678357
217,0.3,0.7,100,0.4236950473010574,0.39381190873678357
217,0.3,0.5,100,0.4348469671675015,0.39381190873678357
217,0.3,0.3,100,0.4453088480801336,0.39381190873678357
217,0.3,1,7,0.42180635640947506,0.39381190873678357
217,0.3,0.7,7,0.4572151212728851,0.39381190873678357
217,0.3,0.5,7,0.42947484915576994,0.39381190873678357
217,0.3,0.3,7,0.39607814741616443,0.39381190873678357
217,0.3,1,5,0.4213078868162099,0.39381190873678357
217,0.3,0.7,5,0.44060783839083584,0.39381190873678357
217,0.3,0.5,5,0.4475430466680821,0.39381190873678357
217,0.3,0.3,5,0.4257484850389435,0.39381190873678357
217,0.3,1,3,0.42744363974120714,0.39381190873678357
217,0.3,0.7,3,0.4113798553841831,0.39381190873678357
217,0.3,0.5,3,0.41432707720917994,0.39381190873678357
217,0.3,0.3,3,0.36288536123382303,0.39381190873678357
218,0.3,1,100,0.3591239101875017,0.4539120756816918
218,0.3,0.7,100,0.35164162493043966,0.4539120756816918
218,0.3,0.5,100,0.3798887033945465,0.4539120756816918
218,0.3,0.3,100,0.40116861435726214,0.4539120756816918
218,0.3,1,7,0.42880574158933876,0.4539120756816918
218,0.3,0.7,7,0.39211761156458347,0.4539120756816918
218,0.3,0.5,7,0.36114673068243447,0.4539120756816918
218,0.3,0.3,7,0.3893332949328103,0.4539120756816918
218,0.3,1,5,0.3939453021216941,0.4539120756816918
218,0.3,0.7,5,0.4308993409464431,0.4539120756816918
218,0.3,0.5,5,0.39584466528661233,0.4539120756816918
218,0.3,0.3,5,0.3675297700105334,0.4539120756816918
218,0.3,1,3,0.4066186038141958,0.4539120756816918
218,0.3,0.7,3,0.38528814693034846,0.4539120756816918
218,0.3,0.5,3,0.4091758070708999,0.4539120756816918
218,0.3,0.3,3,0.31166414494136807,0.4539120756816918
219,0.3,1,100,0.4216616393014893,0.45541457985531447
219,0.3,0.7,100,0.4583707801096767,0.45541457985531447
219,0.3,0.5,100,0.4442404006677797,0.45541457985531447
219,0.3,0.3,100,0.4554813578185866,0.45541457985531447
219,0.3,1,7,0.43458235770364506,0.45541457985531447
219,0.3,0.7,7,0.45503039167054476,0.45541457985531447
219,0.3,0.5,7,0.48809149924514084,0.45541457985531447
219,0.3,0.3,7,0.47220149468513284,0.45541457985531447
219,0.3,1,5,0.46500855370641364,0.45541457985531447
219,0.3,0.7,5,0.4582258015197286,0.45541457985531447
219,0.3,0.5,5,0.4521763734951887,0.45541457985531447
219,0.3,0.3,5,0.4555928895368647,0.45541457985531447
219,0.3,1,3,0.4306962641222622,0.45541457985531447
219,0.3,0.7,3,0.4306742030712302,0.45541457985531447
219,0.3,0.5,3,0.42220102051445574,0.45541457985531447
219,0.3,0.3,3,0.39543275554270296,0.45541457985531447
220,0.3,1,100,0.4036642636244779,0.4634056761268782
220,0.3,0.7,100,0.4531344780406861,0.4634056761268782
220,0.3,0.5,100,0.42145798553144137,0.4634056761268782
220,0.3,0.3,100,0.42001112966054543,0.4634056761268782
220,0.3,1,7,0.41071140077093904,0.4634056761268782
220,0.3,0.7,7,0.44439295244797483,0.4634056761268782
220,0.3,0.5,7,0.41264122096955425,0.4634056761268782
220,0.3,0.3,7,0.4091120768884989,0.4634056761268782
220,0.3,1,5,0.4446301675803347,0.4634056761268782
220,0.3,0.7,5,0.4529749360517247,0.4634056761268782
220,0.3,0.5,5,0.4303411273139033,0.4634056761268782
220,0.3,0.3,5,0.39654759321247535,0.4634056761268782
220,0.3,1,3,0.4461076267812465,0.4634056761268782
220,0.3,0.7,3,0.3993305085235502,0.4634056761268782
220,0.3,0.5,3,0.4322285576671613,0.4634056761268782
220,0.3,0.3,3,0.3171437269338409,0.4634056761268782
221,0.3,1,100,0.3335067834156686,0.4054602266577372
221,0.3,0.7,100,0.3571174179187535,0.4054602266577372
221,0.3,0.5,100,0.36550918196994997,0.4054602266577372
221,0.3,0.3,100,0.371997774067891,0.4054602266577372
221,0.3,1,7,0.3335862850649311,0.4054602266577372
221,0.3,0.7,7,0.3757521913444834,0.4054602266577372
221,0.3,0.5,7,0.33964925369107696,0.4054602266577372
221,0.3,0.3,7,0.34984975910442256,0.4054602266577372
221,0.3,1,5,0.35828921934172797,0.4054602266577372
221,0.3,0.7,5,0.3473360044495349,0.4054602266577372
221,0.3,0.5,5,0.3509720433323735,0.4054602266577372
221,0.3,0.3,5,0.3222644250770758,0.4054602266577372
221,0.3,1,3,0.33903459276589265,0.4054602266577372
221,0.3,0.7,3,0.41307048090982385,0.4054602266577372
221,0.3,0.5,3,0.30873418115335727,0.4054602266577372
221,0.3,0.3,3,0.2614409075037574,0.4054602266577372
222,0.3,1,100,0.3681038289433442,0.42996104618809133
222,0.3,0.7,100,0.4327323316638843,0.42996104618809133
222,0.3,0.5,100,0.409760712298275,0.42996104618809133
222,0.3,0.3,100,0.39827490261547027,0.42996104618809133
222,0.3,1,7,0.3953177422901104,0.42996104618809133
222,0.3,0.7,7,0.4079044260812732,0.42996104618809133
222,0.3,0.5,7,0.4361257488342392,0.42996104618809133
222,0.3,0.3,7,0.40234958465429715,0.42996104618809133
222,0.3,1,5,0.4041683739844136,0.42996104618809133
222,0.3,0.7,5,0.4358550896980689,0.42996104618809133
222,0.3,0.5,5,0.3755542975924061,0.42996104618809133
222,0.3,0.3,5,0.3722375754478536,0.42996104618809133
222,0.3,1,3,0.38583539146519963,0.42996104618809133
222,0.3,0.7,3,0.4123884960152116,0.42996104618809133
222,0.3,0.5,3,0.4172031675278313,0.42996104618809133
222,0.3,0.3,3,0.31598177046125825,0.42996104618809133
223,0.3,1,100,0.342836314250933,0.43928770172509746
223,0.3,0.7,100,0.31720177296108587,0.43928770172509746
223,0.3,0.5,100,0.374045631608236,0.43928770172509746
223,0.3,0.3,100,0.3195770728992766,0.43928770172509746
223,0.3,1,7,0.36384727246104537,0.43928770172509746
223,0.3,0.7,7,0.32796170332351965,0.43928770172509746
223,0.3,0.5,7,0.39137069670738284,0.43928770172509746
223,0.3,0.3,7,0.306352938243422,0.43928770172509746
223,0.3,1,5,0.31422480784424917,0.43928770172509746
223,0.3,0.7,5,0.337875888100619,0.43928770172509746
223,0.3,0.5,5,0.41322560844571893,0.43928770172509746
223,0.3,0.3,5,0.3347744242773156,0.43928770172509746
223,0.3,1,3,0.3285008997276425,0.43928770172509746
223,0.3,0.7,3,0.34899507307135647,0.43928770172509746
223,0.3,0.5,3,0.3360013382778102,0.43928770172509746
223,0.3,0.3,3,0.20607920369518562,0.43928770172509746
224,0.3,1,100,0.3823892802363764,0.39357818586533116
224,0.3,0.7,100,0.38776401715235564,0.39357818586533116
224,0.3,0.5,100,0.37851975514746805,0.39357818586533116
224,0.3,0.3,100,0.3902504173622705,0.39357818586533116
224,0.3,1,7,0.3784056725588648,0.39357818586533116
224,0.3,0.7,7,0.36479245541745964,0.39357818586533116
224,0.3,0.5,7,0.42489152676339303,0.39357818586533116
224,0.3,0.3,7,0.38150828137788495,0.39357818586533116
224,0.3,1,5,0.40687619530838776,0.39357818586533116
224,0.3,0.7,5,0.3806569063325649,0.39357818586533116
224,0.3,0.5,5,0.3755184181546883,0.39357818586533116
224,0.3,0.3,5,0.3726688220784474,0.39357818586533116
224,0.3,1,3,0.3733504138080988,0.39357818586533116
224,0.3,0.7,3,0.35155057868709716,0.39357818586533116
224,0.3,0.5,3,0.35348363029235463,0.39357818586533116
224,0.3,0.3,3,0.32361751153458684,0.39357818586533116
225,0.3,1,100,0.39639329502882215,0.4519155590322419
225,0.3,0.7,100,0.415701856179114,0.4519155590322419
225,0.3,0.5,100,0.4020367278797997,0.4519155590322419
225,0.3,0.3,100,0.43380077907623826,0.4519155590322419
225,0.3,1,7,0.41036948781219734,0.4519155590322419
225,0.3,0.7,7,0.4444087253606948,0.4519155590322419
225,0.3,0.5,7,0.38032597810544416,0.4519155590322419
225,0.3,0.3,7,0.4247591891958416,0.4519155590322419
225,0.3,1,5,0.4095927783273679,0.4519155590322419
225,0.3,0.7,5,0.41517510283405357,0.4519155590322419
225,0.3,0.5,5,0.42453633272654423,0.4519155590322419
225,0.3,0.3,5,0.42360853285974304,0.4519155590322419
225,0.3,1,3,0.42290391160253626,0.4519155590322419
225,0.3,0.7,3,0.37000547638334363,0.4519155590322419
225,0.3,0.5,3,0.4153057499820014,0.4519155590322419
225,0.3,0.3,3,0.3100463195448289,0.4519155590322419
226,0.3,1,100,0.45075316822136535,0.49920979410127997
226,0.3,0.7,100,0.4615341808801378,0.49920979410127997
226,0.3,0.5,100,0.46349471341124104,0.49920979410127997
226,0.3,0.3,100,0.46011129660545363,0.49920979410127997
226,0.3,1,7,0.44085144852729563,0.49920979410127997
226,0.3,0.7,7,0.47735152887098087,0.49920979410127997
226,0.3,0.5,7,0.44593991663824745,0.49920979410127997
226,0.3,0.3,7,0.4929571760800297,0.49920979410127997
226,0.3,1,5,0.45518063451531965,0.49920979410127997
226,0.3,0.7,5,0.47430459386262436,0.49920979410127997
226,0.3,0.5,5,0.46548980496425596,0.49920979410127997
226,0.3,0.3,5,0.4816898932906561,0.49920979410127997
226,0.3,1,3,0.4290337963972812,0.49920979410127997
226,0.3,0.7,3,0.4863322598967506,0.49920979410127997
226,0.3,0.5,3,0.4357070713168862,0.49920979410127997
226,0.3,0.3,3,0.3503459618110204,0.49920979410127997
227,0.3,1,100,0.39183451030487576,0.4257985531441292
227,0.3,0.7,100,0.40261326612364917,0.4257985531441292
227,0.3,0.5,100,0.4214245965498053,0.4257985531441292
227,0.3,0.3,100,0.39367835281023933,0.4257985531441292
227,0.3,1,7,0.40583133480793004,0.4257985531441292
227,0.3,0.7,7,0.39381550192159337,0.4257985531441292
227,0.3,0.5,7,0.42230227078037585,0.4257985531441292
227,0.3,0.3,7,0.3618871973236048,0.4257985531441292
227,0.3,1,5,0.3673936275394931,0.4257985531441292
227,0.3,0.7,5,0.3949132195986388,0.4257985531441292
227,0.3,0.5,5,0.3968966365624879,0.4257985531441292
227,0.3,0.3,5,0.3980791700543168,0.4257985531441292
227,0.3,1,3,0.36861036312576945,0.4257985531441292
227,0.3,0.7,3,0.3610041558746955,0.4257985531441292
227,0.3,0.5,3,0.3868622739397419,0.4257985531441292
227,0.3,0.3,3,0.3355244709928889,0.4257985531441292
228,0.3,1,100,0.36608916978460254,0.39687923450135404
228,0.3,0.7,100,0.4383509044468613,0.39687923450135404
228,0.3,0.5,100,0.4245742904841403,0.39687923450135404
228,0.3,0.3,100,0.3853422370617697,0.39687923450135404
228,0.3,1,7,0.41569762587783465,0.39687923450135404
228,0.3,0.7,7,0.4069485052186923,0.39687923450135404
228,0.3,0.5,7,0.41375895447930233,0.39687923450135404
228,0.3,0.3,7,0.41965174681769124,0.39687923450135404
228,0.3,1,5,0.3903884784647171,0.39687923450135404
228,0.3,0.7,5,0.4050049095821877,0.39687923450135404
228,0.3,0.5,5,0.4016780666338252,0.39687923450135404
228,0.3,0.3,5,0.4082295031628106,0.39687923450135404
228,0.3,1,3,0.40009991582011306,0.39687923450135404
228,0.3,0.7,3,0.38721809110531563,0.39687923450135404
228,0.3,0.5,3,0.38250163827483963,0.39687923450135404
228,0.3,0.3,3,0.31105603805930165,0.39687923450135404
229,0.3,1,100,0.3622369767874639,0.3859877573734002
229,0.3,0.7,100,0.3692887292410768,0.3859877573734002
229,0.3,0.5,100,0.3972175848636617,0.3859877573734002
229,0.3,0.3,100,0.32133555926544244,0.3859877573734002
229,0.3,1,7,0.36834243523801036,0.3859877573734002
229,0.3,0.7,7,0.34423777344467177,0.3859877573734002
229,0.3,0.5,7,0.3550846149027864,0.3859877573734002
229,0.3,0.3,7,0.35116148749145243,0.3859877573734002
229,0.3,1,5,0.35375385218777644,0.3859877573734002
229,0.3,0.7,5,0.34567295660745107,0.3859877573734002
229,0.3,0.5,5,0.3954663898823923,0.3859877573734002
229,0.3,0.3,5,0.32826861147587344,0.3859877573734002
229,0.3,1,3,0.3504757812952947,0.3859877573734002
229,0.3,0.7,3,0.3843609307249585,0.3859877573734002
229,0.3,0.5,3,0.3435327969685606,0.3859877573734002
229,0.3,0.3,3,0.29675978454961327,0.3859877573734002
230,0.3,1,100,0.4258167289388312,0.4327323316638843
230,0.3,0.7,100,0.42537562604340573,0.4327323316638843
230,0.3,0.5,100,0.4174067890929327,0.4327323316638843
230,0.3,0.3,100,0.4609237618252644,0.4327323316638843
230,0.3,1,7,0.44255613814897876,0.4327323316638843
230,0.3,0.7,7,0.42244403373369693,0.4327323316638843
230,0.3,0.5,7,0.42171867988330036,0.4327323316638843
230,0.3,0.3,7,0.40098037233410677,0.4327323316638843
230,0.3,1,5,0.40187970010529134,0.4327323316638843
230,0.3,0.7,5,0.43207997076333576,0.4327323316638843
230,0.3,0.5,5,0.4461868875874049,0.4327323316638843
230,0.3,0.3,5,0.3942032739111443,0.4327323316638843
230,0.3,1,3,0.4284060923307458,0.4327323316638843
230,0.3,0.7,3,0.44014390758368555,0.4327323316638843
230,0.3,0.5,3,0.4257532408073512,0.4327323316638843
230,0.3,0.3,3,0.34984673090066215,0.4327323316638843
231,0.3,1,100,0.44299173023690047,0.45879799666110194
231,0.3,0.7,100,0.40475236505286594,0.45879799666110194
231,0.3,0.5,100,0.4406121313299945,0.45879799666110194
231,0.3,0.3,100,0.4320200333889817,0.45879799666110194
231,0.3,1,7,0.4531340713195124,0.45879799666110194
231,0.3,0.7,7,0.4185264926229343,0.45879799666110194
231,0.3,0.5,7,0.44113569619188997,0.45879799666110194
231,0.3,0.3,7,0.44371873627037767,0.45879799666110194
231,0.3,1,5,0.4384153492885161,0.45879799666110194
231,0.3,0.7,5,0.41102745407319735,0.45879799666110194
231,0.3,0.5,5,0.44888406457570756,0.45879799666110194
231,0.3,0.3,5,0.44316574014234833,0.45879799666110194
231,0.3,1,3,0.4169609460444993,0.45879799666110194
231,0.3,0.7,3,0.3908279100352025,0.45879799666110194
231,0.3,0.5,3,0.43054451044601927,0.45879799666110194
231,0.3,0.3,3,0.33642626694016303,0.45879799666110194
232,0.3,1,100,0.3947084313168057,0.42787979966611023
232,0.3,0.7,100,0.39102949360044525,0.42787979966611023
232,0.3,0.5,100,0.38704507512520875,0.42787979966611023
232,0.3,0.3,100,0.4123539232053423,0.42787979966611023
232,0.3,1,7,0.35569893906746725,0.42787979966611023
232,0.3,0.7,7,0.4005516764595633,0.42787979966611023
232,0.3,0.5,7,0.42678508822662586,0.42787979966611023
232,0.3,0.3,7,0.3754492443303807,0.42787979966611023
232,0.3,1,5,0.39291950670289405,0.42787979966611023
232,0.3,0.7,5,0.3815553873032779,0.42787979966611023
232,0.3,0.5,5,0.43703620114133634,0.42787979966611023
232,0.3,0.3,5,0.37148227853790067,0.42787979966611023
232,0.3,1,3,0.38389554922923824,0.42787979966611023
232,0.3,0.7,3,0.423090809729364,0.42787979966611023
232,0.3,0.5,3,0.39797005117078527,0.42787979966611023
232,0.3,0.3,3,0.3417436445933828,0.42787979966611023
233,0.3,1,100,0.3981966034348877,0.47256538675570403
233,0.3,0.7,100,0.40368391764051204,0.47256538675570403
233,0.3,0.5,100,0.40894824707846417,0.47256538675570403
233,0.3,0.3,100,0.40249304396215924,0.47256538675570403
233,0.3,1,7,0.4024937007680149,0.47256538675570403
233,0.3,0.7,7,0.42847837691076246,0.47256538675570403
233,0.3,0.5,7,0.45074473045935626,0.47256538675570403
233,0.3,0.3,7,0.4849146709546896,0.47256538675570403
233,0.3,1,5,0.419002255722147,0.47256538675570403
233,0.3,0.7,5,0.4253087351500392,0.47256538675570403
233,0.3,0.5,5,0.3877171697366569,0.47256538675570403
233,0.3,0.3,5,0.37747821214392124,0.47256538675570403
233,0.3,1,3,0.4552738988331073,0.47256538675570403
233,0.3,0.7,3,0.42250827382181966,0.47256538675570403
233,0.3,0.5,3,0.41842513423157396,0.47256538675570403
233,0.3,0.3,3,0.28598253148811725,0.47256538675570403
234,0.3,1,100,0.3726502429935088,0.4605676126878131
234,0.3,0.7,100,0.35517628040282284,0.4605676126878131
234,0.3,0.5,100,0.34416249304396224,0.4605676126878131
234,0.3,0.3,100,0.3627824151363384,0.4605676126878131
234,0.3,1,7,0.3661818275060727,0.4605676126878131
234,0.3,0.7,7,0.3792069339366888,0.4605676126878131
234,0.3,0.5,7,0.3471560612596165,0.4605676126878131
234,0.3,0.3,7,0.3609898186475323,0.4605676126878131
234,0.3,1,5,0.34648900080411676,0.4605676126878131
234,0.3,0.7,5,0.3827915603115296,0.4605676126878131
234,0.3,0.5,5,0.4197151683416543,0.4605676126878131
234,0.3,0.3,5,0.3591917361494648,0.4605676126878131
234,0.3,1,3,0.32165812579405617,0.4605676126878131
234,0.3,0.7,3,0.36981041061633396,0.4605676126878131
234,0.3,0.5,3,0.4030692584329938,0.4605676126878131
234,0.3,0.3,3,0.27886018156850884,0.4605676126878131
235,0.3,1,100,0.407850438375198,0.3820923761825265
235,0.3,0.7,100,0.43571072818957807,0.3820923761825265
235,0.3,0.5,100,0.4259321090706734,0.3820923761825265
235,0.3,0.3,100,0.4115637173066222,0.3820923761825265
235,0.3,1,7,0.41953457831329766,0.3820923761825265
235,0.3,0.7,7,0.40800784559195824,0.3820923761825265
235,0.3,0.5,7,0.4346575689051099,0.3820923761825265
235,0.3,0.3,7,0.4399447303168023,0.3820923761825265
235,0.3,1,5,0.4090575419635054,0.3820923761825265
235,0.3,0.7,5,0.44894375620472055,0.3820923761825265
235,0.3,0.5,5,0.40831086455619897,0.3820923761825265
235,0.3,0.3,5,0.40921747442665485,0.3820923761825265
235,0.3,1,3,0.4015299892782921,0.3820923761825265
235,0.3,0.7,3,0.3983938550240909,0.3820923761825265
235,0.3,0.5,3,0.3934447218623155,0.3820923761825265
235,0.3,0.3,3,0.32019973577938043,0.3820923761825265
236,0.3,1,100,0.37497043586025874,0.42440734557596
236,0.3,0.7,100,0.3580856983861993,0.42440734557596
236,0.3,0.5,100,0.39286588759042856,0.42440734557596
236,0.3,0.3,100,0.3535670562047858,0.42440734557596
236,0.3,1,7,0.3956405932266456,0.42440734557596
236,0.3,0.7,7,0.35225401650372007,0.42440734557596
236,0.3,0.5,7,0.37890558468676067,0.42440734557596
236,0.3,0.3,7,0.37795836145653977,0.42440734557596
236,0.3,1,5,0.3945326820394901,0.42440734557596
236,0.3,0.7,5,0.43359791552912375,0.42440734557596
236,0.3,0.5,5,0.4082449737114371,0.42440734557596
236,0.3,0.3,5,0.3930260614328613,0.42440734557596
236,0.3,1,3,0.314882962206145,0.42440734557596
236,0.3,0.7,3,0.35540756588475364,0.42440734557596
236,0.3,0.5,3,0.33617890121721317,0.42440734557596
236,0.3,0.3,3,0.2866967846137311,0.42440734557596
237,0.3,1,100,0.3681345651372158,0.43482470784641075
237,0.3,0.7,100,0.39396317139332154,0.43482470784641075
237,0.3,0.5,100,0.36582081246521986,0.43482470784641075
237,0.3,0.3,100,0.3799443516972733,0.43482470784641075
237,0.3,1,7,0.35708377416190756,0.43482470784641075
237,0.3,0.7,7,0.42177291314369675,0.43482470784641075
237,0.3,0.5,7,0.4030227402348525,0.43482470784641075
237,0.3,0.3,7,0.38512875405042124,0.43482470784641075
237,0.3,1,5,0.38491909825957155,0.43482470784641075
237,0.3,0.7,5,0.36615801913853163,0.43482470784641075
237,0.3,0.5,5,0.383816726036125,0.43482470784641075
237,0.3,0.3,5,0.38470561399626324,0.43482470784641075
237,0.3,1,3,0.3863291438815079,0.43482470784641075
237,0.3,0.7,3,0.35911209869533306,0.43482470784641075
237,0.3,0.5,3,0.3755143392350688,0.43482470784641075
237,0.3,0.3,3,0.2577288784607349,0.43482470784641075
238,0.3,1,100,0.39216169542254226,0.4050751252086812
238,0.3,0.7,100,0.40671137220452314,0.4050751252086812
238,0.3,0.5,100,0.3923316638842516,0.4050751252086812
238,0.3,0.3,100,0.4002782415136339,0.4050751252086812
238,0.3,1,7,0.3706646001863499,0.4050751252086812
238,0.3,0.7,7,0.4006272924463758,0.4050751252086812
238,0.3,0.5,7,0.4424210443496558,0.4050751252086812
238,0.3,0.3,7,0.4497718011734665,0.4050751252086812
238,0.3,1,5,0.4004628022992207,0.4050751252086812
238,0.3,0.7,5,0.4099576206223145,0.4050751252086812
238,0.3,0.5,5,0.43979021876862157,0.4050751252086812
238,0.3,0.3,5,0.43972261587115785,0.4050751252086812
238,0.3,1,3,0.4021873113053701,0.4050751252086812
238,0.3,0.7,3,0.4269267020325234,0.4050751252086812
238,0.3,0.5,3,0.3908237345443073,0.4050751252086812
238,0.3,0.3,3,0.32366333199027486,0.4050751252086812
239,0.3,1,100,0.4288266698926623,0.43108514190317204
239,0.3,0.7,100,0.3891263216471898,0.43108514190317204
239,0.3,0.5,100,0.4481580411797441,0.43108514190317204
239,0.3,0.3,100,0.42661101836393994,0.43108514190317204
239,0.3,1,7,0.4266050168685727,0.43108514190317204
239,0.3,0.7,7,0.4569303180942686,0.43108514190317204
239,0.3,0.5,7,0.43948902683216484,0.43108514190317204
239,0.3,0.3,7,0.3878498615295704,0.43108514190317204
239,0.3,1,5,0.4064785349458437,0.43108514190317204
239,0.3,0.7,5,0.41513907491683555,0.43108514190317204
239,0.3,0.5,5,0.44837235755942223,0.43108514190317204
239,0.3,0.3,5,0.43036002171007287,0.43108514190317204
239,0.3,1,3,0.3589790957162739,0.43108514190317204
239,0.3,0.7,3,0.4130414347523164,0.43108514190317204
239,0.3,0.5,3,0.3799855011721549,0.43108514190317204
239,0.3,0.3,3,0.33304217852326695,0.43108514190317204
240,0.3,1,100,0.33130575667708256,0.43386755703951035
240,0.3,0.7,100,0.35768046099320705,0.43386755703951035
240,0.3,0.5,100,0.3892487479131887,0.43386755703951035
240,0.3,0.3,100,0.3746800222593212,0.43386755703951035
240,0.3,1,7,0.3693208614243616,0.43386755703951035
240,0.3,0.7,7,0.39558698626208255,0.43386755703951035
240,0.3,0.5,7,0.3914645029567757,0.43386755703951035
240,0.3,0.3,7,0.3435464634621818,0.43386755703951035
240,0.3,1,5,0.3573718472766358,0.43386755703951035
240,0.3,0.7,5,0.3383795034803444,0.43386755703951035
240,0.3,0.5,5,0.38521557347714225,0.43386755703951035
240,0.3,0.3,5,0.3333363531890515,0.43386755703951035
240,0.3,1,3,0.4321307160206001,0.43386755703951035
240,0.3,0.7,3,0.38356166800574587,0.43386755703951035
240,0.3,0.5,3,0.31614072692691064,0.43386755703951035
240,0.3,0.3,3,0.26743292925267936,0.43386755703951035
241,0.3,1,100,0.3980275910139108,0.4422593210907068
241,0.3,0.7,100,0.4200401225395295,0.4422593210907068
241,0.3,0.5,100,0.40153589315525884,0.4422593210907068
241,0.3,0.3,100,0.40090150250417367,0.4422593210907068
241,0.3,1,7,0.38011858535623844,0.4422593210907068
241,0.3,0.7,7,0.42331940826598624,0.4422593210907068
241,0.3,0.5,7,0.4084174785094163,0.4422593210907068
241,0.3,0.3,7,0.4118988300832487,0.4422593210907068
241,0.3,1,5,0.3966380243307786,0.4422593210907068
241,0.3,0.7,5,0.44268919090476655,0.4422593210907068
241,0.3,0.5,5,0.400109726210105,0.4422593210907068
241,0.3,0.3,5,0.4037828098151209,0.4422593210907068
241,0.3,1,3,0.41175835589580345,0.4422593210907068
241,0.3,0.7,3,0.4258600691740148,0.4422593210907068
241,0.3,0.5,3,0.39666915371421385,0.4422593210907068
241,0.3,0.3,3,0.37452034052770533,0.4422593210907068
242,0.3,1,100,0.4320392676186955,0.46262659988870347
242,0.3,0.7,100,0.3958152476349472,0.46262659988870347
242,0.3,0.5,100,0.3948803561491375,0.46262659988870347
242,0.3,0.3,100,0.4062548692264887,0.46262659988870347
242,0.3,1,7,0.39373729912735156,0.46262659988870347
242,0.3,0.7,7,0.42009362769155817,0.46262659988870347
242,0.3,0.5,7,0.3861594532198146,0.46262659988870347
242,0.3,0.3,7,0.3751815717656636,0.46262659988870347
242,0.3,1,5,0.4451350707671452,0.46262659988870347
242,0.3,0.7,5,0.3505031103232479,0.46262659988870347
242,0.3,0.5,5,0.45559115184938276,0.46262659988870347
242,0.3,0.3,5,0.3751764648368634,0.46262659988870347
242,0.3,1,3,0.40775019289111597,0.46262659988870347
242,0.3,0.7,3,0.39991768936418914,0.46262659988870347
242,0.3,0.5,3,0.4072961214826947,0.46262659988870347
242,0.3,0.3,3,0.33936360032024165,0.46262659988870347
243,0.3,1,100,0.42718869008950544,0.41599332220367286
243,0.3,0.7,100,0.40704074085929753,0.41599332220367286
243,0.3,0.5,100,0.4378964941569283,0.41599332220367286
243,0.3,0.3,100,0.4113967723984419,0.41599332220367286
243,0.3,1,7,0.4424182144264439,0.41599332220367286
243,0.3,0.7,7,0.444636809292161,0.41599332220367286
243,0.3,0.5,7,0.4191571845515866,0.41599332220367286
243,0.3,0.3,7,0.4637217669669593,0.41599332220367286
243,0.3,1,5,0.44960027133114844,0.41599332220367286
243,0.3,0.7,5,0.4536449736767699,0.41599332220367286
243,0.3,0.5,5,0.46495274515722657,0.41599332220367286
243,0.3,0.3,5,0.39850886442699185,0.41599332220367286
243,0.3,1,3,0.39189547024525384,0.41599332220367286
243,0.3,0.7,3,0.447101499073967,0.41599332220367286
243,0.3,0.5,3,0.4336828519221796,0.41599332220367286
243,0.3,0.3,3,0.3200972164088361,0.41599332220367286
244,0.3,1,100,0.3630772108956106,0.4024485253199778
244,0.3,0.7,100,0.43207568169170846,0.4024485253199778
244,0.3,0.5,100,0.38756816917084036,0.4024485253199778
244,0.3,0.3,100,0.3803005008347246,0.4024485253199778
244,0.3,1,7,0.38201233883420505,0.4024485253199778
244,0.3,0.7,7,0.40196759675006516,0.4024485253199778
244,0.3,0.5,7,0.38419470235864334,0.4024485253199778
244,0.3,0.3,7,0.3391385197093079,0.4024485253199778
244,0.3,1,5,0.415902261437465,0.4024485253199778
244,0.3,0.7,5,0.40947429307097677,0.4024485253199778
244,0.3,0.5,5,0.4165842058420839,0.4024485253199778
244,0.3,0.3,5,0.409116138931215,0.4024485253199778
244,0.3,1,3,0.3868926327792716,0.4024485253199778
244,0.3,0.7,3,0.4113752426930606,0.4024485253199778
244,0.3,0.5,3,0.3425565518728374,0.4024485253199778
244,0.3,0.3,3,0.31960745541269897,0.4024485253199778
245,0.3,1,100,0.43046179788021655,0.4963717306622149
245,0.3,0.7,100,0.44422927100723436,0.4963717306622149
245,0.3,0.5,100,0.4542793544796884,0.4963717306622149
245,0.3,0.3,100,0.443683917640512,0.4963717306622149
245,0.3,1,7,0.4486136742388358,0.4963717306622149
245,0.3,0.7,7,0.47460725328382686,0.4963717306622149
245,0.3,0.5,7,0.45703070777685095,0.4963717306622149
245,0.3,0.3,7,0.45890360276612124,0.4963717306622149
245,0.3,1,5,0.46330197812119783,0.4963717306622149
245,0.3,0.7,5,0.47072124742978205,0.4963717306622149
245,0.3,0.5,5,0.46679867122102836,0.4963717306622149
245,0.3,0.3,5,0.4451886556133409,0.4963717306622149
245,0.3,1,3,0.4111683434972554,0.4963717306622149
245,0.3,0.7,3,0.43618345163813604,0.4963717306622149
245,0.3,0.5,3,0.4515176729938153,0.4963717306622149
245,0.3,0.3,3,0.34946777111266425,0.4963717306622149
246,0.3,1,100,0.3639804616933251,0.4272008903728437
246,0.3,0.7,100,0.44577196931716606,0.4272008903728437
246,0.3,0.5,100,0.4209237618252644,0.4272008903728437
246,0.3,0.3,100,0.38942682248191435,0.4272008903728437
246,0.3,1,7,0.436617456892209,0.4272008903728437
246,0.3,0.7,7,0.4021905728504866,0.4272008903728437
246,0.3,0.5,7,0.40115076307474756,0.4272008903728437
246,0.3,0.3,7,0.4228002120507277,0.4272008903728437
246,0.3,1,5,0.4265989752494746,0.4272008903728437
246,0.3,0.7,5,0.4091383784229626,0.4272008903728437
246,0.3,0.5,5,0.40321599472366104,0.4272008903728437
246,0.3,0.3,5,0.44831864968377994,0.4272008903728437
246,0.3,1,3,0.41396766433316395,0.4272008903728437
246,0.3,0.7,3,0.41530203214232875,0.4272008903728437
246,0.3,0.5,3,0.4202592064800641,0.4272008903728437
246,0.3,0.3,3,0.2973709232709247,0.4272008903728437
247,0.3,1,100,0.35136511887758354,0.37681240070374217
247,0.3,0.7,100,0.33403450194769063,0.37681240070374217
247,0.3,0.5,100,0.36069003895381196,0.37681240070374217
247,0.3,0.3,100,0.3507512520868114,0.37681240070374217
247,0.3,1,7,0.38275637318241135,0.37681240070374217
247,0.3,0.7,7,0.38721789242805,0.37681240070374217
247,0.3,0.5,7,0.3846539619426553,0.37681240070374217
247,0.3,0.3,7,0.33781261790373757,0.37681240070374217
247,0.3,1,5,0.39501167465340453,0.37681240070374217
247,0.3,0.7,5,0.3666350483084846,0.37681240070374217
247,0.3,0.5,5,0.32864217055860395,0.37681240070374217
247,0.3,0.3,5,0.37867951942213823,0.37681240070374217
247,0.3,1,3,0.3982174301215017,0.37681240070374217
247,0.3,0.7,3,0.4148252450592755,0.37681240070374217
247,0.3,0.5,3,0.3346882239875785,0.37681240070374217
247,0.3,0.3,3,0.24369259191055034,0.37681240070374217
248,0.3,1,100,0.3686480537157042,0.48507512520868123
248,0.3,0.7,100,0.3728168414506403,0.48507512520868123
248,0.3,0.5,100,0.42856983861992215,0.48507512520868123
248,0.3,0.3,100,0.4111519198664441,0.48507512520868123
248,0.3,1,7,0.38248983742380016,0.48507512520868123
248,0.3,0.7,7,0.3862708632961272,0.48507512520868123
248,0.3,0.5,7,0.40153928865307964,0.48507512520868123
248,0.3,0.3,7,0.40645481916540593,0.48507512520868123
248,0.3,1,5,0.3928070166989933,0.48507512520868123
248,0.3,0.7,5,0.3935206350761279,0.48507512520868123
248,0.3,0.5,5,0.43719049443247215,0.48507512520868123
248,0.3,0.3,5,0.37057029834078203,0.48507512520868123
248,0.3,1,3,0.4293297645982454,0.48507512520868123
248,0.3,0.7,3,0.4290676098696756,0.48507512520868123
248,0.3,0.5,3,0.38324719915705885,0.48507512520868123
248,0.3,0.3,3,0.3207886867484039,0.48507512520868123
249,0.3,1,100,0.39369431762259066,0.4656649972175849
249,0.3,0.7,100,0.4318264658516044,0.4656649972175849
249,0.3,0.5,100,0.4259098497495827,0.4656649972175849
249,0.3,0.3,100,0.351085141903172,0.4656649972175849
249,0.3,1,7,0.40599595438595476,0.4656649972175849
249,0.3,0.7,7,0.4223714066996777,0.4656649972175849
249,0.3,0.5,7,0.38056220133920066,0.4656649972175849
249,0.3,0.3,7,0.44739870654826375,0.4656649972175849
249,0.3,1,5,0.4351649287324055,0.4656649972175849
249,0.3,0.7,5,0.4232783265188546,0.4656649972175849
249,0.3,0.5,5,0.43012314594979073,0.4656649972175849
249,0.3,0.3,5,0.40734552624010295,0.4656649972175849
249,0.3,1,3,0.41858805717532316,0.4656649972175849
249,0.3,0.7,3,0.39522245633502656,0.4656649972175849
249,0.3,0.5,3,0.385826365919762,0.4656649972175849
249,0.3,0.3,3,0.30271272497170915,0.4656649972175849
250,0.3,1,100,0.3365121079270113,0.4455314412910407
250,0.3,0.7,100,0.32804674457429056,0.4455314412910407
250,0.3,0.5,100,0.3235948803561492,0.4455314412910407
250,0.3,0.3,100,0.35100723427935454,0.4455314412910407
250,0.3,1,7,0.335599312379052,0.4455314412910407
250,0.3,0.7,7,0.3317352075603427,0.4455314412910407
250,0.3,0.5,7,0.3391281161505565,0.4455314412910407
250,0.3,0.3,7,0.3601354917467002,0.4455314412910407
250,0.3,1,5,0.3501005641783471,0.4455314412910407
250,0.3,0.7,5,0.3255518783916588,0.4455314412910407
250,0.3,0.5,5,0.2951524075824432,0.4455314412910407
250,0.3,0.3,5,0.32775597906910775,0.4455314412910407
250,0.3,1,3,0.3743129928457415,0.4455314412910407
250,0.3,0.7,3,0.29339497758454064,0.4455314412910407
250,0.3,0.5,3,0.3253030644546351,0.4455314412910407
250,0.3,0.3,3,0.2673210951004654,0.4455314412910407
251,0.3,1,100,0.4192468561222687,0.44052309404563167
251,0.3,0.7,100,0.382343857385613,0.44052309404563167
251,0.3,0.5,100,0.3857206455203117,0.44052309404563167
251,0.3,0.3,100,0.42708959376739014,0.44052309404563167
251,0.3,1,7,0.3946432520222277,0.44052309404563167
251,0.3,0.7,7,0.43075013184118355,0.44052309404563167
251,0.3,0.5,7,0.40617332710870196,0.44052309404563167
251,0.3,0.3,7,0.41758538099995984,0.44052309404563167
251,0.3,1,5,0.3687089142127625,0.44052309404563167
251,0.3,0.7,5,0.43880856818514385,0.44052309404563167
251,0.3,0.5,5,0.4298537477355309,0.44052309404563167
251,0.3,0.3,5,0.40820858385570996,0.44052309404563167
251,0.3,1,3,0.3805733016884575,0.44052309404563167
251,0.3,0.7,3,0.4265906984203491,0.44052309404563167
251,0.3,0.5,3,0.41200083073289084,0.44052309404563167
251,0.3,0.3,3,0.3025304266544506,0.44052309404563167
252,0.3,1,100,0.303307223900367,0.43112529528629684
252,0.3,0.7,100,0.3173400111296606,0.43112529528629684
252,0.3,0.5,100,0.282737896494157,0.43112529528629684
252,0.3,0.3,100,0.3138452977184196,0.43112529528629684
252,0.3,1,7,0.3238009119866935,0.43112529528629684
252,0.3,0.7,7,0.3596567196255449,0.43112529528629684
252,0.3,0.5,7,0.3522853739529753,0.43112529528629684
252,0.3,0.3,7,0.3603232759412508,0.43112529528629684
252,0.3,1,5,0.30158215852669257,0.43112529528629684
252,0.3,0.7,5,0.29819142896650563,0.43112529528629684
252,0.3,0.5,5,0.3175201487417056,0.43112529528629684
252,0.3,0.3,5,0.30297545410153043,0.43112529528629684
252,0.3,1,3,0.3037995770970762,0.43112529528629684
252,0.3,0.7,3,0.3815421943232016,0.43112529528629684
252,0.3,0.5,3,0.35325889501626656,0.43112529528629684
252,0.3,0.3,3,0.2757080161624094,0.43112529528629684
253,0.3,1,100,0.39441841672157973,0.4387979966611019
253,0.3,0.7,100,0.4254936713808106,0.4387979966611019
253,0.3,0.5,100,0.428124652198108,0.4387979966611019
253,0.3,0.3,100,0.404028937117418,0.4387979966611019
253,0.3,1,7,0.40167166498956153,0.4387979966611019
253,0.3,0.7,7,0.39560867220257423,0.4387979966611019
253,0.3,0.5,7,0.4239838048897777,0.4387979966611019
253,0.3,0.3,7,0.44333949887784624,0.4387979966611019
253,0.3,1,5,0.41747113786156087,0.4387979966611019
253,0.3,0.7,5,0.40520449957187554,0.4387979966611019
253,0.3,0.5,5,0.4296908008217758,0.4387979966611019
253,0.3,0.3,5,0.3965234242198923,0.4387979966611019
253,0.3,1,3,0.4058284991992195,0.4387979966611019
253,0.3,0.7,3,0.41109947279008513,0.4387979966611019
253,0.3,0.5,3,0.3856020205785554,0.4387979966611019
253,0.3,0.3,3,0.35678468103099753,0.4387979966611019
254,0.3,1,100,0.3637759960020622,0.40444073455759605
254,0.3,0.7,100,0.3764896396498704,0.40444073455759605
254,0.3,0.5,100,0.36706733444629946,0.40444073455759605
254,0.3,0.3,100,0.3744796883695048,0.40444073455759605
254,0.3,1,7,0.35489693592792126,0.40444073455759605
254,0.3,0.7,7,0.34606946721440257,0.40444073455759605
254,0.3,0.5,7,0.3457932486340289,0.40444073455759605
254,0.3,0.3,7,0.3751525797703235,0.40444073455759605
254,0.3,1,5,0.3759335967237408,0.40444073455759605
254,0.3,0.7,5,0.3692410595281974,0.40444073455759605
254,0.3,0.5,5,0.3980403000408386,0.40444073455759605
254,0.3,0.3,5,0.3853836544953719,0.40444073455759605
254,0.3,1,3,0.38069801678213355,0.40444073455759605
254,0.3,0.7,3,0.40581145833382737,0.40444073455759605
254,0.3,0.5,3,0.3657235065419142,0.40444073455759605
254,0.3,0.3,3,0.24203220482127136,0.40444073455759605
255,0.3,1,100,0.36931707672402286,0.4860100166944909
255,0.3,0.7,100,0.38744574290484146,0.4860100166944909
255,0.3,0.5,100,0.37524763494713415,0.4860100166944909
255,0.3,0.3,100,0.3575514746800223,0.4860100166944909
255,0.3,1,7,0.38405667900582036,0.4860100166944909
255,0.3,0.7,7,0.39824275353289756,0.4860100166944909
255,0.3,0.5,7,0.36896670971079604,0.4860100166944909
255,0.3,0.3,7,0.41542829394014846,0.4860100166944909
255,0.3,1,5,0.35691691194544556,0.4860100166944909
255,0.3,0.7,5,0.39344098449563597,0.4860100166944909
255,0.3,0.5,5,0.35919611367213816,0.4860100166944909
255,0.3,0.3,5,0.3491252723079083,0.4860100166944909
255,0.3,1,3,0.37709923979082,0.4860100166944909
255,0.3,0.7,3,0.3862586735376295,0.4860100166944909
255,0.3,0.5,3,0.39608916185135024,0.4860100166944909
255,0.3,0.3,3,0.3366063162615852,0.4860100166944909
256,0.3,1,100,0.3803207169183416,0.43690595436839186
256,0.3,0.7,100,0.4356662094235268,0.43690595436839186
256,0.3,0.5,100,0.4179632721202004,0.43690595436839186
256,0.3,0.3,100,0.41384529771841966,0.43690595436839186
256,0.3,1,7,0.4111642998266944,0.43690595436839186
256,0.3,0.7,7,0.4476798153120384,0.43690595436839186
256,0.3,0.5,7,0.3955989716382085,0.43690595436839186
256,0.3,0.3,7,0.4351991286964948,0.43690595436839186
256,0.3,1,5,0.4110153263464427,0.43690595436839186
256,0.3,0.7,5,0.41784139556579947,0.43690595436839186
256,0.3,0.5,5,0.4036775604642969,0.43690595436839186
256,0.3,0.3,5,0.38191827244298204,0.43690595436839186
256,0.3,1,3,0.42167135604240424,0.43690595436839186
256,0.3,0.7,3,0.39528720749713886,0.43690595436839186
256,0.3,0.5,3,0.3958691978242175,0.43690595436839186
256,0.3,0.3,3,0.35187008847525175,0.43690595436839186
257,0.3,1,100,0.4004919912259038,0.41067334446299397
257,0.3,0.7,100,0.41030164246581324,0.41067334446299397
257,0.3,0.5,100,0.3998219254312744,0.41067334446299397
257,0.3,0.3,100,0.42924874791318873,0.41067334446299397
257,0.3,1,7,0.4050224142801359,0.41067334446299397
257,0.3,0.7,7,0.4248924959398192,0.41067334446299397
257,0.3,0.5,7,0.38800152948523625,0.41067334446299397
257,0.3,0.3,7,0.4129801285162828,0.41067334446299397
257,0.3,1,5,0.4142117988757536,0.41067334446299397
257,0.3,0.7,5,0.4247872773520979,0.41067334446299397
257,0.3,0.5,5,0.4053839297278754,0.41067334446299397
257,0.3,0.3,5,0.36809405894055236,0.41067334446299397
257,0.3,1,3,0.38643601692258417,0.41067334446299397
257,0.3,0.7,3,0.40983937138910326,0.41067334446299397
257,0.3,0.5,3,0.38515444897424617,0.41067334446299397
257,0.3,0.3,3,0.2835705839790642,0.41067334446299397
258,0.3,1,100,0.3077398857884383,0.4302281580411798
258,0.3,0.7,100,0.3635827375569251,0.4302281580411798
258,0.3,0.5,100,0.3400333889816361,0.4302281580411798
258,0.3,0.3,100,0.34567612687813026,0.4302281580411798
258,0.3,1,7,0.35090217371194826,0.4302281580411798
258,0.3,0.7,7,0.3323343073090404,0.4302281580411798
258,0.3,0.5,7,0.3569445883718555,0.4302281580411798
258,0.3,0.3,7,0.39830783846816403,0.4302281580411798
258,0.3,1,5,0.2955209715619511,0.4302281580411798
258,0.3,0.7,5,0.322223833919627,0.4302281580411798
258,0.3,0.5,5,0.3957507775191353,0.4302281580411798
258,0.3,0.3,5,0.3455308474825144,0.4302281580411798
258,0.3,1,3,0.3528207018002158,0.4302281580411798
258,0.3,0.7,3,0.3586684176358962,0.4302281580411798
258,0.3,0.5,3,0.33114867024681743,0.4302281580411798
258,0.3,0.3,3,0.3078883483162002,0.4302281580411798
259,0.3,1,100,0.36834123433692206,0.40740122426266007
259,0.3,0.7,100,0.3487989671659778,0.40740122426266007
259,0.3,0.5,100,0.3661213132999444,0.40740122426266007
259,0.3,0.3,100,0.3784641068447413,0.40740122426266007
259,0.3,1,7,0.37950751552874984,0.40740122426266007
259,0.3,0.7,7,0.36331613816372843,0.40740122426266007
259,0.3,0.5,7,0.3622533173162463,0.40740122426266007
259,0.3,0.3,7,0.42470812660402196,0.40740122426266007
259,0.3,1,5,0.3465327812368707,0.40740122426266007
259,0.3,0.7,5,0.40890709011013515,0.40740122426266007
259,0.3,0.5,5,0.33883699931444866,0.40740122426266007
259,0.3,0.3,5,0.387491176124867,0.40740122426266007
259,0.3,1,3,0.3318308410477032,0.40740122426266007
259,0.3,0.7,3,0.35709870750578954,0.40740122426266007
259,0.3,0.5,3,0.33848617937973785,0.40740122426266007
259,0.3,0.3,3,0.2989933109665666,0.40740122426266007
260,0.3,1,100,0.3469813172868989,0.40408458542014475
260,0.3,0.7,100,0.3865331107401225,0.40408458542014475
260,0.3,0.5,100,0.34258208124652206,0.40408458542014475
260,0.3,0.3,100,0.3117974401780746,0.40408458542014475
260,0.3,1,7,0.3562945064177976,0.40408458542014475
260,0.3,0.7,7,0.34321653695796245,0.40408458542014475
260,0.3,0.5,7,0.3418764207004814,0.40408458542014475
260,0.3,0.3,7,0.357819189558313,0.40408458542014475
260,0.3,1,5,0.3619497642063143,0.40408458542014475
260,0.3,0.7,5,0.3832740772735113,0.40408458542014475
260,0.3,0.5,5,0.3741645984328264,0.40408458542014475
260,0.3,0.3,5,0.3499788776796641,0.40408458542014475
260,0.3,1,3,0.31275597977840586,0.40408458542014475
260,0.3,0.7,3,0.3834330986726046,0.40408458542014475
260,0.3,0.5,3,0.34707744084599107,0.40408458542014475
260,0.3,0.3,3,0.2330307216868347,0.40408458542014475
261,0.3,1,100,0.38302608788331455,0.4299387868670006
261,0.3,0.7,100,0.39338004107476704,0.4299387868670006
261,0.3,0.5,100,0.3952921535893156,0.4299387868670006
261,0.3,0.3,100,0.40950473010573185,0.4299387868670006
261,0.3,1,7,0.4170083355733621,0.4299387868670006
261,0.3,0.7,7,0.37838676489442424,0.4299387868670006
261,0.3,0.5,7,0.3911346643802491,0.4299387868670006
261,0.3,0.3,7,0.4075969002612934,0.4299387868670006
261,0.3,1,5,0.4157239300740422,0.4299387868670006
261,0.3,0.7,5,0.3628541062400895,0.4299387868670006
261,0.3,0.5,5,0.419244268350068,0.4299387868670006
261,0.3,0.3,5,0.3922965176932662,0.4299387868670006
261,0.3,1,3,0.41139178410508986,0.4299387868670006
261,0.3,0.7,3,0.3701998239014967,0.4299387868670006
261,0.3,0.5,3,0.39703872829002784,0.4299387868670006
261,0.3,0.3,3,0.2516773344972338,0.4299387868670006
262,0.3,1,100,0.4269793021938311,0.43413466889259883
262,0.3,0.7,100,0.388665522164894,0.43413466889259883
262,0.3,0.5,100,0.4114969393433501,0.43413466889259883
262,0.3,0.3,100,0.4331441291040624,0.43413466889259883
262,0.3,1,7,0.4055323171846768,0.43413466889259883
262,0.3,0.7,7,0.40659396734444897,0.43413466889259883
262,0.3,0.5,7,0.43991050658948055,0.43413466889259883
262,0.3,0.3,7,0.4481493247741437,0.43413466889259883
262,0.3,1,5,0.42430228708922935,0.43413466889259883
262,0.3,0.7,5,0.4451753162518343,0.43413466889259883
262,0.3,0.5,5,0.4340481135952939,0.43413466889259883
262,0.3,0.3,5,0.4349784487582989,0.43413466889259883
262,0.3,1,3,0.46221932682927036,0.43413466889259883
262,0.3,0.7,3,0.40655364910697106,0.43413466889259883
262,0.3,0.5,3,0.42779610212424896,0.43413466889259883
262,0.3,0.3,3,0.32557238313288506,0.43413466889259883
263,0.3,1,100,0.380237600149428,0.39549248747913196
263,0.3,0.7,100,0.3570840289371175,0.39549248747913196
263,0.3,0.5,100,0.35889816360601007,0.39549248747913196
263,0.3,0.3,100,0.3664774624373957,0.39549248747913196
263,0.3,1,7,0.38416712686158344,0.39549248747913196
263,0.3,0.7,7,0.3909878039527487,0.39549248747913196
263,0.3,0.5,7,0.3943206605380421,0.39549248747913196
263,0.3,0.3,7,0.3645154326706305,0.39549248747913196
263,0.3,1,5,0.38916399591788736,0.39549248747913196
263,0.3,0.7,5,0.37882850801597234,0.39549248747913196
263,0.3,0.5,5,0.3677153667522425,0.39549248747913196
263,0.3,0.3,5,0.39533924365831136,0.39549248747913196
263,0.3,1,3,0.3680955563436131,0.39549248747913196
263,0.3,0.7,3,0.4008805596301777,0.39549248747913196
263,0.3,0.5,3,0.3797226109128313,0.39549248747913196
263,0.3,0.3,3,0.2581997192613888,0.39549248747913196
264,0.3,1,100,0.32869317139473164,0.38422927100723436
264,0.3,0.7,100,0.39114079020589876,0.38422927100723436
264,0.3,0.5,100,0.3911185308848081,0.38422927100723436
264,0.3,0.3,100,0.351463550361714,0.38422927100723436
264,0.3,1,7,0.3841960385223492,0.38422927100723436
264,0.3,0.7,7,0.34748107941674733,0.38422927100723436
264,0.3,0.5,7,0.3929203680102402,0.38422927100723436
264,0.3,0.3,7,0.3842494262285713,0.38422927100723436
264,0.3,1,5,0.39694996254398507,0.38422927100723436
264,0.3,0.7,5,0.3887124353572845,0.38422927100723436
264,0.3,0.5,5,0.3705379121543304,0.38422927100723436
264,0.3,0.3,5,0.3800953277505682,0.38422927100723436
264,0.3,1,3,0.3857933807610348,0.38422927100723436
264,0.3,0.7,3,0.3285762155312117,0.38422927100723436
264,0.3,0.5,3,0.38021919563371415,0.38422927100723436
264,0.3,0.3,3,0.3309918790398966,0.38422927100723436
265,0.3,1,100,0.3982479704483895,0.5094379521424597
265,0.3,0.7,100,0.38550918196995,0.5094379521424597
265,0.3,0.5,100,0.3825709515859767,0.5094379521424597
265,0.3,0.3,100,0.42181413466889267,0.5094379521424597
265,0.3,1,7,0.43691576926232817,0.5094379521424597
265,0.3,0.7,7,0.3879668310871087,0.5094379521424597
265,0.3,0.5,7,0.40366261641345674,0.5094379521424597
265,0.3,0.3,7,0.4084584327375511,0.5094379521424597
265,0.3,1,5,0.38396288195188216,0.5094379521424597
265,0.3,0.7,5,0.41837397278483374,0.5094379521424597
265,0.3,0.5,5,0.39352676000017284,0.5094379521424597
265,0.3,0.3,5,0.38462943489096124,0.5094379521424597
265,0.3,1,3,0.3356808454905487,0.5094379521424597
265,0.3,0.7,3,0.40660174194944837,0.5094379521424597
265,0.3,0.5,3,0.3616105914137897,0.5094379521424597
265,0.3,0.3,3,0.2436145591219193,0.5094379521424597
266,0.3,1,100,0.3802307019727808,0.4019476905954369
266,0.3,0.7,100,0.3762270450751253,0.4019476905954369
266,0.3,0.5,100,0.4329994435169728,0.4019476905954369
266,0.3,0.3,100,0.4007345575959934,0.4019476905954369
266,0.3,1,7,0.4157788256440496,0.4019476905954369
266,0.3,0.7,7,0.3857824268153472,0.4019476905954369
266,0.3,0.5,7,0.4096674919751658,0.4019476905954369
266,0.3,0.3,7,0.38851538234622873,0.4019476905954369
266,0.3,1,5,0.4224422127833057,0.4019476905954369
266,0.3,0.7,5,0.4353374184811224,0.4019476905954369
266,0.3,0.5,5,0.42318029447219063,0.4019476905954369
266,0.3,0.3,5,0.4421903418162049,0.4019476905954369
266,0.3,1,3,0.3860224136053537,0.4019476905954369
266,0.3,0.7,3,0.420410307383236,0.4019476905954369
266,0.3,0.5,3,0.4298752546884789,0.4019476905954369
266,0.3,0.3,3,0.3331795738524693,0.4019476905954369
267,0.3,1,100,0.43027971031907447,0.44180979913860263
267,0.3,0.7,100,0.41148580968280474,0.44180979913860263
267,0.3,0.5,100,0.46074568725653875,0.44180979913860263
267,0.3,0.3,100,0.4597551474680023,0.44180979913860263
267,0.3,1,7,0.45677222900650954,0.44180979913860263
267,0.3,0.7,7,0.44616962430741774,0.44180979913860263
267,0.3,0.5,7,0.42340931560376693,0.44180979913860263
267,0.3,0.3,7,0.41448856221581987,0.44180979913860263
267,0.3,1,5,0.4644916498511375,0.44180979913860263
267,0.3,0.7,5,0.42257399129321027,0.44180979913860263
267,0.3,0.5,5,0.43033589673007755,0.44180979913860263
267,0.3,0.3,5,0.4569258006149757,0.44180979913860263
267,0.3,1,3,0.4222922336648435,0.44180979913860263
267,0.3,0.7,3,0.4698788822572888,0.44180979913860263
267,0.3,0.5,3,0.3911815131544556,0.44180979913860263
267,0.3,0.3,3,0.3735530084650193,0.44180979913860263
268,0.3,1,100,0.38759638219766046,0.4458764607679466
268,0.3,0.7,100,0.42478575403450203,0.4458764607679466
268,0.3,0.5,100,0.4008013355592655,0.4458764607679466
268,0.3,0.3,100,0.43788536449638293,0.4458764607679466
268,0.3,1,7,0.414165985282519,0.4458764607679466
268,0.3,0.7,7,0.41148057785448383,0.4458764607679466
268,0.3,0.5,7,0.42617214957737026,0.4458764607679466
268,0.3,0.3,7,0.43620871229954244,0.4458764607679466
268,0.3,1,5,0.4019489211663699,0.4458764607679466
268,0.3,0.7,5,0.48450766085858865,0.4458764607679466
268,0.3,0.5,5,0.40300200352335347,0.4458764607679466
268,0.3,0.3,5,0.3974394141110075,0.4458764607679466
268,0.3,1,3,0.3890517296858138,0.4458764607679466
268,0.3,0.7,3,0.44629589289267596,0.4458764607679466
268,0.3,0.5,3,0.4265807810122271,0.4458764607679466
268,0.3,0.3,3,0.3308650431915483,0.4458764607679466
269,0.3,1,100,0.4123507105429171,0.4554702281580413
269,0.3,0.7,100,0.38293586202665786,0.4554702281580413
269,0.3,0.5,100,0.3504173622704508,0.4554702281580413
269,0.3,0.3,100,0.337918753478019,0.4554702281580413
269,0.3,1,7,0.33821219942532804,0.4554702281580413
269,0.3,0.7,7,0.348291144637345,0.4554702281580413
269,0.3,0.5,7,0.40051811014079025,0.4554702281580413
269,0.3,0.3,7,0.3670255803712163,0.4554702281580413
269,0.3,1,5,0.3997917003710572,0.4554702281580413
269,0.3,0.7,5,0.3796045520628349,0.4554702281580413
269,0.3,0.5,5,0.37046057601320737,0.4554702281580413
269,0.3,0.3,5,0.3388536809231518,0.4554702281580413
269,0.3,1,3,0.39278701903801283,0.4554702281580413
269,0.3,0.7,3,0.3867560969373818,0.4554702281580413
269,0.3,0.5,3,0.3765482790376133,0.4554702281580413
269,0.3,0.3,3,0.3132165907178575,0.4554702281580413
270,0.3,1,100,0.38359328441499474,0.4200222593210908
270,0.3,0.7,100,0.34535336672231504,0.4200222593210908
270,0.3,0.5,100,0.3697718419588203,0.4200222593210908
270,0.3,0.3,100,0.36971619365609354,0.4200222593210908
270,0.3,1,7,0.3745299619588439,0.4200222593210908
270,0.3,0.7,7,0.357404381548943,0.4200222593210908
270,0.3,0.5,7,0.32017119009500794,0.4200222593210908
270,0.3,0.3,7,0.3728955335714853,0.4200222593210908
270,0.3,1,5,0.3740954029164367,0.4200222593210908
270,0.3,0.7,5,0.32675626613203074,0.4200222593210908
270,0.3,0.5,5,0.36717239126395684,0.4200222593210908
270,0.3,0.3,5,0.36199793660491153,0.4200222593210908
270,0.3,1,3,0.34530998763539966,0.4200222593210908
270,0.3,0.7,3,0.3614967928902323,0.4200222593210908
270,0.3,0.5,3,0.28452658110740603,0.4200222593210908
270,0.3,0.3,3,0.2865248955265333,0.4200222593210908
271,0.3,1,100,0.45034174857703735,0.4461992209237619
271,0.3,0.7,100,0.45940155482934386,0.4461992209237619
271,0.3,0.5,100,0.4356037840845855,0.4461992209237619
271,0.3,0.3,100,0.4721981079577074,0.4461992209237619
271,0.3,1,7,0.48096786426281785,0.4461992209237619
271,0.3,0.7,7,0.47505893802764015,0.4461992209237619
271,0.3,0.5,7,0.47485875946611505,0.4461992209237619
271,0.3,0.3,7,0.4623133576245993,0.4461992209237619
271,0.3,1,5,0.48286520891093,0.4461992209237619
271,0.3,0.7,5,0.4683915946158571,0.4461992209237619
271,0.3,0.5,5,0.450904472037638,0.4461992209237619
271,0.3,0.3,5,0.46524987873537865,0.4461992209237619
271,0.3,1,3,0.44018527059922113,0.4461992209237619
271,0.3,0.7,3,0.43978123962515175,0.4461992209237619
271,0.3,0.5,3,0.46365430074275416,0.4461992209237619
271,0.3,0.3,3,0.41327999386195147,0.4461992209237619
272,0.3,1,100,0.358470931102808,0.4604229271007235
272,0.3,0.7,100,0.4086366165831943,0.4604229271007235
272,0.3,0.5,100,0.35817473567056213,0.4604229271007235
272,0.3,0.3,100,0.3435837506956038,0.4604229271007235
272,0.3,1,7,0.3296210327697463,0.4604229271007235
272,0.3,0.7,7,0.36134136448158977,0.4604229271007235
272,0.3,0.5,7,0.3652488624428066,0.4604229271007235
272,0.3,0.3,7,0.37148681568486486,0.4604229271007235
272,0.3,1,5,0.3406097282700549,0.4604229271007235
272,0.3,0.7,5,0.4214416191690974,0.4604229271007235
272,0.3,0.5,5,0.3489015034681101,0.4604229271007235
272,0.3,0.3,5,0.35531015215657535,0.4604229271007235
272,0.3,1,3,0.39467094944290093,0.4604229271007235
272,0.3,0.7,3,0.3624629228993967,0.4604229271007235
272,0.3,0.5,3,0.3610543573481017,0.4604229271007235
272,0.3,0.3,3,0.2744059201402634,0.4604229271007235
273,0.3,1,100,0.41123249553865243,0.4260879243183084
273,0.3,0.7,100,0.44199900389432056,0.4260879243183084
273,0.3,0.5,100,0.4421257651641626,0.4260879243183084
273,0.3,0.3,100,0.4006789092932666,0.4260879243183084
273,0.3,1,7,0.39266771921529775,0.4260879243183084
273,0.3,0.7,7,0.4250659304479162,0.4260879243183084
273,0.3,0.5,7,0.4699709949011114,0.4260879243183084
273,0.3,0.3,7,0.4394031888060569,0.4260879243183084
273,0.3,1,5,0.4343555543496778,0.4260879243183084
273,0.3,0.7,5,0.417944201238728,0.4260879243183084
273,0.3,0.5,5,0.4350302064039596,0.4260879243183084
273,0.3,0.3,5,0.41971743153820146,0.4260879243183084
273,0.3,1,3,0.42289240859509625,0.4260879243183084
273,0.3,0.7,3,0.4041230035978345,0.4260879243183084
273,0.3,0.5,3,0.450962338126169,0.4260879243183084
273,0.3,0.3,3,0.33312155927785286,0.4260879243183084
274,0.3,1,100,0.3577191011929944,0.41626043405676133
274,0.3,0.7,100,0.3497273233166389,0.41626043405676133
274,0.3,0.5,100,0.36116861435726216,0.41626043405676133
274,0.3,0.3,100,0.3878909293266556,0.41626043405676133
274,0.3,1,7,0.34499424088934316,0.41626043405676133
274,0.3,0.7,7,0.37742722561350656,0.41626043405676133
274,0.3,0.5,7,0.3835992840301673,0.41626043405676133
274,0.3,0.3,7,0.3801249428654844,0.41626043405676133
274,0.3,1,5,0.36039788500711784,0.41626043405676133
274,0.3,0.7,5,0.4113665223614129,0.41626043405676133
274,0.3,0.5,5,0.33115822603488176,0.41626043405676133
274,0.3,0.3,5,0.34264979354362257,0.41626043405676133
274,0.3,1,3,0.33449257070543476,0.41626043405676133
274,0.3,0.7,3,0.36805968404023226,0.41626043405676133
274,0.3,0.5,3,0.37208032509646,0.41626043405676133
274,0.3,0.3,3,0.24151411558145744,0.41626043405676133
275,0.3,1,100,0.33064152766374083,0.46046744574290494
275,0.3,0.7,100,0.3410860909475945,0.46046744574290494
275,0.3,0.5,100,0.36954924874791323,0.46046744574290494
275,0.3,0.3,100,0.38437395659432394,0.46046744574290494
275,0.3,1,7,0.30689225753704213,0.46046744574290494
275,0.3,0.7,7,0.30928180533647065,0.46046744574290494
275,0.3,0.5,7,0.350427375230435,0.46046744574290494
275,0.3,0.3,7,0.33040786538088407,0.46046744574290494
275,0.3,1,5,0.38996938520343283,0.46046744574290494
275,0.3,0.7,5,0.4116690201767785,0.46046744574290494
275,0.3,0.5,5,0.37754153881202984,0.46046744574290494
275,0.3,0.3,5,0.33743169603185713,0.46046744574290494
275,0.3,1,3,0.350100720409514,0.46046744574290494
275,0.3,0.7,3,0.39484530865750933,0.46046744574290494
275,0.3,0.5,3,0.3591490889186202,0.46046744574290494
275,0.3,0.3,3,0.31749904935427997,0.46046744574290494
276,0.3,1,100,0.3610744006722231,0.4124207011686144
276,0.3,0.7,100,0.4033500278241514,0.4124207011686144
276,0.3,0.5,100,0.3980523094045632,0.4124207011686144
276,0.3,0.3,100,0.3953923205342238,0.4124207011686144
276,0.3,1,7,0.34917465000774955,0.4124207011686144
276,0.3,0.7,7,0.3948823513834723,0.4124207011686144
276,0.3,0.5,7,0.4287884875464632,0.4124207011686144
276,0.3,0.3,7,0.4168828981394498,0.4124207011686144
276,0.3,1,5,0.3684463320272454,0.4124207011686144
276,0.3,0.7,5,0.3823525758909808,0.4124207011686144
276,0.3,0.5,5,0.41552866855318193,0.4124207011686144
276,0.3,0.3,5,0.4008746735336915,0.4124207011686144
276,0.3,1,3,0.4115206638667492,0.4124207011686144
276,0.3,0.7,3,0.3857851716046036,0.4124207011686144
276,0.3,0.5,3,0.389762560263472,0.4124207011686144
276,0.3,0.3,3,0.2723224053512004,0.4124207011686144
277,0.3,1,100,0.3947888324344583,0.4343572621035059
277,0.3,0.7,100,0.4286366165831943,0.4343572621035059
277,0.3,0.5,100,0.4277573734001114,0.4343572621035059
277,0.3,0.3,100,0.42981636060100176,0.4343572621035059
277,0.3,1,7,0.435661187093145,0.4343572621035059
277,0.3,0.7,7,0.4178534153925884,0.4343572621035059
277,0.3,0.5,7,0.4621554872074537,0.4343572621035059
277,0.3,0.3,7,0.41054917829803317,0.4343572621035059
277,0.3,1,5,0.43310392922373964,0.4343572621035059
277,0.3,0.7,5,0.4282079914706192,0.4343572621035059
277,0.3,0.5,5,0.38241744493138213,0.4343572621035059
277,0.3,0.3,5,0.44311187698131355,0.4343572621035059
277,0.3,1,3,0.41453321058904574,0.4343572621035059
277,0.3,0.7,3,0.3888544470695944,0.4343572621035059
277,0.3,0.5,3,0.4079745141501907,0.4343572621035059
277,0.3,0.3,3,0.29049171102603544,0.4343572621035059
278,0.3,1,100,0.3644301990789978,0.41522096611447906
278,0.3,0.7,100,0.34555370061213136,0.41522096611447906
278,0.3,0.5,100,0.40158041179744025,0.41522096611447906
278,0.3,0.3,100,0.37422370617696166,0.41522096611447906
278,0.3,1,7,0.34894031955234234,0.41522096611447906
278,0.3,0.7,7,0.34274739010588046,0.41522096611447906
278,0.3,0.5,7,0.36383891293258497,0.41522096611447906
278,0.3,0.3,7,0.33938708953511165,0.41522096611447906
278,0.3,1,5,0.37421284617710016,0.41522096611447906
278,0.3,0.7,5,0.36877150707651596,0.41522096611447906
278,0.3,0.5,5,0.40411394695252517,0.41522096611447906
278,0.3,0.3,5,0.3469652681200498,0.41522096611447906
278,0.3,1,3,0.3277685220286985,0.41522096611447906
278,0.3,0.7,3,0.34678538858568136,0.41522096611447906
278,0.3,0.5,3,0.34240839211974816,0.41522096611447906
278,0.3,0.3,3,0.2803587493450052,0.41522096611447906
279,0.3,1,100,0.35448046841502956,0.390139120756817
279,0.3,0.7,100,0.4004006677796328,0.390139120756817
279,0.3,0.5,100,0.39890929326655544,0.390139120756817
279,0.3,0.3,100,0.4061435726210351,0.390139120756817
279,0.3,1,7,0.3584048983414582,0.390139120756817
279,0.3,0.7,7,0.3900754914050764,0.390139120756817
279,0.3,0.5,7,0.39579155003337263,0.390139120756817
279,0.3,0.3,7,0.41493616355478147,0.390139120756817
279,0.3,1,5,0.39383052221573805,0.390139120756817
279,0.3,0.7,5,0.397539666643251,0.390139120756817
279,0.3,0.5,5,0.39933081539178905,0.390139120756817
279,0.3,0.3,5,0.37126112718753407,0.390139120756817
279,0.3,1,3,0.34188219750708704,0.390139120756817
279,0.3,0.7,3,0.41341278900010736,0.390139120756817
279,0.3,0.5,3,0.36465195599496103,0.390139120756817
279,0.3,0.3,3,0.29203452764270527,0.390139120756817
280,0.3,1,100,0.3833962777891025,0.41480244852532006
280,0.3,0.7,100,0.44390218114301255,0.41480244852532006
280,0.3,0.5,100,0.4215692821368949,0.41480244852532006
280,0.3,0.3,100,0.3628937117417919,0.41480244852532006
280,0.3,1,7,0.4052489679075825,0.41480244852532006
280,0.3,0.7,7,0.37907831832563255,0.41480244852532006
280,0.3,0.5,7,0.36060168427211287,0.41480244852532006
280,0.3,0.3,7,0.38226254632350604,0.41480244852532006
280,0.3,1,5,0.3875830239563984,0.41480244852532006
280,0.3,0.7,5,0.3959049026736658,0.41480244852532006
280,0.3,0.5,5,0.4269298190189175,0.41480244852532006
280,0.3,0.3,5,0.3697350405182749,0.41480244852532006
280,0.3,1,3,0.35724340110295466,0.41480244852532006
280,0.3,0.7,3,0.38537612809377325,0.41480244852532006
280,0.3,0.5,3,0.40596131725387347,0.41480244852532006
280,0.3,0.3,3,0.29235165887881326,0.41480244852532006
281,0.3,1,100,0.38129931293021124,0.41694606829896597
281,0.3,0.7,100,0.42096388693509346,0.41694606829896597
281,0.3,0.5,100,0.41580411797440187,0.41694606829896597
281,0.3,0.3,100,0.3904396215915415,0.41694606829896597
281,0.3,1,7,0.4280367911458947,0.41694606829896597
281,0.3,0.7,7,0.4131943280790962,0.41694606829896597
281,0.3,0.5,7,0.427662709218951,0.41694606829896597
281,0.3,0.3,7,0.41222161219721204,0.41694606829896597
281,0.3,1,5,0.39882494515519384,0.41694606829896597
281,0.3,0.7,5,0.41073142108181254,0.41694606829896597
281,0.3,0.5,5,0.4125792651617038,0.41694606829896597
281,0.3,0.3,5,0.4171509143741277,0.41694606829896597
281,0.3,1,3,0.394022627179747,0.41694606829896597
281,0.3,0.7,3,0.40419163392011803,0.41694606829896597
281,0.3,0.5,3,0.39237642729065064,0.41694606829896597
281,0.3,0.3,3,0.2582917538280591,0.41694606829896597
282,0.3,1,100,0.36516996629149584,0.39847078038768713
282,0.3,0.7,100,0.4136227045075126,0.39847078038768713
282,0.3,0.5,100,0.3400111296605454,0.39847078038768713
282,0.3,0.3,100,0.39907623817473575,0.39847078038768713
282,0.3,1,7,0.38553751139388853,0.39847078038768713
282,0.3,0.7,7,0.3295373442364393,0.39847078038768713
282,0.3,0.5,7,0.4091494176450213,0.39847078038768713
282,0.3,0.3,7,0.37040475790347666,0.39847078038768713
282,0.3,1,5,0.3740118237576358,0.39847078038768713
282,0.3,0.7,5,0.38303931199946556,0.39847078038768713
282,0.3,0.5,5,0.38687140225437067,0.39847078038768713
282,0.3,0.3,5,0.3925177884232796,0.39847078038768713
282,0.3,1,3,0.42005106884184734,0.39847078038768713
282,0.3,0.7,3,0.43967304471834046,0.39847078038768713
282,0.3,0.5,3,0.32407208356345213,0.39847078038768713
282,0.3,0.3,3,0.2992817820905164,0.39847078038768713
283,0.3,1,100,0.4031800493708016,0.40894824707846417
283,0.3,0.7,100,0.4127835636731718,0.40894824707846417
283,0.3,0.5,100,0.3808124652198109,0.40894824707846417
283,0.3,0.3,100,0.4445742904841403,0.40894824707846417
283,0.3,1,7,0.4151909334706089,0.40894824707846417
283,0.3,0.7,7,0.4114149460375334,0.40894824707846417
283,0.3,0.5,7,0.39164277824626287,0.40894824707846417
283,0.3,0.3,7,0.4571220696313884,0.40894824707846417
283,0.3,1,5,0.4214334098941962,0.40894824707846417
283,0.3,0.7,5,0.3972094412841054,0.40894824707846417
283,0.3,0.5,5,0.38685105155036975,0.40894824707846417
283,0.3,0.3,5,0.43231532798051747,0.40894824707846417
283,0.3,1,3,0.42100072423389073,0.40894824707846417
283,0.3,0.7,3,0.39548883812628377,0.40894824707846417
283,0.3,0.5,3,0.41227776291235085,0.40894824707846417
283,0.3,0.3,3,0.34519991790087445,0.40894824707846417
284,0.3,1,100,0.3551488408208949,0.4235058430717864
284,0.3,0.7,100,0.3600333889816361,0.4235058430717864
284,0.3,0.5,100,0.3645742904841403,0.4235058430717864
284,0.3,0.3,100,0.35391207568169175,0.4235058430717864
284,0.3,1,7,0.3801928408910438,0.4235058430717864
284,0.3,0.7,7,0.36747645357203923,0.4235058430717864
284,0.3,0.5,7,0.3790132458986799,0.4235058430717864
284,0.3,0.3,7,0.3586080253529601,0.4235058430717864
284,0.3,1,5,0.3885390951007088,0.4235058430717864
284,0.3,0.7,5,0.3778241572268791,0.4235058430717864
284,0.3,0.5,5,0.39367718671542,0.4235058430717864
284,0.3,0.3,5,0.36392052713616113,0.4235058430717864
284,0.3,1,3,0.4094525062915981,0.4235058430717864
284,0.3,0.7,3,0.34614844113193494,0.4235058430717864
284,0.3,0.5,3,0.36376084453676355,0.4235058430717864
284,0.3,0.3,3,0.31246587693121153,0.4235058430717864
285,0.3,1,100,0.34879870862507184,0.4465176586485249
285,0.3,0.7,100,0.38608792431830835,0.4465176586485249
285,0.3,0.5,100,0.33176405119643854,0.4465176586485249
285,0.3,0.3,100,0.3705397885364497,0.4465176586485249
285,0.3,1,7,0.3642580515467549,0.4465176586485249
285,0.3,0.7,7,0.38835492438906277,0.4465176586485249
285,0.3,0.5,7,0.3669348247477693,0.4465176586485249
285,0.3,0.3,7,0.37944482799207635,0.4465176586485249
285,0.3,1,5,0.35733953358188336,0.4465176586485249
285,0.3,0.7,5,0.33057394758969816,0.4465176586485249
285,0.3,0.5,5,0.3961053762432748,0.4465176586485249
285,0.3,0.3,5,0.4083437373044639,0.4465176586485249
285,0.3,1,3,0.3869587685216401,0.4465176586485249
285,0.3,0.7,3,0.3430958652112375,0.4465176586485249
285,0.3,0.5,3,0.3367160497662245,0.4465176586485249
285,0.3,0.3,3,0.29821327864534747,0.4465176586485249
286,0.3,1,100,0.44970443231120727,0.49528102392877027
286,0.3,0.7,100,0.42760631729211884,0.49528102392877027
286,0.3,0.5,100,0.43057317751808577,0.49528102392877027
286,0.3,0.3,100,0.44035614913745136,0.49528102392877027
286,0.3,1,7,0.4127727251178673,0.49528102392877027
286,0.3,0.7,7,0.4646533637166271,0.49528102392877027
286,0.3,0.5,7,0.4392965645468309,0.49528102392877027
286,0.3,0.3,7,0.5047307071940442,0.49528102392877027
286,0.3,1,5,0.45961479913135966,0.49528102392877027
286,0.3,0.7,5,0.44770438927249145,0.49528102392877027
286,0.3,0.5,5,0.46713059207138163,0.49528102392877027
286,0.3,0.3,5,0.44222732362076883,0.49528102392877027
286,0.3,1,3,0.4486485618944734,0.49528102392877027
286,0.3,0.7,3,0.4359621369244289,0.49528102392877027
286,0.3,0.5,3,0.45656157667390657,0.49528102392877027
286,0.3,0.3,3,0.3840790818830709,0.49528102392877027
287,0.3,1,100,0.35051144881163526,0.4018697829716194
287,0.3,0.7,100,0.3606677796327213,0.4018697829716194
287,0.3,0.5,100,0.38648859209794106,0.4018697829716194
287,0.3,0.3,100,0.39150806900389545,0.4018697829716194
287,0.3,1,7,0.3782738609295787,0.4018697829716194
287,0.3,0.7,7,0.38451154534895804,0.4018697829716194
287,0.3,0.5,7,0.43329893934965785,0.4018697829716194
287,0.3,0.3,7,0.41850109286024506,0.4018697829716194
287,0.3,1,5,0.370289004265043,0.4018697829716194
287,0.3,0.7,5,0.38153963338501695,0.4018697829716194
287,0.3,0.5,5,0.42209977437779717,0.4018697829716194
287,0.3,0.3,5,0.39447301814709285,0.4018697829716194
287,0.3,1,3,0.39876911052017117,0.4018697829716194
287,0.3,0.7,3,0.3925699325935724,0.4018697829716194
287,0.3,0.5,3,0.3477933217754147,0.4018697829716194
287,0.3,0.3,3,0.318128843923527,0.4018697829716194
288,0.3,1,100,0.345890534783255,0.43637173066221485
288,0.3,0.7,100,0.30921535893155266,0.43637173066221485
288,0.3,0.5,100,0.3203672787979967,0.43637173066221485
288,0.3,0.3,100,0.3500389538119088,0.43637173066221485
288,0.3,1,7,0.3585726990606994,0.43637173066221485
288,0.3,0.7,7,0.3528979929599207,0.43637173066221485
288,0.3,0.5,7,0.3439602293948442,0.43637173066221485
288,0.3,0.3,7,0.3692512044067848,0.43637173066221485
288,0.3,1,5,0.3500321778349673,0.43637173066221485
288,0.3,0.7,5,0.3452280128618611,0.43637173066221485
288,0.3,0.5,5,0.39873187982612784,0.43637173066221485
288,0.3,0.3,5,0.35782045255414985,0.43637173066221485
288,0.3,1,3,0.35878330496455424,0.43637173066221485
288,0.3,0.7,3,0.3427419965612148,0.43637173066221485
288,0.3,0.5,3,0.3396584196354551,0.43637173066221485
288,0.3,0.3,3,0.27583667245093935,0.43637173066221485
289,0.3,1,100,0.48721339479510883,0.4932401036193373
289,0.3,0.7,100,0.48721052208588383,0.4932401036193373
289,0.3,0.5,100,0.4742237061769617,0.4932401036193373
289,0.3,0.3,100,0.4887590428491932,0.4932401036193373
289,0.3,1,7,0.4294858232618477,0.4932401036193373
289,0.3,0.7,7,0.4745508147439988,0.4932401036193373
289,0.3,0.5,7,0.47429146255119287,0.4932401036193373
289,0.3,0.3,7,0.44283464334814593,0.4932401036193373
289,0.3,1,5,0.4791138738989615,0.4932401036193373
289,0.3,0.7,5,0.48885423954084883,0.4932401036193373
289,0.3,0.5,5,0.48220087473279866,0.4932401036193373
289,0.3,0.3,5,0.42505304195852645,0.4932401036193373
289,0.3,1,3,0.4512412632224777,0.4932401036193373
289,0.3,0.7,3,0.46463246095493654,0.4932401036193373
289,0.3,0.5,3,0.47253605946581334,0.4932401036193373
289,0.3,0.3,3,0.3793822123354936,0.4932401036193373
290,0.3,1,100,0.33512442682389254,0.45778519755147473
290,0.3,0.7,100,0.33942125765164166,0.45778519755147473
290,0.3,0.5,100,0.37076238174735676,0.45778519755147473
290,0.3,0.3,100,0.3466221480244853,0.45778519755147473
290,0.3,1,7,0.3776650981321826,0.45778519755147473
290,0.3,0.7,7,0.356946515819627,0.45778519755147473
290,0.3,0.5,7,0.37444131105634004,0.45778519755147473
290,0.3,0.3,7,0.36321749883342336,0.45778519755147473
290,0.3,1,5,0.3574567444163488,0.45778519755147473
290,0.3,0.7,5,0.38084766859244173,0.45778519755147473
290,0.3,0.5,5,0.37753020188901387,0.45778519755147473
290,0.3,0.3,5,0.3394465821638918,0.45778519755147473
290,0.3,1,3,0.357364875345039,0.45778519755147473
290,0.3,0.7,3,0.3110303857030233,0.45778519755147473
290,0.3,0.5,3,0.34140842810645994,0.45778519755147473
290,0.3,0.3,3,0.28406569869386833,0.45778519755147473
291,0.3,1,100,0.4030765310249259,0.4322939128951428
291,0.3,0.7,100,0.35978397268912976,0.4322939128951428
291,0.3,0.5,100,0.39995548135781867,0.4322939128951428
291,0.3,0.3,100,0.3772287145242071,0.4322939128951428
291,0.3,1,7,0.3974731735508233,0.4322939128951428
291,0.3,0.7,7,0.39011430917602574,0.4322939128951428
291,0.3,0.5,7,0.3753683766073249,0.4322939128951428
291,0.3,0.3,7,0.43768059991213154,0.4322939128951428
291,0.3,1,5,0.39525362845574485,0.4322939128951428
291,0.3,0.7,5,0.40102542651688033,0.4322939128951428
291,0.3,0.5,5,0.3945872648641562,0.4322939128951428
291,0.3,0.3,5,0.3821093831449022,0.4322939128951428
291,0.3,1,3,0.4097779896592994,0.4322939128951428
291,0.3,0.7,3,0.39142074883102773,0.4322939128951428
291,0.3,0.5,3,0.3498242980990734,0.4322939128951428
291,0.3,0.3,3,0.2668232622160358,0.4322939128951428
292,0.3,1,100,0.393060693138394,0.4836616583194213
292,0.3,0.7,100,0.40328993681273756,0.4836616583194213
292,0.3,0.5,100,0.4159821925431275,0.4836616583194213
292,0.3,0.3,100,0.4039844184752366,0.4836616583194213
292,0.3,1,7,0.4091285978158318,0.4836616583194213
292,0.3,0.7,7,0.4269203116830902,0.4836616583194213
292,0.3,0.5,7,0.43365699914087436,0.4836616583194213
292,0.3,0.3,7,0.37873587412332815,0.4836616583194213
292,0.3,1,5,0.43929008212653864,0.4836616583194213
292,0.3,0.7,5,0.4456830132094263,0.4836616583194213
292,0.3,0.5,5,0.3987732185822967,0.4836616583194213
292,0.3,0.3,5,0.4038760135739775,0.4836616583194213
292,0.3,1,3,0.4108691650579226,0.4836616583194213
292,0.3,0.7,3,0.3724933276990557,0.4836616583194213
292,0.3,0.5,3,0.40626777052248314,0.4836616583194213
292,0.3,0.3,3,0.32884860369967506,0.4836616583194213
293,0.3,1,100,0.3508759293215798,0.4498163606010017
293,0.3,0.7,100,0.3970617696160268,0.4498163606010017
293,0.3,0.5,100,0.3825709515859767,0.4498163606010017
293,0.3,0.3,100,0.33153032832498613,0.4498163606010017
293,0.3,1,7,0.38906151946518625,0.4498163606010017
293,0.3,0.7,7,0.42224735670526964,0.4498163606010017
293,0.3,0.5,7,0.39027068103856066,0.4498163606010017
293,0.3,0.3,7,0.43266023902897255,0.4498163606010017
293,0.3,1,5,0.40402687963243034,0.4498163606010017
293,0.3,0.7,5,0.4132784453811073,0.4498163606010017
293,0.3,0.5,5,0.3451409091711274,0.4498163606010017
293,0.3,0.3,5,0.3648943413980935,0.4498163606010017
293,0.3,1,3,0.38252642935849407,0.4498163606010017
293,0.3,0.7,3,0.387697888592573,0.4498163606010017
293,0.3,0.5,3,0.36327384035534005,0.4498163606010017
293,0.3,0.3,3,0.329395422504067,0.4498163606010017
294,0.3,1,100,0.41038717167305927,0.4393767390094603
294,0.3,0.7,100,0.4338898163606011,0.4393767390094603
294,0.3,0.5,100,0.42475236505286595,0.4393767390094603
294,0.3,0.3,100,0.4409794101279912,0.4393767390094603
294,0.3,1,7,0.42399776876341333,0.4393767390094603
294,0.3,0.7,7,0.43446498674499917,0.4393767390094603
294,0.3,0.5,7,0.45449901200159737,0.4393767390094603
294,0.3,0.3,7,0.4573241264828121,0.4393767390094603
294,0.3,1,5,0.44286725926661497,0.4393767390094603
294,0.3,0.7,5,0.35798517222750526,0.4393767390094603
294,0.3,0.5,5,0.4489064293444568,0.4393767390094603
294,0.3,0.3,5,0.44892979591958054,0.4393767390094603
294,0.3,1,3,0.41856495336138205,0.4393767390094603
294,0.3,0.7,3,0.37879567528607955,0.4393767390094603
294,0.3,0.5,3,0.4280729792188622,0.4393767390094603
294,0.3,0.3,3,0.3257063353614121,0.4393767390094603
295,0.3,1,100,0.46471744869099246,0.5234390651085142
295,0.3,0.7,100,0.5085907784604994,0.5234390651085142
295,0.3,0.5,100,0.47284362826933785,0.5234390651085142
295,0.3,0.3,100,0.47463550361713974,0.5234390651085142
295,0.3,1,7,0.455446211431128,0.5234390651085142
295,0.3,0.7,7,0.45962334287064077,0.5234390651085142
295,0.3,0.5,7,0.4842692809092118,0.5234390651085142
295,0.3,0.3,7,0.5166797583479199,0.5234390651085142
295,0.3,1,5,0.4791104898308375,0.5234390651085142
295,0.3,0.7,5,0.49986714340592747,0.5234390651085142
295,0.3,0.5,5,0.47345030914263514,0.5234390651085142
295,0.3,0.3,5,0.5035308151187023,0.5234390651085142
295,0.3,1,3,0.5142707309101358,0.5234390651085142
295,0.3,0.7,3,0.48180125215564723,0.5234390651085142
295,0.3,0.5,3,0.49311967328265366,0.5234390651085142
295,0.3,0.3,3,0.3995970384713897,0.5234390651085142
296,0.3,1,100,0.4372179001409327,0.4731732698217254
296,0.3,0.7,100,0.43061332947670716,0.4731732698217254
296,0.3,0.5,100,0.38943795214245974,0.4731732698217254
296,0.3,0.3,100,0.4612353923205343,0.4731732698217254
296,0.3,1,7,0.4476078318446855,0.4731732698217254
296,0.3,0.7,7,0.4156313479277686,0.4731732698217254
296,0.3,0.5,7,0.44655262703234394,0.4731732698217254
296,0.3,0.3,7,0.45198318491089196,0.4731732698217254
296,0.3,1,5,0.43486789049119584,0.4731732698217254
296,0.3,0.7,5,0.43160909023722055,0.4731732698217254
296,0.3,0.5,5,0.422090707398806,0.4731732698217254
296,0.3,0.3,5,0.42736555895109,0.4731732698217254
296,0.3,1,3,0.42385445309293734,0.4731732698217254
296,0.3,0.7,3,0.4207118354779624,0.4731732698217254
296,0.3,0.5,3,0.44302020418864374,0.4731732698217254
296,0.3,0.3,3,0.3369770039308922,0.4731732698217254
297,0.3,1,100,0.4214129543941676,0.4771910884578529
297,0.3,0.7,100,0.4505584401035241,0.4771910884578529
297,0.3,0.5,100,0.409415692821369,0.4771910884578529
297,0.3,0.3,100,0.44994991652754596,0.4771910884578529
297,0.3,1,7,0.4473457326473155,0.4771910884578529
297,0.3,0.7,7,0.4225525318745771,0.4771910884578529
297,0.3,0.5,7,0.443733149894236,0.4771910884578529
297,0.3,0.3,7,0.4502781309873686,0.4771910884578529
297,0.3,1,5,0.4355084059946455,0.4771910884578529
297,0.3,0.7,5,0.46062312928106497,0.4771910884578529
297,0.3,0.5,5,0.45854871252874146,0.4771910884578529
297,0.3,0.3,5,0.45327372817220124,0.4771910884578529
297,0.3,1,3,0.45308507012954513,0.4771910884578529
297,0.3,0.7,3,0.455444250200459,0.4771910884578529
297,0.3,0.5,3,0.4554987241977547,0.4771910884578529
297,0.3,0.3,3,0.3584160804721571,0.4771910884578529
298,0.3,1,100,0.34032429189784313,0.40567612687813026
298,0.3,0.7,100,0.3661785288666239,0.40567612687813026
298,0.3,0.5,100,0.34258208124652206,0.40567612687813026
298,0.3,0.3,100,0.39914301613800784,0.40567612687813026
298,0.3,1,7,0.3368656992281202,0.40567612687813026
298,0.3,0.7,7,0.3772838764479161,0.40567612687813026
298,0.3,0.5,7,0.3607081490472614,0.40567612687813026
298,0.3,0.3,7,0.382632211882357,0.40567612687813026
298,0.3,1,5,0.34114228104363103,0.40567612687813026
298,0.3,0.7,5,0.3756044760214212,0.40567612687813026
298,0.3,0.5,5,0.43056976474845915,0.40567612687813026
298,0.3,0.3,5,0.310494638941403,0.40567612687813026
298,0.3,1,3,0.3839523193715545,0.40567612687813026
298,0.3,0.7,3,0.34075214215801086,0.40567612687813026
298,0.3,0.5,3,0.3718274231332487,0.40567612687813026
298,0.3,0.3,3,0.3144285928365767,0.40567612687813026
299,0.3,1,100,0.35583047484222163,0.41599332220367286
299,0.3,0.7,100,0.34651738040585,0.41599332220367286
299,0.3,0.5,100,0.38685587089593776,0.41599332220367286
299,0.3,0.3,100,0.3767056204785755,0.41599332220367286
299,0.3,1,7,0.35124187470836105,0.41599332220367286
299,0.3,0.7,7,0.4193474052170224,0.41599332220367286
299,0.3,0.5,7,0.37347290758439633,0.41599332220367286
299,0.3,0.3,7,0.3993588074790605,0.41599332220367286
299,0.3,1,5,0.37575032901738836,0.41599332220367286
299,0.3,0.7,5,0.3660889616131106,0.41599332220367286
299,0.3,0.5,5,0.4092712209483949,0.41599332220367286
299,0.3,0.3,5,0.3759322137291582,0.41599332220367286
299,0.3,1,3,0.38345454295769127,0.41599332220367286
299,0.3,0.7,3,0.3487365450996091,0.41599332220367286
299,0.3,0.5,3,0.35491210536310236,0.41599332220367286
299,0.3,0.3,3,0.25311394567442225,0.41599332220367286
300,0.3,1,100,0.31104803684003096,0.3916082359488036
300,0.3,0.7,100,0.33090242321336555,0.3916082359488036
300,0.3,0.5,100,0.3915414579855315,0.3916082359488036
300,0.3,0.3,100,0.37725097384529777,0.3916082359488036
300,0.3,1,7,0.3693197352909657,0.3916082359488036
300,0.3,0.7,7,0.35050173785841415,0.3916082359488036
300,0.3,0.5,7,0.3833915579704095,0.3916082359488036
300,0.3,0.3,7,0.33872422567183674,0.3916082359488036
300,0.3,1,5,0.3347382023344401,0.3916082359488036
300,0.3,0.7,5,0.34613569898363317,0.3916082359488036
300,0.3,0.5,5,0.3658056167138534,0.3916082359488036
300,0.3,0.3,5,0.37444400869846756,0.3916082359488036
300,0.3,1,3,0.3676318060796763,0.3916082359488036
300,0.3,0.7,3,0.40155799335075837,0.3916082359488036
300,0.3,0.5,3,0.35191087407825217,0.3916082359488036
300,0.3,0.3,3,0.28070205482905963,0.3916082359488036
301,0.3,1,100,0.3545410947241782,0.34291597106288263
301,0.3,0.7,100,0.3773393807632299,0.34291597106288263
301,0.3,0.5,100,0.40475236505286594,0.34291597106288263
301,0.3,0.3,100,0.3791318864774625,0.34291597106288263
301,0.3,1,7,0.40363256679275705,0.34291597106288263
301,0.3,0.7,7,0.39765547918861816,0.34291597106288263
301,0.3,0.5,7,0.39105669131871745,0.34291597106288263
301,0.3,0.3,7,0.3860829031879654,0.34291597106288263
301,0.3,1,5,0.40785766725468336,0.34291597106288263
301,0.3,0.7,5,0.3973596480612351,0.34291597106288263
301,0.3,0.5,5,0.37809857844411626,0.34291597106288263
301,0.3,0.3,5,0.41748035403906253,0.34291597106288263
301,0.3,1,3,0.3975893438327562,0.34291597106288263
301,0.3,0.7,3,0.36157637359290073,0.34291597106288263
301,0.3,0.5,3,0.3550342215060916,0.34291597106288263
301,0.3,0.3,3,0.26876187221589587,0.34291597106288263
302,0.3,1,100,0.41159414174269376,0.47021702838063445
302,0.3,0.7,100,0.4198441847523651,0.47021702838063445
302,0.3,0.5,100,0.40031163049526997,0.47021702838063445
302,0.3,0.3,100,0.4257651641624931,0.47021702838063445
302,0.3,1,7,0.4011649069088252,0.47021702838063445
302,0.3,0.7,7,0.39544740357706326,0.47021702838063445
302,0.3,0.5,7,0.42798924238582803,0.47021702838063445
302,0.3,0.3,7,0.411064812453272,0.47021702838063445
302,0.3,1,5,0.3508289200501565,0.47021702838063445
302,0.3,0.7,5,0.40400648743187506,0.47021702838063445
302,0.3,0.5,5,0.4380026262539643,0.47021702838063445
302,0.3,0.3,5,0.40674586671919416,0.47021702838063445
302,0.3,1,3,0.4064007611223293,0.47021702838063445
302,0.3,0.7,3,0.42415664715317525,0.47021702838063445
302,0.3,0.5,3,0.4280797264358274,0.47021702838063445
302,0.3,0.3,3,0.3268841299394318,0.47021702838063445
303,0.3,1,100,0.3874807660790786,0.5014649456473103
303,0.3,0.7,100,0.4161046188091264,0.5014649456473103
303,0.3,0.5,100,0.3908024229353551,0.5014649456473103
303,0.3,0.3,100,0.38712298274902623,0.5014649456473103
303,0.3,1,7,0.4094026140271136,0.5014649456473103
303,0.3,0.7,7,0.4236717671008856,0.5014649456473103
303,0.3,0.5,7,0.3912412438844829,0.5014649456473103
303,0.3,0.3,7,0.39086448219944175,0.5014649456473103
303,0.3,1,5,0.42894174098811394,0.5014649456473103
303,0.3,0.7,5,0.4040171731558219,0.5014649456473103
303,0.3,0.5,5,0.43157929962722635,0.5014649456473103
303,0.3,0.3,5,0.4404140141014206,0.5014649456473103
303,0.3,1,3,0.4232922302515869,0.5014649456473103
303,0.3,0.7,3,0.396184163915024,0.5014649456473103
303,0.3,0.5,3,0.39587917212738405,0.5014649456473103
303,0.3,0.3,3,0.3220887532621618,0.5014649456473103
304,0.3,1,100,0.378861837534081,0.3966722314969394
304,0.3,0.7,100,0.4030339539079427,0.3966722314969394
304,0.3,0.5,100,0.39492487479131894,0.3966722314969394
304,0.3,0.3,100,0.3718530884808014,0.3966722314969394
304,0.3,1,7,0.3934112902731449,0.3966722314969394
304,0.3,0.7,7,0.3934232011748212,0.3966722314969394
304,0.3,0.5,7,0.38118864998679625,0.3966722314969394
304,0.3,0.3,7,0.3932595979844481,0.3966722314969394
304,0.3,1,5,0.3762303591515502,0.3966722314969394
304,0.3,0.7,5,0.3776609744335579,0.3966722314969394
304,0.3,0.5,5,0.4070683712037688,0.3966722314969394
304,0.3,0.3,5,0.43157673116754486,0.3966722314969394
304,0.3,1,3,0.39492891204199454,0.3966722314969394
304,0.3,0.7,3,0.4169042610470794,0.3966722314969394
304,0.3,0.5,3,0.3763363179411427,0.3966722314969394
304,0.3,0.3,3,0.3170823383879592,0.3966722314969394
305,0.3,1,100,0.3847945612701399,0.4270005564830273
305,0.3,0.7,100,0.34589604254996836,0.4270005564830273
305,0.3,0.5,100,0.36132442960489713,0.4270005564830273
305,0.3,0.3,100,0.3746800222593212,0.4270005564830273
305,0.3,1,7,0.4010217103412041,0.4270005564830273
305,0.3,0.7,7,0.37907679004191125,0.4270005564830273
305,0.3,0.5,7,0.3966317088514104,0.4270005564830273
305,0.3,0.3,7,0.3620107594590245,0.4270005564830273
305,0.3,1,5,0.39472352940339445,0.4270005564830273
305,0.3,0.7,5,0.40276422252048477,0.4270005564830273
305,0.3,0.5,5,0.36428236618060555,0.4270005564830273
305,0.3,0.3,5,0.41169845955578477,0.4270005564830273
305,0.3,1,3,0.37288044418517874,0.4270005564830273
305,0.3,0.7,3,0.3963735932626043,0.4270005564830273
305,0.3,0.5,3,0.3797634353028659,0.4270005564830273
305,0.3,0.3,3,0.30972033397188237,0.4270005564830273
306,0.3,1,100,0.39138468630702555,0.47981079577072905
306,0.3,0.7,100,0.4298274902615471,0.47981079577072905
306,0.3,0.5,100,0.42427378964941576,0.47981079577072905
306,0.3,0.3,100,0.44353923205342244,0.47981079577072905
306,0.3,1,7,0.4097620608159109,0.47981079577072905
306,0.3,0.7,7,0.40060483606293007,0.47981079577072905
306,0.3,0.5,7,0.40640818394821654,0.47981079577072905
306,0.3,0.3,7,0.39583341719126924,0.47981079577072905
306,0.3,1,5,0.44450534850600365,0.47981079577072905
306,0.3,0.7,5,0.4359701865329975,0.47981079577072905
306,0.3,0.5,5,0.4471959734961226,0.47981079577072905
306,0.3,0.3,5,0.4395568521570481,0.47981079577072905
306,0.3,1,3,0.4315130662202832,0.47981079577072905
306,0.3,0.7,3,0.41070424768843095,0.47981079577072905
306,0.3,0.5,3,0.3877853415323555,0.47981079577072905
306,0.3,0.3,3,0.32148538056052733,0.47981079577072905
307,0.3,1,100,0.3680373169050642,0.4313145000420147
307,0.3,0.7,100,0.38763494713411245,0.4313145000420147
307,0.3,0.5,100,0.3889371174179188,0.4313145000420147
307,0.3,0.3,100,0.4162938230383974,0.4313145000420147
307,0.3,1,7,0.371186878607937,0.4313145000420147
307,0.3,0.7,7,0.44611513093259886,0.4313145000420147
307,0.3,0.5,7,0.4023678843859478,0.4313145000420147
307,0.3,0.3,7,0.39425793992387864,0.4313145000420147
307,0.3,1,5,0.4230832980801718,0.4313145000420147
307,0.3,0.7,5,0.40954416660017734,0.4313145000420147
307,0.3,0.5,5,0.40115901024414735,0.4313145000420147
307,0.3,0.3,5,0.3514486244439334,0.4313145000420147
307,0.3,1,3,0.36512722049792495,0.4313145000420147
307,0.3,0.7,3,0.4141992123320989,0.4313145000420147
307,0.3,0.5,3,0.38610835814603434,0.4313145000420147
307,0.3,0.3,3,0.314638633879499,0.4313145000420147
308,0.3,1,100,0.3406459209446019,0.4532442960489706
308,0.3,0.7,100,0.3953989855301492,0.4532442960489706
308,0.3,0.5,100,0.3680578742348359,0.4532442960489706
308,0.3,0.3,100,0.3534557595993323,0.4532442960489706
308,0.3,1,7,0.3477182886706386,0.4532442960489706
308,0.3,0.7,7,0.3780983013271182,0.4532442960489706
308,0.3,0.5,7,0.3995203349077633,0.4532442960489706
308,0.3,0.3,7,0.411813703719352,0.4532442960489706
308,0.3,1,5,0.36439412925325926,0.4532442960489706
308,0.3,0.7,5,0.3851014057182082,0.4532442960489706
308,0.3,0.5,5,0.3789414522998812,0.4532442960489706
308,0.3,0.3,5,0.35513201491052165,0.4532442960489706
308,0.3,1,3,0.3583064337267001,0.4532442960489706
308,0.3,0.7,3,0.37748809903117525,0.4532442960489706
308,0.3,0.5,3,0.38155014005902305,0.4532442960489706
308,0.3,0.3,3,0.2862419157232587,0.4532442960489706
309,0.3,1,100,0.40547889296039963,0.4760823594880357
309,0.3,0.7,100,0.410328324986088,0.4760823594880357
309,0.3,0.5,100,0.42981636060100176,0.4760823594880357
309,0.3,0.3,100,0.39465776293823046,0.4760823594880357
309,0.3,1,7,0.3373319943372841,0.4760823594880357
309,0.3,0.7,7,0.4012395748628563,0.4760823594880357
309,0.3,0.5,7,0.3865873345622144,0.4760823594880357
309,0.3,0.3,7,0.4089188892954431,0.4760823594880357
309,0.3,1,5,0.4005230127259447,0.4760823594880357
309,0.3,0.7,5,0.4338410367487054,0.4760823594880357
309,0.3,0.5,5,0.47586880010961136,0.4760823594880357
309,0.3,0.3,5,0.4122310816704507,0.4760823594880357
309,0.3,1,3,0.4315364141305332,0.4760823594880357
309,0.3,0.7,3,0.4036978980891964,0.4760823594880357
309,0.3,0.5,3,0.3906591168681887,0.4760823594880357
309,0.3,0.3,3,0.33804620936186075,0.4760823594880357
310,0.3,1,100,0.3805317123087741,0.47180856983862
310,0.3,0.7,100,0.40631051752921543,0.47180856983862
310,0.3,0.5,100,0.4021480244852533,0.47180856983862
310,0.3,0.3,100,0.36897050639955487,0.47180856983862
310,0.3,1,7,0.3718205356206735,0.47180856983862
310,0.3,0.7,7,0.39339322014914613,0.47180856983862
310,0.3,0.5,7,0.414061525549328,0.47180856983862
310,0.3,0.3,7,0.38884533353362094,0.47180856983862
310,0.3,1,5,0.3784653463893553,0.47180856983862
310,0.3,0.7,5,0.3931245342655636,0.47180856983862
310,0.3,0.5,5,0.39730630505635284,0.47180856983862
310,0.3,0.3,5,0.42183093565552326,0.47180856983862
310,0.3,1,3,0.4610518993658807,0.47180856983862
310,0.3,0.7,3,0.4275074941807765,0.47180856983862
310,0.3,0.5,3,0.411294353975884,0.47180856983862
310,0.3,0.3,3,0.30622838191840807,0.47180856983862
311,0.3,1,100,0.31135721814468287,0.43386755703951035
311,0.3,0.7,100,0.30310517529215364,0.43386755703951035
311,0.3,0.5,100,0.32293823038397335,0.43386755703951035
311,0.3,0.3,100,0.3247189760712299,0.43386755703951035
311,0.3,1,7,0.36698146989315833,0.43386755703951035
311,0.3,0.7,7,0.3438311885900386,0.43386755703951035
311,0.3,0.5,7,0.31434272899653753,0.43386755703951035
311,0.3,0.3,7,0.38233410260179906,0.43386755703951035
311,0.3,1,5,0.30525159668674695,0.43386755703951035
311,0.3,0.7,5,0.3953883810019852,0.43386755703951035
311,0.3,0.5,5,0.3466108810983955,0.43386755703951035
311,0.3,0.3,5,0.32842593967925204,0.43386755703951035
311,0.3,1,3,0.3564978962111628,0.43386755703951035
311,0.3,0.7,3,0.3014665354816289,0.43386755703951035
311,0.3,0.5,3,0.33665083484864206,0.43386755703951035
311,0.3,0.3,3,0.24506412607332007,0.43386755703951035
312,0.3,1,100,0.4216177875812387,0.4841513633834169
312,0.3,0.7,100,0.41301958559801955,0.4841513633834169
312,0.3,0.5,100,0.4067334446299389,0.4841513633834169
312,0.3,0.3,100,0.4113188647746244,0.4841513633834169
312,0.3,1,7,0.41555522877657664,0.4841513633834169
312,0.3,0.7,7,0.39053114226428653,0.4841513633834169
312,0.3,0.5,7,0.3844741457276361,0.4841513633834169
312,0.3,0.3,7,0.42034559946303157,0.4841513633834169
312,0.3,1,5,0.44982035532064724,0.4841513633834169
312,0.3,0.7,5,0.42717739327303467,0.4841513633834169
312,0.3,0.5,5,0.446278393497168,0.4841513633834169
312,0.3,0.3,5,0.4121415332423182,0.4841513633834169
312,0.3,1,3,0.413471077925318,0.4841513633834169
312,0.3,0.7,3,0.4019770647088295,0.4841513633834169
312,0.3,0.5,3,0.4144607516481204,0.4841513633834169
312,0.3,0.3,3,0.3234710180098214,0.4841513633834169
313,0.3,1,100,0.3801530578053806,0.4117529215358932
313,0.3,0.7,100,0.35486922648859215,0.4117529215358932
313,0.3,0.5,100,0.38940456316082367,0.4117529215358932
313,0.3,0.3,100,0.3790651085141904,0.4117529215358932
313,0.3,1,7,0.3862206382066295,0.4117529215358932
313,0.3,0.7,7,0.39970202910883373,0.4117529215358932
313,0.3,0.5,7,0.402891606204969,0.4117529215358932
313,0.3,0.3,7,0.41236436692580875,0.4117529215358932
313,0.3,1,5,0.33960893886393345,0.4117529215358932
313,0.3,0.7,5,0.4073215378978279,0.4117529215358932
313,0.3,0.5,5,0.39167255751253816,0.4117529215358932
313,0.3,0.3,5,0.36873947511345817,0.4117529215358932
313,0.3,1,3,0.35371343620127754,0.4117529215358932
313,0.3,0.7,3,0.3798125913693641,0.4117529215358932
313,0.3,0.5,3,0.3847753623721454,0.4117529215358932
313,0.3,0.3,3,0.31560121264348096,0.4117529215358932
314,0.3,1,100,0.3521507225445685,0.4202337228714525
314,0.3,0.7,100,0.3823104683110745,0.4202337228714525
314,0.3,0.5,100,0.35675013912075687,0.4202337228714525
314,0.3,0.3,100,0.35578185865331113,0.4202337228714525
314,0.3,1,7,0.3110925015988874,0.4202337228714525
314,0.3,0.7,7,0.38062269316034114,0.4202337228714525
314,0.3,0.5,7,0.34650575775360276,0.4202337228714525
314,0.3,0.3,7,0.3878513765547451,0.4202337228714525
314,0.3,1,5,0.32834981694151133,0.4202337228714525
314,0.3,0.7,5,0.4106167837712917,0.4202337228714525
314,0.3,0.5,5,0.3814750969784403,0.4202337228714525
314,0.3,0.3,5,0.3696465544219724,0.4202337228714525
314,0.3,1,3,0.3421671770405462,0.4202337228714525
314,0.3,0.7,3,0.3961007874330019,0.4202337228714525
314,0.3,0.5,3,0.37633586089020277,0.4202337228714525
314,0.3,0.3,3,0.2591392742592349,0.4202337228714525
315,0.3,1,100,0.35803651156793653,0.46764607679465786
315,0.3,0.7,100,0.371303203404897,0.46764607679465786
315,0.3,0.5,100,0.40473010573177526,0.46764607679465786
315,0.3,0.3,100,0.40917084028937123,0.46764607679465786
315,0.3,1,7,0.38214629408752965,0.46764607679465786
315,0.3,0.7,7,0.40602074083205564,0.46764607679465786
315,0.3,0.5,7,0.39642441080215574,0.46764607679465786
315,0.3,0.3,7,0.423756059284839,0.46764607679465786
315,0.3,1,5,0.42080440541366304,0.46764607679465786
315,0.3,0.7,5,0.41525801035796256,0.46764607679465786
315,0.3,0.5,5,0.4511924644226437,0.46764607679465786
315,0.3,0.3,5,0.4127954909313271,0.46764607679465786
315,0.3,1,3,0.3735530532500319,0.46764607679465786
315,0.3,0.7,3,0.3924172820813698,0.46764607679465786
315,0.3,0.5,3,0.41058067965622563,0.46764607679465786
315,0.3,0.3,3,0.30608666586881705,0.46764607679465786
316,0.3,1,100,0.40152059764370196,0.4420546523518847
316,0.3,0.7,100,0.42012242626599894,0.4420546523518847
316,0.3,0.5,100,0.4027156371730663,0.4420546523518847
316,0.3,0.3,100,0.38752365052865895,0.4420546523518847
316,0.3,1,7,0.3963140023285574,0.4420546523518847
316,0.3,0.7,7,0.3705490163117002,0.4420546523518847
316,0.3,0.5,7,0.40210099729747234,0.4420546523518847
316,0.3,0.3,7,0.404790802428972,0.4420546523518847
316,0.3,1,5,0.38750480515638214,0.4420546523518847
316,0.3,0.7,5,0.3803039703852726,0.4420546523518847
316,0.3,0.5,5,0.3930729487993184,0.4420546523518847
316,0.3,0.3,5,0.37830829167398944,0.4420546523518847
316,0.3,1,3,0.4028659666661868,0.4420546523518847
316,0.3,0.7,3,0.4079517166621791,0.4420546523518847
316,0.3,0.5,3,0.3831914207702329,0.4420546523518847
316,0.3,0.3,3,0.28931123161740857,0.4420546523518847
317,0.3,1,100,0.364705671178722,0.45238731218697836
317,0.3,0.7,100,0.3452198107957708,0.45238731218697836
317,0.3,0.5,100,0.3698274902615471,0.45238731218697836
317,0.3,0.3,100,0.3416694490818031,0.45238731218697836
317,0.3,1,7,0.3522903031098644,0.45238731218697836
317,0.3,0.7,7,0.367179456454149,0.45238731218697836
317,0.3,0.5,7,0.37377371338220233,0.45238731218697836
317,0.3,0.3,7,0.4137616445201498,0.45238731218697836
317,0.3,1,5,0.34236989059115924,0.45238731218697836
317,0.3,0.7,5,0.3741038374102588,0.45238731218697836
317,0.3,0.5,5,0.3730874704428502,0.45238731218697836
317,0.3,0.3,5,0.3442607491471635,0.45238731218697836
317,0.3,1,3,0.4061247342631525,0.45238731218697836
317,0.3,0.7,3,0.3302117593118394,0.45238731218697836
317,0.3,0.5,3,0.3509048597623628,0.45238731218697836
317,0.3,0.3,3,0.24535268130271606,0.45238731218697836
318,0.3,1,100,0.34178515703978263,0.4528881469115193
318,0.3,0.7,100,0.4091552842399929,0.4528881469115193
318,0.3,0.5,100,0.38974958263772963,0.4528881469115193
318,0.3,0.3,100,0.4057429048414024,0.4528881469115193
318,0.3,1,7,0.3398432249439486,0.4528881469115193
318,0.3,0.7,7,0.3132456311187692,0.4528881469115193
318,0.3,0.5,7,0.36005735196127014,0.4528881469115193
318,0.3,0.3,7,0.34314938926520083,0.4528881469115193
318,0.3,1,5,0.38043389821861884,0.4528881469115193
318,0.3,0.7,5,0.43248830581698616,0.4528881469115193
318,0.3,0.5,5,0.36554039006283967,0.4528881469115193
318,0.3,0.3,5,0.39083962141144324,0.4528881469115193
318,0.3,1,3,0.3598775939496998,0.4528881469115193
318,0.3,0.7,3,0.3640208102617953,0.4528881469115193
318,0.3,0.5,3,0.3633376793792695,0.4528881469115193
318,0.3,0.3,3,0.230504788839581,0.4528881469115193
319,0.3,1,100,0.38072790966826897,0.4573400111296606
319,0.3,0.7,100,0.40380190262232724,0.4573400111296606
319,0.3,0.5,100,0.4417696160267113,0.4573400111296606
319,0.3,0.3,100,0.41049526989426827,0.4573400111296606
319,0.3,1,7,0.376168910377871,0.4573400111296606
319,0.3,0.7,7,0.38704842456821154,0.4573400111296606
319,0.3,0.5,7,0.413851120353077,0.4573400111296606
319,0.3,0.3,7,0.4194326733667252,0.4573400111296606
319,0.3,1,5,0.3497267941396149,0.4573400111296606
319,0.3,0.7,5,0.3987285434757924,0.4573400111296606
319,0.3,0.5,5,0.3600335256722259,0.4573400111296606
319,0.3,0.3,5,0.40190843702242746,0.4573400111296606
319,0.3,1,3,0.406669107549266,0.4573400111296606
319,0.3,0.7,3,0.4101501411480911,0.4573400111296606
319,0.3,0.5,3,0.4076168203143181,0.4573400111296606
319,0.3,0.3,3,0.31925970065530096,0.4573400111296606
320,0.3,1,100,0.39507134904295155,0.3953589315525877
320,0.3,0.7,100,0.34579855314412916,0.3953589315525877
320,0.3,0.5,100,0.3977963272120201,0.3953589315525877
320,0.3,0.3,100,0.36796883695047305,0.3953589315525877
320,0.3,1,7,0.3657146913066199,0.3953589315525877
320,0.3,0.7,7,0.38308966357615104,0.3953589315525877
320,0.3,0.5,7,0.39755387648800283,0.3953589315525877
320,0.3,0.3,7,0.3508034055665432,0.3953589315525877
320,0.3,1,5,0.37913893551206485,0.3953589315525877
320,0.3,0.7,5,0.39370257755418764,0.3953589315525877
320,0.3,0.5,5,0.43306652792098815,0.3953589315525877
320,0.3,0.3,5,0.4154049788056011,0.3953589315525877
320,0.3,1,3,0.3627993388756941,0.3953589315525877
320,0.3,0.7,3,0.37241869496132135,0.3953589315525877
320,0.3,0.5,3,0.34185372417119886,0.3953589315525877
320,0.3,0.3,3,0.2790364195911064,0.3953589315525877
321,0.3,1,100,0.48535604415825045,0.4417696160267113
321,0.3,0.7,100,0.48327137594362674,0.4417696160267113
321,0.3,0.5,100,0.49225375626043416,0.4417696160267113
321,0.3,0.3,100,0.47976627712854764,0.4417696160267113
321,0.3,1,7,0.4458166009189871,0.4417696160267113
321,0.3,0.7,7,0.5129517992420966,0.4417696160267113
321,0.3,0.5,7,0.5116968047827449,0.4417696160267113
321,0.3,0.3,7,0.4842479357404388,0.4417696160267113
321,0.3,1,5,0.4662708830061283,0.4417696160267113
321,0.3,0.7,5,0.5038870943370617,0.4417696160267113
321,0.3,0.5,5,0.5065096901982137,0.4417696160267113
321,0.3,0.3,5,0.47273075495596256,0.4417696160267113
321,0.3,1,3,0.44935907682346504,0.4417696160267113
321,0.3,0.7,3,0.45565909243547886,0.4417696160267113
321,0.3,0.5,3,0.48727907916669444,0.4417696160267113
321,0.3,0.3,3,0.37861351734843535,0.4417696160267113
322,0.3,1,100,0.3308437242222775,0.4260879243183084
322,0.3,0.7,100,0.36159811240571915,0.4260879243183084
322,0.3,0.5,100,0.3180300500834725,0.4260879243183084
322,0.3,0.3,100,0.33870895937673906,0.4260879243183084
322,0.3,1,7,0.3226081995745356,0.4260879243183084
322,0.3,0.7,7,0.3197604650314066,0.4260879243183084
322,0.3,0.5,7,0.3351944642360781,0.4260879243183084
322,0.3,0.3,7,0.29694658850854466,0.4260879243183084
322,0.3,1,5,0.35573062861900134,0.4260879243183084
322,0.3,0.7,5,0.376586815687512,0.4260879243183084
322,0.3,0.5,5,0.33166354871222753,0.4260879243183084
322,0.3,0.3,5,0.3649380696743422,0.4260879243183084
322,0.3,1,3,0.29543460189729276,0.4260879243183084
322,0.3,0.7,3,0.3712136927329561,0.4260879243183084
322,0.3,0.5,3,0.3034966742498925,0.4260879243183084
322,0.3,0.3,3,0.2754787822372526,0.4260879243183084
323,0.3,1,100,0.33299200887796926,0.4317084028937118
323,0.3,0.7,100,0.3851596693383561,0.4317084028937118
323,0.3,0.5,100,0.3802114635503618,0.4317084028937118
323,0.3,0.3,100,0.3710406232609906,0.4317084028937118
323,0.3,1,7,0.38518405259038396,0.4317084028937118
323,0.3,0.7,7,0.36223117321080756,0.4317084028937118
323,0.3,0.5,7,0.3919209015569056,0.4317084028937118
323,0.3,0.3,7,0.3899293716885728,0.4317084028937118
323,0.3,1,5,0.37654628061446527,0.4317084028937118
323,0.3,0.7,5,0.3810466861063666,0.4317084028937118
323,0.3,0.5,5,0.40400272144988725,0.4317084028937118
323,0.3,0.3,5,0.35592841697718586,0.4317084028937118
323,0.3,1,3,0.37865935263409994,0.4317084028937118
323,0.3,0.7,3,0.3656311997316399,0.4317084028937118
323,0.3,0.5,3,0.380281611814226,0.4317084028937118
323,0.3,0.3,3,0.21480116512216565,0.4317084028937118
324,0.3,1,100,0.35063124662621725,0.36811103043322324
324,0.3,0.7,100,0.384028937117418,0.36811103043322324
324,0.3,0.5,100,0.3329549248747914,0.36811103043322324
324,0.3,0.3,100,0.33755147468002233,0.36811103043322324
324,0.3,1,7,0.27296155938150574,0.36811103043322324
324,0.3,0.7,7,0.3788585625860496,0.36811103043322324
324,0.3,0.5,7,0.31912267629294394,0.36811103043322324
324,0.3,0.3,7,0.34707908605619975,0.36811103043322324
324,0.3,1,5,0.337403389763912,0.36811103043322324
324,0.3,0.7,5,0.3154761062298949,0.36811103043322324
324,0.3,0.5,5,0.3558791625777123,0.36811103043322324
324,0.3,0.3,5,0.3277366377377032,0.36811103043322324
324,0.3,1,3,0.3678152801269975,0.36811103043322324
324,0.3,0.7,3,0.33294706489114173,0.36811103043322324
324,0.3,0.5,3,0.3083985468948922,0.36811103043322324
324,0.3,0.3,3,0.24365598867997398,0.36811103043322324
325,0.3,1,100,0.37838530177884777,0.4644629938786868
325,0.3,0.7,100,0.41454877323275846,0.4644629938786868
325,0.3,0.5,100,0.404974958263773,0.4644629938786868
325,0.3,0.3,100,0.4125765164162494,0.4644629938786868
325,0.3,1,7,0.415847148099296,0.4644629938786868
325,0.3,0.7,7,0.38101290189769776,0.4644629938786868
325,0.3,0.5,7,0.4281388887839871,0.4644629938786868
325,0.3,0.3,7,0.4244235458512843,0.4644629938786868
325,0.3,1,5,0.39603880673004915,0.4644629938786868
325,0.3,0.7,5,0.4238634411962599,0.4644629938786868
325,0.3,0.5,5,0.4361064991811956,0.4644629938786868
325,0.3,0.3,5,0.42906537362172753,0.4644629938786868
325,0.3,1,3,0.4001509776371495,0.4644629938786868
325,0.3,0.7,3,0.3402489848147913,0.4644629938786868
325,0.3,0.5,3,0.3833187061838926,0.4644629938786868
325,0.3,0.3,3,0.34048956768585475,0.4644629938786868
326,0.3,1,100,0.3532757521630202,0.43442404006677804
326,0.3,0.7,100,0.36093489148580976,0.43442404006677804
326,0.3,0.5,100,0.3553811908736784,0.43442404006677804
326,0.3,0.3,100,0.31875347801892046,0.43442404006677804
326,0.3,1,7,0.3451429000837736,0.43442404006677804
326,0.3,0.7,7,0.3681613827108268,0.43442404006677804
326,0.3,0.5,7,0.34457064788047004,0.43442404006677804
326,0.3,0.3,7,0.35696466032481,0.43442404006677804
326,0.3,1,5,0.3668630088676928,0.43442404006677804
326,0.3,0.7,5,0.3229975283931385,0.43442404006677804
326,0.3,0.5,5,0.3378802469637603,0.43442404006677804
326,0.3,0.3,5,0.3791030244697533,0.43442404006677804
326,0.3,1,3,0.3657040724452384,0.43442404006677804
326,0.3,0.7,3,0.3438486850531889,0.43442404006677804
326,0.3,0.5,3,0.3671866321790554,0.43442404006677804
326,0.3,0.3,3,0.2425854233722706,0.43442404006677804
327,0.3,1,100,0.3803419536713349,0.445698386199221
327,0.3,0.7,100,0.3663834121280547,0.445698386199221
327,0.3,0.5,100,0.38095715080690046,0.445698386199221
327,0.3,0.3,100,0.4078018920422928,0.445698386199221
327,0.3,1,7,0.3815994750053467,0.445698386199221
327,0.3,0.7,7,0.36314614623757735,0.445698386199221
327,0.3,0.5,7,0.4351246884139347,0.445698386199221
327,0.3,0.3,7,0.3871949126982476,0.445698386199221
327,0.3,1,5,0.37913900383972543,0.445698386199221
327,0.3,0.7,5,0.4055974681696526,0.445698386199221
327,0.3,0.5,5,0.3981129898992676,0.445698386199221
327,0.3,0.3,5,0.37547051238225276,0.445698386199221
327,0.3,1,3,0.3433677426583689,0.445698386199221
327,0.3,0.7,3,0.38043303612073764,0.445698386199221
327,0.3,0.5,3,0.4048608173560309,0.445698386199221
327,0.3,0.3,3,0.31091942325166294,0.445698386199221
328,0.3,1,100,0.3548262345729435,0.3826043405676128
328,0.3,0.7,100,0.3517483354168747,0.3826043405676128
328,0.3,0.5,100,0.3824485253199778,0.3826043405676128
328,0.3,0.3,100,0.36954924874791323,0.3826043405676128
328,0.3,1,7,0.3846109649733942,0.3826043405676128
328,0.3,0.7,7,0.372079387594939,0.3826043405676128
328,0.3,0.5,7,0.3177590273757786,0.3826043405676128
328,0.3,0.3,7,0.38477456624405676,0.3826043405676128
328,0.3,1,5,0.37637515207316036,0.3826043405676128
328,0.3,0.7,5,0.40026811963411524,0.3826043405676128
328,0.3,0.5,5,0.33626644608005607,0.3826043405676128
328,0.3,0.3,5,0.31441716498547534,0.3826043405676128
328,0.3,1,3,0.3287696516593984,0.3826043405676128
328,0.3,0.7,3,0.3716235313771415,0.3826043405676128
328,0.3,0.5,3,0.3852866771541564,0.3826043405676128
328,0.3,0.3,3,0.2683777064681263,0.3826043405676128
329,0.3,1,100,0.3642303406160398,0.43948803561491384
329,0.3,0.7,100,0.37823700121738296,0.43948803561491384
329,0.3,0.5,100,0.36481914301613805,0.43948803561491384
329,0.3,0.3,100,0.3685920979410129,0.43948803561491384
329,0.3,1,7,0.3280714395048483,0.43948803561491384
329,0.3,0.7,7,0.3721986692016146,0.43948803561491384
329,0.3,0.5,7,0.3997873400415793,0.43948803561491384
329,0.3,0.3,7,0.39807036091082015,0.43948803561491384
329,0.3,1,5,0.3602498410136861,0.43948803561491384
329,0.3,0.7,5,0.3814263649736636,0.43948803561491384
329,0.3,0.5,5,0.4098400142473395,0.43948803561491384
329,0.3,0.3,5,0.3586841796638822,0.43948803561491384
329,0.3,1,3,0.3826524340994749,0.43948803561491384
329,0.3,0.7,3,0.4116239243502827,0.43948803561491384
329,0.3,0.5,3,0.39556298541724194,0.43948803561491384
329,0.3,0.3,3,0.27820722911871154,0.43948803561491384
330,0.3,1,100,0.4031459163323646,0.4055759599332221
330,0.3,0.7,100,0.3989938758887896,0.4055759599332221
330,0.3,0.5,100,0.4188870339454647,0.4055759599332221
330,0.3,0.3,100,0.41009460211463555,0.4055759599332221
330,0.3,1,7,0.36981847753190156,0.4055759599332221
330,0.3,0.7,7,0.36803361182794786,0.4055759599332221
330,0.3,0.5,7,0.41720741736967626,0.4055759599332221
330,0.3,0.3,7,0.38709292521034283,0.4055759599332221
330,0.3,1,5,0.3923778459946816,0.4055759599332221
330,0.3,0.7,5,0.39330048730341205,0.4055759599332221
330,0.3,0.5,5,0.3880986214285445,0.4055759599332221
330,0.3,0.3,5,0.42371903242060693,0.4055759599332221
330,0.3,1,3,0.4243087121868575,0.4055759599332221
330,0.3,0.7,3,0.4106788159745641,0.4055759599332221
330,0.3,0.5,3,0.4128274213108803,0.4055759599332221
330,0.3,0.3,3,0.3612446532976791,0.4055759599332221
331,0.3,1,100,0.3623304984518175,0.43208681135225385
331,0.3,0.7,100,0.34618809126321654,0.43208681135225385
331,0.3,0.5,100,0.3678686700055649,0.43208681135225385
331,0.3,0.3,100,0.3839176405119644,0.43208681135225385
331,0.3,1,7,0.3687946754898289,0.43208681135225385
331,0.3,0.7,7,0.3943344813860279,0.43208681135225385
331,0.3,0.5,7,0.39305190083698444,0.43208681135225385
331,0.3,0.3,7,0.35332585221987817,0.43208681135225385
331,0.3,1,5,0.3761181071309994,0.43208681135225385
331,0.3,0.7,5,0.3540412494836106,0.43208681135225385
331,0.3,0.5,5,0.43860843208585465,0.43208681135225385
331,0.3,0.3,5,0.34492779123255035,0.43208681135225385
331,0.3,1,3,0.3468578538286975,0.43208681135225385
331,0.3,0.7,3,0.37433537685520496,0.43208681135225385
331,0.3,0.5,3,0.3399430738736549,0.43208681135225385
331,0.3,0.3,3,0.29444117529126046,0.43208681135225385
332,0.3,1,100,0.3372339967702622,0.33555926544240405
332,0.3,0.7,100,0.3313299944351698,0.33555926544240405
332,0.3,0.5,100,0.35451307735114085,0.33555926544240405
332,0.3,0.3,100,0.37210907067334453,0.33555926544240405
332,0.3,1,7,0.32664839877682056,0.33555926544240405
332,0.3,0.7,7,0.3654904449988215,0.33555926544240405
332,0.3,0.5,7,0.3907462792297141,0.33555926544240405
332,0.3,0.3,7,0.3154391463589185,0.33555926544240405
332,0.3,1,5,0.31555108814769195,0.33555926544240405
332,0.3,0.7,5,0.3587027847689035,0.33555926544240405
332,0.3,0.5,5,0.4118856882648748,0.33555926544240405
332,0.3,0.3,5,0.3420275643253516,0.33555926544240405
332,0.3,1,3,0.3742444038455575,0.33555926544240405
332,0.3,0.7,3,0.35319112629828886,0.33555926544240405
332,0.3,0.5,3,0.32176395757377296,0.33555926544240405
332,0.3,0.3,3,0.2922672209589432,0.33555926544240405
333,0.3,1,100,0.37771018997553285,0.48781302170283813
333,0.3,0.7,100,0.39047301057317757,0.48781302170283813
333,0.3,0.5,100,0.4370395102949361,0.48781302170283813
333,0.3,0.3,100,0.3631719532554258,0.48781302170283813
333,0.3,1,7,0.4018972444044638,0.48781302170283813
333,0.3,0.7,7,0.41243694116763047,0.48781302170283813
333,0.3,0.5,7,0.4282257847479298,0.48781302170283813
333,0.3,0.3,7,0.4215439356814977,0.48781302170283813
333,0.3,1,5,0.42432761077129927,0.48781302170283813
333,0.3,0.7,5,0.40767490434411524,0.48781302170283813
333,0.3,0.5,5,0.40413363048754963,0.48781302170283813
333,0.3,0.3,5,0.3767719889277196,0.48781302170283813
333,0.3,1,3,0.39836746428304165,0.48781302170283813
333,0.3,0.7,3,0.4209302768694325,0.48781302170283813
333,0.3,0.5,3,0.4111641478629413,0.48781302170283813
333,0.3,0.3,3,0.2846748423408134,0.48781302170283813
334,0.3,1,100,0.36694302030976517,0.45656093489148586
334,0.3,0.7,100,0.3254646633277686,0.45656093489148586
334,0.3,0.5,100,0.32389538119087374,0.45656093489148586
334,0.3,0.3,100,0.3738119087367836,0.45656093489148586
334,0.3,1,7,0.3562240282420042,0.45656093489148586
334,0.3,0.7,7,0.38437265253546,0.45656093489148586
334,0.3,0.5,7,0.38647842618314987,0.45656093489148586
334,0.3,0.3,7,0.36706055092983675,0.45656093489148586
334,0.3,1,5,0.3767169148538604,0.45656093489148586
334,0.3,0.7,5,0.3200292160927535,0.45656093489148586
334,0.3,0.5,5,0.390430354735899,0.45656093489148586
334,0.3,0.3,5,0.3532614755650285,0.45656093489148586
334,0.3,1,3,0.4062674665914426,0.45656093489148586
334,0.3,0.7,3,0.3235709122197371,0.45656093489148586
334,0.3,0.5,3,0.32619068438783305,0.45656093489148586
334,0.3,0.3,3,0.17510314628725826,0.45656093489148586
335,0.3,1,100,0.3836257680354504,0.44915971062882587
335,0.3,0.7,100,0.4170796245971198,0.44915971062882587
335,0.3,0.5,100,0.4012353923205343,0.44915971062882587
335,0.3,0.3,100,0.427746243739566,0.44915971062882587
335,0.3,1,7,0.42361342256462564,0.44915971062882587
335,0.3,0.7,7,0.4178961606320093,0.44915971062882587
335,0.3,0.5,7,0.38657037791706345,0.44915971062882587
335,0.3,0.3,7,0.39707511780044363,0.44915971062882587
335,0.3,1,5,0.3745507717806381,0.44915971062882587
335,0.3,0.7,5,0.39853225883563403,0.44915971062882587
335,0.3,0.5,5,0.4016795889522727,0.44915971062882587
335,0.3,0.3,5,0.3659882869629335,0.44915971062882587
335,0.3,1,3,0.41502439494546084,0.44915971062882587
335,0.3,0.7,3,0.3620854214796464,0.44915971062882587
335,0.3,0.5,3,0.36321968136889116,0.44915971062882587
335,0.3,0.3,3,0.2682558382893314,0.44915971062882587
336,0.3,1,100,0.40728784924162137,0.4376071229827491
336,0.3,0.7,100,0.37657206455203124,0.4376071229827491
336,0.3,0.5,100,0.3931218697829717,0.4376071229827491
336,0.3,0.3,100,0.42854757929883147,0.4376071229827491
336,0.3,1,7,0.40052080634449666,0.4376071229827491
336,0.3,0.7,7,0.46197700225464683,0.4376071229827491
336,0.3,0.5,7,0.4150113818259592,0.4376071229827491
336,0.3,0.3,7,0.3864932400598177,0.4376071229827491
336,0.3,1,5,0.4243684996784058,0.4376071229827491
336,0.3,0.7,5,0.41392220992771805,0.4376071229827491
336,0.3,0.5,5,0.4248670036842856,0.4376071229827491
336,0.3,0.3,5,0.3665920547128995,0.4376071229827491
336,0.3,1,3,0.4511619218006391,0.4376071229827491
336,0.3,0.7,3,0.42156405603385727,0.4376071229827491
336,0.3,0.5,3,0.4490667240063644,0.4376071229827491
336,0.3,0.3,3,0.339276619962991,0.4376071229827491
337,0.3,1,100,0.4149513107120815,0.43861992209237627
337,0.3,0.7,100,0.38488785264665143,0.43861992209237627
337,0.3,0.5,100,0.40404006677796334,0.43861992209237627
337,0.3,0.3,100,0.4045075125208682,0.43861992209237627
337,0.3,1,7,0.41461920004151465,0.43861992209237627
337,0.3,0.7,7,0.41606603408392884,0.43861992209237627
337,0.3,0.5,7,0.44903078355455955,0.43861992209237627
337,0.3,0.3,7,0.4014619696310674,0.43861992209237627
337,0.3,1,5,0.4133980964842933,0.43861992209237627
337,0.3,0.7,5,0.42405143786103733,0.43861992209237627
337,0.3,0.5,5,0.4423715273439571,0.43861992209237627
337,0.3,0.3,5,0.4283121687723034,0.43861992209237627
337,0.3,1,3,0.4239780232293819,0.43861992209237627
337,0.3,0.7,3,0.39020470338648994,0.43861992209237627
337,0.3,0.5,3,0.4006229742413621,0.43861992209237627
337,0.3,0.3,3,0.2991582635074652,0.43861992209237627
338,0.3,1,100,0.4017877326988748,0.4314524207011687
338,0.3,0.7,100,0.37897156085722894,0.4314524207011687
338,0.3,0.5,100,0.3780189204229272,0.4314524207011687
338,0.3,0.3,100,0.3488035614913746,0.4314524207011687
338,0.3,1,7,0.3729681961617609,0.4314524207011687
338,0.3,0.7,7,0.36608494305554895,0.4314524207011687
338,0.3,0.5,7,0.4069533542073472,0.4314524207011687
338,0.3,0.3,7,0.3939910105973245,0.4314524207011687
338,0.3,1,5,0.37158692662681436,0.4314524207011687
338,0.3,0.7,5,0.4006088691632263,0.4314524207011687
338,0.3,0.5,5,0.41398129046321275,0.4314524207011687
338,0.3,0.3,5,0.3655555956416876,0.4314524207011687
338,0.3,1,3,0.36087348363095395,0.4314524207011687
338,0.3,0.7,3,0.39152222770139805,0.4314524207011687
338,0.3,0.5,3,0.3218059679037239,0.4314524207011687
338,0.3,0.3,3,0.2716861575271024,0.4314524207011687
339,0.3,1,100,0.41086879034142904,0.4818809126321648
339,0.3,0.7,100,0.41618252643294384,0.4818809126321648
339,0.3,0.5,100,0.43514311392242433,0.4818809126321648
339,0.3,0.3,100,0.44274902615470235,0.4818809126321648
339,0.3,1,7,0.41939608253542066,0.4818809126321648
339,0.3,0.7,7,0.4389998811789961,0.4818809126321648
339,0.3,0.5,7,0.45561089150164436,0.4818809126321648
339,0.3,0.3,7,0.41878365542610585,0.4818809126321648
339,0.3,1,5,0.4397050931694065,0.4818809126321648
339,0.3,0.7,5,0.42753721427368274,0.4818809126321648
339,0.3,0.5,5,0.45152156096464785,0.4818809126321648
339,0.3,0.3,5,0.4790267352136981,0.4818809126321648
339,0.3,1,3,0.4054135515580644,0.4818809126321648
339,0.3,0.7,3,0.4373045772161142,0.4818809126321648
339,0.3,0.5,3,0.43350635991768205,0.4818809126321648
339,0.3,0.3,3,0.3814591037393285,0.4818809126321648
340,0.3,1,100,0.4004163940106082,0.44781302170283815
340,0.3,0.7,100,0.41735114079020597,0.44781302170283815
340,0.3,0.5,100,0.43745130773511415,0.44781302170283815
340,0.3,0.3,100,0.3935670562047858,0.44781302170283815
340,0.3,1,7,0.4138335819965433,0.44781302170283815
340,0.3,0.7,7,0.42932976630896014,0.44781302170283815
340,0.3,0.5,7,0.41993346623010647,0.44781302170283815
340,0.3,0.3,7,0.4562932449825768,0.44781302170283815
340,0.3,1,5,0.4248778423491429,0.44781302170283815
340,0.3,0.7,5,0.43760122598289364,0.44781302170283815
340,0.3,0.5,5,0.4063560353397689,0.44781302170283815
340,0.3,0.3,5,0.4266394015904073,0.44781302170283815
340,0.3,1,3,0.4552685157938207,0.44781302170283815
340,0.3,0.7,3,0.36670145338298926,0.44781302170283815
340,0.3,0.5,3,0.4319113731586932,0.44781302170283815
340,0.3,0.3,3,0.3357894415617257,0.44781302170283815
341,0.3,1,100,0.393559770910428,0.4116705945218899
341,0.3,0.7,100,0.37878206096643535,0.4116705945218899
341,0.3,0.5,100,0.40570951585976633,0.4116705945218899
341,0.3,0.3,100,0.38254869226488597,0.4116705945218899
341,0.3,1,7,0.3720042338878135,0.4116705945218899
341,0.3,0.7,7,0.4194196868335854,0.4116705945218899
341,0.3,0.5,7,0.40599017055675307,0.4116705945218899
341,0.3,0.3,7,0.4081426804199728,0.4116705945218899
341,0.3,1,5,0.40488951218688346,0.4116705945218899
341,0.3,0.7,5,0.4011975319376451,0.4116705945218899
341,0.3,0.5,5,0.39534000535556446,0.4116705945218899
341,0.3,0.3,5,0.4430449460664164,0.4116705945218899
341,0.3,1,3,0.3780128169000595,0.4116705945218899
341,0.3,0.7,3,0.42616407579874593,0.4116705945218899
341,0.3,0.5,3,0.3675559963739549,0.4116705945218899
341,0.3,0.3,3,0.3059884088454603,0.4116705945218899
342,0.3,1,100,0.4775308895393049,0.46097512792367623
342,0.3,0.7,100,0.4064396395108652,0.46097512792367623
342,0.3,0.5,100,0.4392610997821672,0.46097512792367623
342,0.3,0.3,100,0.4584974958263774,0.46097512792367623
342,0.3,1,7,0.4402116877474994,0.46097512792367623
342,0.3,0.7,7,0.44986172174067,0.46097512792367623
342,0.3,0.5,7,0.4576700584575981,0.46097512792367623
342,0.3,0.3,7,0.47236849873140413,0.46097512792367623
342,0.3,1,5,0.43701692311696505,0.46097512792367623
342,0.3,0.7,5,0.47562063597181914,0.46097512792367623
342,0.3,0.5,5,0.4985313431514219,0.46097512792367623
342,0.3,0.3,5,0.4064667462187586,0.46097512792367623
342,0.3,1,3,0.4615747730147146,0.46097512792367623
342,0.3,0.7,3,0.47466851284267236,0.46097512792367623
342,0.3,0.5,3,0.4467208534354784,0.46097512792367623
342,0.3,0.3,3,0.35676317523659246,0.46097512792367623
343,0.3,1,100,0.3895146952001608,0.44577629382303846
343,0.3,0.7,100,0.36709618001305155,0.44577629382303846
343,0.3,0.5,100,0.38579855314412914,0.44577629382303846
343,0.3,0.3,100,0.3937117417918754,0.44577629382303846
343,0.3,1,7,0.38180161994680145,0.44577629382303846
343,0.3,0.7,7,0.38278472591173074,0.44577629382303846
343,0.3,0.5,7,0.35658544928996855,0.44577629382303846
343,0.3,0.3,7,0.40008105574019637,0.44577629382303846
343,0.3,1,5,0.4447265249304019,0.44577629382303846
343,0.3,0.7,5,0.39064529173739415,0.44577629382303846
343,0.3,0.5,5,0.39436854875625554,0.44577629382303846
343,0.3,0.3,5,0.3814020296242825,0.44577629382303846
343,0.3,1,3,0.4273885696182039,0.44577629382303846
343,0.3,0.7,3,0.39316629908161504,0.44577629382303846
343,0.3,0.5,3,0.3983256567930582,0.44577629382303846
343,0.3,0.3,3,0.2959840769429224,0.44577629382303846
344,0.3,1,100,0.3618775227994695,0.43944351697273243
344,0.3,0.7,100,0.34993878686700064,0.43944351697273243
344,0.3,0.5,100,0.390328324986088,0.43944351697273243
344,0.3,0.3,100,0.36856983861992215,0.43944351697273243
344,0.3,1,7,0.3787961139195239,0.43944351697273243
344,0.3,0.7,7,0.3731827249796475,0.43944351697273243
344,0.3,0.5,7,0.3880278173014402,0.43944351697273243
344,0.3,0.3,7,0.3550294296604927,0.43944351697273243
344,0.3,1,5,0.3462275206307749,0.43944351697273243
344,0.3,0.7,5,0.3732520585715718,0.43944351697273243
344,0.3,0.5,5,0.40615427785586367,0.43944351697273243
344,0.3,0.3,5,0.387529175419625,0.43944351697273243
344,0.3,1,3,0.367059096557613,0.43944351697273243
344,0.3,0.7,3,0.3327355324407752,0.43944351697273243
344,0.3,0.5,3,0.38633108122255855,0.43944351697273243
344,0.3,0.3,3,0.23554529380182243,0.43944351697273243
345,0.3,1,100,0.3423869648085309,0.4383861992209238
345,0.3,0.7,100,0.39318636495274895,0.4383861992209238
345,0.3,0.5,100,0.4035169727323317,0.4383861992209238
345,0.3,0.3,100,0.3672676683361158,0.4383861992209238
345,0.3,1,7,0.31922668057905434,0.4383861992209238
345,0.3,0.7,7,0.3884630775346376,0.4383861992209238
345,0.3,0.5,7,0.38163060760921214,0.4383861992209238
345,0.3,0.3,7,0.36706513199420276,0.4383861992209238
345,0.3,1,5,0.37008462373371426,0.4383861992209238
345,0.3,0.7,5,0.368872453066279,0.4383861992209238
345,0.3,0.5,5,0.3687363871234356,0.4383861992209238
345,0.3,0.3,5,0.36831574634007125,0.4383861992209238
345,0.3,1,3,0.4130528284658072,0.4383861992209238
345,0.3,0.7,3,0.3589469107411276,0.4383861992209238
345,0.3,0.5,3,0.345346240693686,0.4383861992209238
345,0.3,0.3,3,0.28804530586027216,0.4383861992209238
346,0.3,1,100,0.3577808575868526,0.41036171396772403
346,0.3,0.7,100,0.3794880356149138,0.41036171396772403
346,0.3,0.5,100,0.35319977740678915,0.41036171396772403
346,0.3,0.3,100,0.34694490818030055,0.41036171396772403
346,0.3,1,7,0.3536461095359868,0.41036171396772403
346,0.3,0.7,7,0.3553059262509502,0.41036171396772403
346,0.3,0.5,7,0.3709028357650544,0.41036171396772403
346,0.3,0.3,7,0.36770080603419003,0.41036171396772403
346,0.3,1,5,0.3532507086278625,0.41036171396772403
346,0.3,0.7,5,0.3631920154536005,0.41036171396772403
346,0.3,0.5,5,0.3675875723896313,0.41036171396772403
346,0.3,0.3,5,0.33455513394233954,0.41036171396772403
346,0.3,1,3,0.334336217574726,0.41036171396772403
346,0.3,0.7,3,0.3255131794188886,0.41036171396772403
346,0.3,0.5,3,0.34790319266354686,0.41036171396772403
346,0.3,0.3,3,0.24864577558461,0.41036171396772403
347,0.3,1,100,0.3647291926928336,0.4338898163606011
347,0.3,0.7,100,0.38998547571820164,0.4338898163606011
347,0.3,0.5,100,0.37259877573734007,0.4338898163606011
347,0.3,0.3,100,0.3892487479131887,0.4338898163606011
347,0.3,1,7,0.39641168731504306,0.4338898163606011
347,0.3,0.7,7,0.41513725753731523,0.4338898163606011
347,0.3,0.5,7,0.40850894024202755,0.4338898163606011
347,0.3,0.3,7,0.4266219108488049,0.4338898163606011
347,0.3,1,5,0.3707487087297291,0.4338898163606011
347,0.3,0.7,5,0.39848308508409136,0.4338898163606011
347,0.3,0.5,5,0.3990423447007969,0.4338898163606011
347,0.3,0.3,5,0.39575517503640645,0.4338898163606011
347,0.3,1,3,0.3984951149695722,0.4338898163606011
347,0.3,0.7,3,0.39493702187370155,0.4338898163606011
347,0.3,0.5,3,0.4011417555353584,0.4338898163606011
347,0.3,0.3,3,0.28449131193649524,0.4338898163606011
348,0.3,1,100,0.4068802550902093,0.4910962715637174
348,0.3,0.7,100,0.42551593076383626,0.4910962715637174
348,0.3,0.5,100,0.4164830272676684,0.4910962715637174
348,0.3,0.3,100,0.43322203672787984,0.4910962715637174
348,0.3,1,7,0.38543601427535207,0.4910962715637174
348,0.3,0.7,7,0.44556445413329104,0.4910962715637174
348,0.3,0.5,7,0.4661599494776061,0.4910962715637174
348,0.3,0.3,7,0.43153160206247754,0.4910962715637174
348,0.3,1,5,0.4258919461699386,0.4910962715637174
348,0.3,0.7,5,0.43867080296142275,0.4910962715637174
348,0.3,0.5,5,0.4537436325583171,0.4910962715637174
348,0.3,0.3,5,0.41882613765111926,0.4910962715637174
348,0.3,1,3,0.41074230480608426,0.4910962715637174
348,0.3,0.7,3,0.43130383428169533,0.4910962715637174
348,0.3,0.5,3,0.40421020809030594,0.4910962715637174
348,0.3,0.3,3,0.3253730959975962,0.4910962715637174
349,0.3,1,100,0.37225241718325836,0.3792765720645521
349,0.3,0.7,100,0.3374067890929327,0.3792765720645521
349,0.3,0.5,100,0.3718196994991653,0.3792765720645521
349,0.3,0.3,100,0.40599888703394554,0.3792765720645521
349,0.3,1,7,0.36613763020180556,0.3792765720645521
349,0.3,0.7,7,0.38685420201994447,0.3792765720645521
349,0.3,0.5,7,0.4004042427869803,0.3792765720645521
349,0.3,0.3,7,0.31353558890513594,0.3792765720645521
349,0.3,1,5,0.4081766268091247,0.3792765720645521
349,0.3,0.7,5,0.39339156901440936,0.3792765720645521
349,0.3,0.5,5,0.41495894896783364,0.3792765720645521
349,0.3,0.3,5,0.37952822744837234,0.3792765720645521
349,0.3,1,3,0.36113019828985005,0.3792765720645521
349,0.3,0.7,3,0.3823560050064776,0.3792765720645521
349,0.3,0.5,3,0.3742453402499163,0.3792765720645521
349,0.3,0.3,3,0.28941539273289846,0.3792765720645521
350,0.3,1,100,0.3684027469332938,0.4487479131886478
350,0.3,0.7,100,0.363116304952699,0.4487479131886478
350,0.3,0.5,100,0.3885364496382861,0.4487479131886478
350,0.3,0.3,100,0.4011352253756261,0.4487479131886478
350,0.3,1,7,0.36514414311257554,0.4487479131886478
350,0.3,0.7,7,0.37405591946449385,0.4487479131886478
350,0.3,0.5,7,0.3820642187007613,0.4487479131886478
350,0.3,0.3,7,0.36674227268289566,0.4487479131886478
350,0.3,1,5,0.37914555025579566,0.4487479131886478
350,0.3,0.7,5,0.3957968421587308,0.4487479131886478
350,0.3,0.5,5,0.39913972917105633,0.4487479131886478
350,0.3,0.3,5,0.3814198392394171,0.4487479131886478
350,0.3,1,3,0.3691606965827053,0.4487479131886478
350,0.3,0.7,3,0.43101903853611123,0.4487479131886478
350,0.3,0.5,3,0.3747368188781417,0.4487479131886478
350,0.3,0.3,3,0.23337176233764192,0.4487479131886478
351,0.3,1,100,0.3686892174485333,0.38072342793544806
351,0.3,0.7,100,0.3750827773167555,0.38072342793544806
351,0.3,0.5,100,0.3547801892042293,0.38072342793544806
351,0.3,0.3,100,0.3815358931552588,0.38072342793544806
351,0.3,1,7,0.357938782998067,0.38072342793544806
351,0.3,0.7,7,0.3907519305376008,0.38072342793544806
351,0.3,0.5,7,0.39848691569132433,0.38072342793544806
351,0.3,0.3,7,0.38165798297920395,0.38072342793544806
351,0.3,1,5,0.3888727806470106,0.38072342793544806
351,0.3,0.7,5,0.3427805968901589,0.38072342793544806
351,0.3,0.5,5,0.392986926700215,0.38072342793544806
351,0.3,0.3,5,0.3673092245317993,0.38072342793544806
351,0.3,1,3,0.38616004124757647,0.38072342793544806
351,0.3,0.7,3,0.3876726080136915,0.38072342793544806
351,0.3,0.5,3,0.3238556802911849,0.38072342793544806
351,0.3,0.3,3,0.31219647850075144,0.38072342793544806
352,0.3,1,100,0.3293165607535593,0.4226599888703395
352,0.3,0.7,100,0.35132999443516977,0.4226599888703395
352,0.3,0.5,100,0.37355592654424047,0.4226599888703395
352,0.3,0.3,100,0.3630050083472455,0.4226599888703395
352,0.3,1,7,0.3649107534248515,0.4226599888703395
352,0.3,0.7,7,0.3861715074419358,0.4226599888703395
352,0.3,0.5,7,0.37566782464386533,0.4226599888703395
352,0.3,0.3,7,0.4036315817565533,0.4226599888703395
352,0.3,1,5,0.37363579198163466,0.4226599888703395
352,0.3,0.7,5,0.3993206742400476,0.4226599888703395
352,0.3,0.5,5,0.32708416103630067,0.4226599888703395
352,0.3,0.3,5,0.3854881828258456,0.4226599888703395
352,0.3,1,3,0.3894062359946143,0.4226599888703395
352,0.3,0.7,3,0.3942431134666093,0.4226599888703395
352,0.3,0.5,3,0.2561943978449118,0.4226599888703395
352,0.3,0.3,3,0.24192592287859893,0.4226599888703395
353,0.3,1,100,0.31252330975723397,0.3817362270450752
353,0.3,0.7,100,0.30923761825264334,0.3817362270450752
353,0.3,0.5,100,0.3467668336115749,0.3817362270450752
353,0.3,0.3,100,0.33049526989426825,0.3817362270450752
353,0.3,1,7,0.35964648684348943,0.3817362270450752
353,0.3,0.7,7,0.34615115676476244,0.3817362270450752
353,0.3,0.5,7,0.341300091697585,0.3817362270450752
353,0.3,0.3,7,0.33008006717220983,0.3817362270450752
353,0.3,1,5,0.333825739134873,0.3817362270450752
353,0.3,0.7,5,0.3316079632978372,0.3817362270450752
353,0.3,0.5,5,0.3557369959070286,0.3817362270450752
353,0.3,0.3,5,0.33389484120440993,0.3817362270450752
353,0.3,1,3,0.3433493029660805,0.3817362270450752
353,0.3,0.7,3,0.33167708364496623,0.3817362270450752
353,0.3,0.5,3,0.34711183545862656,0.3817362270450752
353,0.3,0.3,3,0.23752889698667826,0.3817362270450752
354,0.3,1,100,0.3859672629329511,0.4925431274346133
354,0.3,0.7,100,0.4004006677796328,0.4925431274346133
354,0.3,0.5,100,0.41682804674457435,0.4925431274346133
354,0.3,0.3,100,0.36919309961046193,0.4925431274346133
354,0.3,1,7,0.38509118345761945,0.4925431274346133
354,0.3,0.7,7,0.3870061548644954,0.4925431274346133
354,0.3,0.5,7,0.38188643451294513,0.4925431274346133
354,0.3,0.3,7,0.39753945186241635,0.4925431274346133
354,0.3,1,5,0.3727616201912149,0.4925431274346133
354,0.3,0.7,5,0.3900054575266661,0.4925431274346133
354,0.3,0.5,5,0.3520283533748512,0.4925431274346133
354,0.3,0.3,5,0.3839697451505144,0.4925431274346133
354,0.3,1,3,0.41044961132074337,0.4925431274346133
354,0.3,0.7,3,0.43764298159960247,0.4925431274346133
354,0.3,0.5,3,0.3636530445941301,0.4925431274346133
354,0.3,0.3,3,0.2666295067700309,0.4925431274346133
355,0.3,1,100,0.4013801945143023,0.4502058987200891
355,0.3,0.7,100,0.4144796883695048,0.4502058987200891
355,0.3,0.5,100,0.40861435726210354,0.4502058987200891
355,0.3,0.3,100,0.4053867557039511,0.4502058987200891
355,0.3,1,7,0.3901915954063238,0.4502058987200891
355,0.3,0.7,7,0.3729416236728896,0.4502058987200891
355,0.3,0.5,7,0.40384408460147414,0.4502058987200891
355,0.3,0.3,7,0.3829316403138105,0.4502058987200891
355,0.3,1,5,0.38560327641276765,0.4502058987200891
355,0.3,0.7,5,0.40356835941314845,0.4502058987200891
355,0.3,0.5,5,0.40533010787034446,0.4502058987200891
355,0.3,0.3,5,0.38008840142997297,0.4502058987200891
355,0.3,1,3,0.38730410549008587,0.4502058987200891
355,0.3,0.7,3,0.4134830517162347,0.4502058987200891
355,0.3,0.5,3,0.3580786614041172,0.4502058987200891
355,0.3,0.3,3,0.29512942660804053,0.4502058987200891
356,0.3,1,100,0.3614107834831868,0.43506956037840855
356,0.3,0.7,100,0.40249304396215924,0.43506956037840855
356,0.3,0.5,100,0.3955815247634948,0.43506956037840855
356,0.3,0.3,100,0.3791764051196439,0.43506956037840855
356,0.3,1,7,0.38231522290648523,0.43506956037840855
356,0.3,0.7,7,0.41325825332803534,0.43506956037840855
356,0.3,0.5,7,0.37566175744621894,0.43506956037840855
356,0.3,0.3,7,0.3816522724946613,0.43506956037840855
356,0.3,1,5,0.38289841301006894,0.43506956037840855
356,0.3,0.7,5,0.3918167399026777,0.43506956037840855
356,0.3,0.5,5,0.3667987963558314,0.43506956037840855
356,0.3,0.3,5,0.39939364242747416,0.43506956037840855
356,0.3,1,3,0.39597261419407165,0.43506956037840855
356,0.3,0.7,3,0.40663044923328945,0.43506956037840855
356,0.3,0.5,3,0.38494546392165063,0.43506956037840855
356,0.3,0.3,3,0.28885549369687363,0.43506956037840855
357,0.3,1,100,0.3307842201173231,0.4464663327768504
357,0.3,0.7,100,0.3786665479554901,0.4464663327768504
357,0.3,0.5,100,0.35778519755147475,0.4464663327768504
357,0.3,0.3,100,0.3782192543127435,0.4464663327768504
357,0.3,1,7,0.40691447442979695,0.4464663327768504
357,0.3,0.7,7,0.37471429246202115,0.4464663327768504
357,0.3,0.5,7,0.34344643104059364,0.4464663327768504
357,0.3,0.3,7,0.37840253387733,0.4464663327768504
357,0.3,1,5,0.34851577696155234,0.4464663327768504
357,0.3,0.7,5,0.3888831550825787,0.4464663327768504
357,0.3,0.5,5,0.3898625641831569,0.4464663327768504
357,0.3,0.3,5,0.381016780408518,0.4464663327768504
357,0.3,1,3,0.3751526732398202,0.4464663327768504
357,0.3,0.7,3,0.3904501360493318,0.4464663327768504
357,0.3,0.5,3,0.3517318763797637,0.4464663327768504
357,0.3,0.3,3,0.2928413917606517,0.4464663327768504
358,0.3,1,100,0.35249136165815,0.4224596549805232
358,0.3,0.7,100,0.38139120756816924,0.4224596549805232
358,0.3,0.5,100,0.38254869226488597,0.4224596549805232
358,0.3,0.3,100,0.34033388981636065,0.4224596549805232
358,0.3,1,7,0.3730844337935962,0.4224596549805232
358,0.3,0.7,7,0.35270523487297506,0.4224596549805232
358,0.3,0.5,7,0.38517458753422773,0.4224596549805232
358,0.3,0.3,7,0.379252957633697,0.4224596549805232
358,0.3,1,5,0.3504800114469839,0.4224596549805232
358,0.3,0.7,5,0.3748346332122097,0.4224596549805232
358,0.3,0.5,5,0.41357314059775635,0.4224596549805232
358,0.3,0.3,5,0.35559770473436847,0.4224596549805232
358,0.3,1,3,0.36032614925151146,0.4224596549805232
358,0.3,0.7,3,0.38107901522812054,0.4224596549805232
358,0.3,0.5,3,0.3226121998076631,0.4224596549805232
358,0.3,0.3,3,0.2599490339111488,0.4224596549805232
359,0.3,1,100,0.3296742441886543,0.3811129660545354
359,0.3,0.7,100,0.34775277616377287,0.3811129660545354
359,0.3,0.5,100,0.35451307735114085,0.3811129660545354
359,0.3,0.3,100,0.3807568169170841,0.3811129660545354
359,0.3,1,7,0.36007242192908656,0.3811129660545354
359,0.3,0.7,7,0.33542106300314833,0.3811129660545354
359,0.3,0.5,7,0.36240897097485186,0.3811129660545354
359,0.3,0.3,7,0.3497358602427729,0.3811129660545354
359,0.3,1,5,0.3198872426934774,0.3811129660545354
359,0.3,0.7,5,0.3333972394039278,0.3811129660545354
359,0.3,0.5,5,0.38064498153829485,0.3811129660545354
359,0.3,0.3,5,0.34710183452763504,0.3811129660545354
359,0.3,1,3,0.35200590967018186,0.3811129660545354
359,0.3,0.7,3,0.32741902049263877,0.3811129660545354
359,0.3,0.5,3,0.33634173962430075,0.3811129660545354
359,0.3,0.3,3,0.28671412885433784,0.3811129660545354
360,0.3,1,100,0.38300359094970027,0.4378698883430649
360,0.3,0.7,100,0.3698229544336921,0.4378698883430649
360,0.3,0.5,100,0.37069560378408467,0.4378698883430649
360,0.3,0.3,100,0.3797328881469116,0.4378698883430649
360,0.3,1,7,0.37475294718064733,0.4378698883430649
360,0.3,0.7,7,0.37701125812019376,0.4378698883430649
360,0.3,0.5,7,0.43839883670172375,0.4378698883430649
360,0.3,0.3,7,0.34888165643546654,0.4378698883430649
360,0.3,1,5,0.3954835243167635,0.4378698883430649
360,0.3,0.7,5,0.34910488710056325,0.4378698883430649
360,0.3,0.5,5,0.3967018565274704,0.4378698883430649
360,0.3,0.3,5,0.3456605891041379,0.4378698883430649
360,0.3,1,3,0.37674167554710175,0.4378698883430649
360,0.3,0.7,3,0.3768196813535303,0.4378698883430649
360,0.3,0.5,3,0.41054860251522834,0.4378698883430649
360,0.3,0.3,3,0.30737028646124176,0.4378698883430649
361,0.3,1,100,0.3367059599936091,0.3559710628825821
361,0.3,0.7,100,0.28228158041179746,0.3559710628825821
361,0.3,0.5,100,0.3100946021146356,0.3559710628825821
361,0.3,0.3,100,0.33804117974401787,0.3559710628825821
361,0.3,1,7,0.3111463975251996,0.3559710628825821
361,0.3,0.7,7,0.36435897218066166,0.3559710628825821
361,0.3,0.5,7,0.30926651116570625,0.3559710628825821
361,0.3,0.3,7,0.33656370739146957,0.3559710628825821
361,0.3,1,5,0.3079196616548929,0.3559710628825821
361,0.3,0.7,5,0.32096113475999744,0.3559710628825821
361,0.3,0.5,5,0.3375830172149219,0.3559710628825821
361,0.3,0.3,5,0.276837538429956,0.3559710628825821
361,0.3,1,3,0.3233763314432389,0.3559710628825821
361,0.3,0.7,3,0.29836503976916473,0.3559710628825821
361,0.3,0.5,3,0.2852499228448865,0.3559710628825821
361,0.3,0.3,3,0.23396373608049273,0.3559710628825821
362,0.3,1,100,0.4180690407265202,0.43303283249860886
362,0.3,0.7,100,0.43056204785754043,0.43303283249860886
362,0.3,0.5,100,0.4227824151363384,0.43303283249860886
362,0.3,0.3,100,0.4086811352253757,0.43303283249860886
362,0.3,1,7,0.4189360777335791,0.43303283249860886
362,0.3,0.7,7,0.4424938027645363,0.43303283249860886
362,0.3,0.5,7,0.4557334417687574,0.43303283249860886
362,0.3,0.3,7,0.4466186025090192,0.43303283249860886
362,0.3,1,5,0.43316707817521094,0.43303283249860886
362,0.3,0.7,5,0.4253031056970468,0.43303283249860886
362,0.3,0.5,5,0.4307136467550105,0.43303283249860886
362,0.3,0.3,5,0.4182622069269226,0.43303283249860886
362,0.3,1,3,0.4390696813541248,0.43303283249860886
362,0.3,0.7,3,0.4338936852592522,0.43303283249860886
362,0.3,0.5,3,0.4736037058343417,0.43303283249860886
362,0.3,0.3,3,0.3388635226426848,0.43303283249860886
363,0.3,1,100,0.37079786747920834,0.4032387312186979
363,0.3,0.7,100,0.4242248865483493,0.4032387312186979
363,0.3,0.5,100,0.3904952698942683,0.4032387312186979
363,0.3,0.3,100,0.4044629938786868,0.4032387312186979
363,0.3,1,7,0.4058467111865339,0.4032387312186979
363,0.3,0.7,7,0.39940547204246796,0.4032387312186979
363,0.3,0.5,7,0.37448179434260126,0.4032387312186979
363,0.3,0.3,7,0.4163461072929335,0.4032387312186979
363,0.3,1,5,0.4014396287041453,0.4032387312186979
363,0.3,0.7,5,0.37220476086483023,0.4032387312186979
363,0.3,0.5,5,0.39545014740643847,0.4032387312186979
363,0.3,0.3,5,0.41411483456827997,0.4032387312186979
363,0.3,1,3,0.4036083166680262,0.4032387312186979
363,0.3,0.7,3,0.40846798334738166,0.4032387312186979
363,0.3,0.5,3,0.3822266813202459,0.4032387312186979
363,0.3,0.3,3,0.31418776213936783,0.4032387312186979
364,0.3,1,100,0.39383466009281964,0.4746911519198665
364,0.3,0.7,100,0.41399670004806904,0.4746911519198665
364,0.3,0.5,100,0.41678352810239294,0.4746911519198665
364,0.3,0.3,100,0.41666110183639404,0.4746911519198665
364,0.3,1,7,0.4309726681142766,0.4746911519198665
364,0.3,0.7,7,0.4334732926299317,0.4746911519198665
364,0.3,0.5,7,0.43057374061090437,0.4746911519198665
364,0.3,0.3,7,0.41047741808750376,0.4746911519198665
364,0.3,1,5,0.391402409665444,0.4746911519198665
364,0.3,0.7,5,0.427291336223176,0.4746911519198665
364,0.3,0.5,5,0.40767012285377413,0.4746911519198665
364,0.3,0.3,5,0.40813312024273024,0.4746911519198665
364,0.3,1,3,0.3992254118403535,0.4746911519198665
364,0.3,0.7,3,0.4126077493643433,0.4746911519198665
364,0.3,0.5,3,0.3971227305410668,0.4746911519198665
364,0.3,0.3,3,0.308952264866265,0.4746911519198665
365,0.3,1,100,0.35476537301872973,0.4217453123016628
365,0.3,0.7,100,0.3674346132442961,0.4217453123016628
365,0.3,0.5,100,0.36880356149137455,0.4217453123016628
365,0.3,0.3,100,0.39528102392877024,0.4217453123016628
365,0.3,1,7,0.29294579976510204,0.4217453123016628
365,0.3,0.7,7,0.3651199054890544,0.4217453123016628
365,0.3,0.5,7,0.41403191077588314,0.4217453123016628
365,0.3,0.3,7,0.3195663927007582,0.4217453123016628
365,0.3,1,5,0.35737970747055486,0.4217453123016628
365,0.3,0.7,5,0.35599862579756414,0.4217453123016628
365,0.3,0.5,5,0.32276922133246855,0.4217453123016628
365,0.3,0.3,5,0.3667086189571509,0.4217453123016628
365,0.3,1,3,0.3433815654942962,0.4217453123016628
365,0.3,0.7,3,0.3127359535699411,0.4217453123016628
365,0.3,0.5,3,0.2600576367444448,0.4217453123016628
365,0.3,0.3,3,0.27420922054250807,0.4217453123016628
366,0.3,1,100,0.34789408914637077,0.4275304049276564
366,0.3,0.7,100,0.4380856983861993,0.4275304049276564
366,0.3,0.5,100,0.41912075681691713,0.4275304049276564
366,0.3,0.3,100,0.4301613800779077,0.4275304049276564
366,0.3,1,7,0.36762379379908156,0.4275304049276564
366,0.3,0.7,7,0.39453102367123855,0.4275304049276564
366,0.3,0.5,7,0.4257792613646969,0.4275304049276564
366,0.3,0.3,7,0.4101402374439095,0.4275304049276564
366,0.3,1,5,0.3616212951519415,0.4275304049276564
366,0.3,0.7,5,0.4136753720253888,0.4275304049276564
366,0.3,0.5,5,0.42853905748544935,0.4275304049276564
366,0.3,0.3,5,0.4181144606353271,0.4275304049276564
366,0.3,1,3,0.43006782037346813,0.4275304049276564
366,0.3,0.7,3,0.42135752365661544,0.4275304049276564
366,0.3,0.5,3,0.43812168492163417,0.4275304049276564
366,0.3,0.3,3,0.32488132945438236,0.4275304049276564
367,0.3,1,100,0.31191945900424206,0.3965720645520312
367,0.3,0.7,100,0.37032379055176895,0.3965720645520312
367,0.3,0.5,100,0.38306065664997224,0.3965720645520312
367,0.3,0.3,100,0.3539009460211464,0.3965720645520312
367,0.3,1,7,0.3361676914533201,0.3965720645520312
367,0.3,0.7,7,0.3354969899964085,0.3965720645520312
367,0.3,0.5,7,0.35358754315804636,0.3965720645520312
367,0.3,0.3,7,0.39292680297100085,0.3965720645520312
367,0.3,1,5,0.3645373151614453,0.3965720645520312
367,0.3,0.7,5,0.37415230795812515,0.3965720645520312
367,0.3,0.5,5,0.3591478120897383,0.3965720645520312
367,0.3,0.3,5,0.32827044699232943,0.3965720645520312
367,0.3,1,3,0.3713943595640613,0.3965720645520312
367,0.3,0.7,3,0.3542684931884374,0.3965720645520312
367,0.3,0.5,3,0.38036255644687395,0.3965720645520312
367,0.3,0.3,3,0.2539725165051728,0.3965720645520312
368,0.3,1,100,0.3849313254057698,0.42293180783707746
368,0.3,0.7,100,0.3682425382388719,0.42293180783707746
368,0.3,0.5,100,0.369794101279911,0.42293180783707746
368,0.3,0.3,100,0.35582637729549255,0.42293180783707746
368,0.3,1,7,0.33675965979600747,0.42293180783707746
368,0.3,0.7,7,0.41019434211140543,0.42293180783707746
368,0.3,0.5,7,0.3972937383984335,0.42293180783707746
368,0.3,0.3,7,0.39099020797279715,0.42293180783707746
368,0.3,1,5,0.4215047037682313,0.42293180783707746
368,0.3,0.7,5,0.3729361482841722,0.42293180783707746
368,0.3,0.5,5,0.4016124024912773,0.42293180783707746
368,0.3,0.3,5,0.4208740676485714,0.42293180783707746
368,0.3,1,3,0.4038921069854072,0.42293180783707746
368,0.3,0.7,3,0.3984937525021393,0.42293180783707746
368,0.3,0.5,3,0.3949729315262041,0.42293180783707746
368,0.3,0.3,3,0.27857009015617723,0.42293180783707746
369,0.3,1,100,0.4259897312141726,0.45083597895549854
369,0.3,0.7,100,0.41539232053422376,0.45083597895549854
369,0.3,0.5,100,0.4684919309961047,0.45083597895549854
369,0.3,0.3,100,0.4380745687256539,0.45083597895549854
369,0.3,1,7,0.4438276718138254,0.45083597895549854
369,0.3,0.7,7,0.46508238630939147,0.45083597895549854
369,0.3,0.5,7,0.4321743623713596,0.45083597895549854
369,0.3,0.3,7,0.49717310985369084,0.45083597895549854
369,0.3,1,5,0.4114019098554283,0.45083597895549854
369,0.3,0.7,5,0.44341502339710076,0.45083597895549854
369,0.3,0.5,5,0.4497220832103283,0.45083597895549854
369,0.3,0.3,5,0.45570076851508784,0.45083597895549854
369,0.3,1,3,0.40386962605794363,0.45083597895549854
369,0.3,0.7,3,0.41021256833511605,0.45083597895549854
369,0.3,0.5,3,0.4664100874301823,0.45083597895549854
369,0.3,0.3,3,0.3367119434770284,0.45083597895549854
370,0.3,1,100,0.3601972931395489,0.44120200333889825
370,0.3,0.7,100,0.36873678352810246,0.44120200333889825
370,0.3,0.5,100,0.3964607679465777,0.44120200333889825
370,0.3,0.3,100,0.409415692821369,0.44120200333889825
370,0.3,1,7,0.35450287260138114,0.44120200333889825
370,0.3,0.7,7,0.38026788401873557,0.44120200333889825
370,0.3,0.5,7,0.37026531529507895,0.44120200333889825
370,0.3,0.3,7,0.4406669234324801,0.44120200333889825
370,0.3,1,5,0.3923960251446337,0.44120200333889825
370,0.3,0.7,5,0.3848258302378126,0.44120200333889825
370,0.3,0.5,5,0.41898310118408505,0.44120200333889825
370,0.3,0.3,5,0.39764867053096764,0.44120200333889825
370,0.3,1,3,0.3896347946637666,0.44120200333889825
370,0.3,0.7,3,0.3777468923713279,0.44120200333889825
370,0.3,0.5,3,0.4150068806502373,0.44120200333889825
370,0.3,0.3,3,0.32215768651004717,0.44120200333889825
371,0.3,1,100,0.2860259469733941,0.4152587646076795
371,0.3,0.7,100,0.3565052865887591,0.4152587646076795
371,0.3,0.5,100,0.337918753478019,0.4152587646076795
371,0.3,0.3,100,0.34277128547579305,0.4152587646076795
371,0.3,1,7,0.3413853199316184,0.4152587646076795
371,0.3,0.7,7,0.338976340011526,0.4152587646076795
371,0.3,0.5,7,0.3897244341745222,0.4152587646076795
371,0.3,0.3,7,0.3758326173430397,0.4152587646076795
371,0.3,1,5,0.3190263632093582,0.4152587646076795
371,0.3,0.7,5,0.39648789130978257,0.4152587646076795
371,0.3,0.5,5,0.3906013070312595,0.4152587646076795
371,0.3,0.3,5,0.30953427250759413,0.4152587646076795
371,0.3,1,3,0.3476329883953223,0.4152587646076795
371,0.3,0.7,3,0.35952444640990655,0.4152587646076795
371,0.3,0.5,3,0.28276907935553797,0.4152587646076795
371,0.3,0.3,3,0.23571391476609402,0.4152587646076795
372,0.3,1,100,0.37270817481487045,0.44040066777963277
372,0.3,0.7,100,0.35857083631423253,0.44040066777963277
372,0.3,0.5,100,0.354424040066778,0.44040066777963277
372,0.3,0.3,100,0.3519421257651642,0.44040066777963277
372,0.3,1,7,0.3143085354729824,0.44040066777963277
372,0.3,0.7,7,0.40787033482326235,0.44040066777963277
372,0.3,0.5,7,0.36766320677330683,0.44040066777963277
372,0.3,0.3,7,0.3260431290699328,0.44040066777963277
372,0.3,1,5,0.32910815890015693,0.44040066777963277
372,0.3,0.7,5,0.3756107356697117,0.44040066777963277
372,0.3,0.5,5,0.37013358036528193,0.44040066777963277
372,0.3,0.3,5,0.39163105683416394,0.44040066777963277
372,0.3,1,3,0.3795043322748804,0.44040066777963277
372,0.3,0.7,3,0.3876385623248716,0.44040066777963277
372,0.3,0.5,3,0.3607137698792255,0.44040066777963277
372,0.3,0.3,3,0.3268996855873593,0.44040066777963277
373,0.3,1,100,0.3902773072123808,0.4142904841402338
373,0.3,0.7,100,0.38983861992209246,0.4142904841402338
373,0.3,0.5,100,0.4107178631051754,0.4142904841402338
373,0.3,0.3,100,0.39718419588202564,0.4142904841402338
373,0.3,1,7,0.36066943266736173,0.4142904841402338
373,0.3,0.7,7,0.40137330227528384,0.4142904841402338
373,0.3,0.5,7,0.4187471632509935,0.4142904841402338
373,0.3,0.3,7,0.4403758429707274,0.4142904841402338
373,0.3,1,5,0.3823920502177718,0.4142904841402338
373,0.3,0.7,5,0.41129000749309297,0.4142904841402338
373,0.3,0.5,5,0.4094501237492071,0.4142904841402338
373,0.3,0.3,5,0.4073952227889367,0.4142904841402338
373,0.3,1,3,0.40938718213258396,0.4142904841402338
373,0.3,0.7,3,0.4427717277994902,0.4142904841402338
373,0.3,0.5,3,0.3737684361064261,0.4142904841402338
373,0.3,0.3,3,0.2649342787799418,0.4142904841402338
374,0.3,1,100,0.4122130642208904,0.44510418782639694
374,0.3,0.7,100,0.4292042292710073,0.44510418782639694
374,0.3,0.5,100,0.40981636060100174,0.44510418782639694
374,0.3,0.3,100,0.43582637729549256,0.44510418782639694
374,0.3,1,7,0.42190514205722146,0.44510418782639694
374,0.3,0.7,7,0.4327573962655842,0.44510418782639694
374,0.3,0.5,7,0.42306501807912256,0.44510418782639694
374,0.3,0.3,7,0.4372585753521823,0.44510418782639694
374,0.3,1,5,0.4718291955680245,0.44510418782639694
374,0.3,0.7,5,0.4553447060248772,0.44510418782639694
374,0.3,0.5,5,0.45442095802401017,0.44510418782639694
374,0.3,0.3,5,0.427628835525322,0.44510418782639694
374,0.3,1,3,0.4108877324161037,0.44510418782639694
374,0.3,0.7,3,0.43018074860955025,0.44510418782639694
374,0.3,0.5,3,0.4302088603143491,0.44510418782639694
374,0.3,0.3,3,0.3360478733981743,0.44510418782639694
375,0.3,1,100,0.3950797392195211,0.43454646633277694
375,0.3,0.7,100,0.37391831810972764,0.43454646633277694
375,0.3,0.5,100,0.41224262659988875,0.43454646633277694
375,0.3,0.3,100,0.39324429604897054,0.43454646633277694
375,0.3,1,7,0.4089736726100231,0.43454646633277694
375,0.3,0.7,7,0.4244442375686206,0.43454646633277694
375,0.3,0.5,7,0.44617358240932165,0.43454646633277694
375,0.3,0.3,7,0.4074633359835143,0.43454646633277694
375,0.3,1,5,0.4112361188633505,0.43454646633277694
375,0.3,0.7,5,0.4487703764888832,0.43454646633277694
375,0.3,0.5,5,0.4123460984214342,0.43454646633277694
375,0.3,0.3,5,0.410924196581379,0.43454646633277694
375,0.3,1,3,0.4270283872787089,0.43454646633277694
375,0.3,0.7,3,0.40470681470828673,0.43454646633277694
375,0.3,0.5,3,0.4068013307078108,0.43454646633277694
375,0.3,0.3,3,0.303978872462778,0.43454646633277694
376,0.3,1,100,0.4059974657203373,0.4090038953811909
376,0.3,0.7,100,0.34941569282136903,0.4090038953811909
376,0.3,0.5,100,0.43905397885364505,0.4090038953811909
376,0.3,0.3,100,0.4426377295492488,0.4090038953811909
376,0.3,1,7,0.42070000483399733,0.4090038953811909
376,0.3,0.7,7,0.41804974323150934,0.4090038953811909
376,0.3,0.5,7,0.40758196795104096,0.4090038953811909
376,0.3,0.3,7,0.39221010718142496,0.4090038953811909
376,0.3,1,5,0.40557263030725016,0.4090038953811909
376,0.3,0.7,5,0.43482887379880053,0.4090038953811909
376,0.3,0.5,5,0.42424410326595374,0.4090038953811909
376,0.3,0.3,5,0.4183809668550666,0.4090038953811909
376,0.3,1,3,0.4199421250543108,0.4090038953811909
376,0.3,0.7,3,0.4101876284392238,0.4090038953811909
376,0.3,0.5,3,0.4239696363754452,0.4090038953811909
376,0.3,0.3,3,0.27873637779271176,0.4090038953811909
377,0.3,1,100,0.36469426175200126,0.3897050639955482
377,0.3,0.7,100,0.37163049526989433,0.3897050639955482
377,0.3,0.5,100,0.3663884251530329,0.3897050639955482
377,0.3,0.3,100,0.36330550918197,0.3897050639955482
377,0.3,1,7,0.3623202151041463,0.3897050639955482
377,0.3,0.7,7,0.30508952199318307,0.3897050639955482
377,0.3,0.5,7,0.3841510276765054,0.3897050639955482
377,0.3,0.3,7,0.3634326139089567,0.3897050639955482
377,0.3,1,5,0.3491376132133966,0.3897050639955482
377,0.3,0.7,5,0.40176338751659035,0.3897050639955482
377,0.3,0.5,5,0.3686512358077691,0.3897050639955482
377,0.3,0.3,5,0.4041842771381676,0.3897050639955482
377,0.3,1,3,0.3801888638184364,0.3897050639955482
377,0.3,0.7,3,0.3739878917606159,0.3897050639955482
377,0.3,0.5,3,0.3648398185249726,0.3897050639955482
377,0.3,0.3,3,0.26094789992788747,0.3897050639955482
378,0.3,1,100,0.34249537753851916,0.4176961602671119
378,0.3,0.7,100,0.34528198464792714,0.4176961602671119
378,0.3,0.5,100,0.3815915414579856,0.4176961602671119
378,0.3,0.3,100,0.3489593767390095,0.4176961602671119
378,0.3,1,7,0.35511279160438614,0.4176961602671119
378,0.3,0.7,7,0.3475751468469308,0.4176961602671119
378,0.3,0.5,7,0.3720502273102306,0.4176961602671119
378,0.3,0.3,7,0.35077618893436063,0.4176961602671119
378,0.3,1,5,0.32520313534455153,0.4176961602671119
378,0.3,0.7,5,0.3792320543995572,0.4176961602671119
378,0.3,0.5,5,0.3699632175892155,0.4176961602671119
378,0.3,0.3,5,0.34793739964467035,0.4176961602671119
378,0.3,1,3,0.33945056947251084,0.4176961602671119
378,0.3,0.7,3,0.2830324491943413,0.4176961602671119
378,0.3,0.5,3,0.36023525833375775,0.4176961602671119
378,0.3,0.3,3,0.276691830438265,0.4176961602671119
379,0.3,1,100,0.4370981071690244,0.4120979410127992
379,0.3,0.7,100,0.42301175017345205,0.4120979410127992
379,0.3,0.5,100,0.42277128547579307,0.4120979410127992
379,0.3,0.3,100,0.43805230940456324,0.4120979410127992
379,0.3,1,7,0.42003303748973136,0.4120979410127992
379,0.3,0.7,7,0.39060481995098684,0.4120979410127992
379,0.3,0.5,7,0.44919088824846304,0.4120979410127992
379,0.3,0.3,7,0.4502254128281768,0.4120979410127992
379,0.3,1,5,0.4277066764324779,0.4120979410127992
379,0.3,0.7,5,0.42748965413472556,0.4120979410127992
379,0.3,0.5,5,0.46635139776352447,0.4120979410127992
379,0.3,0.3,5,0.42599241942700294,0.4120979410127992
379,0.3,1,3,0.4511382778616955,0.4120979410127992
379,0.3,0.7,3,0.48299082702598345,0.4120979410127992
379,0.3,0.5,3,0.4093463088382265,0.4120979410127992
379,0.3,0.3,3,0.3364139546919376,0.4120979410127992
380,0.3,1,100,0.36282585126368094,0.48330550918197
380,0.3,0.7,100,0.39832609439802047,0.48330550918197
380,0.3,0.5,100,0.40759042849193106,0.48330550918197
380,0.3,0.3,100,0.34957150806900394,0.48330550918197
380,0.3,1,7,0.3879389942266409,0.48330550918197
380,0.3,0.7,7,0.3962253644056262,0.48330550918197
380,0.3,0.5,7,0.3929603044959855,0.48330550918197
380,0.3,0.3,7,0.39042913342141305,0.48330550918197
380,0.3,1,5,0.3847120913328101,0.48330550918197
380,0.3,0.7,5,0.42598737096018163,0.48330550918197
380,0.3,0.5,5,0.4272625355047186,0.48330550918197
380,0.3,0.3,5,0.4086970523188095,0.48330550918197
380,0.3,1,3,0.41496948413688606,0.48330550918197
380,0.3,0.7,3,0.3759623932279362,0.48330550918197
380,0.3,0.5,3,0.39022391672854495,0.48330550918197
380,0.3,0.3,3,0.2910661873816061,0.48330550918197
381,0.3,1,100,0.3831025939208751,0.36784641068447416
381,0.3,0.7,100,0.3958330434991491,0.36784641068447416
381,0.3,0.5,100,0.4106065664997218,0.36784641068447416
381,0.3,0.3,100,0.3711074012242627,0.36784641068447416
381,0.3,1,7,0.4171170339776325,0.36784641068447416
381,0.3,0.7,7,0.3968852593186478,0.36784641068447416
381,0.3,0.5,7,0.42125700778227304,0.36784641068447416
381,0.3,0.3,7,0.40617713477629136,0.36784641068447416
381,0.3,1,5,0.39734017580064496,0.36784641068447416
381,0.3,0.7,5,0.44359641896507745,0.36784641068447416
381,0.3,0.5,5,0.4062090123759574,0.36784641068447416
381,0.3,0.3,5,0.4204322118129057,0.36784641068447416
381,0.3,1,3,0.43653763192121725,0.36784641068447416
381,0.3,0.7,3,0.414685084612561,0.36784641068447416
381,0.3,0.5,3,0.3864696179485795,0.36784641068447416
381,0.3,0.3,3,0.29620741015656493,0.36784641068447416
382,0.3,1,100,0.3878614922703404,0.4497050639955482
382,0.3,0.7,100,0.39675676282818106,0.4497050639955482
382,0.3,0.5,100,0.3768836950473011,0.4497050639955482
382,0.3,0.3,100,0.39870895937673906,0.4497050639955482
382,0.3,1,7,0.3563308997032644,0.4497050639955482
382,0.3,0.7,7,0.41846585896424376,0.4497050639955482
382,0.3,0.5,7,0.38694339509701886,0.4497050639955482
382,0.3,0.3,7,0.39939129690453773,0.4497050639955482
382,0.3,1,5,0.39323422591434704,0.4497050639955482
382,0.3,0.7,5,0.3781881115716993,0.4497050639955482
382,0.3,0.5,5,0.4154528100585554,0.4497050639955482
382,0.3,0.3,5,0.4065510582011857,0.4497050639955482
382,0.3,1,3,0.3903656359345373,0.4497050639955482
382,0.3,0.7,3,0.37570167292943607,0.4497050639955482
382,0.3,0.5,3,0.3699111262728471,0.4497050639955482
382,0.3,0.3,3,0.26404520220214595,0.4497050639955482
383,0.3,1,100,0.33617149172300914,0.4064997217584864
383,0.3,0.7,100,0.3162604340567613,0.4064997217584864
383,0.3,0.5,100,0.338675570395103,0.4064997217584864
383,0.3,0.3,100,0.3333555926544241,0.4064997217584864
383,0.3,1,7,0.33442040545172735,0.4064997217584864
383,0.3,0.7,7,0.3705715346999433,0.4064997217584864
383,0.3,0.5,7,0.36134188898026626,0.4064997217584864
383,0.3,0.3,7,0.35759740413695784,0.4064997217584864
383,0.3,1,5,0.31753188174479724,0.4064997217584864
383,0.3,0.7,5,0.36140517398897415,0.4064997217584864
383,0.3,0.5,5,0.40586148625615986,0.4064997217584864
383,0.3,0.3,5,0.3485868955293739,0.4064997217584864
383,0.3,1,3,0.36200791028910545,0.4064997217584864
383,0.3,0.7,3,0.363711057156311,0.4064997217584864
383,0.3,0.5,3,0.29191006683844783,0.4064997217584864
383,0.3,0.3,3,0.22829932890334181,0.4064997217584864
384,0.3,1,100,0.41845528262161286,0.4279910962715638
384,0.3,0.7,100,0.4523162279267034,0.4279910962715638
384,0.3,0.5,100,0.41050639955481366,0.4279910962715638
384,0.3,0.3,100,0.4561046188091264,0.4279910962715638
384,0.3,1,7,0.439486070739764,0.4279910962715638
384,0.3,0.7,7,0.4140121812272894,0.4279910962715638
384,0.3,0.5,7,0.4695847441523489,0.4279910962715638
384,0.3,0.3,7,0.4495940772648263,0.4279910962715638
384,0.3,1,5,0.42727669006730845,0.4279910962715638
384,0.3,0.7,5,0.42357960034062214,0.4279910962715638
384,0.3,0.5,5,0.44633031956187524,0.4279910962715638
384,0.3,0.3,5,0.46008166273994094,0.4279910962715638
384,0.3,1,3,0.42018835901061596,0.4279910962715638
384,0.3,0.7,3,0.46552410242216596,0.4279910962715638
384,0.3,0.5,3,0.3901165477256274,0.4279910962715638
384,0.3,0.3,3,0.31526942422457876,0.4279910962715638
385,0.3,1,100,0.35808959035510485,0.4053867557039511
385,0.3,0.7,100,0.366644407345576,0.4053867557039511
385,0.3,0.5,100,0.36307178631051756,0.4053867557039511
385,0.3,0.3,100,0.3860545353366723,0.4053867557039511
385,0.3,1,7,0.3818425038891475,0.4053867557039511
385,0.3,0.7,7,0.37420877431887695,0.4053867557039511
385,0.3,0.5,7,0.3887357034292326,0.4053867557039511
385,0.3,0.3,7,0.40720852731186036,0.4053867557039511
385,0.3,1,5,0.36436510638630276,0.4053867557039511
385,0.3,0.7,5,0.3738254781061253,0.4053867557039511
385,0.3,0.5,5,0.40242742586410735,0.4053867557039511
385,0.3,0.3,5,0.3989582072871574,0.4053867557039511
385,0.3,1,3,0.37096928898512427,0.4053867557039511
385,0.3,0.7,3,0.35652319957452466,0.4053867557039511
385,0.3,0.5,3,0.3869290190383103,0.4053867557039511
385,0.3,0.3,3,0.3308399295704466,0.4053867557039511
386,0.3,1,100,0.38208588317992764,0.44114201764783356
386,0.3,0.7,100,0.39058865432195783,0.44114201764783356
386,0.3,0.5,100,0.37904284919309966,0.44114201764783356
386,0.3,0.3,100,0.3932665553700613,0.44114201764783356
386,0.3,1,7,0.42962163252876684,0.44114201764783356
386,0.3,0.7,7,0.402406463399857,0.44114201764783356
386,0.3,0.5,7,0.3778716639408984,0.44114201764783356
386,0.3,0.3,7,0.41249366056577613,0.44114201764783356
386,0.3,1,5,0.3871040226942383,0.44114201764783356
386,0.3,0.7,5,0.4167869293403308,0.44114201764783356
386,0.3,0.5,5,0.3880080043879615,0.44114201764783356
386,0.3,0.3,5,0.4175152545590149,0.44114201764783356
386,0.3,1,3,0.39671461630686267,0.44114201764783356
386,0.3,0.7,3,0.41080333169460403,0.44114201764783356
386,0.3,0.5,3,0.4132488894046694,0.44114201764783356
386,0.3,0.3,3,0.3449608299378865,0.44114201764783356
387,0.3,1,100,0.34645533558742186,0.3531107401224263
387,0.3,0.7,100,0.358675570395103,0.3531107401224263
387,0.3,0.5,100,0.32596549805230945,0.3531107401224263
387,0.3,0.3,100,0.3624596549805231,0.3531107401224263
387,0.3,1,7,0.3713350166752267,0.3531107401224263
387,0.3,0.7,7,0.3986606607761757,0.3531107401224263
387,0.3,0.5,7,0.4021020342739396,0.3531107401224263
387,0.3,0.3,7,0.38274409786434826,0.3531107401224263
387,0.3,1,5,0.39512348997960506,0.3531107401224263
387,0.3,0.7,5,0.3950495849351622,0.3531107401224263
387,0.3,0.5,5,0.4140884380629362,0.3531107401224263
387,0.3,0.3,5,0.3331252289084298,0.3531107401224263
387,0.3,1,3,0.4152569830896423,0.3531107401224263
387,0.3,0.7,3,0.35435006332195174,0.3531107401224263
387,0.3,0.5,3,0.37140724085485777,0.3531107401224263
387,0.3,0.3,3,0.26474958342165095,0.3531107401224263
388,0.3,1,100,0.33924790892645307,0.4701613800779077
388,0.3,0.7,100,0.36477462437395664,0.4701613800779077
388,0.3,0.5,100,0.33468002225932114,0.4701613800779077
388,0.3,0.3,100,0.3661992209237619,0.4701613800779077
388,0.3,1,7,0.42061514400042715,0.4701613800779077
388,0.3,0.7,7,0.3475773930736733,0.4701613800779077
388,0.3,0.5,7,0.3718610675514012,0.4701613800779077
388,0.3,0.3,7,0.3570954623116871,0.4701613800779077
388,0.3,1,5,0.3841268142618977,0.4701613800779077
388,0.3,0.7,5,0.38948284621443924,0.4701613800779077
388,0.3,0.5,5,0.39922879875067363,0.4701613800779077
388,0.3,0.3,5,0.34084490433100323,0.4701613800779077
388,0.3,1,3,0.36201387466558876,0.4701613800779077
388,0.3,0.7,3,0.3852650876753863,0.4701613800779077
388,0.3,0.5,3,0.29616479742569657,0.4701613800779077
388,0.3,0.3,3,0.23708974059444582,0.4701613800779077
389,0.3,1,100,0.42862947402529256,0.44523094045631617
389,0.3,0.7,100,0.42543127434613254,0.44523094045631617
389,0.3,0.5,100,0.4315859766277129,0.44523094045631617
389,0.3,0.3,100,0.42633277685030613,0.44523094045631617
389,0.3,1,7,0.41848057484580337,0.44523094045631617
389,0.3,0.7,7,0.44344961899586355,0.44523094045631617
389,0.3,0.5,7,0.4634693353921182,0.44523094045631617
389,0.3,0.3,7,0.4559936678299718,0.44523094045631617
389,0.3,1,5,0.43957231009352776,0.44523094045631617
389,0.3,0.7,5,0.46304441708731864,0.44523094045631617
389,0.3,0.5,5,0.46043528969419956,0.44523094045631617
389,0.3,0.3,5,0.42005882454513377,0.44523094045631617
389,0.3,1,3,0.43713702505620233,0.44523094045631617
389,0.3,0.7,3,0.43277673630639824,0.44523094045631617
389,0.3,0.5,3,0.4595364263795232,0.44523094045631617
389,0.3,0.3,3,0.37064581375032446,0.44523094045631617
390,0.3,1,100,0.34711590247835106,0.41432387312186986
390,0.3,0.7,100,0.38041391438493527,0.41432387312186986
390,0.3,0.5,100,0.40646633277685035,0.41432387312186986
390,0.3,0.3,100,0.4033945464663328,0.41432387312186986
390,0.3,1,7,0.3895263841377335,0.41432387312186986
390,0.3,0.7,7,0.37498937103068375,0.41432387312186986
390,0.3,0.5,7,0.3710431134751401,0.41432387312186986
390,0.3,0.3,7,0.42168597905329813,0.41432387312186986
390,0.3,1,5,0.35492720831660246,0.41432387312186986
390,0.3,0.7,5,0.4057645583182803,0.41432387312186986
390,0.3,0.5,5,0.4101719687698207,0.41432387312186986
390,0.3,0.3,5,0.393071736362661,0.41432387312186986
390,0.3,1,3,0.36881283285904215,0.41432387312186986
390,0.3,0.7,3,0.4111648376461966,0.41432387312186986
390,0.3,0.5,3,0.4519571424350649,0.41432387312186986
390,0.3,0.3,3,0.30624864119277523,0.41432387312186986
391,0.3,1,100,0.34203540625837353,0.4493377851975515
391,0.3,0.7,100,0.37750244157753693,0.4493377851975515
391,0.3,0.5,100,0.35574846967167506,0.4493377851975515
391,0.3,0.3,100,0.38708959376739016,0.4493377851975515
391,0.3,1,7,0.37996743388216003,0.4493377851975515
391,0.3,0.7,7,0.383902863127109,0.4493377851975515
391,0.3,0.5,7,0.41445721907442246,0.4493377851975515
391,0.3,0.3,7,0.35239606604083756,0.4493377851975515
391,0.3,1,5,0.3625021896360504,0.4493377851975515
391,0.3,0.7,5,0.3523232512743289,0.4493377851975515
391,0.3,0.5,5,0.372349885895274,0.4493377851975515
391,0.3,0.3,5,0.389889583305507,0.4493377851975515
391,0.3,1,3,0.36073953561359084,0.4493377851975515
391,0.3,0.7,3,0.3681069028185261,0.4493377851975515
391,0.3,0.5,3,0.37643776135985735,0.4493377851975515
391,0.3,0.3,3,0.23804230421619543,0.4493377851975515
392,0.3,1,100,0.3553521031201039,0.38007790762381755
392,0.3,0.7,100,0.36644407345575963,0.38007790762381755
392,0.3,0.5,100,0.38333889816360606,0.38007790762381755
392,0.3,0.3,100,0.38131329994435176,0.38007790762381755
392,0.3,1,7,0.39350650625552297,0.38007790762381755
392,0.3,0.7,7,0.3518442752022307,0.38007790762381755
392,0.3,0.5,7,0.3955198450125311,0.38007790762381755
392,0.3,0.3,7,0.4206688665437932,0.38007790762381755
392,0.3,1,5,0.3758332785199819,0.38007790762381755
392,0.3,0.7,5,0.3627407440676674,0.38007790762381755
392,0.3,0.5,5,0.40903188643806954,0.38007790762381755
392,0.3,0.3,5,0.33903484928533656,0.38007790762381755
392,0.3,1,3,0.3920763127170651,0.38007790762381755
392,0.3,0.7,3,0.40217355906914015,0.38007790762381755
392,0.3,0.5,3,0.39842757132772827,0.38007790762381755
392,0.3,0.3,3,0.3193290171390525,0.38007790762381755
393,0.3,1,100,0.3641427904727619,0.3346911519198665
393,0.3,0.7,100,0.33019476905954376,0.3346911519198665
393,0.3,0.5,100,0.3289371174179188,0.3346911519198665
393,0.3,0.3,100,0.3694602114635504,0.3346911519198665
393,0.3,1,7,0.3597186864020604,0.3346911519198665
393,0.3,0.7,7,0.29951200775999975,0.3346911519198665
393,0.3,0.5,7,0.34355514582345187,0.3346911519198665
393,0.3,0.3,7,0.37805602030709834,0.3346911519198665
393,0.3,1,5,0.3772279359353882,0.3346911519198665
393,0.3,0.7,5,0.33449583248212345,0.3346911519198665
393,0.3,0.5,5,0.34801749691876543,0.3346911519198665
393,0.3,0.3,5,0.33484502516874887,0.3346911519198665
393,0.3,1,3,0.35107871246018907,0.3346911519198665
393,0.3,0.7,3,0.31081103266039856,0.3346911519198665
393,0.3,0.5,3,0.3490795618183787,0.3346911519198665
393,0.3,0.3,3,0.23398216111220285,0.3346911519198665
394,0.3,1,100,0.3617590992553542,0.43008347245409023
394,0.3,0.7,100,0.36405727424006407,0.43008347245409023
394,0.3,0.5,100,0.3994880356149138,0.43008347245409023
394,0.3,0.3,100,0.3349026154702282,0.43008347245409023
394,0.3,1,7,0.38171267690243477,0.43008347245409023
394,0.3,0.7,7,0.3899781152099444,0.43008347245409023
394,0.3,0.5,7,0.377243690028952,0.43008347245409023
394,0.3,0.3,7,0.37526177382226267,0.43008347245409023
394,0.3,1,5,0.3210284431955843,0.43008347245409023
394,0.3,0.7,5,0.41855534787586374,0.43008347245409023
394,0.3,0.5,5,0.3968898436007505,0.43008347245409023
394,0.3,0.3,5,0.35762896751062645,0.43008347245409023
394,0.3,1,3,0.3571961077617847,0.43008347245409023
394,0.3,0.7,3,0.3559663058419502,0.43008347245409023
394,0.3,0.5,3,0.3536639368798045,0.43008347245409023
394,0.3,0.3,3,0.32954364683315757,0.43008347245409023
395,0.3,1,100,0.3807758721750327,0.4447189760712299
395,0.3,0.7,100,0.3874568725653868,0.4447189760712299
395,0.3,0.5,100,0.38494156928213696,0.4447189760712299
395,0.3,0.3,100,0.3980856983861993,0.4447189760712299
395,0.3,1,7,0.3868553058219502,0.4447189760712299
395,0.3,0.7,7,0.3939668518775853,0.4447189760712299
395,0.3,0.5,7,0.4126944705138882,0.4447189760712299
395,0.3,0.3,7,0.3907543013322205,0.4447189760712299
395,0.3,1,5,0.3997299587206559,0.4447189760712299
395,0.3,0.7,5,0.4298401079676831,0.4447189760712299
395,0.3,0.5,5,0.43943095546413175,0.4447189760712299
395,0.3,0.3,5,0.4132237703833722,0.4447189760712299
395,0.3,1,3,0.41225782949276835,0.4447189760712299
395,0.3,0.7,3,0.42497543180121183,0.4447189760712299
395,0.3,0.5,3,0.3978299355584663,0.4447189760712299
395,0.3,0.3,3,0.2645957575863332,0.4447189760712299
396,0.3,1,100,0.38217631612470115,0.40808683385476235
396,0.3,0.7,100,0.3742637013473067,0.40808683385476235
396,0.3,0.5,100,0.3545019476905955,0.40808683385476235
396,0.3,0.3,100,0.361825264329438,0.40808683385476235
396,0.3,1,7,0.39051297574668037,0.40808683385476235
396,0.3,0.7,7,0.406683579464114,0.40808683385476235
396,0.3,0.5,7,0.3665300305290237,0.40808683385476235
396,0.3,0.3,7,0.4166215246568182,0.40808683385476235
396,0.3,1,5,0.34532399087840676,0.40808683385476235
396,0.3,0.7,5,0.39616796660157794,0.40808683385476235
396,0.3,0.5,5,0.3160238626901251,0.40808683385476235
396,0.3,0.3,5,0.41518965858088464,0.40808683385476235
396,0.3,1,3,0.3688755470023818,0.40808683385476235
396,0.3,0.7,3,0.36332237122198097,0.40808683385476235
396,0.3,0.5,3,0.34984189931861776,0.40808683385476235
396,0.3,0.3,3,0.23983507222095485,0.40808683385476235
397,0.3,1,100,0.3744566725077996,0.39686810480984125
397,0.3,0.7,100,0.39030606566499726,0.39686810480984125
397,0.3,0.5,100,0.3581190873678353,0.39686810480984125
397,0.3,0.3,100,0.39588202559821933,0.39686810480984125
397,0.3,1,7,0.3454334297668848,0.39686810480984125
397,0.3,0.7,7,0.39012683571447015,0.39686810480984125
397,0.3,0.5,7,0.350589467668895,0.39686810480984125
397,0.3,0.3,7,0.3790943712769159,0.39686810480984125
397,0.3,1,5,0.38795364002064786,0.39686810480984125
397,0.3,0.7,5,0.39618850780399184,0.39686810480984125
397,0.3,0.5,5,0.39755105548898423,0.39686810480984125
397,0.3,0.3,5,0.3903849084849017,0.39686810480984125
397,0.3,1,3,0.38590652380483487,0.39686810480984125
397,0.3,0.7,3,0.4081483960989162,0.39686810480984125
397,0.3,0.5,3,0.3921006069622461,0.39686810480984125
397,0.3,0.3,3,0.32431736793603216,0.39686810480984125
398,0.3,1,100,0.4139072978306967,0.42228158041179753
398,0.3,0.7,100,0.41192886976006415,0.42228158041179753
398,0.3,0.5,100,0.38239287701725105,0.42228158041179753
398,0.3,0.3,100,0.4250083472454091,0.42228158041179753
398,0.3,1,7,0.39019713446352056,0.42228158041179753
398,0.3,0.7,7,0.3698913668730974,0.42228158041179753
398,0.3,0.5,7,0.3966429412656556,0.42228158041179753
398,0.3,0.3,7,0.41003519953279266,0.42228158041179753
398,0.3,1,5,0.4111526209736671,0.42228158041179753
398,0.3,0.7,5,0.4470258844966109,0.42228158041179753
398,0.3,0.5,5,0.4130112753491233,0.42228158041179753
398,0.3,0.3,5,0.4286749892838261,0.42228158041179753
398,0.3,1,3,0.4294236068497194,0.42228158041179753
398,0.3,0.7,3,0.416233276206231,0.42228158041179753
398,0.3,0.5,3,0.3569618586342959,0.42228158041179753
398,0.3,0.3,3,0.33647544786451866,0.42228158041179753
399,0.3,1,100,0.3653268758559318,0.4852531997774069
399,0.3,0.7,100,0.3913299944351698,0.4852531997774069
399,0.3,0.5,100,0.38100166944908187,0.4852531997774069
399,0.3,0.3,100,0.3925208681135226,0.4852531997774069
399,0.3,1,7,0.3650505260334418,0.4852531997774069
399,0.3,0.7,7,0.37425078534845857,0.4852531997774069
399,0.3,0.5,7,0.3347858613469664,0.4852531997774069
399,0.3,0.3,7,0.40045211755457727,0.4852531997774069
399,0.3,1,5,0.3386614730921524,0.4852531997774069
399,0.3,0.7,5,0.36388875073436716,0.4852531997774069
399,0.3,0.5,5,0.3846927748950936,0.4852531997774069
399,0.3,0.3,5,0.33832726333777124,0.4852531997774069
399,0.3,1,3,0.3533595353699427,0.4852531997774069
399,0.3,0.7,3,0.40043700837321494,0.4852531997774069
399,0.3,0.5,3,0.37006563154302213,0.4852531997774069
399,0.3,0.3,3,0.2742778969866048,0.4852531997774069
400,0.3,1,100,0.36358577300435535,0.45134794476508816
400,0.3,0.7,100,0.38513077351140795,0.45134794476508816
400,0.3,0.5,100,0.41176405119643855,0.45134794476508816
400,0.3,0.3,100,0.3967835281023929,0.45134794476508816
400,0.3,1,7,0.3644843384147321,0.45134794476508816
400,0.3,0.7,7,0.41017748204265475,0.45134794476508816
400,0.3,0.5,7,0.41220090965393236,0.45134794476508816
400,0.3,0.3,7,0.45448143775738636,0.45134794476508816
400,0.3,1,5,0.39228553448122583,0.45134794476508816
400,0.3,0.7,5,0.4170028987917077,0.45134794476508816
400,0.3,0.5,5,0.40712579292231105,0.45134794476508816
400,0.3,0.3,5,0.4237865086110598,0.45134794476508816
400,0.3,1,3,0.37496872080661325,0.45134794476508816
400,0.3,0.7,3,0.383087016349358,0.45134794476508816
400,0.3,0.5,3,0.3562829451985313,0.45134794476508816
400,0.3,0.3,3,0.3277782179130538,0.45134794476508816
401,0.3,1,100,0.35724645297002067,0.3845075125208682
401,0.3,0.7,100,0.35594620991398596,0.3845075125208682
401,0.3,0.5,100,0.3856761268781303,0.3845075125208682
401,0.3,0.3,100,0.34897050639955485,0.3845075125208682
401,0.3,1,7,0.3522025796758676,0.3845075125208682
401,0.3,0.7,7,0.389475821521899,0.3845075125208682
401,0.3,0.5,7,0.3555743126740453,0.3845075125208682
401,0.3,0.3,7,0.3592467361480468,0.3845075125208682
401,0.3,1,5,0.36140346242868593,0.3845075125208682
401,0.3,0.7,5,0.33929592638567024,0.3845075125208682
401,0.3,0.5,5,0.36939331626900596,0.3845075125208682
401,0.3,0.3,5,0.3649805813507177,0.3845075125208682
401,0.3,1,3,0.37690757025109395,0.3845075125208682
401,0.3,0.7,3,0.33351144731873744,0.3845075125208682
401,0.3,0.5,3,0.33445567705679813,0.3845075125208682
401,0.3,0.3,3,0.2706573716259132,0.3845075125208682
402,0.3,1,100,0.383349617866573,0.45450877715472865
402,0.3,0.7,100,0.40676240056473695,0.45450877715472865
402,0.3,0.5,100,0.4220923761825265,0.45450877715472865
402,0.3,0.3,100,0.36410684474123545,0.45450877715472865
402,0.3,1,7,0.4331345842333836,0.45450877715472865
402,0.3,0.7,7,0.4505964776341192,0.45450877715472865
402,0.3,0.5,7,0.42019461070040587,0.45450877715472865
402,0.3,0.3,7,0.4111879027250964,0.45450877715472865
402,0.3,1,5,0.4000746756796491,0.45450877715472865
402,0.3,0.7,5,0.4133765597057503,0.45450877715472865
402,0.3,0.5,5,0.4030231696562145,0.45450877715472865
402,0.3,0.3,5,0.3865713862275914,0.45450877715472865
402,0.3,1,3,0.3849222117837669,0.45450877715472865
402,0.3,0.7,3,0.3973483772812157,0.45450877715472865
402,0.3,0.5,3,0.41677187268925103,0.45450877715472865
402,0.3,0.3,3,0.2985994502334786,0.45450877715472865
403,0.3,1,100,0.35588532533822925,0.43721758486366175
403,0.3,0.7,100,0.35908936611221626,0.43721758486366175
403,0.3,0.5,100,0.3351363383416806,0.43721758486366175
403,0.3,0.3,100,0.34439621591541464,0.43721758486366175
403,0.3,1,7,0.38611676350816143,0.43721758486366175
403,0.3,0.7,7,0.3467956919891558,0.43721758486366175
403,0.3,0.5,7,0.3351163098339287,0.43721758486366175
403,0.3,0.3,7,0.39626154362252186,0.43721758486366175
403,0.3,1,5,0.32379901154786345,0.43721758486366175
403,0.3,0.7,5,0.3645397739144658,0.43721758486366175
403,0.3,0.5,5,0.3224195358044659,0.43721758486366175
403,0.3,0.3,5,0.34380617327628266,0.43721758486366175
403,0.3,1,3,0.3504557320866635,0.43721758486366175
403,0.3,0.7,3,0.36105074762271205,0.43721758486366175
403,0.3,0.5,3,0.3607130444729218,0.43721758486366175
403,0.3,0.3,3,0.24039183246426796,0.43721758486366175
404,0.3,1,100,0.3621508248274554,0.42251530328324993
404,0.3,0.7,100,0.3489927657206456,0.42251530328324993
404,0.3,0.5,100,0.3917306622148025,0.42251530328324993
404,0.3,0.3,100,0.36904841402337235,0.42251530328324993
404,0.3,1,7,0.3765909117954915,0.42251530328324993
404,0.3,0.7,7,0.37805751230196477,0.42251530328324993
404,0.3,0.5,7,0.40621313334552717,0.42251530328324993
404,0.3,0.3,7,0.4026139545637117,0.42251530328324993
404,0.3,1,5,0.3877393012253125,0.42251530328324993
404,0.3,0.7,5,0.3749203159889559,0.42251530328324993
404,0.3,0.5,5,0.44753505527006326,0.42251530328324993
404,0.3,0.3,5,0.3673092608721643,0.42251530328324993
404,0.3,1,3,0.39186942546014686,0.42251530328324993
404,0.3,0.7,3,0.37491664037442235,0.42251530328324993
404,0.3,0.5,3,0.34602718730154636,0.42251530328324993
404,0.3,0.3,3,0.285990245065672,0.42251530328324993
405,0.3,1,100,0.3585944770244541,0.3970283806343907
405,0.3,0.7,100,0.32071875547913653,0.3970283806343907
405,0.3,0.5,100,0.34503060656649975,0.3970283806343907
405,0.3,0.3,100,0.3387979966611019,0.3970283806343907
405,0.3,1,7,0.3709917946626685,0.3970283806343907
405,0.3,0.7,7,0.43624791602505075,0.3970283806343907
405,0.3,0.5,7,0.34105588961008143,0.3970283806343907
405,0.3,0.3,7,0.35967127057101816,0.3970283806343907
405,0.3,1,5,0.33747695380943343,0.3970283806343907
405,0.3,0.7,5,0.3228799125393822,0.3970283806343907
405,0.3,0.5,5,0.3685349753977679,0.3970283806343907
405,0.3,0.3,5,0.35523627600908236,0.3970283806343907
405,0.3,1,3,0.3530104723976929,0.3970283806343907
405,0.3,0.7,3,0.3427017352726371,0.3970283806343907
405,0.3,0.5,3,0.3312524502014186,0.3970283806343907
405,0.3,0.3,3,0.23204132164078262,0.3970283806343907
406,0.3,1,100,0.4619306023831302,0.49781858653311084
406,0.3,0.7,100,0.45231443869733756,0.49781858653311084
406,0.3,0.5,100,0.4386533110740123,0.49781858653311084
406,0.3,0.3,100,0.5054757929883139,0.49781858653311084
406,0.3,1,7,0.4398635494607855,0.49781858653311084
406,0.3,0.7,7,0.4973169312004076,0.49781858653311084
406,0.3,0.5,7,0.4874148770632778,0.49781858653311084
406,0.3,0.3,7,0.4759897333024081,0.49781858653311084
406,0.3,1,5,0.4763552272699563,0.49781858653311084
406,0.3,0.7,5,0.45926448647562945,0.49781858653311084
406,0.3,0.5,5,0.4751487382559057,0.49781858653311084
406,0.3,0.3,5,0.48351111567108235,0.49781858653311084
406,0.3,1,3,0.48458536107968225,0.49781858653311084
406,0.3,0.7,3,0.47763027882865017,0.49781858653311084
406,0.3,0.5,3,0.45629732349174745,0.49781858653311084
406,0.3,0.3,3,0.37065515816401884,0.49781858653311084
407,0.3,1,100,0.43226681685062895,0.43924318308291604
407,0.3,0.7,100,0.4117174044445422,0.43924318308291604
407,0.3,0.5,100,0.40017807456872573,0.43924318308291604
407,0.3,0.3,100,0.45084028937117426,0.43924318308291604
407,0.3,1,7,0.39941412626230793,0.43924318308291604
407,0.3,0.7,7,0.43391771216747566,0.43924318308291604
407,0.3,0.5,7,0.4211962510307594,0.43924318308291604
407,0.3,0.3,7,0.41824596140492537,0.43924318308291604
407,0.3,1,5,0.4353786834041477,0.43924318308291604
407,0.3,0.7,5,0.41085174754396725,0.43924318308291604
407,0.3,0.5,5,0.43716983518346325,0.43924318308291604
407,0.3,0.3,5,0.4380134060907682,0.43924318308291604
407,0.3,1,3,0.4203290223195046,0.43924318308291604
407,0.3,0.7,3,0.4262722007015231,0.43924318308291604
407,0.3,0.5,3,0.41170377067229935,0.43924318308291604
407,0.3,0.3,3,0.30610334819995166,0.43924318308291604
408,0.3,1,100,0.37267005177347945,0.461665168797471
408,0.3,0.7,100,0.3743238731218698,0.461665168797471
408,0.3,0.5,100,0.38723427935447974,0.461665168797471
408,0.3,0.3,100,0.3982192543127435,0.461665168797471
408,0.3,1,7,0.3946217386391734,0.461665168797471
408,0.3,0.7,7,0.38931089260742946,0.461665168797471
408,0.3,0.5,7,0.3888218806333264,0.461665168797471
408,0.3,0.3,7,0.3978233760205165,0.461665168797471
408,0.3,1,5,0.4090658688883328,0.461665168797471
408,0.3,0.7,5,0.39307272066984933,0.461665168797471
408,0.3,0.5,5,0.3751681066200895,0.461665168797471
408,0.3,0.3,5,0.3983134809196661,0.461665168797471
408,0.3,1,3,0.4022741438919426,0.461665168797471
408,0.3,0.7,3,0.4353351986217,0.461665168797471
408,0.3,0.5,3,0.35638291417576107,0.461665168797471
408,0.3,0.3,3,0.3203662046247475,0.461665168797471
409,0.3,1,100,0.4228526952644587,0.4129549248747914
409,0.3,0.7,100,0.43248311765086067,0.4129549248747914
409,0.3,0.5,100,0.36928213689482475,0.4129549248747914
409,0.3,0.3,100,0.41745130773511413,0.4129549248747914
409,0.3,1,7,0.3951123747378329,0.4129549248747914
409,0.3,0.7,7,0.3899247501085868,0.4129549248747914
409,0.3,0.5,7,0.4166572928718729,0.4129549248747914
409,0.3,0.3,7,0.43899268655899787,0.4129549248747914
409,0.3,1,5,0.42506399640530773,0.4129549248747914
409,0.3,0.7,5,0.4151062717538872,0.4129549248747914
409,0.3,0.5,5,0.40428562821665154,0.4129549248747914
409,0.3,0.3,5,0.40069410681675516,0.4129549248747914
409,0.3,1,3,0.4304517138522401,0.4129549248747914
409,0.3,0.7,3,0.3745033067021473,0.4129549248747914
409,0.3,0.5,3,0.38627173779157337,0.4129549248747914
409,0.3,0.3,3,0.32438451843409216,0.4129549248747914
410,0.3,1,100,0.40568354170687604,0.49829716193656104
410,0.3,0.7,100,0.3865307723905313,0.49829716193656104
410,0.3,0.5,100,0.43108514190317204,0.49829716193656104
410,0.3,0.3,100,0.4150139120756818,0.49829716193656104
410,0.3,1,7,0.42144525332883304,0.49829716193656104
410,0.3,0.7,7,0.45174012633180194,0.49829716193656104
410,0.3,0.5,7,0.4465853758780625,0.49829716193656104
410,0.3,0.3,7,0.43826758359602225,0.49829716193656104
410,0.3,1,5,0.43334020885801633,0.49829716193656104
410,0.3,0.7,5,0.4034458478937908,0.49829716193656104
410,0.3,0.5,5,0.42441363273897564,0.49829716193656104
410,0.3,0.3,5,0.4053661291000493,0.49829716193656104
410,0.3,1,3,0.453935147255834,0.49829716193656104
410,0.3,0.7,3,0.4326299077808405,0.49829716193656104
410,0.3,0.5,3,0.427886898442311,0.49829716193656104
410,0.3,0.3,3,0.3281087375752148,0.49829716193656104
411,0.3,1,100,0.4090202060783829,0.4277239844184753
411,0.3,0.7,100,0.39878686700055654,0.4277239844184753
411,0.3,0.5,100,0.3633834168057875,0.4277239844184753
411,0.3,0.3,100,0.40117974401780754,0.4277239844184753
411,0.3,1,7,0.3925399029796842,0.4277239844184753
411,0.3,0.7,7,0.4120059927419366,0.4277239844184753
411,0.3,0.5,7,0.39494284744875396,0.4277239844184753
411,0.3,0.3,7,0.42443085842403244,0.4277239844184753
411,0.3,1,5,0.4111759838764892,0.4277239844184753
411,0.3,0.7,5,0.3841525766780279,0.4277239844184753
411,0.3,0.5,5,0.4005532041936264,0.4277239844184753
411,0.3,0.3,5,0.4024160905227179,0.4277239844184753
411,0.3,1,3,0.4226776252273019,0.4277239844184753
411,0.3,0.7,3,0.4224242409137193,0.4277239844184753
411,0.3,0.5,3,0.42440985911335155,0.4277239844184753
411,0.3,0.3,3,0.3007255181588439,0.4277239844184753
412,0.3,1,100,0.3951401982000918,0.45385642737896503
412,0.3,0.7,100,0.3579966611018365,0.45385642737896503
412,0.3,0.5,100,0.32585420144685595,0.45385642737896503
412,0.3,0.3,100,0.37294379521424603,0.45385642737896503
412,0.3,1,7,0.3819756436429483,0.45385642737896503
412,0.3,0.7,7,0.40181635825734174,0.45385642737896503
412,0.3,0.5,7,0.3862068575249477,0.45385642737896503
412,0.3,0.3,7,0.3917436956022719,0.45385642737896503
412,0.3,1,5,0.3730093939154479,0.45385642737896503
412,0.3,0.7,5,0.35156961460893443,0.45385642737896503
412,0.3,0.5,5,0.4028587333163359,0.45385642737896503
412,0.3,0.3,5,0.31875919719796003,0.45385642737896503
412,0.3,1,3,0.3484400608364441,0.45385642737896503
412,0.3,0.7,3,0.41288205916708665,0.45385642737896503
412,0.3,0.5,3,0.39662777404420857,0.45385642737896503
412,0.3,0.3,3,0.2867571113341694,0.45385642737896503
413,0.3,1,100,0.34874434866992965,0.3967946577629383
413,0.3,0.7,100,0.2781747356705621,0.3967946577629383
413,0.3,0.5,100,0.32646633277685033,0.3967946577629383
413,0.3,0.3,100,0.3450194769059544,0.3967946577629383
413,0.3,1,7,0.3220689841330762,0.3967946577629383
413,0.3,0.7,7,0.33341241261394006,0.3967946577629383
413,0.3,0.5,7,0.32601539027562987,0.3967946577629383
413,0.3,0.3,7,0.35685923924572993,0.3967946577629383
413,0.3,1,5,0.3749431249422311,0.3967946577629383
413,0.3,0.7,5,0.3526137956192195,0.3967946577629383
413,0.3,0.5,5,0.3424526656161194,0.3967946577629383
413,0.3,0.3,5,0.36259036911016757,0.3967946577629383
413,0.3,1,3,0.35468706722185767,0.3967946577629383
413,0.3,0.7,3,0.3794846188981864,0.3967946577629383
413,0.3,0.5,3,0.3436666847138254,0.3967946577629383
413,0.3,0.3,3,0.24249109123830448,0.3967946577629383
414,0.3,1,100,0.3865337656284251,0.45565943238731227
414,0.3,0.7,100,0.39428821054415286,0.45565943238731227
414,0.3,0.5,100,0.38501947690595445,0.45565943238731227
414,0.3,0.3,100,0.3718530884808014,0.45565943238731227
414,0.3,1,7,0.39589665302830873,0.45565943238731227
414,0.3,0.7,7,0.4402953609820917,0.45565943238731227
414,0.3,0.5,7,0.3525270724884778,0.45565943238731227
414,0.3,0.3,7,0.34279753796067375,0.45565943238731227
414,0.3,1,5,0.38602678444901567,0.45565943238731227
414,0.3,0.7,5,0.40591097945654586,0.45565943238731227
414,0.3,0.5,5,0.4159716331379408,0.45565943238731227
414,0.3,0.3,5,0.3900652307472256,0.45565943238731227
414,0.3,1,3,0.4105371459742962,0.45565943238731227
414,0.3,0.7,3,0.39755857658291155,0.45565943238731227
414,0.3,0.5,3,0.3496741241046318,0.45565943238731227
414,0.3,0.3,3,0.3389753319127811,0.45565943238731227
415,0.3,1,100,0.33769587980385835,0.4463105175292154
415,0.3,0.7,100,0.3493155258764608,0.4463105175292154
415,0.3,0.5,100,0.39897607122982753,0.4463105175292154
415,0.3,0.3,100,0.3630050083472455,0.4463105175292154
415,0.3,1,7,0.32328026812526267,0.4463105175292154
415,0.3,0.7,7,0.3193605675762947,0.4463105175292154
415,0.3,0.5,7,0.3921313129603616,0.4463105175292154
415,0.3,0.3,7,0.37852173447002824,0.4463105175292154
415,0.3,1,5,0.3712721830558043,0.4463105175292154
415,0.3,0.7,5,0.3821932578477293,0.4463105175292154
415,0.3,0.5,5,0.37624856096557974,0.4463105175292154
415,0.3,0.3,5,0.42695485868562516,0.4463105175292154
415,0.3,1,3,0.38264428657485333,0.4463105175292154
415,0.3,0.7,3,0.3716197841164684,0.4463105175292154
415,0.3,0.5,3,0.34806999768882185,0.4463105175292154
415,0.3,0.3,3,0.27320779550165236,0.4463105175292154
416,0.3,1,100,0.2934835250748135,0.4274791318864775
416,0.3,0.7,100,0.28801335559265445,0.4274791318864775
416,0.3,0.5,100,0.3011352253756261,0.4274791318864775
416,0.3,0.3,100,0.3091374513077352,0.4274791318864775
416,0.3,1,7,0.3311554162697963,0.4274791318864775
416,0.3,0.7,7,0.29511522242066013,0.4274791318864775
416,0.3,0.5,7,0.32809196496388054,0.4274791318864775
416,0.3,0.3,7,0.35189622915469376,0.4274791318864775
416,0.3,1,5,0.3330457727461526,0.4274791318864775
416,0.3,0.7,5,0.2838748491654972,0.4274791318864775
416,0.3,0.5,5,0.3483149979853688,0.4274791318864775
416,0.3,0.3,5,0.32023197435312417,0.4274791318864775
416,0.3,1,3,0.31616246142151083,0.4274791318864775
416,0.3,0.7,3,0.29965820681163835,0.4274791318864775
416,0.3,0.5,3,0.28840680080773456,0.4274791318864775
416,0.3,0.3,3,0.23613579271971044,0.4274791318864775
417,0.3,1,100,0.38276984856638313,0.46151363383416816
417,0.3,0.7,100,0.3421368948247079,0.46151363383416816
417,0.3,0.5,100,0.3395548135781859,0.46151363383416816
417,0.3,0.3,100,0.3253088480801336,0.46151363383416816
417,0.3,1,7,0.30256691360154764,0.46151363383416816
417,0.3,0.7,7,0.35486077942148947,0.46151363383416816
417,0.3,0.5,7,0.36418293793992973,0.46151363383416816
417,0.3,0.3,7,0.3406675287148059,0.46151363383416816
417,0.3,1,5,0.34922946810256333,0.46151363383416816
417,0.3,0.7,5,0.30482374734688344,0.46151363383416816
417,0.3,0.5,5,0.34036772677707977,0.46151363383416816
417,0.3,0.3,5,0.3324924185882807,0.46151363383416816
417,0.3,1,3,0.34734822519468317,0.46151363383416816
417,0.3,0.7,3,0.36864249188934956,0.46151363383416816
417,0.3,0.5,3,0.3755792953742314,0.46151363383416816
417,0.3,0.3,3,0.22000470773987385,0.46151363383416816
418,0.3,1,100,0.3510043284860685,0.41196438508625494
418,0.3,0.7,100,0.37206002242776864,0.41196438508625494
418,0.3,0.5,100,0.3709738452977185,0.41196438508625494
418,0.3,0.3,100,0.44027824151363393,0.41196438508625494
418,0.3,1,7,0.36833803844267715,0.41196438508625494
418,0.3,0.7,7,0.41843796114739357,0.41196438508625494
418,0.3,0.5,7,0.39060682777207234,0.41196438508625494
418,0.3,0.3,7,0.36902059922342006,0.41196438508625494
418,0.3,1,5,0.3858912572924203,0.41196438508625494
418,0.3,0.7,5,0.41384346426205953,0.41196438508625494
418,0.3,0.5,5,0.4068568898846961,0.41196438508625494
418,0.3,0.3,5,0.3824778154465792,0.41196438508625494
418,0.3,1,3,0.3355894378594245,0.41196438508625494
418,0.3,0.7,3,0.38665903405181973,0.41196438508625494
418,0.3,0.5,3,0.36829866655707916,0.41196438508625494
418,0.3,0.3,3,0.31151178409541946,0.41196438508625494
419,0.3,1,100,0.34538760960837306,0.45055091819699505
419,0.3,0.7,100,0.4132554257095159,0.45055091819699505
419,0.3,0.5,100,0.3848302726766834,0.45055091819699505
419,0.3,0.3,100,0.37394546466332784,0.45055091819699505
419,0.3,1,7,0.37907374003855393,0.45055091819699505
419,0.3,0.7,7,0.38532692664984786,0.45055091819699505
419,0.3,0.5,7,0.3684661914347038,0.45055091819699505
419,0.3,0.3,7,0.41432832589811064,0.45055091819699505
419,0.3,1,5,0.3351747633367478,0.45055091819699505
419,0.3,0.7,5,0.39105835155229923,0.45055091819699505
419,0.3,0.5,5,0.37911841919655764,0.45055091819699505
419,0.3,0.3,5,0.3723164011776693,0.45055091819699505
419,0.3,1,3,0.3715895622699061,0.45055091819699505
419,0.3,0.7,3,0.3718694793945572,0.45055091819699505
419,0.3,0.5,3,0.3618010354329809,0.45055091819699505
419,0.3,0.3,3,0.24633882676516616,0.45055091819699505
420,0.3,1,100,0.34160621458728685,0.41857540345019484
420,0.3,0.7,100,0.32907067334446305,0.41857540345019484
420,0.3,0.5,100,0.34713411240957154,0.41857540345019484
420,0.3,0.3,100,0.32621035058430725,0.41857540345019484
420,0.3,1,7,0.35713417070018927,0.41857540345019484
420,0.3,0.7,7,0.30912076412218287,0.41857540345019484
420,0.3,0.5,7,0.3028956172311282,0.41857540345019484
420,0.3,0.3,7,0.2987802247303807,0.41857540345019484
420,0.3,1,5,0.30283701606306807,0.41857540345019484
420,0.3,0.7,5,0.3260338462446023,0.41857540345019484
420,0.3,0.5,5,0.2884814709341197,0.41857540345019484
420,0.3,0.3,5,0.3552697710245548,0.41857540345019484
420,0.3,1,3,0.3566034916829552,0.41857540345019484
420,0.3,0.7,3,0.36360979869747634,0.41857540345019484
420,0.3,0.5,3,0.31267765118997043,0.41857540345019484
420,0.3,0.3,3,0.23080610316990594,0.41857540345019484
421,0.3,1,100,0.4010529582023886,0.49896076505692605
421,0.3,0.7,100,0.42084585420144693,0.49896076505692605
421,0.3,0.5,100,0.45047301057317757,0.49896076505692605
421,0.3,0.3,100,0.3983750695603785,0.49896076505692605
421,0.3,1,7,0.4627678419499686,0.49896076505692605
421,0.3,0.7,7,0.3971786374439192,0.49896076505692605
421,0.3,0.5,7,0.43906585605859205,0.49896076505692605
421,0.3,0.3,7,0.4083603002264936,0.49896076505692605
421,0.3,1,5,0.4225363698560009,0.49896076505692605
421,0.3,0.7,5,0.4308914992051363,0.49896076505692605
421,0.3,0.5,5,0.4320573808214195,0.49896076505692605
421,0.3,0.3,5,0.3821471392876988,0.49896076505692605
421,0.3,1,3,0.4045490312022078,0.49896076505692605
421,0.3,0.7,3,0.4182990544330701,0.49896076505692605
421,0.3,0.5,3,0.4102549953036133,0.49896076505692605
421,0.3,0.3,3,0.38051384321714715,0.49896076505692605
422,0.3,1,100,0.36008626174085145,0.3774290484140234
422,0.3,0.7,100,0.38062326099053984,0.3774290484140234
422,0.3,0.5,100,0.36744574290484144,0.3774290484140234
422,0.3,0.3,100,0.3575959933222037,0.3774290484140234
422,0.3,1,7,0.3570139360218272,0.3774290484140234
422,0.3,0.7,7,0.35929800723536254,0.3774290484140234
422,0.3,0.5,7,0.37611910949711197,0.3774290484140234
422,0.3,0.3,7,0.3677407322953762,0.3774290484140234
422,0.3,1,5,0.3876313362806376,0.3774290484140234
422,0.3,0.7,5,0.39063551925556883,0.3774290484140234
422,0.3,0.5,5,0.3663930116076102,0.3774290484140234
422,0.3,0.3,5,0.37597077345423685,0.3774290484140234
422,0.3,1,3,0.3517339358052264,0.3774290484140234
422,0.3,0.7,3,0.4038263984798781,0.3774290484140234
422,0.3,0.5,3,0.35868437726168867,0.3774290484140234
422,0.3,0.3,3,0.31865446516542684,0.3774290484140234
423,0.3,1,100,0.34198275437573483,0.44318308291597114
423,0.3,0.7,100,0.3751450346126907,0.44318308291597114
423,0.3,0.5,100,0.36932665553700617,0.44318308291597114
423,0.3,0.3,100,0.3978185865331108,0.44318308291597114
423,0.3,1,7,0.35965820460110504,0.44318308291597114
423,0.3,0.7,7,0.39584976965545704,0.44318308291597114
423,0.3,0.5,7,0.39131707063188786,0.44318308291597114
423,0.3,0.3,7,0.3588922814348412,0.44318308291597114
423,0.3,1,5,0.38520926027087443,0.44318308291597114
423,0.3,0.7,5,0.40226970568994824,0.44318308291597114
423,0.3,0.5,5,0.42153763624429,0.44318308291597114
423,0.3,0.3,5,0.3858236828042694,0.44318308291597114
423,0.3,1,3,0.3382449574732983,0.44318308291597114
423,0.3,0.7,3,0.36514736317473334,0.44318308291597114
423,0.3,0.5,3,0.3875071329769855,0.44318308291597114
423,0.3,0.3,3,0.28453301057264946,0.44318308291597114
424,0.3,1,100,0.3864879319960514,0.4219922092376183
424,0.3,0.7,100,0.4347758341025013,0.4219922092376183
424,0.3,0.5,100,0.43597106288258214,0.4219922092376183
424,0.3,0.3,100,0.42671118530884816,0.4219922092376183
424,0.3,1,7,0.3892741154926001,0.4219922092376183
424,0.3,0.7,7,0.4036903719530613,0.4219922092376183
424,0.3,0.5,7,0.42609497118456857,0.4219922092376183
424,0.3,0.3,7,0.4244428834731702,0.4219922092376183
424,0.3,1,5,0.4138997986011541,0.4219922092376183
424,0.3,0.7,5,0.3958911012853787,0.4219922092376183
424,0.3,0.5,5,0.4244549911626305,0.4219922092376183
424,0.3,0.3,5,0.46476406312978663,0.4219922092376183
424,0.3,1,3,0.39974242260862536,0.4219922092376183
424,0.3,0.7,3,0.43036508117641387,0.4219922092376183
424,0.3,0.5,3,0.3537451908854939,0.4219922092376183
424,0.3,0.3,3,0.3581891364782531,0.4219922092376183
425,0.3,1,100,0.34537643102706056,0.39854201446855875
425,0.3,0.7,100,0.35837506956037846,0.39854201446855875
425,0.3,0.5,100,0.34654424040066784,0.39854201446855875
425,0.3,0.3,100,0.3298720089037285,0.39854201446855875
425,0.3,1,7,0.3784617479373046,0.39854201446855875
425,0.3,0.7,7,0.3628942633228492,0.39854201446855875
425,0.3,0.5,7,0.389810879945804,0.39854201446855875
425,0.3,0.3,7,0.34029238539357165,0.39854201446855875
425,0.3,1,5,0.3599548598709337,0.39854201446855875
425,0.3,0.7,5,0.3399311383845069,0.39854201446855875
425,0.3,0.5,5,0.3441061079158515,0.39854201446855875
425,0.3,0.3,5,0.37239591417075474,0.39854201446855875
425,0.3,1,3,0.3429948740615707,0.39854201446855875
425,0.3,0.7,3,0.3497248086513812,0.39854201446855875
425,0.3,0.5,3,0.34149823908519994,0.39854201446855875
425,0.3,0.3,3,0.24844743077052567,0.39854201446855875
426,0.3,1,100,0.38489835287409097,0.4173622704507513
426,0.3,0.7,100,0.3799888703394547,0.4173622704507513
426,0.3,0.5,100,0.37012799109627165,0.4173622704507513
426,0.3,0.3,100,0.36450751252086816,0.4173622704507513
426,0.3,1,7,0.343388579303455,0.4173622704507513
426,0.3,0.7,7,0.35691829852824686,0.4173622704507513
426,0.3,0.5,7,0.39392857336763537,0.4173622704507513
426,0.3,0.3,7,0.41736339216671314,0.4173622704507513
426,0.3,1,5,0.40942318395978217,0.4173622704507513
426,0.3,0.7,5,0.3918570905214385,0.4173622704507513
426,0.3,0.5,5,0.37519537756831867,0.4173622704507513
426,0.3,0.3,5,0.3863671550311284,0.4173622704507513
426,0.3,1,3,0.3557947670745447,0.4173622704507513
426,0.3,0.7,3,0.37052304973991984,0.4173622704507513
426,0.3,0.5,3,0.37900846903798013,0.4173622704507513
426,0.3,0.3,3,0.29698762417603364,0.4173622704507513
427,0.3,1,100,0.4465167358489576,0.4539120756816918
427,0.3,0.7,100,0.452121650749607,0.4539120756816918
427,0.3,0.5,100,0.4677017250973846,0.4539120756816918
427,0.3,0.3,100,0.47671675013912085,0.4539120756816918
427,0.3,1,7,0.4450121596264885,0.4539120756816918
427,0.3,0.7,7,0.48387115194751146,0.4539120756816918
427,0.3,0.5,7,0.4799874748040284,0.4539120756816918
427,0.3,0.3,7,0.4805204703096189,0.4539120756816918
427,0.3,1,5,0.462437364452686,0.4539120756816918
427,0.3,0.7,5,0.46534827831280534,0.4539120756816918
427,0.3,0.5,5,0.4574421739060982,0.4539120756816918
427,0.3,0.3,5,0.4474890853006625,0.4539120756816918
427,0.3,1,3,0.4691843729066473,0.4539120756816918
427,0.3,0.7,3,0.4401304112755126,0.4539120756816918
427,0.3,0.5,3,0.4483464541388414,0.4539120756816918
427,0.3,0.3,3,0.4115827843723514,0.4539120756816918
428,0.3,1,100,0.3696670870385834,0.45851975514746807
428,0.3,0.7,100,0.349794101279911,0.45851975514746807
428,0.3,0.5,100,0.33782971619365615,0.45851975514746807
428,0.3,0.3,100,0.36933778519755156,0.45851975514746807
428,0.3,1,7,0.35028018436801694,0.45851975514746807
428,0.3,0.7,7,0.33556754511752235,0.45851975514746807
428,0.3,0.5,7,0.37336075886844744,0.45851975514746807
428,0.3,0.3,7,0.33981721615181115,0.45851975514746807
428,0.3,1,5,0.3738059535838719,0.45851975514746807
428,0.3,0.7,5,0.3582496852043759,0.45851975514746807
428,0.3,0.5,5,0.3679910232005932,0.45851975514746807
428,0.3,0.3,5,0.31790045738478334,0.45851975514746807
428,0.3,1,3,0.33431172449928115,0.45851975514746807
428,0.3,0.7,3,0.30249651809269473,0.45851975514746807
428,0.3,0.5,3,0.2943340967401157,0.45851975514746807
428,0.3,0.3,3,0.3114022686447808,0.45851975514746807
429,0.3,1,100,0.4103114948546611,0.45887590428491937
429,0.3,0.7,100,0.39325542570951594,0.45887590428491937
429,0.3,0.5,100,0.3592765720645521,0.45887590428491937
429,0.3,0.3,100,0.36016694490818035,0.45887590428491937
429,0.3,1,7,0.3693654971133591,0.45887590428491937
429,0.3,0.7,7,0.416514638480735,0.45887590428491937
429,0.3,0.5,7,0.3975044923556335,0.45887590428491937
429,0.3,0.3,7,0.37723282963859467,0.45887590428491937
429,0.3,1,5,0.38962078941257083,0.45887590428491937
429,0.3,0.7,5,0.37156570673881006,0.45887590428491937
429,0.3,0.5,5,0.38160192148928945,0.45887590428491937
429,0.3,0.3,5,0.41900800216688894,0.45887590428491937
429,0.3,1,3,0.37876141174032796,0.45887590428491937
429,0.3,0.7,3,0.397702310097862,0.45887590428491937
429,0.3,0.5,3,0.3733743865771064,0.45887590428491937
429,0.3,0.3,3,0.3086343894751896,0.45887590428491937
430,0.3,1,100,0.4055309744194801,0.45441291040623266
430,0.3,0.7,100,0.4103174825595739,0.45441291040623266
430,0.3,0.5,100,0.43292153589315535,0.45441291040623266
430,0.3,0.3,100,0.45828603227601566,0.45441291040623266
430,0.3,1,7,0.395982489233371,0.45441291040623266
430,0.3,0.7,7,0.4176288419763351,0.45441291040623266
430,0.3,0.5,7,0.4252518757789978,0.45441291040623266
430,0.3,0.3,7,0.4498687760624322,0.45441291040623266
430,0.3,1,5,0.39297283945109046,0.45441291040623266
430,0.3,0.7,5,0.4345126028194026,0.45441291040623266
430,0.3,0.5,5,0.42282707077923215,0.45441291040623266
430,0.3,0.3,5,0.45545744656160436,0.45441291040623266
430,0.3,1,3,0.4550866861842546,0.45441291040623266
430,0.3,0.7,3,0.4090290628000996,0.45441291040623266
430,0.3,0.5,3,0.39415284277099405,0.45441291040623266
430,0.3,0.3,3,0.3312501576034391,0.45441291040623266
431,0.3,1,100,0.38068657782825216,0.4245810366767595
431,0.3,0.7,100,0.3895781568689451,0.4245810366767595
431,0.3,0.5,100,0.40491930996104625,0.4245810366767595
431,0.3,0.3,100,0.3916861435726211,0.4245810366767595
431,0.3,1,7,0.36621596015215097,0.4245810366767595
431,0.3,0.7,7,0.37626862982394627,0.4245810366767595
431,0.3,0.5,7,0.35966141086855336,0.4245810366767595
431,0.3,0.3,7,0.3847293004920883,0.4245810366767595
431,0.3,1,5,0.360010064732094,0.4245810366767595
431,0.3,0.7,5,0.39719976743727164,0.4245810366767595
431,0.3,0.5,5,0.3686265179136792,0.4245810366767595
431,0.3,0.3,5,0.3915938239380806,0.4245810366767595
431,0.3,1,3,0.3854297983070015,0.4245810366767595
431,0.3,0.7,3,0.3716162364846874,0.4245810366767595
431,0.3,0.5,3,0.3393956271386284,0.4245810366767595
431,0.3,0.3,3,0.27651211620660127,0.4245810366767595
432,0.3,1,100,0.3594618302079085,0.41905397885364504
432,0.3,0.7,100,0.3789826905487418,0.41905397885364504
432,0.3,0.5,100,0.40306065664997226,0.41905397885364504
432,0.3,0.3,100,0.34946021146355044,0.41905397885364504
432,0.3,1,7,0.3973925609308855,0.41905397885364504
432,0.3,0.7,7,0.4088670889245114,0.41905397885364504
432,0.3,0.5,7,0.4256567183281919,0.41905397885364504
432,0.3,0.3,7,0.36897089126536436,0.41905397885364504
432,0.3,1,5,0.36654056451295963,0.41905397885364504
432,0.3,0.7,5,0.3667619672037117,0.41905397885364504
432,0.3,0.5,5,0.39595042900606303,0.41905397885364504
432,0.3,0.3,5,0.40066407818567806,0.41905397885364504
432,0.3,1,3,0.37924993685178365,0.41905397885364504
432,0.3,0.7,3,0.39169141003181257,0.41905397885364504
432,0.3,0.5,3,0.34941673099129433,0.41905397885364504
432,0.3,0.3,3,0.2787221457059077,0.41905397885364504
433,0.3,1,100,0.36453147885656395,0.4198441847523651
433,0.3,0.7,100,0.4099009735713518,0.4198441847523651
433,0.3,0.5,100,0.377952142459655,0.4198441847523651
433,0.3,0.3,100,0.3887033945464664,0.4198441847523651
433,0.3,1,7,0.38952325468723453,0.4198441847523651
433,0.3,0.7,7,0.3721946151834759,0.4198441847523651
433,0.3,0.5,7,0.3828280562320905,0.4198441847523651
433,0.3,0.3,7,0.3853145952361266,0.4198441847523651
433,0.3,1,5,0.41535756693482473,0.4198441847523651
433,0.3,0.7,5,0.4249268526901151,0.4198441847523651
433,0.3,0.5,5,0.4225968481150962,0.4198441847523651
433,0.3,0.3,5,0.3942304420767947,0.4198441847523651
433,0.3,1,3,0.38824285408155734,0.4198441847523651
433,0.3,0.7,3,0.3638717489414065,0.4198441847523651
433,0.3,0.5,3,0.4065915730655856,0.4198441847523651
433,0.3,0.3,3,0.27377470867239173,0.4198441847523651
434,0.3,1,100,0.34438081480095156,0.4004006677796328
434,0.3,0.7,100,0.35699499165275467,0.4004006677796328
434,0.3,0.5,100,0.36143572621035064,0.4004006677796328
434,0.3,0.3,100,0.3546021146355037,0.4004006677796328
434,0.3,1,7,0.34286562322627795,0.4004006677796328
434,0.3,0.7,7,0.33747977968847537,0.4004006677796328
434,0.3,0.5,7,0.41011692394696064,0.4004006677796328
434,0.3,0.3,7,0.3836466459586826,0.4004006677796328
434,0.3,1,5,0.36090417982345513,0.4004006677796328
434,0.3,0.7,5,0.32857302699715196,0.4004006677796328
434,0.3,0.5,5,0.36330799307169387,0.4004006677796328
434,0.3,0.3,5,0.36163258867860026,0.4004006677796328
434,0.3,1,3,0.35279585383022766,0.4004006677796328
434,0.3,0.7,3,0.38374106134724006,0.4004006677796328
434,0.3,0.5,3,0.32746885805015097,0.4004006677796328
434,0.3,0.3,3,0.2869878372742032,0.4004006677796328
435,0.3,1,100,0.4354771970522683,0.4416762428404488
435,0.3,0.7,100,0.43484503211057607,0.4416762428404488
435,0.3,0.5,100,0.4371508069003896,0.4416762428404488
435,0.3,0.3,100,0.4269115191986645,0.4416762428404488
435,0.3,1,7,0.42319513466318787,0.4416762428404488
435,0.3,0.7,7,0.40756209328120774,0.4416762428404488
435,0.3,0.5,7,0.4604385897003931,0.4416762428404488
435,0.3,0.3,7,0.4403046411347277,0.4416762428404488
435,0.3,1,5,0.4461144320793454,0.4416762428404488
435,0.3,0.7,5,0.4687592699447252,0.4416762428404488
435,0.3,0.5,5,0.4547351821830921,0.4416762428404488
435,0.3,0.3,5,0.45903803411794175,0.4416762428404488
435,0.3,1,3,0.4428381897923547,0.4416762428404488
435,0.3,0.7,3,0.4280878410665637,0.4416762428404488
435,0.3,0.5,3,0.45192589891264173,0.4416762428404488
435,0.3,0.3,3,0.3360981076269734,0.4416762428404488
436,0.3,1,100,0.3469784718466418,0.41807016714176065
436,0.3,0.7,100,0.3154257095158598,0.41807016714176065
436,0.3,0.5,100,0.31660545353366726,0.41807016714176065
436,0.3,0.3,100,0.34079020589872017,0.41807016714176065
436,0.3,1,7,0.36152295779335997,0.41807016714176065
436,0.3,0.7,7,0.3259314364544064,0.41807016714176065
436,0.3,0.5,7,0.28830127010645895,0.41807016714176065
436,0.3,0.3,7,0.3292762004352817,0.41807016714176065
436,0.3,1,5,0.3536210361000692,0.41807016714176065
436,0.3,0.7,5,0.36424321688750944,0.41807016714176065
436,0.3,0.5,5,0.3382997968599019,0.41807016714176065
436,0.3,0.3,5,0.33053816266726266,0.41807016714176065
436,0.3,1,3,0.3074475211147772,0.41807016714176065
436,0.3,0.7,3,0.30047105639556415,0.41807016714176065
436,0.3,0.5,3,0.2565074155066342,0.41807016714176065
436,0.3,0.3,3,0.29919292027342215,0.41807016714176065
437,0.3,1,100,0.3903057960830884,0.428843708526169
437,0.3,0.7,100,0.37927417314209333,0.428843708526169
437,0.3,0.5,100,0.3898163606010017,0.428843708526169
437,0.3,0.3,100,0.3605119643850863,0.428843708526169
437,0.3,1,7,0.3316781934490092,0.428843708526169
437,0.3,0.7,7,0.39293297072735545,0.428843708526169
437,0.3,0.5,7,0.35235448217177634,0.428843708526169
437,0.3,0.3,7,0.41101042072821486,0.428843708526169
437,0.3,1,5,0.3645722093514865,0.428843708526169
437,0.3,0.7,5,0.374833904753249,0.428843708526169
437,0.3,0.5,5,0.34624190968201884,0.428843708526169
437,0.3,0.3,5,0.36749960444961766,0.428843708526169
437,0.3,1,3,0.37348849241491416,0.428843708526169
437,0.3,0.7,3,0.33457271050651544,0.428843708526169
437,0.3,0.5,3,0.33679255060254093,0.428843708526169
437,0.3,0.3,3,0.2417597538242824,0.428843708526169
438,0.3,1,100,0.4070707862160683,0.41232053422370624
438,0.3,0.7,100,0.42475236505286595,0.41232053422370624
438,0.3,0.5,100,0.4002448525319978,0.41232053422370624
438,0.3,0.3,100,0.4211574846967168,0.41232053422370624
438,0.3,1,7,0.3916772449966372,0.41232053422370624
438,0.3,0.7,7,0.4630133532991658,0.41232053422370624
438,0.3,0.5,7,0.4027096717882297,0.41232053422370624
438,0.3,0.3,7,0.41978884717086656,0.41232053422370624
438,0.3,1,5,0.41969882696058236,0.41232053422370624
438,0.3,0.7,5,0.42674684531537255,0.41232053422370624
438,0.3,0.5,5,0.393965311784012,0.41232053422370624
438,0.3,0.3,5,0.424731608761857,0.41232053422370624
438,0.3,1,3,0.37418691014197647,0.41232053422370624
438,0.3,0.7,3,0.4502578022568043,0.41232053422370624
438,0.3,0.5,3,0.42860181290028837,0.41232053422370624
438,0.3,0.3,3,0.36968470906690093,0.41232053422370624
439,0.3,1,100,0.3861285601598797,0.45952826802700986
439,0.3,0.7,100,0.3677017250973846,0.45952826802700986
439,0.3,0.5,100,0.3639065108514191,0.45952826802700986
439,0.3,0.3,100,0.3961936560934892,0.45952826802700986
439,0.3,1,7,0.3820810047503199,0.45952826802700986
439,0.3,0.7,7,0.40150974205722284,0.45952826802700986
439,0.3,0.5,7,0.39783729470470297,0.45952826802700986
439,0.3,0.3,7,0.3639689244418109,0.45952826802700986
439,0.3,1,5,0.41456456517285883,0.45952826802700986
439,0.3,0.7,5,0.38827544082913085,0.45952826802700986
439,0.3,0.5,5,0.4131107444204579,0.45952826802700986
439,0.3,0.3,5,0.3720130790815718,0.45952826802700986
439,0.3,1,3,0.3852485467832888,0.45952826802700986
439,0.3,0.7,3,0.42916485611824484,0.45952826802700986
439,0.3,0.5,3,0.3950127649546362,0.45952826802700986
439,0.3,0.3,3,0.28691746907496424,0.45952826802700986
440,0.3,1,100,0.3891130789332045,0.40667779632721207
440,0.3,0.7,100,0.4380145743327315,0.40667779632721207
440,0.3,0.5,100,0.40360601001669455,0.40667779632721207
440,0.3,0.3,100,0.43203116304952704,0.40667779632721207
440,0.3,1,7,0.3921833374604103,0.40667779632721207
440,0.3,0.7,7,0.43202699822801444,0.40667779632721207
440,0.3,0.5,7,0.4429456107003975,0.40667779632721207
440,0.3,0.3,7,0.4554811603226081,0.40667779632721207
440,0.3,1,5,0.4610010990291693,0.40667779632721207
440,0.3,0.7,5,0.4559855419181725,0.40667779632721207
440,0.3,0.5,5,0.462607289858702,0.40667779632721207
440,0.3,0.3,5,0.4188410308048861,0.40667779632721207
440,0.3,1,3,0.40472843002340003,0.40667779632721207
440,0.3,0.7,3,0.43086281326893505,0.40667779632721207
440,0.3,0.5,3,0.4275429502492562,0.40667779632721207
440,0.3,0.3,3,0.32448620800019373,0.40667779632721207
441,0.3,1,100,0.47264349092622615,0.4411352253756261
441,0.3,0.7,100,0.4694490818030051,0.4411352253756261
441,0.3,0.5,100,0.4429716193656094,0.4411352253756261
441,0.3,0.3,100,0.4611352253756261,0.4411352253756261
441,0.3,1,7,0.4380816190922432,0.4411352253756261
441,0.3,0.7,7,0.48389145549620166,0.4411352253756261
441,0.3,0.5,7,0.4853338754096002,0.4411352253756261
441,0.3,0.3,7,0.4741400890337506,0.4411352253756261
441,0.3,1,5,0.4654390538037911,0.4411352253756261
441,0.3,0.7,5,0.4641387126788214,0.4411352253756261
441,0.3,0.5,5,0.4853051797367517,0.4411352253756261
441,0.3,0.3,5,0.45622800897201043,0.4411352253756261
441,0.3,1,3,0.45654836308364405,0.4411352253756261
441,0.3,0.7,3,0.4231727753921222,0.4411352253756261
441,0.3,0.5,3,0.4073246312820787,0.4411352253756261
441,0.3,0.3,3,0.39138120617328015,0.4411352253756261
442,0.3,1,100,0.4188798128848086,0.4551140790205899
442,0.3,0.7,100,0.39549915275376457,0.4551140790205899
442,0.3,0.5,100,0.41288814691151926,0.4551140790205899
442,0.3,0.3,100,0.40652198107957715,0.4551140790205899
442,0.3,1,7,0.43856540730135196,0.4551140790205899
442,0.3,0.7,7,0.3857627561541993,0.4551140790205899
442,0.3,0.5,7,0.4421214473521263,0.4551140790205899
442,0.3,0.3,7,0.4480746422454699,0.4551140790205899
442,0.3,1,5,0.404007135092749,0.4551140790205899
442,0.3,0.7,5,0.4149412069779499,0.4551140790205899
442,0.3,0.5,5,0.38569674201667814,0.4551140790205899
442,0.3,0.3,5,0.4353710842843354,0.4551140790205899
442,0.3,1,3,0.3946918692800021,0.4551140790205899
442,0.3,0.7,3,0.3891972129456906,0.4551140790205899
442,0.3,0.5,3,0.4140164726766914,0.4551140790205899
442,0.3,0.3,3,0.304056750697001,0.4551140790205899
443,0.3,1,100,0.39070684924132226,0.42217028380634397
443,0.3,0.7,100,0.4119822258842489,0.42217028380634397
443,0.3,0.5,100,0.38470784641068456,0.42217028380634397
443,0.3,0.3,100,0.3487924318308292,0.42217028380634397
443,0.3,1,7,0.35812333244149575,0.42217028380634397
443,0.3,0.7,7,0.3674404976895335,0.42217028380634397
443,0.3,0.5,7,0.38485944176116116,0.42217028380634397
443,0.3,0.3,7,0.37184164293336264,0.42217028380634397
443,0.3,1,5,0.3901906697033173,0.42217028380634397
443,0.3,0.7,5,0.4078229983901773,0.42217028380634397
443,0.3,0.5,5,0.35276223927618616,0.42217028380634397
443,0.3,0.3,5,0.3520183310314546,0.42217028380634397
443,0.3,1,3,0.32308141702763865,0.42217028380634397
443,0.3,0.7,3,0.39811563181296455,0.42217028380634397
443,0.3,0.5,3,0.36481410755911514,0.42217028380634397
443,0.3,0.3,3,0.2918021686307994,0.42217028380634397
444,0.3,1,100,0.450941818779276,0.48170974321205723
444,0.3,0.7,100,0.4169463041143772,0.48170974321205723
444,0.3,0.5,100,0.4190428491930997,0.48170974321205723
444,0.3,0.3,100,0.4507846410684475,0.48170974321205723
444,0.3,1,7,0.4216208291533357,0.48170974321205723
444,0.3,0.7,7,0.428614561738563,0.48170974321205723
444,0.3,0.5,7,0.4332774764878269,0.48170974321205723
444,0.3,0.3,7,0.45483877230446607,0.48170974321205723
444,0.3,1,5,0.44091590827256766,0.48170974321205723
444,0.3,0.7,5,0.4724815845220915,0.48170974321205723
444,0.3,0.5,5,0.4017129371859764,0.48170974321205723
444,0.3,0.3,5,0.38901941678053015,0.48170974321205723
444,0.3,1,3,0.4377257857590592,0.48170974321205723
444,0.3,0.7,3,0.47443533826699125,0.48170974321205723
444,0.3,0.5,3,0.37975598547746336,0.48170974321205723
444,0.3,0.3,3,0.32345629068192927,0.48170974321205723
445,0.3,1,100,0.39185470360167607,0.4573734001112967
445,0.3,0.7,100,0.407986666631147,0.4573734001112967
445,0.3,0.5,100,0.42239287701725103,0.4573734001112967
445,0.3,0.3,100,0.4302281580411798,0.4573734001112967
445,0.3,1,7,0.42043263864573605,0.4573734001112967
445,0.3,0.7,7,0.43087833133306647,0.4573734001112967
445,0.3,0.5,7,0.45831624072722466,0.4573734001112967
445,0.3,0.3,7,0.425732902849737,0.4573734001112967
445,0.3,1,5,0.46859401772323417,0.4573734001112967
445,0.3,0.7,5,0.43337089087088204,0.4573734001112967
445,0.3,0.5,5,0.4476818047490283,0.4573734001112967
445,0.3,0.3,5,0.3751588798223486,0.4573734001112967
445,0.3,1,3,0.3863720037452066,0.4573734001112967
445,0.3,0.7,3,0.46009810358745856,0.4573734001112967
445,0.3,0.5,3,0.43275250916039126,0.4573734001112967
445,0.3,0.3,3,0.327393021881622,0.4573734001112967
446,0.3,1,100,0.32124144745227606,0.4049304396215916
446,0.3,0.7,100,0.3515859766277129,0.4049304396215916
446,0.3,0.5,100,0.3431385642737897,0.4049304396215916
446,0.3,0.3,100,0.30155815247634954,0.4049304396215916
446,0.3,1,7,0.30855378821308405,0.4049304396215916
446,0.3,0.7,7,0.36145834839821017,0.4049304396215916
446,0.3,0.5,7,0.359952187794348,0.4049304396215916
446,0.3,0.3,7,0.39074224062694346,0.4049304396215916
446,0.3,1,5,0.34881730168920294,0.4049304396215916
446,0.3,0.7,5,0.3813945965675107,0.4049304396215916
446,0.3,0.5,5,0.33038004713100666,0.4049304396215916
446,0.3,0.3,5,0.350609136396528,0.4049304396215916
446,0.3,1,3,0.35138215894868124,0.4049304396215916
446,0.3,0.7,3,0.3275826310059066,0.4049304396215916
446,0.3,0.5,3,0.3002569508273553,0.4049304396215916
446,0.3,0.3,3,0.2524339504527717,0.4049304396215916
447,0.3,1,100,0.37008551172197274,0.41409015025041745
447,0.3,0.7,100,0.3883472454090151,0.41409015025041745
447,0.3,0.5,100,0.3790094602114636,0.41409015025041745
447,0.3,0.3,100,0.3472454090150251,0.41409015025041745
447,0.3,1,7,0.37659070593542465,0.41409015025041745
447,0.3,0.7,7,0.4206918379655679,0.41409015025041745
447,0.3,0.5,7,0.33537632979914495,0.41409015025041745
447,0.3,0.3,7,0.3930238608904635,0.41409015025041745
447,0.3,1,5,0.3686788848531651,0.41409015025041745
447,0.3,0.7,5,0.3790247262088017,0.41409015025041745
447,0.3,0.5,5,0.3829415588515876,0.41409015025041745
447,0.3,0.3,5,0.36747761427548464,0.41409015025041745
447,0.3,1,3,0.3591053461084143,0.41409015025041745
447,0.3,0.7,3,0.37615071145925816,0.41409015025041745
447,0.3,0.5,3,0.30656124959899916,0.41409015025041745
447,0.3,0.3,3,0.23448603260089063,0.41409015025041745
448,0.3,1,100,0.3485832124253308,0.4092821368948248
448,0.3,0.7,100,0.30644407345575964,0.4092821368948248
448,0.3,0.5,100,0.3399220923761826,0.4092821368948248
448,0.3,0.3,100,0.32661101836393996,0.4092821368948248
448,0.3,1,7,0.2739383708882726,0.4092821368948248
448,0.3,0.7,7,0.36245857637655643,0.4092821368948248
448,0.3,0.5,7,0.3354342181855977,0.4092821368948248
448,0.3,0.3,7,0.3670638946622845,0.4092821368948248
448,0.3,1,5,0.37741257854869903,0.4092821368948248
448,0.3,0.7,5,0.35478334865640726,0.4092821368948248
448,0.3,0.5,5,0.32356386878799115,0.4092821368948248
448,0.3,0.3,5,0.32543331882864884,0.4092821368948248
448,0.3,1,3,0.335317313410494,0.4092821368948248
448,0.3,0.7,3,0.35552269801056496,0.4092821368948248
448,0.3,0.5,3,0.31456622257865885,0.4092821368948248
448,0.3,0.3,3,0.24627779491665153,0.4092821368948248
449,0.3,1,100,0.35359195988830966,0.38369504730105736
449,0.3,0.7,100,0.36980523094045636,0.38369504730105736
449,0.3,0.5,100,0.36268224819143025,0.38369504730105736
449,0.3,0.3,100,0.3814023372287146,0.38369504730105736
449,0.3,1,7,0.34359553892040684,0.38369504730105736
449,0.3,0.7,7,0.3498820891883349,0.38369504730105736
449,0.3,0.5,7,0.3218348531613047,0.38369504730105736
449,0.3,0.3,7,0.4102027323208923,0.38369504730105736
449,0.3,1,5,0.39038897969572683,0.38369504730105736
449,0.3,0.7,5,0.39377383682095535,0.38369504730105736
449,0.3,0.5,5,0.3432368011407803,0.38369504730105736
449,0.3,0.3,5,0.3202836192675759,0.38369504730105736
449,0.3,1,3,0.36157041726684935,0.38369504730105736
449,0.3,0.7,3,0.3316886186776793,0.38369504730105736
449,0.3,0.5,3,0.3031255379449215,0.38369504730105736
449,0.3,0.3,3,0.2654841561145353,0.38369504730105736
450,0.3,1,100,0.41683015729414935,0.46289371174179195
450,0.3,0.7,100,0.4048614763202511,0.46289371174179195
450,0.3,0.5,100,0.4249304396215916,0.46289371174179195
450,0.3,0.3,100,0.4172509738452978,0.46289371174179195
450,0.3,1,7,0.4067093815038404,0.46289371174179195
450,0.3,0.7,7,0.45440418717627845,0.46289371174179195
450,0.3,0.5,7,0.40968089958507686,0.46289371174179195
450,0.3,0.3,7,0.4382043714109408,0.46289371174179195
450,0.3,1,5,0.41850840047354937,0.46289371174179195
450,0.3,0.7,5,0.4155573225901112,0.46289371174179195
450,0.3,0.5,5,0.37985036783182863,0.46289371174179195
450,0.3,0.3,5,0.43440486981504023,0.46289371174179195
450,0.3,1,3,0.3799695681084942,0.46289371174179195
450,0.3,0.7,3,0.3784961142941188,0.46289371174179195
450,0.3,0.5,3,0.35866172460019885,0.46289371174179195
450,0.3,0.3,3,0.3130504414243573,0.46289371174179195
451,0.3,1,100,0.3668789351692749,0.42983861992209244
451,0.3,0.7,100,0.3955792619441817,0.42983861992209244
451,0.3,0.5,100,0.41582637729549254,0.42983861992209244
451,0.3,0.3,100,0.4030940456316083,0.42983861992209244
451,0.3,1,7,0.36724928803448725,0.42983861992209244
451,0.3,0.7,7,0.43600166838481597,0.42983861992209244
451,0.3,0.5,7,0.3742982299290564,0.42983861992209244
451,0.3,0.3,7,0.4200961231060629,0.42983861992209244
451,0.3,1,5,0.40061032068133945,0.42983861992209244
451,0.3,0.7,5,0.4372980758679422,0.42983861992209244
451,0.3,0.5,5,0.38579465524528306,0.42983861992209244
451,0.3,0.3,5,0.3577599715248154,0.42983861992209244
451,0.3,1,3,0.4261880849557331,0.42983861992209244
451,0.3,0.7,3,0.3668811777125103,0.42983861992209244
451,0.3,0.5,3,0.359215297395821,0.42983861992209244
451,0.3,0.3,3,0.3264792070726376,0.42983861992209244
452,0.3,1,100,0.3678366918173232,0.39520311630495275
452,0.3,0.7,100,0.3298720089037285,0.39520311630495275
452,0.3,0.5,100,0.34148024485253203,0.39520311630495275
452,0.3,0.3,100,0.3598664440734558,0.39520311630495275
452,0.3,1,7,0.34994783526453865,0.39520311630495275
452,0.3,0.7,7,0.35022209437525426,0.39520311630495275
452,0.3,0.5,7,0.35411313131034067,0.39520311630495275
452,0.3,0.3,7,0.34166486486568254,0.39520311630495275
452,0.3,1,5,0.33545897850864975,0.39520311630495275
452,0.3,0.7,5,0.33597498337277254,0.39520311630495275
452,0.3,0.5,5,0.34724549694409806,0.39520311630495275
452,0.3,0.3,5,0.3337727435134242,0.39520311630495275
452,0.3,1,3,0.3548698160360939,0.39520311630495275
452,0.3,0.7,3,0.35690979474561846,0.39520311630495275
452,0.3,0.5,3,0.3355195991212176,0.39520311630495275
452,0.3,0.3,3,0.2625007000146003,0.39520311630495275
453,0.3,1,100,0.33067386882194516,0.41205342237061776
453,0.3,0.7,100,0.29267668336115754,0.41205342237061776
453,0.3,0.5,100,0.38639955481357824,0.41205342237061776
453,0.3,0.3,100,0.3367390094602115,0.41205342237061776
453,0.3,1,7,0.32858692764338365,0.41205342237061776
453,0.3,0.7,7,0.3277419215733622,0.41205342237061776
453,0.3,0.5,7,0.35645652569225644,0.41205342237061776
453,0.3,0.3,7,0.3715818526512397,0.41205342237061776
453,0.3,1,5,0.3405277419807427,0.41205342237061776
453,0.3,0.7,5,0.31840148281914027,0.41205342237061776
453,0.3,0.5,5,0.37302216363960194,0.41205342237061776
453,0.3,0.3,5,0.33805688123063404,0.41205342237061776
453,0.3,1,3,0.3593266353377875,0.41205342237061776
453,0.3,0.7,3,0.2941316269381899,0.41205342237061776
453,0.3,0.5,3,0.355251060011399,0.41205342237061776
453,0.3,0.3,3,0.27622064803620955,0.41205342237061776
454,0.3,1,100,0.40615948033979155,0.44324986087924323
454,0.3,0.7,100,0.43119447297946006,0.44324986087924323
454,0.3,0.5,100,0.48370617696160273,0.44324986087924323
454,0.3,0.3,100,0.45578185865331117,0.44324986087924323
454,0.3,1,7,0.4276088588596245,0.44324986087924323
454,0.3,0.7,7,0.43875303588575787,0.44324986087924323
454,0.3,0.5,7,0.497206331061365,0.44324986087924323
454,0.3,0.3,7,0.46455802851228306,0.44324986087924323
454,0.3,1,5,0.43260167389377013,0.44324986087924323
454,0.3,0.7,5,0.4533491054210786,0.44324986087924323
454,0.3,0.5,5,0.4369666487467251,0.44324986087924323
454,0.3,0.3,5,0.424817896526018,0.44324986087924323
454,0.3,1,3,0.47390342358671034,0.44324986087924323
454,0.3,0.7,3,0.428334650116403,0.44324986087924323
454,0.3,0.5,3,0.4382730971834964,0.44324986087924323
454,0.3,0.3,3,0.3980594520217703,0.44324986087924323
455,0.3,1,100,0.37808714353242606,0.41449081803005017
455,0.3,0.7,100,0.41331125923948653,0.41449081803005017
455,0.3,0.5,100,0.39838619922092383,0.41449081803005017
455,0.3,0.3,100,0.37553700612131335,0.41449081803005017
455,0.3,1,7,0.36190193865414844,0.41449081803005017
455,0.3,0.7,7,0.3716821753407859,0.41449081803005017
455,0.3,0.5,7,0.3623757401711816,0.41449081803005017
455,0.3,0.3,7,0.3517306833351874,0.41449081803005017
455,0.3,1,5,0.3972591229028828,0.41449081803005017
455,0.3,0.7,5,0.38023736790770135,0.41449081803005017
455,0.3,0.5,5,0.4011867215797434,0.41449081803005017
455,0.3,0.3,5,0.3956457625565648,0.41449081803005017
455,0.3,1,3,0.40784786712529125,0.41449081803005017
455,0.3,0.7,3,0.3689217395795361,0.41449081803005017
455,0.3,0.5,3,0.3364273046497978,0.41449081803005017
455,0.3,0.3,3,0.28931636539569605,0.41449081803005017
456,0.3,1,100,0.3863601604625254,0.44386199220923767
456,0.3,0.7,100,0.4143194611019408,0.44386199220923767
456,0.3,0.5,100,0.40690038953811913,0.44386199220923767
456,0.3,0.3,100,0.4163383416805788,0.44386199220923767
456,0.3,1,7,0.38315093710812786,0.44386199220923767
456,0.3,0.7,7,0.4005993247836015,0.44386199220923767
456,0.3,0.5,7,0.4335924938691172,0.44386199220923767
456,0.3,0.3,7,0.4006030372728603,0.44386199220923767
456,0.3,1,5,0.38986560617554344,0.44386199220923767
456,0.3,0.7,5,0.43430767067869464,0.44386199220923767
456,0.3,0.5,5,0.37431119422858694,0.44386199220923767
456,0.3,0.3,5,0.4139382744164869,0.44386199220923767
456,0.3,1,3,0.37594735326914597,0.44386199220923767
456,0.3,0.7,3,0.3722624035403884,0.44386199220923767
456,0.3,0.5,3,0.41322944534723877,0.44386199220923767
456,0.3,0.3,3,0.30450064380539055,0.44386199220923767
457,0.3,1,100,0.35696198464555196,0.399777406789093
457,0.3,0.7,100,0.3551893866794863,0.399777406789093
457,0.3,0.5,100,0.36873678352810246,0.399777406789093
457,0.3,0.3,100,0.38890372843628274,0.399777406789093
457,0.3,1,7,0.3333024756041853,0.399777406789093
457,0.3,0.7,7,0.4130371532046141,0.399777406789093
457,0.3,0.5,7,0.38979210554290855,0.399777406789093
457,0.3,0.3,7,0.37827070799940304,0.399777406789093
457,0.3,1,5,0.3614368584546423,0.399777406789093
457,0.3,0.7,5,0.39212390388963486,0.399777406789093
457,0.3,0.5,5,0.44522350203897104,0.399777406789093
457,0.3,0.3,5,0.34423382275649156,0.399777406789093
457,0.3,1,3,0.3649535886422309,0.399777406789093
457,0.3,0.7,3,0.36750168421209867,0.399777406789093
457,0.3,0.5,3,0.41059270668811687,0.399777406789093
457,0.3,0.3,3,0.3058401653514743,0.399777406789093
458,0.3,1,100,0.4356751570946069,0.45351140790205907
458,0.3,0.7,100,0.4264285654678874,0.45351140790205907
458,0.3,0.5,100,0.46496382860322766,0.45351140790205907
458,0.3,0.3,100,0.4673900946021147,0.45351140790205907
458,0.3,1,7,0.43744566942964463,0.45351140790205907
458,0.3,0.7,7,0.42501737719079286,0.45351140790205907
458,0.3,0.5,7,0.4153154596144776,0.45351140790205907
458,0.3,0.3,7,0.477566198909861,0.45351140790205907
458,0.3,1,5,0.4594890641383833,0.45351140790205907
458,0.3,0.7,5,0.4603977378627467,0.45351140790205907
458,0.3,0.5,5,0.4682499508762045,0.45351140790205907
458,0.3,0.3,5,0.4782234369236547,0.45351140790205907
458,0.3,1,3,0.4666327849986761,0.45351140790205907
458,0.3,0.7,3,0.42014997816931376,0.45351140790205907
458,0.3,0.5,3,0.46032617239661744,0.45351140790205907
458,0.3,0.3,3,0.31103965975393605,0.45351140790205907
459,0.3,1,100,0.3146148130156725,0.4016093533943019
459,0.3,0.7,100,0.3016805787423484,0.4016093533943019
459,0.3,0.5,100,0.33484696716750145,0.4016093533943019
459,0.3,0.3,100,0.32811352253756265,0.4016093533943019
459,0.3,1,7,0.3210080168318203,0.4016093533943019
459,0.3,0.7,7,0.33357747216533984,0.4016093533943019
459,0.3,0.5,7,0.3501486097516076,0.4016093533943019
459,0.3,0.3,7,0.3859899473284022,0.4016093533943019
459,0.3,1,5,0.36957453907664956,0.4016093533943019
459,0.3,0.7,5,0.31682874318644405,0.4016093533943019
459,0.3,0.5,5,0.3336932512031057,0.4016093533943019
459,0.3,0.3,5,0.3582985415348676,0.4016093533943019
459,0.3,1,3,0.3498975774126447,0.4016093533943019
459,0.3,0.7,3,0.3490754316545535,0.4016093533943019
459,0.3,0.5,3,0.2824675851755959,0.4016093533943019
459,0.3,0.3,3,0.22459515697044946,0.4016093533943019
460,0.3,1,100,0.3730507674691425,0.3271675013912076
460,0.3,0.7,100,0.37096024731604554,0.3271675013912076
460,0.3,0.5,100,0.33930996104618816,0.3271675013912076
460,0.3,0.3,100,0.3728881469115193,0.3271675013912076
460,0.3,1,7,0.34212008641374664,0.3271675013912076
460,0.3,0.7,7,0.39065364615425785,0.3271675013912076
460,0.3,0.5,7,0.38914828368619797,0.3271675013912076
460,0.3,0.3,7,0.3738619407767536,0.3271675013912076
460,0.3,1,5,0.3816839519189873,0.3271675013912076
460,0.3,0.7,5,0.36442675467211444,0.3271675013912076
460,0.3,0.5,5,0.3902624439952942,0.3271675013912076
460,0.3,0.3,5,0.3822672089680481,0.3271675013912076
460,0.3,1,3,0.371664912624668,0.3271675013912076
460,0.3,0.7,3,0.35361262337533383,0.3271675013912076
460,0.3,0.5,3,0.36961808736811697,0.3271675013912076
460,0.3,0.3,3,0.3048883418727754,0.3271675013912076
461,0.3,1,100,0.38802581271704223,0.4432387312186979
461,0.3,0.7,100,0.38452977184195886,0.4432387312186979
461,0.3,0.5,100,0.41150806900389547,0.4432387312186979
461,0.3,0.3,100,0.35905397885364504,0.4432387312186979
461,0.3,1,7,0.38996054404945923,0.4432387312186979
461,0.3,0.7,7,0.3495492075166055,0.4432387312186979
461,0.3,0.5,7,0.3956773329031821,0.4432387312186979
461,0.3,0.3,7,0.3824780010041595,0.4432387312186979
461,0.3,1,5,0.40018217499379566,0.4432387312186979
461,0.3,0.7,5,0.39699552395535986,0.4432387312186979
461,0.3,0.5,5,0.38268349053576645,0.4432387312186979
461,0.3,0.3,5,0.38270230567512664,0.4432387312186979
461,0.3,1,3,0.40262410482586736,0.4432387312186979
461,0.3,0.7,3,0.40234071507578223,0.4432387312186979
461,0.3,0.5,3,0.4040911431229213,0.4432387312186979
461,0.3,0.3,3,0.2745346981677337,0.4432387312186979
462,0.3,1,100,0.330478432834619,0.37069107037169197
462,0.3,0.7,100,0.3576071229827491,0.37069107037169197
462,0.3,0.5,100,0.3081023928770173,0.37069107037169197
462,0.3,0.3,100,0.3196104618809127,0.37069107037169197
462,0.3,1,7,0.3409497369051939,0.37069107037169197
462,0.3,0.7,7,0.2969938189813844,0.37069107037169197
462,0.3,0.5,7,0.359613616910457,0.37069107037169197
462,0.3,0.3,7,0.3319766057662101,0.37069107037169197
462,0.3,1,5,0.37056468802083536,0.37069107037169197
462,0.3,0.7,5,0.3278271693219131,0.37069107037169197
462,0.3,0.5,5,0.29983397158342445,0.37069107037169197
462,0.3,0.3,5,0.3289576218896168,0.37069107037169197
462,0.3,1,3,0.3452848445107559,0.37069107037169197
462,0.3,0.7,3,0.3079268894427062,0.37069107037169197
462,0.3,0.5,3,0.288287598463299,0.37069107037169197
462,0.3,0.3,3,0.28425580447853166,0.37069107037169197
463,0.3,1,100,0.38465820599042927,0.4518753478018921
463,0.3,0.7,100,0.4418030050083473,0.4518753478018921
463,0.3,0.5,100,0.3941124095715081,0.4518753478018921
463,0.3,0.3,100,0.423650528658876,0.4518753478018921
463,0.3,1,7,0.4128948490535766,0.4518753478018921
463,0.3,0.7,7,0.44254329221220534,0.4518753478018921
463,0.3,0.5,7,0.44031709111377426,0.4518753478018921
463,0.3,0.3,7,0.4656108425158348,0.4518753478018921
463,0.3,1,5,0.44214573469870594,0.4518753478018921
463,0.3,0.7,5,0.4637345575454032,0.4518753478018921
463,0.3,0.5,5,0.45145589039709844,0.4518753478018921
463,0.3,0.3,5,0.45815808376838124,0.4518753478018921
463,0.3,1,3,0.3697640947117766,0.4518753478018921
463,0.3,0.7,3,0.44827849722340296,0.4518753478018921
463,0.3,0.5,3,0.4207398436181073,0.4518753478018921
463,0.3,0.3,3,0.37187259905956127,0.4518753478018921
464,0.3,1,100,0.3416987834354905,0.4388202559821926
464,0.3,0.7,100,0.3501947690595437,0.4388202559821926
464,0.3,0.5,100,0.31063995548135787,0.4388202559821926
464,0.3,0.3,100,0.34825820812465225,0.4388202559821926
464,0.3,1,7,0.30489108541118537,0.4388202559821926
464,0.3,0.7,7,0.3294648851050663,0.4388202559821926
464,0.3,0.5,7,0.3549333520354721,0.4388202559821926
464,0.3,0.3,7,0.3394875775181748,0.4388202559821926
464,0.3,1,5,0.34786133784771867,0.4388202559821926
464,0.3,0.7,5,0.3440348239529625,0.4388202559821926
464,0.3,0.5,5,0.3329364183246639,0.4388202559821926
464,0.3,0.3,5,0.3090289550296146,0.4388202559821926
464,0.3,1,3,0.35594364578594756,0.4388202559821926
464,0.3,0.7,3,0.3383811791241943,0.4388202559821926
464,0.3,0.5,3,0.33298000470712574,0.4388202559821926
464,0.3,0.3,3,0.2911566380896141,0.4388202559821926
465,0.3,1,100,0.3877246083703278,0.4232164718976072
465,0.3,0.7,100,0.37918753478018924,0.4232164718976072
465,0.3,0.5,100,0.3433500278241514,0.4232164718976072
465,0.3,0.3,100,0.35893155258764614,0.4232164718976072
465,0.3,1,7,0.36702108766222796,0.4232164718976072
465,0.3,0.7,7,0.3363901161911795,0.4232164718976072
465,0.3,0.5,7,0.35624365899915383,0.4232164718976072
465,0.3,0.3,7,0.3347769520429554,0.4232164718976072
465,0.3,1,5,0.36670835421644454,0.4232164718976072
465,0.3,0.7,5,0.30049239779662845,0.4232164718976072
465,0.3,0.5,5,0.3599451180456992,0.4232164718976072
465,0.3,0.3,5,0.3214593941076583,0.4232164718976072
465,0.3,1,3,0.2906931218931014,0.4232164718976072
465,0.3,0.7,3,0.3767263987878164,0.4232164718976072
465,0.3,0.5,3,0.35262647047702256,0.4232164718976072
465,0.3,0.3,3,0.26156362511609615,0.4232164718976072
466,0.3,1,100,0.34609337897172976,0.4329994435169728
466,0.3,0.7,100,0.38787979966611025,0.4329994435169728
466,0.3,0.5,100,0.3994101279910963,0.4329994435169728
466,0.3,0.3,100,0.3503060656649973,0.4329994435169728
466,0.3,1,7,0.34451596850779065,0.4329994435169728
466,0.3,0.7,7,0.3975889681261195,0.4329994435169728
466,0.3,0.5,7,0.3955154430615076,0.4329994435169728
466,0.3,0.3,7,0.38451798939606385,0.4329994435169728
466,0.3,1,5,0.31915496226758483,0.4329994435169728
466,0.3,0.7,5,0.38574858515032895,0.4329994435169728
466,0.3,0.5,5,0.39300146201686903,0.4329994435169728
466,0.3,0.3,5,0.34902021085379015,0.4329994435169728
466,0.3,1,3,0.36809079133993255,0.4329994435169728
466,0.3,0.7,3,0.36047239311991514,0.4329994435169728
466,0.3,0.5,3,0.35307916085371904,0.4329994435169728
466,0.3,0.3,3,0.3195936900867144,0.4329994435169728
467,0.3,1,100,0.36019479964641343,0.42525319977740683
467,0.3,0.7,100,0.4072255164339894,0.42525319977740683
467,0.3,0.5,100,0.37496939343350033,0.42525319977740683
467,0.3,0.3,100,0.3941457985531442,0.42525319977740683
467,0.3,1,7,0.34700329529765195,0.42525319977740683
467,0.3,0.7,7,0.37486615388857464,0.42525319977740683
467,0.3,0.5,7,0.3996159436609454,0.42525319977740683
467,0.3,0.3,7,0.39919828135660035,0.42525319977740683
467,0.3,1,5,0.39928102256714243,0.42525319977740683
467,0.3,0.7,5,0.43616663013632523,0.42525319977740683
467,0.3,0.5,5,0.39708101581160543,0.42525319977740683
467,0.3,0.3,5,0.4082880374913762,0.42525319977740683
467,0.3,1,3,0.37610981510286723,0.42525319977740683
467,0.3,0.7,3,0.39035886001840714,0.42525319977740683
467,0.3,0.5,3,0.3580824794833226,0.42525319977740683
467,0.3,0.3,3,0.3120828091434311,0.42525319977740683
468,0.3,1,100,0.44764075335105047,0.4704730105731776
468,0.3,0.7,100,0.44069249133955224,0.4704730105731776
468,0.3,0.5,100,0.4226599888703395,0.4704730105731776
468,0.3,0.3,100,0.421981079577073,0.4704730105731776
468,0.3,1,7,0.39417753702309943,0.4704730105731776
468,0.3,0.7,7,0.4317254016683938,0.4704730105731776
468,0.3,0.5,7,0.46518265222293576,0.4704730105731776
468,0.3,0.3,7,0.451258456061142,0.4704730105731776
468,0.3,1,5,0.40782320147837575,0.4704730105731776
468,0.3,0.7,5,0.43244859457403295,0.4704730105731776
468,0.3,0.5,5,0.4611982019339168,0.4704730105731776
468,0.3,0.3,5,0.4129364711009923,0.4704730105731776
468,0.3,1,3,0.4402565561038873,0.4704730105731776
468,0.3,0.7,3,0.41591561973247976,0.4704730105731776
468,0.3,0.5,3,0.47765410904532846,0.4704730105731776
468,0.3,0.3,3,0.34346817868817986,0.4704730105731776
469,0.3,1,100,0.39184105318429613,0.403873121869783
469,0.3,0.7,100,0.3683472454090151,0.403873121869783
469,0.3,0.5,100,0.3869782971619366,0.403873121869783
469,0.3,0.3,100,0.39680578742348366,0.403873121869783
469,0.3,1,7,0.3926112023872256,0.403873121869783
469,0.3,0.7,7,0.40320374197963516,0.403873121869783
469,0.3,0.5,7,0.36996202036402875,0.403873121869783
469,0.3,0.3,7,0.39663419938867855,0.403873121869783
469,0.3,1,5,0.38459255712170304,0.403873121869783
469,0.3,0.7,5,0.3731016650075844,0.403873121869783
469,0.3,0.5,5,0.3960055963159685,0.403873121869783
469,0.3,0.3,5,0.39509119797283554,0.403873121869783
469,0.3,1,3,0.3817026935107689,0.403873121869783
469,0.3,0.7,3,0.3743433624202735,0.403873121869783
469,0.3,0.5,3,0.3602423429060926,0.403873121869783
469,0.3,0.3,3,0.2755119628345699,0.403873121869783
470,0.3,1,100,0.39623498782086936,0.3754434486476655
470,0.3,0.7,100,0.4170471848824856,0.3754434486476655
470,0.3,0.5,100,0.411997774067891,0.3754434486476655
470,0.3,0.3,100,0.39027267668336124,0.3754434486476655
470,0.3,1,7,0.41774939095883806,0.3754434486476655
470,0.3,0.7,7,0.4160534198497119,0.3754434486476655
470,0.3,0.5,7,0.44443715127784655,0.3754434486476655
470,0.3,0.3,7,0.4156730062078444,0.3754434486476655
470,0.3,1,5,0.4223649814161534,0.3754434486476655
470,0.3,0.7,5,0.4303712108176998,0.3754434486476655
470,0.3,0.5,5,0.4401418369382636,0.3754434486476655
470,0.3,0.3,5,0.4021501261980686,0.3754434486476655
470,0.3,1,3,0.44054574604688873,0.3754434486476655
470,0.3,0.7,3,0.3545761202424114,0.3754434486476655
470,0.3,0.5,3,0.427391259016715,0.3754434486476655
470,0.3,0.3,3,0.35597171710545145,0.3754434486476655
471,0.3,1,100,0.3265385779829072,0.411862091239373
471,0.3,0.7,100,0.3710406232609906,0.411862091239373
471,0.3,0.5,100,0.3722982749026155,0.411862091239373
471,0.3,0.3,100,0.37346688925987764,0.411862091239373
471,0.3,1,7,0.3365035304306909,0.411862091239373
471,0.3,0.7,7,0.36883801048356557,0.411862091239373
471,0.3,0.5,7,0.3769425734470852,0.411862091239373
471,0.3,0.3,7,0.3660451876533688,0.411862091239373
471,0.3,1,5,0.3853634763609146,0.411862091239373
471,0.3,0.7,5,0.3353641510954778,0.411862091239373
471,0.3,0.5,5,0.36311212702899703,0.411862091239373
471,0.3,0.3,5,0.366364696961109,0.411862091239373
471,0.3,1,3,0.33381609034553983,0.411862091239373
471,0.3,0.7,3,0.35779859144969106,0.411862091239373
471,0.3,0.5,3,0.35646334855445194,0.411862091239373
471,0.3,0.3,3,0.24694331413429393,0.411862091239373
472,0.3,1,100,0.38162152914869873,0.47821925431274354
472,0.3,0.7,100,0.373856427378965,0.47821925431274354
472,0.3,0.5,100,0.3724874791318865,0.47821925431274354
472,0.3,0.3,100,0.363494713411241,0.47821925431274354
472,0.3,1,7,0.35237013148627044,0.47821925431274354
472,0.3,0.7,7,0.3719090998432255,0.47821925431274354
472,0.3,0.5,7,0.3878039416896206,0.47821925431274354
472,0.3,0.3,7,0.37641583755626523,0.47821925431274354
472,0.3,1,5,0.37752612553435416,0.47821925431274354
472,0.3,0.7,5,0.41368635614526533,0.47821925431274354
472,0.3,0.5,5,0.3593072068135584,0.47821925431274354
472,0.3,0.3,5,0.43573893170024763,0.47821925431274354
472,0.3,1,3,0.40685287044676155,0.47821925431274354
472,0.3,0.7,3,0.42733699393926505,0.47821925431274354
472,0.3,0.5,3,0.3780888521854486,0.47821925431274354
472,0.3,0.3,3,0.28930793881641104,0.47821925431274354
473,0.3,1,100,0.3974039046915919,0.4244963828603228
473,0.3,0.7,100,0.44503308310696377,0.4244963828603228
473,0.3,0.5,100,0.4078130217028381,0.4244963828603228
473,0.3,0.3,100,0.42441847523650533,0.4244963828603228
473,0.3,1,7,0.42091210647611715,0.4244963828603228
473,0.3,0.7,7,0.4155141657319119,0.4244963828603228
473,0.3,0.5,7,0.4572378937814497,0.4244963828603228
473,0.3,0.3,7,0.4538478303185018,0.4244963828603228
473,0.3,1,5,0.4406407163287136,0.4244963828603228
473,0.3,0.7,5,0.38871267191510234,0.4244963828603228
473,0.3,0.5,5,0.42821714624478585,0.4244963828603228
473,0.3,0.3,5,0.4171620170440968,0.4244963828603228
473,0.3,1,3,0.4393837948757561,0.4244963828603228
473,0.3,0.7,3,0.40533983293307807,0.4244963828603228
473,0.3,0.5,3,0.40864144494772325,0.4244963828603228
473,0.3,0.3,3,0.35214063836180437,0.4244963828603228
474,0.3,1,100,0.41454150237476506,0.43559265442404016
474,0.3,0.7,100,0.431799843077599,0.43559265442404016
474,0.3,0.5,100,0.4283583750695604,0.43559265442404016
474,0.3,0.3,100,0.42924874791318873,0.43559265442404016
474,0.3,1,7,0.3991989260385391,0.43559265442404016
474,0.3,0.7,7,0.44213282211733407,0.43559265442404016
474,0.3,0.5,7,0.44033896578586534,0.43559265442404016
474,0.3,0.3,7,0.4675499653777238,0.43559265442404016
474,0.3,1,5,0.42859544888658246,0.43559265442404016
474,0.3,0.7,5,0.4310522846267927,0.43559265442404016
474,0.3,0.5,5,0.44413771301858185,0.43559265442404016
474,0.3,0.3,5,0.45940338146155146,0.43559265442404016
474,0.3,1,3,0.4274452646036991,0.43559265442404016
474,0.3,0.7,3,0.45807303168035995,0.43559265442404016
474,0.3,0.5,3,0.45618749762133337,0.43559265442404016
474,0.3,0.3,3,0.32133488636687557,0.43559265442404016
475,0.3,1,100,0.4463893687670667,0.4972732331663885
475,0.3,0.7,100,0.42205898720089047,0.4972732331663885
475,0.3,0.5,100,0.4608013355592655,0.4972732331663885
475,0.3,0.3,100,0.39305509181969955,0.4972732331663885
475,0.3,1,7,0.470522671414182,0.4972732331663885
475,0.3,0.7,7,0.4259018649771352,0.4972732331663885
475,0.3,0.5,7,0.47108048848425316,0.4972732331663885
475,0.3,0.3,7,0.4250423432327092,0.4972732331663885
475,0.3,1,5,0.4585743132525535,0.4972732331663885
475,0.3,0.7,5,0.4481259055816943,0.4972732331663885
475,0.3,0.5,5,0.44560303996663836,0.4972732331663885
475,0.3,0.3,5,0.4435939048224472,0.4972732331663885
475,0.3,1,3,0.45953801254504106,0.4972732331663885
475,0.3,0.7,3,0.40320109135098736,0.4972732331663885
475,0.3,0.5,3,0.41534863455951837,0.4972732331663885
475,0.3,0.3,3,0.347439343184343,0.4972732331663885
476,0.3,1,100,0.3601219987145432,0.3847256113693562
476,0.3,0.7,100,0.37794762923804964,0.3847256113693562
476,0.3,0.5,100,0.41277685030606576,0.3847256113693562
476,0.3,0.3,100,0.40460767946577636,0.3847256113693562
476,0.3,1,7,0.38475136016887124,0.3847256113693562
476,0.3,0.7,7,0.42001649822705217,0.3847256113693562
476,0.3,0.5,7,0.40957314152369984,0.3847256113693562
476,0.3,0.3,7,0.4358339280939569,0.3847256113693562
476,0.3,1,5,0.4201952699828597,0.3847256113693562
476,0.3,0.7,5,0.4325333585438741,0.3847256113693562
476,0.3,0.5,5,0.3752719341678627,0.3847256113693562
476,0.3,0.3,5,0.41856579509673125,0.3847256113693562
476,0.3,1,3,0.4188601049005327,0.3847256113693562
476,0.3,0.7,3,0.36810970564829854,0.3847256113693562
476,0.3,0.5,3,0.3444268376649616,0.3847256113693562
476,0.3,0.3,3,0.27626163131102577,0.3847256113693562
477,0.3,1,100,0.3999198614144376,0.46537562604340577
477,0.3,0.7,100,0.4249395515413893,0.46537562604340577
477,0.3,0.5,100,0.44318308291597114,0.46537562604340577
477,0.3,0.3,100,0.4039065108514191,0.46537562604340577
477,0.3,1,7,0.3764581978041214,0.46537562604340577
477,0.3,0.7,7,0.40784244651741164,0.46537562604340577
477,0.3,0.5,7,0.43002983460552024,0.46537562604340577
477,0.3,0.3,7,0.44687606143034625,0.46537562604340577
477,0.3,1,5,0.46378206246848325,0.46537562604340577
477,0.3,0.7,5,0.41831660235631085,0.46537562604340577
477,0.3,0.5,5,0.43472554745774045,0.46537562604340577
477,0.3,0.3,5,0.41335195230953126,0.46537562604340577
477,0.3,1,3,0.44062015573335195,0.46537562604340577
477,0.3,0.7,3,0.4348631556192403,0.46537562604340577
477,0.3,0.5,3,0.42872574289250104,0.46537562604340577
477,0.3,0.3,3,0.3302403723165028,0.46537562604340577
478,0.3,1,100,0.37223693913078426,0.39770728992765725
478,0.3,0.7,100,0.32176494648134146,0.39770728992765725
478,0.3,0.5,100,0.354958263772955,0.39770728992765725
478,0.3,0.3,100,0.34539788536449645,0.39770728992765725
478,0.3,1,7,0.35957405937634085,0.39770728992765725
478,0.3,0.7,7,0.3554230566759181,0.39770728992765725
478,0.3,0.5,7,0.3960257729289341,0.39770728992765725
478,0.3,0.3,7,0.35360407311637093,0.39770728992765725
478,0.3,1,5,0.3782521456366918,0.39770728992765725
478,0.3,0.7,5,0.3445927559217845,0.39770728992765725
478,0.3,0.5,5,0.3405360798266438,0.39770728992765725
478,0.3,0.3,5,0.3712245745787397,0.39770728992765725
478,0.3,1,3,0.3505507609651802,0.39770728992765725
478,0.3,0.7,3,0.4035510900723486,0.39770728992765725
478,0.3,0.5,3,0.3428726930374318,0.39770728992765725
478,0.3,0.3,3,0.3259725893811649,0.39770728992765725
479,0.3,1,100,0.4079033841021399,0.4269337785197552
479,0.3,0.7,100,0.4169838619922093,0.4269337785197552
479,0.3,0.5,100,0.4007790762381748,0.4269337785197552
479,0.3,0.3,100,0.4227824151363384,0.4269337785197552
479,0.3,1,7,0.4533865994854364,0.4269337785197552
479,0.3,0.7,7,0.36111411315677727,0.4269337785197552
479,0.3,0.5,7,0.4308234364966444,0.4269337785197552
479,0.3,0.3,7,0.391841202493053,0.4269337785197552
479,0.3,1,5,0.393336458434394,0.4269337785197552
479,0.3,0.7,5,0.42568111700174494,0.4269337785197552
479,0.3,0.5,5,0.4781234675111074,0.4269337785197552
479,0.3,0.3,5,0.38517756218845306,0.4269337785197552
479,0.3,1,3,0.3774143833962511,0.4269337785197552
479,0.3,0.7,3,0.37908791633605815,0.4269337785197552
479,0.3,0.5,3,0.38279946142648813,0.4269337785197552
479,0.3,0.3,3,0.31774720117262234,0.4269337785197552
480,0.3,1,100,0.411295026674983,0.41052865887590434
480,0.3,0.7,100,0.41436397986799206,0.41052865887590434
480,0.3,0.5,100,0.39421257651641634,0.41052865887590434
480,0.3,0.3,100,0.34901502504173626,0.41052865887590434
480,0.3,1,7,0.3815406929377124,0.41052865887590434
480,0.3,0.7,7,0.43292011467636166,0.41052865887590434
480,0.3,0.5,7,0.36127290709474863,0.41052865887590434
480,0.3,0.3,7,0.412184295193498,0.41052865887590434
480,0.3,1,5,0.3500856748491947,0.41052865887590434
480,0.3,0.7,5,0.3812498133487712,0.41052865887590434
480,0.3,0.5,5,0.35551717130380944,0.41052865887590434
480,0.3,0.3,5,0.38956475912702093,0.41052865887590434
480,0.3,1,3,0.37742636789587847,0.41052865887590434
480,0.3,0.7,3,0.3760654789394298,0.41052865887590434
480,0.3,0.5,3,0.31531585012071245,0.41052865887590434
480,0.3,0.3,3,0.2793462118342698,0.41052865887590434
481,0.3,1,100,0.4208874140510272,0.4376071229827491
481,0.3,0.7,100,0.4200222593210908,0.4376071229827491
481,0.3,0.5,100,0.40790205898720094,0.4376071229827491
481,0.3,0.3,100,0.427557039510295,0.4376071229827491
481,0.3,1,7,0.4051459228402769,0.4376071229827491
481,0.3,0.7,7,0.41727277876539853,0.4376071229827491
481,0.3,0.5,7,0.4180677453675682,0.4376071229827491
481,0.3,0.3,7,0.3904344003832238,0.4376071229827491
481,0.3,1,5,0.4156271576086454,0.4376071229827491
481,0.3,0.7,5,0.43690532111942,0.4376071229827491
481,0.3,0.5,5,0.40893026982319497,0.4376071229827491
481,0.3,0.3,5,0.37306770995382915,0.4376071229827491
481,0.3,1,3,0.4142569585344297,0.4376071229827491
481,0.3,0.7,3,0.39438996770427726,0.4376071229827491
481,0.3,0.5,3,0.4592350316718239,0.4376071229827491
481,0.3,0.3,3,0.3470209848800759,0.4376071229827491
482,0.3,1,100,0.4252818034388359,0.425130773511408
482,0.3,0.7,100,0.4375805163637316,0.425130773511408
482,0.3,0.5,100,0.40639955481357826,0.425130773511408
482,0.3,0.3,100,0.42101279910962724,0.425130773511408
482,0.3,1,7,0.43149607422015984,0.425130773511408
482,0.3,0.7,7,0.42304072353152994,0.425130773511408
482,0.3,0.5,7,0.4544036418099216,0.425130773511408
482,0.3,0.3,7,0.4562371691804191,0.425130773511408
482,0.3,1,5,0.4656494020659098,0.425130773511408
482,0.3,0.7,5,0.40036147828412355,0.425130773511408
482,0.3,0.5,5,0.4269481758447516,0.425130773511408
482,0.3,0.3,5,0.4388455027680282,0.425130773511408
482,0.3,1,3,0.43016459222327236,0.425130773511408
482,0.3,0.7,3,0.43351705150284753,0.425130773511408
482,0.3,0.5,3,0.3952081480021244,0.425130773511408
482,0.3,0.3,3,0.3106611392960188,0.425130773511408
483,0.3,1,100,0.4362141790541289,0.45565943238731227
483,0.3,0.7,100,0.45907195067498424,0.45565943238731227
483,0.3,0.5,100,0.45926544240400674,0.45565943238731227
483,0.3,0.3,100,0.44007790762381754,0.45565943238731227
483,0.3,1,7,0.4444251041578349,0.45565943238731227
483,0.3,0.7,7,0.42450636387451246,0.45565943238731227
483,0.3,0.5,7,0.4528257030447984,0.45565943238731227
483,0.3,0.3,7,0.4532369185615589,0.45565943238731227
483,0.3,1,5,0.4115351390866052,0.45565943238731227
483,0.3,0.7,5,0.4403482861636389,0.45565943238731227
483,0.3,0.5,5,0.4943671474236816,0.45565943238731227
483,0.3,0.3,5,0.4417268969722779,0.45565943238731227
483,0.3,1,3,0.4242222367943697,0.45565943238731227
483,0.3,0.7,3,0.4591410265879229,0.45565943238731227
483,0.3,0.5,3,0.4289339035070101,0.45565943238731227
483,0.3,0.3,3,0.3673350928283705,0.45565943238731227
484,0.3,1,100,0.3890941891163142,0.3843360721664075
484,0.3,0.7,100,0.37530085116097006,0.3843360721664075
484,0.3,0.5,100,0.3772732331663885,0.3843360721664075
484,0.3,0.3,100,0.4179966611018365,0.3843360721664075
484,0.3,1,7,0.4095041275398878,0.3843360721664075
484,0.3,0.7,7,0.36757542801946325,0.3843360721664075
484,0.3,0.5,7,0.383829550996359,0.3843360721664075
484,0.3,0.3,7,0.3707672377986014,0.3843360721664075
484,0.3,1,5,0.3843342886347643,0.3843360721664075
484,0.3,0.7,5,0.41740146183457255,0.3843360721664075
484,0.3,0.5,5,0.411287572904554,0.3843360721664075
484,0.3,0.3,5,0.3799079242203664,0.3843360721664075
484,0.3,1,3,0.40787308660347593,0.3843360721664075
484,0.3,0.7,3,0.3970295511679008,0.3843360721664075
484,0.3,0.5,3,0.3663507754798713,0.3843360721664075
484,0.3,0.3,3,0.24680096333459614,0.3843360721664075
485,0.3,1,100,0.3516965430182912,0.41515859766277136
485,0.3,0.7,100,0.3539788536449639,0.41515859766277136
485,0.3,0.5,100,0.35634947134112416,0.41515859766277136
485,0.3,0.3,100,0.3779410127991097,0.41515859766277136
485,0.3,1,7,0.34694544181462106,0.41515859766277136
485,0.3,0.7,7,0.35202170034175445,0.41515859766277136
485,0.3,0.5,7,0.34088633076880265,0.41515859766277136
485,0.3,0.3,7,0.36561736731576455,0.41515859766277136
485,0.3,1,5,0.34423046089050136,0.41515859766277136
485,0.3,0.7,5,0.3393150264252491,0.41515859766277136
485,0.3,0.5,5,0.34868237430935406,0.41515859766277136
485,0.3,0.3,5,0.32811698232885445,0.41515859766277136
485,0.3,1,3,0.34295415076953656,0.41515859766277136
485,0.3,0.7,3,0.33644777466342046,0.41515859766277136
485,0.3,0.5,3,0.3661566524365591,0.41515859766277136
485,0.3,0.3,3,0.23455635117714863,0.41515859766277136
486,0.3,1,100,0.318246454437944,0.38851419031719536
486,0.3,0.7,100,0.34000651087085115,0.38851419031719536
486,0.3,0.5,100,0.3403895381190874,0.38851419031719536
486,0.3,0.3,100,0.37343350027824157,0.38851419031719536
486,0.3,1,7,0.355218140801432,0.38851419031719536
486,0.3,0.7,7,0.36266693209837186,0.38851419031719536
486,0.3,0.5,7,0.38950774430878715,0.38851419031719536
486,0.3,0.3,7,0.3385800934811292,0.38851419031719536
486,0.3,1,5,0.3445438730462892,0.38851419031719536
486,0.3,0.7,5,0.3773181930151318,0.38851419031719536
486,0.3,0.5,5,0.4070531132390547,0.38851419031719536
486,0.3,0.3,5,0.37315547939270044,0.38851419031719536
486,0.3,1,3,0.3383461649585283,0.38851419031719536
486,0.3,0.7,3,0.3144819922069769,0.38851419031719536
486,0.3,0.5,3,0.3376400401519093,0.38851419031719536
486,0.3,0.3,3,0.22387492861790745,0.38851419031719536
487,0.3,1,100,0.36305045189059276,0.40785754034501953
487,0.3,0.7,100,0.3300009182008272,0.40785754034501953
487,0.3,0.5,100,0.35085141903171957,0.40785754034501953
487,0.3,0.3,100,0.36849193099610467,0.40785754034501953
487,0.3,1,7,0.32693739030524477,0.40785754034501953
487,0.3,0.7,7,0.39514978819453994,0.40785754034501953
487,0.3,0.5,7,0.3551689168098444,0.40785754034501953
487,0.3,0.3,7,0.3144740518161216,0.40785754034501953
487,0.3,1,5,0.3752182389763432,0.40785754034501953
487,0.3,0.7,5,0.381524199757207,0.40785754034501953
487,0.3,0.5,5,0.3657365674337585,0.40785754034501953
487,0.3,0.3,5,0.3505608760684944,0.40785754034501953
487,0.3,1,3,0.3337707560606538,0.40785754034501953
487,0.3,0.7,3,0.34328005904242187,0.40785754034501953
487,0.3,0.5,3,0.3446441470159015,0.40785754034501953
487,0.3,0.3,3,0.22298000296927298,0.40785754034501953
488,0.3,1,100,0.32722921818308776,0.42792431830829164
488,0.3,0.7,100,0.341636060100167,0.42792431830829164
488,0.3,0.5,100,0.34850306065665004,0.42792431830829164
488,0.3,0.3,100,0.37298831385642744,0.42792431830829164
488,0.3,1,7,0.3384100897722302,0.42792431830829164
488,0.3,0.7,7,0.3884983357621806,0.42792431830829164
488,0.3,0.5,7,0.3892597678000017,0.42792431830829164
488,0.3,0.3,7,0.3172181646926576,0.42792431830829164
488,0.3,1,5,0.35655424771573313,0.42792431830829164
488,0.3,0.7,5,0.35375016472243387,0.42792431830829164
488,0.3,0.5,5,0.3543907258840644,0.42792431830829164
488,0.3,0.3,5,0.33533387724966623,0.42792431830829164
488,0.3,1,3,0.350701284175998,0.42792431830829164
488,0.3,0.7,3,0.3077827652403709,0.42792431830829164
488,0.3,0.5,3,0.3055730700641091,0.42792431830829164
488,0.3,0.3,3,0.2560568653704386,0.42792431830829164
489,0.3,1,100,0.3900750334594756,0.37328428849417866
489,0.3,0.7,100,0.36175848636616587,0.37328428849417866
489,0.3,0.5,100,0.37597106288258214,0.37328428849417866
489,0.3,0.3,100,0.3971285475792989,0.37328428849417866
489,0.3,1,7,0.40900614537162894,0.37328428849417866
489,0.3,0.7,7,0.4008186514119703,0.37328428849417866
489,0.3,0.5,7,0.41295955002875784,0.37328428849417866
489,0.3,0.3,7,0.41019677126547244,0.37328428849417866
489,0.3,1,5,0.3798063638614466,0.37328428849417866
489,0.3,0.7,5,0.4353532838282545,0.37328428849417866
489,0.3,0.5,5,0.424302737887676,0.37328428849417866
489,0.3,0.3,5,0.3408432641582426,0.37328428849417866
489,0.3,1,3,0.4256630808025112,0.37328428849417866
489,0.3,0.7,3,0.3815384678140784,0.37328428849417866
489,0.3,0.5,3,0.38874875605458803,0.37328428849417866
489,0.3,0.3,3,0.3256077723122948,0.37328428849417866
490,0.3,1,100,0.4705217845843856,0.502893711741792
490,0.3,0.7,100,0.4829977212492346,0.502893711741792
490,0.3,0.5,100,0.48639955481357827,0.502893711741792
490,0.3,0.3,100,0.43510294936004457,0.502893711741792
490,0.3,1,7,0.47517369255368014,0.502893711741792
490,0.3,0.7,7,0.4912579881032244,0.502893711741792
490,0.3,0.5,7,0.47853094623465336,0.502893711741792
490,0.3,0.3,7,0.45753195291377985,0.502893711741792
490,0.3,1,5,0.48265514222798367,0.502893711741792
490,0.3,0.7,5,0.4637361167635942,0.502893711741792
490,0.3,0.5,5,0.4822069007394327,0.502893711741792
490,0.3,0.3,5,0.4708649937758165,0.502893711741792
490,0.3,1,3,0.4617093529767039,0.502893711741792
490,0.3,0.7,3,0.5108854837789231,0.502893711741792
490,0.3,0.5,3,0.4983651447159942,0.502893711741792
490,0.3,0.3,3,0.3823067204429861,0.502893711741792
491,0.3,1,100,0.37467094995802697,0.41292153589315533
491,0.3,0.7,100,0.320723427935448,0.41292153589315533
491,0.3,0.5,100,0.3433388981636061,0.41292153589315533
491,0.3,0.3,100,0.3301613800779077,0.41292153589315533
491,0.3,1,7,0.38749282312100497,0.41292153589315533
491,0.3,0.7,7,0.3270195766683216,0.41292153589315533
491,0.3,0.5,7,0.3477960345874591,0.41292153589315533
491,0.3,0.3,7,0.37431919576806355,0.41292153589315533
491,0.3,1,5,0.34322144722774844,0.41292153589315533
491,0.3,0.7,5,0.3569612739137528,0.41292153589315533
491,0.3,0.5,5,0.33173891531374883,0.41292153589315533
491,0.3,0.3,5,0.38603842128141796,0.41292153589315533
491,0.3,1,3,0.34444996005645623,0.41292153589315533
491,0.3,0.7,3,0.3921331075314253,0.41292153589315533
491,0.3,0.5,3,0.2681239761128112,0.41292153589315533
491,0.3,0.3,3,0.23694182919102133,0.41292153589315533
492,0.3,1,100,0.3622703678131319,0.4433611574846968
492,0.3,0.7,100,0.3703015311687433,0.4433611574846968
492,0.3,0.5,100,0.36518642181413474,0.4433611574846968
492,0.3,0.3,100,0.3568836950473011,0.4433611574846968
492,0.3,1,7,0.3682715012655892,0.4433611574846968
492,0.3,0.7,7,0.3691333981252214,0.4433611574846968
492,0.3,0.5,7,0.4084597622575521,0.4433611574846968
492,0.3,0.3,7,0.3809346981830381,0.4433611574846968
492,0.3,1,5,0.3807312231429189,0.4433611574846968
492,0.3,0.7,5,0.38062370884542246,0.4433611574846968
492,0.3,0.5,5,0.40037953818237493,0.4433611574846968
492,0.3,0.3,5,0.38709537336197686,0.4433611574846968
492,0.3,1,3,0.3572941609070829,0.4433611574846968
492,0.3,0.7,3,0.4120054460362571,0.4433611574846968
492,0.3,0.5,3,0.36905582529756586,0.4433611574846968
492,0.3,0.3,3,0.3078573178463874,0.4433611574846968
493,0.3,1,100,0.3694584465290673,0.47628269337785206
493,0.3,0.7,100,0.40846967167501397,0.47628269337785206
493,0.3,0.5,100,0.3919198664440735,0.47628269337785206
493,0.3,0.3,100,0.39676126878130225,0.47628269337785206
493,0.3,1,7,0.36993175414307844,0.47628269337785206
493,0.3,0.7,7,0.4033443630278927,0.47628269337785206
493,0.3,0.5,7,0.4241306757563483,0.47628269337785206
493,0.3,0.3,7,0.38485630154780187,0.47628269337785206
493,0.3,1,5,0.40695501632541087,0.47628269337785206
493,0.3,0.7,5,0.40612536657221054,0.47628269337785206
493,0.3,0.5,5,0.3903472804363716,0.47628269337785206
493,0.3,0.3,5,0.40494339053984385,0.47628269337785206
493,0.3,1,3,0.4015734525720578,0.47628269337785206
493,0.3,0.7,3,0.39577826383924997,0.47628269337785206
493,0.3,0.5,3,0.4167354678544642,0.47628269337785206
493,0.3,0.3,3,0.2858691968132575,0.47628269337785206
494,0.3,1,100,0.3536930049752405,0.46321219591775276
494,0.3,0.7,100,0.38606332274569327,0.46321219591775276
494,0.3,0.5,100,0.37968836950473017,0.46321219591775276
494,0.3,0.3,100,0.4103951029493601,0.46321219591775276
494,0.3,1,7,0.3354699995867039,0.46321219591775276
494,0.3,0.7,7,0.3841580099028689,0.46321219591775276
494,0.3,0.5,7,0.36018392684935147,0.46321219591775276
494,0.3,0.3,7,0.36578502354207243,0.46321219591775276
494,0.3,1,5,0.39416969177609806,0.46321219591775276
494,0.3,0.7,5,0.35733749621262356,0.46321219591775276
494,0.3,0.5,5,0.3321893493010149,0.46321219591775276
494,0.3,0.3,5,0.36285142462089204,0.46321219591775276
494,0.3,1,3,0.420624182344138,0.46321219591775276
494,0.3,0.7,3,0.40576854960257974,0.46321219591775276
494,0.3,0.5,3,0.3693352513948511,0.46321219591775276
494,0.3,0.3,3,0.26965118668290106,0.46321219591775276
495,0.3,1,100,0.3176232283993921,0.4322648859209795
495,0.3,0.7,100,0.3030829159710629,0.4322648859209795
495,0.3,0.5,100,0.3438286032276016,0.4322648859209795
495,0.3,0.3,100,0.32488592097941016,0.4322648859209795
495,0.3,1,7,0.34837463997314877,0.4322648859209795
495,0.3,0.7,7,0.33683318511173993,0.4322648859209795
495,0.3,0.5,7,0.3619370784693108,0.4322648859209795
495,0.3,0.3,7,0.3805706859971425,0.4322648859209795
495,0.3,1,5,0.3410820824365378,0.4322648859209795
495,0.3,0.7,5,0.36404098207925095,0.4322648859209795
495,0.3,0.5,5,0.38696990094409034,0.4322648859209795
495,0.3,0.3,5,0.34415640305033857,0.4322648859209795
495,0.3,1,3,0.34730992228026536,0.4322648859209795
495,0.3,0.7,3,0.3435175710902713,0.4322648859209795
495,0.3,0.5,3,0.3494824212846672,0.4322648859209795
495,0.3,0.3,3,0.28488280672978444,0.4322648859209795
496,0.3,1,100,0.43566315804195893,0.46750139120756823
496,0.3,0.7,100,0.44492241092712037,0.46750139120756823
496,0.3,0.5,100,0.44867000556483033,0.46750139120756823
496,0.3,0.3,100,0.5083249860879244,0.46750139120756823
496,0.3,1,7,0.4510074260897841,0.46750139120756823
496,0.3,0.7,7,0.4788457794453157,0.46750139120756823
496,0.3,0.5,7,0.46774824656089503,0.46750139120756823
496,0.3,0.3,7,0.4989432077686729,0.46750139120756823
496,0.3,1,5,0.4695208673417091,0.46750139120756823
496,0.3,0.7,5,0.48353558096872096,0.46750139120756823
496,0.3,0.5,5,0.4733518554522887,0.46750139120756823
496,0.3,0.3,5,0.4597147633196184,0.46750139120756823
496,0.3,1,3,0.499609512020115,0.46750139120756823
496,0.3,0.7,3,0.4848133875502571,0.46750139120756823
496,0.3,0.5,3,0.47698251444241296,0.46750139120756823
496,0.3,0.3,3,0.3703308258119894,0.46750139120756823
497,0.3,1,100,0.36234416965339294,0.4456427378964942
497,0.3,0.7,100,0.3913165663733968,0.4456427378964942
497,0.3,0.5,100,0.36024485253199784,0.4456427378964942
497,0.3,0.3,100,0.37978853644963834,0.4456427378964942
497,0.3,1,7,0.3705575390083611,0.4456427378964942
497,0.3,0.7,7,0.33558711009099707,0.4456427378964942
497,0.3,0.5,7,0.3327365008078522,0.4456427378964942
497,0.3,0.3,7,0.3658178790101553,0.4456427378964942
497,0.3,1,5,0.3548289017352677,0.4456427378964942
497,0.3,0.7,5,0.34838740458821177,0.4456427378964942
497,0.3,0.5,5,0.3509300363214156,0.4456427378964942
497,0.3,0.3,5,0.37306934664902414,0.4456427378964942
497,0.3,1,3,0.31232936832538066,0.4456427378964942
497,0.3,0.7,3,0.3781645546703502,0.4456427378964942
497,0.3,0.5,3,0.38103907307901613,0.4456427378964942
497,0.3,0.3,3,0.23656681283414,0.4456427378964942
498,0.3,1,100,0.4194860812319863,0.39890929326655544
498,0.3,0.7,100,0.41282136894824717,0.39890929326655544
498,0.3,0.5,100,0.4173400111296606,0.39890929326655544
498,0.3,0.3,100,0.4480578742348359,0.39890929326655544
498,0.3,1,7,0.4547383364164181,0.39890929326655544
498,0.3,0.7,7,0.42975738372460903,0.39890929326655544
498,0.3,0.5,7,0.4229975651989183,0.39890929326655544
498,0.3,0.3,7,0.3937811147667385,0.39890929326655544
498,0.3,1,5,0.4226420250443571,0.39890929326655544
498,0.3,0.7,5,0.43341205437693825,0.39890929326655544
498,0.3,0.5,5,0.4430874998243784,0.39890929326655544
498,0.3,0.3,5,0.456448227654592,0.39890929326655544
498,0.3,1,3,0.43396798544127785,0.39890929326655544
498,0.3,0.7,3,0.4135074461231646,0.39890929326655544
498,0.3,0.5,3,0.41830156535949625,0.39890929326655544
498,0.3,0.3,3,0.33725035034281386,0.39890929326655544
499,0.3,1,100,0.43431850476335127,0.45313299944351704
499,0.3,0.7,100,0.36076794657762945,0.45313299944351704
499,0.3,0.5,100,0.39839732888146917,0.45313299944351704
499,0.3,0.3,100,0.4345687256538676,0.45313299944351704
499,0.3,1,7,0.4091683826026478,0.45313299944351704
499,0.3,0.7,7,0.4205272209622464,0.45313299944351704
499,0.3,0.5,7,0.3936598909006019,0.45313299944351704
499,0.3,0.3,7,0.42371598755562123,0.45313299944351704
499,0.3,1,5,0.39541232400606885,0.45313299944351704
499,0.3,0.7,5,0.4275365505629058,0.45313299944351704
499,0.3,0.5,5,0.3962024154515061,0.45313299944351704
499,0.3,0.3,5,0.424279498600656,0.45313299944351704
499,0.3,1,3,0.3842747800322925,0.45313299944351704
499,0.3,0.7,3,0.4056297931866249,0.45313299944351704
499,0.3,0.5,3,0.380335889354944,0.45313299944351704
499,0.3,0.3,3,0.2759931198328171,0.45313299944351704
500,0.3,1,100,0.3297668391796775,0.4453867557039511
500,0.3,0.7,100,0.3658673671028665,0.4453867557039511
500,0.3,0.5,100,0.3847634947134113,0.4453867557039511
500,0.3,0.3,100,0.386989426822482,0.4453867557039511
500,0.3,1,7,0.3736283183749636,0.4453867557039511
500,0.3,0.7,7,0.37820920281924497,0.4453867557039511
500,0.3,0.5,7,0.41227643491128646,0.4453867557039511
500,0.3,0.3,7,0.4069506111629212,0.4453867557039511
500,0.3,1,5,0.36562028513759176,0.4453867557039511
500,0.3,0.7,5,0.4042695833715722,0.4453867557039511
500,0.3,0.5,5,0.39141760635362977,0.4453867557039511
500,0.3,0.3,5,0.37710642172705255,0.4453867557039511
500,0.3,1,3,0.3904426038515249,0.4453867557039511
500,0.3,0.7,3,0.36097595102868435,0.4453867557039511
500,0.3,0.5,3,0.3708120790762059,0.4453867557039511
500,0.3,0.3,3,0.293532234446868,0.4453867557039511
1,0.6,1,100,0.42785145481320347,0.47267668336115753
1,0.6,0.7,100,0.4049594595910954,0.47267668336115753
1,0.6,0.5,100,0.40165831942125774,0.47267668336115753
1,0.6,0.3,100,0.3785865331107402,0.47267668336115753
1,0.6,1,7,0.3990157160407191,0.47267668336115753
1,0.6,0.7,7,0.416606832676564,0.47267668336115753
1,0.6,0.5,7,0.4367621546858144,0.47267668336115753
1,0.6,0.3,7,0.4319916736328537,0.47267668336115753
1,0.6,1,5,0.4238557544603527,0.47267668336115753
1,0.6,0.7,5,0.44392857477526854,0.47267668336115753
1,0.6,0.5,5,0.4506740168608838,0.47267668336115753
1,0.6,0.3,5,0.3630957925147102,0.47267668336115753
1,0.6,1,3,0.38634095398154533,0.47267668336115753
1,0.6,0.7,3,0.38473512936406007,0.47267668336115753
1,0.6,0.5,3,0.38252718162202026,0.47267668336115753
1,0.6,0.3,3,0.33697158048505954,0.47267668336115753
2,0.6,1,100,0.4629710088470718,0.5360378408458543
2,0.6,0.7,100,0.4799205335771003,0.5360378408458543
2,0.6,0.5,100,0.4895603784084586,0.5360378408458543
2,0.6,0.3,100,0.49440178074568736,0.5360378408458543
2,0.6,1,7,0.49173824363630714,0.5360378408458543
2,0.6,0.7,7,0.5086052624968238,0.5360378408458543
2,0.6,0.5,7,0.49857638550219663,0.5360378408458543
2,0.6,0.3,7,0.4963742624150821,0.5360378408458543
2,0.6,1,5,0.4893581822254724,0.5360378408458543
2,0.6,0.7,5,0.5251579830116164,0.5360378408458543
2,0.6,0.5,5,0.5163751728884911,0.5360378408458543
2,0.6,0.3,5,0.5065066195327548,0.5360378408458543
2,0.6,1,3,0.446533368129904,0.5360378408458543
2,0.6,0.7,3,0.46463163841092886,0.5360378408458543
2,0.6,0.5,3,0.45918826409735897,0.5360378408458543
2,0.6,0.3,3,0.3921847924033881,0.5360378408458543
3,0.6,1,100,0.5264453263059814,0.5359599332220368
3,0.6,0.7,100,0.5424676746527626,0.5359599332220368
3,0.6,0.5,100,0.5036060100166946,0.5359599332220368
3,0.6,0.3,100,0.5276349471341125,0.5359599332220368
3,0.6,1,7,0.5289465977936093,0.5359599332220368
3,0.6,0.7,7,0.516671720697382,0.5359599332220368
3,0.6,0.5,7,0.5220900360709627,0.5359599332220368
3,0.6,0.3,7,0.507361192717128,0.5359599332220368
3,0.6,1,5,0.5014337984515489,0.5359599332220368
3,0.6,0.7,5,0.5279433680416893,0.5359599332220368
3,0.6,0.5,5,0.5318073434173446,0.5359599332220368
3,0.6,0.3,5,0.5523793011868374,0.5359599332220368
3,0.6,1,3,0.5314088395209235,0.5359599332220368
3,0.6,0.7,3,0.5458522427026216,0.5359599332220368
3,0.6,0.5,3,0.5176476689485818,0.5359599332220368
3,0.6,0.3,3,0.4500108206313947,0.5359599332220368
4,0.6,1,100,0.5090320324204937,0.529003895381191
4,0.6,0.7,100,0.5386661626334339,0.529003895381191
4,0.6,0.5,100,0.5087367835281025,0.529003895381191
4,0.6,0.3,100,0.5274457429048415,0.529003895381191
4,0.6,1,7,0.49276856901822585,0.529003895381191
4,0.6,0.7,7,0.5075756552684696,0.529003895381191
4,0.6,0.5,7,0.5274021657692236,0.529003895381191
4,0.6,0.3,7,0.5258771463924703,0.529003895381191
4,0.6,1,5,0.5351113228209843,0.529003895381191
4,0.6,0.7,5,0.5292345179193124,0.529003895381191
4,0.6,0.5,5,0.533966308395225,0.529003895381191
4,0.6,0.3,5,0.5313139496172182,0.529003895381191
4,0.6,1,3,0.5296981164500131,0.529003895381191
4,0.6,0.7,3,0.49851463911787897,0.529003895381191
4,0.6,0.5,3,0.5195869278830385,0.529003895381191
4,0.6,0.3,3,0.440439067281597,0.529003895381191
5,0.6,1,100,0.4286863870830847,0.47112966054535343
5,0.6,0.7,100,0.44033011130417776,0.47112966054535343
5,0.6,0.5,100,0.428313856427379,0.47112966054535343
5,0.6,0.3,100,0.46440734557596003,0.47112966054535343
5,0.6,1,7,0.4632949885222175,0.47112966054535343
5,0.6,0.7,7,0.46466270467919774,0.47112966054535343
5,0.6,0.5,7,0.4647074979444206,0.47112966054535343
5,0.6,0.3,7,0.43356362911498775,0.47112966054535343
5,0.6,1,5,0.44075012838579014,0.47112966054535343
5,0.6,0.7,5,0.43438054058733727,0.47112966054535343
5,0.6,0.5,5,0.47306600867968346,0.47112966054535343
5,0.6,0.3,5,0.4395408567030641,0.47112966054535343
5,0.6,1,3,0.45380776037388043,0.47112966054535343
5,0.6,0.7,3,0.44916958825756254,0.47112966054535343
5,0.6,0.5,3,0.426098930693844,0.47112966054535343
5,0.6,0.3,3,0.3478592979381269,0.47112966054535343
6,0.6,1,100,0.4734681623613474,0.5099387868670007
6,0.6,0.7,100,0.441966198718219,0.5099387868670007
6,0.6,0.5,100,0.41387868670005573,0.5099387868670007
6,0.6,0.3,100,0.46445186421814144,0.5099387868670007
6,0.6,1,7,0.41736915205024994,0.5099387868670007
6,0.6,0.7,7,0.4478926131148071,0.5099387868670007
6,0.6,0.5,7,0.4527844265457357,0.5099387868670007
6,0.6,0.3,7,0.43163369540941593,0.5099387868670007
6,0.6,1,5,0.4345744240437941,0.5099387868670007
6,0.6,0.7,5,0.440031301680312,0.5099387868670007
6,0.6,0.5,5,0.4537819762146782,0.5099387868670007
6,0.6,0.3,5,0.4302069156908896,0.5099387868670007
6,0.6,1,3,0.43942286313234985,0.5099387868670007
6,0.6,0.7,3,0.4399898223228564,0.5099387868670007
6,0.6,0.5,3,0.4099466469783951,0.5099387868670007
6,0.6,0.3,3,0.3660293741825124,0.5099387868670007
7,0.6,1,100,0.4768065913675356,0.5026043405676127
7,0.6,0.7,100,0.4897216441220854,0.5026043405676127
7,0.6,0.5,100,0.49817473567056214,0.5026043405676127
7,0.6,0.3,100,0.5204674457429049,0.5026043405676127
7,0.6,1,7,0.520791740188501,0.5026043405676127
7,0.6,0.7,7,0.5000820353817933,0.5026043405676127
7,0.6,0.5,7,0.5064048016575939,0.5026043405676127
7,0.6,0.3,7,0.4912221739292697,0.5026043405676127
7,0.6,1,5,0.4841747851565008,0.5026043405676127
7,0.6,0.7,5,0.5107714812729361,0.5026043405676127
7,0.6,0.5,5,0.5416834976576448,0.5026043405676127
7,0.6,0.3,5,0.4999057476383179,0.5026043405676127
7,0.6,1,3,0.50548435194309,0.5026043405676127
7,0.6,0.7,3,0.5402794073052339,0.5026043405676127
7,0.6,0.5,3,0.43866579268674727,0.5026043405676127
7,0.6,0.3,3,0.4003307434944007,0.5026043405676127
8,0.6,1,100,0.4274120946370664,0.49409708986582435
8,0.6,0.7,100,0.45130593746094383,0.49409708986582435
8,0.6,0.5,100,0.4452822628906021,0.49409708986582435
8,0.6,0.3,100,0.4791986644407346,0.49409708986582435
8,0.6,1,7,0.44719258633225867,0.49409708986582435
8,0.6,0.7,7,0.44958922072365554,0.49409708986582435
8,0.6,0.5,7,0.47591304846981597,0.49409708986582435
8,0.6,0.3,7,0.4712861453174966,0.49409708986582435
8,0.6,1,5,0.46824537034000707,0.49409708986582435
8,0.6,0.7,5,0.47521225941857065,0.49409708986582435
8,0.6,0.5,5,0.444108202871265,0.49409708986582435
8,0.6,0.3,5,0.47376003642901793,0.49409708986582435
8,0.6,1,3,0.49201126742374623,0.49409708986582435
8,0.6,0.7,3,0.48013894216774944,0.49409708986582435
8,0.6,0.5,3,0.43132935523601046,0.49409708986582435
8,0.6,0.3,3,0.3947494011095676,0.49409708986582435
9,0.6,1,100,0.47210650595026876,0.5078422588841552
9,0.6,0.7,100,0.47848322460576564,0.5078422588841552
9,0.6,0.5,100,0.4497050639955482,0.5078422588841552
9,0.6,0.3,100,0.4798441847523651,0.5078422588841552
9,0.6,1,7,0.42859762918274247,0.5078422588841552
9,0.6,0.7,7,0.4982679242043859,0.5078422588841552
9,0.6,0.5,7,0.4716512508943804,0.5078422588841552
9,0.6,0.3,7,0.45483464303749155,0.5078422588841552
9,0.6,1,5,0.4626442967783278,0.5078422588841552
9,0.6,0.7,5,0.4644877036802038,0.5078422588841552
9,0.6,0.5,5,0.49369976317336234,0.5078422588841552
9,0.6,0.3,5,0.4692917137853145,0.5078422588841552
9,0.6,1,3,0.4713160857884028,0.5078422588841552
9,0.6,0.7,3,0.46446012096929545,0.5078422588841552
9,0.6,0.5,3,0.44222062634576453,0.5078422588841552
9,0.6,0.3,3,0.35847885642377114,0.5078422588841552
10,0.6,1,100,0.41142600508459737,0.4775848636616584
10,0.6,0.7,100,0.44049649554009007,0.4775848636616584
10,0.6,0.5,100,0.40967167501391216,0.4775848636616584
10,0.6,0.3,100,0.4136894824707847,0.4775848636616584
10,0.6,1,7,0.44708692984075554,0.4775848636616584
10,0.6,0.7,7,0.44622300075453053,0.4775848636616584
10,0.6,0.5,7,0.4301241149577647,0.4775848636616584
10,0.6,0.3,7,0.4581920714540276,0.4775848636616584
10,0.6,1,5,0.42210757434937113,0.4775848636616584
10,0.6,0.7,5,0.4372433239294096,0.4775848636616584
10,0.6,0.5,5,0.46005022289674047,0.4775848636616584
10,0.6,0.3,5,0.4542693059789822,0.4775848636616584
10,0.6,1,3,0.4384083787441089,0.4775848636616584
10,0.6,0.7,3,0.4151001310597891,0.4775848636616584
10,0.6,0.5,3,0.44504154158200027,0.4775848636616584
10,0.6,0.3,3,0.3531574414208016,0.4775848636616584
11,0.6,1,100,0.4873189373696565,0.5370354397222784
11,0.6,0.7,100,0.5024666178834639,0.5370354397222784
11,0.6,0.5,100,0.47509181969949926,0.5370354397222784
11,0.6,0.3,100,0.485130773511408,0.5370354397222784
11,0.6,1,7,0.5059788040713787,0.5370354397222784
11,0.6,0.7,7,0.48735112164814,0.5370354397222784
11,0.6,0.5,7,0.489223541555746,0.5370354397222784
11,0.6,0.3,7,0.5081044453111393,0.5370354397222784
11,0.6,1,5,0.4781508113733097,0.5370354397222784
11,0.6,0.7,5,0.5071065942654778,0.5370354397222784
11,0.6,0.5,5,0.5040296309103732,0.5370354397222784
11,0.6,0.3,5,0.47965451775250056,0.5370354397222784
11,0.6,1,3,0.5046046818080334,0.5370354397222784
11,0.6,0.7,3,0.4730723660482236,0.5370354397222784
11,0.6,0.5,3,0.47839434296892497,0.5370354397222784
11,0.6,0.3,3,0.3427625111385766,0.5370354397222784
12,0.6,1,100,0.42507792018113916,0.5259988870339456
12,0.6,0.7,100,0.4325610254914504,0.5259988870339456
12,0.6,0.5,100,0.44596549805230945,0.5259988870339456
12,0.6,0.3,100,0.44429604897050645,0.5259988870339456
12,0.6,1,7,0.3968543535555872,0.5259988870339456
12,0.6,0.7,7,0.44443717251811743,0.5259988870339456
12,0.6,0.5,7,0.46016334817076476,0.5259988870339456
12,0.6,0.3,7,0.42578565940440544,0.5259988870339456
12,0.6,1,5,0.4536062121717004,0.5259988870339456
12,0.6,0.7,5,0.44486939224409877,0.5259988870339456
12,0.6,0.5,5,0.42635750663503463,0.5259988870339456
12,0.6,0.3,5,0.4239777187326061,0.5259988870339456
12,0.6,1,3,0.404695082490733,0.5259988870339456
12,0.6,0.7,3,0.45651150483761793,0.5259988870339456
12,0.6,0.5,3,0.43386051208553655,0.5259988870339456
12,0.6,0.3,3,0.29575305609051994,0.5259988870339456
13,0.6,1,100,0.43728485128455263,0.4781636060100168
13,0.6,0.7,100,0.45442226842653066,0.4781636060100168
13,0.6,0.5,100,0.4711853088480802,0.4781636060100168
13,0.6,0.3,100,0.4937673900946022,0.4781636060100168
13,0.6,1,7,0.4660604267393419,0.4781636060100168
13,0.6,0.7,7,0.45391727088129147,0.4781636060100168
13,0.6,0.5,7,0.48932805025265913,0.4781636060100168
13,0.6,0.3,7,0.47545029697768865,0.4781636060100168
13,0.6,1,5,0.4698992943844148,0.4781636060100168
13,0.6,0.7,5,0.4703301605455644,0.4781636060100168
13,0.6,0.5,5,0.5049870526872101,0.4781636060100168
13,0.6,0.3,5,0.4828928458982778,0.4781636060100168
13,0.6,1,3,0.43504638924605143,0.4781636060100168
13,0.6,0.7,3,0.4417702597599296,0.4781636060100168
13,0.6,0.5,3,0.4582773053891124,0.4781636060100168
13,0.6,0.3,3,0.3443521882939658,0.4781636060100168
14,0.6,1,100,0.4344888323041068,0.4715971062882583
14,0.6,0.7,100,0.4245388804172424,0.4715971062882583
14,0.6,0.5,100,0.42936004451864224,0.4715971062882583
14,0.6,0.3,100,0.4480244852531998,0.4715971062882583
14,0.6,1,7,0.3902024650247897,0.4715971062882583
14,0.6,0.7,7,0.38452021186532875,0.4715971062882583
14,0.6,0.5,7,0.417138124760465,0.4715971062882583
14,0.6,0.3,7,0.44925587022723434,0.4715971062882583
14,0.6,1,5,0.44242598579508446,0.4715971062882583
14,0.6,0.7,5,0.4246930427123171,0.4715971062882583
14,0.6,0.5,5,0.4396164825449157,0.4715971062882583
14,0.6,0.3,5,0.4075465796155546,0.4715971062882583
14,0.6,1,3,0.42443078722202965,0.4715971062882583
14,0.6,0.7,3,0.40599286340874446,0.4715971062882583
14,0.6,0.5,3,0.43881210273445254,0.4715971062882583
14,0.6,0.3,3,0.37372366170247767,0.4715971062882583
15,0.6,1,100,0.4997815339941054,0.5519087367835281
15,0.6,0.7,100,0.46799630494055977,0.5519087367835281
15,0.6,0.5,100,0.46097941012799115,0.5519087367835281
15,0.6,0.3,100,0.5204897050639956,0.5519087367835281
15,0.6,1,7,0.47696411078945744,0.5519087367835281
15,0.6,0.7,7,0.5005215071211864,0.5519087367835281
15,0.6,0.5,7,0.48274707230605435,0.5519087367835281
15,0.6,0.3,7,0.5062689441225593,0.5519087367835281
15,0.6,1,5,0.46376807308655094,0.5519087367835281
15,0.6,0.7,5,0.4925789130357523,0.5519087367835281
15,0.6,0.5,5,0.5152317503150812,0.5519087367835281
15,0.6,0.3,5,0.5012139203090098,0.5519087367835281
15,0.6,1,3,0.4822709339251918,0.5519087367835281
15,0.6,0.7,3,0.46618079799665235,0.5519087367835281
15,0.6,0.5,3,0.4890538318193125,0.5519087367835281
15,0.6,0.3,3,0.41881322006333443,0.5519087367835281
16,0.6,1,100,0.3964360062342896,0.4880133555926545
16,0.6,0.7,100,0.3849860879243184,0.4880133555926545
16,0.6,0.5,100,0.3897050639955482,0.4880133555926545
16,0.6,0.3,100,0.4081580411797441,0.4880133555926545
16,0.6,1,7,0.4023533335301715,0.4880133555926545
16,0.6,0.7,7,0.40564895771211584,0.4880133555926545
16,0.6,0.5,7,0.40085278184286693,0.4880133555926545
16,0.6,0.3,7,0.4072841299309497,0.4880133555926545
16,0.6,1,5,0.3698486089752882,0.4880133555926545
16,0.6,0.7,5,0.37771852821969476,0.4880133555926545
16,0.6,0.5,5,0.4279139946403561,0.4880133555926545
16,0.6,0.3,5,0.42351415888323274,0.4880133555926545
16,0.6,1,3,0.34625288929058873,0.4880133555926545
16,0.6,0.7,3,0.37815655512279844,0.4880133555926545
16,0.6,0.5,3,0.35506326162260876,0.4880133555926545
16,0.6,0.3,3,0.3420054828077343,0.4880133555926545
17,0.6,1,100,0.4785348741646558,0.5094602114635505
17,0.6,0.7,100,0.4741441915373161,0.5094602114635505
17,0.6,0.5,100,0.49729549248747923,0.5094602114635505
17,0.6,0.3,100,0.4720311630495271,0.5094602114635505
17,0.6,1,7,0.44927413379131415,0.5094602114635505
17,0.6,0.7,7,0.46495476221784426,0.5094602114635505
17,0.6,0.5,7,0.4790987928153743,0.5094602114635505
17,0.6,0.3,7,0.4903260174259588,0.5094602114635505
17,0.6,1,5,0.4973264486383242,0.5094602114635505
17,0.6,0.7,5,0.5213493982868915,0.5094602114635505
17,0.6,0.5,5,0.46890633397147413,0.5094602114635505
17,0.6,0.3,5,0.48154919600362844,0.5094602114635505
17,0.6,1,3,0.519437536671738,0.5094602114635505
17,0.6,0.7,3,0.4580210866871073,0.5094602114635505
17,0.6,0.5,3,0.48510588049049314,0.5094602114635505
17,0.6,0.3,3,0.38007627952006395,0.5094602114635505
18,0.6,1,100,0.4058309912439054,0.46790205898720094
18,0.6,0.7,100,0.3539454646633278,0.46790205898720094
18,0.6,0.5,100,0.4133889816360602,0.46790205898720094
18,0.6,0.3,100,0.40296048970506404,0.46790205898720094
18,0.6,1,7,0.3923640804634546,0.46790205898720094
18,0.6,0.7,7,0.36332721075721497,0.46790205898720094
18,0.6,0.5,7,0.3548473168829551,0.46790205898720094
18,0.6,0.3,7,0.3793829263188274,0.46790205898720094
18,0.6,1,5,0.37190932966240786,0.46790205898720094
18,0.6,0.7,5,0.3806286115850325,0.46790205898720094
18,0.6,0.5,5,0.40057722781702265,0.46790205898720094
18,0.6,0.3,5,0.345147145355929,0.46790205898720094
18,0.6,1,3,0.3592608646437456,0.46790205898720094
18,0.6,0.7,3,0.3514560862476563,0.46790205898720094
18,0.6,0.5,3,0.34914681856723917,0.46790205898720094
18,0.6,0.3,3,0.26308173346455105,0.46790205898720094
19,0.6,1,100,0.4530943633578493,0.5095158597662772
19,0.6,0.7,100,0.4806677796327213,0.5095158597662772
19,0.6,0.5,100,0.4806677796327213,0.5095158597662772
19,0.6,0.3,100,0.48853644963828613,0.5095158597662772
19,0.6,1,7,0.47548844496097575,0.5095158597662772
19,0.6,0.7,7,0.48328582129077147,0.5095158597662772
19,0.6,0.5,7,0.49589447664306924,0.5095158597662772
19,0.6,0.3,7,0.5361134562756188,0.5095158597662772
19,0.6,1,5,0.4887521553919847,0.5095158597662772
19,0.6,0.7,5,0.5187534424166873,0.5095158597662772
19,0.6,0.5,5,0.45551133353486056,0.5095158597662772
19,0.6,0.3,5,0.5258591261013222,0.5095158597662772
19,0.6,1,3,0.5074758785166662,0.5095158597662772
19,0.6,0.7,3,0.521480063876297,0.5095158597662772
19,0.6,0.5,3,0.42886610266951414,0.5095158597662772
19,0.6,0.3,3,0.3615470039708879,0.5095158597662772
20,0.6,1,100,0.4585389273366217,0.50661101836394
20,0.6,0.7,100,0.46056332933770194,0.50661101836394
20,0.6,0.5,100,0.48248191430161386,0.50661101836394
20,0.6,0.3,100,0.4722314969393434,0.50661101836394
20,0.6,1,7,0.4739083628787702,0.50661101836394
20,0.6,0.7,7,0.4640021431894594,0.50661101836394
20,0.6,0.5,7,0.45316526115473516,0.50661101836394
20,0.6,0.3,7,0.4650606936234319,0.50661101836394
20,0.6,1,5,0.45275705048607223,0.50661101836394
20,0.6,0.7,5,0.4578607207871122,0.50661101836394
20,0.6,0.5,5,0.4534034536000461,0.50661101836394
20,0.6,0.3,5,0.44092920872752284,0.50661101836394
20,0.6,1,3,0.4715041895103573,0.50661101836394
20,0.6,0.7,3,0.43603248111843,0.50661101836394
20,0.6,0.5,3,0.437951191354242,0.50661101836394
20,0.6,0.3,3,0.3390584206431155,0.50661101836394
21,0.6,1,100,0.37768161958474367,0.4913257966791325
21,0.6,0.7,100,0.3462560484583852,0.4913257966791325
21,0.6,0.5,100,0.3822815804117975,0.4913257966791325
21,0.6,0.3,100,0.3939009460211464,0.4913257966791325
21,0.6,1,7,0.39003654721322006,0.4913257966791325
21,0.6,0.7,7,0.4132188121461473,0.4913257966791325
21,0.6,0.5,7,0.4274393109102609,0.4913257966791325
21,0.6,0.3,7,0.44150809698276045,0.4913257966791325
21,0.6,1,5,0.4063467252540104,0.4913257966791325
21,0.6,0.7,5,0.4087238202671195,0.4913257966791325
21,0.6,0.5,5,0.36601689121217057,0.4913257966791325
21,0.6,0.3,5,0.43269533009504807,0.4913257966791325
21,0.6,1,3,0.4300352291790775,0.4913257966791325
21,0.6,0.7,3,0.3812183503876852,0.4913257966791325
21,0.6,0.5,3,0.39333130354712853,0.4913257966791325
21,0.6,0.3,3,0.2794891194520468,0.4913257966791325
22,0.6,1,100,0.3125699120737776,0.5032053422370618
22,0.6,0.7,100,0.358864774624374,0.5032053422370618
22,0.6,0.5,100,0.34376182526432947,0.5032053422370618
22,0.6,0.3,100,0.34317195325542577,0.5032053422370618
22,0.6,1,7,0.353656882177294,0.5032053422370618
22,0.6,0.7,7,0.40155072311111106,0.5032053422370618
22,0.6,0.5,7,0.36922243321099607,0.5032053422370618
22,0.6,0.3,7,0.3326182390784917,0.5032053422370618
22,0.6,1,5,0.3305364386842822,0.5032053422370618
22,0.6,0.7,5,0.3420862210869949,0.5032053422370618
22,0.6,0.5,5,0.34158328319558434,0.5032053422370618
22,0.6,0.3,5,0.39618482985581893,0.5032053422370618
22,0.6,1,3,0.37416996375090694,0.5032053422370618
22,0.6,0.7,3,0.3806908700165474,0.5032053422370618
22,0.6,0.5,3,0.3849605525657178,0.5032053422370618
22,0.6,0.3,3,0.28518323774077425,0.5032053422370618
23,0.6,1,100,0.5146596360314154,0.5244852531997775
23,0.6,0.7,100,0.5324176635373841,0.5244852531997775
23,0.6,0.5,100,0.5163676025829743,0.5244852531997775
23,0.6,0.3,100,0.5213578185865332,0.5244852531997775
23,0.6,1,7,0.5073814560471102,0.5244852531997775
23,0.6,0.7,7,0.5181057858145306,0.5244852531997775
23,0.6,0.5,7,0.5491187252837095,0.5244852531997775
23,0.6,0.3,7,0.527197750516786,0.5244852531997775
23,0.6,1,5,0.5025071587878703,0.5244852531997775
23,0.6,0.7,5,0.537619662174055,0.5244852531997775
23,0.6,0.5,5,0.5408240871764773,0.5244852531997775
23,0.6,0.3,5,0.5097331261902313,0.5244852531997775
23,0.6,1,3,0.5185400029665648,0.5244852531997775
23,0.6,0.7,3,0.5159476121939449,0.5244852531997775
23,0.6,0.5,3,0.5149244765467651,0.5244852531997775
23,0.6,0.3,3,0.4095574479093839,0.5244852531997775
24,0.6,1,100,0.4701996217449542,0.446232609905398
24,0.6,0.7,100,0.47273536777545705,0.446232609905398
24,0.6,0.5,100,0.47843071786310526,0.446232609905398
24,0.6,0.3,100,0.46692264885920987,0.446232609905398
24,0.6,1,7,0.4653397227782955,0.446232609905398
24,0.6,0.7,7,0.44185886932705104,0.446232609905398
24,0.6,0.5,7,0.459171228936533,0.446232609905398
24,0.6,0.3,7,0.45129837689092656,0.446232609905398
24,0.6,1,5,0.4689655513863598,0.446232609905398
24,0.6,0.7,5,0.47041850819963343,0.446232609905398
24,0.6,0.5,5,0.4979947112150172,0.446232609905398
24,0.6,0.3,5,0.47670049434431566,0.446232609905398
24,0.6,1,3,0.4406064211792794,0.446232609905398
24,0.6,0.7,3,0.49365662878536737,0.446232609905398
24,0.6,0.5,3,0.481535249133537,0.446232609905398
24,0.6,0.3,3,0.3816112542125664,0.446232609905398
25,0.6,1,100,0.4805362064105857,0.5132331663884252
25,0.6,0.7,100,0.47590693326798805,0.5132331663884252
25,0.6,0.5,100,0.4868447412353924,0.5132331663884252
25,0.6,0.3,100,0.49599332220367287,0.5132331663884252
25,0.6,1,7,0.49453822845162987,0.5132331663884252
25,0.6,0.7,7,0.4896703658093608,0.5132331663884252
25,0.6,0.5,7,0.5229374607477953,0.5132331663884252
25,0.6,0.3,7,0.4804552831489555,0.5132331663884252
25,0.6,1,5,0.4835672401094833,0.5132331663884252
25,0.6,0.7,5,0.5167283447515101,0.5132331663884252
25,0.6,0.5,5,0.5379887271073088,0.5132331663884252
25,0.6,0.3,5,0.5376117926986382,0.5132331663884252
25,0.6,1,3,0.4867197473184675,0.5132331663884252
25,0.6,0.7,3,0.4846891108319223,0.5132331663884252
25,0.6,0.5,3,0.4775057237080086,0.5132331663884252
25,0.6,0.3,3,0.3730889479184161,0.5132331663884252
26,0.6,1,100,0.4088322239737646,0.5053867557039511
26,0.6,0.7,100,0.4204832552653891,0.5053867557039511
26,0.6,0.5,100,0.43375626043405685,0.5053867557039511
26,0.6,0.3,100,0.4677017250973846,0.5053867557039511
26,0.6,1,7,0.44426768141391676,0.5053867557039511
26,0.6,0.7,7,0.44548802157869655,0.5053867557039511
26,0.6,0.5,7,0.4385069569483977,0.5053867557039511
26,0.6,0.3,7,0.44937799854894195,0.5053867557039511
26,0.6,1,5,0.44738595985948926,0.5053867557039511
26,0.6,0.7,5,0.4837383125737217,0.5053867557039511
26,0.6,0.5,5,0.4497789533824883,0.5053867557039511
26,0.6,0.3,5,0.4075219262574287,0.5053867557039511
26,0.6,1,3,0.4346610580811995,0.5053867557039511
26,0.6,0.7,3,0.4129353752429841,0.5053867557039511
26,0.6,0.5,3,0.41340934523356476,0.5053867557039511
26,0.6,0.3,3,0.3050580699718386,0.5053867557039511
27,0.6,1,100,0.44047854860285063,0.46819143016138015
27,0.6,0.7,100,0.43759408121236165,0.46819143016138015
27,0.6,0.5,100,0.42804674457429054,0.46819143016138015
27,0.6,0.3,100,0.45087367835281034,0.46819143016138015
27,0.6,1,7,0.4265953523304427,0.46819143016138015
27,0.6,0.7,7,0.4615747084167688,0.46819143016138015
27,0.6,0.5,7,0.46565707554391234,0.46819143016138015
27,0.6,0.3,7,0.40683106350697185,0.46819143016138015
27,0.6,1,5,0.45921029652981327,0.46819143016138015
27,0.6,0.7,5,0.46446077863938345,0.46819143016138015
27,0.6,0.5,5,0.4709334704572499,0.46819143016138015
27,0.6,0.3,5,0.43666472511917087,0.46819143016138015
27,0.6,1,3,0.4909457545916236,0.46819143016138015
27,0.6,0.7,3,0.4167860423462338,0.46819143016138015
27,0.6,0.5,3,0.4624335572256699,0.46819143016138015
27,0.6,0.3,3,0.36490190306428927,0.46819143016138015
28,0.6,1,100,0.4849799154594988,0.49020589872008913
28,0.6,0.7,100,0.5009543843945363,0.49020589872008913
28,0.6,0.5,100,0.49993322203672796,0.49020589872008913
28,0.6,0.3,100,0.46313856427378974,0.49020589872008913
28,0.6,1,7,0.4912629864089878,0.49020589872008913
28,0.6,0.7,7,0.4927210424933628,0.49020589872008913
28,0.6,0.5,7,0.500733569087466,0.49020589872008913
28,0.6,0.3,7,0.4853696052103508,0.49020589872008913
28,0.6,1,5,0.4809240250819672,0.49020589872008913
28,0.6,0.7,5,0.526604565037855,0.49020589872008913
28,0.6,0.5,5,0.47202736631405867,0.49020589872008913
28,0.6,0.3,5,0.4799633417956159,0.49020589872008913
28,0.6,1,3,0.4950019260245589,0.49020589872008913
28,0.6,0.7,3,0.4787693335588151,0.49020589872008913
28,0.6,0.5,3,0.46709218223916477,0.49020589872008913
28,0.6,0.3,3,0.43500275056909044,0.49020589872008913
29,0.6,1,100,0.4534965468677165,0.49750695603784095
29,0.6,0.7,100,0.4606343906510852,0.49750695603784095
29,0.6,0.5,100,0.4655870895937675,0.49750695603784095
29,0.6,0.3,100,0.4593656093489149,0.49750695603784095
29,0.6,1,7,0.429696708436478,0.49750695603784095
29,0.6,0.7,7,0.47879447480965265,0.49750695603784095
29,0.6,0.5,7,0.48132350018064707,0.49750695603784095
29,0.6,0.3,7,0.48613713373109235,0.49750695603784095
29,0.6,1,5,0.48278219414067775,0.49750695603784095
29,0.6,0.7,5,0.4878204530422262,0.49750695603784095
29,0.6,0.5,5,0.4804599662073256,0.49750695603784095
29,0.6,0.3,5,0.5165950238083139,0.49750695603784095
29,0.6,1,3,0.4830204740668515,0.49750695603784095
29,0.6,0.7,3,0.49421378361123014,0.49750695603784095
29,0.6,0.5,3,0.4642023347903918,0.49750695603784095
29,0.6,0.3,3,0.40667203075454084,0.49750695603784095
30,0.6,1,100,0.462638394474375,0.47667223149693944
30,0.6,0.7,100,0.4843299143721939,0.47667223149693944
30,0.6,0.5,100,0.46595010002990617,0.47667223149693944
30,0.6,0.3,100,0.509415692821369,0.47667223149693944
30,0.6,1,7,0.4956939003688811,0.47667223149693944
30,0.6,0.7,7,0.48158772049841253,0.47667223149693944
30,0.6,0.5,7,0.4942762325077042,0.47667223149693944
30,0.6,0.3,7,0.511954979714717,0.47667223149693944
30,0.6,1,5,0.48004700258915767,0.47667223149693944
30,0.6,0.7,5,0.49742286864510354,0.47667223149693944
30,0.6,0.5,5,0.4836529192727249,0.47667223149693944
30,0.6,0.3,5,0.5031753426382224,0.47667223149693944
30,0.6,1,3,0.4330110897689063,0.47667223149693944
30,0.6,0.7,3,0.493698928431043,0.47667223149693944
30,0.6,0.5,3,0.42076262720907404,0.47667223149693944
30,0.6,0.3,3,0.40425691946605125,0.47667223149693944
31,0.6,1,100,0.399741772970724,0.48366856891831334
31,0.6,0.7,100,0.4171508069003896,0.48366856891831334
31,0.6,0.5,100,0.42057874234835846,0.48366856891831334
31,0.6,0.3,100,0.42133555926544247,0.48366856891831334
31,0.6,1,7,0.3803367440251166,0.48366856891831334
31,0.6,0.7,7,0.4126920882502693,0.48366856891831334
31,0.6,0.5,7,0.43363232332424967,0.48366856891831334
31,0.6,0.3,7,0.443377928592484,0.48366856891831334
31,0.6,1,5,0.42948970306499445,0.48366856891831334
31,0.6,0.7,5,0.45707570179997065,0.48366856891831334
31,0.6,0.5,5,0.4596153725455167,0.48366856891831334
31,0.6,0.3,5,0.4190028468405922,0.48366856891831334
31,0.6,1,3,0.3967658493719885,0.48366856891831334
31,0.6,0.7,3,0.4568843422510794,0.48366856891831334
31,0.6,0.5,3,0.38875253606092824,0.48366856891831334
31,0.6,0.3,3,0.36330694446697576,0.48366856891831334
32,0.6,1,100,0.427292873301769,0.5375069560378409
32,0.6,0.7,100,0.4397328881469116,0.5375069560378409
32,0.6,0.5,100,0.4523539232053423,0.5375069560378409
32,0.6,0.3,100,0.488658875904285,0.5375069560378409
32,0.6,1,7,0.44103257705515325,0.5375069560378409
32,0.6,0.7,7,0.4523220581286511,0.5375069560378409
32,0.6,0.5,7,0.459114211913701,0.5375069560378409
32,0.6,0.3,7,0.44532152222875454,0.5375069560378409
32,0.6,1,5,0.4561531728752358,0.5375069560378409
32,0.6,0.7,5,0.46745379298745304,0.5375069560378409
32,0.6,0.5,5,0.45342034457072,0.5375069560378409
32,0.6,0.3,5,0.4595113021151259,0.5375069560378409
32,0.6,1,3,0.480531280255016,0.5375069560378409
32,0.6,0.7,3,0.43568934674714743,0.5375069560378409
32,0.6,0.5,3,0.46663099544863185,0.5375069560378409
32,0.6,0.3,3,0.3956084284933795,0.5375069560378409
33,0.6,1,100,0.4224093184165455,0.4400469674356808
33,0.6,0.7,100,0.39662325159655926,0.4400469674356808
33,0.6,0.5,100,0.44064552031163057,0.4400469674356808
33,0.6,0.3,100,0.4094379521424597,0.4400469674356808
33,0.6,1,7,0.4436185139904235,0.4400469674356808
33,0.6,0.7,7,0.42195446670475745,0.4400469674356808
33,0.6,0.5,7,0.43759362236280824,0.4400469674356808
33,0.6,0.3,7,0.3927961779354539,0.4400469674356808
33,0.6,1,5,0.43804751948142073,0.4400469674356808
33,0.6,0.7,5,0.40723597090785163,0.4400469674356808
33,0.6,0.5,5,0.39922222645610095,0.4400469674356808
33,0.6,0.3,5,0.427124296090115,0.4400469674356808
33,0.6,1,3,0.4149995036013867,0.4400469674356808
33,0.6,0.7,3,0.42763091167745243,0.4400469674356808
33,0.6,0.5,3,0.3690167443510391,0.4400469674356808
33,0.6,0.3,3,0.3105831209114166,0.4400469674356808
34,0.6,1,100,0.4610562800965031,0.5037618252643296
34,0.6,0.7,100,0.4425808032438314,0.5037618252643296
34,0.6,0.5,100,0.47683917640511975,0.5037618252643296
34,0.6,0.3,100,0.4925876460767947,0.5037618252643296
34,0.6,1,7,0.5087667628587791,0.5037618252643296
34,0.6,0.7,7,0.4785731425781614,0.5037618252643296
34,0.6,0.5,7,0.5025877025254711,0.5037618252643296
34,0.6,0.3,7,0.4675308280999293,0.5037618252643296
34,0.6,1,5,0.47284756790326543,0.5037618252643296
34,0.6,0.7,5,0.48632784097551807,0.5037618252643296
34,0.6,0.5,5,0.4638883426064407,0.5037618252643296
34,0.6,0.3,5,0.47367981679645155,0.5037618252643296
34,0.6,1,3,0.4488043233974607,0.5037618252643296
34,0.6,0.7,3,0.47279491197362433,0.5037618252643296
34,0.6,0.5,3,0.4763858295332899,0.5037618252643296
34,0.6,0.3,3,0.3869630605322139,0.5037618252643296
35,0.6,1,100,0.45786890166819677,0.49492487479131897
35,0.6,0.7,100,0.5012423518170539,0.49492487479131897
35,0.6,0.5,100,0.4713188647746244,0.49492487479131897
35,0.6,0.3,100,0.5060211463550363,0.49492487479131897
35,0.6,1,7,0.45786427624849285,0.49492487479131897
35,0.6,0.7,7,0.47809418895933065,0.49492487479131897
35,0.6,0.5,7,0.5030513674106162,0.49492487479131897
35,0.6,0.3,7,0.47590008999786443,0.49492487479131897
35,0.6,1,5,0.5021057981186493,0.49492487479131897
35,0.6,0.7,5,0.4459359322852,0.49492487479131897
35,0.6,0.5,5,0.4843412732833778,0.49492487479131897
35,0.6,0.3,5,0.4687430771550467,0.49492487479131897
35,0.6,1,3,0.4993540263003942,0.49492487479131897
35,0.6,0.7,3,0.47536577959410786,0.49492487479131897
35,0.6,0.5,3,0.4484907052580936,0.49492487479131897
35,0.6,0.3,3,0.3828418237202472,0.49492487479131897
36,0.6,1,100,0.43986308685357295,0.5347579298831386
36,0.6,0.7,100,0.46653570693937146,0.5347579298831386
36,0.6,0.5,100,0.46341680578742356,0.5347579298831386
36,0.6,0.3,100,0.4362715637173067,0.5347579298831386
36,0.6,1,7,0.4796956853235278,0.5347579298831386
36,0.6,0.7,7,0.47851385110867417,0.5347579298831386
36,0.6,0.5,7,0.47151303792069593,0.5347579298831386
36,0.6,0.3,7,0.5016020480543442,0.5347579298831386
36,0.6,1,5,0.47703110290370376,0.5347579298831386
36,0.6,0.7,5,0.48063596769861505,0.5347579298831386
36,0.6,0.5,5,0.4804925869692603,0.5347579298831386
36,0.6,0.3,5,0.4261631864125257,0.5347579298831386
36,0.6,1,3,0.44940673224397765,0.5347579298831386
36,0.6,0.7,3,0.4391247298770846,0.5347579298831386
36,0.6,0.5,3,0.4268843194521231,0.5347579298831386
36,0.6,0.3,3,0.3782942042729668,0.5347579298831386
37,0.6,1,100,0.49677730522665575,0.5174360529682049
37,0.6,0.7,100,0.5046828829231338,0.5174360529682049
37,0.6,0.5,100,0.48983861992209243,0.5174360529682049
37,0.6,0.3,100,0.4931775180856985,0.5174360529682049
37,0.6,1,7,0.5078848742768752,0.5174360529682049
37,0.6,0.7,7,0.5274271392053154,0.5174360529682049
37,0.6,0.5,7,0.4880175570616871,0.5174360529682049
37,0.6,0.3,7,0.4848354509612533,0.5174360529682049
37,0.6,1,5,0.5102112636431613,0.5174360529682049
37,0.6,0.7,5,0.4876120381520067,0.5174360529682049
37,0.6,0.5,5,0.4765977353480048,0.5174360529682049
37,0.6,0.3,5,0.4755498953996524,0.5174360529682049
37,0.6,1,3,0.496949830140862,0.5174360529682049
37,0.6,0.7,3,0.49532844171102053,0.5174360529682049
37,0.6,0.5,3,0.48715280787512727,0.5174360529682049
37,0.6,0.3,3,0.3534157680060661,0.5174360529682049
38,0.6,1,100,0.44941988890979945,0.502326099053979
38,0.6,0.7,100,0.4472522182883709,0.502326099053979
38,0.6,0.5,100,0.47492487479131895,0.502326099053979
38,0.6,0.3,100,0.45568169170840295,0.502326099053979
38,0.6,1,7,0.46650139460823664,0.502326099053979
38,0.6,0.7,7,0.44743752189348274,0.502326099053979
38,0.6,0.5,7,0.45964538613548556,0.502326099053979
38,0.6,0.3,7,0.47741852627363446,0.502326099053979
38,0.6,1,5,0.5087029940284968,0.502326099053979
38,0.6,0.7,5,0.48841209372249594,0.502326099053979
38,0.6,0.5,5,0.4839949409451599,0.502326099053979
38,0.6,0.3,5,0.4615738072613482,0.502326099053979
38,0.6,1,3,0.4826208479904271,0.502326099053979
38,0.6,0.7,3,0.4315981718182654,0.502326099053979
38,0.6,0.5,3,0.4545647329453598,0.502326099053979
38,0.6,0.3,3,0.40358181146225225,0.502326099053979
39,0.6,1,100,0.41562400452828874,0.43311074012242634
39,0.6,0.7,100,0.46758876675613514,0.43311074012242634
39,0.6,0.5,100,0.4509738452977185,0.43311074012242634
39,0.6,0.3,100,0.4109070673344464,0.43311074012242634
39,0.6,1,7,0.4377434966767394,0.43311074012242634
39,0.6,0.7,7,0.43505689402578157,0.43311074012242634
39,0.6,0.5,7,0.46373423815631704,0.43311074012242634
39,0.6,0.3,7,0.42778174158107973,0.43311074012242634
39,0.6,1,5,0.474277471767964,0.43311074012242634
39,0.6,0.7,5,0.4446285345433492,0.43311074012242634
39,0.6,0.5,5,0.4361261797053862,0.43311074012242634
39,0.6,0.3,5,0.4854971652014903,0.43311074012242634
39,0.6,1,3,0.44244735106438215,0.43311074012242634
39,0.6,0.7,3,0.4535842863652216,0.43311074012242634
39,0.6,0.5,3,0.44092107797639973,0.43311074012242634
39,0.6,0.3,3,0.37649394807418024,0.43311074012242634
40,0.6,1,100,0.43244614295945,0.4457651641624931
40,0.6,0.7,100,0.42319218024997096,0.4457651641624931
40,0.6,0.5,100,0.46890372843628275,0.4457651641624931
40,0.6,0.3,100,0.46624373956594334,0.4457651641624931
40,0.6,1,7,0.44130879706210413,0.4457651641624931
40,0.6,0.7,7,0.4576725130773012,0.4457651641624931
40,0.6,0.5,7,0.45664068403685254,0.4457651641624931
40,0.6,0.3,7,0.459307352578013,0.4457651641624931
40,0.6,1,5,0.4503412433398145,0.4457651641624931
40,0.6,0.7,5,0.4230194942863844,0.4457651641624931
40,0.6,0.5,5,0.45343160718246656,0.4457651641624931
40,0.6,0.3,5,0.44847309835361837,0.4457651641624931
40,0.6,1,3,0.43143963575691713,0.4457651641624931
40,0.6,0.7,3,0.4744442650351163,0.4457651641624931
40,0.6,0.5,3,0.46795409647569536,0.4457651641624931
40,0.6,0.3,3,0.3779715719354289,0.4457651641624931
41,0.6,1,100,0.48157510033093376,0.5275459098497497
41,0.6,0.7,100,0.48662455846768543,0.5275459098497497
41,0.6,0.5,100,0.5166833611574848,0.5275459098497497
41,0.6,0.3,100,0.5048636616583195,0.5275459098497497
41,0.6,1,7,0.48147285425900077,0.5275459098497497
41,0.6,0.7,7,0.5140260755662239,0.5275459098497497
41,0.6,0.5,7,0.4950054042484056,0.5275459098497497
41,0.6,0.3,7,0.4758451057373697,0.5275459098497497
41,0.6,1,5,0.5156893351251833,0.5275459098497497
41,0.6,0.7,5,0.48052327170024073,0.5275459098497497
41,0.6,0.5,5,0.4888288146724727,0.5275459098497497
41,0.6,0.3,5,0.49950938000912387,0.5275459098497497
41,0.6,1,3,0.5007150338038948,0.5275459098497497
41,0.6,0.7,3,0.49254581344142173,0.5275459098497497
41,0.6,0.5,3,0.48990869454235614,0.5275459098497497
41,0.6,0.3,3,0.3834626130452337,0.5275459098497497
42,0.6,1,100,0.4094196819032937,0.4796104618809127
42,0.6,0.7,100,0.4440765402505695,0.4796104618809127
42,0.6,0.5,100,0.4549137451307736,0.4796104618809127
42,0.6,0.3,100,0.43776293823038404,0.4796104618809127
42,0.6,1,7,0.4042123248095532,0.4796104618809127
42,0.6,0.7,7,0.4574155791972742,0.4796104618809127
42,0.6,0.5,7,0.45631323809151975,0.4796104618809127
42,0.6,0.3,7,0.44189071128112095,0.4796104618809127
42,0.6,1,5,0.43146046857765114,0.4796104618809127
42,0.6,0.7,5,0.4495497247731462,0.4796104618809127
42,0.6,0.5,5,0.4862931022400464,0.4796104618809127
42,0.6,0.3,5,0.4143271886833894,0.4796104618809127
42,0.6,1,3,0.462644454972559,0.4796104618809127
42,0.6,0.7,3,0.446543643263405,0.4796104618809127
42,0.6,0.5,3,0.4310670376642702,0.4796104618809127
42,0.6,0.3,3,0.3614591804243583,0.4796104618809127
43,0.6,1,100,0.48149439973845876,0.4524095715080691
43,0.6,0.7,100,0.49246231162641746,0.4524095715080691
43,0.6,0.5,100,0.45444629938786874,0.4524095715080691
43,0.6,0.3,100,0.48873678352810246,0.4524095715080691
43,0.6,1,7,0.49254466047852674,0.4524095715080691
43,0.6,0.7,7,0.519484948753631,0.4524095715080691
43,0.6,0.5,7,0.5029673952724616,0.4524095715080691
43,0.6,0.3,7,0.5034805218432478,0.4524095715080691
43,0.6,1,5,0.4784464110614562,0.4524095715080691
43,0.6,0.7,5,0.506791396734471,0.4524095715080691
43,0.6,0.5,5,0.5100525140075254,0.4524095715080691
43,0.6,0.3,5,0.4972228001683575,0.4524095715080691
43,0.6,1,3,0.5068112054590456,0.4524095715080691
43,0.6,0.7,3,0.4875458937665381,0.4524095715080691
43,0.6,0.5,3,0.4830936355082115,0.4524095715080691
43,0.6,0.3,3,0.41411013423519216,0.4524095715080691
44,0.6,1,100,0.43025660373623675,0.4805898720089038
44,0.6,0.7,100,0.3966722314969394,0.4805898720089038
44,0.6,0.5,100,0.4909515859766278,0.4805898720089038
44,0.6,0.3,100,0.45986644407345584,0.4805898720089038
44,0.6,1,7,0.436259820055065,0.4805898720089038
44,0.6,0.7,7,0.4599663593835421,0.4805898720089038
44,0.6,0.5,7,0.41335236622855714,0.4805898720089038
44,0.6,0.3,7,0.44363606081711776,0.4805898720089038
44,0.6,1,5,0.4320157715186808,0.4805898720089038
44,0.6,0.7,5,0.451956312974824,0.4805898720089038
44,0.6,0.5,5,0.43464303804246945,0.4805898720089038
44,0.6,0.3,5,0.44067565678778847,0.4805898720089038
44,0.6,1,3,0.40885501837785715,0.4805898720089038
44,0.6,0.7,3,0.4344347738893095,0.4805898720089038
44,0.6,0.5,3,0.4321683049418171,0.4805898720089038
44,0.6,0.3,3,0.35460445697690396,0.4805898720089038
45,0.6,1,100,0.5039729614409479,0.4887590428491932
45,0.6,0.7,100,0.5224342837865434,0.4887590428491932
45,0.6,0.5,100,0.5294045631608236,0.4887590428491932
45,0.6,0.3,100,0.5500834724540903,0.4887590428491932
45,0.6,1,7,0.5189927749699228,0.4887590428491932
45,0.6,0.7,7,0.5466031386462978,0.4887590428491932
45,0.6,0.5,7,0.544198911885928,0.4887590428491932
45,0.6,0.3,7,0.5648612600801401,0.4887590428491932
45,0.6,1,5,0.5435683410088652,0.4887590428491932
45,0.6,0.7,5,0.5370796006700764,0.4887590428491932
45,0.6,0.5,5,0.5062231491326133,0.4887590428491932
45,0.6,0.3,5,0.5564070030156374,0.4887590428491932
45,0.6,1,3,0.5423401943569173,0.4887590428491932
45,0.6,0.7,3,0.5651365015110376,0.4887590428491932
45,0.6,0.5,3,0.5347203515546843,0.4887590428491932
45,0.6,0.3,3,0.4521305557507323,0.4887590428491932
46,0.6,1,100,0.4437393460262216,0.46306750992808615
46,0.6,0.7,100,0.46799109627156377,0.46306750992808615
46,0.6,0.5,100,0.4584195882025599,0.46306750992808615
46,0.6,0.3,100,0.4506399554813579,0.46306750992808615
46,0.6,1,7,0.4579197606215077,0.46306750992808615
46,0.6,0.7,7,0.48831343881667333,0.46306750992808615
46,0.6,0.5,7,0.4335522115664957,0.46306750992808615
46,0.6,0.3,7,0.45695371636819476,0.46306750992808615
46,0.6,1,5,0.47296670719337297,0.46306750992808615
46,0.6,0.7,5,0.4655795038265128,0.46306750992808615
46,0.6,0.5,5,0.43430215225285634,0.46306750992808615
46,0.6,0.3,5,0.4748480503550246,0.46306750992808615
46,0.6,1,3,0.4531933489683475,0.46306750992808615
46,0.6,0.7,3,0.4926778510217359,0.46306750992808615
46,0.6,0.5,3,0.4484924696568687,0.46306750992808615
46,0.6,0.3,3,0.38487674322670545,0.46306750992808615
47,0.6,1,100,0.4446027592780075,0.46528231853913704
47,0.6,0.7,100,0.5162480488330842,0.46528231853913704
47,0.6,0.5,100,0.4750250417362271,0.46528231853913704
47,0.6,0.3,100,0.46979410127991106,0.46528231853913704
47,0.6,1,7,0.48375770857144523,0.46528231853913704
47,0.6,0.7,7,0.49045105520651117,0.46528231853913704
47,0.6,0.5,7,0.49353561482953034,0.46528231853913704
47,0.6,0.3,7,0.4798036857681631,0.46528231853913704
47,0.6,1,5,0.44976723387268663,0.46528231853913704
47,0.6,0.7,5,0.4701435006648457,0.46528231853913704
47,0.6,0.5,5,0.49498664307653484,0.46528231853913704
47,0.6,0.3,5,0.4759927230692141,0.46528231853913704
47,0.6,1,3,0.44105891392840774,0.46528231853913704
47,0.6,0.7,3,0.5005344455285486,0.46528231853913704
47,0.6,0.5,3,0.4725042044419985,0.46528231853913704
47,0.6,0.3,3,0.3940846145301453,0.46528231853913704
48,0.6,1,100,0.4578729032658939,0.5123205342237063
48,0.6,0.7,100,0.45712679851452215,0.5123205342237063
48,0.6,0.5,100,0.4424262659988871,0.5123205342237063
48,0.6,0.3,100,0.45782971619365614,0.5123205342237063
48,0.6,1,7,0.4396620086542297,0.5123205342237063
48,0.6,0.7,7,0.44401252557171506,0.5123205342237063
48,0.6,0.5,7,0.4918995449607252,0.5123205342237063
48,0.6,0.3,7,0.4469110028314087,0.5123205342237063
48,0.6,1,5,0.44777128961973384,0.5123205342237063
48,0.6,0.7,5,0.44567350161983815,0.5123205342237063
48,0.6,0.5,5,0.47926391796826984,0.5123205342237063
48,0.6,0.3,5,0.43137008463279825,0.5123205342237063
48,0.6,1,3,0.4763260235818557,0.5123205342237063
48,0.6,0.7,3,0.42163453735433115,0.5123205342237063
48,0.6,0.5,3,0.43858776635950497,0.5123205342237063
48,0.6,0.3,3,0.35023011099719664,0.5123205342237063
49,0.6,1,100,0.45637891014238874,0.5511185308848081
49,0.6,0.7,100,0.49589030430345626,0.5511185308848081
49,0.6,0.5,100,0.49984418475236514,0.5511185308848081
49,0.6,0.3,100,0.5200111296605454,0.5511185308848081
49,0.6,1,7,0.4737331429839779,0.5511185308848081
49,0.6,0.7,7,0.4953107166718065,0.5511185308848081
49,0.6,0.5,7,0.5104367613804273,0.5511185308848081
49,0.6,0.3,7,0.5474367254962209,0.5511185308848081
49,0.6,1,5,0.5126450429817258,0.5511185308848081
49,0.6,0.7,5,0.5170376264028276,0.5511185308848081
49,0.6,0.5,5,0.5070218478191495,0.5511185308848081
49,0.6,0.3,5,0.49866023582114477,0.5511185308848081
49,0.6,1,3,0.4874262399509746,0.5511185308848081
49,0.6,0.7,3,0.49653639935591154,0.5511185308848081
49,0.6,0.5,3,0.5086179602730252,0.5511185308848081
49,0.6,0.3,3,0.39928638805548566,0.5511185308848081
50,0.6,1,100,0.46939722182349514,0.547968836950473
50,0.6,0.7,100,0.5023318470775113,0.547968836950473
50,0.6,0.5,100,0.4993878686700056,0.547968836950473
50,0.6,0.3,100,0.526455203116305,0.547968836950473
50,0.6,1,7,0.5038711734418916,0.547968836950473
50,0.6,0.7,7,0.5125050275413493,0.547968836950473
50,0.6,0.5,7,0.5325264666767985,0.547968836950473
50,0.6,0.3,7,0.545693793702568,0.547968836950473
50,0.6,1,5,0.49327392622580823,0.547968836950473
50,0.6,0.7,5,0.5043618352004235,0.547968836950473
50,0.6,0.5,5,0.525521117997314,0.547968836950473
50,0.6,0.3,5,0.5079699767772016,0.547968836950473
50,0.6,1,3,0.5320816924466092,0.547968836950473
50,0.6,0.7,3,0.517873366016939,0.547968836950473
50,0.6,0.5,3,0.5123860713720397,0.547968836950473
50,0.6,0.3,3,0.4390502242905769,0.547968836950473
51,0.6,1,100,0.43003440013009225,0.5122871452420702
51,0.6,0.7,100,0.41658991817055574,0.5122871452420702
51,0.6,0.5,100,0.4177740678909294,0.5122871452420702
51,0.6,0.3,100,0.4307846410684475,0.5122871452420702
51,0.6,1,7,0.38226935965961634,0.5122871452420702
51,0.6,0.7,7,0.389205653492814,0.5122871452420702
51,0.6,0.5,7,0.38495760634476317,0.5122871452420702
51,0.6,0.3,7,0.42643933969658676,0.5122871452420702
51,0.6,1,5,0.37171352709498184,0.5122871452420702
51,0.6,0.7,5,0.4024533604865179,0.5122871452420702
51,0.6,0.5,5,0.4331920464469211,0.5122871452420702
51,0.6,0.3,5,0.4237580612410001,0.5122871452420702
51,0.6,1,3,0.3985679211851796,0.5122871452420702
51,0.6,0.7,3,0.40737587219717475,0.5122871452420702
51,0.6,0.5,3,0.419863134261902,0.5122871452420702
51,0.6,0.3,3,0.3125592614592683,0.5122871452420702
52,0.6,1,100,0.4339079346165636,0.4918308291597107
52,0.6,0.7,100,0.4312811109674763,0.4918308291597107
52,0.6,0.5,100,0.45417918753478026,0.4918308291597107
52,0.6,0.3,100,0.45484696716750145,0.4918308291597107
52,0.6,1,7,0.45484756870366494,0.4918308291597107
52,0.6,0.7,7,0.44526599222571384,0.4918308291597107
52,0.6,0.5,7,0.46258185314437295,0.4918308291597107
52,0.6,0.3,7,0.4451329998517386,0.4918308291597107
52,0.6,1,5,0.42884790091455777,0.4918308291597107
52,0.6,0.7,5,0.44519754417994273,0.4918308291597107
52,0.6,0.5,5,0.44605204468974863,0.4918308291597107
52,0.6,0.3,5,0.44599925133961443,0.4918308291597107
52,0.6,1,3,0.46517550356340803,0.4918308291597107
52,0.6,0.7,3,0.4458941573457183,0.4918308291597107
52,0.6,0.5,3,0.375053536940939,0.4918308291597107
52,0.6,0.3,3,0.33116871966963085,0.4918308291597107
53,0.6,1,100,0.4210110650288157,0.49514746800222603
53,0.6,0.7,100,0.471274346132443,0.49514746800222603
53,0.6,0.5,100,0.4560712298274903,0.49514746800222603
53,0.6,0.3,100,0.4590873678352811,0.49514746800222603
53,0.6,1,7,0.44468182994542343,0.49514746800222603
53,0.6,0.7,7,0.4621370347151819,0.49514746800222603
53,0.6,0.5,7,0.459472167277439,0.49514746800222603
53,0.6,0.3,7,0.48766815261550184,0.49514746800222603
53,0.6,1,5,0.4523850648706926,0.49514746800222603
53,0.6,0.7,5,0.4678909874198608,0.49514746800222603
53,0.6,0.5,5,0.4631935029823495,0.49514746800222603
53,0.6,0.3,5,0.44790718107574734,0.49514746800222603
53,0.6,1,3,0.4592186311454603,0.49514746800222603
53,0.6,0.7,3,0.4459147989814432,0.49514746800222603
53,0.6,0.5,3,0.4594629550675451,0.49514746800222603
53,0.6,0.3,3,0.36775604738487305,0.49514746800222603
54,0.6,1,100,0.44317066353705226,0.4906622148024486
54,0.6,0.7,100,0.43519876237998845,0.4906622148024486
54,0.6,0.5,100,0.4716818911590077,0.4906622148024486
54,0.6,0.3,100,0.5138119087367836,0.4906622148024486
54,0.6,1,7,0.40904445383382915,0.4906622148024486
54,0.6,0.7,7,0.4408892498918503,0.4906622148024486
54,0.6,0.5,7,0.48153292681489007,0.4906622148024486
54,0.6,0.3,7,0.5088141449018113,0.4906622148024486
54,0.6,1,5,0.4685261520764913,0.4906622148024486
54,0.6,0.7,5,0.47777709370433746,0.4906622148024486
54,0.6,0.5,5,0.4652705677773921,0.4906622148024486
54,0.6,0.3,5,0.4577765266681402,0.4906622148024486
54,0.6,1,3,0.44825793472125625,0.4906622148024486
54,0.6,0.7,3,0.4569690867335466,0.4906622148024486
54,0.6,0.5,3,0.4230495923738149,0.4906622148024486
54,0.6,0.3,3,0.3747978591886082,0.4906622148024486
55,0.6,1,100,0.4208001297813913,0.5286366165831943
55,0.6,0.7,100,0.4057829877116089,0.5286366165831943
55,0.6,0.5,100,0.4572287145242071,0.5286366165831943
55,0.6,0.3,100,0.43306622148024493,0.5286366165831943
55,0.6,1,7,0.43386225320546856,0.5286366165831943
55,0.6,0.7,7,0.4198900786121135,0.5286366165831943
55,0.6,0.5,7,0.4313192746198047,0.5286366165831943
55,0.6,0.3,7,0.45175620518668896,0.5286366165831943
55,0.6,1,5,0.4118164536603449,0.5286366165831943
55,0.6,0.7,5,0.421865177713,0.5286366165831943
55,0.6,0.5,5,0.4556325843748322,0.5286366165831943
55,0.6,0.3,5,0.43417452040983745,0.5286366165831943
55,0.6,1,3,0.4399923133612661,0.5286366165831943
55,0.6,0.7,3,0.4055201022387974,0.5286366165831943
55,0.6,0.5,3,0.40706099469080653,0.5286366165831943
55,0.6,0.3,3,0.3345694011234167,0.5286366165831943
56,0.6,1,100,0.40801162415129544,0.4443183082915972
56,0.6,0.7,100,0.4207122982749027,0.4443183082915972
56,0.6,0.5,100,0.4419476905954369,0.4443183082915972
56,0.6,0.3,100,0.4194435169727324,0.4443183082915972
56,0.6,1,7,0.40216759993489737,0.4443183082915972
56,0.6,0.7,7,0.46283829228610357,0.4443183082915972
56,0.6,0.5,7,0.47055247261486804,0.4443183082915972
56,0.6,0.3,7,0.46919026309480216,0.4443183082915972
56,0.6,1,5,0.4267601217171668,0.4443183082915972
56,0.6,0.7,5,0.4220342008900312,0.4443183082915972
56,0.6,0.5,5,0.4092732054372324,0.4443183082915972
56,0.6,0.3,5,0.4515223120018847,0.4443183082915972
56,0.6,1,3,0.4583966684611508,0.4443183082915972
56,0.6,0.7,3,0.4261679763429939,0.4443183082915972
56,0.6,0.5,3,0.4239669902737084,0.4443183082915972
56,0.6,0.3,3,0.3768132004314309,0.4443183082915972
57,0.6,1,100,0.42839850878693353,0.4472188292138325
57,0.6,0.7,100,0.41125208681135234,0.4472188292138325
57,0.6,0.5,100,0.413478018920423,0.4472188292138325
57,0.6,0.3,100,0.402392877017251,0.4472188292138325
57,0.6,1,7,0.41378797187537664,0.4472188292138325
57,0.6,0.7,7,0.4163804976393459,0.4472188292138325
57,0.6,0.5,7,0.4530229605958744,0.4472188292138325
57,0.6,0.3,7,0.3931479308832131,0.4472188292138325
57,0.6,1,5,0.4155210573241332,0.4472188292138325
57,0.6,0.7,5,0.4097263429551848,0.4472188292138325
57,0.6,0.5,5,0.42568064933508093,0.4472188292138325
57,0.6,0.3,5,0.42913622625512654,0.4472188292138325
57,0.6,1,3,0.39524019588435444,0.4472188292138325
57,0.6,0.7,3,0.429436409652191,0.4472188292138325
57,0.6,0.5,3,0.4013389154815533,0.4472188292138325
57,0.6,0.3,3,0.3341187932539243,0.4472188292138325
58,0.6,1,100,0.4052937246727024,0.4928213689482472
58,0.6,0.7,100,0.411579427731977,0.4928213689482472
58,0.6,0.5,100,0.409226488592098,0.4928213689482472
58,0.6,0.3,100,0.43107401224262665,0.4928213689482472
58,0.6,1,7,0.38370713132212114,0.4928213689482472
58,0.6,0.7,7,0.4492511692299557,0.4928213689482472
58,0.6,0.5,7,0.4579722969041043,0.4928213689482472
58,0.6,0.3,7,0.3989609313955214,0.4928213689482472
58,0.6,1,5,0.4517581094444865,0.4928213689482472
58,0.6,0.7,5,0.46140603375335926,0.4928213689482472
58,0.6,0.5,5,0.43116229192681316,0.4928213689482472
58,0.6,0.3,5,0.45064224019147003,0.4928213689482472
58,0.6,1,3,0.4292715919350145,0.4928213689482472
58,0.6,0.7,3,0.4299380760600743,0.4928213689482472
58,0.6,0.5,3,0.4095257263095248,0.4928213689482472
58,0.6,0.3,3,0.3691492786683961,0.4928213689482472
59,0.6,1,100,0.4674373500720594,0.5210795770728993
59,0.6,0.7,100,0.47950717047033564,0.5210795770728993
59,0.6,0.5,100,0.4939788536449639,0.5210795770728993
59,0.6,0.3,100,0.49693934335002793,0.5210795770728993
59,0.6,1,7,0.5052645440697334,0.5210795770728993
59,0.6,0.7,7,0.47611077406370755,0.5210795770728993
59,0.6,0.5,7,0.5078636548586563,0.5210795770728993
59,0.6,0.3,7,0.4686381769698343,0.5210795770728993
59,0.6,1,5,0.5096847117647187,0.5210795770728993
59,0.6,0.7,5,0.49012262776179033,0.5210795770728993
59,0.6,0.5,5,0.46969684351493396,0.5210795770728993
59,0.6,0.3,5,0.5034839940722677,0.5210795770728993
59,0.6,1,3,0.510398030206216,0.5210795770728993
59,0.6,0.7,3,0.47876068755580636,0.5210795770728993
59,0.6,0.5,3,0.47990501881966174,0.5210795770728993
59,0.6,0.3,3,0.40169202076318733,0.5210795770728993
60,0.6,1,100,0.4199030498352949,0.5395102949360046
60,0.6,0.7,100,0.41065779259422347,0.5395102949360046
60,0.6,0.5,100,0.40846967167501397,0.5395102949360046
60,0.6,0.3,100,0.3983305509181971,0.5395102949360046
60,0.6,1,7,0.43770536853767894,0.5395102949360046
60,0.6,0.7,7,0.4410122597306337,0.5395102949360046
60,0.6,0.5,7,0.45039226901123547,0.5395102949360046
60,0.6,0.3,7,0.42428798439773074,0.5395102949360046
60,0.6,1,5,0.4038257776929142,0.5395102949360046
60,0.6,0.7,5,0.44887942367735856,0.5395102949360046
60,0.6,0.5,5,0.44811840487012694,0.5395102949360046
60,0.6,0.3,5,0.42844403923610425,0.5395102949360046
60,0.6,1,3,0.4575822407353134,0.5395102949360046
60,0.6,0.7,3,0.4307979997861867,0.5395102949360046
60,0.6,0.5,3,0.38438738951376034,0.5395102949360046
60,0.6,0.3,3,0.3288575443740844,0.5395102949360046
61,0.6,1,100,0.4012510939971158,0.4937673900946022
61,0.6,0.7,100,0.4431564918116537,0.4937673900946022
61,0.6,0.5,100,0.4347356705620479,0.4937673900946022
61,0.6,0.3,100,0.4316861435726211,0.4937673900946022
61,0.6,1,7,0.4330094017728161,0.4937673900946022
61,0.6,0.7,7,0.45865573939763454,0.4937673900946022
61,0.6,0.5,7,0.45422010029274307,0.4937673900946022
61,0.6,0.3,7,0.44984596256921927,0.4937673900946022
61,0.6,1,5,0.423318546183143,0.4937673900946022
61,0.6,0.7,5,0.4639118098950023,0.4937673900946022
61,0.6,0.5,5,0.4459013602781396,0.4937673900946022
61,0.6,0.3,5,0.4158281685898251,0.4937673900946022
61,0.6,1,3,0.4577029715100346,0.4937673900946022
61,0.6,0.7,3,0.49544932741785924,0.4937673900946022
61,0.6,0.5,3,0.40853703608373265,0.4937673900946022
61,0.6,0.3,3,0.2876207231443839,0.4937673900946022
62,0.6,1,100,0.4541102452980297,0.5005230940456317
62,0.6,0.7,100,0.46351269758859887,0.5005230940456317
62,0.6,0.5,100,0.4908291597106289,0.5005230940456317
62,0.6,0.3,100,0.464785754034502,0.5005230940456317
62,0.6,1,7,0.4912097050608445,0.5005230940456317
62,0.6,0.7,7,0.47783075730155816,0.5005230940456317
62,0.6,0.5,7,0.5026679214150551,0.5005230940456317
62,0.6,0.3,7,0.4894472593742145,0.5005230940456317
62,0.6,1,5,0.47252833267806066,0.5005230940456317
62,0.6,0.7,5,0.49541584208257955,0.5005230940456317
62,0.6,0.5,5,0.4854419559291025,0.5005230940456317
62,0.6,0.3,5,0.44589182157104984,0.5005230940456317
62,0.6,1,3,0.4773005785073917,0.5005230940456317
62,0.6,0.7,3,0.47093946757289384,0.5005230940456317
62,0.6,0.5,3,0.5122046716263451,0.5005230940456317
62,0.6,0.3,3,0.4061253449008008,0.5005230940456317
63,0.6,1,100,0.41392686723015737,0.46070116861435734
63,0.6,0.7,100,0.4399777406789094,0.46070116861435734
63,0.6,0.5,100,0.41713967723984424,0.46070116861435734
63,0.6,0.3,100,0.44601001669449086,0.46070116861435734
63,0.6,1,7,0.4451661306901415,0.46070116861435734
63,0.6,0.7,7,0.43340727772381765,0.46070116861435734
63,0.6,0.5,7,0.4392735192806132,0.46070116861435734
63,0.6,0.3,7,0.4335690014335699,0.46070116861435734
63,0.6,1,5,0.41823302717173627,0.46070116861435734
63,0.6,0.7,5,0.43648902354886787,0.46070116861435734
63,0.6,0.5,5,0.4329055316190486,0.46070116861435734
63,0.6,0.3,5,0.411781714073433,0.46070116861435734
63,0.6,1,3,0.4024958010494215,0.46070116861435734
63,0.6,0.7,3,0.4714496633943353,0.46070116861435734
63,0.6,0.5,3,0.40653756173758704,0.46070116861435734
63,0.6,0.3,3,0.2809618055429135,0.46070116861435734
64,0.6,1,100,0.3886000707145515,0.5086477462437397
64,0.6,0.7,100,0.43368559303082654,0.5086477462437397
64,0.6,0.5,100,0.4575848636616584,0.5086477462437397
64,0.6,0.3,100,0.44055648302726774,0.5086477462437397
64,0.6,1,7,0.4370847802989191,0.5086477462437397
64,0.6,0.7,7,0.4418316425684299,0.5086477462437397
64,0.6,0.5,7,0.4614231820759288,0.5086477462437397
64,0.6,0.3,7,0.43277510296966437,0.5086477462437397
64,0.6,1,5,0.4133998156232096,0.5086477462437397
64,0.6,0.7,5,0.4449506093167277,0.5086477462437397
64,0.6,0.5,5,0.4774736430642022,0.5086477462437397
64,0.6,0.3,5,0.45883146214710296,0.5086477462437397
64,0.6,1,3,0.4179031892377466,0.5086477462437397
64,0.6,0.7,3,0.44312856742144535,0.5086477462437397
64,0.6,0.5,3,0.433858823955457,0.5086477462437397
64,0.6,0.3,3,0.3002779865006713,0.5086477462437397
65,0.6,1,100,0.4695229538239368,0.5426043405676128
65,0.6,0.7,100,0.4753976115777086,0.5426043405676128
65,0.6,0.5,100,0.44279354479688376,0.5426043405676128
65,0.6,0.3,100,0.4756928213689483,0.5426043405676128
65,0.6,1,7,0.4325613478411987,0.5426043405676128
65,0.6,0.7,7,0.47706912311938665,0.5426043405676128
65,0.6,0.5,7,0.4630538053645888,0.5426043405676128
65,0.6,0.3,7,0.4722059047731188,0.5426043405676128
65,0.6,1,5,0.45558694555924545,0.5426043405676128
65,0.6,0.7,5,0.4831616897453541,0.5426043405676128
65,0.6,0.5,5,0.4822501444141594,0.5426043405676128
65,0.6,0.3,5,0.45047517181167895,0.5426043405676128
65,0.6,1,3,0.4582089736872893,0.5426043405676128
65,0.6,0.7,3,0.49789336322987915,0.5426043405676128
65,0.6,0.5,3,0.433223702813422,0.5426043405676128
65,0.6,0.3,3,0.3688630713466216,0.5426043405676128
66,0.6,1,100,0.49633745978037747,0.49088060901861974
66,0.6,0.7,100,0.5000194773007984,0.49088060901861974
66,0.6,0.5,100,0.5170617696160268,0.49088060901861974
66,0.6,0.3,100,0.493856427378965,0.49088060901861974
66,0.6,1,7,0.47598341060735816,0.49088060901861974
66,0.6,0.7,7,0.5234837822278459,0.49088060901861974
66,0.6,0.5,7,0.5208788600068895,0.49088060901861974
66,0.6,0.3,7,0.5100202358489428,0.49088060901861974
66,0.6,1,5,0.5254300604709586,0.49088060901861974
66,0.6,0.7,5,0.5448719499701224,0.49088060901861974
66,0.6,0.5,5,0.5175866084092555,0.49088060901861974
66,0.6,0.3,5,0.5086458904431864,0.49088060901861974
66,0.6,1,3,0.507646527323465,0.49088060901861974
66,0.6,0.7,3,0.5199777688868659,0.49088060901861974
66,0.6,0.5,3,0.5165414694456227,0.49088060901861974
66,0.6,0.3,3,0.40882973883195955,0.49088060901861974
67,0.6,1,100,0.49068796708515594,0.5738341680578743
67,0.6,0.7,100,0.5294369726486188,0.5738341680578743
67,0.6,0.5,100,0.5070784641068449,0.5738341680578743
67,0.6,0.3,100,0.48960489705064003,0.5738341680578743
67,0.6,1,7,0.5462287979480452,0.5738341680578743
67,0.6,0.7,7,0.5325685201544587,0.5738341680578743
67,0.6,0.5,7,0.5690859684954251,0.5738341680578743
67,0.6,0.3,7,0.5133550857184472,0.5738341680578743
67,0.6,1,5,0.5237940157863727,0.5738341680578743
67,0.6,0.7,5,0.5315020055572278,0.5738341680578743
67,0.6,0.5,5,0.5562579152493786,0.5738341680578743
67,0.6,0.3,5,0.5349476655512218,0.5738341680578743
67,0.6,1,3,0.5573042188954599,0.5738341680578743
67,0.6,0.7,3,0.568636468651401,0.5738341680578743
67,0.6,0.5,3,0.5215852809694853,0.5738341680578743
67,0.6,0.3,3,0.4310436399624386,0.5738341680578743
68,0.6,1,100,0.4182290320989562,0.4657762938230385
68,0.6,0.7,100,0.4285543365468357,0.4657762938230385
68,0.6,0.5,100,0.44850306065665,0.4657762938230385
68,0.6,0.3,100,0.41575959933222045,0.4657762938230385
68,0.6,1,7,0.41705326943232707,0.4657762938230385
68,0.6,0.7,7,0.4230690266223698,0.4657762938230385
68,0.6,0.5,7,0.4683154801012094,0.4657762938230385
68,0.6,0.3,7,0.44344641422047476,0.4657762938230385
68,0.6,1,5,0.4420901092187565,0.4657762938230385
68,0.6,0.7,5,0.43479902855220803,0.4657762938230385
68,0.6,0.5,5,0.45457808877479705,0.4657762938230385
68,0.6,0.3,5,0.4281347054809065,0.4657762938230385
68,0.6,1,3,0.4589433810282994,0.4657762938230385
68,0.6,0.7,3,0.4280875626639795,0.4657762938230385
68,0.6,0.5,3,0.4015317744888021,0.4657762938230385
68,0.6,0.3,3,0.3566567141721645,0.4657762938230385
69,0.6,1,100,0.4351664362558903,0.496438508625487
69,0.6,0.7,100,0.4578810736831127,0.496438508625487
69,0.6,0.5,100,0.46018920422927106,0.496438508625487
69,0.6,0.3,100,0.47006121313299953,0.496438508625487
69,0.6,1,7,0.4189959149587193,0.496438508625487
69,0.6,0.7,7,0.45567692098110313,0.496438508625487
69,0.6,0.5,7,0.4532935800892613,0.496438508625487
69,0.6,0.3,7,0.454402394293522,0.496438508625487
69,0.6,1,5,0.4410988088415997,0.496438508625487
69,0.6,0.7,5,0.48490695915604587,0.496438508625487
69,0.6,0.5,5,0.4508307286113681,0.496438508625487
69,0.6,0.3,5,0.4787670048383919,0.496438508625487
69,0.6,1,3,0.42709793185712064,0.496438508625487
69,0.6,0.7,3,0.47083607288218077,0.496438508625487
69,0.6,0.5,3,0.4402896290356476,0.496438508625487
69,0.6,0.3,3,0.39873367385028824,0.496438508625487
70,0.6,1,100,0.4649471172014083,0.5134223706176962
70,0.6,0.7,100,0.48360179076923643,0.5134223706176962
70,0.6,0.5,100,0.4905509181969951,0.5134223706176962
70,0.6,0.3,100,0.4655425709515861,0.5134223706176962
70,0.6,1,7,0.48021271415167033,0.5134223706176962
70,0.6,0.7,7,0.47709528964710124,0.5134223706176962
70,0.6,0.5,7,0.48119257461931536,0.5134223706176962
70,0.6,0.3,7,0.48082601219122223,0.5134223706176962
70,0.6,1,5,0.4767074163896367,0.5134223706176962
70,0.6,0.7,5,0.5075934866705608,0.5134223706176962
70,0.6,0.5,5,0.5028072828428397,0.5134223706176962
70,0.6,0.3,5,0.49627197832984304,0.5134223706176962
70,0.6,1,3,0.49813288281321605,0.5134223706176962
70,0.6,0.7,3,0.4657464289043161,0.5134223706176962
70,0.6,0.5,3,0.5135630192298375,0.5134223706176962
70,0.6,0.3,3,0.38157087627949815,0.5134223706176962
71,0.6,1,100,0.4489318909749386,0.4928102392877018
71,0.6,0.7,100,0.49610461880912643,0.4928102392877018
71,0.6,0.5,100,0.46974958263772965,0.4928102392877018
71,0.6,0.3,100,0.4603672787979967,0.4928102392877018
71,0.6,1,7,0.456956364820596,0.4928102392877018
71,0.6,0.7,7,0.45604004860383335,0.4928102392877018
71,0.6,0.5,7,0.46860195516744174,0.4928102392877018
71,0.6,0.3,7,0.4801049207107102,0.4928102392877018
71,0.6,1,5,0.43987788717175935,0.4928102392877018
71,0.6,0.7,5,0.4804393267750403,0.4928102392877018
71,0.6,0.5,5,0.48632709405053526,0.4928102392877018
71,0.6,0.3,5,0.4426466079935008,0.4928102392877018
71,0.6,1,3,0.4358718501316411,0.4928102392877018
71,0.6,0.7,3,0.4384059475823492,0.4928102392877018
71,0.6,0.5,3,0.48220108525598915,0.4928102392877018
71,0.6,0.3,3,0.34842015328484455,0.4928102392877018
72,0.6,1,100,0.4809143449461877,0.49355173498169624
72,0.6,0.7,100,0.4968140815508401,0.49355173498169624
72,0.6,0.5,100,0.49138144513669657,0.49355173498169624
72,0.6,0.3,100,0.49734001112966064,0.49355173498169624
72,0.6,1,7,0.5128939383727277,0.49355173498169624
72,0.6,0.7,7,0.4868221115161761,0.49355173498169624
72,0.6,0.5,7,0.5103220940637944,0.49355173498169624
72,0.6,0.3,7,0.47208930571867747,0.49355173498169624
72,0.6,1,5,0.4664622283824052,0.49355173498169624
72,0.6,0.7,5,0.5213893923092949,0.49355173498169624
72,0.6,0.5,5,0.5240888527016009,0.49355173498169624
72,0.6,0.3,5,0.4906242812961062,0.49355173498169624
72,0.6,1,3,0.4903414366417265,0.49355173498169624
72,0.6,0.7,3,0.4939709211968307,0.49355173498169624
72,0.6,0.5,3,0.4607633015487776,0.49355173498169624
72,0.6,0.3,3,0.3876199033980678,0.49355173498169624
73,0.6,1,100,0.4333091434275813,0.46360601001669455
73,0.6,0.7,100,0.45363383416805797,0.46360601001669455
73,0.6,0.5,100,0.42435169727323324,0.46360601001669455
73,0.6,0.3,100,0.45322203672787986,0.46360601001669455
73,0.6,1,7,0.4163898629627293,0.46360601001669455
73,0.6,0.7,7,0.45594456428659536,0.46360601001669455
73,0.6,0.5,7,0.45681113729989387,0.46360601001669455
73,0.6,0.3,7,0.44583772906938696,0.46360601001669455
73,0.6,1,5,0.43019830465485,0.46360601001669455
73,0.6,0.7,5,0.42497017836631035,0.46360601001669455
73,0.6,0.5,5,0.4242337744675911,0.46360601001669455
73,0.6,0.3,5,0.4879978318909005,0.46360601001669455
73,0.6,1,3,0.4441906809856404,0.46360601001669455
73,0.6,0.7,3,0.4295169654075363,0.46360601001669455
73,0.6,0.5,3,0.42078039948909585,0.46360601001669455
73,0.6,0.3,3,0.33471307561305397,0.46360601001669455
74,0.6,1,100,0.46844983847464844,0.506800222593211
74,0.6,0.7,100,0.4662631696058743,0.506800222593211
74,0.6,0.5,100,0.4630255678422401,0.506800222593211
74,0.6,0.3,100,0.4735114079020591,0.506800222593211
74,0.6,1,7,0.4518018589827034,0.506800222593211
74,0.6,0.7,7,0.47894349993347163,0.506800222593211
74,0.6,0.5,7,0.4539590014254066,0.506800222593211
74,0.6,0.3,7,0.5091787212795511,0.506800222593211
74,0.6,1,5,0.4698049528908228,0.506800222593211
74,0.6,0.7,5,0.46063647710489286,0.506800222593211
74,0.6,0.5,5,0.45905722416358963,0.506800222593211
74,0.6,0.3,5,0.47073279036564153,0.506800222593211
74,0.6,1,3,0.45273603932981377,0.506800222593211
74,0.6,0.7,3,0.46072449792988845,0.506800222593211
74,0.6,0.5,3,0.45588772936475863,0.506800222593211
74,0.6,0.3,3,0.3941917608383992,0.506800222593211
75,0.6,1,100,0.491022617103613,0.48268224819143024
75,0.6,0.7,100,0.4872787979966612,0.48268224819143024
75,0.6,0.5,100,0.4828158041179745,0.48268224819143024
75,0.6,0.3,100,0.5075570395102951,0.48268224819143024
75,0.6,1,7,0.4749617974448916,0.48268224819143024
75,0.6,0.7,7,0.4865418520849809,0.48268224819143024
75,0.6,0.5,7,0.4923115389500046,0.48268224819143024
75,0.6,0.3,7,0.5082524069442648,0.48268224819143024
75,0.6,1,5,0.4675762632533181,0.48268224819143024
75,0.6,0.7,5,0.4576635121969019,0.48268224819143024
75,0.6,0.5,5,0.4923207633475215,0.48268224819143024
75,0.6,0.3,5,0.5043447861405255,0.48268224819143024
75,0.6,1,3,0.45524548125060815,0.48268224819143024
75,0.6,0.7,3,0.46897818946429837,0.48268224819143024
75,0.6,0.5,3,0.4536398544604864,0.48268224819143024
75,0.6,0.3,3,0.3933113870442684,0.48268224819143024
76,0.6,1,100,0.4759180347120517,0.4995756781671945
76,0.6,0.7,100,0.4557945409260476,0.4995756781671945
76,0.6,0.5,100,0.4609682804674458,0.4995756781671945
76,0.6,0.3,100,0.488848080133556,0.4995756781671945
76,0.6,1,7,0.4845310704671532,0.4995756781671945
76,0.6,0.7,7,0.5016300844226279,0.4995756781671945
76,0.6,0.5,7,0.5104552175596638,0.4995756781671945
76,0.6,0.3,7,0.48151816073521975,0.4995756781671945
76,0.6,1,5,0.4870839052144951,0.4995756781671945
76,0.6,0.7,5,0.48433311000811624,0.4995756781671945
76,0.6,0.5,5,0.4968656353189953,0.4995756781671945
76,0.6,0.3,5,0.5181444938703369,0.4995756781671945
76,0.6,1,3,0.4523776231476396,0.4995756781671945
76,0.6,0.7,3,0.4773426775880088,0.4995756781671945
76,0.6,0.5,3,0.4597221610298178,0.4995756781671945
76,0.6,0.3,3,0.42202191081399704,0.4995756781671945
77,0.6,1,100,0.4266403344182864,0.5322426265998887
77,0.6,0.7,100,0.46288088104740926,0.5322426265998887
77,0.6,0.5,100,0.4958375069560379,0.5322426265998887
77,0.6,0.3,100,0.4466332776850307,0.5322426265998887
77,0.6,1,7,0.4413330788368304,0.5322426265998887
77,0.6,0.7,7,0.47782425948937796,0.5322426265998887
77,0.6,0.5,7,0.49345029081302433,0.5322426265998887
77,0.6,0.3,7,0.4851836290112258,0.5322426265998887
77,0.6,1,5,0.48749885024951173,0.5322426265998887
77,0.6,0.7,5,0.4656413267905103,0.5322426265998887
77,0.6,0.5,5,0.5004605902906332,0.5322426265998887
77,0.6,0.3,5,0.4684998573430843,0.5322426265998887
77,0.6,1,3,0.4514216775763595,0.5322426265998887
77,0.6,0.7,3,0.458613311402691,0.5322426265998887
77,0.6,0.5,3,0.4469051771769716,0.5322426265998887
77,0.6,0.3,3,0.3786979445859937,0.5322426265998887
78,0.6,1,100,0.38395882002452736,0.5112298274902616
78,0.6,0.7,100,0.43732888146911525,0.5112298274902616
78,0.6,0.5,100,0.43462437395659437,0.5112298274902616
78,0.6,0.3,100,0.4447968836950474,0.5112298274902616
78,0.6,1,7,0.44325956033421976,0.5112298274902616
78,0.6,0.7,7,0.4283255724218359,0.5112298274902616
78,0.6,0.5,7,0.4607102325626143,0.5112298274902616
78,0.6,0.3,7,0.4139432498375047,0.5112298274902616
78,0.6,1,5,0.3991389719842879,0.5112298274902616
78,0.6,0.7,5,0.41591243054569166,0.5112298274902616
78,0.6,0.5,5,0.44562866717521094,0.5112298274902616
78,0.6,0.3,5,0.385032748635474,0.5112298274902616
78,0.6,1,3,0.4208255022831526,0.5112298274902616
78,0.6,0.7,3,0.4186914079601211,0.5112298274902616
78,0.6,0.5,3,0.4409794093934374,0.5112298274902616
78,0.6,0.3,3,0.312803574719376,0.5112298274902616
79,0.6,1,100,0.3693698231473149,0.4454757929883139
79,0.6,0.7,100,0.38327212020033397,0.4454757929883139
79,0.6,0.5,100,0.36705620478575407,0.4454757929883139
79,0.6,0.3,100,0.3796549805230941,0.4454757929883139
79,0.6,1,7,0.33450928854612544,0.4454757929883139
79,0.6,0.7,7,0.3767243732387584,0.4454757929883139
79,0.6,0.5,7,0.3943186207988351,0.4454757929883139
79,0.6,0.3,7,0.3866306575536934,0.4454757929883139
79,0.6,1,5,0.3711288377829177,0.4454757929883139
79,0.6,0.7,5,0.3901517236359495,0.4454757929883139
79,0.6,0.5,5,0.380904274457825,0.4454757929883139
79,0.6,0.3,5,0.38038803412692745,0.4454757929883139
79,0.6,1,3,0.4364249376057337,0.4454757929883139
79,0.6,0.7,3,0.37963435540038126,0.4454757929883139
79,0.6,0.5,3,0.36791046831911145,0.4454757929883139
79,0.6,0.3,3,0.28729762346799465,0.4454757929883139
80,0.6,1,100,0.45359649160833476,0.5468295682535588
80,0.6,0.7,100,0.46348874225176984,0.5468295682535588
80,0.6,0.5,100,0.4418809126321648,0.5468295682535588
80,0.6,0.3,100,0.45636060100166953,0.5468295682535588
80,0.6,1,7,0.44300093626371045,0.5468295682535588
80,0.6,0.7,7,0.4730479601179371,0.5468295682535588
80,0.6,0.5,7,0.451110790692426,0.5468295682535588
80,0.6,0.3,7,0.486431745465889,0.5468295682535588
80,0.6,1,5,0.4422373605023446,0.5468295682535588
80,0.6,0.7,5,0.4565634246589585,0.5468295682535588
80,0.6,0.5,5,0.4533388625085242,0.5468295682535588
80,0.6,0.3,5,0.4550964940434806,0.5468295682535588
80,0.6,1,3,0.446274185613478,0.5468295682535588
80,0.6,0.7,3,0.44718093842894924,0.5468295682535588
80,0.6,0.5,3,0.4354654398963574,0.5468295682535588
80,0.6,0.3,3,0.41188441363925704,0.5468295682535588
81,0.6,1,100,0.4022330911179713,0.4723539232053423
81,0.6,0.7,100,0.462359488035615,0.4723539232053423
81,0.6,0.5,100,0.42923761825264334,0.4723539232053423
81,0.6,0.3,100,0.4563828603227602,0.4723539232053423
81,0.6,1,7,0.429214936553982,0.4723539232053423
81,0.6,0.7,7,0.44556076916409276,0.4723539232053423
81,0.6,0.5,7,0.4385926654340526,0.4723539232053423
81,0.6,0.3,7,0.4553630321730225,0.4723539232053423
81,0.6,1,5,0.4628764009606314,0.4723539232053423
81,0.6,0.7,5,0.429640842186085,0.4723539232053423
81,0.6,0.5,5,0.46868216522628975,0.4723539232053423
81,0.6,0.3,5,0.3967103819303606,0.4723539232053423
81,0.6,1,3,0.4910268181668979,0.4723539232053423
81,0.6,0.7,3,0.48959731755531566,0.4723539232053423
81,0.6,0.5,3,0.4293376639362787,0.4723539232053423
81,0.6,0.3,3,0.31183719255246317,0.4723539232053423
82,0.6,1,100,0.4077605090210821,0.4671007234279355
82,0.6,0.7,100,0.3966455109795849,0.4671007234279355
82,0.6,0.5,100,0.41471341124095723,0.4671007234279355
82,0.6,0.3,100,0.4166944908180301,0.4671007234279355
82,0.6,1,7,0.4055294826746908,0.4671007234279355
82,0.6,0.7,7,0.4278064176126819,0.4671007234279355
82,0.6,0.5,7,0.4313811145768843,0.4671007234279355
82,0.6,0.3,7,0.3771306238733738,0.4671007234279355
82,0.6,1,5,0.40241545445924437,0.4671007234279355
82,0.6,0.7,5,0.41536322832368777,0.4671007234279355
82,0.6,0.5,5,0.44710733733297464,0.4671007234279355
82,0.6,0.3,5,0.43491016193293947,0.4671007234279355
82,0.6,1,3,0.4146142535820006,0.4671007234279355
82,0.6,0.7,3,0.4071551682338959,0.4671007234279355
82,0.6,0.5,3,0.3721403190745503,0.4671007234279355
82,0.6,0.3,3,0.2527985605266843,0.4671007234279355
83,0.6,1,100,0.46271779506530286,0.5034501947690596
83,0.6,0.7,100,0.42453213429780484,0.5034501947690596
83,0.6,0.5,100,0.48997217584863667,0.5034501947690596
83,0.6,0.3,100,0.49127434613244303,0.5034501947690596
83,0.6,1,7,0.45859449158012017,0.5034501947690596
83,0.6,0.7,7,0.4646470979812203,0.5034501947690596
83,0.6,0.5,7,0.49437748739741316,0.5034501947690596
83,0.6,0.3,7,0.4885368356280799,0.5034501947690596
83,0.6,1,5,0.48185750306423175,0.5034501947690596
83,0.6,0.7,5,0.48555730511933953,0.5034501947690596
83,0.6,0.5,5,0.48620341416251284,0.5034501947690596
83,0.6,0.3,5,0.48962406534770925,0.5034501947690596
83,0.6,1,3,0.4486800559088595,0.5034501947690596
83,0.6,0.7,3,0.44848602148299294,0.5034501947690596
83,0.6,0.5,3,0.4980677685246222,0.5034501947690596
83,0.6,0.3,3,0.35435323256123485,0.5034501947690596
84,0.6,1,100,0.42770712970309205,0.488124652198108
84,0.6,0.7,100,0.4312084366843588,0.488124652198108
84,0.6,0.5,100,0.4198775737340012,0.488124652198108
84,0.6,0.3,100,0.400690038953812,0.488124652198108
84,0.6,1,7,0.43567939840634184,0.488124652198108
84,0.6,0.7,7,0.4646135036225891,0.488124652198108
84,0.6,0.5,7,0.45096015609268103,0.488124652198108
84,0.6,0.3,7,0.43399848461367485,0.488124652198108
84,0.6,1,5,0.4273199377645458,0.488124652198108
84,0.6,0.7,5,0.4144094167398631,0.488124652198108
84,0.6,0.5,5,0.4310505024536225,0.488124652198108
84,0.6,0.3,5,0.430388390909935,0.488124652198108
84,0.6,1,3,0.4593233789901089,0.488124652198108
84,0.6,0.7,3,0.38338090671340685,0.488124652198108
84,0.6,0.5,3,0.3888054772228735,0.488124652198108
84,0.6,0.3,3,0.3215076609996822,0.488124652198108
85,0.6,1,100,0.4091829945205781,0.435336672231497
85,0.6,0.7,100,0.44971188011270385,0.435336672231497
85,0.6,0.5,100,0.42205898720089047,0.435336672231497
85,0.6,0.3,100,0.42844741235392325,0.435336672231497
85,0.6,1,7,0.4470110165168081,0.435336672231497
85,0.6,0.7,7,0.43485251795352275,0.435336672231497
85,0.6,0.5,7,0.4603364770934533,0.435336672231497
85,0.6,0.3,7,0.42557083096558784,0.435336672231497
85,0.6,1,5,0.47719420006747226,0.435336672231497
85,0.6,0.7,5,0.4416580340983771,0.435336672231497
85,0.6,0.5,5,0.44565617986427963,0.435336672231497
85,0.6,0.3,5,0.4436768676284978,0.435336672231497
85,0.6,1,3,0.44574605897312414,0.435336672231497
85,0.6,0.7,3,0.4469331301435209,0.435336672231497
85,0.6,0.5,3,0.4634158169410629,0.435336672231497
85,0.6,0.3,3,0.2998626839679692,0.435336672231497
86,0.6,1,100,0.4588487841925261,0.5081942581840412
86,0.6,0.7,100,0.5227490261547023,0.5081942581840412
86,0.6,0.5,100,0.4894268224819144,0.5081942581840412
86,0.6,0.3,100,0.4756483027267669,0.5081942581840412
86,0.6,1,7,0.43144801138843314,0.5081942581840412
86,0.6,0.7,7,0.4911331031207289,0.5081942581840412
86,0.6,0.5,7,0.48983768436771696,0.5081942581840412
86,0.6,0.3,7,0.4919948589014107,0.5081942581840412
86,0.6,1,5,0.5191776436040497,0.5081942581840412
86,0.6,0.7,5,0.5272426445980877,0.5081942581840412
86,0.6,0.5,5,0.4585755036924951,0.5081942581840412
86,0.6,0.3,5,0.4865773105725213,0.5081942581840412
86,0.6,1,3,0.4628390765960199,0.5081942581840412
86,0.6,0.7,3,0.512296405987883,0.5081942581840412
86,0.6,0.5,3,0.4939050249386384,0.5081942581840412
86,0.6,0.3,3,0.38845589332604136,0.5081942581840412
87,0.6,1,100,0.3933772088836427,0.5292932665553701
87,0.6,0.7,100,0.4548649272831388,0.5292932665553701
87,0.6,0.5,100,0.45771841958820264,0.5292932665553701
87,0.6,0.3,100,0.4586087924318309,0.5292932665553701
87,0.6,1,7,0.4544845866515084,0.5292932665553701
87,0.6,0.7,7,0.4297361289254762,0.5292932665553701
87,0.6,0.5,7,0.47360630292182204,0.5292932665553701
87,0.6,0.3,7,0.4579380887397672,0.5292932665553701
87,0.6,1,5,0.4788919617251297,0.5292932665553701
87,0.6,0.7,5,0.45609978941214263,0.5292932665553701
87,0.6,0.5,5,0.43825203126554596,0.5292932665553701
87,0.6,0.3,5,0.4477147395033404,0.5292932665553701
87,0.6,1,3,0.4478218971614782,0.5292932665553701
87,0.6,0.7,3,0.4654597974913304,0.5292932665553701
87,0.6,0.5,3,0.42266908753716204,0.5292932665553701
87,0.6,0.3,3,0.3603453489877938,0.5292932665553701
88,0.6,1,100,0.46530694743301465,0.5273110237609175
88,0.6,0.7,100,0.4799205335771003,0.5273110237609175
88,0.6,0.5,100,0.5025932109070674,0.5273110237609175
88,0.6,0.3,100,0.49917640511964395,0.5273110237609175
88,0.6,1,7,0.4952170369413472,0.5273110237609175
88,0.6,0.7,7,0.5029541540523522,0.5273110237609175
88,0.6,0.5,7,0.5093163502816394,0.5273110237609175
88,0.6,0.3,7,0.5108036753263078,0.5273110237609175
88,0.6,1,5,0.4907617967683816,0.5273110237609175
88,0.6,0.7,5,0.48271454736294317,0.5273110237609175
88,0.6,0.5,5,0.473258657985683,0.5273110237609175
88,0.6,0.3,5,0.4606970278565768,0.5273110237609175
88,0.6,1,3,0.4966302028774083,0.5273110237609175
88,0.6,0.7,3,0.5096979407713781,0.5273110237609175
88,0.6,0.5,3,0.5117061523589616,0.5273110237609175
88,0.6,0.3,3,0.3931585670527845,0.5273110237609175
89,0.6,1,100,0.4612695595928566,0.48499300220833874
89,0.6,0.7,100,0.49123383046828306,0.48499300220833874
89,0.6,0.5,100,0.4851975514746801,0.48499300220833874
89,0.6,0.3,100,0.47849749582637735,0.48499300220833874
89,0.6,1,7,0.4802059536702689,0.48499300220833874
89,0.6,0.7,7,0.45581514107735316,0.48499300220833874
89,0.6,0.5,7,0.4461017556351599,0.48499300220833874
89,0.6,0.3,7,0.4746603663409775,0.48499300220833874
89,0.6,1,5,0.4520228679167171,0.48499300220833874
89,0.6,0.7,5,0.4899419762349264,0.48499300220833874
89,0.6,0.5,5,0.48234389100643904,0.48499300220833874
89,0.6,0.3,5,0.47265249615969196,0.48499300220833874
89,0.6,1,3,0.4565143007004151,0.48499300220833874
89,0.6,0.7,3,0.49799061248799076,0.48499300220833874
89,0.6,0.5,3,0.46650518705353144,0.48499300220833874
89,0.6,0.3,3,0.38523453886765063,0.48499300220833874
90,0.6,1,100,0.4048220030005388,0.5403227601558154
90,0.6,0.7,100,0.44325912571766063,0.5403227601558154
90,0.6,0.5,100,0.48181413466889267,0.5403227601558154
90,0.6,0.3,100,0.44823594880356155,0.5403227601558154
90,0.6,1,7,0.4703736020082971,0.5403227601558154
90,0.6,0.7,7,0.45980188650068454,0.5403227601558154
90,0.6,0.5,7,0.4630103140130753,0.5403227601558154
90,0.6,0.3,7,0.4487132697755085,0.5403227601558154
90,0.6,1,5,0.45635379152019223,0.5403227601558154
90,0.6,0.7,5,0.46808366274485913,0.5403227601558154
90,0.6,0.5,5,0.4217043530845818,0.5403227601558154
90,0.6,0.3,5,0.41691835163469526,0.5403227601558154
90,0.6,1,3,0.427547610829299,0.5403227601558154
90,0.6,0.7,3,0.4698900642548612,0.5403227601558154
90,0.6,0.5,3,0.42094875816806693,0.5403227601558154
90,0.6,0.3,3,0.3479258709797036,0.5403227601558154
91,0.6,1,100,0.4767143930803434,0.44844741235392327
91,0.6,0.7,100,0.4856132424201487,0.44844741235392327
91,0.6,0.5,100,0.4969616026711186,0.44844741235392327
91,0.6,0.3,100,0.4813800779076239,0.44844741235392327
91,0.6,1,7,0.4677649228941809,0.44844741235392327
91,0.6,0.7,7,0.49027181247609447,0.44844741235392327
91,0.6,0.5,7,0.49905185563461046,0.44844741235392327
91,0.6,0.3,7,0.5038970478427395,0.44844741235392327
91,0.6,1,5,0.48156887589270764,0.44844741235392327
91,0.6,0.7,5,0.5265553393900836,0.44844741235392327
91,0.6,0.5,5,0.4572100212061584,0.44844741235392327
91,0.6,0.3,5,0.47434088700287846,0.44844741235392327
91,0.6,1,3,0.46819295913442566,0.44844741235392327
91,0.6,0.7,3,0.4699024979284632,0.44844741235392327
91,0.6,0.5,3,0.45513302950576623,0.44844741235392327
91,0.6,0.3,3,0.3900501664018927,0.44844741235392327
92,0.6,1,100,0.5040137507988035,0.5191570348273754
92,0.6,0.7,100,0.4717941869469983,0.5191570348273754
92,0.6,0.5,100,0.5040400667779633,0.5191570348273754
92,0.6,0.3,100,0.5179744017807457,0.5191570348273754
92,0.6,1,7,0.5016084580630518,0.5191570348273754
92,0.6,0.7,7,0.5055220282678905,0.5191570348273754
92,0.6,0.5,7,0.5306314966998898,0.5191570348273754
92,0.6,0.3,7,0.4985702987074968,0.5191570348273754
92,0.6,1,5,0.484740479934213,0.5191570348273754
92,0.6,0.7,5,0.49849573722914897,0.5191570348273754
92,0.6,0.5,5,0.529682234709872,0.5191570348273754
92,0.6,0.3,5,0.49046654244195886,0.5191570348273754
92,0.6,1,3,0.48311569711333996,0.5191570348273754
92,0.6,0.7,3,0.49108298087807967,0.5191570348273754
92,0.6,0.5,3,0.49102124000422503,0.5191570348273754
92,0.6,0.3,3,0.40505934445464725,0.5191570348273754
93,0.6,1,100,0.3889416182056462,0.4524763494713412
93,0.6,0.7,100,0.3896828046744575,0.4524763494713412
93,0.6,0.5,100,0.3755481357818587,0.4524763494713412
93,0.6,0.3,100,0.44816917084028945,0.4524763494713412
93,0.6,1,7,0.35012166065442374,0.4524763494713412
93,0.6,0.7,7,0.39076470802605107,0.4524763494713412
93,0.6,0.5,7,0.38756883226546807,0.4524763494713412
93,0.6,0.3,7,0.3896841782555293,0.4524763494713412
93,0.6,1,5,0.39286902163656306,0.4524763494713412
93,0.6,0.7,5,0.4299452132657201,0.4524763494713412
93,0.6,0.5,5,0.390968538416889,0.4524763494713412
93,0.6,0.3,5,0.3480275677594129,0.4524763494713412
93,0.6,1,3,0.39408524865089567,0.4524763494713412
93,0.6,0.7,3,0.419345242893345,0.4524763494713412
93,0.6,0.5,3,0.36179024153289924,0.4524763494713412
93,0.6,0.3,3,0.326032239838654,0.4524763494713412
94,0.6,1,100,0.4440746066788731,0.5220701168614358
94,0.6,0.7,100,0.46521385883636845,0.5220701168614358
94,0.6,0.5,100,0.4666555370061214,0.5220701168614358
94,0.6,0.3,100,0.46632164718976077,0.5220701168614358
94,0.6,1,7,0.45749370516355187,0.5220701168614358
94,0.6,0.7,7,0.4639450427307178,0.5220701168614358
94,0.6,0.5,7,0.48908763364169167,0.5220701168614358
94,0.6,0.3,7,0.4333802985798372,0.5220701168614358
94,0.6,1,5,0.4755651417555449,0.5220701168614358
94,0.6,0.7,5,0.42957169530601347,0.5220701168614358
94,0.6,0.5,5,0.43354821613382827,0.5220701168614358
94,0.6,0.3,5,0.49476364578897025,0.5220701168614358
94,0.6,1,3,0.4780101992840557,0.5220701168614358
94,0.6,0.7,3,0.48793967721362125,0.5220701168614358
94,0.6,0.5,3,0.47823688160545685,0.5220701168614358
94,0.6,0.3,3,0.41287108197286554,0.5220701168614358
95,0.6,1,100,0.4765246174807065,0.4845742904841403
95,0.6,0.7,100,0.42746400891892816,0.4845742904841403
95,0.6,0.5,100,0.4807122982749027,0.4845742904841403
95,0.6,0.3,100,0.46057874234835844,0.4845742904841403
95,0.6,1,7,0.47105981965149196,0.4845742904841403
95,0.6,0.7,7,0.4938150297746133,0.4845742904841403
95,0.6,0.5,7,0.4579847500910449,0.4845742904841403
95,0.6,0.3,7,0.4483866506589712,0.4845742904841403
95,0.6,1,5,0.4672024353585276,0.4845742904841403
95,0.6,0.7,5,0.4665640888960223,0.4845742904841403
95,0.6,0.5,5,0.4702894829503024,0.4845742904841403
95,0.6,0.3,5,0.5026438061497576,0.4845742904841403
95,0.6,1,3,0.4760324819090642,0.4845742904841403
95,0.6,0.7,3,0.4669532028878649,0.4845742904841403
95,0.6,0.5,3,0.45772665286927877,0.4845742904841403
95,0.6,0.3,3,0.37086044870429286,0.4845742904841403
96,0.6,1,100,0.4608635820622366,0.4480090373112426
96,0.6,0.7,100,0.46666240028672656,0.4480090373112426
96,0.6,0.5,100,0.47715080690038963,0.4480090373112426
96,0.6,0.3,100,0.4712854757929884,0.4480090373112426
96,0.6,1,7,0.4541638450524581,0.4480090373112426
96,0.6,0.7,7,0.5257832907748541,0.4480090373112426
96,0.6,0.5,7,0.500088601658258,0.4480090373112426
96,0.6,0.3,7,0.4445931731088494,0.4480090373112426
96,0.6,1,5,0.4675829596326749,0.4480090373112426
96,0.6,0.7,5,0.47419794671366244,0.4480090373112426
96,0.6,0.5,5,0.5050502634745778,0.4480090373112426
96,0.6,0.3,5,0.4781384987096442,0.4480090373112426
96,0.6,1,3,0.49860910709701495,0.4480090373112426
96,0.6,0.7,3,0.48179106427142787,0.4480090373112426
96,0.6,0.5,3,0.47151023848762236,0.4480090373112426
96,0.6,0.3,3,0.39554347493266195,0.4480090373112426
97,0.6,1,100,0.4723208275080614,0.5392543127434614
97,0.6,0.7,100,0.42510448149187546,0.5392543127434614
97,0.6,0.5,100,0.44043405676126884,0.5392543127434614
97,0.6,0.3,100,0.46097941012799115,0.5392543127434614
97,0.6,1,7,0.4630701917625212,0.5392543127434614
97,0.6,0.7,7,0.4236350305683582,0.5392543127434614
97,0.6,0.5,7,0.45896352617425556,0.5392543127434614
97,0.6,0.3,7,0.46232543309244406,0.5392543127434614
97,0.6,1,5,0.4387158096166935,0.5392543127434614
97,0.6,0.7,5,0.4769426822417285,0.5392543127434614
97,0.6,0.5,5,0.4400925234015795,0.5392543127434614
97,0.6,0.3,5,0.47751955005295954,0.5392543127434614
97,0.6,1,3,0.44310889170586293,0.5392543127434614
97,0.6,0.7,3,0.47804181054134814,0.5392543127434614
97,0.6,0.5,3,0.460655289654286,0.5392543127434614
97,0.6,0.3,3,0.35743412993635093,0.5392543127434614
98,0.6,1,100,0.4915556315926927,0.48387312186978304
98,0.6,0.7,100,0.4942387694386631,0.48387312186978304
98,0.6,0.5,100,0.5016138007790764,0.48387312186978304
98,0.6,0.3,100,0.4704396215915415,0.48387312186978304
98,0.6,1,7,0.4727648356556409,0.48387312186978304
98,0.6,0.7,7,0.49223995185883923,0.48387312186978304
98,0.6,0.5,7,0.5142487841959543,0.48387312186978304
98,0.6,0.3,7,0.490161807184529,0.48387312186978304
98,0.6,1,5,0.48033575280768864,0.48387312186978304
98,0.6,0.7,5,0.48588316437487883,0.48387312186978304
98,0.6,0.5,5,0.49944147318249116,0.48387312186978304
98,0.6,0.3,5,0.5083967051301693,0.48387312186978304
98,0.6,1,3,0.5011811881302425,0.48387312186978304
98,0.6,0.7,3,0.466523727565796,0.48387312186978304
98,0.6,0.5,3,0.4317932661118083,0.48387312186978304
98,0.6,0.3,3,0.40516573156820546,0.48387312186978304
99,0.6,1,100,0.3996260098138214,0.45552157908239516
99,0.6,0.7,100,0.40952698942682253,0.45552157908239516
99,0.6,0.5,100,0.45158597662771294,0.45552157908239516
99,0.6,0.3,100,0.4225041736227046,0.45552157908239516
99,0.6,1,7,0.4306551001148187,0.45552157908239516
99,0.6,0.7,7,0.40310544466811976,0.45552157908239516
99,0.6,0.5,7,0.4106907637921979,0.45552157908239516
99,0.6,0.3,7,0.44093553500565846,0.45552157908239516
99,0.6,1,5,0.4375250027162949,0.45552157908239516
99,0.6,0.7,5,0.4417145388211528,0.45552157908239516
99,0.6,0.5,5,0.4273382346138106,0.45552157908239516
99,0.6,0.3,5,0.406050862522948,0.45552157908239516
99,0.6,1,3,0.4209600860857601,0.45552157908239516
99,0.6,0.7,3,0.4028661007997674,0.45552157908239516
99,0.6,0.5,3,0.4198504930504757,0.45552157908239516
99,0.6,0.3,3,0.34372570004696673,0.45552157908239516
100,0.6,1,100,0.4644420386455365,0.5117863105175293
100,0.6,0.7,100,0.45814818627942033,0.5117863105175293
100,0.6,0.5,100,0.5080356149137452,0.5117863105175293
100,0.6,0.3,100,0.4440511964385087,0.5117863105175293
100,0.6,1,7,0.46214983990804825,0.5117863105175293
100,0.6,0.7,7,0.4661247216530409,0.5117863105175293
100,0.6,0.5,7,0.4955848094487643,0.5117863105175293
100,0.6,0.3,7,0.5125864077456457,0.5117863105175293
100,0.6,1,5,0.4642388469437425,0.5117863105175293
100,0.6,0.7,5,0.472175331083008,0.5117863105175293
100,0.6,0.5,5,0.509958742355536,0.5117863105175293
100,0.6,0.3,5,0.4694387382246909,0.5117863105175293
100,0.6,1,3,0.47120698873285105,0.5117863105175293
100,0.6,0.7,3,0.48935404216893014,0.5117863105175293
100,0.6,0.5,3,0.4551300370944743,0.5117863105175293
100,0.6,0.3,3,0.4008123794077496,0.5117863105175293
101,0.6,1,100,0.45048324869698964,0.4732357998726579
101,0.6,0.7,100,0.39782525827994364,0.4732357998726579
101,0.6,0.5,100,0.4407345575959934,0.4732357998726579
101,0.6,0.3,100,0.465887590428492,0.4732357998726579
101,0.6,1,7,0.4299515950938996,0.4732357998726579
101,0.6,0.7,7,0.4477604383737061,0.4732357998726579
101,0.6,0.5,7,0.4516323666823046,0.4732357998726579
101,0.6,0.3,7,0.4585205433091173,0.4732357998726579
101,0.6,1,5,0.4514815684915005,0.4732357998726579
101,0.6,0.7,5,0.439059861397635,0.4732357998726579
101,0.6,0.5,5,0.4571261303129625,0.4732357998726579
101,0.6,0.3,5,0.47198803554495705,0.4732357998726579
101,0.6,1,3,0.45020558774295233,0.4732357998726579
101,0.6,0.7,3,0.4944803223302194,0.4732357998726579
101,0.6,0.5,3,0.42770897634225535,0.4732357998726579
101,0.6,0.3,3,0.3591631891424754,0.4732357998726579
102,0.6,1,100,0.45751932317253147,0.5022593210907068
102,0.6,0.7,100,0.46567886847189977,0.5022593210907068
102,0.6,0.5,100,0.4234056761268782,0.5022593210907068
102,0.6,0.3,100,0.4711630495269895,0.5022593210907068
102,0.6,1,7,0.44662953416360995,0.5022593210907068
102,0.6,0.7,7,0.44050377177569416,0.5022593210907068
102,0.6,0.5,7,0.44940651798646286,0.5022593210907068
102,0.6,0.3,7,0.446006072855378,0.5022593210907068
102,0.6,1,5,0.44490916970357985,0.5022593210907068
102,0.6,0.7,5,0.4870502476418507,0.5022593210907068
102,0.6,0.5,5,0.4463416383277306,0.5022593210907068
102,0.6,0.3,5,0.44180913321141857,0.5022593210907068
102,0.6,1,3,0.46953531036798,0.5022593210907068
102,0.6,0.7,3,0.4409504325264234,0.5022593210907068
102,0.6,0.5,3,0.45418553901028624,0.5022593210907068
102,0.6,0.3,3,0.3577201420799925,0.5022593210907068
103,0.6,1,100,0.44109013172484224,0.45382986597244673
103,0.6,0.7,100,0.4384733317347951,0.45382986597244673
103,0.6,0.5,100,0.4725611367885204,0.45382986597244673
103,0.6,0.3,100,0.4516861435726211,0.45382986597244673
103,0.6,1,7,0.4296876675707966,0.45382986597244673
103,0.6,0.7,7,0.44423592426122227,0.45382986597244673
103,0.6,0.5,7,0.48571237977555143,0.45382986597244673
103,0.6,0.3,7,0.4735176586398141,0.45382986597244673
103,0.6,1,5,0.4464802964439666,0.45382986597244673
103,0.6,0.7,5,0.4800951107135143,0.45382986597244673
103,0.6,0.5,5,0.46570331748330374,0.45382986597244673
103,0.6,0.3,5,0.4754321873054441,0.45382986597244673
103,0.6,1,3,0.468033315995228,0.45382986597244673
103,0.6,0.7,3,0.4629758069320348,0.45382986597244673
103,0.6,0.5,3,0.46840783462282803,0.45382986597244673
103,0.6,0.3,3,0.35569447691404904,0.45382986597244673
104,0.6,1,100,0.49638870546606495,0.5262882582081247
104,0.6,0.7,100,0.5049069395139992,0.5262882582081247
104,0.6,0.5,100,0.5149026154702282,0.5262882582081247
104,0.6,0.3,100,0.5128992765720647,0.5262882582081247
104,0.6,1,7,0.5342153102080723,0.5262882582081247
104,0.6,0.7,7,0.5301844217468574,0.5262882582081247
104,0.6,0.5,7,0.5387134185473171,0.5262882582081247
104,0.6,0.3,7,0.5346742404305547,0.5262882582081247
104,0.6,1,5,0.5363235281103362,0.5262882582081247
104,0.6,0.7,5,0.513732313087402,0.5262882582081247
104,0.6,0.5,5,0.48683470879274127,0.5262882582081247
104,0.6,0.3,5,0.5032524827793508,0.5262882582081247
104,0.6,1,3,0.5057267062035118,0.5262882582081247
104,0.6,0.7,3,0.5252225759592357,0.5262882582081247
104,0.6,0.5,3,0.4826799377495288,0.5262882582081247
104,0.6,0.3,3,0.39713454761683914,0.5262882582081247
105,0.6,1,100,0.47075949091271774,0.4573956594323874
105,0.6,0.7,100,0.5027226007882587,0.4573956594323874
105,0.6,0.5,100,0.4946021146355037,0.4573956594323874
105,0.6,0.3,100,0.4914746800222594,0.4573956594323874
105,0.6,1,7,0.47071580727241913,0.4573956594323874
105,0.6,0.7,7,0.4792229799934245,0.4573956594323874
105,0.6,0.5,7,0.5138314320466127,0.4573956594323874
105,0.6,0.3,7,0.5086016309598719,0.4573956594323874
105,0.6,1,5,0.4812472081433958,0.4573956594323874
105,0.6,0.7,5,0.4769993785350414,0.4573956594323874
105,0.6,0.5,5,0.4857330657487512,0.4573956594323874
105,0.6,0.3,5,0.488821527587764,0.4573956594323874
105,0.6,1,3,0.46285147306568786,0.4573956594323874
105,0.6,0.7,3,0.44010912511494676,0.4573956594323874
105,0.6,0.5,3,0.4580625086245723,0.4573956594323874
105,0.6,0.3,3,0.35672589104657126,0.4573956594323874
106,0.6,1,100,0.4471102414028995,0.4937785197551475
106,0.6,0.7,100,0.449415692821369,0.4937785197551475
106,0.6,0.5,100,0.4462771285475794,0.4937785197551475
106,0.6,0.3,100,0.4600111296605454,0.4937785197551475
106,0.6,1,7,0.4044577534160968,0.4937785197551475
106,0.6,0.7,7,0.4738856113432853,0.4937785197551475
106,0.6,0.5,7,0.4471708081036532,0.4937785197551475
106,0.6,0.3,7,0.46143090068072146,0.4937785197551475
106,0.6,1,5,0.44938441356866177,0.4937785197551475
106,0.6,0.7,5,0.4524228931269825,0.4937785197551475
106,0.6,0.5,5,0.474632386432923,0.4937785197551475
106,0.6,0.3,5,0.4559965357061222,0.4937785197551475
106,0.6,1,3,0.4421771253416271,0.4937785197551475
106,0.6,0.7,3,0.4522560725301297,0.4937785197551475
106,0.6,0.5,3,0.40997912287704785,0.4937785197551475
106,0.6,0.3,3,0.36823873348642044,0.4937785197551475
107,0.6,1,100,0.39707261607771677,0.48020723485782674
107,0.6,0.7,100,0.36387969916584695,0.48020723485782674
107,0.6,0.5,100,0.39109627156371735,0.48020723485782674
107,0.6,0.3,100,0.4066221480244853,0.48020723485782674
107,0.6,1,7,0.373795200376645,0.48020723485782674
107,0.6,0.7,7,0.37711178330368433,0.48020723485782674
107,0.6,0.5,7,0.4348017314461035,0.48020723485782674
107,0.6,0.3,7,0.41363784809779314,0.48020723485782674
107,0.6,1,5,0.4041449544389124,0.48020723485782674
107,0.6,0.7,5,0.4026784697576258,0.48020723485782674
107,0.6,0.5,5,0.4127279724550205,0.48020723485782674
107,0.6,0.3,5,0.3933601194608618,0.48020723485782674
107,0.6,1,3,0.3868289183851668,0.48020723485782674
107,0.6,0.7,3,0.40146383860479146,0.48020723485782674
107,0.6,0.5,3,0.42023518023899215,0.48020723485782674
107,0.6,0.3,3,0.32991853083201333,0.48020723485782674
108,0.6,1,100,0.4266747592894176,0.5201669449081804
108,0.6,0.7,100,0.41292153589315533,0.5201669449081804
108,0.6,0.5,100,0.43559265442404016,0.5201669449081804
108,0.6,0.3,100,0.39489148580968286,0.5201669449081804
108,0.6,1,7,0.4105616249739995,0.5201669449081804
108,0.6,0.7,7,0.43155597957738256,0.5201669449081804
108,0.6,0.5,7,0.42260361014317527,0.5201669449081804
108,0.6,0.3,7,0.41922209173698727,0.5201669449081804
108,0.6,1,5,0.4265534659858531,0.5201669449081804
108,0.6,0.7,5,0.44210606426875393,0.5201669449081804
108,0.6,0.5,5,0.41504818727032833,0.5201669449081804
108,0.6,0.3,5,0.40046347854726805,0.5201669449081804
108,0.6,1,3,0.4117761009290958,0.5201669449081804
108,0.6,0.7,3,0.4374340086897745,0.5201669449081804
108,0.6,0.5,3,0.4088677027614506,0.5201669449081804
108,0.6,0.3,3,0.3159040758053951,0.5201669449081804
109,0.6,1,100,0.4289817051957585,0.5354034501947691
109,0.6,0.7,100,0.44345946127973407,0.5354034501947691
109,0.6,0.5,100,0.4211797440178075,0.5354034501947691
109,0.6,0.3,100,0.4564607679465777,0.5354034501947691
109,0.6,1,7,0.4309786719579884,0.5354034501947691
109,0.6,0.7,7,0.41206896965911055,0.5354034501947691
109,0.6,0.5,7,0.433642246318163,0.5354034501947691
109,0.6,0.3,7,0.46270121102214407,0.5354034501947691
109,0.6,1,5,0.4471492848393735,0.5354034501947691
109,0.6,0.7,5,0.44809406889593084,0.5354034501947691
109,0.6,0.5,5,0.4472381592621725,0.5354034501947691
109,0.6,0.3,5,0.43822296232654323,0.5354034501947691
109,0.6,1,3,0.39148106804569444,0.5354034501947691
109,0.6,0.7,3,0.381524505914747,0.5354034501947691
109,0.6,0.5,3,0.4555485715744764,0.5354034501947691
109,0.6,0.3,3,0.3244012031191828,0.5354034501947691
110,0.6,1,100,0.4587359243557632,0.49080270117803004
110,0.6,0.7,100,0.4607080153273686,0.49080270117803004
110,0.6,0.5,100,0.4400222593210908,0.49080270117803004
110,0.6,0.3,100,0.4502949360044519,0.49080270117803004
110,0.6,1,7,0.4891927948126931,0.49080270117803004
110,0.6,0.7,7,0.4482051541407331,0.49080270117803004
110,0.6,0.5,7,0.4848088360053794,0.49080270117803004
110,0.6,0.3,7,0.47897251156929566,0.49080270117803004
110,0.6,1,5,0.44905844957997887,0.49080270117803004
110,0.6,0.7,5,0.4288828368890457,0.49080270117803004
110,0.6,0.5,5,0.4810984793342849,0.49080270117803004
110,0.6,0.3,5,0.4742459250735889,0.49080270117803004
110,0.6,1,3,0.4684144445875606,0.49080270117803004
110,0.6,0.7,3,0.4449898315026041,0.49080270117803004
110,0.6,0.5,3,0.437279923711809,0.49080270117803004
110,0.6,0.3,3,0.35881867121420274,0.49080270117803004
111,0.6,1,100,0.43963713540380495,0.5093600445186423
111,0.6,0.7,100,0.4611309436048557,0.5093600445186423
111,0.6,0.5,100,0.3934335002782416,0.5093600445186423
111,0.6,0.3,100,0.40737896494156933,0.5093600445186423
111,0.6,1,7,0.42061747378519654,0.5093600445186423
111,0.6,0.7,7,0.4870157632787172,0.5093600445186423
111,0.6,0.5,7,0.42126881001170857,0.5093600445186423
111,0.6,0.3,7,0.4755580466882933,0.5093600445186423
111,0.6,1,5,0.4333640163856876,0.5093600445186423
111,0.6,0.7,5,0.42615632649758295,0.5093600445186423
111,0.6,0.5,5,0.4388193756675505,0.5093600445186423
111,0.6,0.3,5,0.43388157594462873,0.5093600445186423
111,0.6,1,3,0.457190988558047,0.5093600445186423
111,0.6,0.7,3,0.46376477006259137,0.5093600445186423
111,0.6,0.5,3,0.41872436965723825,0.5093600445186423
111,0.6,0.3,3,0.32146221191453456,0.5093600445186423
112,0.6,1,100,0.43836951648671035,0.5124540901502505
112,0.6,0.7,100,0.4046633277685031,0.5124540901502505
112,0.6,0.5,100,0.44752365052865895,0.5124540901502505
112,0.6,0.3,100,0.4306622148024486,0.5124540901502505
112,0.6,1,7,0.4069048953436813,0.5124540901502505
112,0.6,0.7,7,0.48282234616031067,0.5124540901502505
112,0.6,0.5,7,0.4201073055641524,0.5124540901502505
112,0.6,0.3,7,0.427582393063753,0.5124540901502505
112,0.6,1,5,0.4267545152536699,0.5124540901502505
112,0.6,0.7,5,0.4538225139748948,0.5124540901502505
112,0.6,0.5,5,0.42047437353264727,0.5124540901502505
112,0.6,0.3,5,0.4100308187912355,0.5124540901502505
112,0.6,1,3,0.3998724951593971,0.5124540901502505
112,0.6,0.7,3,0.3939324076058947,0.5124540901502505
112,0.6,0.5,3,0.4329227776540563,0.5124540901502505
112,0.6,0.3,3,0.3472809673921308,0.5124540901502505
113,0.6,1,100,0.4946774751355685,0.5020255982192544
113,0.6,0.7,100,0.49985252960548815,0.5020255982192544
113,0.6,0.5,100,0.4618363939899834,0.5020255982192544
113,0.6,0.3,100,0.46958263772954933,0.5020255982192544
113,0.6,1,7,0.4898136333301825,0.5020255982192544
113,0.6,0.7,7,0.491153525359731,0.5020255982192544
113,0.6,0.5,7,0.4693655249331523,0.5020255982192544
113,0.6,0.3,7,0.528699077741372,0.5020255982192544
113,0.6,1,5,0.4631073991487907,0.5020255982192544
113,0.6,0.7,5,0.5212267156744276,0.5020255982192544
113,0.6,0.5,5,0.5118748329156144,0.5020255982192544
113,0.6,0.3,5,0.48252637775275825,0.5020255982192544
113,0.6,1,3,0.48182079651382453,0.5020255982192544
113,0.6,0.7,3,0.4982512313631528,0.5020255982192544
113,0.6,0.5,3,0.4784170614167775,0.5020255982192544
113,0.6,0.3,3,0.4267485300545496,0.5020255982192544
114,0.6,1,100,0.3866021463527452,0.514424040066778
114,0.6,0.7,100,0.41828835998622066,0.514424040066778
114,0.6,0.5,100,0.41386755703951034,0.514424040066778
114,0.6,0.3,100,0.445353366722315,0.514424040066778
114,0.6,1,7,0.45652505952963385,0.514424040066778
114,0.6,0.7,7,0.4514790727596447,0.514424040066778
114,0.6,0.5,7,0.4224924769450799,0.514424040066778
114,0.6,0.3,7,0.41596838787901064,0.514424040066778
114,0.6,1,5,0.4688738833998564,0.514424040066778
114,0.6,0.7,5,0.46403329354173106,0.514424040066778
114,0.6,0.5,5,0.45519611926064735,0.514424040066778
114,0.6,0.3,5,0.4451890476584632,0.514424040066778
114,0.6,1,3,0.43243881758376385,0.514424040066778
114,0.6,0.7,3,0.4126776425790846,0.514424040066778
114,0.6,0.5,3,0.4269772579467991,0.514424040066778
114,0.6,0.3,3,0.36565127094226724,0.514424040066778
115,0.6,1,100,0.46565568693907755,0.5415915414579856
115,0.6,0.7,100,0.421636060100167,0.5415915414579856
115,0.6,0.5,100,0.4927879799666111,0.5415915414579856
115,0.6,0.3,100,0.4423038397328882,0.5415915414579856
115,0.6,1,7,0.46836881858078716,0.5415915414579856
115,0.6,0.7,7,0.48078751175117046,0.5415915414579856
115,0.6,0.5,7,0.48018830485110187,0.5415915414579856
115,0.6,0.3,7,0.514384189695889,0.5415915414579856
115,0.6,1,5,0.4640705179549785,0.5415915414579856
115,0.6,0.7,5,0.4748905338013491,0.5415915414579856
115,0.6,0.5,5,0.5040645806412505,0.5415915414579856
115,0.6,0.3,5,0.4232115023221426,0.5415915414579856
115,0.6,1,3,0.5019219406511445,0.5415915414579856
115,0.6,0.7,3,0.4665644609722905,0.5415915414579856
115,0.6,0.5,3,0.44582661423222014,0.5415915414579856
115,0.6,0.3,3,0.3688748739904967,0.5415915414579856
116,0.6,1,100,0.4529640261373939,0.5204117974401782
116,0.6,0.7,100,0.47239519865011553,0.5204117974401782
116,0.6,0.5,100,0.4709181969949917,0.5204117974401782
116,0.6,0.3,100,0.48372843628269346,0.5204117974401782
116,0.6,1,7,0.4916462141249573,0.5204117974401782
116,0.6,0.7,7,0.4432296566427823,0.5204117974401782
116,0.6,0.5,7,0.49670386848353126,0.5204117974401782
116,0.6,0.3,7,0.49564590644050854,0.5204117974401782
116,0.6,1,5,0.4616725349000318,0.5204117974401782
116,0.6,0.7,5,0.4932893313376068,0.5204117974401782
116,0.6,0.5,5,0.47766780078914695,0.5204117974401782
116,0.6,0.3,5,0.49174586736127546,0.5204117974401782
116,0.6,1,3,0.4730469318533876,0.5204117974401782
116,0.6,0.7,3,0.5086606777941312,0.5204117974401782
116,0.6,0.5,3,0.4401446194678612,0.5204117974401782
116,0.6,0.3,3,0.3689440159030665,0.5204117974401782
117,0.6,1,100,0.4688020797016255,0.5214023372287147
117,0.6,0.7,100,0.4466537005194606,0.5214023372287147
117,0.6,0.5,100,0.5049081803005009,0.5214023372287147
117,0.6,0.3,100,0.46800222593210916,0.5214023372287147
117,0.6,1,7,0.46478061482195665,0.5214023372287147
117,0.6,0.7,7,0.4765737172019306,0.5214023372287147
117,0.6,0.5,7,0.4932351737888106,0.5214023372287147
117,0.6,0.3,7,0.45729870555864505,0.5214023372287147
117,0.6,1,5,0.47718645275133853,0.5214023372287147
117,0.6,0.7,5,0.48458403735076244,0.5214023372287147
117,0.6,0.5,5,0.5095169925891383,0.5214023372287147
117,0.6,0.3,5,0.47100980294040734,0.5214023372287147
117,0.6,1,3,0.4753411656901135,0.5214023372287147
117,0.6,0.7,3,0.4628918404757033,0.5214023372287147
117,0.6,0.5,3,0.4537122653855973,0.5214023372287147
117,0.6,0.3,3,0.38952341498173876,0.5214023372287147
118,0.6,1,100,0.4235715183092876,0.492531997774068
118,0.6,0.7,100,0.42313011112861126,0.492531997774068
118,0.6,0.5,100,0.41319977740678915,0.492531997774068
118,0.6,0.3,100,0.43195325542570956,0.492531997774068
118,0.6,1,7,0.4003179541448695,0.492531997774068
118,0.6,0.7,7,0.39076624910466246,0.492531997774068
118,0.6,0.5,7,0.4192829539337914,0.492531997774068
118,0.6,0.3,7,0.41705707849122625,0.492531997774068
118,0.6,1,5,0.43408225343462387,0.492531997774068
118,0.6,0.7,5,0.45162825135807017,0.492531997774068
118,0.6,0.5,5,0.4274748695177175,0.492531997774068
118,0.6,0.3,5,0.47326995157002705,0.492531997774068
118,0.6,1,3,0.39218824388889817,0.492531997774068
118,0.6,0.7,3,0.42369046323632953,0.492531997774068
118,0.6,0.5,3,0.4157200815160778,0.492531997774068
118,0.6,0.3,3,0.3835497994563112,0.492531997774068
119,0.6,1,100,0.512891649203603,0.5260879243183084
119,0.6,0.7,100,0.5548166656550328,0.5260879243183084
119,0.6,0.5,100,0.538330550918197,0.5260879243183084
119,0.6,0.3,100,0.5261992209237619,0.5260879243183084
119,0.6,1,7,0.5276623310948337,0.5260879243183084
119,0.6,0.7,7,0.5408506551628843,0.5260879243183084
119,0.6,0.5,7,0.5575268257068913,0.5260879243183084
119,0.6,0.3,7,0.5499887056888931,0.5260879243183084
119,0.6,1,5,0.5042808217870425,0.5260879243183084
119,0.6,0.7,5,0.5603173309785825,0.5260879243183084
119,0.6,0.5,5,0.5578420200152199,0.5260879243183084
119,0.6,0.3,5,0.5442018470304032,0.5260879243183084
119,0.6,1,3,0.5181994847326201,0.5260879243183084
119,0.6,0.7,3,0.5403433600633593,0.5260879243183084
119,0.6,0.5,3,0.5137608476191302,0.5260879243183084
119,0.6,0.3,3,0.4299218528572981,0.5260879243183084
120,0.6,1,100,0.4435823719523122,0.4940901502504174
120,0.6,0.7,100,0.42774662979417444,0.4940901502504174
120,0.6,0.5,100,0.4514079020589873,0.4940901502504174
120,0.6,0.3,100,0.4159599332220368,0.4940901502504174
120,0.6,1,7,0.41961119211932957,0.4940901502504174
120,0.6,0.7,7,0.44670865567167684,0.4940901502504174
120,0.6,0.5,7,0.4463195584087747,0.4940901502504174
120,0.6,0.3,7,0.45978924123087134,0.4940901502504174
120,0.6,1,5,0.45796476579951734,0.4940901502504174
120,0.6,0.7,5,0.4232463871203195,0.4940901502504174
120,0.6,0.5,5,0.44798886653758446,0.4940901502504174
120,0.6,0.3,5,0.4612721570517529,0.4940901502504174
120,0.6,1,3,0.4521572648137853,0.4940901502504174
120,0.6,0.7,3,0.4592197379752283,0.4940901502504174
120,0.6,0.5,3,0.42932184355763736,0.4940901502504174
120,0.6,0.3,3,0.37712559189743583,0.4940901502504174
121,0.6,1,100,0.46341634064890386,0.5382040573311243
121,0.6,0.7,100,0.48322607035131204,0.5382040573311243
121,0.6,0.5,100,0.47222036727879807,0.5382040573311243
121,0.6,0.3,100,0.47398998330550923,0.5382040573311243
121,0.6,1,7,0.45700035828678737,0.5382040573311243
121,0.6,0.7,7,0.4705260505007475,0.5382040573311243
121,0.6,0.5,7,0.5425398118448175,0.5382040573311243
121,0.6,0.3,7,0.45770936118071204,0.5382040573311243
121,0.6,1,5,0.5044678363803783,0.5382040573311243
121,0.6,0.7,5,0.5209835419247293,0.5382040573311243
121,0.6,0.5,5,0.5079041090444004,0.5382040573311243
121,0.6,0.3,5,0.4695015661380425,0.5382040573311243
121,0.6,1,3,0.44953869561866183,0.5382040573311243
121,0.6,0.7,3,0.49208505383433904,0.5382040573311243
121,0.6,0.5,3,0.4621259468131175,0.5382040573311243
121,0.6,0.3,3,0.3455554965070277,0.5382040573311243
122,0.6,1,100,0.3941423909772016,0.49267668336115755
122,0.6,0.7,100,0.40385535734674194,0.49267668336115755
122,0.6,0.5,100,0.42195882025598225,0.49267668336115755
122,0.6,0.3,100,0.4342125765164163,0.49267668336115755
122,0.6,1,7,0.4069752091281503,0.49267668336115755
122,0.6,0.7,7,0.4078909728548433,0.49267668336115755
122,0.6,0.5,7,0.4214456606197046,0.49267668336115755
122,0.6,0.3,7,0.4228962496588069,0.49267668336115755
122,0.6,1,5,0.40985318907254814,0.49267668336115755
122,0.6,0.7,5,0.39028013488689617,0.49267668336115755
122,0.6,0.5,5,0.41529707576976505,0.49267668336115755
122,0.6,0.3,5,0.43994360220305956,0.49267668336115755
122,0.6,1,3,0.42477653135237753,0.49267668336115755
122,0.6,0.7,3,0.4250380808240847,0.49267668336115755
122,0.6,0.5,3,0.43735277162268704,0.49267668336115755
122,0.6,0.3,3,0.33451707391474156,0.49267668336115755
123,0.6,1,100,0.4431941505133266,0.5304162249730558
123,0.6,0.7,100,0.46708106334091803,0.5304162249730558
123,0.6,0.5,100,0.43578185865331115,0.5304162249730558
123,0.6,0.3,100,0.4699721758486367,0.5304162249730558
123,0.6,1,7,0.4156744435019552,0.5304162249730558
123,0.6,0.7,7,0.412217595839773,0.5304162249730558
123,0.6,0.5,7,0.44656503739630776,0.5304162249730558
123,0.6,0.3,7,0.4656212941484113,0.5304162249730558
123,0.6,1,5,0.4971692147763555,0.5304162249730558
123,0.6,0.7,5,0.4751860252209112,0.5304162249730558
123,0.6,0.5,5,0.41752198512693123,0.5304162249730558
123,0.6,0.3,5,0.45745417279887474,0.5304162249730558
123,0.6,1,3,0.450438385885029,0.5304162249730558
123,0.6,0.7,3,0.4366037306704838,0.5304162249730558
123,0.6,0.5,3,0.4557514381909479,0.5304162249730558
123,0.6,0.3,3,0.3180577775669463,0.5304162249730558
124,0.6,1,100,0.46947510729167613,0.48002915979362165
124,0.6,0.7,100,0.4549453668386113,0.48002915979362165
124,0.6,0.5,100,0.4435281023928771,0.48002915979362165
124,0.6,0.3,100,0.4203005008347246,0.48002915979362165
124,0.6,1,7,0.4538785942846104,0.48002915979362165
124,0.6,0.7,7,0.4519137452330739,0.48002915979362165
124,0.6,0.5,7,0.42578075948987215,0.48002915979362165
124,0.6,0.3,7,0.4628626365261015,0.48002915979362165
124,0.6,1,5,0.46076542470253096,0.48002915979362165
124,0.6,0.7,5,0.4260319713657032,0.48002915979362165
124,0.6,0.5,5,0.4261820824168438,0.48002915979362165
124,0.6,0.3,5,0.465061269911668,0.48002915979362165
124,0.6,1,3,0.43680126011322096,0.48002915979362165
124,0.6,0.7,3,0.4543104954893253,0.48002915979362165
124,0.6,0.5,3,0.434754205965792,0.48002915979362165
124,0.6,0.3,3,0.3700022004319451,0.48002915979362165
125,0.6,1,100,0.46219524198169376,0.5029716193656094
125,0.6,0.7,100,0.4494713411240958,0.5029716193656094
125,0.6,0.5,100,0.4380411797440179,0.5029716193656094
125,0.6,0.3,100,0.4675681691708404,0.5029716193656094
125,0.6,1,7,0.4349573220134281,0.5029716193656094
125,0.6,0.7,7,0.45271121576320533,0.5029716193656094
125,0.6,0.5,7,0.45037943466669794,0.5029716193656094
125,0.6,0.3,7,0.45904821034607496,0.5029716193656094
125,0.6,1,5,0.44014544742653544,0.5029716193656094
125,0.6,0.7,5,0.48829101537668457,0.5029716193656094
125,0.6,0.5,5,0.4606462881646192,0.5029716193656094
125,0.6,0.3,5,0.4590800734634722,0.5029716193656094
125,0.6,1,3,0.4690623878068149,0.5029716193656094
125,0.6,0.7,3,0.4452755696430677,0.5029716193656094
125,0.6,0.5,3,0.44755370396798716,0.5029716193656094
125,0.6,0.3,3,0.3503236053884305,0.5029716193656094
126,0.6,1,100,0.5357796544723765,0.5217098545091272
126,0.6,0.7,100,0.5500379803028046,0.5217098545091272
126,0.6,0.5,100,0.5219365609348916,0.5217098545091272
126,0.6,0.3,100,0.5719755147468003,0.5217098545091272
126,0.6,1,7,0.5525128199344178,0.5217098545091272
126,0.6,0.7,7,0.5544492857071708,0.5217098545091272
126,0.6,0.5,7,0.5317072015708422,0.5217098545091272
126,0.6,0.3,7,0.511854916347016,0.5217098545091272
126,0.6,1,5,0.5320993006583394,0.5217098545091272
126,0.6,0.7,5,0.5268658548221529,0.5217098545091272
126,0.6,0.5,5,0.5427885954050695,0.5217098545091272
126,0.6,0.3,5,0.5171938290773649,0.5217098545091272
126,0.6,1,3,0.5489658762035359,0.5217098545091272
126,0.6,0.7,3,0.5546245034402781,0.5217098545091272
126,0.6,0.5,3,0.5582414603031914,0.5217098545091272
126,0.6,0.3,3,0.4655951062676155,0.5217098545091272
127,0.6,1,100,0.43836547128325715,0.5212687813021704
127,0.6,0.7,100,0.4294447118678612,0.5212687813021704
127,0.6,0.5,100,0.4198775737340012,0.5212687813021704
127,0.6,0.3,100,0.4576627712854759,0.5212687813021704
127,0.6,1,7,0.454864960380817,0.5212687813021704
127,0.6,0.7,7,0.45122199247044076,0.5212687813021704
127,0.6,0.5,7,0.4323784781441237,0.5212687813021704
127,0.6,0.3,7,0.4779973589489793,0.5212687813021704
127,0.6,1,5,0.4297444467362898,0.5212687813021704
127,0.6,0.7,5,0.45533480322007647,0.5212687813021704
127,0.6,0.5,5,0.4756246589948967,0.5212687813021704
127,0.6,0.3,5,0.4410574838950664,0.5212687813021704
127,0.6,1,3,0.4703210820603734,0.5212687813021704
127,0.6,0.7,3,0.43780257850085885,0.5212687813021704
127,0.6,0.5,3,0.43791664890973026,0.5212687813021704
127,0.6,0.3,3,0.3420715651158726,0.5212687813021704
128,0.6,1,100,0.40623513122028093,0.4878686700055649
128,0.6,0.7,100,0.3792386734535366,0.4878686700055649
128,0.6,0.5,100,0.3823260990539789,0.4878686700055649
128,0.6,0.3,100,0.403461324429605,0.4878686700055649
128,0.6,1,7,0.4073842859561966,0.4878686700055649
128,0.6,0.7,7,0.384965056953286,0.4878686700055649
128,0.6,0.5,7,0.3673374015233782,0.4878686700055649
128,0.6,0.3,7,0.39575253491025,0.4878686700055649
128,0.6,1,5,0.38773752172560977,0.4878686700055649
128,0.6,0.7,5,0.4246379149079575,0.4878686700055649
128,0.6,0.5,5,0.40205983981867555,0.4878686700055649
128,0.6,0.3,5,0.4165904229465762,0.4878686700055649
128,0.6,1,3,0.40835895117147014,0.4878686700055649
128,0.6,0.7,3,0.3663203862035799,0.4878686700055649
128,0.6,0.5,3,0.37003006435573543,0.4878686700055649
128,0.6,0.3,3,0.34352948992058613,0.4878686700055649
129,0.6,1,100,0.380392681494709,0.4579478518321896
129,0.6,0.7,100,0.3789159123996649,0.4579478518321896
129,0.6,0.5,100,0.39609348914858106,0.4579478518321896
129,0.6,0.3,100,0.4089371174179188,0.4579478518321896
129,0.6,1,7,0.3961352032281397,0.4579478518321896
129,0.6,0.7,7,0.4136808429007298,0.4579478518321896
129,0.6,0.5,7,0.4319065789899346,0.4579478518321896
129,0.6,0.3,7,0.3608389101177586,0.4579478518321896
129,0.6,1,5,0.42222590791846587,0.4579478518321896
129,0.6,0.7,5,0.39188579508128774,0.4579478518321896
129,0.6,0.5,5,0.41154043529526707,0.4579478518321896
129,0.6,0.3,5,0.37683926945299895,0.4579478518321896
129,0.6,1,3,0.3953433316023674,0.4579478518321896
129,0.6,0.7,3,0.4410155391170435,0.4579478518321896
129,0.6,0.5,3,0.395040795319488,0.4579478518321896
129,0.6,0.3,3,0.30218238320179797,0.4579478518321896
130,0.6,1,100,0.4237462260545067,0.48819143016138017
130,0.6,0.7,100,0.4186936899919587,0.48819143016138017
130,0.6,0.5,100,0.4428825820812466,0.48819143016138017
130,0.6,0.3,100,0.44335002782415145,0.48819143016138017
130,0.6,1,7,0.4366342193668707,0.48819143016138017
130,0.6,0.7,7,0.45719075633174777,0.48819143016138017
130,0.6,0.5,7,0.41718490285030435,0.48819143016138017
130,0.6,0.3,7,0.4157808611842198,0.48819143016138017
130,0.6,1,5,0.43408455003033153,0.48819143016138017
130,0.6,0.7,5,0.4634030840597439,0.48819143016138017
130,0.6,0.5,5,0.4631276696893104,0.48819143016138017
130,0.6,0.3,5,0.45001684140443,0.48819143016138017
130,0.6,1,3,0.45262062868851693,0.48819143016138017
130,0.6,0.7,3,0.4547111939567805,0.48819143016138017
130,0.6,0.5,3,0.44166252447930826,0.48819143016138017
130,0.6,0.3,3,0.3174361880801229,0.48819143016138017
131,0.6,1,100,0.4933659956858861,0.5256427378964943
131,0.6,0.7,100,0.4941874378112909,0.5256427378964943
131,0.6,0.5,100,0.508625486922649,0.5256427378964943
131,0.6,0.3,100,0.4999777406789094,0.5256427378964943
131,0.6,1,7,0.4969017878564239,0.5256427378964943
131,0.6,0.7,7,0.5205783068748167,0.5256427378964943
131,0.6,0.5,7,0.5147450319657987,0.5256427378964943
131,0.6,0.3,7,0.5165660548448454,0.5256427378964943
131,0.6,1,5,0.5124314943808694,0.5256427378964943
131,0.6,0.7,5,0.5446116661340203,0.5256427378964943
131,0.6,0.5,5,0.48818457724045855,0.5256427378964943
131,0.6,0.3,5,0.5005466647460676,0.5256427378964943
131,0.6,1,3,0.4818984215647906,0.5256427378964943
131,0.6,0.7,3,0.48940679691862815,0.5256427378964943
131,0.6,0.5,3,0.4790210496048671,0.5256427378964943
131,0.6,0.3,3,0.4102580365103609,0.5256427378964943
132,0.6,1,100,0.5221862334001904,0.521791875347802
132,0.6,0.7,100,0.532474109269127,0.521791875347802
132,0.6,0.5,100,0.5415429647849699,0.521791875347802
132,0.6,0.3,100,0.5149360044518643,0.521791875347802
132,0.6,1,7,0.5406647577034215,0.521791875347802
132,0.6,0.7,7,0.5183329202986373,0.521791875347802
132,0.6,0.5,7,0.5284067115496439,0.521791875347802
132,0.6,0.3,7,0.536393432333078,0.521791875347802
132,0.6,1,5,0.5402369955912971,0.521791875347802
132,0.6,0.7,5,0.5431239188948965,0.521791875347802
132,0.6,0.5,5,0.551638381759225,0.521791875347802
132,0.6,0.3,5,0.5086334926486921,0.521791875347802
132,0.6,1,3,0.5181587425333964,0.521791875347802
132,0.6,0.7,3,0.5476210389434591,0.521791875347802
132,0.6,0.5,3,0.5205495422660824,0.521791875347802
132,0.6,0.3,3,0.4384863184795662,0.521791875347802
133,0.6,1,100,0.4308504893649819,0.48726766833611584
133,0.6,0.7,100,0.44439621591541467,0.48726766833611584
133,0.6,0.5,100,0.4359599332220368,0.48726766833611584
133,0.6,0.3,100,0.45878686700055654,0.48726766833611584
133,0.6,1,7,0.4556763611757766,0.48726766833611584
133,0.6,0.7,7,0.471747488231869,0.48726766833611584
133,0.6,0.5,7,0.47386648083455934,0.48726766833611584
133,0.6,0.3,7,0.4688861033761559,0.48726766833611584
133,0.6,1,5,0.44007365299138423,0.48726766833611584
133,0.6,0.7,5,0.46204757177774736,0.48726766833611584
133,0.6,0.5,5,0.439736032207002,0.48726766833611584
133,0.6,0.3,5,0.42549411525208247,0.48726766833611584
133,0.6,1,3,0.42438144380641163,0.48726766833611584
133,0.6,0.7,3,0.4265584261297072,0.48726766833611584
133,0.6,0.5,3,0.428324182450965,0.48726766833611584
133,0.6,0.3,3,0.3743777298590134,0.48726766833611584
134,0.6,1,100,0.40531944435087514,0.47340011129660553
134,0.6,0.7,100,0.45456872565386763,0.47340011129660553
134,0.6,0.5,100,0.44693377851975524,0.47340011129660553
134,0.6,0.3,100,0.4584418475236506,0.47340011129660553
134,0.6,1,7,0.45402929883986937,0.47340011129660553
134,0.6,0.7,7,0.4205079846006273,0.47340011129660553
134,0.6,0.5,7,0.44877514936890006,0.47340011129660553
134,0.6,0.3,7,0.4363293094712301,0.47340011129660553
134,0.6,1,5,0.44668305718161894,0.47340011129660553
134,0.6,0.7,5,0.43322872160057213,0.47340011129660553
134,0.6,0.5,5,0.48604980957624805,0.47340011129660553
134,0.6,0.3,5,0.4246640473540615,0.47340011129660553
134,0.6,1,3,0.4498273908473332,0.47340011129660553
134,0.6,0.7,3,0.44109297197803093,0.47340011129660553
134,0.6,0.5,3,0.41515763226322666,0.47340011129660553
134,0.6,0.3,3,0.32859410182772314,0.47340011129660553
135,0.6,1,100,0.4063332183744925,0.45348914858096834
135,0.6,0.7,100,0.4234569378339648,0.45348914858096834
135,0.6,0.5,100,0.42917084028937125,0.45348914858096834
135,0.6,0.3,100,0.44716750139120764,0.45348914858096834
135,0.6,1,7,0.43656374170376777,0.45348914858096834
135,0.6,0.7,7,0.4706110422308311,0.45348914858096834
135,0.6,0.5,7,0.4703414132477243,0.45348914858096834
135,0.6,0.3,7,0.44551141342467565,0.45348914858096834
135,0.6,1,5,0.44280891672723754,0.45348914858096834
135,0.6,0.7,5,0.47431218900173666,0.45348914858096834
135,0.6,0.5,5,0.4544500601038697,0.45348914858096834
135,0.6,0.3,5,0.4695141789278811,0.45348914858096834
135,0.6,1,3,0.4652363642028907,0.45348914858096834
135,0.6,0.7,3,0.4399221197295091,0.45348914858096834
135,0.6,0.5,3,0.43519597229239015,0.45348914858096834
135,0.6,0.3,3,0.3648802448421774,0.45348914858096834
136,0.6,1,100,0.4467688574915526,0.5075194978302835
136,0.6,0.7,100,0.4671743660963162,0.5075194978302835
136,0.6,0.5,100,0.508057874234836,0.5075194978302835
136,0.6,0.3,100,0.47070673344463,0.5075194978302835
136,0.6,1,7,0.44011609032984617,0.5075194978302835
136,0.6,0.7,7,0.4682262633589642,0.5075194978302835
136,0.6,0.5,7,0.5099212927685755,0.5075194978302835
136,0.6,0.3,7,0.482436396270262,0.5075194978302835
136,0.6,1,5,0.4796689598635996,0.5075194978302835
136,0.6,0.7,5,0.5011610764017704,0.5075194978302835
136,0.6,0.5,5,0.5064120270864142,0.5075194978302835
136,0.6,0.3,5,0.4769610896774573,0.5075194978302835
136,0.6,1,3,0.4903858018788883,0.5075194978302835
136,0.6,0.7,3,0.43780363313424336,0.5075194978302835
136,0.6,0.5,3,0.45159988983924504,0.5075194978302835
136,0.6,0.3,3,0.36263683695054805,0.5075194978302835
137,0.6,1,100,0.4502199774619788,0.4916708171160299
137,0.6,0.7,100,0.5014107080950513,0.4916708171160299
137,0.6,0.5,100,0.4895603784084586,0.4916708171160299
137,0.6,0.3,100,0.493099610461881,0.4916708171160299
137,0.6,1,7,0.48189048726652367,0.4916708171160299
137,0.6,0.7,7,0.5073225494072485,0.4916708171160299
137,0.6,0.5,7,0.5061266404772348,0.4916708171160299
137,0.6,0.3,7,0.5386956896867504,0.4916708171160299
137,0.6,1,5,0.5008574870287308,0.4916708171160299
137,0.6,0.7,5,0.495572389829832,0.4916708171160299
137,0.6,0.5,5,0.5064919338245891,0.4916708171160299
137,0.6,0.3,5,0.5156280099825963,0.4916708171160299
137,0.6,1,3,0.47308972537723504,0.4916708171160299
137,0.6,0.7,3,0.49585153766662304,0.4916708171160299
137,0.6,0.5,3,0.4801732282521901,0.4916708171160299
137,0.6,0.3,3,0.3871194041398842,0.4916708171160299
138,0.6,1,100,0.46213782779434376,0.5039691262376944
138,0.6,0.7,100,0.4210620040550609,0.5039691262376944
138,0.6,0.5,100,0.4526432943795215,0.5039691262376944
138,0.6,0.3,100,0.4380745687256539,0.5039691262376944
138,0.6,1,7,0.46026128530314503,0.5039691262376944
138,0.6,0.7,7,0.45461354054633973,0.5039691262376944
138,0.6,0.5,7,0.46821595890397893,0.5039691262376944
138,0.6,0.3,7,0.4807702698676346,0.5039691262376944
138,0.6,1,5,0.4667789852730747,0.5039691262376944
138,0.6,0.7,5,0.4923121128335356,0.5039691262376944
138,0.6,0.5,5,0.450378744644221,0.5039691262376944
138,0.6,0.3,5,0.4477250543186796,0.5039691262376944
138,0.6,1,3,0.463638536455734,0.5039691262376944
138,0.6,0.7,3,0.4787372982824394,0.5039691262376944
138,0.6,0.5,3,0.4721781063040522,0.5039691262376944
138,0.6,0.3,3,0.34319541204776377,0.5039691262376944
139,0.6,1,100,0.4634122810867016,0.5269671675013913
139,0.6,0.7,100,0.45482470784641077,0.5269671675013913
139,0.6,0.5,100,0.5109181969949917,0.5269671675013913
139,0.6,0.3,100,0.45628269337785204,0.5269671675013913
139,0.6,1,7,0.4653019031354925,0.5269671675013913
139,0.6,0.7,7,0.48606974594556834,0.5269671675013913
139,0.6,0.5,7,0.48554031777058765,0.5269671675013913
139,0.6,0.3,7,0.463315031749159,0.5269671675013913
139,0.6,1,5,0.45176600732933,0.5269671675013913
139,0.6,0.7,5,0.4677087853636741,0.5269671675013913
139,0.6,0.5,5,0.4954254488365243,0.5269671675013913
139,0.6,0.3,5,0.4520528333501941,0.5269671675013913
139,0.6,1,3,0.45372213596507754,0.5269671675013913
139,0.6,0.7,3,0.4907054956321773,0.5269671675013913
139,0.6,0.5,3,0.40386658009909776,0.5269671675013913
139,0.6,0.3,3,0.3852536389658751,0.5269671675013913
140,0.6,1,100,0.4207833834502897,0.501224262659989
140,0.6,0.7,100,0.4550250417362271,0.501224262659989
140,0.6,0.5,100,0.47821925431274354,0.501224262659989
140,0.6,0.3,100,0.45301057317751814,0.501224262659989
140,0.6,1,7,0.4912965044132753,0.501224262659989
140,0.6,0.7,7,0.4793891330114787,0.501224262659989
140,0.6,0.5,7,0.48966462315776843,0.501224262659989
140,0.6,0.3,7,0.47477755505689545,0.501224262659989
140,0.6,1,5,0.4550522820114611,0.501224262659989
140,0.6,0.7,5,0.4956163075477419,0.501224262659989
140,0.6,0.5,5,0.48124966006649356,0.501224262659989
140,0.6,0.3,5,0.5021373481228248,0.501224262659989
140,0.6,1,3,0.4858877588819712,0.501224262659989
140,0.6,0.7,3,0.45965771691042123,0.501224262659989
140,0.6,0.5,3,0.43183384027669164,0.501224262659989
140,0.6,0.3,3,0.38303630004557326,0.501224262659989
141,0.6,1,100,0.39944118577773674,0.42130890737199084
141,0.6,0.7,100,0.35987957640833473,0.42130890737199084
141,0.6,0.5,100,0.3596772398441848,0.42130890737199084
141,0.6,0.3,100,0.37140790205898727,0.42130890737199084
141,0.6,1,7,0.34233675162569865,0.42130890737199084
141,0.6,0.7,7,0.3871250273018576,0.42130890737199084
141,0.6,0.5,7,0.42337225786933347,0.42130890737199084
141,0.6,0.3,7,0.41137593585281185,0.42130890737199084
141,0.6,1,5,0.34968346141996637,0.42130890737199084
141,0.6,0.7,5,0.4121625603801681,0.42130890737199084
141,0.6,0.5,5,0.33464604053590014,0.42130890737199084
141,0.6,0.3,5,0.37457304930016294,0.42130890737199084
141,0.6,1,3,0.3569342917352802,0.42130890737199084
141,0.6,0.7,3,0.3890893000931705,0.42130890737199084
141,0.6,0.5,3,0.3496793646579652,0.42130890737199084
141,0.6,0.3,3,0.28706583936062796,0.42130890737199084
142,0.6,1,100,0.4834335606993086,0.5443699064292259
142,0.6,0.7,100,0.5175712450010914,0.5443699064292259
142,0.6,0.5,100,0.4828158041179745,0.5443699064292259
142,0.6,0.3,100,0.4907623817473568,0.5443699064292259
142,0.6,1,7,0.48050973410047476,0.5443699064292259
142,0.6,0.7,7,0.48946698065212846,0.5443699064292259
142,0.6,0.5,7,0.49194326922276205,0.5443699064292259
142,0.6,0.3,7,0.4916173294797591,0.5443699064292259
142,0.6,1,5,0.45795124830087486,0.5443699064292259
142,0.6,0.7,5,0.4949312850434651,0.5443699064292259
142,0.6,0.5,5,0.5040858332594069,0.5443699064292259
142,0.6,0.3,5,0.47865946421601874,0.5443699064292259
142,0.6,1,3,0.5030348632739142,0.5443699064292259
142,0.6,0.7,3,0.4869985231253869,0.5443699064292259
142,0.6,0.5,3,0.4527570919735264,0.5443699064292259
142,0.6,0.3,3,0.38552599266424176,0.5443699064292259
143,0.6,1,100,0.4799292108100473,0.5162938230383974
143,0.6,0.7,100,0.4798065659633653,0.5162938230383974
143,0.6,0.5,100,0.5103505843071787,0.5162938230383974
143,0.6,0.3,100,0.46667779632721207,0.5162938230383974
143,0.6,1,7,0.4996722643661453,0.5162938230383974
143,0.6,0.7,7,0.4813118514119873,0.5162938230383974
143,0.6,0.5,7,0.5255058598195873,0.5162938230383974
143,0.6,0.3,7,0.43511309416643645,0.5162938230383974
143,0.6,1,5,0.4585674770401347,0.5162938230383974
143,0.6,0.7,5,0.5136889804735297,0.5162938230383974
143,0.6,0.5,5,0.4815838998003571,0.5162938230383974
143,0.6,0.3,5,0.4839797850433101,0.5162938230383974
143,0.6,1,3,0.503818844787186,0.5162938230383974
143,0.6,0.7,3,0.4655533425437449,0.5162938230383974
143,0.6,0.5,3,0.5078116582559614,0.5162938230383974
143,0.6,0.3,3,0.40456366429313145,0.5162938230383974
144,0.6,1,100,0.4314419737394944,0.5095673610686422
144,0.6,0.7,100,0.4731107401224263,0.5095673610686422
144,0.6,0.5,100,0.4596104618809127,0.5095673610686422
144,0.6,0.3,100,0.46412910406232616,0.5095673610686422
144,0.6,1,7,0.409380656901032,0.5095673610686422
144,0.6,0.7,7,0.38783234035180525,0.5095673610686422
144,0.6,0.5,7,0.4407538824017757,0.5095673610686422
144,0.6,0.3,7,0.4504341420515574,0.5095673610686422
144,0.6,1,5,0.41126015430303703,0.5095673610686422
144,0.6,0.7,5,0.487670580709312,0.5095673610686422
144,0.6,0.5,5,0.4443759575881343,0.5095673610686422
144,0.6,0.3,5,0.4540006017985952,0.5095673610686422
144,0.6,1,3,0.4321742527674935,0.5095673610686422
144,0.6,0.7,3,0.4466668878841005,0.5095673610686422
144,0.6,0.5,3,0.42951525966258286,0.5095673610686422
144,0.6,0.3,3,0.2995639643529972,0.5095673610686422
145,0.6,1,100,0.386431436053723,0.47069560378408465
145,0.6,0.7,100,0.37463550361713976,0.47069560378408465
145,0.6,0.5,100,0.3836171396772399,0.47069560378408465
145,0.6,0.3,100,0.41587089593767396,0.47069560378408465
145,0.6,1,7,0.3345400502688542,0.47069560378408465
145,0.6,0.7,7,0.385310141256773,0.47069560378408465
145,0.6,0.5,7,0.381376677791792,0.47069560378408465
145,0.6,0.3,7,0.3930874030604766,0.47069560378408465
145,0.6,1,5,0.43712008210593134,0.47069560378408465
145,0.6,0.7,5,0.3296785814226943,0.47069560378408465
145,0.6,0.5,5,0.4085163824357623,0.47069560378408465
145,0.6,0.3,5,0.39025309987403956,0.47069560378408465
145,0.6,1,3,0.3810415015104002,0.47069560378408465
145,0.6,0.7,3,0.37628200303094583,0.47069560378408465
145,0.6,0.5,3,0.29889366559389596,0.47069560378408465
145,0.6,0.3,3,0.32524096978232936,0.47069560378408465
146,0.6,1,100,0.46368408889425117,0.5254424040066779
146,0.6,0.7,100,0.46379698952259546,0.5254424040066779
146,0.6,0.5,100,0.4916972732331665,0.5254424040066779
146,0.6,0.3,100,0.4757929883138565,0.5254424040066779
146,0.6,1,7,0.4417032452334214,0.5254424040066779
146,0.6,0.7,7,0.47258784363038914,0.5254424040066779
146,0.6,0.5,7,0.5128618748989963,0.5254424040066779
146,0.6,0.3,7,0.48139408338830886,0.5254424040066779
146,0.6,1,5,0.4660687142027768,0.5254424040066779
146,0.6,0.7,5,0.4973158562568902,0.5254424040066779
146,0.6,0.5,5,0.5111181468021282,0.5254424040066779
146,0.6,0.3,5,0.4617097195109522,0.5254424040066779
146,0.6,1,3,0.47778060071768186,0.5254424040066779
146,0.6,0.7,3,0.4704774801344071,0.5254424040066779
146,0.6,0.5,3,0.4980978745667726,0.5254424040066779
146,0.6,0.3,3,0.3444551989092506,0.5254424040066779
147,0.6,1,100,0.40297868170783846,0.4835281023928771
147,0.6,0.7,100,0.4397451238520253,0.4835281023928771
147,0.6,0.5,100,0.44621035058430725,0.4835281023928771
147,0.6,0.3,100,0.47115191986644417,0.4835281023928771
147,0.6,1,7,0.41909656992719446,0.4835281023928771
147,0.6,0.7,7,0.4394939533155752,0.4835281023928771
147,0.6,0.5,7,0.43706459458719726,0.4835281023928771
147,0.6,0.3,7,0.4449013847289484,0.4835281023928771
147,0.6,1,5,0.45764185493567716,0.4835281023928771
147,0.6,0.7,5,0.4759877347645458,0.4835281023928771
147,0.6,0.5,5,0.4434117617674608,0.4835281023928771
147,0.6,0.3,5,0.43465370309600126,0.4835281023928771
147,0.6,1,3,0.45390809044724795,0.4835281023928771
147,0.6,0.7,3,0.422919697537487,0.4835281023928771
147,0.6,0.5,3,0.45359188818287727,0.4835281023928771
147,0.6,0.3,3,0.35845362755672133,0.4835281023928771
148,0.6,1,100,0.4141368371429168,0.4801669449081804
148,0.6,0.7,100,0.410328324986088,0.4801669449081804
148,0.6,0.5,100,0.3886811352253757,0.4801669449081804
148,0.6,0.3,100,0.39828603227601567,0.4801669449081804
148,0.6,1,7,0.41690742808223136,0.4801669449081804
148,0.6,0.7,7,0.41383231885124583,0.4801669449081804
148,0.6,0.5,7,0.4214269136169151,0.4801669449081804
148,0.6,0.3,7,0.4135422947009702,0.4801669449081804
148,0.6,1,5,0.4205434142474506,0.4801669449081804
148,0.6,0.7,5,0.404222481247073,0.4801669449081804
148,0.6,0.5,5,0.4155222975140628,0.4801669449081804
148,0.6,0.3,5,0.39332934037716805,0.4801669449081804
148,0.6,1,3,0.399151337028642,0.4801669449081804
148,0.6,0.7,3,0.3888968167235741,0.4801669449081804
148,0.6,0.5,3,0.3959934516921242,0.4801669449081804
148,0.6,0.3,3,0.2988994589916798,0.4801669449081804
149,0.6,1,100,0.4164577058340296,0.4401446855870897
149,0.6,0.7,100,0.4018119238753554,0.4401446855870897
149,0.6,0.5,100,0.39736227045075134,0.4401446855870897
149,0.6,0.3,100,0.4346911519198665,0.4401446855870897
149,0.6,1,7,0.3931154535377195,0.4401446855870897
149,0.6,0.7,7,0.41132069895876866,0.4401446855870897
149,0.6,0.5,7,0.4409907773839077,0.4401446855870897
149,0.6,0.3,7,0.41293034834871756,0.4401446855870897
149,0.6,1,5,0.4325853310948982,0.4401446855870897
149,0.6,0.7,5,0.4294120521121552,0.4401446855870897
149,0.6,0.5,5,0.44988431160248793,0.4401446855870897
149,0.6,0.3,5,0.4373035731120089,0.4401446855870897
149,0.6,1,3,0.40766331973885706,0.4401446855870897
149,0.6,0.7,3,0.4587948105652597,0.4401446855870897
149,0.6,0.5,3,0.4197030303096762,0.4401446855870897
149,0.6,0.3,3,0.3253777192864154,0.4401446855870897
150,0.6,1,100,0.35607488073435684,0.46317880684321433
150,0.6,0.7,100,0.3749092234550502,0.46317880684321433
150,0.6,0.5,100,0.37968836950473017,0.46317880684321433
150,0.6,0.3,100,0.37463550361713976,0.46317880684321433
150,0.6,1,7,0.38210999415615643,0.46317880684321433
150,0.6,0.7,7,0.4247366893342565,0.46317880684321433
150,0.6,0.5,7,0.4148131309937983,0.46317880684321433
150,0.6,0.3,7,0.46427172327407407,0.46317880684321433
150,0.6,1,5,0.4124936452314454,0.46317880684321433
150,0.6,0.7,5,0.4139881552000899,0.46317880684321433
150,0.6,0.5,5,0.4431701335505319,0.46317880684321433
150,0.6,0.3,5,0.45836641588578736,0.46317880684321433
150,0.6,1,3,0.3871194646027637,0.46317880684321433
150,0.6,0.7,3,0.4134554894822589,0.46317880684321433
150,0.6,0.5,3,0.3603730606687293,0.46317880684321433
150,0.6,0.3,3,0.2734124145042201,0.46317880684321433
151,0.6,1,100,0.41043310894601565,0.4779966611018365
151,0.6,0.7,100,0.45714651404326667,0.4779966611018365
151,0.6,0.5,100,0.42757929883138573,0.4779966611018365
151,0.6,0.3,100,0.42418475236505293,0.4779966611018365
151,0.6,1,7,0.4172897403877843,0.4779966611018365
151,0.6,0.7,7,0.4189136551223305,0.4779966611018365
151,0.6,0.5,7,0.4357451868590385,0.4779966611018365
151,0.6,0.3,7,0.4431615906133123,0.4779966611018365
151,0.6,1,5,0.4408470985134722,0.4779966611018365
151,0.6,0.7,5,0.39082570784735643,0.4779966611018365
151,0.6,0.5,5,0.448333352061205,0.4779966611018365
151,0.6,0.3,5,0.42833967453211863,0.4779966611018365
151,0.6,1,3,0.40790386039989757,0.4779966611018365
151,0.6,0.7,3,0.41479373419674576,0.4779966611018365
151,0.6,0.5,3,0.43121639569518583,0.4779966611018365
151,0.6,0.3,3,0.34376872836816547,0.4779966611018365
152,0.6,1,100,0.4044989479183738,0.5111741791875348
152,0.6,0.7,100,0.41844857665319646,0.5111741791875348
152,0.6,0.5,100,0.41766277128547585,0.5111741791875348
152,0.6,0.3,100,0.41726210350584314,0.5111741791875348
152,0.6,1,7,0.3696451252374791,0.5111741791875348
152,0.6,0.7,7,0.3949922985894356,0.5111741791875348
152,0.6,0.5,7,0.44050355245147665,0.5111741791875348
152,0.6,0.3,7,0.4208102949903938,0.5111741791875348
152,0.6,1,5,0.4180542187628948,0.5111741791875348
152,0.6,0.7,5,0.41537299973724834,0.5111741791875348
152,0.6,0.5,5,0.45990459984089327,0.5111741791875348
152,0.6,0.3,5,0.3905763769172401,0.5111741791875348
152,0.6,1,3,0.40520784161208173,0.5111741791875348
152,0.6,0.7,3,0.42886977082859457,0.5111741791875348
152,0.6,0.5,3,0.3785161074422664,0.5111741791875348
152,0.6,0.3,3,0.32069132675036066,0.5111741791875348
153,0.6,1,100,0.4370533043951635,0.5128436282693378
153,0.6,0.7,100,0.4450800788264402,0.5128436282693378
153,0.6,0.5,100,0.47050639955481366,0.5128436282693378
153,0.6,0.3,100,0.4791875347801893,0.5128436282693378
153,0.6,1,7,0.453223755993588,0.5128436282693378
153,0.6,0.7,7,0.4886596990079894,0.5128436282693378
153,0.6,0.5,7,0.48289897549749683,0.5128436282693378
153,0.6,0.3,7,0.4210992500936969,0.5128436282693378
153,0.6,1,5,0.4555783604267926,0.5128436282693378
153,0.6,0.7,5,0.4885605883035914,0.5128436282693378
153,0.6,0.5,5,0.5012253413512912,0.5128436282693378
153,0.6,0.3,5,0.49180061769776157,0.5128436282693378
153,0.6,1,3,0.4951010535219532,0.5128436282693378
153,0.6,0.7,3,0.4577172258533791,0.5128436282693378
153,0.6,0.5,3,0.476710583895175,0.5128436282693378
153,0.6,0.3,3,0.382104180537427,0.5128436282693378
154,0.6,1,100,0.45895243998710844,0.5395102949360046
154,0.6,0.7,100,0.4574179187534781,0.5395102949360046
154,0.6,0.5,100,0.4349248747913189,0.5395102949360046
154,0.6,0.3,100,0.44795770728992773,0.5395102949360046
154,0.6,1,7,0.46683603083156144,0.5395102949360046
154,0.6,0.7,7,0.48980225770557273,0.5395102949360046
154,0.6,0.5,7,0.47803177622853676,0.5395102949360046
154,0.6,0.3,7,0.45660805874225524,0.5395102949360046
154,0.6,1,5,0.45927213092635855,0.5395102949360046
154,0.6,0.7,5,0.48085456502343915,0.5395102949360046
154,0.6,0.5,5,0.4746117725867487,0.5395102949360046
154,0.6,0.3,5,0.4755929202908836,0.5395102949360046
154,0.6,1,3,0.46983824885784115,0.5395102949360046
154,0.6,0.7,3,0.4965328593216393,0.5395102949360046
154,0.6,0.5,3,0.465813796348848,0.5395102949360046
154,0.6,0.3,3,0.38093267280966175,0.5395102949360046
155,0.6,1,100,0.4765737824868109,0.5408417942196624
155,0.6,0.7,100,0.5161584747746767,0.5408417942196624
155,0.6,0.5,100,0.5252754590984976,0.5408417942196624
155,0.6,0.3,100,0.5131663884251532,0.5408417942196624
155,0.6,1,7,0.5099344803084087,0.5408417942196624
155,0.6,0.7,7,0.5124628631555349,0.5408417942196624
155,0.6,0.5,7,0.5426110312031471,0.5408417942196624
155,0.6,0.3,7,0.5152548834320763,0.5408417942196624
155,0.6,1,5,0.5299089760589027,0.5408417942196624
155,0.6,0.7,5,0.5430736319264339,0.5408417942196624
155,0.6,0.5,5,0.5032585398138794,0.5408417942196624
155,0.6,0.3,5,0.5469413113298742,0.5408417942196624
155,0.6,1,3,0.5278532765720252,0.5408417942196624
155,0.6,0.7,3,0.48876507432174415,0.5408417942196624
155,0.6,0.5,3,0.5085099857310494,0.5408417942196624
155,0.6,0.3,3,0.4315735793595092,0.5408417942196624
156,0.6,1,100,0.46451660728415656,0.5193322203672789
156,0.6,0.7,100,0.4242144308017574,0.5193322203672789
156,0.6,0.5,100,0.45282136894824715,0.5193322203672789
156,0.6,0.3,100,0.44881469115191996,0.5193322203672789
156,0.6,1,7,0.45812791115012447,0.5193322203672789
156,0.6,0.7,7,0.47540556753088364,0.5193322203672789
156,0.6,0.5,7,0.46127442791175755,0.5193322203672789
156,0.6,0.3,7,0.473165323271059,0.5193322203672789
156,0.6,1,5,0.4356092510568828,0.5193322203672789
156,0.6,0.7,5,0.4847083709592341,0.5193322203672789
156,0.6,0.5,5,0.4549877328615013,0.5193322203672789
156,0.6,0.3,5,0.48530724763406535,0.5193322203672789
156,0.6,1,3,0.49202426216825346,0.5193322203672789
156,0.6,0.7,3,0.4713958931049162,0.5193322203672789
156,0.6,0.5,3,0.4377920347319933,0.5193322203672789
156,0.6,0.3,3,0.37869421366229505,0.5193322203672789
157,0.6,1,100,0.41615946776942064,0.4538786867000557
157,0.6,0.7,100,0.42544915261475935,0.4538786867000557
157,0.6,0.5,100,0.42594323873121875,0.4538786867000557
157,0.6,0.3,100,0.44775737340011135,0.4538786867000557
157,0.6,1,7,0.46457285006808996,0.4538786867000557
157,0.6,0.7,7,0.4143339832543728,0.4538786867000557
157,0.6,0.5,7,0.4228653494262775,0.4538786867000557
157,0.6,0.3,7,0.4458989821855437,0.4538786867000557
157,0.6,1,5,0.4058737078380051,0.4538786867000557
157,0.6,0.7,5,0.4331614778149592,0.4538786867000557
157,0.6,0.5,5,0.43037323165263114,0.4538786867000557
157,0.6,0.3,5,0.4414642885133478,0.4538786867000557
157,0.6,1,3,0.41881446678333,0.4538786867000557
157,0.6,0.7,3,0.44483995148073946,0.4538786867000557
157,0.6,0.5,3,0.421065395162443,0.4538786867000557
157,0.6,0.3,3,0.30438688549506343,0.4538786867000557
158,0.6,1,100,0.3599198625418789,0.46162493043962166
158,0.6,0.7,100,0.43142143251326054,0.46162493043962166
158,0.6,0.5,100,0.3601892042292711,0.46162493043962166
158,0.6,0.3,100,0.3745575959933223,0.46162493043962166
158,0.6,1,7,0.3810599850636586,0.46162493043962166
158,0.6,0.7,7,0.39135450601033067,0.46162493043962166
158,0.6,0.5,7,0.4089518554343193,0.46162493043962166
158,0.6,0.3,7,0.38084801754272063,0.46162493043962166
158,0.6,1,5,0.40314436784817936,0.46162493043962166
158,0.6,0.7,5,0.38588075620037826,0.46162493043962166
158,0.6,0.5,5,0.45149441854348926,0.46162493043962166
158,0.6,0.3,5,0.35832393185007844,0.46162493043962166
158,0.6,1,3,0.41708094349731245,0.46162493043962166
158,0.6,0.7,3,0.3764368865668878,0.46162493043962166
158,0.6,0.5,3,0.39368222414623216,0.46162493043962166
158,0.6,0.3,3,0.2919329037637682,0.46162493043962166
159,0.6,1,100,0.5061257118310563,0.4870339454646634
159,0.6,0.7,100,0.5194238564559363,0.4870339454646634
159,0.6,0.5,100,0.5029716193656094,0.4870339454646634
159,0.6,0.3,100,0.5238619922092377,0.4870339454646634
159,0.6,1,7,0.49623525767754756,0.4870339454646634
159,0.6,0.7,7,0.48187955913969455,0.4870339454646634
159,0.6,0.5,7,0.5178387008569922,0.4870339454646634
159,0.6,0.3,7,0.5387372424332744,0.4870339454646634
159,0.6,1,5,0.5009762564066019,0.4870339454646634
159,0.6,0.7,5,0.5377267043667587,0.4870339454646634
159,0.6,0.5,5,0.492441414539318,0.4870339454646634
159,0.6,0.3,5,0.5279483854410741,0.4870339454646634
159,0.6,1,3,0.5064261325915601,0.4870339454646634
159,0.6,0.7,3,0.505135377898478,0.4870339454646634
159,0.6,0.5,3,0.5171437479954804,0.4870339454646634
159,0.6,0.3,3,0.44112907722057626,0.4870339454646634
160,0.6,1,100,0.3719263145295464,0.4939565943238732
160,0.6,0.7,100,0.38501947690595445,0.4939565943238732
160,0.6,0.5,100,0.3988202559821926,0.4939565943238732
160,0.6,0.3,100,0.41647189760712305,0.4939565943238732
160,0.6,1,7,0.408467879867515,0.4939565943238732
160,0.6,0.7,7,0.4433024439499372,0.4939565943238732
160,0.6,0.5,7,0.4015577236168084,0.4939565943238732
160,0.6,0.3,7,0.4298398249244433,0.4939565943238732
160,0.6,1,5,0.3859841237663502,0.4939565943238732
160,0.6,0.7,5,0.43957549710403204,0.4939565943238732
160,0.6,0.5,5,0.4145952422466972,0.4939565943238732
160,0.6,0.3,5,0.3917577117214838,0.4939565943238732
160,0.6,1,3,0.41382463218301413,0.4939565943238732
160,0.6,0.7,3,0.4266666861829388,0.4939565943238732
160,0.6,0.5,3,0.3980321375821711,0.4939565943238732
160,0.6,0.3,3,0.2812163326589414,0.4939565943238732
161,0.6,1,100,0.4335139782875351,0.4743461324429606
161,0.6,0.7,100,0.395336672231497,0.4743461324429606
161,0.6,0.5,100,0.4059098497495827,0.4743461324429606
161,0.6,0.3,100,0.45138564273789655,0.4743461324429606
161,0.6,1,7,0.41417589837785174,0.4743461324429606
161,0.6,0.7,7,0.4041233100592527,0.4743461324429606
161,0.6,0.5,7,0.4085508249748582,0.4743461324429606
161,0.6,0.3,7,0.42900436958022425,0.4743461324429606
161,0.6,1,5,0.4269613990827411,0.4743461324429606
161,0.6,0.7,5,0.4345910076685279,0.4743461324429606
161,0.6,0.5,5,0.41434860203788754,0.4743461324429606
161,0.6,0.3,5,0.4022428332857168,0.4743461324429606
161,0.6,1,3,0.44953186123188826,0.4743461324429606
161,0.6,0.7,3,0.41996017297417904,0.4743461324429606
161,0.6,0.5,3,0.3890958454727561,0.4743461324429606
161,0.6,0.3,3,0.31953867219836674,0.4743461324429606
162,0.6,1,100,0.43861797543802966,0.5219254312743462
162,0.6,0.7,100,0.48074146005044205,0.5219254312743462
162,0.6,0.5,100,0.48706733444629946,0.5219254312743462
162,0.6,0.3,100,0.42041179744017815,0.5219254312743462
162,0.6,1,7,0.4569193524934763,0.5219254312743462
162,0.6,0.7,7,0.46175157605520123,0.5219254312743462
162,0.6,0.5,7,0.44569953038254495,0.5219254312743462
162,0.6,0.3,7,0.48564772136544987,0.5219254312743462
162,0.6,1,5,0.46200742543948947,0.5219254312743462
162,0.6,0.7,5,0.4730423271522549,0.5219254312743462
162,0.6,0.5,5,0.47332610513577056,0.5219254312743462
162,0.6,0.3,5,0.48585862854439227,0.5219254312743462
162,0.6,1,3,0.46898167461656537,0.5219254312743462
162,0.6,0.7,3,0.44015326820958506,0.5219254312743462
162,0.6,0.5,3,0.46011317405155905,0.5219254312743462
162,0.6,0.3,3,0.3584558808464822,0.5219254312743462
163,0.6,1,100,0.42122166690464785,0.5075459098497497
163,0.6,0.7,100,0.4283651317911178,0.5075459098497497
163,0.6,0.5,100,0.4241736227045076,0.5075459098497497
163,0.6,0.3,100,0.4443183082915972,0.5075459098497497
163,0.6,1,7,0.4193015800080411,0.5075459098497497
163,0.6,0.7,7,0.43984605213758515,0.5075459098497497
163,0.6,0.5,7,0.4656559409413556,0.5075459098497497
163,0.6,0.3,7,0.450083933660292,0.5075459098497497
163,0.6,1,5,0.4315087484159464,0.5075459098497497
163,0.6,0.7,5,0.4297467056848958,0.5075459098497497
163,0.6,0.5,5,0.4353721332176126,0.5075459098497497
163,0.6,0.3,5,0.42152627760105804,0.5075459098497497
163,0.6,1,3,0.4728960561164139,0.5075459098497497
163,0.6,0.7,3,0.4210095234929088,0.5075459098497497
163,0.6,0.5,3,0.44572636461262977,0.5075459098497497
163,0.6,0.3,3,0.37478944068412934,0.5075459098497497
164,0.6,1,100,0.4600560277264198,0.5043962159154146
164,0.6,0.7,100,0.4663396392328548,0.5043962159154146
164,0.6,0.5,100,0.4610016694490819,0.5043962159154146
164,0.6,0.3,100,0.4524429604897051,0.5043962159154146
164,0.6,1,7,0.4372432353808271,0.5043962159154146
164,0.6,0.7,7,0.45328202953107766,0.5043962159154146
164,0.6,0.5,7,0.5061950118118831,0.5043962159154146
164,0.6,0.3,7,0.46162266482979764,0.5043962159154146
164,0.6,1,5,0.49203009520677216,0.5043962159154146
164,0.6,0.7,5,0.4754367598032714,0.5043962159154146
164,0.6,0.5,5,0.44525457407710295,0.5043962159154146
164,0.6,0.3,5,0.4728527063679825,0.5043962159154146
164,0.6,1,3,0.45680303525775395,0.5043962159154146
164,0.6,0.7,3,0.48813155469994807,0.5043962159154146
164,0.6,0.5,3,0.44902811070100285,0.5043962159154146
164,0.6,0.3,3,0.383664093566803,0.5043962159154146
165,0.6,1,100,0.4608979219063677,0.454958263772955
165,0.6,0.7,100,0.43731340376742395,0.454958263772955
165,0.6,0.5,100,0.4513299944351698,0.454958263772955
165,0.6,0.3,100,0.4353144129104063,0.454958263772955
165,0.6,1,7,0.4538167507757899,0.454958263772955
165,0.6,0.7,7,0.4125690794606048,0.454958263772955
165,0.6,0.5,7,0.45748931461217773,0.454958263772955
165,0.6,0.3,7,0.4393991744209054,0.454958263772955
165,0.6,1,5,0.4481620926428578,0.454958263772955
165,0.6,0.7,5,0.4585469391506509,0.454958263772955
165,0.6,0.5,5,0.4288557666429375,0.454958263772955
165,0.6,0.3,5,0.40451142320852385,0.454958263772955
165,0.6,1,3,0.4314634186021283,0.454958263772955
165,0.6,0.7,3,0.42580843368239063,0.454958263772955
165,0.6,0.5,3,0.4476837979006491,0.454958263772955
165,0.6,0.3,3,0.27051607237536934,0.454958263772955
166,0.6,1,100,0.4426354213177405,0.5027782492458228
166,0.6,0.7,100,0.42399554813578194,0.5027782492458228
166,0.6,0.5,100,0.43502504173622714,0.5027782492458228
166,0.6,0.3,100,0.4546466332776851,0.5027782492458228
166,0.6,1,7,0.44463834569481475,0.5027782492458228
166,0.6,0.7,7,0.46680253604476457,0.5027782492458228
166,0.6,0.5,7,0.4550129420259833,0.5027782492458228
166,0.6,0.3,7,0.4769591244397619,0.5027782492458228
166,0.6,1,5,0.4437666154261952,0.5027782492458228
166,0.6,0.7,5,0.4835266504862054,0.5027782492458228
166,0.6,0.5,5,0.4313430648468985,0.5027782492458228
166,0.6,0.3,5,0.46402708713496665,0.5027782492458228
166,0.6,1,3,0.4394314562614819,0.5027782492458228
166,0.6,0.7,3,0.4806225826537408,0.5027782492458228
166,0.6,0.5,3,0.417463613016021,0.5027782492458228
166,0.6,0.3,3,0.38096905314806345,0.5027782492458228
167,0.6,1,100,0.4273107603598162,0.48004028948513444
167,0.6,0.7,100,0.44649972175848646,0.48004028948513444
167,0.6,0.5,100,0.4154590984974959,0.48004028948513444
167,0.6,0.3,100,0.44549805230940465,0.48004028948513444
167,0.6,1,7,0.4501554439151398,0.48004028948513444
167,0.6,0.7,7,0.45717948331724906,0.48004028948513444
167,0.6,0.5,7,0.4358457177268093,0.48004028948513444
167,0.6,0.3,7,0.4616179414106836,0.48004028948513444
167,0.6,1,5,0.4529687277724374,0.48004028948513444
167,0.6,0.7,5,0.4337912355598674,0.48004028948513444
167,0.6,0.5,5,0.43977285874458777,0.48004028948513444
167,0.6,0.3,5,0.4442644811121584,0.48004028948513444
167,0.6,1,3,0.4108583895895794,0.48004028948513444
167,0.6,0.7,3,0.46367088543548596,0.48004028948513444
167,0.6,0.5,3,0.3937288598978088,0.48004028948513444
167,0.6,0.3,3,0.36537494146051014,0.48004028948513444
168,0.6,1,100,0.42506643864728405,0.5035726210350585
168,0.6,0.7,100,0.4323519673381066,0.5035726210350585
168,0.6,0.5,100,0.4470339454646634,0.5035726210350585
168,0.6,0.3,100,0.4589426822481915,0.5035726210350585
168,0.6,1,7,0.46724758040037273,0.5035726210350585
168,0.6,0.7,7,0.4629481498683341,0.5035726210350585
168,0.6,0.5,7,0.4674277132736172,0.5035726210350585
168,0.6,0.3,7,0.4372139161279499,0.5035726210350585
168,0.6,1,5,0.45667555116500025,0.5035726210350585
168,0.6,0.7,5,0.4673176272155803,0.5035726210350585
168,0.6,0.5,5,0.4611146742131229,0.5035726210350585
168,0.6,0.3,5,0.4549438937283377,0.5035726210350585
168,0.6,1,3,0.45086037082816216,0.5035726210350585
168,0.6,0.7,3,0.4367669235063866,0.5035726210350585
168,0.6,0.5,3,0.4424622870677035,0.5035726210350585
168,0.6,0.3,3,0.3859446185975963,0.5035726210350585
169,0.6,1,100,0.43127499367903127,0.5069226488592099
169,0.6,0.7,100,0.4613235617079711,0.5069226488592099
169,0.6,0.5,100,0.45838619922092383,0.5069226488592099
169,0.6,0.3,100,0.44964941569282146,0.5069226488592099
169,0.6,1,7,0.46602207992790184,0.5069226488592099
169,0.6,0.7,7,0.49757535093359306,0.5069226488592099
169,0.6,0.5,7,0.4734408634428409,0.5069226488592099
169,0.6,0.3,7,0.4922122552206603,0.5069226488592099
169,0.6,1,5,0.4670766051183919,0.5069226488592099
169,0.6,0.7,5,0.4887786009081183,0.5069226488592099
169,0.6,0.5,5,0.4657257618833847,0.5069226488592099
169,0.6,0.3,5,0.4412084986046048,0.5069226488592099
169,0.6,1,3,0.4320007484178463,0.5069226488592099
169,0.6,0.7,3,0.4545590101528649,0.5069226488592099
169,0.6,0.5,3,0.4399712834556734,0.5069226488592099
169,0.6,0.3,3,0.3833856785035454,0.5069226488592099
170,0.6,1,100,0.49388558498413226,0.44029616109285935
170,0.6,0.7,100,0.47451515085566304,0.44029616109285935
170,0.6,0.5,100,0.5014802448525321,0.44029616109285935
170,0.6,0.3,100,0.4565052865887591,0.44029616109285935
170,0.6,1,7,0.5120457459615188,0.44029616109285935
170,0.6,0.7,7,0.4719751123804947,0.44029616109285935
170,0.6,0.5,7,0.4698626481973648,0.44029616109285935
170,0.6,0.3,7,0.4699253078632703,0.44029616109285935
170,0.6,1,5,0.49544949324287685,0.44029616109285935
170,0.6,0.7,5,0.501121762377472,0.44029616109285935
170,0.6,0.5,5,0.4673669835846853,0.44029616109285935
170,0.6,0.3,5,0.46629995144916286,0.44029616109285935
170,0.6,1,3,0.510805339582921,0.44029616109285935
170,0.6,0.7,3,0.48547926901155364,0.44029616109285935
170,0.6,0.5,3,0.4609040317344441,0.44029616109285935
170,0.6,0.3,3,0.35289008605919425,0.44029616109285935
171,0.6,1,100,0.4580153706150693,0.5436616583194214
171,0.6,0.7,100,0.4552253756260435,0.5436616583194214
171,0.6,0.5,100,0.469037284362827,0.5436616583194214
171,0.6,0.3,100,0.4804785754034503,0.5436616583194214
171,0.6,1,7,0.445747646115325,0.5436616583194214
171,0.6,0.7,7,0.477757773058102,0.5436616583194214
171,0.6,0.5,7,0.4727986736273111,0.5436616583194214
171,0.6,0.3,7,0.49669389193594976,0.5436616583194214
171,0.6,1,5,0.48582173277803187,0.5436616583194214
171,0.6,0.7,5,0.4690275855656598,0.5436616583194214
171,0.6,0.5,5,0.48640961278752287,0.5436616583194214
171,0.6,0.3,5,0.47431266022706825,0.5436616583194214
171,0.6,1,3,0.4499663808595362,0.5436616583194214
171,0.6,0.7,3,0.4189241332763606,0.5436616583194214
171,0.6,0.5,3,0.4464303817009004,0.5436616583194214
171,0.6,0.3,3,0.3700896257506205,0.5436616583194214
172,0.6,1,100,0.4313583695797933,0.43072899276572074
172,0.6,0.7,100,0.4842208359609531,0.43072899276572074
172,0.6,0.5,100,0.45673900946021156,0.43072899276572074
172,0.6,0.3,100,0.45271007234279365,0.43072899276572074
172,0.6,1,7,0.4526789856206318,0.43072899276572074
172,0.6,0.7,7,0.4710459341206642,0.43072899276572074
172,0.6,0.5,7,0.48731663928192875,0.43072899276572074
172,0.6,0.3,7,0.4369835953561883,0.43072899276572074
172,0.6,1,5,0.4337945284753514,0.43072899276572074
172,0.6,0.7,5,0.45760708594838445,0.43072899276572074
172,0.6,0.5,5,0.4386572174885926,0.43072899276572074
172,0.6,0.3,5,0.47321462459060876,0.43072899276572074
172,0.6,1,3,0.44504975891975784,0.43072899276572074
172,0.6,0.7,3,0.4564976777659071,0.43072899276572074
172,0.6,0.5,3,0.510029246571198,0.43072899276572074
172,0.6,0.3,3,0.35144825119322354,0.43072899276572074
173,0.6,1,100,0.4116727125605596,0.47416805787423494
173,0.6,0.7,100,0.42797559258816914,0.47416805787423494
173,0.6,0.5,100,0.44732331663884256,0.47416805787423494
173,0.6,0.3,100,0.4264885920979411,0.47416805787423494
173,0.6,1,7,0.4256615198919348,0.47416805787423494
173,0.6,0.7,7,0.4437619745223024,0.47416805787423494
173,0.6,0.5,7,0.44051552272617794,0.47416805787423494
173,0.6,0.3,7,0.4802496674546914,0.47416805787423494
173,0.6,1,5,0.4252711162476589,0.47416805787423494
173,0.6,0.7,5,0.42598556037799995,0.47416805787423494
173,0.6,0.5,5,0.45169721981552957,0.47416805787423494
173,0.6,0.3,5,0.4323633259975845,0.47416805787423494
173,0.6,1,3,0.4158614366919934,0.47416805787423494
173,0.6,0.7,3,0.44840477828580255,0.47416805787423494
173,0.6,0.5,3,0.405935842360703,0.47416805787423494
173,0.6,0.3,3,0.3586502490055324,0.47416805787423494
174,0.6,1,100,0.495131256827542,0.5441068447412355
174,0.6,0.7,100,0.5100487761622561,0.5441068447412355
174,0.6,0.5,100,0.5331552587646078,0.5441068447412355
174,0.6,0.3,100,0.5050639955481359,0.5441068447412355
174,0.6,1,7,0.5139046626956415,0.5441068447412355
174,0.6,0.7,7,0.5481834408065033,0.5441068447412355
174,0.6,0.5,7,0.5131488611232868,0.5441068447412355
174,0.6,0.3,7,0.5112869040507242,0.5441068447412355
174,0.6,1,5,0.49452238033686385,0.5441068447412355
174,0.6,0.7,5,0.5506680304021244,0.5441068447412355
174,0.6,0.5,5,0.5336178417870241,0.5441068447412355
174,0.6,0.3,5,0.5205528648216494,0.5441068447412355
174,0.6,1,3,0.49923062907147914,0.5441068447412355
174,0.6,0.7,3,0.5249483764357773,0.5441068447412355
174,0.6,0.5,3,0.48545733981577566,0.5441068447412355
174,0.6,0.3,3,0.4486795421546534,0.5441068447412355
175,0.6,1,100,0.4372321456795881,0.503461324429605
175,0.6,0.7,100,0.4285392315076079,0.503461324429605
175,0.6,0.5,100,0.4269226488592099,0.503461324429605
175,0.6,0.3,100,0.48451864218141355,0.503461324429605
175,0.6,1,7,0.43283303325604233,0.503461324429605
175,0.6,0.7,7,0.47360010271651237,0.503461324429605
175,0.6,0.5,7,0.4462659058745946,0.503461324429605
175,0.6,0.3,7,0.49048355091397144,0.503461324429605
175,0.6,1,5,0.41623533335272517,0.503461324429605
175,0.6,0.7,5,0.4750207154266643,0.503461324429605
175,0.6,0.5,5,0.4838360654337917,0.503461324429605
175,0.6,0.3,5,0.4285426632519801,0.503461324429605
175,0.6,1,3,0.471715642307851,0.503461324429605
175,0.6,0.7,3,0.501665697189473,0.503461324429605
175,0.6,0.5,3,0.4265179095914136,0.503461324429605
175,0.6,0.3,3,0.33027888307331116,0.503461324429605
176,0.6,1,100,0.4171782617796383,0.5257317751808571
176,0.6,0.7,100,0.43514311392242433,0.5257317751808571
176,0.6,0.5,100,0.4638619922092377,0.5257317751808571
176,0.6,0.3,100,0.4885141903171954,0.5257317751808571
176,0.6,1,7,0.47952853321528216,0.5257317751808571
176,0.6,0.7,7,0.47833636521997663,0.5257317751808571
176,0.6,0.5,7,0.5097826089834908,0.5257317751808571
176,0.6,0.3,7,0.5079959274982867,0.5257317751808571
176,0.6,1,5,0.46115138378503623,0.5257317751808571
176,0.6,0.7,5,0.4863788774983714,0.5257317751808571
176,0.6,0.5,5,0.44194824384137654,0.5257317751808571
176,0.6,0.3,5,0.41598093340094816,0.5257317751808571
176,0.6,1,3,0.4434666413949688,0.5257317751808571
176,0.6,0.7,3,0.4593381066808132,0.5257317751808571
176,0.6,0.5,3,0.46059280713829764,0.5257317751808571
176,0.6,0.3,3,0.28290781202377036,0.5257317751808571
177,0.6,1,100,0.45006756797465447,0.5126725450007186
177,0.6,0.7,100,0.43239408011875813,0.5126725450007186
177,0.6,0.5,100,0.43117417918753487,0.5126725450007186
177,0.6,0.3,100,0.44141346688926,0.5126725450007186
177,0.6,1,7,0.45561046426361324,0.5126725450007186
177,0.6,0.7,7,0.45443214937708165,0.5126725450007186
177,0.6,0.5,7,0.4476254885282578,0.5126725450007186
177,0.6,0.3,7,0.46493192632622143,0.5126725450007186
177,0.6,1,5,0.4327986702357824,0.5126725450007186
177,0.6,0.7,5,0.45662850258686577,0.5126725450007186
177,0.6,0.5,5,0.42747103289586796,0.5126725450007186
177,0.6,0.3,5,0.4092141722826721,0.5126725450007186
177,0.6,1,3,0.4210525556391217,0.5126725450007186
177,0.6,0.7,3,0.43576068168577464,0.5126725450007186
177,0.6,0.5,3,0.389627620458339,0.5126725450007186
177,0.6,0.3,3,0.37226055132285285,0.5126725450007186
178,0.6,1,100,0.45276331255206687,0.4793210907067335
178,0.6,0.7,100,0.4789157214676197,0.4793210907067335
178,0.6,0.5,100,0.5129994435169728,0.4793210907067335
178,0.6,0.3,100,0.48141346688925996,0.4793210907067335
178,0.6,1,7,0.4878121494246417,0.4793210907067335
178,0.6,0.7,7,0.46214498406404997,0.4793210907067335
178,0.6,0.5,7,0.4930271081121537,0.4793210907067335
178,0.6,0.3,7,0.48771760817133797,0.4793210907067335
178,0.6,1,5,0.47070023492709046,0.4793210907067335
178,0.6,0.7,5,0.47495757940144606,0.4793210907067335
178,0.6,0.5,5,0.48274079229886685,0.4793210907067335
178,0.6,0.3,5,0.5159810217324882,0.4793210907067335
178,0.6,1,3,0.4760777696918548,0.4793210907067335
178,0.6,0.7,3,0.47329876395404674,0.4793210907067335
178,0.6,0.5,3,0.4575167937449486,0.4793210907067335
178,0.6,0.3,3,0.3605373795106584,0.4793210907067335
179,0.6,1,100,0.42310668382896605,0.48594323873121875
179,0.6,0.7,100,0.459593317705902,0.48594323873121875
179,0.6,0.5,100,0.42841402337228723,0.48594323873121875
179,0.6,0.3,100,0.4619254312743462,0.48594323873121875
179,0.6,1,7,0.4386950938489527,0.48594323873121875
179,0.6,0.7,7,0.4580617118428094,0.48594323873121875
179,0.6,0.5,7,0.4647137694694081,0.48594323873121875
179,0.6,0.3,7,0.47169359782452164,0.48594323873121875
179,0.6,1,5,0.44740395793301607,0.48594323873121875
179,0.6,0.7,5,0.42406003120102803,0.48594323873121875
179,0.6,0.5,5,0.4366725229451332,0.48594323873121875
179,0.6,0.3,5,0.4594574259950894,0.48594323873121875
179,0.6,1,3,0.4666434823352426,0.48594323873121875
179,0.6,0.7,3,0.44528974867405013,0.48594323873121875
179,0.6,0.5,3,0.4911050878033423,0.48594323873121875
179,0.6,0.3,3,0.347716839501543,0.48594323873121875
180,0.6,1,100,0.4053699109200463,0.5024707846410685
180,0.6,0.7,100,0.46654256993197385,0.5024707846410685
180,0.6,0.5,100,0.4852865887590429,0.5024707846410685
180,0.6,0.3,100,0.47189760712298284,0.5024707846410685
180,0.6,1,7,0.46725863181081295,0.5024707846410685
180,0.6,0.7,7,0.469829155431047,0.5024707846410685
180,0.6,0.5,7,0.4356844231675496,0.5024707846410685
180,0.6,0.3,7,0.4196414960521037,0.5024707846410685
180,0.6,1,5,0.4442789859309849,0.5024707846410685
180,0.6,0.7,5,0.4756515440976316,0.5024707846410685
180,0.6,0.5,5,0.4265092207954974,0.5024707846410685
180,0.6,0.3,5,0.4521325712702694,0.5024707846410685
180,0.6,1,3,0.4395280484532363,0.5024707846410685
180,0.6,0.7,3,0.4587858979551059,0.5024707846410685
180,0.6,0.5,3,0.39250853128111424,0.5024707846410685
180,0.6,0.3,3,0.33216155297712974,0.5024707846410685
181,0.6,1,100,0.44451062938242936,0.4757262103505844
181,0.6,0.7,100,0.46058643166849805,0.4757262103505844
181,0.6,0.5,100,0.4903060656649973,0.4757262103505844
181,0.6,0.3,100,0.4757707289927658,0.4757262103505844
181,0.6,1,7,0.49579488984891384,0.4757262103505844
181,0.6,0.7,7,0.48239657790460355,0.4757262103505844
181,0.6,0.5,7,0.5159474054624004,0.4757262103505844
181,0.6,0.3,7,0.485577458398572,0.4757262103505844
181,0.6,1,5,0.4681216404859471,0.4757262103505844
181,0.6,0.7,5,0.4637703782817652,0.4757262103505844
181,0.6,0.5,5,0.4965748530181736,0.4757262103505844
181,0.6,0.3,5,0.5281266842430713,0.4757262103505844
181,0.6,1,3,0.49536239456449843,0.4757262103505844
181,0.6,0.7,3,0.49458498949316126,0.4757262103505844
181,0.6,0.5,3,0.44177761973000973,0.4757262103505844
181,0.6,0.3,3,0.42858738739954044,0.4757262103505844
182,0.6,1,100,0.48723780870074135,0.49362964282228594
182,0.6,0.7,100,0.4813896610323055,0.49362964282228594
182,0.6,0.5,100,0.49361157484696727,0.49362964282228594
182,0.6,0.3,100,0.4857317751808571,0.49362964282228594
182,0.6,1,7,0.48593630222681217,0.49362964282228594
182,0.6,0.7,7,0.4591437205853213,0.49362964282228594
182,0.6,0.5,7,0.48348969372646,0.49362964282228594
182,0.6,0.3,7,0.49188182613021325,0.49362964282228594
182,0.6,1,5,0.4608302871141525,0.49362964282228594
182,0.6,0.7,5,0.48203303620784876,0.49362964282228594
182,0.6,0.5,5,0.4933353170747235,0.49362964282228594
182,0.6,0.3,5,0.4936950456667792,0.49362964282228594
182,0.6,1,3,0.5096144045444585,0.49362964282228594
182,0.6,0.7,3,0.4886379311983138,0.49362964282228594
182,0.6,0.5,3,0.48041577326560125,0.49362964282228594
182,0.6,0.3,3,0.3556163038794536,0.49362964282228594
183,0.6,1,100,0.44887305430846564,0.5064440734557597
183,0.6,0.7,100,0.472754590984975,0.5064440734557597
183,0.6,0.5,100,0.4400667779632722,0.5064440734557597
183,0.6,0.3,100,0.4929771841958821,0.5064440734557597
183,0.6,1,7,0.4558799925186334,0.5064440734557597
183,0.6,0.7,7,0.47605607621257495,0.5064440734557597
183,0.6,0.5,7,0.47224165230049897,0.5064440734557597
183,0.6,0.3,7,0.49119057622488527,0.5064440734557597
183,0.6,1,5,0.47978194109441635,0.5064440734557597
183,0.6,0.7,5,0.48063805296207024,0.5064440734557597
183,0.6,0.5,5,0.46831085170425485,0.5064440734557597
183,0.6,0.3,5,0.5159349535137073,0.5064440734557597
183,0.6,1,3,0.4509214787702234,0.5064440734557597
183,0.6,0.7,3,0.4686424950684464,0.5064440734557597
183,0.6,0.5,3,0.4751034637921161,0.5064440734557597
183,0.6,0.3,3,0.38651981741841235,0.5064440734557597
184,0.6,1,100,0.4322756865476499,0.4708291597106289
184,0.6,0.7,100,0.4538855144300108,0.4708291597106289
184,0.6,0.5,100,0.43055091819699504,0.4708291597106289
184,0.6,0.3,100,0.44823594880356155,0.4708291597106289
184,0.6,1,7,0.42624223645178827,0.4708291597106289
184,0.6,0.7,7,0.4188134065199512,0.4708291597106289
184,0.6,0.5,7,0.4591524691036444,0.4708291597106289
184,0.6,0.3,7,0.41288057828807456,0.4708291597106289
184,0.6,1,5,0.42098391674622254,0.4708291597106289
184,0.6,0.7,5,0.3970492150661038,0.4708291597106289
184,0.6,0.5,5,0.4338391108672998,0.4708291597106289
184,0.6,0.3,5,0.43423328171216014,0.4708291597106289
184,0.6,1,3,0.4300965726001827,0.4708291597106289
184,0.6,0.7,3,0.425131399810185,0.4708291597106289
184,0.6,0.5,3,0.4363267796519464,0.4708291597106289
184,0.6,0.3,3,0.3658066152115368,0.4708291597106289
185,0.6,1,100,0.4836600031840073,0.5233459191615115
185,0.6,0.7,100,0.5043726994563182,0.5233459191615115
185,0.6,0.5,100,0.5220589872008905,0.5233459191615115
185,0.6,0.3,100,0.5097829716193657,0.5233459191615115
185,0.6,1,7,0.48297857074646455,0.5233459191615115
185,0.6,0.7,7,0.4675653261367125,0.5233459191615115
185,0.6,0.5,7,0.5084225034776166,0.5233459191615115
185,0.6,0.3,7,0.5132099642892763,0.5233459191615115
185,0.6,1,5,0.4818542440415746,0.5233459191615115
185,0.6,0.7,5,0.5052204832574873,0.5233459191615115
185,0.6,0.5,5,0.5125224469648922,0.5233459191615115
185,0.6,0.3,5,0.473316105323311,0.5233459191615115
185,0.6,1,3,0.4878324774281384,0.5233459191615115
185,0.6,0.7,3,0.5027671281704935,0.5233459191615115
185,0.6,0.5,3,0.48726917741994746,0.5233459191615115
185,0.6,0.3,3,0.40981051792681833,0.5233459191615115
186,0.6,1,100,0.4104145381329497,0.46887033945464673
186,0.6,0.7,100,0.4496476041971137,0.46887033945464673
186,0.6,0.5,100,0.45597106288258216,0.46887033945464673
186,0.6,0.3,100,0.4633611574846968,0.46887033945464673
186,0.6,1,7,0.4277401514785216,0.46887033945464673
186,0.6,0.7,7,0.3965670138603878,0.46887033945464673
186,0.6,0.5,7,0.44268589695341864,0.46887033945464673
186,0.6,0.3,7,0.4293682686275773,0.46887033945464673
186,0.6,1,5,0.4374638866987705,0.46887033945464673
186,0.6,0.7,5,0.44275293827696316,0.46887033945464673
186,0.6,0.5,5,0.41935143966028526,0.46887033945464673
186,0.6,0.3,5,0.42407369334558864,0.46887033945464673
186,0.6,1,3,0.4245259466267146,0.46887033945464673
186,0.6,0.7,3,0.4473831713883588,0.46887033945464673
186,0.6,0.5,3,0.40861793908417854,0.46887033945464673
186,0.6,0.3,3,0.283032947457173,0.46887033945464673
187,0.6,1,100,0.4160522626271406,0.4894226194304405
187,0.6,0.7,100,0.4525610811399854,0.4894226194304405
187,0.6,0.5,100,0.44310517529215365,0.4894226194304405
187,0.6,0.3,100,0.4585420144685588,0.4894226194304405
187,0.6,1,7,0.4169165972817318,0.4894226194304405
187,0.6,0.7,7,0.43580763949744744,0.4894226194304405
187,0.6,0.5,7,0.4084044454198449,0.4894226194304405
187,0.6,0.3,7,0.4483364226879707,0.4894226194304405
187,0.6,1,5,0.46915068925157,0.4894226194304405
187,0.6,0.7,5,0.4431995525854083,0.4894226194304405
187,0.6,0.5,5,0.46041789691129975,0.4894226194304405
187,0.6,0.3,5,0.4632459976021354,0.4894226194304405
187,0.6,1,3,0.4451572743704818,0.4894226194304405
187,0.6,0.7,3,0.4449360418124821,0.4894226194304405
187,0.6,0.5,3,0.41349998039653385,0.4894226194304405
187,0.6,0.3,3,0.3512656808892674,0.4894226194304405
188,0.6,1,100,0.46417053616698245,0.4734181230350074
188,0.6,0.7,100,0.4928447609843399,0.4734181230350074
188,0.6,0.5,100,0.49713967723984426,0.4734181230350074
188,0.6,0.3,100,0.48360601001669457,0.4734181230350074
188,0.6,1,7,0.4928218489571195,0.4734181230350074
188,0.6,0.7,7,0.4651333687554022,0.4734181230350074
188,0.6,0.5,7,0.4917836134499802,0.4734181230350074
188,0.6,0.3,7,0.510928342451325,0.4734181230350074
188,0.6,1,5,0.5204032879452145,0.4734181230350074
188,0.6,0.7,5,0.5147882908873723,0.4734181230350074
188,0.6,0.5,5,0.49456822503286024,0.4734181230350074
188,0.6,0.3,5,0.4676135191694784,0.4734181230350074
188,0.6,1,3,0.508463705186905,0.4734181230350074
188,0.6,0.7,3,0.5187418793054747,0.4734181230350074
188,0.6,0.5,3,0.4679761157362018,0.4734181230350074
188,0.6,0.3,3,0.4240907468367459,0.4734181230350074
189,0.6,1,100,0.42173320434820777,0.5186978297161937
189,0.6,0.7,100,0.4469875931229163,0.5186978297161937
189,0.6,0.5,100,0.46401780745687266,0.5186978297161937
189,0.6,0.3,100,0.47341124095715087,0.5186978297161937
189,0.6,1,7,0.45707364874731327,0.5186978297161937
189,0.6,0.7,7,0.4451053566903633,0.5186978297161937
189,0.6,0.5,7,0.4954712916298542,0.5186978297161937
189,0.6,0.3,7,0.46321270205639586,0.5186978297161937
189,0.6,1,5,0.4619755706489148,0.5186978297161937
189,0.6,0.7,5,0.4695916720811159,0.5186978297161937
189,0.6,0.5,5,0.47589406138002927,0.5186978297161937
189,0.6,0.3,5,0.4718341561021311,0.5186978297161937
189,0.6,1,3,0.4465833044604603,0.5186978297161937
189,0.6,0.7,3,0.44707358953027604,0.5186978297161937
189,0.6,0.5,3,0.46333680628311646,0.5186978297161937
189,0.6,0.3,3,0.38427435526008635,0.5186978297161937
190,0.6,1,100,0.4931033780556968,0.5304841402337229
190,0.6,0.7,100,0.5307103705552043,0.5304841402337229
190,0.6,0.5,100,0.5576516416249305,0.5304841402337229
190,0.6,0.3,100,0.5227601558152477,0.5304841402337229
190,0.6,1,7,0.5401373631434162,0.5304841402337229
190,0.6,0.7,7,0.5608094955145755,0.5304841402337229
190,0.6,0.5,7,0.5044850963343696,0.5304841402337229
190,0.6,0.3,7,0.577185316867505,0.5304841402337229
190,0.6,1,5,0.5308259378249266,0.5304841402337229
190,0.6,0.7,5,0.5538194859081026,0.5304841402337229
190,0.6,0.5,5,0.5721917469002801,0.5304841402337229
190,0.6,0.3,5,0.5049856194325113,0.5304841402337229
190,0.6,1,3,0.5171788734734115,0.5304841402337229
190,0.6,0.7,3,0.5389356378239888,0.5304841402337229
190,0.6,0.5,3,0.5253201776653157,0.5304841402337229
190,0.6,0.3,3,0.4111391656000497,0.5304841402337229
191,0.6,1,100,0.4324067166136704,0.4296828046744575
191,0.6,0.7,100,0.45209363409644704,0.4296828046744575
191,0.6,0.5,100,0.4582749026154703,0.4296828046744575
191,0.6,0.3,100,0.4309070673344464,0.4296828046744575
191,0.6,1,7,0.43674958875749176,0.4296828046744575
191,0.6,0.7,7,0.43328298388537856,0.4296828046744575
191,0.6,0.5,7,0.4452394972460982,0.4296828046744575
191,0.6,0.3,7,0.4759985656940966,0.4296828046744575
191,0.6,1,5,0.4016352641612039,0.4296828046744575
191,0.6,0.7,5,0.4374564114011512,0.4296828046744575
191,0.6,0.5,5,0.4310848279081346,0.4296828046744575
191,0.6,0.3,5,0.43420379955018623,0.4296828046744575
191,0.6,1,3,0.4068313046125045,0.4296828046744575
191,0.6,0.7,3,0.4188951130670323,0.4296828046744575
191,0.6,0.5,3,0.41548983118019267,0.4296828046744575
191,0.6,0.3,3,0.3170409994162124,0.4296828046744575
192,0.6,1,100,0.42338529663858077,0.4944351697273234
192,0.6,0.7,100,0.4114412910406233,0.4944351697273234
192,0.6,0.5,100,0.4475125208681136,0.4944351697273234
192,0.6,0.3,100,0.5064885920979411,0.4944351697273234
192,0.6,1,7,0.40520738192402384,0.4944351697273234
192,0.6,0.7,7,0.45211051389641915,0.4944351697273234
192,0.6,0.5,7,0.42568152055019326,0.4944351697273234
192,0.6,0.3,7,0.44727109035288254,0.4944351697273234
192,0.6,1,5,0.4474859093158883,0.4944351697273234
192,0.6,0.7,5,0.4533699965273759,0.4944351697273234
192,0.6,0.5,5,0.44790578284097615,0.4944351697273234
192,0.6,0.3,5,0.427960128237416,0.4944351697273234
192,0.6,1,3,0.45107368472814285,0.4944351697273234
192,0.6,0.7,3,0.4492523794533851,0.4944351697273234
192,0.6,0.5,3,0.4123068227493662,0.4944351697273234
192,0.6,0.3,3,0.3892435216228087,0.4944351697273234
193,0.6,1,100,0.3755481860795961,0.5143238731218699
193,0.6,0.7,100,0.38736334825789415,0.5143238731218699
193,0.6,0.5,100,0.4009237618252644,0.5143238731218699
193,0.6,0.3,100,0.38349471341124103,0.5143238731218699
193,0.6,1,7,0.41934300146159437,0.5143238731218699
193,0.6,0.7,7,0.43828702449749113,0.5143238731218699
193,0.6,0.5,7,0.4155526718925863,0.5143238731218699
193,0.6,0.3,7,0.3996584556130041,0.5143238731218699
193,0.6,1,5,0.41202889932380804,0.5143238731218699
193,0.6,0.7,5,0.38841245542708225,0.5143238731218699
193,0.6,0.5,5,0.4070831253467622,0.5143238731218699
193,0.6,0.3,5,0.4330224805222676,0.5143238731218699
193,0.6,1,3,0.41035103194981254,0.5143238731218699
193,0.6,0.7,3,0.4091199040898244,0.5143238731218699
193,0.6,0.5,3,0.37789628632464617,0.5143238731218699
193,0.6,0.3,3,0.35271016070418065,0.5143238731218699
194,0.6,1,100,0.4285106172179104,0.48033388981636066
194,0.6,0.7,100,0.4287924318308292,0.48033388981636066
194,0.6,0.5,100,0.4446744574290485,0.48033388981636066
194,0.6,0.3,100,0.4335447968836951,0.48033388981636066
194,0.6,1,7,0.48508473301917904,0.48033388981636066
194,0.6,0.7,7,0.45052910907838056,0.48033388981636066
194,0.6,0.5,7,0.4216043488034954,0.48033388981636066
194,0.6,0.3,7,0.44347822594899644,0.48033388981636066
194,0.6,1,5,0.42165701142007306,0.48033388981636066
194,0.6,0.7,5,0.42952654311644234,0.48033388981636066
194,0.6,0.5,5,0.48850092325183003,0.48033388981636066
194,0.6,0.3,5,0.4306824220304586,0.48033388981636066
194,0.6,1,3,0.42893174613970503,0.48033388981636066
194,0.6,0.7,3,0.4655934766168181,0.48033388981636066
194,0.6,0.5,3,0.39912806488483143,0.48033388981636066
194,0.6,0.3,3,0.30822922495645705,0.48033388981636066
195,0.6,1,100,0.4417241122904558,0.5171285475792989
195,0.6,0.7,100,0.44833611574846977,0.5171285475792989
195,0.6,0.5,100,0.4852086811352255,0.5171285475792989
195,0.6,0.3,100,0.4319755147468003,0.5171285475792989
195,0.6,1,7,0.41944747239220287,0.5171285475792989
195,0.6,0.7,7,0.46342440465456347,0.5171285475792989
195,0.6,0.5,7,0.4662830070214379,0.5171285475792989
195,0.6,0.3,7,0.4525660606920683,0.5171285475792989
195,0.6,1,5,0.43909925056166,0.5171285475792989
195,0.6,0.7,5,0.47096009494392643,0.5171285475792989
195,0.6,0.5,5,0.46427912167562024,0.5171285475792989
195,0.6,0.3,5,0.4633478771249014,0.5171285475792989
195,0.6,1,3,0.4297589596131174,0.5171285475792989
195,0.6,0.7,3,0.4505253517420645,0.5171285475792989
195,0.6,0.5,3,0.4167391021412417,0.5171285475792989
195,0.6,0.3,3,0.34255222631642845,0.5171285475792989
196,0.6,1,100,0.42357914984607137,0.5028380634390652
196,0.6,0.7,100,0.4769414843661602,0.5028380634390652
196,0.6,0.5,100,0.43561491374513084,0.5028380634390652
196,0.6,0.3,100,0.49470228158041185,0.5028380634390652
196,0.6,1,7,0.41845227951351033,0.5028380634390652
196,0.6,0.7,7,0.46595515253489894,0.5028380634390652
196,0.6,0.5,7,0.45714075637716955,0.5028380634390652
196,0.6,0.3,7,0.45695899417509994,0.5028380634390652
196,0.6,1,5,0.4810661564839801,0.5028380634390652
196,0.6,0.7,5,0.46065879631966294,0.5028380634390652
196,0.6,0.5,5,0.48803555778405444,0.5028380634390652
196,0.6,0.3,5,0.4762613525233268,0.5028380634390652
196,0.6,1,3,0.45398923949190173,0.5028380634390652
196,0.6,0.7,3,0.49016148778490837,0.5028380634390652
196,0.6,0.5,3,0.4211179834587709,0.5028380634390652
196,0.6,0.3,3,0.33560067384775566,0.5028380634390652
197,0.6,1,100,0.41307337389319293,0.499149969812644
197,0.6,0.7,100,0.42270011881109315,0.499149969812644
197,0.6,0.5,100,0.4678686700055649,0.499149969812644
197,0.6,0.3,100,0.43315525876460775,0.499149969812644
197,0.6,1,7,0.4576046179711757,0.499149969812644
197,0.6,0.7,7,0.4490210003497188,0.499149969812644
197,0.6,0.5,7,0.482253677768269,0.499149969812644
197,0.6,0.3,7,0.4302643278055242,0.499149969812644
197,0.6,1,5,0.4366557975554495,0.499149969812644
197,0.6,0.7,5,0.44802834342107095,0.499149969812644
197,0.6,0.5,5,0.44570053688422956,0.499149969812644
197,0.6,0.3,5,0.4249080872949468,0.499149969812644
197,0.6,1,3,0.39813680959064107,0.499149969812644
197,0.6,0.7,3,0.43440387334541714,0.499149969812644
197,0.6,0.5,3,0.4145067144200523,0.499149969812644
197,0.6,0.3,3,0.3564262079261155,0.499149969812644
198,0.6,1,100,0.42706823828762613,0.49043962159154153
198,0.6,0.7,100,0.43820377908844943,0.49043962159154153
198,0.6,0.5,100,0.45409015025041743,0.49043962159154153
198,0.6,0.3,100,0.4151363383416806,0.49043962159154153
198,0.6,1,7,0.47058298786156955,0.49043962159154153
198,0.6,0.7,7,0.4510020347197691,0.49043962159154153
198,0.6,0.5,7,0.44856695935840846,0.49043962159154153
198,0.6,0.3,7,0.46063326754813544,0.49043962159154153
198,0.6,1,5,0.45890170057808427,0.49043962159154153
198,0.6,0.7,5,0.45995266168333165,0.49043962159154153
198,0.6,0.5,5,0.43494609958436486,0.49043962159154153
198,0.6,0.3,5,0.44168419931821906,0.49043962159154153
198,0.6,1,3,0.4216155184932082,0.49043962159154153
198,0.6,0.7,3,0.45393084464394245,0.49043962159154153
198,0.6,0.5,3,0.4372210568407411,0.49043962159154153
198,0.6,0.3,3,0.322434680487509,0.49043962159154153
199,0.6,1,100,0.36604810026348755,0.44080133555926554
199,0.6,0.7,100,0.41165946483037713,0.44080133555926554
199,0.6,0.5,100,0.393667223149694,0.44080133555926554
199,0.6,0.3,100,0.43008347245409023,0.44080133555926554
199,0.6,1,7,0.3937018780855504,0.44080133555926554
199,0.6,0.7,7,0.43852728181671263,0.44080133555926554
199,0.6,0.5,7,0.41177345894168577,0.44080133555926554
199,0.6,0.3,7,0.41733901805051943,0.44080133555926554
199,0.6,1,5,0.4117029647904672,0.44080133555926554
199,0.6,0.7,5,0.4316280572950569,0.44080133555926554
199,0.6,0.5,5,0.41299501937096456,0.44080133555926554
199,0.6,0.3,5,0.44808675921203095,0.44080133555926554
199,0.6,1,3,0.48522447082945824,0.44080133555926554
199,0.6,0.7,3,0.449240670243501,0.44080133555926554
199,0.6,0.5,3,0.4842436710676369,0.44080133555926554
199,0.6,0.3,3,0.3257610909562183,0.44080133555926554
200,0.6,1,100,0.3903227716932671,0.4857429048414024
200,0.6,0.7,100,0.3952988183065338,0.4857429048414024
200,0.6,0.5,100,0.38314969393433507,0.4857429048414024
200,0.6,0.3,100,0.4141235392320535,0.4857429048414024
200,0.6,1,7,0.41476816614529505,0.4857429048414024
200,0.6,0.7,7,0.43083105302893954,0.4857429048414024
200,0.6,0.5,7,0.4001310395447708,0.4857429048414024
200,0.6,0.3,7,0.42401252478340185,0.4857429048414024
200,0.6,1,5,0.43104702829296215,0.4857429048414024
200,0.6,0.7,5,0.42657614299191,0.4857429048414024
200,0.6,0.5,5,0.42654397638393077,0.4857429048414024
200,0.6,0.3,5,0.43743693612794177,0.4857429048414024
200,0.6,1,3,0.39410444050368126,0.4857429048414024
200,0.6,0.7,3,0.38447175375700343,0.4857429048414024
200,0.6,0.5,3,0.35448025860453053,0.4857429048414024
200,0.6,0.3,3,0.2800785957499078,0.4857429048414024
201,0.6,1,100,0.4644426032775599,0.5211686143572621
201,0.6,0.7,100,0.48625065734928724,0.5211686143572621
201,0.6,0.5,100,0.4666221480244853,0.5211686143572621
201,0.6,0.3,100,0.4942237061769617,0.5211686143572621
201,0.6,1,7,0.5159562236275466,0.5211686143572621
201,0.6,0.7,7,0.48133108077169573,0.5211686143572621
201,0.6,0.5,7,0.45345109809348333,0.5211686143572621
201,0.6,0.3,7,0.5106114644537025,0.5211686143572621
201,0.6,1,5,0.48345329477590276,0.5211686143572621
201,0.6,0.7,5,0.513118754264313,0.5211686143572621
201,0.6,0.5,5,0.4948110975405374,0.5211686143572621
201,0.6,0.3,5,0.4848157506349215,0.5211686143572621
201,0.6,1,3,0.4710138471576499,0.5211686143572621
201,0.6,0.7,3,0.5040993138688284,0.5211686143572621
201,0.6,0.5,3,0.5085858198014984,0.5211686143572621
201,0.6,0.3,3,0.4092731790720327,0.5211686143572621
202,0.6,1,100,0.4912871725985576,0.520500834724541
202,0.6,0.7,100,0.486168537395048,0.520500834724541
202,0.6,0.5,100,0.5076905954368393,0.520500834724541
202,0.6,0.3,100,0.5389872008903729,0.520500834724541
202,0.6,1,7,0.5162065592901715,0.520500834724541
202,0.6,0.7,7,0.5030319429154557,0.520500834724541
202,0.6,0.5,7,0.5070575278367765,0.520500834724541
202,0.6,0.3,7,0.5104593616435011,0.520500834724541
202,0.6,1,5,0.5310202303504378,0.520500834724541
202,0.6,0.7,5,0.5442367800410363,0.520500834724541
202,0.6,0.5,5,0.5307873077934733,0.520500834724541
202,0.6,0.3,5,0.5331195835854553,0.520500834724541
202,0.6,1,3,0.5300761628086099,0.520500834724541
202,0.6,0.7,3,0.5078924031852876,0.520500834724541
202,0.6,0.5,3,0.49804233645564044,0.520500834724541
202,0.6,0.3,3,0.41243950123948475,0.520500834724541
203,0.6,1,100,0.4465973528480486,0.46766833611574854
203,0.6,0.7,100,0.4763849858545783,0.46766833611574854
203,0.6,0.5,100,0.43282136894824713,0.46766833611574854
203,0.6,0.3,100,0.4445297718419589,0.46766833611574854
203,0.6,1,7,0.40424756840811843,0.46766833611574854
203,0.6,0.7,7,0.44741769538835907,0.46766833611574854
203,0.6,0.5,7,0.4430370927053644,0.46766833611574854
203,0.6,0.3,7,0.44770690388398626,0.46766833611574854
203,0.6,1,5,0.4617906050995829,0.46766833611574854
203,0.6,0.7,5,0.4567231601476219,0.46766833611574854
203,0.6,0.5,5,0.4599623540999656,0.46766833611574854
203,0.6,0.3,5,0.43973960073836754,0.46766833611574854
203,0.6,1,3,0.47612758525612503,0.46766833611574854
203,0.6,0.7,3,0.4253527058438926,0.46766833611574854
203,0.6,0.5,3,0.42595129599001097,0.46766833611574854
203,0.6,0.3,3,0.3774779919008333,0.46766833611574854
204,0.6,1,100,0.46474550660623015,0.433856427378965
204,0.6,0.7,100,0.44689239921329815,0.433856427378965
204,0.6,0.5,100,0.42358375069560383,0.433856427378965
204,0.6,0.3,100,0.5112075681691709,0.433856427378965
204,0.6,1,7,0.41988709504916943,0.433856427378965
204,0.6,0.7,7,0.4932234735846166,0.433856427378965
204,0.6,0.5,7,0.43866269388615736,0.433856427378965
204,0.6,0.3,7,0.45196211582007717,0.433856427378965
204,0.6,1,5,0.46167644835682203,0.433856427378965
204,0.6,0.7,5,0.4851322071390561,0.433856427378965
204,0.6,0.5,5,0.4518265755304545,0.433856427378965
204,0.6,0.3,5,0.43301856203889,0.433856427378965
204,0.6,1,3,0.43870071842274544,0.433856427378965
204,0.6,0.7,3,0.46439439652309,0.433856427378965
204,0.6,0.5,3,0.45062879620517465,0.433856427378965
204,0.6,0.3,3,0.3798334793969856,0.433856427378965
205,0.6,1,100,0.4415705934787753,0.481175518019442
205,0.6,0.7,100,0.4459277849983455,0.481175518019442
205,0.6,0.5,100,0.43594880356149146,0.481175518019442
205,0.6,0.3,100,0.4215470228158042,0.481175518019442
205,0.6,1,7,0.41008165276305886,0.481175518019442
205,0.6,0.7,7,0.445894455582637,0.481175518019442
205,0.6,0.5,7,0.49249468206731817,0.481175518019442
205,0.6,0.3,7,0.4373722568795934,0.481175518019442
205,0.6,1,5,0.4419689594798405,0.481175518019442
205,0.6,0.7,5,0.4697845973628968,0.481175518019442
205,0.6,0.5,5,0.4662149229555729,0.481175518019442
205,0.6,0.3,5,0.3972769360618541,0.481175518019442
205,0.6,1,3,0.4757453904666548,0.481175518019442
205,0.6,0.7,3,0.41410917716486695,0.481175518019442
205,0.6,0.5,3,0.4376303373996678,0.481175518019442
205,0.6,0.3,3,0.3525864864866882,0.481175518019442
206,0.6,1,100,0.4376429802151966,0.49686143572621044
206,0.6,0.7,100,0.433667223149694,0.49686143572621044
206,0.6,0.5,100,0.4362715637173067,0.49686143572621044
206,0.6,0.3,100,0.4299165275459099,0.49686143572621044
206,0.6,1,7,0.4368967503626145,0.49686143572621044
206,0.6,0.7,7,0.41980275385995797,0.49686143572621044
206,0.6,0.5,7,0.4467241196038832,0.49686143572621044
206,0.6,0.3,7,0.46502918932879717,0.49686143572621044
206,0.6,1,5,0.41894091170617215,0.49686143572621044
206,0.6,0.7,5,0.4484730348952536,0.49686143572621044
206,0.6,0.5,5,0.4366011317186532,0.49686143572621044
206,0.6,0.3,5,0.4397376084262971,0.49686143572621044
206,0.6,1,3,0.3995617489502332,0.49686143572621044
206,0.6,0.7,3,0.4792908835476617,0.49686143572621044
206,0.6,0.5,3,0.4174892129481385,0.49686143572621044
206,0.6,0.3,3,0.3195484768466782,0.49686143572621044
207,0.6,1,100,0.40839399710276014,0.48885920979410136
207,0.6,0.7,100,0.44906635800496036,0.48885920979410136
207,0.6,0.5,100,0.3989426822481915,0.48885920979410136
207,0.6,0.3,100,0.4699721758486367,0.48885920979410136
207,0.6,1,7,0.39126846775839813,0.48885920979410136
207,0.6,0.7,7,0.4317513027732652,0.48885920979410136
207,0.6,0.5,7,0.400817780844213,0.48885920979410136
207,0.6,0.3,7,0.4430294945095089,0.48885920979410136
207,0.6,1,5,0.4309869841628474,0.48885920979410136
207,0.6,0.7,5,0.4304897433218406,0.48885920979410136
207,0.6,0.5,5,0.44619561789727186,0.48885920979410136
207,0.6,0.3,5,0.39793962441353314,0.48885920979410136
207,0.6,1,3,0.4102625578559567,0.48885920979410136
207,0.6,0.7,3,0.41590368285644785,0.48885920979410136
207,0.6,0.5,3,0.43458472646166146,0.48885920979410136
207,0.6,0.3,3,0.3432198025135472,0.48885920979410136
208,0.6,1,100,0.43436097776777294,0.4790608766320064
208,0.6,0.7,100,0.45441518188641083,0.4790608766320064
208,0.6,0.5,100,0.44227045075125215,0.4790608766320064
208,0.6,0.3,100,0.46432943795214254,0.4790608766320064
208,0.6,1,7,0.47446176446182114,0.4790608766320064
208,0.6,0.7,7,0.4694659778893539,0.4790608766320064
208,0.6,0.5,7,0.49866362897469385,0.4790608766320064
208,0.6,0.3,7,0.5093533313470424,0.4790608766320064
208,0.6,1,5,0.4565509263822065,0.4790608766320064
208,0.6,0.7,5,0.4625686737372581,0.4790608766320064
208,0.6,0.5,5,0.47040938813411054,0.4790608766320064
208,0.6,0.3,5,0.4565041636862875,0.4790608766320064
208,0.6,1,3,0.43402145132093756,0.4790608766320064
208,0.6,0.7,3,0.49661614503164375,0.4790608766320064
208,0.6,0.5,3,0.4703688886573281,0.4790608766320064
208,0.6,0.3,3,0.4005593872269366,0.4790608766320064
209,0.6,1,100,0.4439403639131822,0.5112326724212293
209,0.6,0.7,100,0.48017651790641636,0.5112326724212293
209,0.6,0.5,100,0.4844852531997775,0.5112326724212293
209,0.6,0.3,100,0.4420923761825265,0.5112326724212293
209,0.6,1,7,0.4747856156864542,0.5112326724212293
209,0.6,0.7,7,0.5073244815676303,0.5112326724212293
209,0.6,0.5,7,0.4923923192142096,0.5112326724212293
209,0.6,0.3,7,0.47720268407102945,0.5112326724212293
209,0.6,1,5,0.4653468982586273,0.5112326724212293
209,0.6,0.7,5,0.432091577759463,0.5112326724212293
209,0.6,0.5,5,0.49809847148408565,0.5112326724212293
209,0.6,0.3,5,0.4603270547719849,0.5112326724212293
209,0.6,1,3,0.44952424828296283,0.5112326724212293
209,0.6,0.7,3,0.4651604675129442,0.5112326724212293
209,0.6,0.5,3,0.4736382081147751,0.5112326724212293
209,0.6,0.3,3,0.37306816480839183,0.5112326724212293
210,0.6,1,100,0.4371482758524078,0.48189894796777516
210,0.6,0.7,100,0.47189172948642755,0.48189894796777516
210,0.6,0.5,100,0.47288814691151926,0.48189894796777516
210,0.6,0.3,100,0.4686366165831943,0.48189894796777516
210,0.6,1,7,0.478169123860296,0.48189894796777516
210,0.6,0.7,7,0.4622770985267576,0.48189894796777516
210,0.6,0.5,7,0.5018058527396724,0.48189894796777516
210,0.6,0.3,7,0.46708081951750163,0.48189894796777516
210,0.6,1,5,0.45737162688011707,0.48189894796777516
210,0.6,0.7,5,0.4825640442385969,0.48189894796777516
210,0.6,0.5,5,0.5043331821125023,0.48189894796777516
210,0.6,0.3,5,0.4798588990126055,0.48189894796777516
210,0.6,1,3,0.45998334468475377,0.48189894796777516
210,0.6,0.7,3,0.4797847166317643,0.48189894796777516
210,0.6,0.5,3,0.4654885358080202,0.48189894796777516
210,0.6,0.3,3,0.4073995070070342,0.48189894796777516
211,0.6,1,100,0.47296734765233983,0.4997106288258209
211,0.6,0.7,100,0.4366122332021164,0.4997106288258209
211,0.6,0.5,100,0.4662214802448526,0.4997106288258209
211,0.6,0.3,100,0.4238174735670563,0.4997106288258209
211,0.6,1,7,0.47615394370326775,0.4997106288258209
211,0.6,0.7,7,0.5048254704233749,0.4997106288258209
211,0.6,0.5,7,0.4689333298816589,0.4997106288258209
211,0.6,0.3,7,0.4916543421914195,0.4997106288258209
211,0.6,1,5,0.4859222538505703,0.4997106288258209
211,0.6,0.7,5,0.4673295834019932,0.4997106288258209
211,0.6,0.5,5,0.49765237194152556,0.4997106288258209
211,0.6,0.3,5,0.4952986207626763,0.4997106288258209
211,0.6,1,3,0.5007851488389803,0.4997106288258209
211,0.6,0.7,3,0.47379398290164054,0.4997106288258209
211,0.6,0.5,3,0.4701475205333079,0.4997106288258209
211,0.6,0.3,3,0.3696920226552168,0.4997106288258209
212,0.6,1,100,0.3854663320271329,0.4956483027267669
212,0.6,0.7,100,0.38335002782415145,0.4956483027267669
212,0.6,0.5,100,0.409415692821369,0.4956483027267669
212,0.6,0.3,100,0.40475236505286594,0.4956483027267669
212,0.6,1,7,0.40170188035430116,0.4956483027267669
212,0.6,0.7,7,0.41653016405744436,0.4956483027267669
212,0.6,0.5,7,0.41452170012988043,0.4956483027267669
212,0.6,0.3,7,0.38119628151612966,0.4956483027267669
212,0.6,1,5,0.40473362800270934,0.4956483027267669
212,0.6,0.7,5,0.4038508539625071,0.4956483027267669
212,0.6,0.5,5,0.3902853347974678,0.4956483027267669
212,0.6,0.3,5,0.42408504214636283,0.4956483027267669
212,0.6,1,3,0.4262198989494097,0.4956483027267669
212,0.6,0.7,3,0.38226098829085237,0.4956483027267669
212,0.6,0.5,3,0.43042108448779876,0.4956483027267669
212,0.6,0.3,3,0.2904652082766098,0.4956483027267669
213,0.6,1,100,0.4435501914672218,0.49618252643294386
213,0.6,0.7,100,0.4381616986382364,0.49618252643294386
213,0.6,0.5,100,0.43286588759042854,0.49618252643294386
213,0.6,0.3,100,0.4107289927657207,0.49618252643294386
213,0.6,1,7,0.42966999937644057,0.49618252643294386
213,0.6,0.7,7,0.4350033939413944,0.49618252643294386
213,0.6,0.5,7,0.4605560341944381,0.49618252643294386
213,0.6,0.3,7,0.4923369285808406,0.49618252643294386
213,0.6,1,5,0.42907513313913853,0.49618252643294386
213,0.6,0.7,5,0.4317383920212241,0.49618252643294386
213,0.6,0.5,5,0.4567497128260466,0.49618252643294386
213,0.6,0.3,5,0.44204902614360203,0.49618252643294386
213,0.6,1,3,0.39575879957630433,0.49618252643294386
213,0.6,0.7,3,0.4491418361261904,0.49618252643294386
213,0.6,0.5,3,0.3986920163248559,0.49618252643294386
213,0.6,0.3,3,0.3316277263059674,0.49618252643294386
214,0.6,1,100,0.4533904917922191,0.48348358375069567
214,0.6,0.7,100,0.4240474807837321,0.48348358375069567
214,0.6,0.5,100,0.4859209794101281,0.48348358375069567
214,0.6,0.3,100,0.4432609905397886,0.48348358375069567
214,0.6,1,7,0.49726100071737783,0.48348358375069567
214,0.6,0.7,7,0.4419593861499667,0.48348358375069567
214,0.6,0.5,7,0.4805331539391289,0.48348358375069567
214,0.6,0.3,7,0.4559738487181697,0.48348358375069567
214,0.6,1,5,0.4789904435928119,0.48348358375069567
214,0.6,0.7,5,0.45909988116289757,0.48348358375069567
214,0.6,0.5,5,0.43585724720054975,0.48348358375069567
214,0.6,0.3,5,0.4679473773867849,0.48348358375069567
214,0.6,1,3,0.4511468773442277,0.48348358375069567
214,0.6,0.7,3,0.45183648547932614,0.48348358375069567
214,0.6,0.5,3,0.42673359274609124,0.48348358375069567
214,0.6,0.3,3,0.4171096409978267,0.48348358375069567
215,0.6,1,100,0.39374170914047735,0.512376182526433
215,0.6,0.7,100,0.43886259427865243,0.512376182526433
215,0.6,0.5,100,0.4417584863661659,0.512376182526433
215,0.6,0.3,100,0.4414579855314414,0.512376182526433
215,0.6,1,7,0.4221961010384111,0.512376182526433
215,0.6,0.7,7,0.4399733554664531,0.512376182526433
215,0.6,0.5,7,0.4250549494713552,0.512376182526433
215,0.6,0.3,7,0.4344257013722845,0.512376182526433
215,0.6,1,5,0.4534919489097152,0.512376182526433
215,0.6,0.7,5,0.43923200289141856,0.512376182526433
215,0.6,0.5,5,0.452071984354942,0.512376182526433
215,0.6,0.3,5,0.46934980673821763,0.512376182526433
215,0.6,1,3,0.42237237910107345,0.512376182526433
215,0.6,0.7,3,0.44172163814626053,0.512376182526433
215,0.6,0.5,3,0.4178306053388631,0.512376182526433
215,0.6,0.3,3,0.3422733676382557,0.512376182526433
216,0.6,1,100,0.47092633121547417,0.47328881469115197
216,0.6,0.7,100,0.42681885108295253,0.47328881469115197
216,0.6,0.5,100,0.4681580411797441,0.47328881469115197
216,0.6,0.3,100,0.46585420144685596,0.47328881469115197
216,0.6,1,7,0.4395194940690073,0.47328881469115197
216,0.6,0.7,7,0.44575924153017205,0.47328881469115197
216,0.6,0.5,7,0.4365222593126314,0.47328881469115197
216,0.6,0.3,7,0.450048854701885,0.47328881469115197
216,0.6,1,5,0.47365716494750487,0.47328881469115197
216,0.6,0.7,5,0.4789619446120556,0.47328881469115197
216,0.6,0.5,5,0.4586283327881673,0.47328881469115197
216,0.6,0.3,5,0.4218325725788011,0.47328881469115197
216,0.6,1,3,0.4797802792246688,0.47328881469115197
216,0.6,0.7,3,0.4312565512031785,0.47328881469115197
216,0.6,0.5,3,0.4500232937109641,0.47328881469115197
216,0.6,0.3,3,0.36104347406841114,0.47328881469115197
217,0.6,1,100,0.5079392146406401,0.45524763494713416
217,0.6,0.7,100,0.4956218576030805,0.45524763494713416
217,0.6,0.5,100,0.5072565386755705,0.45524763494713416
217,0.6,0.3,100,0.5176071229827491,0.45524763494713416
217,0.6,1,7,0.505562144529423,0.45524763494713416
217,0.6,0.7,7,0.5225932023836514,0.45524763494713416
217,0.6,0.5,7,0.5044096738059206,0.45524763494713416
217,0.6,0.3,7,0.47423966605469126,0.45524763494713416
217,0.6,1,5,0.4952884096922199,0.45524763494713416
217,0.6,0.7,5,0.505195533907672,0.45524763494713416
217,0.6,0.5,5,0.5114477407590174,0.45524763494713416
217,0.6,0.3,5,0.5072930604421964,0.45524763494713416
217,0.6,1,3,0.49017579475878237,0.45524763494713416
217,0.6,0.7,3,0.49807123675660153,0.45524763494713416
217,0.6,0.5,3,0.48566115924149594,0.45524763494713416
217,0.6,0.3,3,0.42779839922722296,0.45524763494713416
218,0.6,1,100,0.4280247604941025,0.5267223149693935
218,0.6,0.7,100,0.42890372843628277,0.5267223149693935
218,0.6,0.5,100,0.45468002225932114,0.5267223149693935
218,0.6,0.3,100,0.4660100166944909,0.5267223149693935
218,0.6,1,7,0.4938891410524225,0.5267223149693935
218,0.6,0.7,7,0.45829864260220793,0.5267223149693935
218,0.6,0.5,7,0.43908671247107506,0.5267223149693935
218,0.6,0.3,7,0.4505324652538292,0.5267223149693935
218,0.6,1,5,0.46655009428927274,0.5267223149693935
218,0.6,0.7,5,0.4985341108189531,0.5267223149693935
218,0.6,0.5,5,0.4682339741043716,0.5267223149693935
218,0.6,0.3,5,0.4458978226338577,0.5267223149693935
218,0.6,1,3,0.4729995667700937,0.5267223149693935
218,0.6,0.7,3,0.45076081877684526,0.5267223149693935
218,0.6,0.5,3,0.4934543183641977,0.5267223149693935
218,0.6,0.3,3,0.40173752038114113,0.5267223149693935
219,0.6,1,100,0.48075549502962445,0.5058764607679467
219,0.6,0.7,100,0.5153102818892565,0.5058764607679467
219,0.6,0.5,100,0.5048525319977741,0.5058764607679467
219,0.6,0.3,100,0.5088592097941014,0.5058764607679467
219,0.6,1,7,0.5045806342953661,0.5058764607679467
219,0.6,0.7,7,0.5130558345882087,0.5058764607679467
219,0.6,0.5,7,0.5388491590993363,0.5058764607679467
219,0.6,0.3,7,0.5527471797300103,0.5058764607679467
219,0.6,1,5,0.5259895538574965,0.5058764607679467
219,0.6,0.7,5,0.523543963339852,0.5058764607679467
219,0.6,0.5,5,0.5311201301110169,0.5058764607679467
219,0.6,0.3,5,0.5112745408348609,0.5058764607679467
219,0.6,1,3,0.48589344452745015,0.5058764607679467
219,0.6,0.7,3,0.5210456714294163,0.5058764607679467
219,0.6,0.5,3,0.4859523602988599,0.5058764607679467
219,0.6,0.3,3,0.46394899433299247,0.5058764607679467
220,0.6,1,100,0.4816284096688152,0.5155036171396773
220,0.6,0.7,100,0.5156515208317979,0.5155036171396773
220,0.6,0.5,100,0.49607122982749036,0.5155036171396773
220,0.6,0.3,100,0.49213132999443526,0.5155036171396773
220,0.6,1,7,0.48230118645213826,0.5155036171396773
220,0.6,0.7,7,0.5165808313445482,0.5155036171396773
220,0.6,0.5,7,0.48572524211095514,0.5155036171396773
220,0.6,0.3,7,0.4974212533190978,0.5155036171396773
220,0.6,1,5,0.5093959835153014,0.5155036171396773
220,0.6,0.7,5,0.5230298656120531,0.5155036171396773
220,0.6,0.5,5,0.508126239304438,0.5155036171396773
220,0.6,0.3,5,0.467886290388624,0.5155036171396773
220,0.6,1,3,0.5187893875525204,0.5155036171396773
220,0.6,0.7,3,0.4943133341260937,0.5155036171396773
220,0.6,0.5,3,0.49974898889286373,0.5155036171396773
220,0.6,0.3,3,0.4019710958050157,0.5155036171396773
221,0.6,1,100,0.39190163140742995,0.4631565474601887
221,0.6,0.7,100,0.4183194212576517,0.4631565474601887
221,0.6,0.5,100,0.427746243739566,0.4631565474601887
221,0.6,0.3,100,0.43156371730662224,0.4631565474601887
221,0.6,1,7,0.388121163258962,0.4631565474601887
221,0.6,0.7,7,0.44395862201879127,0.4631565474601887
221,0.6,0.5,7,0.3970848621588207,0.4631565474601887
221,0.6,0.3,7,0.4062961385375381,0.4631565474601887
221,0.6,1,5,0.40733897721139356,0.4631565474601887
221,0.6,0.7,5,0.4014662727581335,0.4631565474601887
221,0.6,0.5,5,0.3920239389281764,0.4631565474601887
221,0.6,0.3,5,0.3953764199900965,0.4631565474601887
221,0.6,1,3,0.3842606853206263,0.4631565474601887
221,0.6,0.7,3,0.46091685146750666,0.4631565474601887
221,0.6,0.5,3,0.3736620778734346,0.4631565474601887
221,0.6,0.3,3,0.30369506308683475,0.4631565474601887
222,0.6,1,100,0.43416699486817917,0.48558708959376745
222,0.6,0.7,100,0.49498878674878044,0.48558708959376745
222,0.6,0.5,100,0.47742904841402345,0.48558708959376745
222,0.6,0.3,100,0.46599888703394554,0.48558708959376745
222,0.6,1,7,0.46272424998279604,0.48558708959376745
222,0.6,0.7,7,0.4684503092262603,0.48558708959376745
222,0.6,0.5,7,0.4996440111423373,0.48558708959376745
222,0.6,0.3,7,0.48188442116889,0.48558708959376745
222,0.6,1,5,0.4781846122908188,0.48558708959376745
222,0.6,0.7,5,0.5016146664375932,0.48558708959376745
222,0.6,0.5,5,0.4436940817324219,0.48558708959376745
222,0.6,0.3,5,0.44360001752600364,0.48558708959376745
222,0.6,1,3,0.4477542829069328,0.48558708959376745
222,0.6,0.7,3,0.48568426536721343,0.48558708959376745
222,0.6,0.5,3,0.4620156973844852,0.48558708959376745
222,0.6,0.3,3,0.3899341855283265,0.48558708959376745
223,0.6,1,100,0.4192345496886674,0.5264440734557597
223,0.6,0.7,100,0.39742458938548214,0.5264440734557597
223,0.6,0.5,100,0.44593210907067343,0.5264440734557597
223,0.6,0.3,100,0.3970283806343907,0.5264440734557597
223,0.6,1,7,0.4272184529229341,0.5264440734557597
223,0.6,0.7,7,0.40451740850601614,0.5264440734557597
223,0.6,0.5,7,0.4590210988338816,0.5264440734557597
223,0.6,0.3,7,0.3942822367858696,0.5264440734557597
223,0.6,1,5,0.398643106493527,0.5264440734557597
223,0.6,0.7,5,0.41468844566085167,0.5264440734557597
223,0.6,0.5,5,0.475026566619372,0.5264440734557597
223,0.6,0.3,5,0.4137634959960913,0.5264440734557597
223,0.6,1,3,0.39639251675420967,0.5264440734557597
223,0.6,0.7,3,0.421610134320831,0.5264440734557597
223,0.6,0.5,3,0.3896073753722913,0.5264440734557597
223,0.6,0.3,3,0.28355830205893595,0.5264440734557597
224,0.6,1,100,0.4489784590908298,0.475492487479132
224,0.6,0.7,100,0.4543099540511232,0.475492487479132
224,0.6,0.5,100,0.4482693377851976,0.475492487479132
224,0.6,0.3,100,0.46062326099053985,0.475492487479132
224,0.6,1,7,0.44811614204685163,0.475492487479132
224,0.6,0.7,7,0.4289116505362113,0.475492487479132
224,0.6,0.5,7,0.50343637061437,0.475492487479132
224,0.6,0.3,7,0.46529072723009535,0.475492487479132
224,0.6,1,5,0.4716472933501537,0.475492487479132
224,0.6,0.7,5,0.4440580398569194,0.475492487479132
224,0.6,0.5,5,0.4636258819375576,0.475492487479132
224,0.6,0.3,5,0.42476662731768156,0.475492487479132
224,0.6,1,3,0.43494081613691726,0.475492487479132
224,0.6,0.7,3,0.4202215011196896,0.475492487479132
224,0.6,0.5,3,0.4096989760347615,0.475492487479132
224,0.6,0.3,3,0.37376566686106566,0.475492487479132
225,0.6,1,100,0.45354118672976307,0.4962562500193111
225,0.6,0.7,100,0.4779834666071147,0.4962562500193111
225,0.6,0.5,100,0.4589204229271008,0.4962562500193111
225,0.6,0.3,100,0.4984418475236506,0.4962562500193111
225,0.6,1,7,0.47517244399780645,0.4962562500193111
225,0.6,0.7,7,0.5003723907362614,0.4962562500193111
225,0.6,0.5,7,0.45257896418757315,0.4962562500193111
225,0.6,0.3,7,0.48768520333594984,0.4962562500193111
225,0.6,1,5,0.47840441801487354,0.4962562500193111
225,0.6,0.7,5,0.49216491236158727,0.4962562500193111
225,0.6,0.5,5,0.49970344008473494,0.4962562500193111
225,0.6,0.3,5,0.48376224938362095,0.4962562500193111
225,0.6,1,3,0.4865122276742458,0.4962562500193111
225,0.6,0.7,3,0.4399860634560018,0.4962562500193111
225,0.6,0.5,3,0.4711738447685561,0.4962562500193111
225,0.6,0.3,3,0.3660677708748254,0.4962562500193111
226,0.6,1,100,0.5167916799484146,0.5642515303283251
226,0.6,0.7,100,0.5352343111649245,0.5642515303283251
226,0.6,0.5,100,0.5404117974401782,0.5642515303283251
226,0.6,0.3,100,0.5362381747356707,0.5642515303283251
226,0.6,1,7,0.5177255096412717,0.5642515303283251
226,0.6,0.7,7,0.5558216695939776,0.5642515303283251
226,0.6,0.5,7,0.5271216104662452,0.5642515303283251
226,0.6,0.3,7,0.5690504540594904,0.5642515303283251
226,0.6,1,5,0.5228271457555802,0.5642515303283251
226,0.6,0.7,5,0.5527658986644626,0.5642515303283251
226,0.6,0.5,5,0.5684348750096728,0.5642515303283251
226,0.6,0.3,5,0.5577191503577822,0.5642515303283251
226,0.6,1,3,0.5049039025448371,0.5642515303283251
226,0.6,0.7,3,0.5705698713189193,0.5642515303283251
226,0.6,0.5,3,0.5290184313271521,0.5642515303283251
226,0.6,0.3,3,0.4443658683869372,0.5642515303283251
227,0.6,1,100,0.4523885853589418,0.4940567612687814
227,0.6,0.7,100,0.46365826926220816,0.4940567612687814
227,0.6,0.5,100,0.47790762381747365,0.4940567612687814
227,0.6,0.3,100,0.4537562604340568,0.4940567612687814
227,0.6,1,7,0.4667408913099048,0.4940567612687814
227,0.6,0.7,7,0.4531067090737771,0.4940567612687814
227,0.6,0.5,7,0.49769090895756685,0.4940567612687814
227,0.6,0.3,7,0.4337714093665706,0.4940567612687814
227,0.6,1,5,0.4377073603660478,0.4940567612687814
227,0.6,0.7,5,0.47066713925494263,0.4940567612687814
227,0.6,0.5,5,0.46448283347306074,0.4940567612687814
227,0.6,0.3,5,0.4619867117053561,0.4940567612687814
227,0.6,1,3,0.43284155770524835,0.4940567612687814
227,0.6,0.7,3,0.434924526336348,0.4940567612687814
227,0.6,0.5,3,0.4559112173860551,0.4940567612687814
227,0.6,0.3,3,0.3835834151260117,0.4940567612687814
228,0.6,1,100,0.4286497498945819,0.4892890631322867
228,0.6,0.7,100,0.5041778777949767,0.4892890631322867
228,0.6,0.5,100,0.4940567612687814,0.4892890631322867
228,0.6,0.3,100,0.4596994991652755,0.4892890631322867
228,0.6,1,7,0.4958668062222399,0.4892890631322867
228,0.6,0.7,7,0.46911629043292963,0.4892890631322867
228,0.6,0.5,7,0.4890597850153311,0.4892890631322867
228,0.6,0.3,7,0.502202750355595,0.4892890631322867
228,0.6,1,5,0.45105015623464123,0.4892890631322867
228,0.6,0.7,5,0.467708905900921,0.4892890631322867
228,0.6,0.5,5,0.4752479272233923,0.4892890631322867
228,0.6,0.3,5,0.4708828964694815,0.4892890631322867
228,0.6,1,3,0.47429623804772364,0.4892890631322867
228,0.6,0.7,3,0.4643112796961254,0.4892890631322867
228,0.6,0.5,3,0.4795485651192128,0.4892890631322867
228,0.6,0.3,3,0.37119091556449957,0.4892890631322867
229,0.6,1,100,0.42117800620007156,0.4544796883695048
229,0.6,0.7,100,0.4298477728121886,0.4544796883695048
229,0.6,0.5,100,0.46306065664997226,0.4544796883695048
229,0.6,0.3,100,0.3967501391207569,0.4544796883695048
229,0.6,1,7,0.42151748159813507,0.4544796883695048
229,0.6,0.7,7,0.400575891749026,0.4544796883695048
229,0.6,0.5,7,0.42386272327410324,0.4544796883695048
229,0.6,0.3,7,0.4011008265577864,0.4544796883695048
229,0.6,1,5,0.40912727773549845,0.4544796883695048
229,0.6,0.7,5,0.42178383893406945,0.4544796883695048
229,0.6,0.5,5,0.4667026178838156,0.4544796883695048
229,0.6,0.3,5,0.40201546258525384,0.4544796883695048
229,0.6,1,3,0.42143736592582703,0.4544796883695048
229,0.6,0.7,3,0.4349677519864916,0.4544796883695048
229,0.6,0.5,3,0.4142928792858572,0.4544796883695048
229,0.6,0.3,3,0.33899270656948605,0.4544796883695048
230,0.6,1,100,0.4988853329972474,0.500912632164719
230,0.6,0.7,100,0.49525039093917056,0.500912632164719
230,0.6,0.5,100,0.4973177518085699,0.500912632164719
230,0.6,0.3,100,0.5249972175848637,0.500912632164719
230,0.6,1,7,0.5113794356714517,0.500912632164719
230,0.6,0.7,7,0.5049147420622931,0.500912632164719
230,0.6,0.5,7,0.5078743799075033,0.500912632164719
230,0.6,0.3,7,0.4897758079602332,0.500912632164719
230,0.6,1,5,0.4781717980381345,0.500912632164719
230,0.6,0.7,5,0.49945193056394016,0.500912632164719
230,0.6,0.5,5,0.5179683694423391,0.500912632164719
230,0.6,0.3,5,0.48926689939831847,0.500912632164719
230,0.6,1,3,0.4955225271943183,0.500912632164719
230,0.6,0.7,3,0.5070422157446973,0.500912632164719
230,0.6,0.5,3,0.5132541931755974,0.500912632164719
230,0.6,0.3,3,0.4083428928659278,0.500912632164719
231,0.6,1,100,0.4940889759887725,0.5253644963828604
231,0.6,0.7,100,0.45204911533039577,0.5253644963828604
231,0.6,0.5,100,0.4921202003338899,0.5253644963828604
231,0.6,0.3,100,0.47634947134112415,0.5253644963828604
231,0.6,1,7,0.506316938793543,0.5253644963828604
231,0.6,0.7,7,0.4738106504078978,0.5253644963828604
231,0.6,0.5,7,0.4837277196839288,0.5253644963828604
231,0.6,0.3,7,0.4986104127485731,0.5253644963828604
231,0.6,1,5,0.48958547187104445,0.5253644963828604
231,0.6,0.7,5,0.46366915071373693,0.5253644963828604
231,0.6,0.5,5,0.4979926766234166,0.5253644963828604
231,0.6,0.3,5,0.4943566333420737,0.5253644963828604
231,0.6,1,3,0.47615460264002224,0.5253644963828604
231,0.6,0.7,3,0.43558405075347445,0.5253644963828604
231,0.6,0.5,3,0.47082124553687815,0.5253644963828604
231,0.6,0.3,3,0.37523944034669365,0.5253644963828604
232,0.6,1,100,0.4665729835645907,0.4998775737340012
232,0.6,0.7,100,0.46076366378493266,0.4998775737340012
232,0.6,0.5,100,0.4579410127991097,0.4998775737340012
232,0.6,0.3,100,0.484373956594324,0.4998775737340012
232,0.6,1,7,0.4298290823916925,0.4998775737340012
232,0.6,0.7,7,0.4734984496514063,0.4998775737340012
232,0.6,0.5,7,0.48520376229619927,0.4998775737340012
232,0.6,0.3,7,0.4495079420147281,0.4998775737340012
232,0.6,1,5,0.45949830610496517,0.4998775737340012
232,0.6,0.7,5,0.4577394590852712,0.4998775737340012
232,0.6,0.5,5,0.5158185004795988,0.4998775737340012
232,0.6,0.3,5,0.4447738389769625,0.4998775737340012
232,0.6,1,3,0.45156519739171574,0.4998775737340012
232,0.6,0.7,3,0.4819913128348814,0.4998775737340012
232,0.6,0.5,3,0.47697626157782186,0.4998775737340012
232,0.6,0.3,3,0.3737774342887729,0.4998775737340012
233,0.6,1,100,0.45781578626422476,0.528436282693378
233,0.6,0.7,100,0.4624553768948811,0.528436282693378
233,0.6,0.5,100,0.46564273789649424,0.528436282693378
233,0.6,0.3,100,0.464941569282137,0.528436282693378
233,0.6,1,7,0.45572671199906983,0.528436282693378
233,0.6,0.7,7,0.48082252374618173,0.528436282693378
233,0.6,0.5,7,0.5027701545905275,0.528436282693378
233,0.6,0.3,7,0.5513900988060089,0.528436282693378
233,0.6,1,5,0.4793000769187809,0.528436282693378
233,0.6,0.7,5,0.48274715354779774,0.528436282693378
233,0.6,0.5,5,0.4681812561812601,0.528436282693378
233,0.6,0.3,5,0.4411716110675149,0.528436282693378
233,0.6,1,3,0.49920318110722123,0.528436282693378
233,0.6,0.7,3,0.47478786333449086,0.528436282693378
233,0.6,0.5,3,0.48091967358127463,0.528436282693378
233,0.6,0.3,3,0.33563677321490737,0.528436282693378
234,0.6,1,100,0.4248000500841406,0.5109627156371731
234,0.6,0.7,100,0.40599001664522144,0.5109627156371731
234,0.6,0.5,100,0.38899276572064556,0.5109627156371731
234,0.6,0.3,100,0.4132665553700613,0.5109627156371731
234,0.6,1,7,0.40959098263091465,0.5109627156371731
234,0.6,0.7,7,0.43960968700686176,0.5109627156371731
234,0.6,0.5,7,0.41226141682177614,0.5109627156371731
234,0.6,0.3,7,0.412723312741307,0.5109627156371731
234,0.6,1,5,0.40288341477859535,0.5109627156371731
234,0.6,0.7,5,0.4354459205790962,0.5109627156371731
234,0.6,0.5,5,0.46670400909417503,0.5109627156371731
234,0.6,0.3,5,0.40337654053724953,0.5109627156371731
234,0.6,1,3,0.376467944744782,0.5109627156371731
234,0.6,0.7,3,0.4140627455066034,0.5109627156371731
234,0.6,0.5,3,0.4499398096925723,0.5109627156371731
234,0.6,0.3,3,0.3438736036073025,0.5109627156371731
235,0.6,1,100,0.4717943027031747,0.4811463550361715
235,0.6,0.7,100,0.49070106515076073,0.4811463550361715
235,0.6,0.5,100,0.47890929326655546,0.4811463550361715
235,0.6,0.3,100,0.48456316082359496,0.4811463550361715
235,0.6,1,7,0.4848142366526858,0.4811463550361715
235,0.6,0.7,7,0.48159917413359193,0.4811463550361715
235,0.6,0.5,7,0.4918941541878876,0.4811463550361715
235,0.6,0.3,7,0.49016733611480356,0.4811463550361715
235,0.6,1,5,0.46989097083638465,0.4811463550361715
235,0.6,0.7,5,0.5080514857097687,0.4811463550361715
235,0.6,0.5,5,0.4786772014652055,0.4811463550361715
235,0.6,0.3,5,0.48010879426556413,0.4811463550361715
235,0.6,1,3,0.4670937985521055,0.4811463550361715
235,0.6,0.7,3,0.45967718412030456,0.4811463550361715
235,0.6,0.5,3,0.4791334112642865,0.4811463550361715
235,0.6,0.3,3,0.3824912518403946,0.4811463550361715
236,0.6,1,100,0.4458370463950174,0.4928102392877018
236,0.6,0.7,100,0.43107007913763135,0.4928102392877018
236,0.6,0.5,100,0.4561046188091264,0.4928102392877018
236,0.6,0.3,100,0.4276015581524764,0.4928102392877018
236,0.6,1,7,0.46914624023015145,0.4928102392877018
236,0.6,0.7,7,0.429047359457691,0.4928102392877018
236,0.6,0.5,7,0.4528820399707737,0.4928102392877018
236,0.6,0.3,7,0.43769981196185165,0.4928102392877018
236,0.6,1,5,0.47675791814647783,0.4928102392877018
236,0.6,0.7,5,0.5047761477261515,0.4928102392877018
236,0.6,0.5,5,0.4745359417933891,0.4928102392877018
236,0.6,0.3,5,0.46317342194159344,0.4928102392877018
236,0.6,1,3,0.3867960822919134,0.4928102392877018
236,0.6,0.7,3,0.44655420542990887,0.4928102392877018
236,0.6,0.5,3,0.4291171168371873,0.4928102392877018
236,0.6,0.3,3,0.3434002756663969,0.4928102392877018
237,0.6,1,100,0.437068633137544,0.49609348914858103
237,0.6,0.7,100,0.46264545324399214,0.49609348914858103
237,0.6,0.5,100,0.4367723984418476,0.49609348914858103
237,0.6,0.3,100,0.4568280467445744,0.49609348914858103
237,0.6,1,7,0.4243259877400055,0.49609348914858103
237,0.6,0.7,7,0.47997501941729154,0.49609348914858103
237,0.6,0.5,7,0.46807222851201236,0.49609348914858103
237,0.6,0.3,7,0.4579327984071049,0.49609348914858103
237,0.6,1,5,0.4415640652798916,0.49609348914858103
237,0.6,0.7,5,0.42471385479513857,0.49609348914858103
237,0.6,0.5,5,0.45029676979186833,0.49609348914858103
237,0.6,0.3,5,0.4678704115336866,0.49609348914858103
237,0.6,1,3,0.4363521619738168,0.49609348914858103
237,0.6,0.7,3,0.44096488021109637,0.49609348914858103
237,0.6,0.5,3,0.4370160116337961,0.49609348914858103
237,0.6,0.3,3,0.33505723961985034,0.49609348914858103
238,0.6,1,100,0.4556533147328133,0.45484696716750145
238,0.6,0.7,100,0.4592421935666021,0.45484696716750145
238,0.6,0.5,100,0.45699499165275465,0.45484696716750145
238,0.6,0.3,100,0.4620033388981637,0.45484696716750145
238,0.6,1,7,0.4315588521955612,0.45484696716750145
238,0.6,0.7,7,0.45401314042156654,0.45484696716750145
238,0.6,0.5,7,0.49705614310225993,0.45484696716750145
238,0.6,0.3,7,0.49486138541618574,0.45484696716750145
238,0.6,1,5,0.4552621573685978,0.45484696716750145
238,0.6,0.7,5,0.46642728893276564,0.45484696716750145
238,0.6,0.5,5,0.4916612203341979,0.45484696716750145
238,0.6,0.3,5,0.4842361890642755,0.45484696716750145
238,0.6,1,3,0.4580758003490399,0.45484696716750145
238,0.6,0.7,3,0.49358269773847013,0.45484696716750145
238,0.6,0.5,3,0.449385981445653,0.45484696716750145
238,0.6,0.3,3,0.3842856268551063,0.45484696716750145
239,0.6,1,100,0.5037810371123557,0.4765052865887591
239,0.6,0.7,100,0.46205557138722897,0.4765052865887591
239,0.6,0.5,100,0.5170506399554814,0.4765052865887591
239,0.6,0.3,100,0.49653867557039516,0.4765052865887591
239,0.6,1,7,0.4968005335483618,0.4765052865887591
239,0.6,0.7,7,0.5264364359295095,0.4765052865887591
239,0.6,0.5,7,0.5106596009134889,0.4765052865887591
239,0.6,0.3,7,0.49812573223827833,0.4765052865887591
239,0.6,1,5,0.4833260007073369,0.4765052865887591
239,0.6,0.7,5,0.4950459014866091,0.4765052865887591
239,0.6,0.5,5,0.5050610626974009,0.4765052865887591
239,0.6,0.3,5,0.4884534288328246,0.4765052865887591
239,0.6,1,3,0.4553696706602469,0.4765052865887591
239,0.6,0.7,3,0.51162779542504,0.4765052865887591
239,0.6,0.5,3,0.44688767618236236,0.4765052865887591
239,0.6,0.3,3,0.42635613226748753,0.4765052865887591
240,0.6,1,100,0.4102292990684667,0.4944796883695048
240,0.6,0.7,100,0.4291780052574476,0.4944796883695048
240,0.6,0.5,100,0.46074568725653875,0.4944796883695048
240,0.6,0.3,100,0.44314969393433506,0.4944796883695048
240,0.6,1,7,0.430321046172218,0.4944796883695048
240,0.6,0.7,7,0.4588231071829347,0.4944796883695048
240,0.6,0.5,7,0.4647457519264353,0.4944796883695048
240,0.6,0.3,7,0.41888192901995974,0.4944796883695048
240,0.6,1,5,0.432752729608732,0.4944796883695048
240,0.6,0.7,5,0.4171433794427991,0.4944796883695048
240,0.6,0.5,5,0.4549558356002004,0.4944796883695048
240,0.6,0.3,5,0.41019364907326816,0.4944796883695048
240,0.6,1,3,0.4923468263411502,0.4944796883695048
240,0.6,0.7,3,0.45143588453354744,0.4944796883695048
240,0.6,0.5,3,0.4031229401620819,0.4944796883695048
240,0.6,0.3,3,0.3172411713718527,0.4944796883695048
241,0.6,1,100,0.46311489925683197,0.5076238174735671
241,0.6,0.7,100,0.48464376541521376,0.5076238174735671
241,0.6,0.5,100,0.463873121869783,0.5076238174735671
241,0.6,0.3,100,0.46599888703394554,0.5076238174735671
241,0.6,1,7,0.4393536009952344,0.5076238174735671
241,0.6,0.7,7,0.4884309602555365,0.5076238174735671
241,0.6,0.5,7,0.46510612593820017,0.5076238174735671
241,0.6,0.3,7,0.4808462966310896,0.5076238174735671
241,0.6,1,5,0.4510591060457938,0.5076238174735671
241,0.6,0.7,5,0.501698232668635,0.5076238174735671
241,0.6,0.5,5,0.47110336466142766,0.5076238174735671
241,0.6,0.3,5,0.47385471924736206,0.5076238174735671
241,0.6,1,3,0.49451351009097894,0.5076238174735671
241,0.6,0.7,3,0.4761836729429649,0.5076238174735671
241,0.6,0.5,3,0.484385814123323,0.5076238174735671
241,0.6,0.3,3,0.41010113192624026,0.5076238174735671
242,0.6,1,100,0.4767804312441522,0.5197106288258209
242,0.6,0.7,100,0.45138564273789655,0.5197106288258209
242,0.6,0.5,100,0.45079577072899285,0.5197106288258209
242,0.6,0.3,100,0.4559488035614914,0.5197106288258209
242,0.6,1,7,0.4396704559026566,0.5197106288258209
242,0.6,0.7,7,0.4712132877954328,0.5197106288258209
242,0.6,0.5,7,0.4389576434491352,0.5197106288258209
242,0.6,0.3,7,0.4379338091133537,0.5197106288258209
242,0.6,1,5,0.49692361567815463,0.5197106288258209
242,0.6,0.7,5,0.4223095546904848,0.5197106288258209
242,0.6,0.5,5,0.5123748513996228,0.5197106288258209
242,0.6,0.3,5,0.4338252313975132,0.5197106288258209
242,0.6,1,3,0.4614180783773109,0.5197106288258209
242,0.6,0.7,3,0.45358729998781216,0.5197106288258209
242,0.6,0.5,3,0.4467297675853378,0.5197106288258209
242,0.6,0.3,3,0.38255150197517745,0.5197106288258209
243,0.6,1,100,0.48511101663390593,0.4804229271007235
243,0.6,0.7,100,0.4688516471716529,0.4804229271007235
243,0.6,0.5,100,0.4913745130773512,0.4804229271007235
243,0.6,0.3,100,0.4704730105731776,0.4804229271007235
243,0.6,1,7,0.4883516007854652,0.4804229271007235
243,0.6,0.7,7,0.5028525290720783,0.4804229271007235
243,0.6,0.5,7,0.48389035739783764,0.4804229271007235
243,0.6,0.3,7,0.5008054910867741,0.4804229271007235
243,0.6,1,5,0.4977384257216328,0.4804229271007235
243,0.6,0.7,5,0.5098568789457565,0.4804229271007235
243,0.6,0.5,5,0.533877449913939,0.4804229271007235
243,0.6,0.3,5,0.46923008792702997,0.4804229271007235
243,0.6,1,3,0.45787214447477187,0.4804229271007235
243,0.6,0.7,3,0.501882410425272,0.4804229271007235
243,0.6,0.5,3,0.4819151661912628,0.4804229271007235
243,0.6,0.3,3,0.3963444554943851,0.4804229271007235
244,0.6,1,100,0.44074822924173124,0.48566499721758494
244,0.6,0.7,100,0.4965344923071316,0.48566499721758494
244,0.6,0.5,100,0.46066777963272126,0.48566499721758494
244,0.6,0.3,100,0.45465776293823046,0.48566499721758494
244,0.6,1,7,0.44098189192509063,0.48566499721758494
244,0.6,0.7,7,0.48228518067760073,0.48566499721758494
244,0.6,0.5,7,0.47054937168281474,0.48566499721758494
244,0.6,0.3,7,0.42199702892842444,0.48566499721758494
244,0.6,1,5,0.4705769117271623,0.48566499721758494
244,0.6,0.7,5,0.47956607888063163,0.48566499721758494
244,0.6,0.5,5,0.49379009710965027,0.48566499721758494
244,0.6,0.3,5,0.47381117000650624,0.48566499721758494
244,0.6,1,3,0.4681464015097299,0.48566499721758494
244,0.6,0.7,3,0.46900784883850577,0.48566499721758494
244,0.6,0.5,3,0.4120788098456274,0.48566499721758494
244,0.6,0.3,3,0.3901516079961942,0.48566499721758494
245,0.6,1,100,0.4843963540973155,0.5409126321647191
245,0.6,0.7,100,0.4958360810084903,0.5409126321647191
245,0.6,0.5,100,0.49922092376182536,0.5409126321647191
245,0.6,0.3,100,0.5026265998887035,0.5409126321647191
245,0.6,1,7,0.4997818943648704,0.5409126321647191
245,0.6,0.7,7,0.5169891132295918,0.5409126321647191
245,0.6,0.5,7,0.512161613449567,0.5409126321647191
245,0.6,0.3,7,0.521532671476099,0.5409126321647191
245,0.6,1,5,0.522322714827549,0.5409126321647191
245,0.6,0.7,5,0.5266710932673686,0.5409126321647191
245,0.6,0.5,5,0.5250240188354597,0.5409126321647191
245,0.6,0.3,5,0.48866011238160717,0.5409126321647191
245,0.6,1,3,0.4699208275561812,0.5409126321647191
245,0.6,0.7,3,0.4771647539913465,0.5409126321647191
245,0.6,0.5,3,0.5040007654502784,0.5409126321647191
245,0.6,0.3,3,0.42200542501170507,0.5409126321647191
246,0.6,1,100,0.4340240645326099,0.4868892598775738
246,0.6,0.7,100,0.5134293640235902,0.4868892598775738
246,0.6,0.5,100,0.48606566499721765,0.4868892598775738
246,0.6,0.3,100,0.46695603784084594,0.4868892598775738
246,0.6,1,7,0.5020968104819952,0.4868892598775738
246,0.6,0.7,7,0.4640907793039466,0.4868892598775738
246,0.6,0.5,7,0.4556346453350486,0.4868892598775738
246,0.6,0.3,7,0.49371979775698294,0.4868892598775738
246,0.6,1,5,0.4832594526398149,0.4868892598775738
246,0.6,0.7,5,0.4702622232927703,0.4868892598775738
246,0.6,0.5,5,0.47449521755720725,0.4868892598775738
246,0.6,0.3,5,0.5105313324654415,0.4868892598775738
246,0.6,1,3,0.46014432906075414,0.4868892598775738
246,0.6,0.7,3,0.4726299563182755,0.4868892598775738
246,0.6,0.5,3,0.4973864556536241,0.4868892598775738
246,0.6,0.3,3,0.35765080353359374,0.4868892598775738
247,0.6,1,100,0.426829716909119,0.4499344739429602
247,0.6,0.7,100,0.4115525876460769,0.4499344739429602
247,0.6,0.5,100,0.4300166944908181,0.4499344739429602
247,0.6,0.3,100,0.42391764051196446,0.4499344739429602
247,0.6,1,7,0.45487596446472583,0.4499344739429602
247,0.6,0.7,7,0.46112326915255514,0.4499344739429602
247,0.6,0.5,7,0.4499887372694883,0.4499344739429602
247,0.6,0.3,7,0.42750381800656573,0.4499344739429602
247,0.6,1,5,0.4688518777715011,0.4499344739429602
247,0.6,0.7,5,0.4257939210244384,0.4499344739429602
247,0.6,0.5,5,0.4219788216339315,0.4499344739429602
247,0.6,0.3,5,0.43716458217451165,0.4499344739429602
247,0.6,1,3,0.46365466781484677,0.4499344739429602
247,0.6,0.7,3,0.47664943582403074,0.4499344739429602
247,0.6,0.5,3,0.4035201761015412,0.4499344739429602
247,0.6,0.3,3,0.30653082433056283,0.4499344739429602
248,0.6,1,100,0.4260320794739497,0.5322092376182528
248,0.6,0.7,100,0.43365173525970663,0.5322092376182528
248,0.6,0.5,100,0.47559265442404014,0.5322092376182528
248,0.6,0.3,100,0.4636950473010574,0.5322092376182528
248,0.6,1,7,0.4406361048635445,0.5322092376182528
248,0.6,0.7,7,0.4445023369815867,0.5322092376182528
248,0.6,0.5,7,0.45765618178576273,0.5322092376182528
248,0.6,0.3,7,0.45171306790354926,0.5322092376182528
248,0.6,1,5,0.456558939080314,0.5322092376182528
248,0.6,0.7,5,0.4558153028082955,0.5322092376182528
248,0.6,0.5,5,0.49450096839737984,0.5322092376182528
248,0.6,0.3,5,0.43133823444494035,0.5322092376182528
248,0.6,1,3,0.4782747516358834,0.5322092376182528
248,0.6,0.7,3,0.47394854079187765,0.5322092376182528
248,0.6,0.5,3,0.43322892817195996,0.5322092376182528
248,0.6,0.3,3,0.3617750328219314,0.5322092376182528
249,0.6,1,100,0.457064163129329,0.5168836950473011
249,0.6,0.7,100,0.4860391932105437,0.5168836950473011
249,0.6,0.5,100,0.48196994991652764,0.5168836950473011
249,0.6,0.3,100,0.41602671118530893,0.5168836950473011
249,0.6,1,7,0.46323917023642264,0.5168836950473011
249,0.6,0.7,7,0.47377254448244815,0.5168836950473011
249,0.6,0.5,7,0.44889125634321153,0.5168836950473011
249,0.6,0.3,7,0.5132737528277705,0.5168836950473011
249,0.6,1,5,0.49215885246140467,0.5168836950473011
249,0.6,0.7,5,0.4837485926188004,0.5168836950473011
249,0.6,0.5,5,0.4981986284908522,0.5168836950473011
249,0.6,0.3,5,0.4534070005564139,0.5168836950473011
249,0.6,1,3,0.48174571935385696,0.5168836950473011
249,0.6,0.7,3,0.4675609172417913,0.5168836950473011
249,0.6,0.5,3,0.4470347890324965,0.5168836950473011
249,0.6,0.3,3,0.37821721506523936,0.5168836950473011
250,0.6,1,100,0.3968898506839555,0.4982526432943796
250,0.6,0.7,100,0.3957373400111297,0.4982526432943796
250,0.6,0.5,100,0.39501391207568176,0.4982526432943796
250,0.6,0.3,100,0.4170061213133,0.4982526432943796
250,0.6,1,7,0.40213645982464197,0.4982526432943796
250,0.6,0.7,7,0.40618736277352707,0.4982526432943796
250,0.6,0.5,7,0.4150903963895104,0.4982526432943796
250,0.6,0.3,7,0.4235023715476513,0.4982526432943796
250,0.6,1,5,0.4116134647611837,0.4982526432943796
250,0.6,0.7,5,0.38423775321364584,0.4982526432943796
250,0.6,0.5,5,0.37313409565057853,0.4982526432943796
250,0.6,0.3,5,0.3899324556686977,0.4982526432943796
250,0.6,1,3,0.4291801214157625,0.4982526432943796
250,0.6,0.7,3,0.37608817790261984,0.4982526432943796
250,0.6,0.5,3,0.3872968605351648,0.4982526432943796
250,0.6,0.3,3,0.3003331078728642,0.4982526432943796
251,0.6,1,100,0.48957455326556104,0.5159710628825822
251,0.6,0.7,100,0.4642027384623936,0.5159710628825822
251,0.6,0.5,100,0.46310517529215367,0.5159710628825822
251,0.6,0.3,100,0.49599332220367287,0.5159710628825822
251,0.6,1,7,0.4668846743158948,0.5159710628825822
251,0.6,0.7,7,0.5057593025753122,0.5159710628825822
251,0.6,0.5,7,0.48136115022814346,0.5159710628825822
251,0.6,0.3,7,0.48260845767866156,0.5159710628825822
251,0.6,1,5,0.4547536125217868,0.5159710628825822
251,0.6,0.7,5,0.5044344537447419,0.5159710628825822
251,0.6,0.5,5,0.5002368810277783,0.5159710628825822
251,0.6,0.3,5,0.4916874114243439,0.5159710628825822
251,0.6,1,3,0.44995049605714205,0.5159710628825822
251,0.6,0.7,3,0.49161113319736377,0.5159710628825822
251,0.6,0.5,3,0.4767159567663237,0.5159710628825822
251,0.6,0.3,3,0.36274750230573377,0.5159710628825822
252,0.6,1,100,0.361732388373509,0.4880870564489023
252,0.6,0.7,100,0.37243183082915976,0.4880870564489023
252,0.6,0.5,100,0.34184752365052873,0.4880870564489023
252,0.6,0.3,100,0.37709515859766285,0.4880870564489023
252,0.6,1,7,0.3759142747607899,0.4880870564489023
252,0.6,0.7,7,0.42775836028854897,0.4880870564489023
252,0.6,0.5,7,0.41363153205672054,0.4880870564489023
252,0.6,0.3,7,0.40007925714834136,0.4880870564489023
252,0.6,1,5,0.3623521874814937,0.4880870564489023
252,0.6,0.7,5,0.38177601533355227,0.4880870564489023
252,0.6,0.5,5,0.3789241697523523,0.4880870564489023
252,0.6,0.3,5,0.36810692178216703,0.4880870564489023
252,0.6,1,3,0.35977115336614596,0.4880870564489023
252,0.6,0.7,3,0.4412285312340049,0.4880870564489023
252,0.6,0.5,3,0.4214649530210726,0.4880870564489023
252,0.6,0.3,3,0.3240373367318725,0.4880870564489023
253,0.6,1,100,0.4581188090820077,0.5084140233722872
253,0.6,0.7,100,0.4830591240495842,0.5084140233722872
253,0.6,0.5,100,0.4893266555370062,0.5084140233722872
253,0.6,0.3,100,0.4740567612687814,0.5084140233722872
253,0.6,1,7,0.47071264765968457,0.5084140233722872
253,0.6,0.7,7,0.4540055676187275,0.5084140233722872
253,0.6,0.5,7,0.4807195384868435,0.5084140233722872
253,0.6,0.3,7,0.4934487983303673,0.5084140233722872
253,0.6,1,5,0.479213194081407,0.5084140233722872
253,0.6,0.7,5,0.45925157275298367,0.5084140233722872
253,0.6,0.5,5,0.5104316788987865,0.5084140233722872
253,0.6,0.3,5,0.4556134377311085,0.5084140233722872
253,0.6,1,3,0.4682155268166429,0.5084140233722872
253,0.6,0.7,3,0.46448751114028897,0.5084140233722872
253,0.6,0.5,3,0.45768423238345246,0.5084140233722872
253,0.6,0.3,3,0.38927041180889516,0.5084140233722872
254,0.6,1,100,0.4385210680569764,0.4805453533667224
254,0.6,0.7,100,0.4521492825540111,0.4805453533667224
254,0.6,0.5,100,0.43355592654424047,0.4805453533667224
254,0.6,0.3,100,0.45306622148024495,0.4805453533667224
254,0.6,1,7,0.43469415781301335,0.4805453533667224
254,0.6,0.7,7,0.4299610760306091,0.4805453533667224
254,0.6,0.5,7,0.4237151009651657,0.4805453533667224
254,0.6,0.3,7,0.4451487672100135,0.4805453533667224
254,0.6,1,5,0.4489859046441555,0.4805453533667224
254,0.6,0.7,5,0.4549767194951463,0.4805453533667224
254,0.6,0.5,5,0.4710286530983998,0.4805453533667224
254,0.6,0.3,5,0.46029802503545714,0.4805453533667224
254,0.6,1,3,0.4554133739220393,0.4805453533667224
254,0.6,0.7,3,0.47294607788758786,0.4805453533667224
254,0.6,0.5,3,0.438762141927982,0.4805453533667224
254,0.6,0.3,3,0.3145262272902987,0.4805453533667224
255,0.6,1,100,0.4338566771795995,0.5494268224819144
255,0.6,0.7,100,0.4506176961602672,0.5494268224819144
255,0.6,0.5,100,0.4438508625486923,0.5494268224819144
255,0.6,0.3,100,0.4339343350027825,0.5494268224819144
255,0.6,1,7,0.45828199198182457,0.5494268224819144
255,0.6,0.7,7,0.4575815518631986,0.5494268224819144
255,0.6,0.5,7,0.4374264785932434,0.5494268224819144
255,0.6,0.3,7,0.4767287061795075,0.5494268224819144
255,0.6,1,5,0.45030842298994,0.5494268224819144
255,0.6,0.7,5,0.4502765656320327,0.5494268224819144
255,0.6,0.5,5,0.41912257236687567,0.5494268224819144
255,0.6,0.3,5,0.4373854069200023,0.5494268224819144
255,0.6,1,3,0.45732849283919935,0.5494268224819144
255,0.6,0.7,3,0.4604652587756418,0.5494268224819144
255,0.6,0.5,3,0.460319725709858,0.5494268224819144
255,0.6,0.3,3,0.3818264573226392,0.5494268224819144
256,0.6,1,100,0.46238081843381845,0.49081803005008356
256,0.6,0.7,100,0.5046788267679009,0.49081803005008356
256,0.6,0.5,100,0.4907623817473568,0.49081803005008356
256,0.6,0.3,100,0.4841068447412355,0.49081803005008356
256,0.6,1,7,0.48557960822309776,0.49081803005008356
256,0.6,0.7,7,0.5087670907198822,0.49081803005008356
256,0.6,0.5,7,0.4767229357697688,0.49081803005008356
256,0.6,0.3,7,0.503364890476292,0.49081803005008356
256,0.6,1,5,0.4794842414163381,0.49081803005008356
256,0.6,0.7,5,0.47909399406777314,0.49081803005008356
256,0.6,0.5,5,0.4845432498589476,0.49081803005008356
256,0.6,0.3,5,0.4580751009238071,0.49081803005008356
256,0.6,1,3,0.47457684172583087,0.49081803005008356
256,0.6,0.7,3,0.4737566497518139,0.49081803005008356
256,0.6,0.5,3,0.4735979432518687,0.49081803005008356
256,0.6,0.3,3,0.42325881841355506,0.49081803005008356
257,0.6,1,100,0.4553441546924362,0.47894268224819153
257,0.6,0.7,100,0.47121706638035415,0.47894268224819153
257,0.6,0.5,100,0.4661324429604898,0.47894268224819153
257,0.6,0.3,100,0.4877685030606567,0.47894268224819153
257,0.6,1,7,0.46036602509093427,0.47894268224819153
257,0.6,0.7,7,0.4876359159678342,0.47894268224819153
257,0.6,0.5,7,0.4522443970771284,0.47894268224819153
257,0.6,0.3,7,0.47861426786483724,0.47894268224819153
257,0.6,1,5,0.4787918529292928,0.47894268224819153
257,0.6,0.7,5,0.4716520391531262,0.47894268224819153
257,0.6,0.5,5,0.46475566000619317,0.47894268224819153
257,0.6,0.3,5,0.42562103475145174,0.47894268224819153
257,0.6,1,3,0.4401784272460445,0.47894268224819153
257,0.6,0.7,3,0.472032822043276,0.47894268224819153
257,0.6,0.5,3,0.44006090667551745,0.47894268224819153
257,0.6,0.3,3,0.35464526092842047,0.47894268224819153
258,0.6,1,100,0.3824526708176041,0.4915080690038955
258,0.6,0.7,100,0.424297063407821,0.4915080690038955
258,0.6,0.5,100,0.4015581524763495,0.4915080690038955
258,0.6,0.3,100,0.41136338341680584,0.4915080690038955
258,0.6,1,7,0.41458550914754316,0.4915080690038955
258,0.6,0.7,7,0.3944803709759503,0.4915080690038955
258,0.6,0.5,7,0.42446682687375525,0.4915080690038955
258,0.6,0.3,7,0.4642733985277574,0.4915080690038955
258,0.6,1,5,0.38292313438723524,0.4915080690038955
258,0.6,0.7,5,0.3829586742406627,0.4915080690038955
258,0.6,0.5,5,0.46072555558853334,0.4915080690038955
258,0.6,0.3,5,0.4107630988460845,0.4915080690038955
258,0.6,1,3,0.4155073103417203,0.4915080690038955
258,0.6,0.7,3,0.41557870751294473,0.4915080690038955
258,0.6,0.5,3,0.38739782626289926,0.4915080690038955
258,0.6,0.3,3,0.37800427439507006,0.4915080690038955
259,0.6,1,100,0.4342449152846566,0.4678018920422928
259,0.6,0.7,100,0.418907225172289,0.4678018920422928
259,0.6,0.5,100,0.4335781858653312,0.4678018920422928
259,0.6,0.3,100,0.4412799109627157,0.4678018920422928
259,0.6,1,7,0.44061738717536947,0.4678018920422928
259,0.6,0.7,7,0.42954927648201435,0.4678018920422928
259,0.6,0.5,7,0.4167214240530303,0.4678018920422928
259,0.6,0.3,7,0.4727394636499339,0.4678018920422928
259,0.6,1,5,0.40828064269853337,0.4678018920422928
259,0.6,0.7,5,0.4770010079313754,0.4678018920422928
259,0.6,0.5,5,0.40568899448023515,0.4678018920422928
259,0.6,0.3,5,0.4613242346735652,0.4678018920422928
259,0.6,1,3,0.4089847782951726,0.4678018920422928
259,0.6,0.7,3,0.4244358559645271,0.4678018920422928
259,0.6,0.5,3,0.3995208410497041,0.4678018920422928
259,0.6,0.3,3,0.36080608303902467,0.4678018920422928
260,0.6,1,100,0.39934765259567195,0.46859209794101286
260,0.6,0.7,100,0.4392610997821672,0.46859209794101286
260,0.6,0.5,100,0.40867000556483035,0.46859209794101286
260,0.6,0.3,100,0.3829716193656094,0.46859209794101286
260,0.6,1,7,0.4200921163055295,0.46859209794101286
260,0.6,0.7,7,0.4189601578903088,0.46859209794101286
260,0.6,0.5,7,0.3990843221911667,0.46859209794101286
260,0.6,0.3,7,0.4381005742830667,0.46859209794101286
260,0.6,1,5,0.41660419339317156,0.46859209794101286
260,0.6,0.7,5,0.44563594879201934,0.46859209794101286
260,0.6,0.5,5,0.4316963706349158,0.46859209794101286
260,0.6,0.3,5,0.42172236149048803,0.46859209794101286
260,0.6,1,3,0.3594768568253964,0.46859209794101286
260,0.6,0.7,3,0.4582558750195026,0.46859209794101286
260,0.6,0.5,3,0.41147873078144687,0.46859209794101286
260,0.6,0.3,3,0.29055354464896893,0.46859209794101286
261,0.6,1,100,0.4498831236962291,0.5108514190317196
261,0.6,0.7,100,0.46656056275079705,0.5108514190317196
261,0.6,0.5,100,0.4678130217028381,0.5108514190317196
261,0.6,0.3,100,0.4734557595993323,0.5108514190317196
261,0.6,1,7,0.47043861778067847,0.5108514190317196
261,0.6,0.7,7,0.4502786635422961,0.5108514190317196
261,0.6,0.5,7,0.45771314220026843,0.5108514190317196
261,0.6,0.3,7,0.478425303891514,0.5108514190317196
261,0.6,1,5,0.47748591381814703,0.5108514190317196
261,0.6,0.7,5,0.4448388074811707,0.5108514190317196
261,0.6,0.5,5,0.4831325388565066,0.5108514190317196
261,0.6,0.3,5,0.467355031862324,0.5108514190317196
261,0.6,1,3,0.4789796016124279,0.5108514190317196
261,0.6,0.7,3,0.4392795828168927,0.5108514190317196
261,0.6,0.5,3,0.4505069638622619,0.5108514190317196
261,0.6,0.3,3,0.34381910722381454,0.5108514190317196
262,0.6,1,100,0.48783515291146373,0.5148135781858654
262,0.6,0.7,100,0.44607311202285316,0.5148135781858654
262,0.6,0.5,100,0.47365609348914867,0.5148135781858654
262,0.6,0.3,100,0.49454646633277694,0.5148135781858654
262,0.6,1,7,0.4589673609244728,0.5148135781858654
262,0.6,0.7,7,0.47287213837698194,0.5148135781858654
262,0.6,0.5,7,0.48870998773131136,0.5148135781858654
262,0.6,0.3,7,0.4973361603657303,0.5148135781858654
262,0.6,1,5,0.483706719300438,0.5148135781858654
262,0.6,0.7,5,0.5017017658510101,0.5148135781858654
262,0.6,0.5,5,0.4851854899384785,0.5148135781858654
262,0.6,0.3,5,0.4959530614214057,0.5148135781858654
262,0.6,1,3,0.5004638147680391,0.5148135781858654
262,0.6,0.7,3,0.4609694502753318,0.5148135781858654
262,0.6,0.5,3,0.48209388552499033,0.5148135781858654
262,0.6,0.3,3,0.37242096908866457,0.5148135781858654
263,0.6,1,100,0.4465257614933335,0.4837395659432388
263,0.6,0.7,100,0.4358152476349472,0.4837395659432388
263,0.6,0.5,100,0.4383861992209238,0.4837395659432388
263,0.6,0.3,100,0.4486143572621036,0.4837395659432388
263,0.6,1,7,0.4608167764247806,0.4837395659432388
263,0.6,0.7,7,0.4691478268811116,0.4837395659432388
263,0.6,0.5,7,0.47367802219258653,0.4837395659432388
263,0.6,0.3,7,0.4551670962625361,0.4837395659432388
263,0.6,1,5,0.4702514820162191,0.4837395659432388
263,0.6,0.7,5,0.4553179245120622,0.4837395659432388
263,0.6,0.5,5,0.45127651458905654,0.4837395659432388
263,0.6,0.3,5,0.4661344020834198,0.4837395659432388
263,0.6,1,3,0.44997531177031497,0.4837395659432388
263,0.6,0.7,3,0.4617609274259613,0.4837395659432388
263,0.6,0.5,3,0.4545508381301934,0.4837395659432388
263,0.6,0.3,3,0.33729350144907266,0.4837395659432388
264,0.6,1,100,0.3902969970361129,0.44639955481357824
264,0.6,0.7,100,0.44580968280467453,0.44639955481357824
264,0.6,0.5,100,0.448469671675014,0.44639955481357824
264,0.6,0.3,100,0.41535893155258774,0.44639955481357824
264,0.6,1,7,0.44477735214123315,0.44639955481357824
264,0.6,0.7,7,0.4124866694473799,0.44639955481357824
264,0.6,0.5,7,0.4620194394508379,0.44639955481357824
264,0.6,0.3,7,0.4326187307825374,0.44639955481357824
264,0.6,1,5,0.44647719369702904,0.44639955481357824
264,0.6,0.7,5,0.4463369039036191,0.44639955481357824
264,0.6,0.5,5,0.4316848781998007,0.44639955481357824
264,0.6,0.3,5,0.4314850593946712,0.44639955481357824
264,0.6,1,3,0.4440393879852423,0.44639955481357824
264,0.6,0.7,3,0.410207593429152,0.44639955481357824
264,0.6,0.5,3,0.4410118801930908,0.44639955481357824
264,0.6,0.3,3,0.3647518962425702,0.44639955481357824
265,0.6,1,100,0.4521656045418723,0.5565386755703952
265,0.6,0.7,100,0.44163606010016704,0.5565386755703952
265,0.6,0.5,100,0.43978853644963833,0.5565386755703952
265,0.6,0.3,100,0.46848080133555936,0.5565386755703952
265,0.6,1,7,0.48469009832998144,0.5565386755703952
265,0.6,0.7,7,0.43603778035094837,0.5565386755703952
265,0.6,0.5,7,0.4584427943665591,0.5565386755703952
265,0.6,0.3,7,0.458419468807337,0.5565386755703952
265,0.6,1,5,0.44262122677330834,0.5565386755703952
265,0.6,0.7,5,0.46554970037565957,0.5565386755703952
265,0.6,0.5,5,0.4472758804106695,0.5565386755703952
265,0.6,0.3,5,0.4262760309235185,0.5565386755703952
265,0.6,1,3,0.39298658981197077,0.5565386755703952
265,0.6,0.7,3,0.46043826563574,0.5565386755703952
265,0.6,0.5,3,0.4153291122647481,0.5565386755703952
265,0.6,0.3,3,0.32310610112503224,0.5565386755703952
266,0.6,1,100,0.4536711513352602,0.48447412353923214
266,0.6,0.7,100,0.44948384780470874,0.48447412353923214
266,0.6,0.5,100,0.5172954924874792,0.48447412353923214
266,0.6,0.3,100,0.4844852531997775,0.48447412353923214
266,0.6,1,7,0.49049458356283004,0.48447412353923214
266,0.6,0.7,7,0.475172523313125,0.48447412353923214
266,0.6,0.5,7,0.49342408098564705,0.48447412353923214
266,0.6,0.3,7,0.46794560974534494,0.48447412353923214
266,0.6,1,5,0.4997674628671039,0.48447412353923214
266,0.6,0.7,5,0.511288095442565,0.48447412353923214
266,0.6,0.5,5,0.5017820231457077,0.48447412353923214
266,0.6,0.3,5,0.5279533963169462,0.48447412353923214
266,0.6,1,3,0.45367106611070546,0.48447412353923214
266,0.6,0.7,3,0.4899979943211652,0.48447412353923214
266,0.6,0.5,3,0.5163902990130778,0.48447412353923214
266,0.6,0.3,3,0.42131547987375667,0.48447412353923214
267,0.6,1,100,0.5000487311718917,0.5267849938389725
267,0.6,0.7,100,0.48547428054791397,0.5267849938389725
267,0.6,0.5,100,0.534357262103506,0.5267849938389725
267,0.6,0.3,100,0.5283695047301058,0.5267849938389725
267,0.6,1,7,0.5166867364114857,0.5267849938389725
267,0.6,0.7,7,0.5180179017984883,0.5267849938389725
267,0.6,0.5,7,0.5074752923226549,0.5267849938389725
267,0.6,0.3,7,0.50547458830088,0.5267849938389725
267,0.6,1,5,0.5290669230696591,0.5267849938389725
267,0.6,0.7,5,0.5090777384560105,0.5267849938389725
267,0.6,0.5,5,0.515584348047593,0.5267849938389725
267,0.6,0.3,5,0.5198267534532196,0.5267849938389725
267,0.6,1,3,0.49398183766410353,0.5267849938389725
267,0.6,0.7,3,0.5262601080635833,0.5267849938389725
267,0.6,0.5,3,0.47662606325011997,0.5267849938389725
267,0.6,0.3,3,0.44155407915557293,0.5267849938389725
268,0.6,1,100,0.44751995624729834,0.5109070673344464
268,0.6,0.7,100,0.48817188744154566,0.5109070673344464
268,0.6,0.5,100,0.47269894268224827,0.5109070673344464
268,0.6,0.3,100,0.4952921535893156,0.5109070673344464
268,0.6,1,7,0.47924020220302144,0.5109070673344464
268,0.6,0.7,7,0.4711814063409181,0.5109070673344464
268,0.6,0.5,7,0.5033614917367608,0.5109070673344464
268,0.6,0.3,7,0.4977090623590183,0.5109070673344464
268,0.6,1,5,0.4627019124916287,0.5109070673344464
268,0.6,0.7,5,0.535600999793918,0.5109070673344464
268,0.6,0.5,5,0.47543002989060973,0.5109070673344464
268,0.6,0.3,5,0.4643343940974157,0.5109070673344464
268,0.6,1,3,0.4515684836082342,0.5109070673344464
268,0.6,0.7,3,0.5161459948179685,0.5109070673344464
268,0.6,0.5,3,0.4722037682057517,0.5109070673344464
268,0.6,0.3,3,0.40628295525794983,0.5109070673344464
269,0.6,1,100,0.46655461523573644,0.5312186978297163
269,0.6,0.7,100,0.44468373415907175,0.5312186978297163
269,0.6,0.5,100,0.4181969949916528,0.5312186978297163
269,0.6,0.3,100,0.4107846410684475,0.5312186978297163
269,0.6,1,7,0.40726040782071216,0.5312186978297163
269,0.6,0.7,7,0.42742031268050035,0.5312186978297163
269,0.6,0.5,7,0.45922388467221625,0.5312186978297163
269,0.6,0.3,7,0.4386904906287643,0.5312186978297163
269,0.6,1,5,0.4646537141244912,0.5312186978297163
269,0.6,0.7,5,0.4423078539970458,0.5312186978297163
269,0.6,0.5,5,0.4435406283240794,0.5312186978297163
269,0.6,0.3,5,0.4083382349568622,0.5312186978297163
269,0.6,1,3,0.46055962828490604,0.5312186978297163
269,0.6,0.7,3,0.45318394790661104,0.5312186978297163
269,0.6,0.5,3,0.4505628240205091,0.5312186978297163
269,0.6,0.3,3,0.3640683956560992,0.5312186978297163
270,0.6,1,100,0.43885416968243623,0.4883249860879244
270,0.6,0.7,100,0.4023817473567057,0.4883249860879244
270,0.6,0.5,100,0.4277573734001114,0.4883249860879244
270,0.6,0.3,100,0.4273455759599333,0.4883249860879244
270,0.6,1,7,0.43146120885991684,0.4883249860879244
270,0.6,0.7,7,0.41581611558607146,0.4883249860879244
270,0.6,0.5,7,0.3759941277868657,0.4883249860879244
270,0.6,0.3,7,0.43853615305356963,0.4883249860879244
270,0.6,1,5,0.4214350523632776,0.4883249860879244
270,0.6,0.7,5,0.39437590905363074,0.4883249860879244
270,0.6,0.5,5,0.4316581078453874,0.4883249860879244
270,0.6,0.3,5,0.42089477444285134,0.4883249860879244
270,0.6,1,3,0.39099687057485616,0.4883249860879244
270,0.6,0.7,3,0.4235433415786453,0.4883249860879244
270,0.6,0.5,3,0.3501660295762323,0.4883249860879244
270,0.6,0.3,3,0.34132891175960955,0.4883249860879244
271,0.6,1,100,0.5115207472536291,0.5071118530884808
271,0.6,0.7,100,0.5223113546495588,0.5071118530884808
271,0.6,0.5,100,0.49335559265442414,0.5071118530884808
271,0.6,0.3,100,0.5241291040623262,0.5071118530884808
271,0.6,1,7,0.5393740772496791,0.5071118530884808
271,0.6,0.7,7,0.5332849010065341,0.5071118530884808
271,0.6,0.5,7,0.5416523206852751,0.5071118530884808
271,0.6,0.3,7,0.5266605053549362,0.5071118530884808
271,0.6,1,5,0.5226519215091641,0.5071118530884808
271,0.6,0.7,5,0.5243273912957735,0.5071118530884808
271,0.6,0.5,5,0.5115777809784401,0.5071118530884808
271,0.6,0.3,5,0.5356429244960257,0.5071118530884808
271,0.6,1,3,0.4920260938964489,0.5071118530884808
271,0.6,0.7,3,0.5136332729499847,0.5071118530884808
271,0.6,0.5,3,0.5103421657020062,0.5071118530884808
271,0.6,0.3,3,0.4670051670697257,0.5071118530884808
272,0.6,1,100,0.41449874795603436,0.5252198107957708
272,0.6,0.7,100,0.47313299944351705,0.5252198107957708
272,0.6,0.5,100,0.42819143016138017,0.5252198107957708
272,0.6,0.3,100,0.4191541457985532,0.5252198107957708
272,0.6,1,7,0.39831550117815173,0.5252198107957708
272,0.6,0.7,7,0.42874165394543057,0.5252198107957708
272,0.6,0.5,7,0.42284452574809966,0.5252198107957708
272,0.6,0.3,7,0.4520042744532032,0.5252198107957708
272,0.6,1,5,0.41567477499350913,0.5252198107957708
272,0.6,0.7,5,0.4857142249736385,0.5252198107957708
272,0.6,0.5,5,0.4202632107419127,0.5252198107957708
272,0.6,0.3,5,0.4029361389908854,0.5252198107957708
272,0.6,1,3,0.4674835945523023,0.5252198107957708
272,0.6,0.7,3,0.43573603889930534,0.5252198107957708
272,0.6,0.5,3,0.41935961713126,0.5252198107957708
272,0.6,0.3,3,0.3503848546658768,0.5252198107957708
273,0.6,1,100,0.4791687421571936,0.49882025598219265
273,0.6,0.7,100,0.5035587684413775,0.49882025598219265
273,0.6,0.5,100,0.5077128547579299,0.49882025598219265
273,0.6,0.3,100,0.47591541457985537,0.49882025598219265
273,0.6,1,7,0.46279977877553774,0.49882025598219265
273,0.6,0.7,7,0.49949036869566205,0.49882025598219265
273,0.6,0.5,7,0.5306943287844437,0.49882025598219265
273,0.6,0.3,7,0.5070610308940228,0.49882025598219265
273,0.6,1,5,0.5028287537244895,0.49882025598219265
273,0.6,0.7,5,0.4733671926949364,0.49882025598219265
273,0.6,0.5,5,0.49427812872397053,0.49882025598219265
273,0.6,0.3,5,0.49364749747379877,0.49882025598219265
273,0.6,1,3,0.4849028397907505,0.49882025598219265
273,0.6,0.7,3,0.46059755776892,0.49882025598219265
273,0.6,0.5,3,0.4932368564095244,0.49882025598219265
273,0.6,0.3,3,0.4036363475402834,0.49882025598219265
274,0.6,1,100,0.4308827752312569,0.49094045631608246
274,0.6,0.7,100,0.4203561491374514,0.49094045631608246
274,0.6,0.5,100,0.4361602671118532,0.49094045631608246
274,0.6,0.3,100,0.45353366722314975,0.49094045631608246
274,0.6,1,7,0.41226850531770115,0.49094045631608246
274,0.6,0.7,7,0.44918515685604304,0.49094045631608246
274,0.6,0.5,7,0.4563396998877783,0.49094045631608246
274,0.6,0.3,7,0.45618917217092064,0.49094045631608246
274,0.6,1,5,0.43791789840952583,0.49094045631608246
274,0.6,0.7,5,0.47562760300912044,0.49094045631608246
274,0.6,0.5,5,0.39777156086230686,0.49094045631608246
274,0.6,0.3,5,0.41402297507213537,0.49094045631608246
274,0.6,1,3,0.42433989125785715,0.49094045631608246
274,0.6,0.7,3,0.44453190845897833,0.49094045631608246
274,0.6,0.5,3,0.4606855839852107,0.49094045631608246
274,0.6,0.3,3,0.331899641587409,0.49094045631608246
275,0.6,1,100,0.4101784955565007,0.5291819699499166
275,0.6,0.7,100,0.4143996750256366,0.5291819699499166
275,0.6,0.5,100,0.4436950473010574,0.5291819699499166
275,0.6,0.3,100,0.4570283806343907,0.5291819699499166
275,0.6,1,7,0.38698510236494893,0.5291819699499166
275,0.6,0.7,7,0.397931044649445,0.5291819699499166
275,0.6,0.5,7,0.4298066227841082,0.5291819699499166
275,0.6,0.3,7,0.40843040556534155,0.5291819699499166
275,0.6,1,5,0.45518879584229277,0.5291819699499166
275,0.6,0.7,5,0.48322776658876243,0.5291819699499166
275,0.6,0.5,5,0.4567491526023623,0.5291819699499166
275,0.6,0.3,5,0.42393520508186905,0.5291819699499166
275,0.6,1,3,0.4186231036146342,0.5291819699499166
275,0.6,0.7,3,0.4762245704200277,0.5291819699499166
275,0.6,0.5,3,0.42806755534711916,0.5291819699499166
275,0.6,0.3,3,0.3938787910959038,0.5291819699499166
276,0.6,1,100,0.4370948425270095,0.48428491930996115
276,0.6,0.7,100,0.46663160795956204,0.48428491930996115
276,0.6,0.5,100,0.46764607679465786,0.48428491930996115
276,0.6,0.3,100,0.46396215915414585,0.48428491930996115
276,0.6,1,7,0.4216853901344873,0.48428491930996115
276,0.6,0.7,7,0.47413120949235743,0.48428491930996115
276,0.6,0.5,7,0.48834374266424324,0.48428491930996115
276,0.6,0.3,7,0.4910438088799325,0.48428491930996115
276,0.6,1,5,0.4471895484925905,0.48428491930996115
276,0.6,0.7,5,0.46675522015659787,0.48428491930996115
276,0.6,0.5,5,0.4814248165996555,0.48428491930996115
276,0.6,0.3,5,0.4601620527153168,0.48428491930996115
276,0.6,1,3,0.48219419791259815,0.48428491930996115
276,0.6,0.7,3,0.4438051174379786,0.48428491930996115
276,0.6,0.5,3,0.4654523902551661,0.48428491930996115
276,0.6,0.3,3,0.3335934535029616,0.48428491930996115
277,0.6,1,100,0.4718183149969865,0.5096494156928214
277,0.6,0.7,100,0.502010345435951,0.5096494156928214
277,0.6,0.5,100,0.5040400667779633,0.5096494156928214
277,0.6,0.3,100,0.5048636616583195,0.5096494156928214
277,0.6,1,7,0.5070049343444814,0.5096494156928214
277,0.6,0.7,7,0.4959841975287163,0.5096494156928214
277,0.6,0.5,7,0.5209494569609193,0.5096494156928214
277,0.6,0.3,7,0.49648299454496997,0.5096494156928214
277,0.6,1,5,0.5114033943787893,0.5096494156928214
277,0.6,0.7,5,0.5001071438838902,0.5096494156928214
277,0.6,0.5,5,0.4707193936057732,0.5096494156928214
277,0.6,0.3,5,0.5166508563731539,0.5096494156928214
277,0.6,1,3,0.4926143918985146,0.5096494156928214
277,0.6,0.7,3,0.4665960421256403,0.5096494156928214
277,0.6,0.5,3,0.4728382912957013,0.5096494156928214
277,0.6,0.3,3,0.37740044745418483,0.5096494156928214
278,0.6,1,100,0.42679832366502346,0.5050528658875905
278,0.6,0.7,100,0.4154213005617098,0.5050528658875905
278,0.6,0.5,100,0.4710406232609906,0.5050528658875905
278,0.6,0.3,100,0.4421368948247079,0.5050528658875905
278,0.6,1,7,0.42607473447377864,0.5050528658875905
278,0.6,0.7,7,0.413748513976155,0.5050528658875905
278,0.6,0.5,7,0.4387787061664405,0.5050528658875905
278,0.6,0.3,7,0.4201112222123426,0.5050528658875905
278,0.6,1,5,0.4517208740757914,0.5050528658875905
278,0.6,0.7,5,0.4353272257438603,0.5050528658875905
278,0.6,0.5,5,0.47019994966113315,0.5050528658875905
278,0.6,0.3,5,0.43182704729833626,0.5050528658875905
278,0.6,1,3,0.39633573319899335,0.5050528658875905
278,0.6,0.7,3,0.4173196285735265,0.5050528658875905
278,0.6,0.5,3,0.42444731069442404,0.5050528658875905
278,0.6,0.3,3,0.3360120068046056,0.5050528658875905
279,0.6,1,100,0.4257238697096117,0.4721981079577074
279,0.6,0.7,100,0.46114463950943946,0.4721981079577074
279,0.6,0.5,100,0.4646633277685031,0.4721981079577074
279,0.6,0.3,100,0.474390651085142,0.4721981079577074
279,0.6,1,7,0.42977630023311875,0.4721981079577074
279,0.6,0.7,7,0.4573156108102984,0.4721981079577074
279,0.6,0.5,7,0.4703033105849406,0.4721981079577074
279,0.6,0.3,7,0.4827715928647228,0.4721981079577074
279,0.6,1,5,0.45725405988611795,0.4721981079577074
279,0.6,0.7,5,0.4601561847303102,0.4721981079577074
279,0.6,0.5,5,0.46781230126028367,0.4721981079577074
279,0.6,0.3,5,0.44245424037014075,0.4721981079577074
279,0.6,1,3,0.4256584245942866,0.4721981079577074
279,0.6,0.7,3,0.4834412761045563,0.4721981079577074
279,0.6,0.5,3,0.4261643993412302,0.4721981079577074
279,0.6,0.3,3,0.3770267218955677,0.4721981079577074
280,0.6,1,100,0.458944416889868,0.5012465219810797
280,0.6,0.7,100,0.5105912926878214,0.5012465219810797
280,0.6,0.5,100,0.49386755703951035,0.5012465219810797
280,0.6,0.3,100,0.4473010573177519,0.5012465219810797
280,0.6,1,7,0.47673256022710236,0.5012465219810797
280,0.6,0.7,7,0.4552126958217746,0.5012465219810797
280,0.6,0.5,7,0.4502243817221756,0.5012465219810797
280,0.6,0.3,7,0.458853491033939,0.5012465219810797
280,0.6,1,5,0.46884297519924567,0.5012465219810797
280,0.6,0.7,5,0.47700634043253354,0.5012465219810797
280,0.6,0.5,5,0.4995704437105272,0.5012465219810797
280,0.6,0.3,5,0.4775743893930864,0.5012465219810797
280,0.6,1,3,0.4354645126042057,0.5012465219810797
280,0.6,0.7,3,0.4747758923465164,0.5012465219810797
280,0.6,0.5,3,0.46889575541574624,0.5012465219810797
280,0.6,0.3,3,0.3498914946739113,0.5012465219810797
281,0.6,1,100,0.4598290166470796,0.4955439497624907
281,0.6,0.7,100,0.49712295075923424,0.4955439497624907
281,0.6,0.5,100,0.49490261547022824,0.4955439497624907
281,0.6,0.3,100,0.47425709515859776,0.4955439497624907
281,0.6,1,7,0.5129882918214198,0.4955439497624907
281,0.6,0.7,7,0.49012735949415404,0.4955439497624907
281,0.6,0.5,7,0.499759174865594,0.4955439497624907
281,0.6,0.3,7,0.5024400585599286,0.4955439497624907
281,0.6,1,5,0.48200352253689155,0.4955439497624907
281,0.6,0.7,5,0.5021393965379133,0.4955439497624907
281,0.6,0.5,5,0.4934743030285226,0.4955439497624907
281,0.6,0.3,5,0.49756752577139024,0.4955439497624907
281,0.6,1,3,0.4739328354094418,0.4955439497624907
281,0.6,0.7,3,0.47281264447705146,0.4955439497624907
281,0.6,0.5,3,0.47296161046479507,0.4955439497624907
281,0.6,0.3,3,0.33937039627709137,0.4955439497624907
282,0.6,1,100,0.43320068524742894,0.4762116756047249
282,0.6,0.7,100,0.4811574846967168,0.4762116756047249
282,0.6,0.5,100,0.41580411797440187,0.4762116756047249
282,0.6,0.3,100,0.4643183082915972,0.4762116756047249
282,0.6,1,7,0.455422326853614,0.4762116756047249
282,0.6,0.7,7,0.4083021181598732,0.4762116756047249
282,0.6,0.5,7,0.4719335299116164,0.4762116756047249
282,0.6,0.3,7,0.4394385280048127,0.4762116756047249
282,0.6,1,5,0.44059539065339015,0.4762116756047249
282,0.6,0.7,5,0.46363304264553795,0.4762116756047249
282,0.6,0.5,5,0.4740467225307115,0.4762116756047249
282,0.6,0.3,5,0.4725951878347362,0.4762116756047249
282,0.6,1,3,0.4912073357182148,0.4762116756047249
282,0.6,0.7,3,0.5020938477628442,0.4762116756047249
282,0.6,0.5,3,0.4046201682510805,0.4762116756047249
282,0.6,0.3,3,0.36352392761962893,0.4762116756047249
283,0.6,1,100,0.4601979139685873,0.47976627712854764
283,0.6,0.7,100,0.47241298853362024,0.47976627712854764
283,0.6,0.5,100,0.44879243183082923,0.47976627712854764
283,0.6,0.3,100,0.510673344462994,0.47976627712854764
283,0.6,1,7,0.4788846871179031,0.47976627712854764
283,0.6,0.7,7,0.46058055273815085,0.47976627712854764
283,0.6,0.5,7,0.46308926065139894,0.47976627712854764
283,0.6,0.3,7,0.5222414684640173,0.47976627712854764
283,0.6,1,5,0.4860814207091035,0.47976627712854764
283,0.6,0.7,5,0.4509151997854901,0.47976627712854764
283,0.6,0.5,5,0.45193986821441945,0.47976627712854764
283,0.6,0.3,5,0.4801570120490545,0.47976627712854764
283,0.6,1,3,0.49829079630737155,0.47976627712854764
283,0.6,0.7,3,0.4624688492979941,0.47976627712854764
283,0.6,0.5,3,0.4700808426162099,0.47976627712854764
283,0.6,0.3,3,0.38766985141860505,0.47976627712854764
284,0.6,1,100,0.43092898022581333,0.4963717306622149
284,0.6,0.7,100,0.43396578158814264,0.4963717306622149
284,0.6,0.5,100,0.44031163049526995,0.4963717306622149
284,0.6,0.3,100,0.4320979410127992,0.4963717306622149
284,0.6,1,7,0.45010713401268787,0.4963717306622149
284,0.6,0.7,7,0.4468387747281426,0.4963717306622149
284,0.6,0.5,7,0.4634958210020145,0.4963717306622149
284,0.6,0.3,7,0.4372483051080661,0.4963717306622149
284,0.6,1,5,0.4552290075321006,0.4963717306622149
284,0.6,0.7,5,0.43177485188296105,0.4963717306622149
284,0.6,0.5,5,0.46315688390141885,0.4963717306622149
284,0.6,0.3,5,0.4376154985046717,0.4963717306622149
284,0.6,1,3,0.4711595685888033,0.4963717306622149
284,0.6,0.7,3,0.4210016408877173,0.4963717306622149
284,0.6,0.5,3,0.4405386862729135,0.4963717306622149
284,0.6,0.3,3,0.36745607008495956,0.4963717306622149
285,0.6,1,100,0.4084725233406323,0.502399839734387
285,0.6,0.7,100,0.4445186421814135,0.502399839734387
285,0.6,0.5,100,0.40520868113522546,0.502399839734387
285,0.6,0.3,100,0.4292042292710073,0.502399839734387
285,0.6,1,7,0.41735001015657175,0.502399839734387
285,0.6,0.7,7,0.4368447090711635,0.502399839734387
285,0.6,0.5,7,0.4238753545961273,0.502399839734387
285,0.6,0.3,7,0.4347624121023039,0.502399839734387
285,0.6,1,5,0.4140807632479377,0.502399839734387
285,0.6,0.7,5,0.4044230704410614,0.502399839734387
285,0.6,0.5,5,0.4530222609292719,0.502399839734387
285,0.6,0.3,5,0.46759505221448916,0.502399839734387
285,0.6,1,3,0.458268535236362,0.502399839734387
285,0.6,0.7,3,0.4006030835700742,0.502399839734387
285,0.6,0.5,3,0.40893907237414195,0.502399839734387
285,0.6,0.3,3,0.332450698849776,0.502399839734387
286,0.6,1,100,0.5104676839460155,0.5561380077907625
286,0.6,0.7,100,0.48580785745190175,0.5561380077907625
286,0.6,0.5,100,0.4943350027824152,0.5561380077907625
286,0.6,0.3,100,0.5018030050083473,0.5561380077907625
286,0.6,1,7,0.4679377563804847,0.5561380077907625
286,0.6,0.7,7,0.5183489278332735,0.5561380077907625
286,0.6,0.5,7,0.4987063974034697,0.5561380077907625
286,0.6,0.3,7,0.5697194111060238,0.5561380077907625
286,0.6,1,5,0.5121149656276671,0.5561380077907625
286,0.6,0.7,5,0.515241701110443,0.5561380077907625
286,0.6,0.5,5,0.5410627758709288,0.5561380077907625
286,0.6,0.3,5,0.5124283965243599,0.5561380077907625
286,0.6,1,3,0.5142262464966076,0.5561380077907625
286,0.6,0.7,3,0.5084361368852484,0.5561380077907625
286,0.6,0.5,3,0.5158633119431755,0.5561380077907625
286,0.6,0.3,3,0.4406005928530212,0.5561380077907625
287,0.6,1,100,0.42854082091491186,0.48120200333889823
287,0.6,0.7,100,0.4420546523518847,0.48120200333889823
287,0.6,0.5,100,0.46309404563160833,0.48120200333889823
287,0.6,0.3,100,0.4670116861435727,0.48120200333889823
287,0.6,1,7,0.4555607880851675,0.48120200333889823
287,0.6,0.7,7,0.46594447461774957,0.48120200333889823
287,0.6,0.5,7,0.5025035492912464,0.48120200333889823
287,0.6,0.3,7,0.4946326254910927,0.48120200333889823
287,0.6,1,5,0.4446661782517174,0.48120200333889823
287,0.6,0.7,5,0.4516157097373322,0.48120200333889823
287,0.6,0.5,5,0.47862466726585523,0.48120200333889823
287,0.6,0.3,5,0.47523044503569345,0.48120200333889823
287,0.6,1,3,0.4523860022906651,0.48120200333889823
287,0.6,0.7,3,0.47154046795378973,0.48120200333889823
287,0.6,0.5,3,0.44594212340078276,0.48120200333889823
287,0.6,0.3,3,0.37525984274710555,0.48120200333889823
288,0.6,1,100,0.419696610591379,0.5128992765720647
288,0.6,0.7,100,0.39011238206156035,0.5128992765720647
288,0.6,0.5,100,0.3917529215358932,0.5128992765720647
288,0.6,0.3,100,0.4146243739565944,0.5128992765720647
288,0.6,1,7,0.4228476961885959,0.5128992765720647
288,0.6,0.7,7,0.4181178612798059,0.5128992765720647
288,0.6,0.5,7,0.4181923223410949,0.5128992765720647
288,0.6,0.3,7,0.44480766969982666,0.5128992765720647
288,0.6,1,5,0.4268182708737448,0.5128992765720647
288,0.6,0.7,5,0.4213465513177792,0.5128992765720647
288,0.6,0.5,5,0.47339294165851725,0.5128992765720647
288,0.6,0.3,5,0.4337315680211297,0.5128992765720647
288,0.6,1,3,0.421216614972202,0.5128992765720647
288,0.6,0.7,3,0.438217018864541,0.5128992765720647
288,0.6,0.5,3,0.4106687799147571,0.5128992765720647
288,0.6,0.3,3,0.3379772207074634,0.5128992765720647
289,0.6,1,100,0.545885994623171,0.5348054246350178
289,0.6,0.7,100,0.5485774143821,0.5348054246350178
289,0.6,0.5,100,0.5364496382860323,0.5348054246350178
289,0.6,0.3,100,0.5468224819143017,0.5348054246350178
289,0.6,1,7,0.4960453223618615,0.5348054246350178
289,0.6,0.7,7,0.5348248823452362,0.5348054246350178
289,0.6,0.5,7,0.5386721709617499,0.5348054246350178
289,0.6,0.3,7,0.5182687652704127,0.5348054246350178
289,0.6,1,5,0.5366721382028262,0.5348054246350178
289,0.6,0.7,5,0.5525323226392094,0.5348054246350178
289,0.6,0.5,5,0.5437466789914831,0.5348054246350178
289,0.6,0.3,5,0.5191831061033809,0.5348054246350178
289,0.6,1,3,0.5182301353951655,0.5348054246350178
289,0.6,0.7,3,0.538477508933308,0.5348054246350178
289,0.6,0.5,3,0.5306205280064601,0.5348054246350178
289,0.6,0.3,3,0.4618429685926554,0.5348054246350178
290,0.6,1,100,0.3986886884598055,0.5128436282693378
290,0.6,0.7,100,0.4104284919309962,0.5128436282693378
290,0.6,0.5,100,0.431430161380078,0.5128436282693378
290,0.6,0.3,100,0.4202559821925432,0.5128436282693378
290,0.6,1,7,0.43785767055374397,0.5128436282693378
290,0.6,0.7,7,0.43724986755748874,0.5128436282693378
290,0.6,0.5,7,0.4473218671277762,0.5128436282693378
290,0.6,0.3,7,0.4353059298846661,0.5128436282693378
290,0.6,1,5,0.4264281864491356,0.5128436282693378
290,0.6,0.7,5,0.45068727598354985,0.5128436282693378
290,0.6,0.5,5,0.4453767950714951,0.5128436282693378
290,0.6,0.3,5,0.407411433778581,0.5128436282693378
290,0.6,1,3,0.41545057070213115,0.5128436282693378
290,0.6,0.7,3,0.3933801661671971,0.5128436282693378
290,0.6,0.5,3,0.417341253215171,0.5128436282693378
290,0.6,0.3,3,0.3172936812875981,0.5128436282693378
291,0.6,1,100,0.43811273318697036,0.4995840277816439
291,0.6,0.7,100,0.4017073328081912,0.4995840277816439
291,0.6,0.5,100,0.44570951585976637,0.4995840277816439
291,0.6,0.3,100,0.4272899276572065,0.4995840277816439
291,0.6,1,7,0.4469111431695848,0.4995840277816439
291,0.6,0.7,7,0.4299782333508611,0.4995840277816439
291,0.6,0.5,7,0.42350186746016416,0.4995840277816439
291,0.6,0.3,7,0.4857488070417308,0.4995840277816439
291,0.6,1,5,0.4498506027285034,0.4995840277816439
291,0.6,0.7,5,0.4494555625335578,0.4995840277816439
291,0.6,0.5,5,0.4342347079083282,0.4995840277816439
291,0.6,0.3,5,0.4335454971908564,0.4995840277816439
291,0.6,1,3,0.45417951025892306,0.4995840277816439
291,0.6,0.7,3,0.4427863910576886,0.4995840277816439
291,0.6,0.5,3,0.3877746884950203,0.4995840277816439
291,0.6,0.3,3,0.32648342402204356,0.4995840277816439
292,0.6,1,100,0.45657686977354417,0.5400111296605454
292,0.6,0.7,100,0.46524892946459856,0.5400111296605454
292,0.6,0.5,100,0.47651641624930446,0.5400111296605454
292,0.6,0.3,100,0.4657206455203117,0.5400111296605454
292,0.6,1,7,0.4685626930832158,0.5400111296605454
292,0.6,0.7,7,0.47675895687842235,0.5400111296605454
292,0.6,0.5,7,0.49186464023008075,0.5400111296605454
292,0.6,0.3,7,0.4396766089713186,0.5400111296605454
292,0.6,1,5,0.4975098885563674,0.5400111296605454
292,0.6,0.7,5,0.5000218855084564,0.5400111296605454
292,0.6,0.5,5,0.4699605311981528,0.5400111296605454
292,0.6,0.3,5,0.481275253601843,0.5400111296605454
292,0.6,1,3,0.46377654977994986,0.5400111296605454
292,0.6,0.7,3,0.4461675035462873,0.5400111296605454
292,0.6,0.5,3,0.46387955629235045,0.5400111296605454
292,0.6,0.3,3,0.3836940802835424,0.5400111296605454
293,0.6,1,100,0.42955657987070633,0.524151363383417
293,0.6,0.7,100,0.47802690090525074,0.524151363383417
293,0.6,0.5,100,0.4621591541457986,0.524151363383417
293,0.6,0.3,100,0.41699499165275467,0.524151363383417
293,0.6,1,7,0.46716096171797794,0.524151363383417
293,0.6,0.7,7,0.48891488837026054,0.524151363383417
293,0.6,0.5,7,0.46737544926098534,0.524151363383417
293,0.6,0.3,7,0.5066293089415134,0.524151363383417
293,0.6,1,5,0.48154811577688367,0.524151363383417
293,0.6,0.7,5,0.49169572451076843,0.524151363383417
293,0.6,0.5,5,0.4424983802514382,0.524151363383417
293,0.6,0.3,5,0.4501757977561139,0.524151363383417
293,0.6,1,3,0.4626974002226022,0.524151363383417
293,0.6,0.7,3,0.472433492336045,0.524151363383417
293,0.6,0.5,3,0.42573598961624465,0.524151363383417
293,0.6,0.3,3,0.4143930277776208,0.524151363383417
294,0.6,1,100,0.4788888126689147,0.5029159710628827
294,0.6,0.7,100,0.5055314412910407,0.5029159710628827
294,0.6,0.5,100,0.4927879799666111,0.5029159710628827
294,0.6,0.3,100,0.5157929883138566,0.5029159710628827
294,0.6,1,7,0.4962776271476869,0.5029159710628827
294,0.6,0.7,7,0.5207107999720814,0.5029159710628827
294,0.6,0.5,7,0.5215927685360273,0.5029159710628827
294,0.6,0.3,7,0.5188167591057199,0.5029159710628827
294,0.6,1,5,0.5055072245529134,0.5029159710628827
294,0.6,0.7,5,0.44252177952370414,0.5029159710628827
294,0.6,0.5,5,0.5181278295822376,0.5029159710628827
294,0.6,0.3,5,0.5066981792556258,0.5029159710628827
294,0.6,1,3,0.4872166996896342,0.5029159710628827
294,0.6,0.7,3,0.4686962036055864,0.5029159710628827
294,0.6,0.5,3,0.4942837264604155,0.5029159710628827
294,0.6,0.3,3,0.3970229966203185,0.5029159710628827
295,0.6,1,100,0.5060284551899099,0.5677351140790207
295,0.6,0.7,100,0.5454292504252087,0.5677351140790207
295,0.6,0.5,100,0.5142348358375071,0.5677351140790207
295,0.6,0.3,100,0.5101613800779077,0.5677351140790207
295,0.6,1,7,0.5012233030741717,0.5677351140790207
295,0.6,0.7,7,0.5034726522409602,0.5677351140790207
295,0.6,0.5,7,0.5290523986763276,0.5677351140790207
295,0.6,0.3,7,0.5541994197697622,0.5677351140790207
295,0.6,1,5,0.5228630392134436,0.5677351140790207
295,0.6,0.7,5,0.5376243281423058,0.5677351140790207
295,0.6,0.5,5,0.5217885315302906,0.5677351140790207
295,0.6,0.3,5,0.5446211174984726,0.5677351140790207
295,0.6,1,3,0.5548227556763256,0.5677351140790207
295,0.6,0.7,3,0.5171596735191679,0.5677351140790207
295,0.6,0.5,3,0.5338263927770307,0.5677351140790207
295,0.6,0.3,3,0.42885921137606275,0.5677351140790207
296,0.6,1,100,0.48650516707888636,0.5329063241710227
296,0.6,0.7,100,0.4819334769755125,0.5329063241710227
296,0.6,0.5,100,0.4497273233166389,0.5329063241710227
296,0.6,0.3,100,0.5100834724540902,0.5329063241710227
296,0.6,1,7,0.4994958563886162,0.5329063241710227
296,0.6,0.7,7,0.467020490694621,0.5329063241710227
296,0.6,0.5,7,0.5053792021973423,0.5329063241710227
296,0.6,0.3,7,0.5027852795322836,0.5329063241710227
296,0.6,1,5,0.4852616392096022,0.5329063241710227
296,0.6,0.7,5,0.49376741174652633,0.5329063241710227
296,0.6,0.5,5,0.47698791037384536,0.5329063241710227
296,0.6,0.3,5,0.4966003624524974,0.5329063241710227
296,0.6,1,3,0.48287949917104966,0.5329063241710227
296,0.6,0.7,3,0.4704208312958302,0.5329063241710227
296,0.6,0.5,3,0.5069307390042436,0.5329063241710227
296,0.6,0.3,3,0.39674324922153625,0.5329063241710227
297,0.6,1,100,0.489158603571045,0.5411534255820213
297,0.6,0.7,100,0.5122680098813799,0.5411534255820213
297,0.6,0.5,100,0.477573734001113,0.5411534255820213
297,0.6,0.3,100,0.5132109070673345,0.5411534255820213
297,0.6,1,7,0.5114808374988473,0.5411534255820213
297,0.6,0.7,7,0.49476143897285635,0.5411534255820213
297,0.6,0.5,7,0.5148506867654479,0.5411534255820213
297,0.6,0.3,7,0.514960482438126,0.5411534255820213
297,0.6,1,5,0.48623978192785017,0.5411534255820213
297,0.6,0.7,5,0.5312887676069489,0.5411534255820213
297,0.6,0.5,5,0.5188545436575429,0.5411534255820213
297,0.6,0.3,5,0.5135756073625787,0.5411534255820213
297,0.6,1,3,0.5133014849355507,0.5411534255820213
297,0.6,0.7,3,0.504184847190253,0.5411534255820213
297,0.6,0.5,3,0.506039928684398,0.5411534255820213
297,0.6,0.3,3,0.4211907623530163,0.5411534255820213
298,0.6,1,100,0.40783930617446174,0.4953255425709517
298,0.6,0.7,100,0.43493214674782915,0.4953255425709517
298,0.6,0.5,100,0.4068113522537563,0.4953255425709517
298,0.6,0.3,100,0.45918753478018925,0.4953255425709517
298,0.6,1,7,0.3988570415773049,0.4953255425709517
298,0.6,0.7,7,0.45858676484526484,0.4953255425709517
298,0.6,0.5,7,0.4367518452782798,0.4953255425709517
298,0.6,0.3,7,0.44699741847099533,0.4953255425709517
298,0.6,1,5,0.4074729521277798,0.4953255425709517
298,0.6,0.7,5,0.43426036367260473,0.4953255425709517
298,0.6,0.5,5,0.49018418424836924,0.4953255425709517
298,0.6,0.3,5,0.40933253470770303,0.4953255425709517
298,0.6,1,3,0.4515125524266516,0.4953255425709517
298,0.6,0.7,3,0.41804797040744945,0.4953255425709517
298,0.6,0.5,3,0.427021570660011,0.4953255425709517
298,0.6,0.3,3,0.3582682777484526,0.4953255425709517
299,0.6,1,100,0.43297787604440857,0.482737896494157
299,0.6,0.7,100,0.423461324429605,0.482737896494157
299,0.6,0.5,100,0.4538119087367836,0.482737896494157
299,0.6,0.3,100,0.4519309961046189,0.482737896494157
299,0.6,1,7,0.4244234283640496,0.482737896494157
299,0.6,0.7,7,0.49319558413237125,0.482737896494157
299,0.6,0.5,7,0.44610235457084074,0.482737896494157
299,0.6,0.3,7,0.4533159918849187,0.482737896494157
299,0.6,1,5,0.45089147617938097,0.482737896494157
299,0.6,0.7,5,0.43190278133761384,0.482737896494157
299,0.6,0.5,5,0.48098634731757,0.482737896494157
299,0.6,0.3,5,0.4298509201582558,0.482737896494157
299,0.6,1,3,0.46123884880112503,0.482737896494157
299,0.6,0.7,3,0.4201621422498006,0.482737896494157
299,0.6,0.5,3,0.4214949226879134,0.482737896494157
299,0.6,0.3,3,0.3399829407974039,0.482737896494157
300,0.6,1,100,0.38738065229747853,0.4679799666110184
300,0.6,0.7,100,0.4041246636761989,0.4679799666110184
300,0.6,0.5,100,0.4594991652754592,0.4679799666110184
300,0.6,0.3,100,0.44959376739009466,0.4679799666110184
300,0.6,1,7,0.4352583172954435,0.4679799666110184
300,0.6,0.7,7,0.41964545425327354,0.4679799666110184
300,0.6,0.5,7,0.4517726353905018,0.4679799666110184
300,0.6,0.3,7,0.40591080650103833,0.4679799666110184
300,0.6,1,5,0.4098511589068303,0.4679799666110184
300,0.6,0.7,5,0.4244779770658817,0.4679799666110184
300,0.6,0.5,5,0.4327605015482906,0.4679799666110184
300,0.6,0.3,5,0.4286341057999534,0.4679799666110184
300,0.6,1,3,0.4356443313664394,0.4679799666110184
300,0.6,0.7,3,0.4638882082149343,0.4679799666110184
300,0.6,0.5,3,0.42899308756256127,0.4679799666110184
300,0.6,0.3,3,0.3617236100297712,0.4679799666110184
301,0.6,1,100,0.4252895982177717,0.4313411240957152
301,0.6,0.7,100,0.45582518811526374,0.4313411240957152
301,0.6,0.5,100,0.4701168614357263,0.4313411240957152
301,0.6,0.3,100,0.44871452420701174,0.4313411240957152
301,0.6,1,7,0.4709381843624624,0.4313411240957152
301,0.6,0.7,7,0.46551412875142245,0.4313411240957152
301,0.6,0.5,7,0.46929527763591206,0.4313411240957152
301,0.6,0.3,7,0.4484758321736595,0.4313411240957152
301,0.6,1,5,0.4887363001476774,0.4313411240957152
301,0.6,0.7,5,0.4734406884534636,0.4313411240957152
301,0.6,0.5,5,0.4486780455595282,0.4313411240957152
301,0.6,0.3,5,0.49687079907781617,0.4313411240957152
301,0.6,1,3,0.4545312508294356,0.4313411240957152
301,0.6,0.7,3,0.4310528607621193,0.4313411240957152
301,0.6,0.5,3,0.40469422522991877,0.4313411240957152
301,0.6,0.3,3,0.3497670768998808,0.4313411240957152
302,0.6,1,100,0.47929636774032136,0.519554813578186
302,0.6,0.7,100,0.48597241506146677,0.519554813578186
302,0.6,0.5,100,0.46731218697829724,0.519554813578186
302,0.6,0.3,100,0.4949360044518643,0.519554813578186
302,0.6,1,7,0.4689297893593933,0.519554813578186
302,0.6,0.7,7,0.4639177075238091,0.519554813578186
302,0.6,0.5,7,0.5000968253047466,0.519554813578186
302,0.6,0.3,7,0.47569668160800754,0.519554813578186
302,0.6,1,5,0.4331226828055837,0.519554813578186
302,0.6,0.7,5,0.48214136697769083,0.519554813578186
302,0.6,0.5,5,0.5135331141688354,0.519554813578186
302,0.6,0.3,5,0.47953779994899626,0.519554813578186
302,0.6,1,3,0.4897297639804742,0.519554813578186
302,0.6,0.7,3,0.4872661997613311,0.519554813578186
302,0.6,0.5,3,0.49380087837714415,0.519554813578186
302,0.6,0.3,3,0.3833010798884258,0.519554813578186
303,0.6,1,100,0.44550190740047874,0.5376475727554835
303,0.6,0.7,100,0.476972732331664,0.5376475727554835
303,0.6,0.5,100,0.44445000933665274,0.5376475727554835
303,0.6,0.3,100,0.4466555370061214,0.5376475727554835
303,0.6,1,7,0.46125915310605337,0.5376475727554835
303,0.6,0.7,7,0.4885649818336897,0.5376475727554835
303,0.6,0.5,7,0.4575114741782991,0.5376475727554835
303,0.6,0.3,7,0.45392141395517593,0.5376475727554835
303,0.6,1,5,0.4836101743853611,0.5376475727554835
303,0.6,0.7,5,0.47591647896856965,0.5376475727554835
303,0.6,0.5,5,0.47772936723070203,0.5376475727554835
303,0.6,0.3,5,0.48384074370765,0.5376475727554835
303,0.6,1,3,0.48389030923575715,0.5376475727554835
303,0.6,0.7,3,0.4582458016133346,0.5376475727554835
303,0.6,0.5,3,0.4658740768023012,0.5376475727554835
303,0.6,0.3,3,0.3701064738054953,0.5376475727554835
304,0.6,1,100,0.44779660096428664,0.47038397328881476
304,0.6,0.7,100,0.47610726827263783,0.47038397328881476
304,0.6,0.5,100,0.46393989983305517,0.47038397328881476
304,0.6,0.3,100,0.43721758486366175,0.47038397328881476
304,0.6,1,7,0.4619715749495449,0.47038397328881476
304,0.6,0.7,7,0.4615597115025999,0.47038397328881476
304,0.6,0.5,7,0.45867345241001295,0.47038397328881476
304,0.6,0.3,7,0.4705138592861483,0.47038397328881476
304,0.6,1,5,0.44996059263017313,0.47038397328881476
304,0.6,0.7,5,0.4468731711071964,0.47038397328881476
304,0.6,0.5,5,0.4682050381510004,0.47038397328881476
304,0.6,0.3,5,0.4937339303028957,0.47038397328881476
304,0.6,1,3,0.45550049161054584,0.47038397328881476
304,0.6,0.7,3,0.4736195590448195,0.47038397328881476
304,0.6,0.5,3,0.4366752074908607,0.47038397328881476
304,0.6,0.3,3,0.3843343990768368,0.47038397328881476
305,0.6,1,100,0.4449292932553871,0.4807902058987202
305,0.6,0.7,100,0.41510084949289366,0.4807902058987202
305,0.6,0.5,100,0.42816917084028944,0.4807902058987202
305,0.6,0.3,100,0.4406566499721759,0.4807902058987202
305,0.6,1,7,0.45638185680545357,0.4807902058987202
305,0.6,0.7,7,0.45049306290953856,0.4807902058987202
305,0.6,0.5,7,0.4519325688506528,0.4807902058987202
305,0.6,0.3,7,0.42871402617422827,0.4807902058987202
305,0.6,1,5,0.44584727855925443,0.4807902058987202
305,0.6,0.7,5,0.44771261713550164,0.4807902058987202
305,0.6,0.5,5,0.4343704907682124,0.4807902058987202
305,0.6,0.3,5,0.46178693230614204,0.4807902058987202
305,0.6,1,3,0.4363497288877802,0.4807902058987202
305,0.6,0.7,3,0.4607810593072109,0.4807902058987202
305,0.6,0.5,3,0.4414484103717915,0.4807902058987202
305,0.6,0.3,3,0.35362205102016575,0.4807902058987202
306,0.6,1,100,0.4505725312564401,0.5351363383416806
306,0.6,0.7,100,0.49173066221480255,0.5351363383416806
306,0.6,0.5,100,0.49088480801335566,0.5351363383416806
306,0.6,0.3,100,0.5048414023372289,0.5351363383416806
306,0.6,1,7,0.4829718393240544,0.5351363383416806
306,0.6,0.7,7,0.4675353920894471,0.5351363383416806
306,0.6,0.5,7,0.4784861707410089,0.5351363383416806
306,0.6,0.3,7,0.46540264127404724,0.5351363383416806
306,0.6,1,5,0.5076493876745163,0.5351363383416806
306,0.6,0.7,5,0.499176344795586,0.5351363383416806
306,0.6,0.5,5,0.5180577836998652,0.5351363383416806
306,0.6,0.3,5,0.4962030143877024,0.5351363383416806
306,0.6,1,3,0.4843563580788978,0.5351363383416806
306,0.6,0.7,3,0.46851977419580104,0.5351363383416806
306,0.6,0.5,3,0.45372999535393593,0.5351363383416806
306,0.6,0.3,3,0.38237694386955917,0.5351363383416806
307,0.6,1,100,0.4330880612204463,0.4883764284282356
307,0.6,0.7,100,0.4570420536634689,0.4883764284282356
307,0.6,0.5,100,0.46568725653867565,0.4883764284282356
307,0.6,0.3,100,0.4838842515303284,0.4883764284282356
307,0.6,1,7,0.44929092219070055,0.4883764284282356
307,0.6,0.7,7,0.5106016147840723,0.4883764284282356
307,0.6,0.5,7,0.47938279560730573,0.4883764284282356
307,0.6,0.3,7,0.48091536326618317,0.4883764284282356
307,0.6,1,5,0.5005330468570446,0.4883764284282356
307,0.6,0.7,5,0.4898598503255618,0.4883764284282356
307,0.6,0.5,5,0.4858756569538567,0.4883764284282356
307,0.6,0.3,5,0.4172385988995738,0.4883764284282356
307,0.6,1,3,0.444306278684042,0.4883764284282356
307,0.6,0.7,3,0.47845793785464663,0.4883764284282356
307,0.6,0.5,3,0.46660728650007455,0.4883764284282356
307,0.6,0.3,3,0.38560524233866605,0.4883764284282356
308,0.6,1,100,0.38801318794783496,0.5067000556483028
308,0.6,0.7,100,0.4408637753600131,0.5067000556483028
308,0.6,0.5,100,0.41702838063439074,0.5067000556483028
308,0.6,0.3,100,0.4041847523650529,0.5067000556483028
308,0.6,1,7,0.3922054838674299,0.5067000556483028
308,0.6,0.7,7,0.42698534390825443,0.5067000556483028
308,0.6,0.5,7,0.44165515731523103,0.5067000556483028
308,0.6,0.3,7,0.45153481171473275,0.5067000556483028
308,0.6,1,5,0.41874598813804115,0.5067000556483028
308,0.6,0.7,5,0.45180856275046255,0.5067000556483028
308,0.6,0.5,5,0.43431942208973007,0.5067000556483028
308,0.6,0.3,5,0.4109041234664303,0.5067000556483028
308,0.6,1,3,0.41964627917744035,0.5067000556483028
308,0.6,0.7,3,0.40273013442766253,0.5067000556483028
308,0.6,0.5,3,0.4272598717438485,0.5067000556483028
308,0.6,0.3,3,0.3287056952976996,0.5067000556483028
309,0.6,1,100,0.47674188600979034,0.5450417362270452
309,0.6,0.7,100,0.47760554485980716,0.5450417362270452
309,0.6,0.5,100,0.4900278241513635,0.5450417362270452
309,0.6,0.3,100,0.47031719532554267,0.5450417362270452
309,0.6,1,7,0.40013420200485555,0.5450417362270452
309,0.6,0.7,7,0.46635452409308703,0.5450417362270452
309,0.6,0.5,7,0.4719565103636669,0.5450417362270452
309,0.6,0.3,7,0.49487114430901585,0.5450417362270452
309,0.6,1,5,0.470000772873247,0.5450417362270452
309,0.6,0.7,5,0.49695774698403083,0.5450417362270452
309,0.6,0.5,5,0.5359235734659137,0.5450417362270452
309,0.6,0.3,5,0.4853846149308442,0.5450417362270452
309,0.6,1,3,0.5058581902307567,0.5450417362270452
309,0.6,0.7,3,0.47450335017813666,0.5450417362270452
309,0.6,0.5,3,0.468424896096441,0.5450417362270452
309,0.6,0.3,3,0.41390624869249,0.5450417362270452
310,0.6,1,100,0.42811853892804563,0.5212687813021704
310,0.6,0.7,100,0.468091263216472,0.5212687813021704
310,0.6,0.5,100,0.4547245409015026,0.5212687813021704
310,0.6,0.3,100,0.42833611574846975,0.5212687813021704
310,0.6,1,7,0.43257182098667124,0.5212687813021704
310,0.6,0.7,7,0.45043805009731713,0.5212687813021704
310,0.6,0.5,7,0.4688259909290175,0.5212687813021704
310,0.6,0.3,7,0.44857215930212074,0.5212687813021704
310,0.6,1,5,0.4458608416608511,0.5212687813021704
310,0.6,0.7,5,0.4563339755972988,0.5212687813021704
310,0.6,0.5,5,0.45764049408042634,0.5212687813021704
310,0.6,0.3,5,0.48053806331031124,0.5212687813021704
310,0.6,1,3,0.49380505270969033,0.5212687813021704
310,0.6,0.7,3,0.47586355636318167,0.5212687813021704
310,0.6,0.5,3,0.48117201955599975,0.5212687813021704
310,0.6,0.3,3,0.3699323658160315,0.5212687813021704
311,0.6,1,100,0.3789923599271276,0.5158263772954925
311,0.6,0.7,100,0.3808124652198109,0.5158263772954925
311,0.6,0.5,100,0.39169727323316644,0.5158263772954925
311,0.6,0.3,100,0.3993210907067335,0.5158263772954925
311,0.6,1,7,0.4365024561936745,0.5158263772954925
311,0.6,0.7,7,0.42247331551704426,0.5158263772954925
311,0.6,0.5,7,0.398502955694293,0.5158263772954925
311,0.6,0.3,7,0.4451315013431126,0.5158263772954925
311,0.6,1,5,0.38600570945642904,0.5158263772954925
311,0.6,0.7,5,0.460839053830078,0.5158263772954925
311,0.6,0.5,5,0.41800816404359303,0.5158263772954925
311,0.6,0.3,5,0.3837157301560714,0.5158263772954925
311,0.6,1,3,0.43234520959031114,0.5158263772954925
311,0.6,0.7,3,0.3819109723253234,0.5158263772954925
311,0.6,0.5,3,0.4015734383379647,0.5158263772954925
311,0.6,0.3,3,0.319483256741627,0.5158263772954925
312,0.6,1,100,0.4820065058853879,0.5318642181413468
312,0.6,0.7,100,0.4690503354719287,0.5318642181413468
312,0.6,0.5,100,0.4721647189760713,0.5318642181413468
312,0.6,0.3,100,0.47528102392877025,0.5318642181413468
312,0.6,1,7,0.47508686542629097,0.5318642181413468
312,0.6,0.7,7,0.4537700850371562,0.5318642181413468
312,0.6,0.5,7,0.45741752466398605,0.5318642181413468
312,0.6,0.3,7,0.48635056612534433,0.5318642181413468
312,0.6,1,5,0.5192914137762058,0.5318642181413468
312,0.6,0.7,5,0.4842984832456155,0.5318642181413468
312,0.6,0.5,5,0.506489892381111,0.5318642181413468
312,0.6,0.3,5,0.4771077652805854,0.5318642181413468
312,0.6,1,3,0.47730065185482534,0.5318642181413468
312,0.6,0.7,3,0.46967891980576065,0.5318642181413468
312,0.6,0.5,3,0.47281657206174815,0.5318642181413468
312,0.6,0.3,3,0.3411170172998043,0.5318642181413468
313,0.6,1,100,0.46197951911273394,0.49797440178074576
313,0.6,0.7,100,0.4347245409015026,0.49797440178074576
313,0.6,0.5,100,0.464596549805231,0.49797440178074576
313,0.6,0.3,100,0.4568280467445744,0.49797440178074576
313,0.6,1,7,0.46072698031447595,0.49797440178074576
313,0.6,0.7,7,0.4787709991650127,0.49797440178074576
313,0.6,0.5,7,0.4818838202972694,0.49797440178074576
313,0.6,0.3,7,0.4808346804024958,0.49797440178074576
313,0.6,1,5,0.4158341964666592,0.49797440178074576
313,0.6,0.7,5,0.48354692356181656,0.49797440178074576
313,0.6,0.5,5,0.47055995530053274,0.49797440178074576
313,0.6,0.3,5,0.4623582190336426,0.49797440178074576
313,0.6,1,3,0.43705646720855235,0.49797440178074576
313,0.6,0.7,3,0.4696525996290557,0.49797440178074576
313,0.6,0.5,3,0.47123932068168145,0.49797440178074576
313,0.6,0.3,3,0.3915650181403621,0.49797440178074576
314,0.6,1,100,0.420530259952702,0.48938230383973297
314,0.6,0.7,100,0.4548451990575746,0.48938230383973297
314,0.6,0.5,100,0.4264774624373957,0.48938230383973297
314,0.6,0.3,100,0.4241736227045076,0.48938230383973297
314,0.6,1,7,0.37845094829313103,0.48938230383973297
314,0.6,0.7,7,0.4567847538729856,0.48938230383973297
314,0.6,0.5,7,0.4272463116341678,0.48938230383973297
314,0.6,0.3,7,0.4540206432287442,0.48938230383973297
314,0.6,1,5,0.39842297018481365,0.48938230383973297
314,0.6,0.7,5,0.4907062025709096,0.48938230383973297
314,0.6,0.5,5,0.45173912216086015,0.48938230383973297
314,0.6,0.3,5,0.4441197138077427,0.48938230383973297
314,0.6,1,3,0.4102069806511781,0.48938230383973297
314,0.6,0.7,3,0.455232178106434,0.48938230383973297
314,0.6,0.5,3,0.4297074295712063,0.48938230383973297
314,0.6,0.3,3,0.3094523984296373,0.48938230383973297
315,0.6,1,100,0.4141971052738219,0.516093489148581
315,0.6,0.7,100,0.4290933374557915,0.516093489148581
315,0.6,0.5,100,0.46261547022815813,0.516093489148581
315,0.6,0.3,100,0.46439621591541463,0.516093489148581
315,0.6,1,7,0.44038778106061105,0.516093489148581
315,0.6,0.7,7,0.4522959393332551,0.516093489148581
315,0.6,0.5,7,0.4505450700245219,0.516093489148581
315,0.6,0.3,7,0.4788874599989581,0.516093489148581
315,0.6,1,5,0.47012934288172387,0.516093489148581
315,0.6,0.7,5,0.4691925906433326,0.516093489148581
315,0.6,0.5,5,0.503678229461993,0.516093489148581
315,0.6,0.3,5,0.468366533378193,0.516093489148581
315,0.6,1,3,0.4342642980002105,0.516093489148581
315,0.6,0.7,3,0.4561017008947366,0.516093489148581
315,0.6,0.5,3,0.4549255358057896,0.516093489148581
315,0.6,0.3,3,0.360656138381,0.516093489148581
316,0.6,1,100,0.47089539906286654,0.5269782971619367
316,0.6,0.7,100,0.4907804417950044,0.5269782971619367
316,0.6,0.5,100,0.48376182526432954,0.5269782971619367
316,0.6,0.3,100,0.45767390094602123,0.5269782971619367
316,0.6,1,7,0.46619769984047904,0.5269782971619367
316,0.6,0.7,7,0.4582515817447063,0.5269782971619367
316,0.6,0.5,7,0.4885843250351554,0.5269782971619367
316,0.6,0.3,7,0.48190297935905685,0.5269782971619367
316,0.6,1,5,0.4651457521221136,0.5269782971619367
316,0.6,0.7,5,0.45741793536354214,0.5269782971619367
316,0.6,0.5,5,0.4861612503812197,0.5269782971619367
316,0.6,0.3,5,0.45435186456001025,0.5269782971619367
316,0.6,1,3,0.48901422495238667,0.5269782971619367
316,0.6,0.7,3,0.4702067618302134,0.5269782971619367
316,0.6,0.5,3,0.4811164569040141,0.5269782971619367
316,0.6,0.3,3,0.36605826812190073,0.5269782971619367
317,0.6,1,100,0.4224756462308883,0.517228714524207
317,0.6,0.7,100,0.41387868670005573,0.517228714524207
317,0.6,0.5,100,0.436249304396216,0.517228714524207
317,0.6,0.3,100,0.41157484696716756,0.517228714524207
317,0.6,1,7,0.4044680461243072,0.517228714524207
317,0.6,0.7,7,0.43329411849508515,0.517228714524207
317,0.6,0.5,7,0.45000259225800077,0.517228714524207
317,0.6,0.3,7,0.4670892109388176,0.517228714524207
317,0.6,1,5,0.4110157891093787,0.517228714524207
317,0.6,0.7,5,0.43708554733897836,0.517228714524207
317,0.6,0.5,5,0.45560200530601497,0.517228714524207
317,0.6,0.3,5,0.40669254805356225,0.517228714524207
317,0.6,1,3,0.4522121581198853,0.517228714524207
317,0.6,0.7,3,0.38233279209743626,0.517228714524207
317,0.6,0.5,3,0.42168544667886093,0.517228714524207
317,0.6,0.3,3,0.3245804731440603,0.517228714524207
318,0.6,1,100,0.41292835606596373,0.5164051196438509
318,0.6,0.7,100,0.46872139321659795,0.5164051196438509
318,0.6,0.5,100,0.45436839176405125,0.5164051196438509
318,0.6,0.3,100,0.47053978853644973,0.5164051196438509
318,0.6,1,7,0.4142974922789526,0.5164051196438509
318,0.6,0.7,7,0.3922484421695234,0.5164051196438509
318,0.6,0.5,7,0.43607015441223607,0.5164051196438509
318,0.6,0.3,7,0.409905461595274,0.5164051196438509
318,0.6,1,5,0.45145215109533643,0.5164051196438509
318,0.6,0.7,5,0.4918085548204422,0.5164051196438509
318,0.6,0.5,5,0.446067179756973,0.5164051196438509
318,0.6,0.3,5,0.46675958865668177,0.5164051196438509
318,0.6,1,3,0.44302585227451613,0.5164051196438509
318,0.6,0.7,3,0.4383983875860983,0.5164051196438509
318,0.6,0.5,3,0.4144947986316825,0.5164051196438509
318,0.6,0.3,3,0.3156245398960336,0.5164051196438509
319,0.6,1,100,0.44528063955274305,0.5387646076794659
319,0.6,0.7,100,0.482299223003221,0.5387646076794659
319,0.6,0.5,100,0.5089037284362827,0.5387646076794659
319,0.6,0.3,100,0.4876126878130218,0.5387646076794659
319,0.6,1,7,0.44169672765625984,0.5387646076794659
319,0.6,0.7,7,0.4616005037040857,0.5387646076794659
319,0.6,0.5,7,0.4938998775505092,0.5387646076794659
319,0.6,0.3,7,0.48761594125640545,0.5387646076794659
319,0.6,1,5,0.42573811230271963,0.5387646076794659
319,0.6,0.7,5,0.47720090081558003,0.5387646076794659
319,0.6,0.5,5,0.45298964842002826,0.5387646076794659
319,0.6,0.3,5,0.4680906136649007,0.5387646076794659
319,0.6,1,3,0.47164544149032445,0.5387646076794659
319,0.6,0.7,3,0.475693567109204,0.5387646076794659
319,0.6,0.5,3,0.4849457361657266,0.5387646076794659
319,0.6,0.3,3,0.398885291062297,0.5387646076794659
320,0.6,1,100,0.4545725334342353,0.4580189204229272
320,0.6,0.7,100,0.41960606457052957,0.4580189204229272
320,0.6,0.5,100,0.4692487479131887,0.4580189204229272
320,0.6,0.3,100,0.4340011129660546,0.4580189204229272
320,0.6,1,7,0.4209114402078829,0.4580189204229272
320,0.6,0.7,7,0.45123129387289423,0.4580189204229272
320,0.6,0.5,7,0.4588609340806222,0.4580189204229272
320,0.6,0.3,7,0.4177175366746305,0.4580189204229272
320,0.6,1,5,0.43685561889745816,0.4580189204229272
320,0.6,0.7,5,0.45874488716568046,0.4580189204229272
320,0.6,0.5,5,0.498982104614029,0.4580189204229272
320,0.6,0.3,5,0.4807307495888307,0.4580189204229272
320,0.6,1,3,0.43527548427219875,0.4580189204229272
320,0.6,0.7,3,0.4342224084700374,0.4580189204229272
320,0.6,0.5,3,0.39887890760509565,0.4580189204229272
320,0.6,0.3,3,0.32615803028450796,0.4580189204229272
321,0.6,1,100,0.5479003371363774,0.5062103505843073
321,0.6,0.7,100,0.5518740240813748,0.5062103505843073
321,0.6,0.5,100,0.5530217028380635,0.5062103505843073
321,0.6,0.3,100,0.5452198107957709,0.5062103505843073
321,0.6,1,7,0.5231960229033734,0.5062103505843073
321,0.6,0.7,7,0.5712615390496667,0.5062103505843073
321,0.6,0.5,7,0.576681562799608,0.5062103505843073
321,0.6,0.3,7,0.5612372575820521,0.5062103505843073
321,0.6,1,5,0.5362520774561366,0.5062103505843073
321,0.6,0.7,5,0.5674041670402187,0.5062103505843073
321,0.6,0.5,5,0.5732492192241704,0.5062103505843073
321,0.6,0.3,5,0.5444475484078122,0.5062103505843073
321,0.6,1,3,0.5228728897545483,0.5062103505843073
321,0.6,0.7,3,0.5188761547437925,0.5062103505843073
321,0.6,0.5,3,0.5556560635446062,0.5062103505843073
321,0.6,0.3,3,0.44445283293167237,0.5062103505843073
322,0.6,1,100,0.39783148666298623,0.47946577629382314
322,0.6,0.7,100,0.4202471911427961,0.47946577629382314
322,0.6,0.5,100,0.37549248747913194,0.47946577629382314
322,0.6,0.3,100,0.39663884251530335,0.47946577629382314
322,0.6,1,7,0.38644503457277624,0.47946577629382314
322,0.6,0.7,7,0.3744510616872748,0.47946577629382314
322,0.6,0.5,7,0.40749031570303573,0.47946577629382314
322,0.6,0.3,7,0.37992887382426827,0.47946577629382314
322,0.6,1,5,0.41432368347565396,0.47946577629382314
322,0.6,0.7,5,0.4422909869489427,0.47946577629382314
322,0.6,0.5,5,0.394656684345631,0.47946577629382314
322,0.6,0.3,5,0.4324242154733882,0.47946577629382314
322,0.6,1,3,0.35977709251167844,0.47946577629382314
322,0.6,0.7,3,0.4172399415741011,0.47946577629382314
322,0.6,0.5,3,0.36804447905223603,0.47946577629382314
322,0.6,0.3,3,0.34280905752873203,0.47946577629382314
323,0.6,1,100,0.41408519995610055,0.4867069747013128
323,0.6,0.7,100,0.4496673613466526,0.4867069747013128
323,0.6,0.5,100,0.44976071229827497,0.4867069747013128
323,0.6,0.3,100,0.44214802448525325,0.4867069747013128
323,0.6,1,7,0.45454786074030273,0.4867069747013128
323,0.6,0.7,7,0.43596854318565026,0.4867069747013128
323,0.6,0.5,7,0.4846922439648343,0.4867069747013128
323,0.6,0.3,7,0.47193520350374824,0.4867069747013128
323,0.6,1,5,0.4485973213775913,0.4867069747013128
323,0.6,0.7,5,0.4470738022506903,0.4867069747013128
323,0.6,0.5,5,0.47695122722626354,0.4867069747013128
323,0.6,0.3,5,0.4414321919846433,0.4867069747013128
323,0.6,1,3,0.45615934152672666,0.4867069747013128
323,0.6,0.7,3,0.44696785967036223,0.4867069747013128
323,0.6,0.5,3,0.44764034476159165,0.4867069747013128
323,0.6,0.3,3,0.31111893554915426,0.4867069747013128
324,0.6,1,100,0.4119126906223711,0.4277418690664
324,0.6,0.7,100,0.43916527545909856,0.4277418690664
324,0.6,0.5,100,0.39365609348914865,0.4277418690664
324,0.6,0.3,100,0.4041402337228715,0.4277418690664
324,0.6,1,7,0.335624863228737,0.4277418690664
324,0.6,0.7,7,0.43328361289299444,0.4277418690664
324,0.6,0.5,7,0.37058209615464016,0.4277418690664
324,0.6,0.3,7,0.3959234246185994,0.4277418690664
324,0.6,1,5,0.3980266066776547,0.4277418690664
324,0.6,0.7,5,0.37402993963488484,0.4277418690664
324,0.6,0.5,5,0.40909696915416227,0.4277418690664
324,0.6,0.3,5,0.38185191645529226,0.4277418690664
324,0.6,1,3,0.4209439684178479,0.4277418690664
324,0.6,0.7,3,0.3922970133789619,0.4277418690664
324,0.6,0.5,3,0.3626821087648321,0.4277418690664
324,0.6,0.3,3,0.29896189398191225,0.4277418690664
325,0.6,1,100,0.4493497207992223,0.5501502504173623
325,0.6,0.7,100,0.49309396880036527,0.5501502504173623
325,0.6,0.5,100,0.482359488035615,0.5501502504173623
325,0.6,0.3,100,0.48893711741791884,0.5501502504173623
325,0.6,1,7,0.48940275061362637,0.5501502504173623
325,0.6,0.7,7,0.4600443863423079,0.5501502504173623
325,0.6,0.5,7,0.5066980852069178,0.5501502504173623
325,0.6,0.3,7,0.4988532397097433,0.5501502504173623
325,0.6,1,5,0.48740815978052077,0.5501502504173623
325,0.6,0.7,5,0.5061913704531819,0.5501502504173623
325,0.6,0.5,5,0.5114630461702474,0.5501502504173623
325,0.6,0.3,5,0.5025728406202663,0.5501502504173623
325,0.6,1,3,0.4765301160095346,0.5501502504173623
325,0.6,0.7,3,0.42412609334235646,0.5501502504173623
325,0.6,0.5,3,0.4707257416746725,0.5501502504173623
325,0.6,0.3,3,0.41092455959792035,0.5501502504173623
326,0.6,1,100,0.4005899945212501,0.498675570395103
326,0.6,0.7,100,0.42981001460663837,0.498675570395103
326,0.6,0.5,100,0.4186533110740123,0.498675570395103
326,0.6,0.3,100,0.3877796327212021,0.498675570395103
326,0.6,1,7,0.40157323759913527,0.498675570395103
326,0.6,0.7,7,0.4271874666992885,0.498675570395103
326,0.6,0.5,7,0.41053215441322943,0.498675570395103
326,0.6,0.3,7,0.418206385754999,0.498675570395103
326,0.6,1,5,0.4292303052250814,0.498675570395103
326,0.6,0.7,5,0.3820307191529061,0.498675570395103
326,0.6,0.5,5,0.39847250189882366,0.498675570395103
326,0.6,0.3,5,0.4292327833513529,0.498675570395103
326,0.6,1,3,0.4283254032423499,0.498675570395103
326,0.6,0.7,3,0.42219544981827195,0.498675570395103
326,0.6,0.5,3,0.41713421653304966,0.498675570395103
326,0.6,0.3,3,0.30210351754870385,0.498675570395103
327,0.6,1,100,0.4386502034798527,0.4989204229271008
327,0.6,0.7,100,0.4351934558655222,0.4989204229271008
327,0.6,0.5,100,0.4515637173066222,0.4989204229271008
327,0.6,0.3,100,0.4684585420144686,0.4989204229271008
327,0.6,1,7,0.441230948691838,0.4989204229271008
327,0.6,0.7,7,0.4293045991091128,0.4989204229271008
327,0.6,0.5,7,0.4972475617257079,0.4989204229271008
327,0.6,0.3,7,0.4506827027310011,0.4989204229271008
327,0.6,1,5,0.43808134303980484,0.4989204229271008
327,0.6,0.7,5,0.4716105676875909,0.4989204229271008
327,0.6,0.5,5,0.4586366715969309,0.4989204229271008
327,0.6,0.3,5,0.4439506738921989,0.4989204229271008
327,0.6,1,3,0.43543806182950956,0.4989204229271008
327,0.6,0.7,3,0.4328838141738781,0.4989204229271008
327,0.6,0.5,3,0.4712819618918213,0.4989204229271008
327,0.6,0.3,3,0.3789733558602164,0.4989204229271008
328,0.6,1,100,0.4146007595715197,0.4466777963272121
328,0.6,0.7,100,0.4115393283893658,0.4466777963272121
328,0.6,0.5,100,0.4477017250973846,0.4466777963272121
328,0.6,0.3,100,0.4300612131329995,0.4466777963272121
328,0.6,1,7,0.44508642673742804,0.4466777963272121
328,0.6,0.7,7,0.43838655275282606,0.4466777963272121
328,0.6,0.5,7,0.39206074300411264,0.4466777963272121
328,0.6,0.3,7,0.4454746753759088,0.4466777963272121
328,0.6,1,5,0.4505225090351489,0.4466777963272121
328,0.6,0.7,5,0.4618037947935338,0.4466777963272121
328,0.6,0.5,5,0.4131622174505423,0.4466777963272121
328,0.6,0.3,5,0.39511468400026667,0.4466777963272121
328,0.6,1,3,0.38233626405971793,0.4466777963272121
328,0.6,0.7,3,0.4407699772285255,0.4466777963272121
328,0.6,0.5,3,0.4488335886321506,0.4466777963272121
328,0.6,0.3,3,0.3384509029880435,0.4466777963272121
329,0.6,1,100,0.4179509941538795,0.5022148024485255
329,0.6,0.7,100,0.4314393275553276,0.5022148024485255
329,0.6,0.5,100,0.4290150250417363,0.5022148024485255
329,0.6,0.3,100,0.4336449638286033,0.5022148024485255
329,0.6,1,7,0.3864339237966297,0.5022148024485255
329,0.6,0.7,7,0.4397697173866413,0.5022148024485255
329,0.6,0.5,7,0.4542276116275585,0.5022148024485255
329,0.6,0.3,7,0.45138568539165635,0.5022148024485255
329,0.6,1,5,0.4283304536711138,0.5022148024485255
329,0.6,0.7,5,0.4272583258010048,0.5022148024485255
329,0.6,0.5,5,0.4757458508724103,0.5022148024485255
329,0.6,0.3,5,0.4126948517866738,0.5022148024485255
329,0.6,1,3,0.4303941412689006,0.5022148024485255
329,0.6,0.7,3,0.47835669336174924,0.5022148024485255
329,0.6,0.5,3,0.44835799094319845,0.5022148024485255
329,0.6,0.3,3,0.3256148173612586,0.5022148024485255
330,0.6,1,100,0.4524202182330812,0.4606789092932666
330,0.6,0.7,100,0.457505210131772,0.4606789092932666
330,0.6,0.5,100,0.4790873678352811,0.4606789092932666
330,0.6,0.3,100,0.47257651641624937,0.4606789092932666
330,0.6,1,7,0.4238617812834732,0.4606789092932666
330,0.6,0.7,7,0.41729232169980335,0.4606789092932666
330,0.6,0.5,7,0.4775968624920298,0.4606789092932666
330,0.6,0.3,7,0.4541957374068708,0.4606789092932666
330,0.6,1,5,0.4545764394178873,0.4606789092932666
330,0.6,0.7,5,0.4487065750777386,0.4606789092932666
330,0.6,0.5,5,0.45639634036939647,0.4606789092932666
330,0.6,0.3,5,0.48950505911282116,0.4606789092932666
330,0.6,1,3,0.4799505462872451,0.4606789092932666
330,0.6,0.7,3,0.4733061011313992,0.4606789092932666
330,0.6,0.5,3,0.4729291652223228,0.4606789092932666
330,0.6,0.3,3,0.389440643095778,0.4606789092932666
331,0.6,1,100,0.44114047092061975,0.4907623817473568
331,0.6,0.7,100,0.4287033945464664,0.4907623817473568
331,0.6,0.5,100,0.4528547579298832,0.4907623817473568
331,0.6,0.3,100,0.4597328881469116,0.4907623817473568
331,0.6,1,7,0.4471012702011187,0.4907623817473568
331,0.6,0.7,7,0.47037364037090273,0.4907623817473568
331,0.6,0.5,7,0.4733209004719676,0.4907623817473568
331,0.6,0.3,7,0.4501204039030677,0.4907623817473568
331,0.6,1,5,0.45166593153352097,0.4907623817473568
331,0.6,0.7,5,0.4313794249039281,0.4907623817473568
331,0.6,0.5,5,0.5072889926827819,0.4907623817473568
331,0.6,0.3,5,0.43391043728952305,0.4907623817473568
331,0.6,1,3,0.42273779466388034,0.4907623817473568
331,0.6,0.7,3,0.4417547799869864,0.4907623817473568
331,0.6,0.5,3,0.4124290163198681,0.4907623817473568
331,0.6,0.3,3,0.3986203532469956,0.4907623817473568
332,0.6,1,100,0.40331733989239776,0.4188759042849194
332,0.6,0.7,100,0.40686256778835234,0.4188759042849194
332,0.6,0.5,100,0.4295937673900947,0.4188759042849194
332,0.6,0.3,100,0.4376739009460212,0.4188759042849194
332,0.6,1,7,0.40477701865995586,0.4188759042849194
332,0.6,0.7,7,0.43494046692764377,0.4188759042849194
332,0.6,0.5,7,0.4469353199370545,0.4188759042849194
332,0.6,0.3,7,0.3946185741456321,0.4188759042849194
332,0.6,1,5,0.3778722070779162,0.4188759042849194
332,0.6,0.7,5,0.419425776507278,0.4188759042849194
332,0.6,0.5,5,0.47077552793896055,0.4188759042849194
332,0.6,0.3,5,0.40922097849688793,0.4188759042849194
332,0.6,1,3,0.4320542631689764,0.4188759042849194
332,0.6,0.7,3,0.4056341726927335,0.4188759042849194
332,0.6,0.5,3,0.38827493324829543,0.4188759042849194
332,0.6,0.3,3,0.3566972712291583,0.4188759042849194
333,0.6,1,100,0.4433083102685358,0.544785754034502
333,0.6,0.7,100,0.4571508069003896,0.544785754034502
333,0.6,0.5,100,0.49776293823038403,0.544785754034502
333,0.6,0.3,100,0.43502504173622714,0.544785754034502
333,0.6,1,7,0.46210956229104166,0.544785754034502
333,0.6,0.7,7,0.4700482859778066,0.544785754034502
333,0.6,0.5,7,0.48472589842530395,0.544785754034502
333,0.6,0.3,7,0.4745755667398178,0.544785754034502
333,0.6,1,5,0.48758249661676073,0.544785754034502
333,0.6,0.7,5,0.47142102221859894,0.544785754034502
333,0.6,0.5,5,0.46975208582550876,0.544785754034502
333,0.6,0.3,5,0.44270070108644105,0.544785754034502
333,0.6,1,3,0.46230008460337496,0.544785754034502
333,0.6,0.7,3,0.4929944330464911,0.544785754034502
333,0.6,0.5,3,0.47310498251770816,0.544785754034502
333,0.6,0.3,3,0.33738553775623653,0.544785754034502
334,0.6,1,100,0.42486252648771505,0.5307846410684475
334,0.6,0.7,100,0.39745130773511417,0.5307846410684475
334,0.6,0.5,100,0.3984195882025599,0.5307846410684475
334,0.6,0.3,100,0.4356260434056762,0.5307846410684475
334,0.6,1,7,0.4180029926079896,0.5307846410684475
334,0.6,0.7,7,0.4457990686912142,0.5307846410684475
334,0.6,0.5,7,0.4629977248991601,0.5307846410684475
334,0.6,0.3,7,0.4274737170749894,0.5307846410684475
334,0.6,1,5,0.4415239698205977,0.5307846410684475
334,0.6,0.7,5,0.40694857728265116,0.5307846410684475
334,0.6,0.5,5,0.45569446972623334,0.5307846410684475
334,0.6,0.3,5,0.40846821760599883,0.5307846410684475
334,0.6,1,3,0.4677062458384661,0.5307846410684475
334,0.6,0.7,3,0.40527645671543294,0.5307846410684475
334,0.6,0.5,3,0.4006819685407703,0.5307846410684475
334,0.6,0.3,3,0.2722867182915145,0.5307846410684475
335,0.6,1,100,0.45157269475008294,0.5105843071786311
335,0.6,0.7,100,0.47517766023862107,0.5105843071786311
335,0.6,0.5,100,0.4692376182526434,0.5105843071786311
335,0.6,0.3,100,0.4873455759599333,0.5105843071786311
335,0.6,1,7,0.4846732990079136,0.5105843071786311
335,0.6,0.7,7,0.49504558096640583,0.5105843071786311
335,0.6,0.5,7,0.4502664057681983,0.5105843071786311
335,0.6,0.3,7,0.47262019405385497,0.5105843071786311
335,0.6,1,5,0.4393227973217432,0.5105843071786311
335,0.6,0.7,5,0.47098603966584074,0.5105843071786311
335,0.6,0.5,5,0.4742752480614692,0.5105843071786311
335,0.6,0.3,5,0.45064699596367364,0.5105843071786311
335,0.6,1,3,0.4824017462785461,0.5105843071786311
335,0.6,0.7,3,0.4194355323139716,0.5105843071786311
335,0.6,0.5,3,0.431668183794295,0.5105843071786311
335,0.6,0.3,3,0.33037598619005865,0.5105843071786311
336,0.6,1,100,0.47118159679643273,0.49801892042292717
336,0.6,0.7,100,0.44434736880352527,0.49801892042292717
336,0.6,0.5,100,0.46361286481221425,0.49801892042292717
336,0.6,0.3,100,0.49323316638842524,0.49801892042292717
336,0.6,1,7,0.4679074733396874,0.49801892042292717
336,0.6,0.7,7,0.5265104602367484,0.49801892042292717
336,0.6,0.5,7,0.4878313279213808,0.49801892042292717
336,0.6,0.3,7,0.4522357962799015,0.49801892042292717
336,0.6,1,5,0.4888200859141323,0.49801892042292717
336,0.6,0.7,5,0.48814554271462535,0.49801892042292717
336,0.6,0.5,5,0.47568107169967905,0.49801892042292717
336,0.6,0.3,5,0.45903359796948334,0.49801892042292717
336,0.6,1,3,0.5236936056432364,0.49801892042292717
336,0.6,0.7,3,0.5064479366942268,0.49801892042292717
336,0.6,0.5,3,0.49980177101434914,0.49801892042292717
336,0.6,0.3,3,0.4210963903808484,0.49801892042292717
337,0.6,1,100,0.4656032766998054,0.5025041736227046
337,0.6,0.7,100,0.4471206290743292,0.5025041736227046
337,0.6,0.5,100,0.46510424347493196,0.5025041736227046
337,0.6,0.3,100,0.46110183639399005,0.5025041736227046
337,0.6,1,7,0.4754264691839687,0.5025041736227046
337,0.6,0.7,7,0.4730068942235679,0.5025041736227046
337,0.6,0.5,7,0.5207194174441704,0.5025041736227046
337,0.6,0.3,7,0.46213796004737606,0.5025041736227046
337,0.6,1,5,0.4772569438272156,0.5025041736227046
337,0.6,0.7,5,0.4952349431836545,0.5025041736227046
337,0.6,0.5,5,0.4972525547273318,0.5025041736227046
337,0.6,0.3,5,0.4866571753122052,0.5025041736227046
337,0.6,1,3,0.4839942510006571,0.5025041736227046
337,0.6,0.7,3,0.4769136492039515,0.5025041736227046
337,0.6,0.5,3,0.4755533852847151,0.5025041736227046
337,0.6,0.3,3,0.37247219258718595,0.5025041736227046
338,0.6,1,100,0.45660387131733443,0.4852086811352255
338,0.6,0.7,100,0.4290241710569978,0.4852086811352255
338,0.6,0.5,100,0.43367835281023936,0.4852086811352255
338,0.6,0.3,100,0.41568169170840297,0.4852086811352255
338,0.6,1,7,0.4316455059495356,0.4852086811352255
338,0.6,0.7,7,0.42585036808157867,0.4852086811352255
338,0.6,0.5,7,0.47658648657707897,0.4852086811352255
338,0.6,0.3,7,0.47024764042792777,0.4852086811352255
338,0.6,1,5,0.4420641369902441,0.4852086811352255
338,0.6,0.7,5,0.45698352806703363,0.4852086811352255
338,0.6,0.5,5,0.4846608381853856,0.4852086811352255
338,0.6,0.3,5,0.4426893220733109,0.4852086811352255
338,0.6,1,3,0.42524032548386853,0.4852086811352255
338,0.6,0.7,3,0.44190208792612884,0.4852086811352255
338,0.6,0.5,3,0.38503197211135065,0.4852086811352255
338,0.6,0.3,3,0.3351090764237138,0.4852086811352255
339,0.6,1,100,0.46639151965564385,0.5357707289927658
339,0.6,0.7,100,0.47435301712208416,0.5357707289927658
339,0.6,0.5,100,0.4990498025890286,0.5357707289927658
339,0.6,0.3,100,0.502170283806344,0.5357707289927658
339,0.6,1,7,0.47426080750808736,0.5357707289927658
339,0.6,0.7,7,0.4891831410381276,0.5357707289927658
339,0.6,0.5,7,0.5157379744020167,0.5357707289927658
339,0.6,0.3,7,0.4851731886514507,0.5357707289927658
339,0.6,1,5,0.4909547314860004,0.5357707289927658
339,0.6,0.7,5,0.48865607670421174,0.5357707289927658
339,0.6,0.5,5,0.5165136711137106,0.5357707289927658
339,0.6,0.3,5,0.5463873607639143,0.5357707289927658
339,0.6,1,3,0.46281714473829044,0.5357707289927658
339,0.6,0.7,3,0.48702191756311913,0.5357707289927658
339,0.6,0.5,3,0.48821330796405815,0.5357707289927658
339,0.6,0.3,3,0.4259920247701588,0.5357707289927658
340,0.6,1,100,0.45676782783107783,0.5023149693934336
340,0.6,0.7,100,0.4719935225213666,0.5023149693934336
340,0.6,0.5,100,0.4972287145242071,0.5023149693934336
340,0.6,0.3,100,0.4586978297161937,0.5023149693934336
340,0.6,1,7,0.47282410706652717,0.5023149693934336
340,0.6,0.7,7,0.4822653232999601,0.5023149693934336
340,0.6,0.5,7,0.4822855655205413,0.5023149693934336
340,0.6,0.3,7,0.5112555945671471,0.5023149693934336
340,0.6,1,5,0.48240685430879027,0.5023149693934336
340,0.6,0.7,5,0.49424046537521954,0.5023149693934336
340,0.6,0.5,5,0.47101256685203846,0.5023149693934336
340,0.6,0.3,5,0.479510118696666,0.5023149693934336
340,0.6,1,3,0.5156464096786182,0.5023149693934336
340,0.6,0.7,3,0.428428211238075,0.5023149693934336
340,0.6,0.5,3,0.47745007958028496,0.5023149693934336
340,0.6,0.3,3,0.39589889205537004,0.5023149693934336
341,0.6,1,100,0.4591639465022559,0.48237061769616035
341,0.6,0.7,100,0.45442049678836977,0.48237061769616035
341,0.6,0.5,100,0.4800445186421815,0.48237061769616035
341,0.6,0.3,100,0.45617139677239854,0.48237061769616035
341,0.6,1,7,0.4405106531822789,0.48237061769616035
341,0.6,0.7,7,0.4920124100286631,0.48237061769616035
341,0.6,0.5,7,0.470591679866769,0.48237061769616035
341,0.6,0.3,7,0.49058365169412044,0.48237061769616035
341,0.6,1,5,0.46770564208084725,0.48237061769616035
341,0.6,0.7,5,0.4733818340911356,0.48237061769616035
341,0.6,0.5,5,0.47143290190640874,0.48237061769616035
341,0.6,0.3,5,0.509386632794494,0.48237061769616035
341,0.6,1,3,0.45834733884078893,0.48237061769616035
341,0.6,0.7,3,0.4878113789506235,0.48237061769616035
341,0.6,0.5,3,0.44133425587312924,0.48237061769616035
341,0.6,0.3,3,0.3902163113107581,0.48237061769616035
342,0.6,1,100,0.5424465725834235,0.5282429834271517
342,0.6,0.7,100,0.4758343211735084,0.5282429834271517
342,0.6,0.5,100,0.5158585074623858,0.5282429834271517
342,0.6,0.3,100,0.5337006121313301,0.5282429834271517
342,0.6,1,7,0.5182046530618742,0.5282429834271517
342,0.6,0.7,7,0.5185721707764677,0.5282429834271517
342,0.6,0.5,7,0.5300690466648708,0.5282429834271517
342,0.6,0.3,7,0.5471424092182503,0.5282429834271517
342,0.6,1,5,0.4962187989308846,0.5282429834271517
342,0.6,0.7,5,0.5396034817565666,0.5282429834271517
342,0.6,0.5,5,0.5527441947370657,0.5282429834271517
342,0.6,0.3,5,0.49105268882287967,0.5282429834271517
342,0.6,1,3,0.539536981418303,0.5282429834271517
342,0.6,0.7,3,0.5319904391572923,0.5282429834271517
342,0.6,0.5,3,0.5157537864967274,0.5282429834271517
342,0.6,0.3,3,0.4512274361024377,0.5282429834271517
343,0.6,1,100,0.44797721635499715,0.5076905954368393
343,0.6,0.7,100,0.436267212765219,0.5076905954368393
343,0.6,0.5,100,0.4597662771285477,0.5076905954368393
343,0.6,0.3,100,0.46409571508069014,0.5076905954368393
343,0.6,1,7,0.44721697985146175,0.5076905954368393
343,0.6,0.7,7,0.4659573446426385,0.5076905954368393
343,0.6,0.5,7,0.43295641919011846,0.5076905954368393
343,0.6,0.3,7,0.4714161678795723,0.5076905954368393
343,0.6,1,5,0.5078310952415831,0.5076905954368393
343,0.6,0.7,5,0.4647503462226046,0.5076905954368393
343,0.6,0.5,5,0.479184931323168,0.5076905954368393
343,0.6,0.3,5,0.4636167280208257,0.5076905954368393
343,0.6,1,3,0.48118185004335634,0.5076905954368393
343,0.6,0.7,3,0.4662146862946203,0.5076905954368393
343,0.6,0.5,3,0.4599535886961131,0.5076905954368393
343,0.6,0.3,3,0.3686686225440389,0.5076905954368393
344,0.6,1,100,0.4224395804142523,0.5083583750695605
344,0.6,0.7,100,0.41941012799109634,0.5083583750695605
344,0.6,0.5,100,0.4624707846410685,0.5083583750695605
344,0.6,0.3,100,0.438831385642738,0.5083583750695605
344,0.6,1,7,0.45361255307264625,0.5083583750695605
344,0.6,0.7,7,0.4489727335597029,0.5083583750695605
344,0.6,0.5,7,0.4503270529781275,0.5083583750695605
344,0.6,0.3,7,0.4382439060775738,0.5083583750695605
344,0.6,1,5,0.4115869059797431,0.5083583750695605
344,0.6,0.7,5,0.44530307649074075,0.5083583750695605
344,0.6,0.5,5,0.4824430785276288,0.5083583750695605
344,0.6,0.3,5,0.4547738560489215,0.5083583750695605
344,0.6,1,3,0.4465675891236537,0.5083583750695605
344,0.6,0.7,3,0.3967717378298351,0.5083583750695605
344,0.6,0.5,3,0.4577717628449202,0.5083583750695605
344,0.6,0.3,3,0.30089919038038115,0.5083583750695605
345,0.6,1,100,0.4041010781707436,0.4844963828603228
345,0.6,0.7,100,0.44782049790043466,0.4844963828603228
345,0.6,0.5,100,0.4566722314969394,0.4844963828603228
345,0.6,0.3,100,0.4273455759599333,0.4844963828603228
345,0.6,1,7,0.3719617571093774,0.4844963828603228
345,0.6,0.7,7,0.43950961851969084,0.4844963828603228
345,0.6,0.5,7,0.44674428900554064,0.4844963828603228
345,0.6,0.3,7,0.42402817306993307,0.4844963828603228
345,0.6,1,5,0.44043317543960503,0.4844963828603228
345,0.6,0.7,5,0.4371133335975591,0.4844963828603228
345,0.6,0.5,5,0.421381925176349,0.4844963828603228
345,0.6,0.3,5,0.4318122871505973,0.4844963828603228
345,0.6,1,3,0.46116215281831663,0.4844963828603228
345,0.6,0.7,3,0.42140149086347933,0.4844963828603228
345,0.6,0.5,3,0.4134536449089336,0.4844963828603228
345,0.6,0.3,3,0.34807920239414236,0.4844963828603228
346,0.6,1,100,0.42949326283013467,0.49129660545353376
346,0.6,0.7,100,0.45665934886968407,0.49129660545353376
346,0.6,0.5,100,0.4311853088480802,0.49129660545353376
346,0.6,0.3,100,0.42284919309961055,0.49129660545353376
346,0.6,1,7,0.42430689938438737,0.49129660545353376
346,0.6,0.7,7,0.4384609248358361,0.49129660545353376
346,0.6,0.5,7,0.4610601833346246,0.49129660545353376
346,0.6,0.3,7,0.4471902570624348,0.49129660545353376
346,0.6,1,5,0.42658187651774504,0.49129660545353376
346,0.6,0.7,5,0.4396436197212657,0.49129660545353376
346,0.6,0.5,5,0.46018290841179754,0.49129660545353376
346,0.6,0.3,5,0.4149093705347893,0.49129660545353376
346,0.6,1,3,0.4193544721775761,0.49129660545353376
346,0.6,0.7,3,0.41309279325040776,0.49129660545353376
346,0.6,0.5,3,0.42045304364564057,0.49129660545353376
346,0.6,0.3,3,0.3289048235780234,0.49129660545353376
347,0.6,1,100,0.4253626957260786,0.4928658875904286
347,0.6,0.7,100,0.4509343454296587,0.4928658875904286
347,0.6,0.5,100,0.439398998330551,0.4928658875904286
347,0.6,0.3,100,0.44324986087924323,0.4928658875904286
347,0.6,1,7,0.4538417854132889,0.4928658875904286
347,0.6,0.7,7,0.4743845614757746,0.4928658875904286
347,0.6,0.5,7,0.4691877063093028,0.4928658875904286
347,0.6,0.3,7,0.47688292690917605,0.4928658875904286
347,0.6,1,5,0.4280986597887202,0.4928658875904286
347,0.6,0.7,5,0.46021172267156185,0.4928658875904286
347,0.6,0.5,5,0.4661079573190394,0.4928658875904286
347,0.6,0.3,5,0.4730765599860314,0.4928658875904286
347,0.6,1,3,0.44682043824213,0.4928658875904286
347,0.6,0.7,3,0.4479160939391928,0.4928658875904286
347,0.6,0.5,3,0.46903230100753873,0.4928658875904286
347,0.6,0.3,3,0.3383710247605176,0.4928658875904286
348,0.6,1,100,0.4658949761024336,0.536594323873122
348,0.6,0.7,100,0.47756102584601307,0.536594323873122
348,0.6,0.5,100,0.4711407902058988,0.536594323873122
348,0.6,0.3,100,0.49483583750695614,0.536594323873122
348,0.6,1,7,0.44238750279357764,0.536594323873122
348,0.6,0.7,7,0.4984982154305462,0.536594323873122
348,0.6,0.5,7,0.5093883321592959,0.536594323873122
348,0.6,0.3,7,0.4930540833150654,0.536594323873122
348,0.6,1,5,0.48398178966543137,0.536594323873122
348,0.6,0.7,5,0.4765468770434509,0.536594323873122
348,0.6,0.5,5,0.510265387669398,0.536594323873122
348,0.6,0.3,5,0.46657958770247143,0.536594323873122
348,0.6,1,3,0.45734147053351465,0.536594323873122
348,0.6,0.7,3,0.483981161733165,0.536594323873122
348,0.6,0.5,3,0.4507884748039398,0.536594323873122
348,0.6,0.3,3,0.36679998693991533,0.536594323873122
349,0.6,1,100,0.43905078631830746,0.4443628269337786
349,0.6,0.7,100,0.41012356740160816,0.4443628269337786
349,0.6,0.5,100,0.436249304396216,0.4443628269337786
349,0.6,0.3,100,0.4699610461880913,0.4443628269337786
349,0.6,1,7,0.44007042256297235,0.4443628269337786
349,0.6,0.7,7,0.4572805473255609,0.4443628269337786
349,0.6,0.5,7,0.4614842816391607,0.4443628269337786
349,0.6,0.3,7,0.38637929616333067,0.4443628269337786
349,0.6,1,5,0.45600169610119173,0.4443628269337786
349,0.6,0.7,5,0.4647212108065409,0.4443628269337786
349,0.6,0.5,5,0.47241948758789476,0.4443628269337786
349,0.6,0.3,5,0.43325703703772284,0.4443628269337786
349,0.6,1,3,0.4324478524542672,0.4443628269337786
349,0.6,0.7,3,0.4512868810624503,0.4443628269337786
349,0.6,0.5,3,0.4358500080220556,0.4443628269337786
349,0.6,0.3,3,0.3495135620616233,0.4443628269337786
350,0.6,1,100,0.4197183233556509,0.5083472454090151
350,0.6,0.7,100,0.4173400111296606,0.5083472454090151
350,0.6,0.5,100,0.4385865331107402,0.5083472454090151
350,0.6,0.3,100,0.4558375069560379,0.5083472454090151
350,0.6,1,7,0.4105674165080799,0.5083472454090151
350,0.6,0.7,7,0.43063439115214863,0.5083472454090151
350,0.6,0.5,7,0.45259616414380405,0.5083472454090151
350,0.6,0.3,7,0.4302336700017476,0.5083472454090151
350,0.6,1,5,0.4271995536579385,0.5083472454090151
350,0.6,0.7,5,0.4432539979277652,0.5083472454090151
350,0.6,0.5,5,0.4498744557260772,0.5083472454090151
350,0.6,0.3,5,0.4569727935343158,0.5083472454090151
350,0.6,1,3,0.4154484527465577,0.5083472454090151
350,0.6,0.7,3,0.46688794983360465,0.5083472454090151
350,0.6,0.5,3,0.4177268899337319,0.5083472454090151
350,0.6,0.3,3,0.2930288424585168,0.5083472454090151
351,0.6,1,100,0.43449755904490234,0.45218697829716203
351,0.6,0.7,100,0.44427193328147635,0.45218697829716203
351,0.6,0.5,100,0.4236171396772399,0.45218697829716203
351,0.6,0.3,100,0.4580077907623818,0.45218697829716203
351,0.6,1,7,0.4229179875428878,0.45218697829716203
351,0.6,0.7,7,0.4650938782027014,0.45218697829716203
351,0.6,0.5,7,0.4711257872283646,0.45218697829716203
351,0.6,0.3,7,0.44619316203889,0.45218697829716203
351,0.6,1,5,0.4448102388787662,0.45218697829716203
351,0.6,0.7,5,0.42357346413349406,0.45218697829716203
351,0.6,0.5,5,0.4658571649076276,0.45218697829716203
351,0.6,0.3,5,0.42575299514667186,0.45218697829716203
351,0.6,1,3,0.4596185318903272,0.45218697829716203
351,0.6,0.7,3,0.46319725597166483,0.45218697829716203
351,0.6,0.5,3,0.4134144148926042,0.45218697829716203
351,0.6,0.3,3,0.39187793068856375,0.45218697829716203
352,0.6,1,100,0.3933663579911842,0.5014134668892599
352,0.6,0.7,100,0.42100840570114473,0.5014134668892599
352,0.6,0.5,100,0.4412910406232611,0.5014134668892599
352,0.6,0.3,100,0.43538119087367844,0.5014134668892599
352,0.6,1,7,0.42724356410994596,0.5014134668892599
352,0.6,0.7,7,0.45016595747349714,0.5014134668892599
352,0.6,0.5,7,0.45010251193997586,0.5014134668892599
352,0.6,0.3,7,0.46459321929066544,0.5014134668892599
352,0.6,1,5,0.43637237112904037,0.5014134668892599
352,0.6,0.7,5,0.4576487186317758,0.5014134668892599
352,0.6,0.5,5,0.4176872846722443,0.5014134668892599
352,0.6,0.3,5,0.45138343014449783,0.5014134668892599
352,0.6,1,3,0.43692869582203303,0.5014134668892599
352,0.6,0.7,3,0.44935099504345516,0.5014134668892599
352,0.6,0.5,3,0.34242524542893116,0.5014134668892599
352,0.6,0.3,3,0.3156314834873748,0.5014134668892599
353,0.6,1,100,0.36887660359747143,0.44179187534780195
353,0.6,0.7,100,0.36737442230087203,0.44179187534780195
353,0.6,0.5,100,0.3962715637173067,0.44179187534780195
353,0.6,0.3,100,0.39644963828603236,0.44179187534780195
353,0.6,1,7,0.41439918398499803,0.44179187534780195
353,0.6,0.7,7,0.40763074408823846,0.44179187534780195
353,0.6,0.5,7,0.40501661550422,0.44179187534780195
353,0.6,0.3,7,0.4031393032213682,0.44179187534780195
353,0.6,1,5,0.3944157273426433,0.44179187534780195
353,0.6,0.7,5,0.3962251526585512,0.44179187534780195
353,0.6,0.5,5,0.41457174080127923,0.44179187534780195
353,0.6,0.3,5,0.3914730888381442,0.44179187534780195
353,0.6,1,3,0.4013026956253756,0.44179187534780195
353,0.6,0.7,3,0.4010175915318663,0.44179187534780195
353,0.6,0.5,3,0.4040048489868206,0.44179187534780195
353,0.6,0.3,3,0.28532622535114605,0.44179187534780195
354,0.6,1,100,0.44360273589193827,0.53810795770729
354,0.6,0.7,100,0.44809126321647197,0.53810795770729
354,0.6,0.5,100,0.4748914858096829,0.53810795770729
354,0.6,0.3,100,0.42444073455759607,0.53810795770729
354,0.6,1,7,0.4457331064626282,0.53810795770729
354,0.6,0.7,7,0.44432412220037615,0.53810795770729
354,0.6,0.5,7,0.43151073137637663,0.53810795770729
354,0.6,0.3,7,0.45558907176896035,0.53810795770729
354,0.6,1,5,0.42095525811783424,0.53810795770729
354,0.6,0.7,5,0.44182616829461646,0.53810795770729
354,0.6,0.5,5,0.40835619990611466,0.53810795770729
354,0.6,0.3,5,0.42765835350486536,0.53810795770729
354,0.6,1,3,0.44755964379756913,0.53810795770729
354,0.6,0.7,3,0.49545156175853117,0.53810795770729
354,0.6,0.5,3,0.4316895613991657,0.53810795770729
354,0.6,0.3,3,0.33525735918881183,0.53810795770729
355,0.6,1,100,0.4697576488353532,0.525353366722315
355,0.6,0.7,100,0.48432943795214256,0.525353366722315
355,0.6,0.5,100,0.4813132999443518,0.525353366722315
355,0.6,0.3,100,0.4748358375069561,0.525353366722315
355,0.6,1,7,0.45880770610352356,0.525353366722315
355,0.6,0.7,7,0.446389858981823,0.525353366722315
355,0.6,0.5,7,0.4786457465139804,0.525353366722315
355,0.6,0.3,7,0.4739537612223683,0.525353366722315
355,0.6,1,5,0.4554615956011739,0.525353366722315
355,0.6,0.7,5,0.47329637850360085,0.525353366722315
355,0.6,0.5,5,0.48825053886861813,0.525353366722315
355,0.6,0.3,5,0.45349261539173663,0.525353366722315
355,0.6,1,3,0.4534650910102126,0.525353366722315
355,0.6,0.7,3,0.4777615833098734,0.525353366722315
355,0.6,0.5,3,0.42533134104776243,0.525353366722315
355,0.6,0.3,3,0.37900436047919994,0.525353366722315
356,0.6,1,100,0.4188298728448702,0.49444629938786877
356,0.6,0.7,100,0.46181413466889265,0.49444629938786877
356,0.6,0.5,100,0.45538119087367845,0.49444629938786877
356,0.6,0.3,100,0.4408124652198109,0.49444629938786877
356,0.6,1,7,0.4445409155232816,0.49444629938786877
356,0.6,0.7,7,0.47505667117369904,0.49444629938786877
356,0.6,0.5,7,0.45135788860526516,0.49444629938786877
356,0.6,0.3,7,0.44906029081197296,0.49444629938786877
356,0.6,1,5,0.4563749730817001,0.49444629938786877
356,0.6,0.7,5,0.46067749802760755,0.49444629938786877
356,0.6,0.5,5,0.4411119920823935,0.49444629938786877
356,0.6,0.3,5,0.4625069766091351,0.49444629938786877
356,0.6,1,3,0.46786961840495733,0.49444629938786877
356,0.6,0.7,3,0.46581023189927373,0.49444629938786877
356,0.6,0.5,3,0.44472312425717536,0.49444629938786877
356,0.6,0.3,3,0.3569861485096378,0.49444629938786877
357,0.6,1,100,0.39960369410334795,0.5228269337785199
357,0.6,0.7,100,0.4456254382628617,0.5228269337785199
357,0.6,0.5,100,0.4281135225375627,0.5228269337785199
357,0.6,0.3,100,0.44362826933778526,0.5228269337785199
357,0.6,1,7,0.4681710939371043,0.5228269337785199
357,0.6,0.7,7,0.4457972494227984,0.5228269337785199
357,0.6,0.5,7,0.4203210561268412,0.5228269337785199
357,0.6,0.3,7,0.4563471197711804,0.5228269337785199
357,0.6,1,5,0.41176301999210424,0.5228269337785199
357,0.6,0.7,5,0.4535040797467081,0.5228269337785199
357,0.6,0.5,5,0.45004730028903817,0.5228269337785199
357,0.6,0.3,5,0.4422270990009492,0.5228269337785199
357,0.6,1,3,0.4533024436663655,0.5228269337785199
357,0.6,0.7,3,0.46466823105489957,0.5228269337785199
357,0.6,0.5,3,0.3960216318687336,0.5228269337785199
357,0.6,0.3,3,0.3571544301245957,0.5228269337785199
358,0.6,1,100,0.41516450663561194,0.48168057874234843
358,0.6,0.7,100,0.4494490818030051,0.48168057874234843
358,0.6,0.5,100,0.44302726766833617,0.48168057874234843
358,0.6,0.3,100,0.40726766833611583,0.48168057874234843
358,0.6,1,7,0.44129210178378114,0.48168057874234843
358,0.6,0.7,7,0.4197436939695645,0.48168057874234843
358,0.6,0.5,7,0.45235491374208825,0.48168057874234843
358,0.6,0.3,7,0.4533389266870029,0.48168057874234843
358,0.6,1,5,0.4215916646778966,0.48168057874234843
358,0.6,0.7,5,0.43521791407542343,0.48168057874234843
358,0.6,0.5,5,0.4846940250832955,0.48168057874234843
358,0.6,0.3,5,0.4262993007848193,0.48168057874234843
358,0.6,1,3,0.42947630530037645,0.48168057874234843
358,0.6,0.7,3,0.4540955443692725,0.48168057874234843
358,0.6,0.5,3,0.4059772237174024,0.48168057874234843
358,0.6,0.3,3,0.33871772117551296,0.48168057874234843
359,0.6,1,100,0.4105276954564523,0.4409237618252644
359,0.6,0.7,100,0.4206077368066833,0.4409237618252644
359,0.6,0.5,100,0.4310628825820813,0.4409237618252644
359,0.6,0.3,100,0.4621591541457986,0.4409237618252644
359,0.6,1,7,0.42455581162235934,0.4409237618252644
359,0.6,0.7,7,0.4081111173390962,0.4409237618252644
359,0.6,0.5,7,0.4397891376266215,0.4409237618252644
359,0.6,0.3,7,0.4330055288196468,0.4409237618252644
359,0.6,1,5,0.4041863008306659,0.4409237618252644
359,0.6,0.7,5,0.4148627481963937,0.4409237618252644
359,0.6,0.5,5,0.4477273697266628,0.4409237618252644
359,0.6,0.3,5,0.44445584201299515,0.4409237618252644
359,0.6,1,3,0.4287189618582264,0.4409237618252644
359,0.6,0.7,3,0.41171955295213586,0.4409237618252644
359,0.6,0.5,3,0.4084087651885089,0.4409237618252644
359,0.6,0.3,3,0.34561733556979624,0.4409237618252644
360,0.6,1,100,0.4458835637353684,0.5055384127410019
360,0.6,0.7,100,0.4379811852581931,0.5055384127410019
360,0.6,0.5,100,0.44478575403450205,0.5055384127410019
360,0.6,0.3,100,0.44928213689482477,0.5055384127410019
360,0.6,1,7,0.44238867809690297,0.5055384127410019
360,0.6,0.7,7,0.44151491610502913,0.5055384127410019
360,0.6,0.5,7,0.49484931148936295,0.5055384127410019
360,0.6,0.3,7,0.4385920085870493,0.5055384127410019
360,0.6,1,5,0.4598416492670445,0.5055384127410019
360,0.6,0.7,5,0.4185175660877308,0.5055384127410019
360,0.6,0.5,5,0.4593717876714197,0.5055384127410019
360,0.6,0.3,5,0.4156488469327465,0.5055384127410019
360,0.6,1,3,0.44411916776100663,0.5055384127410019
360,0.6,0.7,3,0.44460006287989795,0.5055384127410019
360,0.6,0.5,3,0.46396676005304743,0.5055384127410019
360,0.6,0.3,3,0.35632600066824033,0.5055384127410019
361,0.6,1,100,0.40138025387404713,0.44064552031163057
361,0.6,0.7,100,0.349794101279911,0.44064552031163057
361,0.6,0.5,100,0.3815692821368949,0.44064552031163057
361,0.6,0.3,100,0.4006566499721759,0.44064552031163057
361,0.6,1,7,0.3730862347164075,0.44064552031163057
361,0.6,0.7,7,0.43396490760882944,0.44064552031163057
361,0.6,0.5,7,0.3900228827147381,0.44064552031163057
361,0.6,0.3,7,0.4161808167951539,0.44064552031163057
361,0.6,1,5,0.38282088877320614,0.44064552031163057
361,0.6,0.7,5,0.400192415132544,0.44064552031163057
361,0.6,0.5,5,0.40839244397463736,0.44064552031163057
361,0.6,0.3,5,0.3429906587128218,0.44064552031163057
361,0.6,1,3,0.39966114750315107,0.44064552031163057
361,0.6,0.7,3,0.3607276607400355,0.44064552031163057
361,0.6,0.5,3,0.3573311030386429,0.44064552031163057
361,0.6,0.3,3,0.2972415097147842,0.44064552031163057
362,0.6,1,100,0.48636615753606793,0.48208124652198114
362,0.6,0.7,100,0.49699080965915715,0.48208124652198114
362,0.6,0.5,100,0.49346688925987764,0.48208124652198114
362,0.6,0.3,100,0.4766833611574848,0.48208124652198114
362,0.6,1,7,0.48092454204075313,0.48208124652198114
362,0.6,0.7,7,0.504102176154844,0.48208124652198114
362,0.6,0.5,7,0.5207408709065098,0.48208124652198114
362,0.6,0.3,7,0.5233104527899816,0.48208124652198114
362,0.6,1,5,0.5001786014191268,0.48208124652198114
362,0.6,0.7,5,0.5003382630895539,0.48208124652198114
362,0.6,0.5,5,0.4955182375422251,0.48208124652198114
362,0.6,0.3,5,0.4919909768626719,0.48208124652198114
362,0.6,1,3,0.5086556978743298,0.48208124652198114
362,0.6,0.7,3,0.49808695887135884,0.48208124652198114
362,0.6,0.5,3,0.5412736364773624,0.48208124652198114
362,0.6,0.3,3,0.4218039172918309,0.48208124652198114
363,0.6,1,100,0.43608353528333166,0.4851752921535894
363,0.6,0.7,100,0.48561896734274484,0.4851752921535894
363,0.6,0.5,100,0.45516972732331673,0.4851752921535894
363,0.6,0.3,100,0.4688258208124653,0.4851752921535894
363,0.6,1,7,0.4705512400879363,0.4851752921535894
363,0.6,0.7,7,0.4717089386873023,0.4851752921535894
363,0.6,0.5,7,0.4401691976060163,0.4851752921535894
363,0.6,0.3,7,0.4904451223056651,0.4851752921535894
363,0.6,1,5,0.46684334270002376,0.4851752921535894
363,0.6,0.7,5,0.44718071640270346,0.4851752921535894
363,0.6,0.5,5,0.4712747059385062,0.4851752921535894
363,0.6,0.3,5,0.4777781123118651,0.4851752921535894
363,0.6,1,3,0.4598805498423279,0.4851752921535894
363,0.6,0.7,3,0.47070430187291856,0.4851752921535894
363,0.6,0.5,3,0.465840235927311,0.4851752921535894
363,0.6,0.3,3,0.3587989764316663,0.4851752921535894
364,0.6,1,100,0.4577467214500138,0.5585197551474681
364,0.6,0.7,100,0.483671260489253,0.5585197551474681
364,0.6,0.5,100,0.4851975514746801,0.5585197551474681
364,0.6,0.3,100,0.4913856427378966,0.5585197551474681
364,0.6,1,7,0.4973190814644164,0.5585197551474681
364,0.6,0.7,7,0.49884812733678197,0.5585197551474681
364,0.6,0.5,7,0.5055579231638526,0.5585197551474681
364,0.6,0.3,7,0.47811472912016545,0.5585197551474681
364,0.6,1,5,0.45966380251028344,0.5585197551474681
364,0.6,0.7,5,0.4963928997564945,0.5585197551474681
364,0.6,0.5,5,0.4735012101842533,0.5585197551474681
364,0.6,0.3,5,0.48988138784404517,0.5585197551474681
364,0.6,1,3,0.45494523511538787,0.5585197551474681
364,0.6,0.7,3,0.48527304284031403,0.5585197551474681
364,0.6,0.5,3,0.46518747354115125,0.5585197551474681
364,0.6,0.3,3,0.36664629201526355,0.5585197551474681
365,0.6,1,100,0.42203317009155394,0.47713809521496914
365,0.6,0.7,100,0.43303283249860886,0.47713809521496914
365,0.6,0.5,100,0.4294713411240958,0.47713809521496914
365,0.6,0.3,100,0.4571841958820257,0.47713809521496914
365,0.6,1,7,0.35839430020864593,0.47713809521496914
365,0.6,0.7,7,0.4284116432093958,0.47713809521496914
365,0.6,0.5,7,0.4633921919648158,0.47713809521496914
365,0.6,0.3,7,0.3949308663039943,0.47713809521496914
365,0.6,1,5,0.4289028523528585,0.47713809521496914
365,0.6,0.7,5,0.41275865889196306,0.47713809521496914
365,0.6,0.5,5,0.38469082776650126,0.47713809521496914
365,0.6,0.3,5,0.4315091419851836,0.47713809521496914
365,0.6,1,3,0.42029999888942887,0.47713809521496914
365,0.6,0.7,3,0.388428886907453,0.47713809521496914
365,0.6,0.5,3,0.3256983925817297,0.47713809521496914
365,0.6,0.3,3,0.3730765835370197,0.47713809521496914
366,0.6,1,100,0.4269636740801931,0.5039468668546687
366,0.6,0.7,100,0.5021884244641405,0.5039468668546687
366,0.6,0.5,100,0.48510851419031725,0.5039468668546687
366,0.6,0.3,100,0.5024819143016139,0.5039468668546687
366,0.6,1,7,0.44987177313211746,0.5039468668546687
366,0.6,0.7,7,0.474093566786243,0.5039468668546687
366,0.6,0.5,7,0.48990929489547574,0.5039468668546687
366,0.6,0.3,7,0.47989347004976846,0.5039468668546687
366,0.6,1,5,0.46366543474780564,0.5039468668546687
366,0.6,0.7,5,0.47315239484348626,0.5039468668546687
366,0.6,0.5,5,0.5064358876031866,0.5039468668546687
366,0.6,0.3,5,0.48133016042486665,0.5039468668546687
366,0.6,1,3,0.4947393954770774,0.5039468668546687
366,0.6,0.7,3,0.4865360045076423,0.5039468668546687
366,0.6,0.5,3,0.4910927720910152,0.5039468668546687
366,0.6,0.3,3,0.37380468377045234,0.5039468668546687
367,0.6,1,100,0.3874653059182907,0.4684919309961047
367,0.6,0.7,100,0.44360783042938545,0.4684919309961047
367,0.6,0.5,100,0.4526655537006122,0.4684919309961047
367,0.6,0.3,100,0.43406789092932674,0.4684919309961047
367,0.6,1,7,0.41042647043826047,0.4684919309961047
367,0.6,0.7,7,0.41706252224382906,0.4684919309961047
367,0.6,0.5,7,0.44474153598848687,0.4684919309961047
367,0.6,0.3,7,0.472643015513789,0.4684919309961047
367,0.6,1,5,0.4275530153728951,0.4684919309961047
367,0.6,0.7,5,0.45601392218605424,0.4684919309961047
367,0.6,0.5,5,0.4375301569563573,0.4684919309961047
367,0.6,0.3,5,0.43803101726579274,0.4684919309961047
367,0.6,1,3,0.4409974113473631,0.4684919309961047
367,0.6,0.7,3,0.44211722017432853,0.4684919309961047
367,0.6,0.5,3,0.443854362027266,0.4684919309961047
367,0.6,0.3,3,0.32912234200173784,0.4684919309961047
368,0.6,1,100,0.4413716753409426,0.484479515661789
368,0.6,0.7,100,0.428516574945839,0.484479515661789
368,0.6,0.5,100,0.4282025598219255,0.484479515661789
368,0.6,0.3,100,0.41097384529771847,0.484479515661789
368,0.6,1,7,0.40632671048920466,0.484479515661789
368,0.6,0.7,7,0.4639909817536895,0.484479515661789
368,0.6,0.5,7,0.45321176517725137,0.484479515661789
368,0.6,0.3,7,0.442987933471667,0.484479515661789
368,0.6,1,5,0.48100399948960554,0.484479515661789
368,0.6,0.7,5,0.4241724633282159,0.484479515661789
368,0.6,0.5,5,0.4662468729369578,0.484479515661789
368,0.6,0.3,5,0.48290581082683914,0.484479515661789
368,0.6,1,3,0.4559492521915938,0.484479515661789
368,0.6,0.7,3,0.44385558636403655,0.484479515661789
368,0.6,0.5,3,0.44460675317281223,0.484479515661789
368,0.6,0.3,3,0.33790013927429674,0.484479515661789
369,0.6,1,100,0.4911500697008679,0.5138189032265389
369,0.6,0.7,100,0.47156046017356384,0.5138189032265389
369,0.6,0.5,100,0.5274680022259322,0.5138189032265389
369,0.6,0.3,100,0.5024819143016139,0.5138189032265389
369,0.6,1,7,0.4990193823669242,0.5138189032265389
369,0.6,0.7,7,0.5176436439903332,0.5138189032265389
369,0.6,0.5,7,0.4856924464579555,0.5138189032265389
369,0.6,0.3,7,0.5554356170188928,0.5138189032265389
369,0.6,1,5,0.4713256700580065,0.5138189032265389
369,0.6,0.7,5,0.5133497515913736,0.5138189032265389
369,0.6,0.5,5,0.525069806666135,0.5138189032265389
369,0.6,0.3,5,0.5199576602987572,0.5138189032265389
369,0.6,1,3,0.4739831668062233,0.5138189032265389
369,0.6,0.7,3,0.4700607809835702,0.5138189032265389
369,0.6,0.5,3,0.5238971878617668,0.5138189032265389
369,0.6,0.3,3,0.4099119660034881,0.5138189032265389
370,0.6,1,100,0.42694630716909926,0.500656649972176
370,0.6,0.7,100,0.44547146764631995,0.500656649972176
370,0.6,0.5,100,0.4681023928770173,0.500656649972176
370,0.6,0.3,100,0.4779298831385643,0.500656649972176
370,0.6,1,7,0.42689454664922316,0.500656649972176
370,0.6,0.7,7,0.45552647060426954,0.500656649972176
370,0.6,0.5,7,0.44506641020178367,0.500656649972176
370,0.6,0.3,7,0.5042211691413473,0.500656649972176
370,0.6,1,5,0.46094085267368223,0.500656649972176
370,0.6,0.7,5,0.4631447479416904,0.500656649972176
370,0.6,0.5,5,0.48537699220911523,0.500656649972176
370,0.6,0.3,5,0.4703849257718085,0.500656649972176
370,0.6,1,3,0.45819891631275395,0.500656649972176
370,0.6,0.7,3,0.4542497878242874,0.500656649972176
370,0.6,0.5,3,0.4615068396641317,0.500656649972176
370,0.6,0.3,3,0.36224740526033583,0.500656649972176
371,0.6,1,100,0.36993460772733716,0.48379521424596555
371,0.6,0.7,100,0.4254869226488593,0.48379521424596555
371,0.6,0.5,100,0.4183194212576517,0.48379521424596555
371,0.6,0.3,100,0.41160823594880364,0.48379521424596555
371,0.6,1,7,0.4177174417523678,0.48379521424596555
371,0.6,0.7,7,0.4174280374338144,0.48379521424596555
371,0.6,0.5,7,0.4542080033535914,0.48379521424596555
371,0.6,0.3,7,0.4279378659907107,0.48379521424596555
371,0.6,1,5,0.38723425168966447,0.48379521424596555
371,0.6,0.7,5,0.4615599308044579,0.48379521424596555
371,0.6,0.5,5,0.4563339233811845,0.48379521424596555
371,0.6,0.3,5,0.4007914349171341,0.48379521424596555
371,0.6,1,3,0.4241857710503503,0.48379521424596555
371,0.6,0.7,3,0.42009483092196065,0.48379521424596555
371,0.6,0.5,3,0.332516709427158,0.48379521424596555
371,0.6,0.3,3,0.30590374702542233,0.48379521424596555
372,0.6,1,100,0.433170446236596,0.49551474680022267
372,0.6,0.7,100,0.42363737038791194,0.49551474680022267
372,0.6,0.5,100,0.4185308848080134,0.49551474680022267
372,0.6,0.3,100,0.426455203116305,0.49551474680022267
372,0.6,1,7,0.38563756282038886,0.49551474680022267
372,0.6,0.7,7,0.470175847386612,0.49551474680022267
372,0.6,0.5,7,0.4410639880646921,0.49551474680022267
372,0.6,0.3,7,0.4051902648697773,0.49551474680022267
372,0.6,1,5,0.40269098011067667,0.49551474680022267
372,0.6,0.7,5,0.44076810594110677,0.49551474680022267
372,0.6,0.5,5,0.4351698569517169,0.49551474680022267
372,0.6,0.3,5,0.4519265305797664,0.49551474680022267
372,0.6,1,3,0.43950372738375143,0.49551474680022267
372,0.6,0.7,3,0.4539500168786384,0.49551474680022267
372,0.6,0.5,3,0.42205513181566306,0.49551474680022267
372,0.6,0.3,3,0.38167967344507137,0.49551474680022267
373,0.6,1,100,0.45542649507408706,0.4824040066777964
373,0.6,0.7,100,0.45158597662771294,0.4824040066777964
373,0.6,0.5,100,0.4735781858653312,0.4824040066777964
373,0.6,0.3,100,0.46508625486922656,0.4824040066777964
373,0.6,1,7,0.43158972476270596,0.4824040066777964
373,0.6,0.7,7,0.4687704169240283,0.4824040066777964
373,0.6,0.5,7,0.4875353002183569,0.4824040066777964
373,0.6,0.3,7,0.4999348397934304,0.4824040066777964
373,0.6,1,5,0.45045567093002187,0.4824040066777964
373,0.6,0.7,5,0.48744475311590474,0.4824040066777964
373,0.6,0.5,5,0.47286008851533556,0.4824040066777964
373,0.6,0.3,5,0.4766069955510482,0.4824040066777964
373,0.6,1,3,0.47836620662088675,0.4824040066777964
373,0.6,0.7,3,0.4909412537405776,0.4824040066777964
373,0.6,0.5,3,0.42495026543142994,0.4824040066777964
373,0.6,0.3,3,0.3177022435366339,0.4824040066777964
374,0.6,1,100,0.47517060283338053,0.5095743437716285
374,0.6,0.7,100,0.4836463095352877,0.5095743437716285
374,0.6,0.5,100,0.46799109627156377,0.5095743437716285
374,0.6,0.3,100,0.49585976627712863,0.5095743437716285
374,0.6,1,7,0.47793702746108135,0.5095743437716285
374,0.6,0.7,7,0.49450736371489484,0.5095743437716285
374,0.6,0.5,7,0.48438084703368434,0.5095743437716285
374,0.6,0.3,7,0.491185367862645,0.5095743437716285
374,0.6,1,5,0.5263628580094828,0.5095743437716285
374,0.6,0.7,5,0.5132455015406646,0.5095743437716285
374,0.6,0.5,5,0.49707421016602643,0.5095743437716285
374,0.6,0.3,5,0.47317826757555537,0.5095743437716285
374,0.6,1,3,0.47854332567882024,0.5095743437716285
374,0.6,0.7,3,0.4894036084273804,0.5095743437716285
374,0.6,0.5,3,0.49134370810434747,0.5095743437716285
374,0.6,0.3,3,0.39143009855645955,0.5095743437716285
375,0.6,1,100,0.46433946033252166,0.5059988870339456
375,0.6,0.7,100,0.4404023544050566,0.5059988870339456
375,0.6,0.5,100,0.476627712854758,0.5059988870339456
375,0.6,0.3,100,0.45421257651641633,0.5059988870339456
375,0.6,1,7,0.4770034768196964,0.5059988870339456
375,0.6,0.7,7,0.4960853193381831,0.5059988870339456
375,0.6,0.5,7,0.5135549557249138,0.5059988870339456
375,0.6,0.3,7,0.4725710591633313,0.5059988870339456
375,0.6,1,5,0.4747416246831702,0.5059988870339456
375,0.6,0.7,5,0.5236729764130305,0.5059988870339456
375,0.6,0.5,5,0.4848551981902577,0.5059988870339456
375,0.6,0.3,5,0.49367983881915645,0.5059988870339456
375,0.6,1,3,0.5009160485993263,0.5059988870339456
375,0.6,0.7,3,0.47524122245585904,0.5059988870339456
375,0.6,0.5,3,0.4712473229532729,0.5059988870339456
375,0.6,0.3,3,0.4039543718897167,0.5059988870339456
376,0.6,1,100,0.4677956798440055,0.4723984418475237
376,0.6,0.7,100,0.4203294945188628,0.4723984418475237
376,0.6,0.5,100,0.49488035614913756,0.4723984418475237
376,0.6,0.3,100,0.500122426265999,0.4723984418475237
376,0.6,1,7,0.47436555391897117,0.4723984418475237
376,0.6,0.7,7,0.48311720253761065,0.4723984418475237
376,0.6,0.5,7,0.46902527664831994,0.4723984418475237
376,0.6,0.3,7,0.45449157146373176,0.4723984418475237
376,0.6,1,5,0.45988757770294314,0.4723984418475237
376,0.6,0.7,5,0.49252325917217676,0.4723984418475237
376,0.6,0.5,5,0.47508270062527497,0.4723984418475237
376,0.6,0.3,5,0.4729761813908302,0.4723984418475237
376,0.6,1,3,0.45745035656905264,0.4723984418475237
376,0.6,0.7,3,0.46060213314095444,0.4723984418475237
376,0.6,0.5,3,0.4866320835397224,0.4723984418475237
376,0.6,0.3,3,0.3417484039170243,0.4723984418475237
377,0.6,1,100,0.42959310669923256,0.4533110740122427
377,0.6,0.7,100,0.4355703951029494,0.4533110740122427
377,0.6,0.5,100,0.4206343906510852,0.4533110740122427
377,0.6,0.3,100,0.4323539232053423,0.4533110740122427
377,0.6,1,7,0.4266458741214699,0.4533110740122427
377,0.6,0.7,7,0.37554234743043363,0.4533110740122427
377,0.6,0.5,7,0.4474426522045187,0.4533110740122427
377,0.6,0.3,7,0.42413931091910334,0.4533110740122427
377,0.6,1,5,0.41832947982952234,0.4533110740122427
377,0.6,0.7,5,0.47593128711096394,0.4533110740122427
377,0.6,0.5,5,0.4262314673222394,0.4533110740122427
377,0.6,0.3,5,0.46653185123581653,0.4533110740122427
377,0.6,1,3,0.44192497928408586,0.4533110740122427
377,0.6,0.7,3,0.434353513762179,0.4533110740122427
377,0.6,0.5,3,0.4072479132816413,0.4533110740122427
377,0.6,0.3,3,0.29923657633666073,0.4533110740122427
378,0.6,1,100,0.40937796090952516,0.4752476349471342
378,0.6,0.7,100,0.41338686746182085,0.4752476349471342
378,0.6,0.5,100,0.44737896494156937,0.4752476349471342
378,0.6,0.3,100,0.4174401780745688,0.4752476349471342
378,0.6,1,7,0.42495102520597045,0.4752476349471342
378,0.6,0.7,7,0.39579753108730464,0.4752476349471342
378,0.6,0.5,7,0.43069512454859393,0.4752476349471342
378,0.6,0.3,7,0.42380128126200844,0.4752476349471342
378,0.6,1,5,0.40372008967407325,0.4752476349471342
378,0.6,0.7,5,0.4311044153759532,0.4752476349471342
378,0.6,0.5,5,0.4303431069811131,0.4752476349471342
378,0.6,0.3,5,0.40033694889126037,0.4752476349471342
378,0.6,1,3,0.39970246653995106,0.4752476349471342
378,0.6,0.7,3,0.3542397499154558,0.4752476349471342
378,0.6,0.5,3,0.4308141176681057,0.4752476349471342
378,0.6,0.3,3,0.325157648979801,0.4752476349471342
379,0.6,1,100,0.504665307069385,0.4951697273233167
379,0.6,0.7,100,0.4944226023205277,0.4951697273233167
379,0.6,0.5,100,0.4918753478018921,0.4951697273233167
379,0.6,0.3,100,0.5078018920422928,0.4951697273233167
379,0.6,1,7,0.4987989244493994,0.4951697273233167
379,0.6,0.7,7,0.4618603531103435,0.4951697273233167
379,0.6,0.5,7,0.5146073556856641,0.4951697273233167
379,0.6,0.3,7,0.5222654438832532,0.4951697273233167
379,0.6,1,5,0.4965047173047913,0.4951697273233167
379,0.6,0.7,5,0.501026678223756,0.4951697273233167
379,0.6,0.5,5,0.526596721797704,0.4951697273233167
379,0.6,0.3,5,0.4854265535305933,0.4951697273233167
379,0.6,1,3,0.5179745117010981,0.4951697273233167
379,0.6,0.7,3,0.5393948662146963,0.4951697273233167
379,0.6,0.5,3,0.4551901985936918,0.4951697273233167
379,0.6,0.3,3,0.39529232751227905,0.4951697273233167
380,0.6,1,100,0.41800017490893515,0.5398664440734559
380,0.6,0.7,100,0.4607139877684317,0.5398664440734559
380,0.6,0.5,100,0.46416249304396223,0.5398664440734559
380,0.6,0.3,100,0.4170506399554814,0.5398664440734559
380,0.6,1,7,0.4502795125888909,0.5398664440734559
380,0.6,0.7,7,0.45455018365127364,0.5398664440734559
380,0.6,0.5,7,0.4589146447152572,0.5398664440734559
380,0.6,0.3,7,0.4497551514934071,0.5398664440734559
380,0.6,1,5,0.44545855266232876,0.5398664440734559
380,0.6,0.7,5,0.4907659259151254,0.5398664440734559
380,0.6,0.5,5,0.4897835334098656,0.5398664440734559
380,0.6,0.3,5,0.4691733412342225,0.5398664440734559
380,0.6,1,3,0.4567718694353844,0.5398664440734559
380,0.6,0.7,3,0.4305753059155831,0.5398664440734559
380,0.6,0.5,3,0.44248803525351926,0.5398664440734559
380,0.6,0.3,3,0.3285455905476908,0.5398664440734559
381,0.6,1,100,0.44315558136026906,0.4406121313299945
381,0.6,0.7,100,0.46721462001068453,0.4406121313299945
381,0.6,0.5,100,0.4761046188091264,0.4406121313299945
381,0.6,0.3,100,0.44052309404563167,0.4406121313299945
381,0.6,1,7,0.47889217700398773,0.4406121313299945
381,0.6,0.7,7,0.4724224878915431,0.4406121313299945
381,0.6,0.5,7,0.476944522129523,0.4406121313299945
381,0.6,0.3,7,0.46821659810741706,0.4406121313299945
381,0.6,1,5,0.4682150946823971,0.4406121313299945
381,0.6,0.7,5,0.5045038291770574,0.4406121313299945
381,0.6,0.5,5,0.46492278184360686,0.4406121313299945
381,0.6,0.3,5,0.503684487202698,0.4406121313299945
381,0.6,1,3,0.48644396161670295,0.4406121313299945
381,0.6,0.7,3,0.4744919726860268,0.4406121313299945
381,0.6,0.5,3,0.4422510873136706,0.4406121313299945
381,0.6,0.3,3,0.3540230834212788,0.4406121313299945
382,0.6,1,100,0.44029871248680935,0.5231608235948805
382,0.6,0.7,100,0.4538586756321871,0.5231608235948805
382,0.6,0.5,100,0.4410573177518086,0.5231608235948805
382,0.6,0.3,100,0.46493043962159164,0.5231608235948805
382,0.6,1,7,0.4177499410262041,0.5231608235948805
382,0.6,0.7,7,0.47987217834413187,0.5231608235948805
382,0.6,0.5,7,0.4577338659530195,0.5231608235948805
382,0.6,0.3,7,0.4506307294709862,0.5231608235948805
382,0.6,1,5,0.44592828838010284,0.5231608235948805
382,0.6,0.7,5,0.4407726534486394,0.5231608235948805
382,0.6,0.5,5,0.4720164900405881,0.5231608235948805
382,0.6,0.3,5,0.46377510072442346,0.5231608235948805
382,0.6,1,3,0.4443704966759723,0.5231608235948805
382,0.6,0.7,3,0.45163876552267196,0.5231608235948805
382,0.6,0.5,3,0.4235390626521129,0.5231608235948805
382,0.6,0.3,3,0.33031556474907814,0.5231608235948805
383,0.6,1,100,0.40292954787554425,0.4932554257095159
383,0.6,0.7,100,0.39324429604897054,0.4932554257095159
383,0.6,0.5,100,0.4121090706733445,0.4932554257095159
383,0.6,0.3,100,0.40270450751252096,0.4932554257095159
383,0.6,1,7,0.40032730286059826,0.4932554257095159
383,0.6,0.7,7,0.44947899967703436,0.4932554257095159
383,0.6,0.5,7,0.433946515064624,0.4932554257095159
383,0.6,0.3,7,0.44402335242745855,0.4932554257095159
383,0.6,1,5,0.3996803813985943,0.4932554257095159
383,0.6,0.7,5,0.43331267521717826,0.4932554257095159
383,0.6,0.5,5,0.46700715480902677,0.4932554257095159
383,0.6,0.3,5,0.4312035587335274,0.4932554257095159
383,0.6,1,3,0.4377240901086679,0.4932554257095159
383,0.6,0.7,3,0.4246647523611303,0.4932554257095159
383,0.6,0.5,3,0.3690949578279196,0.4932554257095159
383,0.6,0.3,3,0.2866636258247695,0.4932554257095159
384,0.6,1,100,0.48167897299557094,0.5177072899276572
384,0.6,0.7,100,0.5136284210492971,0.5177072899276572
384,0.6,0.5,100,0.4865331107401225,0.5177072899276572
384,0.6,0.3,100,0.5209126321647191,0.5177072899276572
384,0.6,1,7,0.5113430673050202,0.5177072899276572
384,0.6,0.7,7,0.4792387143259706,0.5177072899276572
384,0.6,0.5,7,0.5408656634627382,0.5177072899276572
384,0.6,0.3,7,0.5142095148082689,0.5177072899276572
384,0.6,1,5,0.503612209531054,0.5177072899276572
384,0.6,0.7,5,0.4962294675591778,0.5177072899276572
384,0.6,0.5,5,0.5151775673534597,0.5177072899276572
384,0.6,0.3,5,0.5271853050602227,0.5177072899276572
384,0.6,1,3,0.4973400347274106,0.5177072899276572
384,0.6,0.7,3,0.5314965556545364,0.5177072899276572
384,0.6,0.5,3,0.4597709122868346,0.5177072899276572
384,0.6,0.3,3,0.3657397770464752,0.5177072899276572
385,0.6,1,100,0.4223321837905776,0.4797217584863662
385,0.6,0.7,100,0.4328818351056655,0.4797217584863662
385,0.6,0.5,100,0.43272120200333897,0.4797217584863662
385,0.6,0.3,100,0.46143572621035067,0.4797217584863662
385,0.6,1,7,0.4446492480735988,0.4797217584863662
385,0.6,0.7,7,0.451099774364924,0.4797217584863662
385,0.6,0.5,7,0.4623174794263788,0.4797217584863662
385,0.6,0.3,7,0.4877765754513788,0.4797217584863662
385,0.6,1,5,0.4338362627030549,0.4797217584863662
385,0.6,0.7,5,0.43718659421869727,0.4797217584863662
385,0.6,0.5,5,0.4862511427970232,0.4797217584863662
385,0.6,0.3,5,0.46286335476291707,0.4797217584863662
385,0.6,1,3,0.4471895444840143,0.4797217584863662
385,0.6,0.7,3,0.4358074129339186,0.4797217584863662
385,0.6,0.5,3,0.46381893767324756,0.4797217584863662
385,0.6,0.3,3,0.4114240466292358,0.4797217584863662
386,0.6,1,100,0.44794266215677114,0.512828360681898
386,0.6,0.7,100,0.4478273089084334,0.512828360681898
386,0.6,0.5,100,0.44254869226488597,0.512828360681898
386,0.6,0.3,100,0.4572621035058431,0.512828360681898
386,0.6,1,7,0.4801345224768217,0.512828360681898
386,0.6,0.7,7,0.4643063418023502,0.512828360681898
386,0.6,0.5,7,0.45476196734724317,0.512828360681898
386,0.6,0.3,7,0.47783612975474066,0.512828360681898
386,0.6,1,5,0.4557662451170173,0.512828360681898
386,0.6,0.7,5,0.4798636542250352,0.512828360681898
386,0.6,0.5,5,0.45181782876975646,0.512828360681898
386,0.6,0.3,5,0.4710427419038396,0.512828360681898
386,0.6,1,3,0.459349092059232,0.512828360681898
386,0.6,0.7,3,0.48684696125235866,0.512828360681898
386,0.6,0.5,3,0.47464267691939105,0.512828360681898
386,0.6,0.3,3,0.3750857441200239,0.512828360681898
387,0.6,1,100,0.4079703970768992,0.4221480244852533
387,0.6,0.7,100,0.4264396951594002,0.4221480244852533
387,0.6,0.5,100,0.40097941012799115,0.4221480244852533
387,0.6,0.3,100,0.4228269337785198,0.4221480244852533
387,0.6,1,7,0.42304626399806644,0.4221480244852533
387,0.6,0.7,7,0.4560616195392239,0.4221480244852533
387,0.6,0.5,7,0.4556863480460184,0.4221480244852533
387,0.6,0.3,7,0.4596992454236691,0.4221480244852533
387,0.6,1,5,0.4434966592760084,0.4221480244852533
387,0.6,0.7,5,0.44371895965804986,0.4221480244852533
387,0.6,0.5,5,0.4778047720579888,0.4221480244852533
387,0.6,0.3,5,0.4068838133634833,0.4221480244852533
387,0.6,1,3,0.4713023100541956,0.4221480244852533
387,0.6,0.7,3,0.40713715096160935,0.4221480244852533
387,0.6,0.5,3,0.43211033196665743,0.4221480244852533
387,0.6,0.3,3,0.302081000685785,0.4221480244852533
388,0.6,1,100,0.3885091132470825,0.5075792988313858
388,0.6,0.7,100,0.42379082857934935,0.5075792988313858
388,0.6,0.5,100,0.4007568169170841,0.5075792988313858
388,0.6,0.3,100,0.4215136338341681,0.5075792988313858
388,0.6,1,7,0.4571907938694334,0.5075792988313858
388,0.6,0.7,7,0.3956749314891874,0.5075792988313858
388,0.6,0.5,7,0.41601483520925175,0.5075792988313858
388,0.6,0.3,7,0.4140865633787995,0.5075792988313858
388,0.6,1,5,0.42728132087424303,0.5075792988313858
388,0.6,0.7,5,0.4372083764892184,0.5075792988313858
388,0.6,0.5,5,0.45140753448439747,0.5075792988313858
388,0.6,0.3,5,0.40705664712069844,0.5075792988313858
388,0.6,1,3,0.3990423788829363,0.5075792988313858
388,0.6,0.7,3,0.43913580748317504,0.5075792988313858
388,0.6,0.5,3,0.3447703799348325,0.5075792988313858
388,0.6,0.3,3,0.2617324642897166,0.5075792988313858
389,0.6,1,100,0.49516895281208506,0.5353144129104063
389,0.6,0.7,100,0.49417355788879147,0.5353144129104063
389,0.6,0.5,100,0.5071675013912077,0.5353144129104063
389,0.6,0.3,100,0.4967946577629383,0.5353144129104063
389,0.6,1,7,0.4754259021038051,0.5353144129104063
389,0.6,0.7,7,0.5041684270001208,0.5353144129104063
389,0.6,0.5,7,0.5198966671394758,0.5353144129104063
389,0.6,0.3,7,0.5207190687441254,0.5353144129104063
389,0.6,1,5,0.5229639378020678,0.5353144129104063
389,0.6,0.7,5,0.5247798083313574,0.5353144129104063
389,0.6,0.5,5,0.5262432761372206,0.5353144129104063
389,0.6,0.3,5,0.4839879470127102,0.5353144129104063
389,0.6,1,3,0.5190490933997438,0.5353144129104063
389,0.6,0.7,3,0.5148594930956903,0.5353144129104063
389,0.6,0.5,3,0.5268209335801373,0.5353144129104063
389,0.6,0.3,3,0.4423861547823054,0.5353144129104063
390,0.6,1,100,0.41688534139534295,0.48308291597106295
390,0.6,0.7,100,0.45437092026813874,0.48308291597106295
390,0.6,0.5,100,0.4709181969949917,0.48308291597106295
390,0.6,0.3,100,0.4670895937673902,0.48308291597106295
390,0.6,1,7,0.4537654262854396,0.48308291597106295
390,0.6,0.7,7,0.4566468578614939,0.48308291597106295
390,0.6,0.5,7,0.4362114794222222,0.48308291597106295
390,0.6,0.3,7,0.47670413539536516,0.48308291597106295
390,0.6,1,5,0.4307805862784679,0.48308291597106295
390,0.6,0.7,5,0.4698403540255795,0.48308291597106295
390,0.6,0.5,5,0.4838807472254135,0.48308291597106295
390,0.6,0.3,5,0.47605405959750907,0.48308291597106295
390,0.6,1,3,0.434229439049548,0.48308291597106295
390,0.6,0.7,3,0.48224787907908767,0.48308291597106295
390,0.6,0.5,3,0.5081789700834767,0.48308291597106295
390,0.6,0.3,3,0.3675714982105146,0.48308291597106295
391,0.6,1,100,0.3948863122733363,0.5244629938786868
391,0.6,0.7,100,0.4418233875228009,0.5244629938786868
391,0.6,0.5,100,0.42074568725653877,0.5244629938786868
391,0.6,0.3,100,0.4419699499165276,0.5244629938786868
391,0.6,1,7,0.44966465923033627,0.5244629938786868
391,0.6,0.7,7,0.4410401516890957,0.5244629938786868
391,0.6,0.5,7,0.4881536262092136,0.5244629938786868
391,0.6,0.3,7,0.41572181406571956,0.5244629938786868
391,0.6,1,5,0.43289004196379266,0.5244629938786868
391,0.6,0.7,5,0.42879588348689995,0.5244629938786868
391,0.6,0.5,5,0.45057614434793997,0.5244629938786868
391,0.6,0.3,5,0.4401890608732103,0.5244629938786868
391,0.6,1,3,0.4368857467127316,0.5244629938786868
391,0.6,0.7,3,0.4343939005776382,0.5244629938786868
391,0.6,0.5,3,0.4272597728375727,0.5244629938786868
391,0.6,0.3,3,0.3225330201006258,0.5244629938786868
392,0.6,1,100,0.4270094892098746,0.46313856427378974
392,0.6,0.7,100,0.4387268745895519,0.46313856427378974
392,0.6,0.5,100,0.45456872565386763,0.46313856427378974
392,0.6,0.3,100,0.45257651641624935,0.46313856427378974
392,0.6,1,7,0.45419898893235777,0.46313856427378974
392,0.6,0.7,7,0.427397178437356,0.46313856427378974
392,0.6,0.5,7,0.4678389849639544,0.46313856427378974
392,0.6,0.3,7,0.4832229475608089,0.46313856427378974
392,0.6,1,5,0.45161310721168596,0.46313856427378974
392,0.6,0.7,5,0.4469454649349336,0.46313856427378974
392,0.6,0.5,5,0.4791926240521166,0.46313856427378974
392,0.6,0.3,5,0.41917848076126024,0.46313856427378974
392,0.6,1,3,0.4746376355036586,0.46313856427378974
392,0.6,0.7,3,0.46159321860584923,0.46313856427378974
392,0.6,0.5,3,0.47571306468238245,0.46313856427378974
392,0.6,0.3,3,0.37410105941164556,0.46313856427378974
393,0.6,1,100,0.4283186054691446,0.41119643850862553
393,0.6,0.7,100,0.3961825264329439,0.41119643850862553
393,0.6,0.5,100,0.40416249304396223,0.41119643850862553
393,0.6,0.3,100,0.4380745687256539,0.41119643850862553
393,0.6,1,7,0.4373947606253032,0.41119643850862553
393,0.6,0.7,7,0.36835275233537257,0.41119643850862553
393,0.6,0.5,7,0.4147545580038761,0.41119643850862553
393,0.6,0.3,7,0.44057321526693755,0.41119643850862553
393,0.6,1,5,0.4406682356316049,0.41119643850862553
393,0.6,0.7,5,0.4191080484342741,0.41119643850862553
393,0.6,0.5,5,0.4193485465449023,0.41119643850862553
393,0.6,0.3,5,0.39943684142353014,0.41119643850862553
393,0.6,1,3,0.41812331345102516,0.41119643850862553
393,0.6,0.7,3,0.38523639470471693,0.41119643850862553
393,0.6,0.5,3,0.418631776923507,0.41119643850862553
393,0.6,0.3,3,0.28283781079076137,0.41119643850862553
394,0.6,1,100,0.4345977225212785,0.4994657762938231
394,0.6,0.7,100,0.4368977693772097,0.4994657762938231
394,0.6,0.5,100,0.46133555926544245,0.4994657762938231
394,0.6,0.3,100,0.41391207568169175,0.4994657762938231
394,0.6,1,7,0.4470830289306203,0.4994657762938231
394,0.6,0.7,7,0.46538856795001954,0.4994657762938231
394,0.6,0.5,7,0.4515726062179644,0.4994657762938231
394,0.6,0.3,7,0.4438465371820449,0.4994657762938231
394,0.6,1,5,0.4097445404790729,0.4994657762938231
394,0.6,0.7,5,0.4826778721798545,0.4994657762938231
394,0.6,0.5,5,0.4507160877865205,0.4994657762938231
394,0.6,0.3,5,0.4383283391840924,0.4994657762938231
394,0.6,1,3,0.4392101779731578,0.4994657762938231
394,0.6,0.7,3,0.43363112527252184,0.4994657762938231
394,0.6,0.5,3,0.40309481596420776,0.4994657762938231
394,0.6,0.3,3,0.38585214467939283,0.4994657762938231
395,0.6,1,100,0.43897634108996114,0.5067668336115749
395,0.6,0.7,100,0.4537031369193062,0.5067668336115749
395,0.6,0.5,100,0.45481357818586543,0.5067668336115749
395,0.6,0.3,100,0.4636282693377853,0.5067668336115749
395,0.6,1,7,0.44884806778172354,0.5067668336115749
395,0.6,0.7,7,0.45922310148525514,0.5067668336115749
395,0.6,0.5,7,0.4738222221514704,0.5067668336115749
395,0.6,0.3,7,0.4650641086475518,0.5067668336115749
395,0.6,1,5,0.47966115184735464,0.5067668336115749
395,0.6,0.7,5,0.4874387385123477,0.5067668336115749
395,0.6,0.5,5,0.48519073664022344,0.5067668336115749
395,0.6,0.3,5,0.4661291267625559,0.5067668336115749
395,0.6,1,3,0.47397045884400485,0.5067668336115749
395,0.6,0.7,3,0.4830132330163113,0.5067668336115749
395,0.6,0.5,3,0.4645265686588005,0.5067668336115749
395,0.6,0.3,3,0.34402410541304485,0.5067668336115749
396,0.6,1,100,0.436493590869654,0.47845987329031425
396,0.6,0.7,100,0.4446367407828586,0.47845987329031425
396,0.6,0.5,100,0.4257985531441292,0.47845987329031425
396,0.6,0.3,100,0.4341680578742349,0.47845987329031425
396,0.6,1,7,0.44358313068745675,0.47845987329031425
396,0.6,0.7,7,0.46472588876028365,0.47845987329031425
396,0.6,0.5,7,0.43088843867679666,0.47845987329031425
396,0.6,0.3,7,0.4795590845201852,0.47845987329031425
396,0.6,1,5,0.4168748595769067,0.47845987329031425
396,0.6,0.7,5,0.4615374187593364,0.47845987329031425
396,0.6,0.5,5,0.38662392865026024,0.47845987329031425
396,0.6,0.3,5,0.4662033105158926,0.47845987329031425
396,0.6,1,3,0.4225840390809357,0.47845987329031425
396,0.6,0.7,3,0.416392555040728,0.47845987329031425
396,0.6,0.5,3,0.4101868056729529,0.47845987329031425
396,0.6,0.3,3,0.2876317525373774,0.47845987329031425
397,0.6,1,100,0.433628256266377,0.46517102162400886
397,0.6,0.7,100,0.44725902760307223,0.46517102162400886
397,0.6,0.5,100,0.4241291040623262,0.46517102162400886
397,0.6,0.3,100,0.45792988313856436,0.46517102162400886
397,0.6,1,7,0.4022543294474974,0.46517102162400886
397,0.6,0.7,7,0.4495294142668129,0.46517102162400886
397,0.6,0.5,7,0.4294655164001685,0.46517102162400886
397,0.6,0.3,7,0.4590630279828172,0.46517102162400886
397,0.6,1,5,0.4470148897186104,0.46517102162400886
397,0.6,0.7,5,0.4558717297259031,0.46517102162400886
397,0.6,0.5,5,0.4608651301608318,0.46517102162400886
397,0.6,0.3,5,0.4464167308286953,0.46517102162400886
397,0.6,1,3,0.4427680445759158,0.46517102162400886
397,0.6,0.7,3,0.46955171129559886,0.46517102162400886
397,0.6,0.5,3,0.4635738688564577,0.46517102162400886
397,0.6,0.3,3,0.3847208282835356,0.46517102162400886
398,0.6,1,100,0.47342071326583096,0.4941791875347803
398,0.6,0.7,100,0.4797854166291862,0.4941791875347803
398,0.6,0.5,100,0.44724540901502513,0.4941791875347803
398,0.6,0.3,100,0.49594880356149146,0.4941791875347803
398,0.6,1,7,0.44962720077608875,0.4941791875347803
398,0.6,0.7,7,0.44878783199449973,0.4941791875347803
398,0.6,0.5,7,0.46689141795850936,0.4941791875347803
398,0.6,0.3,7,0.4893124122402466,0.4941791875347803
398,0.6,1,5,0.47580609776424504,0.4941791875347803
398,0.6,0.7,5,0.5038618427083179,0.4941791875347803
398,0.6,0.5,5,0.49208728698075355,0.4941791875347803
398,0.6,0.3,5,0.4789242329662068,0.4941791875347803
398,0.6,1,3,0.5078923188481396,0.4941791875347803
398,0.6,0.7,3,0.48780652714441003,0.4941791875347803
398,0.6,0.5,3,0.43525064881727166,0.4941791875347803
398,0.6,0.3,3,0.39731176704559934,0.4941791875347803
399,0.6,1,100,0.4319420339505665,0.5449081803005009
399,0.6,0.7,100,0.46055648302726776,0.5449081803005009
399,0.6,0.5,100,0.4519643850862549,0.5449081803005009
399,0.6,0.3,100,0.4540790205898721,0.5449081803005009
399,0.6,1,7,0.4300807009991276,0.5449081803005009
399,0.6,0.7,7,0.43767625521457454,0.5449081803005009
399,0.6,0.5,7,0.3981525049127229,0.5449081803005009
399,0.6,0.3,7,0.46197167371067127,0.5449081803005009
399,0.6,1,5,0.40662669977382704,0.5449081803005009
399,0.6,0.7,5,0.4352871044385192,0.5449081803005009
399,0.6,0.5,5,0.45293867448142083,0.5449081803005009
399,0.6,0.3,5,0.4157205944895281,0.5449081803005009
399,0.6,1,3,0.43375512088644086,0.5449081803005009
399,0.6,0.7,3,0.4730247110920987,0.5449081803005009
399,0.6,0.5,3,0.44816881455859064,0.5449081803005009
399,0.6,0.3,3,0.315786373538169,0.5449081803005009
400,0.6,1,100,0.42964530932354794,0.519450527132025
400,0.6,0.7,100,0.4492555627606783,0.519450527132025
400,0.6,0.5,100,0.47200890372843635,0.519450527132025
400,0.6,0.3,100,0.4547579298831386,0.519450527132025
400,0.6,1,7,0.43491183424714347,0.519450527132025
400,0.6,0.7,7,0.47267590672922427,0.519450527132025
400,0.6,0.5,7,0.47501122310331184,0.519450527132025
400,0.6,0.3,7,0.4933557355887459,0.519450527132025
400,0.6,1,5,0.45016109164862406,0.519450527132025
400,0.6,0.7,5,0.48529636578341184,0.519450527132025
400,0.6,0.5,5,0.47030730219127537,0.519450527132025
400,0.6,0.3,5,0.4800518134201366,0.519450527132025
400,0.6,1,3,0.45671095001987466,0.519450527132025
400,0.6,0.7,3,0.45581851051997585,0.519450527132025
400,0.6,0.5,3,0.4230842498190429,0.519450527132025
400,0.6,0.3,3,0.3773932256859391,0.519450527132025
401,0.6,1,100,0.4122728244580609,0.45521424596549814
401,0.6,0.7,100,0.4168906548826071,0.45521424596549814
401,0.6,0.5,100,0.4410907067334447,0.45521424596549814
401,0.6,0.3,100,0.41511407902058994,0.45521424596549814
401,0.6,1,7,0.4140885383508172,0.45521424596549814
401,0.6,0.7,7,0.44651397303856877,0.45521424596549814
401,0.6,0.5,7,0.41098019949821163,0.45521424596549814
401,0.6,0.3,7,0.42646476679772144,0.45521424596549814
401,0.6,1,5,0.4138382906539144,0.45521424596549814
401,0.6,0.7,5,0.40814384113560315,0.45521424596549814
401,0.6,0.5,5,0.43677684147902385,0.45521424596549814
401,0.6,0.3,5,0.422408683947483,0.45521424596549814
401,0.6,1,3,0.43570436266552437,0.45521424596549814
401,0.6,0.7,3,0.3886563596024951,0.45521424596549814
401,0.6,0.5,3,0.4198561828129239,0.45521424596549814
401,0.6,0.3,3,0.31390705286153325,0.45521424596549814
402,0.6,1,100,0.44405106425265267,0.5059836004015146
402,0.6,0.7,100,0.46907067334446306,0.5059836004015146
402,0.6,0.5,100,0.4813578185865332,0.5059836004015146
402,0.6,0.3,100,0.43578185865331115,0.5059836004015146
402,0.6,1,7,0.4942433108602683,0.5059836004015146
402,0.6,0.7,7,0.5034381069668431,0.5059836004015146
402,0.6,0.5,7,0.48549625206213093,0.5059836004015146
402,0.6,0.3,7,0.4828642276145734,0.5059836004015146
402,0.6,1,5,0.4620188404393865,0.5059836004015146
402,0.6,0.7,5,0.4731729067054541,0.5059836004015146
402,0.6,0.5,5,0.47314685506706167,0.5059836004015146
402,0.6,0.3,5,0.48009017758057443,0.5059836004015146
402,0.6,1,3,0.4523148045342015,0.5059836004015146
402,0.6,0.7,3,0.4570128407297831,0.5059836004015146
402,0.6,0.5,3,0.4777216974355042,0.5059836004015146
402,0.6,0.3,3,0.3544227406667709,0.5059836004015146
403,0.6,1,100,0.4262114694062484,0.5038842515303285
403,0.6,0.7,100,0.42401814164011087,0.5038842515303285
403,0.6,0.5,100,0.41200890372843635,0.5038842515303285
403,0.6,0.3,100,0.41917640511964394,0.5038842515303285
403,0.6,1,7,0.45209599792300253,0.5038842515303285
403,0.6,0.7,7,0.4169042496902542,0.5038842515303285
403,0.6,0.5,7,0.42038596380910653,0.5038842515303285
403,0.6,0.3,7,0.45961353165251395,0.5038842515303285
403,0.6,1,5,0.40135129447652845,0.5038842515303285
403,0.6,0.7,5,0.4279305509721124,0.5038842515303285
403,0.6,0.5,5,0.4010945582226963,0.5038842515303285
403,0.6,0.3,5,0.414126458736417,0.5038842515303285
403,0.6,1,3,0.4253091917000001,0.5038842515303285
403,0.6,0.7,3,0.4401613079206414,0.5038842515303285
403,0.6,0.5,3,0.4145629861070455,0.5038842515303285
403,0.6,0.3,3,0.2836366026410519,0.5038842515303285
404,0.6,1,100,0.42207145831999227,0.483650528658876
404,0.6,0.7,100,0.4182593718974785,0.483650528658876
404,0.6,0.5,100,0.4575069560378409,0.483650528658876
404,0.6,0.3,100,0.4324095715080691,0.483650528658876
404,0.6,1,7,0.443859643861828,0.483650528658876
404,0.6,0.7,7,0.4409567887395008,0.483650528658876
404,0.6,0.5,7,0.46582491689764033,0.483650528658876
404,0.6,0.3,7,0.4688780399548382,0.483650528658876
404,0.6,1,5,0.4368308870697685,0.483650528658876
404,0.6,0.7,5,0.44442439265785094,0.483650528658876
404,0.6,0.5,5,0.5099332620578381,0.483650528658876
404,0.6,0.3,5,0.45893862689805043,0.483650528658876
404,0.6,1,3,0.46981304332406404,0.483650528658876
404,0.6,0.7,3,0.4402483117337358,0.483650528658876
404,0.6,0.5,3,0.4250205588737889,0.483650528658876
404,0.6,0.3,3,0.3484735249048402,0.483650528658876
405,0.6,1,100,0.4182606086613667,0.4604006677796328
405,0.6,0.7,100,0.3905796981016988,0.4604006677796328
405,0.6,0.5,100,0.41455759599332226,0.4604006677796328
405,0.6,0.3,100,0.4124540901502505,0.4604006677796328
405,0.6,1,7,0.41874366812022135,0.4604006677796328
405,0.6,0.7,7,0.49348125218285377,0.4604006677796328
405,0.6,0.5,7,0.415183807503149,0.4604006677796328
405,0.6,0.3,7,0.4330845859899683,0.4604006677796328
405,0.6,1,5,0.39601088494220055,0.4604006677796328
405,0.6,0.7,5,0.4047747055913449,0.4604006677796328
405,0.6,0.5,5,0.42549429487109813,0.4604006677796328
405,0.6,0.3,5,0.41293094576548633,0.4604006677796328
405,0.6,1,3,0.4111035399937335,0.4604006677796328
405,0.6,0.7,3,0.42202832872170015,0.4604006677796328
405,0.6,0.5,3,0.40116825393307043,0.4604006677796328
405,0.6,0.3,3,0.28495414594711527,0.4604006677796328
406,0.6,1,100,0.5078306786806047,0.5580523094045633
406,0.6,0.7,100,0.5069533715793543,0.5580523094045633
406,0.6,0.5,100,0.4931329994435171,0.5580523094045633
406,0.6,0.3,100,0.5523205342237063,0.5580523094045633
406,0.6,1,7,0.4984345973427229,0.5580523094045633
406,0.6,0.7,7,0.5435832949246381,0.5580523094045633
406,0.6,0.5,7,0.5406242844820276,0.5580523094045633
406,0.6,0.3,7,0.5395307960693537,0.5580523094045633
406,0.6,1,5,0.5152114459988183,0.5580523094045633
406,0.6,0.7,5,0.5269537132126281,0.5580523094045633
406,0.6,0.5,5,0.5426410363054527,0.5580523094045633
406,0.6,0.3,5,0.5255515880880365,0.5580523094045633
406,0.6,1,3,0.528577196104393,0.5580523094045633
406,0.6,0.7,3,0.5276857386643388,0.5580523094045633
406,0.6,0.5,3,0.5066260546854925,0.5580523094045633
406,0.6,0.3,3,0.4490766651622164,0.5580523094045633
407,0.6,1,100,0.4970606929586494,0.5082025598219255
407,0.6,0.7,100,0.4756281478788269,0.5082025598219255
407,0.6,0.5,100,0.4835837506956039,0.5082025598219255
407,0.6,0.3,100,0.5168057874234837,0.5082025598219255
407,0.6,1,7,0.47404569882091546,0.5082025598219255
407,0.6,0.7,7,0.49671057019194353,0.5082025598219255
407,0.6,0.5,7,0.49711219148880414,0.5082025598219255
407,0.6,0.3,7,0.48193079438064657,0.5082025598219255
407,0.6,1,5,0.4904228195995053,0.5082025598219255
407,0.6,0.7,5,0.4847036698741269,0.5082025598219255
407,0.6,0.5,5,0.5097255387954234,0.5082025598219255
407,0.6,0.3,5,0.503075705657591,0.5082025598219255
407,0.6,1,3,0.48731097192433,0.5082025598219255
407,0.6,0.7,3,0.48639863254444704,0.5082025598219255
407,0.6,0.5,3,0.48656502994907685,0.5082025598219255
407,0.6,0.3,3,0.38057226251025017,0.5082025598219255
408,0.6,1,100,0.44499614794041065,0.5217836493327833
408,0.6,0.7,100,0.4441513633834169,0.5217836493327833
408,0.6,0.5,100,0.452376182526433,0.5217836493327833
408,0.6,0.3,100,0.46869226488592103,0.5217836493327833
408,0.6,1,7,0.4642908457866081,0.5217836493327833
408,0.6,0.7,7,0.45191026773729065,0.5217836493327833
408,0.6,0.5,7,0.45373053710583083,0.5217836493327833
408,0.6,0.3,7,0.4750509458992214,0.5217836493327833
408,0.6,1,5,0.4626393552619347,0.5217836493327833
408,0.6,0.7,5,0.45841170104448725,0.5217836493327833
408,0.6,0.5,5,0.4582799365243603,0.5217836493327833
408,0.6,0.3,5,0.46661330753922703,0.5217836493327833
408,0.6,1,3,0.4477033464769551,0.5217836493327833
408,0.6,0.7,3,0.48807744255971713,0.5217836493327833
408,0.6,0.5,3,0.4278144761183438,0.5217836493327833
408,0.6,0.3,3,0.3706695247166636,0.5217836493327833
409,0.6,1,100,0.48260201540558545,0.5002114635503618
409,0.6,0.7,100,0.4885587089593768,0.5002114635503618
409,0.6,0.5,100,0.44258208124652204,0.5002114635503618
409,0.6,0.3,100,0.4770617696160268,0.5002114635503618
409,0.6,1,7,0.45152839511897375,0.5002114635503618
409,0.6,0.7,7,0.4552430246143491,0.5002114635503618
409,0.6,0.5,7,0.4767499386560275,0.5002114635503618
409,0.6,0.3,7,0.5026084911293094,0.5002114635503618
409,0.6,1,5,0.4863233130660643,0.5002114635503618
409,0.6,0.7,5,0.47320231711522914,0.5002114635503618
409,0.6,0.5,5,0.46225573436290174,0.5002114635503618
409,0.6,0.3,5,0.46026586950627757,0.5002114635503618
409,0.6,1,3,0.4792653112579386,0.5002114635503618
409,0.6,0.7,3,0.4511967299637935,0.5002114635503618
409,0.6,0.5,3,0.45057630867614473,0.5002114635503618
409,0.6,0.3,3,0.369261758829148,0.5002114635503618
410,0.6,1,100,0.4589931480033919,0.5385865331107402
410,0.6,0.7,100,0.45017070260919434,0.5385865331107402
410,0.6,0.5,100,0.4863439065108515,0.5385865331107402
410,0.6,0.3,100,0.4737117417918754,0.5385865331107402
410,0.6,1,7,0.4836917596391801,0.5385865331107402
410,0.6,0.7,7,0.5046896647297814,0.5385865331107402
410,0.6,0.5,7,0.501037310470398,0.5385865331107402
410,0.6,0.3,7,0.500786108855936,0.5385865331107402
410,0.6,1,5,0.48568584531711323,0.5385865331107402
410,0.6,0.7,5,0.47339846336496394,0.5385865331107402
410,0.6,0.5,5,0.4975731911332848,0.5385865331107402
410,0.6,0.3,5,0.4643886985858161,0.5385865331107402
410,0.6,1,3,0.5111851445997146,0.5385865331107402
410,0.6,0.7,3,0.4988457892850676,0.5385865331107402
410,0.6,0.5,3,0.47314620272976393,0.5385865331107402
410,0.6,0.3,3,0.3690412551371203,0.5385865331107402
411,0.6,1,100,0.4738869129979895,0.48363939899833064
411,0.6,0.7,100,0.47256538675570403,0.48363939899833064
411,0.6,0.5,100,0.44198107957707294,0.48363939899833064
411,0.6,0.3,100,0.46902615470228165,0.48363939899833064
411,0.6,1,7,0.47240555463273065,0.48363939899833064
411,0.6,0.7,7,0.5006953570296857,0.48363939899833064
411,0.6,0.5,7,0.4657663671041775,0.48363939899833064
411,0.6,0.3,7,0.4969484306435597,0.48363939899833064
411,0.6,1,5,0.4727898048696233,0.48363939899833064
411,0.6,0.7,5,0.46178560098862886,0.48363939899833064
411,0.6,0.5,5,0.46904629427465155,0.48363939899833064
411,0.6,0.3,5,0.47780349137711975,0.48363939899833064
411,0.6,1,3,0.4812517516923994,0.48363939899833064
411,0.6,0.7,3,0.503804735873306,0.48363939899833064
411,0.6,0.5,3,0.496691295939407,0.48363939899833064
411,0.6,0.3,3,0.36775081388475084,0.48363939899833064
412,0.6,1,100,0.45146281419410067,0.5197217584863663
412,0.6,0.7,100,0.4226134330706477,0.5197217584863663
412,0.6,0.5,100,0.3887256538675571,0.5197217584863663
412,0.6,0.3,100,0.43553700612131335,0.5197217584863663
412,0.6,1,7,0.4427503264362893,0.5197217584863663
412,0.6,0.7,7,0.4552020477691297,0.5197217584863663
412,0.6,0.5,7,0.45377485133763723,0.5197217584863663
412,0.6,0.3,7,0.44547422833695555,0.5197217584863663
412,0.6,1,5,0.42883447389386964,0.5197217584863663
412,0.6,0.7,5,0.42588329794453966,0.5197217584863663
412,0.6,0.5,5,0.4754078320478706,0.5197217584863663
412,0.6,0.3,5,0.4016176848398315,0.5197217584863663
412,0.6,1,3,0.423650954238648,0.5197217584863663
412,0.6,0.7,3,0.45816508692573416,0.5197217584863663
412,0.6,0.5,3,0.4422228628598089,0.5197217584863663
412,0.6,0.3,3,0.3354345733951887,0.5197217584863663
413,0.6,1,100,0.4170597427830821,0.47601134115749416
413,0.6,0.7,100,0.356456194926797,0.47601134115749416
413,0.6,0.5,100,0.3963049526989427,0.47601134115749416
413,0.6,0.3,100,0.41375626043405683,0.47601134115749416
413,0.6,1,7,0.3979401041399026,0.47601134115749416
413,0.6,0.7,7,0.39420168209936507,0.47601134115749416
413,0.6,0.5,7,0.3870195030204446,0.47601134115749416
413,0.6,0.3,7,0.41879782264909443,0.47601134115749416
413,0.6,1,5,0.443798596065321,0.47601134115749416
413,0.6,0.7,5,0.4224663062287318,0.47601134115749416
413,0.6,0.5,5,0.408030938349595,0.47601134115749416
413,0.6,0.3,5,0.43147580294954435,0.47601134115749416
413,0.6,1,3,0.4288868317540434,0.47601134115749416
413,0.6,0.7,3,0.44241014438322224,0.47601134115749416
413,0.6,0.5,3,0.436065635946995,0.47601134115749416
413,0.6,0.3,3,0.30855910305774553,0.47601134115749416
414,0.6,1,100,0.44129533108511937,0.49474680022259326
414,0.6,0.7,100,0.46201276027842436,0.49474680022259326
414,0.6,0.5,100,0.45174179187534785,0.49474680022259326
414,0.6,0.3,100,0.43332220367278806,0.49474680022259326
414,0.6,1,7,0.4571722316850572,0.49474680022259326
414,0.6,0.7,7,0.49052076016143664,0.49474680022259326
414,0.6,0.5,7,0.4153722982440318,0.49474680022259326
414,0.6,0.3,7,0.4236530178537258,0.49474680022259326
414,0.6,1,5,0.45755448124480225,0.49474680022259326
414,0.6,0.7,5,0.4606018441860527,0.49474680022259326
414,0.6,0.5,5,0.4788874590447196,0.49474680022259326
414,0.6,0.3,5,0.4481524228063573,0.49474680022259326
414,0.6,1,3,0.4653838173573628,0.49474680022259326
414,0.6,0.7,3,0.4568653315632795,0.49474680022259326
414,0.6,0.5,3,0.4170638031466378,0.49474680022259326
414,0.6,0.3,3,0.40009371199740845,0.49474680022259326
415,0.6,1,100,0.40733165715936137,0.505353366722315
415,0.6,0.7,100,0.4206299961897089,0.505353366722315
415,0.6,0.5,100,0.46425153032832506,0.505353366722315
415,0.6,0.3,100,0.42973845297718427,0.505353366722315
415,0.6,1,7,0.3978920716756753,0.505353366722315
415,0.6,0.7,7,0.3903649138536454,0.505353366722315
415,0.6,0.5,7,0.46632461845551154,0.505353366722315
415,0.6,0.3,7,0.4490828215169376,0.505353366722315
415,0.6,1,5,0.4412829975191632,0.505353366722315
415,0.6,0.7,5,0.44569522544840134,0.505353366722315
415,0.6,0.5,5,0.44635555582214265,0.505353366722315
415,0.6,0.3,5,0.48611465580492064,0.505353366722315
415,0.6,1,3,0.4399354653460792,0.505353366722315
415,0.6,0.7,3,0.43708860209939215,0.505353366722315
415,0.6,0.5,3,0.42168476926134046,0.505353366722315
415,0.6,0.3,3,0.35372451578406405,0.505353366722315
416,0.6,1,100,0.3665304979546936,0.49849749582637737
416,0.6,0.7,100,0.3618475236505287,0.49849749582637737
416,0.6,0.5,100,0.37792988313856435,0.49849749582637737
416,0.6,0.3,100,0.38899276572064556,0.49849749582637737
416,0.6,1,7,0.3964284154519638,0.49849749582637737
416,0.6,0.7,7,0.36263810490628723,0.49849749582637737
416,0.6,0.5,7,0.4008016304979627,0.49849749582637737
416,0.6,0.3,7,0.4311559535188738,0.49849749582637737
416,0.6,1,5,0.40382923571836704,0.49849749582637737
416,0.6,0.7,5,0.3539982348265481,0.49849749582637737
416,0.6,0.5,5,0.42451451895888576,0.49849749582637737
416,0.6,0.3,5,0.3832228379581802,0.49849749582637737
416,0.6,1,3,0.39811965347642014,0.49849749582637737
416,0.6,0.7,3,0.3630571173597951,0.49849749582637737
416,0.6,0.5,3,0.36378043341743327,0.49849749582637737
416,0.6,0.3,3,0.28645073708287017,0.49849749582637737
417,0.6,1,100,0.4433399451398474,0.5390984974958265
417,0.6,0.7,100,0.40810239287701733,0.5390984974958265
417,0.6,0.5,100,0.4093711741791876,0.5390984974958265
417,0.6,0.3,100,0.39803005008347253,0.5390984974958265
417,0.6,1,7,0.372991233845841,0.5390984974958265
417,0.6,0.7,7,0.4243887868525067,0.5390984974958265
417,0.6,0.5,7,0.42340816626959576,0.5390984974958265
417,0.6,0.3,7,0.4014126854666682,0.5390984974958265
417,0.6,1,5,0.42239025549895903,0.5390984974958265
417,0.6,0.7,5,0.3751169661853288,0.5390984974958265
417,0.6,0.5,5,0.40796834922322933,0.5390984974958265
417,0.6,0.3,5,0.4111305180264396,0.5390984974958265
417,0.6,1,3,0.4201824784449501,0.5390984974958265
417,0.6,0.7,3,0.43003038279568334,0.5390984974958265
417,0.6,0.5,3,0.43941927553384547,0.5390984974958265
417,0.6,0.3,3,0.2851125849424641,0.5390984974958265
418,0.6,1,100,0.4150403723230732,0.47163049526989437
418,0.6,0.7,100,0.43292394504813375,0.47163049526989437
418,0.6,0.5,100,0.4326432943795215,0.47163049526989437
418,0.6,0.3,100,0.49144129104062334,0.47163049526989437
418,0.6,1,7,0.43516258975290834,0.47163049526989437
418,0.6,0.7,7,0.48542714385488817,0.47163049526989437
418,0.6,0.5,7,0.4444262550016178,0.47163049526989437
418,0.6,0.3,7,0.43238180209596494,0.47163049526989437
418,0.6,1,5,0.4418381910286811,0.47163049526989437
418,0.6,0.7,5,0.4715640929379652,0.47163049526989437
418,0.6,0.5,5,0.4755838519313482,0.47163049526989437
418,0.6,0.3,5,0.4442563932806769,0.47163049526989437
418,0.6,1,3,0.4251410578385676,0.47163049526989437
418,0.6,0.7,3,0.4545538404888687,0.47163049526989437
418,0.6,0.5,3,0.4360830980215098,0.47163049526989437
418,0.6,0.3,3,0.3617743362764904,0.47163049526989437
419,0.6,1,100,0.4025292829362697,0.48543127434613254
419,0.6,0.7,100,0.46245965498052316,0.48543127434613254
419,0.6,0.5,100,0.4380300500834725,0.48543127434613254
419,0.6,0.3,100,0.4226154702281581,0.48543127434613254
419,0.6,1,7,0.42384107423555406,0.48543127434613254
419,0.6,0.7,7,0.42937044012796893,0.48543127434613254
419,0.6,0.5,7,0.41466490086891405,0.48543127434613254
419,0.6,0.3,7,0.4535920118631976,0.48543127434613254
419,0.6,1,5,0.37960234879789706,0.48543127434613254
419,0.6,0.7,5,0.4313443381230314,0.48543127434613254
419,0.6,0.5,5,0.4411139907105382,0.48543127434613254
419,0.6,0.3,5,0.42933826445726014,0.48543127434613254
419,0.6,1,3,0.42824727566765985,0.48543127434613254
419,0.6,0.7,3,0.4337651606753228,0.48543127434613254
419,0.6,0.5,3,0.4022948362279798,0.48543127434613254
419,0.6,0.3,3,0.3158571224925647,0.48543127434613254
420,0.6,1,100,0.40257348100798396,0.48694490818030056
420,0.6,0.7,100,0.39217584863661664,0.48694490818030056
420,0.6,0.5,100,0.3984641068447413,0.48694490818030056
420,0.6,0.3,100,0.3897718419588203,0.48694490818030056
420,0.6,1,7,0.40220649225566235,0.48694490818030056
420,0.6,0.7,7,0.3637440581116667,0.48694490818030056
420,0.6,0.5,7,0.35558061153695936,0.48694490818030056
420,0.6,0.3,7,0.3788989184017204,0.48694490818030056
420,0.6,1,5,0.3683168189350524,0.48694490818030056
420,0.6,0.7,5,0.3892912905406044,0.48694490818030056
420,0.6,0.5,5,0.3705904937153735,0.48694490818030056
420,0.6,0.3,5,0.4056102509485722,0.48694490818030056
420,0.6,1,3,0.41518568187729177,0.48694490818030056
420,0.6,0.7,3,0.4265172435837708,0.48694490818030056
420,0.6,0.5,3,0.35313212367016594,0.48694490818030056
420,0.6,0.3,3,0.3016956041104078,0.48694490818030056
421,0.6,1,100,0.4535949980739126,0.5418323367643032
421,0.6,0.7,100,0.4785600405139296,0.5418323367643032
421,0.6,0.5,100,0.49885364496382867,0.5418323367643032
421,0.6,0.3,100,0.4511853088480802,0.5418323367643032
421,0.6,1,7,0.5076672312103772,0.5418323367643032
421,0.6,0.7,7,0.4532199227098381,0.5418323367643032
421,0.6,0.5,7,0.4989004484848755,0.5418323367643032
421,0.6,0.3,7,0.4656412345979517,0.5418323367643032
421,0.6,1,5,0.46891726391125754,0.5418323367643032
421,0.6,0.7,5,0.4716602893405758,0.5418323367643032
421,0.6,0.5,5,0.4714957190717517,0.5418323367643032
421,0.6,0.3,5,0.43715448539591184,0.5418323367643032
421,0.6,1,3,0.46905027858669907,0.5418323367643032
421,0.6,0.7,3,0.47065353705706114,0.5418323367643032
421,0.6,0.5,3,0.4549630104796063,0.5418323367643032
421,0.6,0.3,3,0.42192380769419174,0.5418323367643032
422,0.6,1,100,0.4300903537103682,0.44795770728992773
422,0.6,0.7,100,0.447087760903953,0.44795770728992773
422,0.6,0.5,100,0.44024485253199785,0.44795770728992773
422,0.6,0.3,100,0.43358931552587654,0.44795770728992773
422,0.6,1,7,0.4263467776793652,0.44795770728992773
422,0.6,0.7,7,0.4406968520578743,0.44795770728992773
422,0.6,0.5,7,0.45057228815550715,0.44795770728992773
422,0.6,0.3,7,0.4453403299005263,0.44795770728992773
422,0.6,1,5,0.44245497205946616,0.44795770728992773
422,0.6,0.7,5,0.4800448218921092,0.44795770728992773
422,0.6,0.5,5,0.46188450764320754,0.44795770728992773
422,0.6,0.3,5,0.460023912167618,0.44795770728992773
422,0.6,1,3,0.41837693230557665,0.44795770728992773
422,0.6,0.7,3,0.47470789623426113,0.44795770728992773
422,0.6,0.5,3,0.44102599574781315,0.44795770728992773
422,0.6,0.3,3,0.3961160005235687,0.44795770728992773
423,0.6,1,100,0.39903379724645316,0.49821925431274355
423,0.6,0.7,100,0.4342473952333418,0.49821925431274355
423,0.6,0.5,100,0.4376293823038398,0.49821925431274355
423,0.6,0.3,100,0.4600890372843629,0.49821925431274355
423,0.6,1,7,0.4266935270933368,0.49821925431274355
423,0.6,0.7,7,0.4480935717770066,0.49821925431274355
423,0.6,0.5,7,0.45204324725156914,0.49821925431274355
423,0.6,0.3,7,0.43266837922034723,0.49821925431274355
423,0.6,1,5,0.4430869474808783,0.49821925431274355
423,0.6,0.7,5,0.4576378729865063,0.49821925431274355
423,0.6,0.5,5,0.47770608923930674,0.49821925431274355
423,0.6,0.3,5,0.4664694087905775,0.49821925431274355
423,0.6,1,3,0.4027259623113663,0.49821925431274355
423,0.6,0.7,3,0.4335327145518109,0.49821925431274355
423,0.6,0.5,3,0.4479222290355142,0.49821925431274355
423,0.6,0.3,3,0.3515160636754308,0.49821925431274355
424,0.6,1,100,0.4620438417763883,0.49666110183639406
424,0.6,0.7,100,0.5083085692951208,0.49666110183639406
424,0.6,0.5,100,0.5052531997774069,0.49666110183639406
424,0.6,0.3,100,0.5009682804674458,0.49666110183639406
424,0.6,1,7,0.46707643606138427,0.49666110183639406
424,0.6,0.7,7,0.47768600470475636,0.49666110183639406
424,0.6,0.5,7,0.5018077173108282,0.49666110183639406
424,0.6,0.3,7,0.5140512671152402,0.49666110183639406
424,0.6,1,5,0.4907789873620133,0.49666110183639406
424,0.6,0.7,5,0.4869842192380507,0.49666110183639406
424,0.6,0.5,5,0.49806658777834933,0.49666110183639406
424,0.6,0.3,5,0.5221909711016148,0.49666110183639406
424,0.6,1,3,0.4679931747763768,0.49666110183639406
424,0.6,0.7,3,0.523992953461575,0.49666110183639406
424,0.6,0.5,3,0.4468899782459467,0.49666110183639406
424,0.6,0.3,3,0.4256519202803515,0.49666110183639406
425,0.6,1,100,0.41687236111295156,0.47988870339454653
425,0.6,0.7,100,0.4295114900169381,0.47988870339454653
425,0.6,0.5,100,0.41780745687256543,0.47988870339454653
425,0.6,0.3,100,0.4087701725097385,0.47988870339454653
425,0.6,1,7,0.4536168384761079,0.47988870339454653
425,0.6,0.7,7,0.4377668522574098,0.47988870339454653
425,0.6,0.5,7,0.46791332704511673,0.47988870339454653
425,0.6,0.3,7,0.40978087364058174,0.47988870339454653
425,0.6,1,5,0.44072248588797197,0.47988870339454653
425,0.6,0.7,5,0.42856481344355535,0.47988870339454653
425,0.6,0.5,5,0.4458649877646291,0.47988870339454653
425,0.6,0.3,5,0.4449594020187979,0.47988870339454653
425,0.6,1,3,0.4341333069451266,0.47988870339454653
425,0.6,0.7,3,0.44198113152960966,0.47988870339454653
425,0.6,0.5,3,0.4396673644546441,0.47988870339454653
425,0.6,0.3,3,0.3122443538290909,0.47988870339454653
426,0.6,1,100,0.43704481778657656,0.4879910962715638
426,0.6,0.7,100,0.441909966362218,0.4879910962715638
426,0.6,0.5,100,0.43244296048970515,0.4879910962715638
426,0.6,0.3,100,0.4296605453533668,0.4879910962715638
426,0.6,1,7,0.4113423290621783,0.4879910962715638
426,0.6,0.7,7,0.407944937551072,0.4879910962715638
426,0.6,0.5,7,0.4494035960904798,0.4879910962715638
426,0.6,0.3,7,0.4839013163745612,0.4879910962715638
426,0.6,1,5,0.4793747236264317,0.4879910962715638
426,0.6,0.7,5,0.44368054869035406,0.4879910962715638
426,0.6,0.5,5,0.43876449436498477,0.4879910962715638
426,0.6,0.3,5,0.42067473590532284,0.4879910962715638
426,0.6,1,3,0.4081053808424627,0.4879910962715638
426,0.6,0.7,3,0.40726681355245736,0.4879910962715638
426,0.6,0.5,3,0.43619754946388073,0.4879910962715638
426,0.6,0.3,3,0.33336706066488137,0.4879910962715638
427,0.6,1,100,0.49485095237163834,0.5247301057317753
427,0.6,0.7,100,0.5074879384429073,0.5247301057317753
427,0.6,0.5,100,0.5217473567056206,0.5247301057317753
427,0.6,0.3,100,0.5275681691708404,0.5247301057317753
427,0.6,1,7,0.4989579185681016,0.5247301057317753
427,0.6,0.7,7,0.5391991546428705,0.5247301057317753
427,0.6,0.5,7,0.5207373169235551,0.5247301057317753
427,0.6,0.3,7,0.5252915375342917,0.5247301057317753
427,0.6,1,5,0.5136106284462036,0.5247301057317753
427,0.6,0.7,5,0.5190007454645427,0.5247301057317753
427,0.6,0.5,5,0.5186468661861502,0.5247301057317753
427,0.6,0.3,5,0.498963473696192,0.5247301057317753
427,0.6,1,3,0.5171275040108452,0.5247301057317753
427,0.6,0.7,3,0.4859613584633418,0.5247301057317753
427,0.6,0.5,3,0.5159399388281776,0.5247301057317753
427,0.6,0.3,3,0.46911277306133253,0.5247301057317753
428,0.6,1,100,0.4338098445510045,0.5166792339453332
428,0.6,0.7,100,0.418831385642738,0.5166792339453332
428,0.6,0.5,100,0.4081357818586534,0.5166792339453332
428,0.6,0.3,100,0.4413800779076239,0.5166792339453332
428,0.6,1,7,0.43381694344357724,0.5166792339453332
428,0.6,0.7,7,0.4127669205925745,0.5166792339453332
428,0.6,0.5,7,0.43684078421624034,0.5166792339453332
428,0.6,0.3,7,0.40545729358467075,0.5166792339453332
428,0.6,1,5,0.43724161786882676,0.5166792339453332
428,0.6,0.7,5,0.4245476711980983,0.5166792339453332
428,0.6,0.5,5,0.4345740585437289,0.5166792339453332
428,0.6,0.3,5,0.3931370912748196,0.5166792339453332
428,0.6,1,3,0.41238796097433345,0.5166792339453332
428,0.6,0.7,3,0.3835983019707088,0.5166792339453332
428,0.6,0.5,3,0.37394467451558133,0.5166792339453332
428,0.6,0.3,3,0.3457139130243419,0.5166792339453332
429,0.6,1,100,0.4598353727764402,0.4914635503617141
429,0.6,0.7,100,0.4433611574846968,0.4914635503617141
429,0.6,0.5,100,0.41363383416805793,0.4914635503617141
429,0.6,0.3,100,0.41436839176405127,0.4914635503617141
429,0.6,1,7,0.4194394309934452,0.4914635503617141
429,0.6,0.7,7,0.48143869464062794,0.4914635503617141
429,0.6,0.5,7,0.4473229868831191,0.4914635503617141
429,0.6,0.3,7,0.4514399174710447,0.4914635503617141
429,0.6,1,5,0.4492333446113532,0.4914635503617141
429,0.6,0.7,5,0.4219787825908569,0.4914635503617141
429,0.6,0.5,5,0.4503864364620045,0.4914635503617141
429,0.6,0.3,5,0.4693431370703342,0.4914635503617141
429,0.6,1,3,0.4462150987085945,0.4914635503617141
429,0.6,0.7,3,0.4438058255013605,0.4914635503617141
429,0.6,0.5,3,0.4235540424596217,0.4914635503617141
429,0.6,0.3,3,0.3453196071297105,0.4914635503617141
430,0.6,1,100,0.4548912461574383,0.5074902615470229
430,0.6,0.7,100,0.46105215208072264,0.5074902615470229
430,0.6,0.5,100,0.4903797729005429,0.5074902615470229
430,0.6,0.3,100,0.5104062326099055,0.5074902615470229
430,0.6,1,7,0.45392752385162577,0.5074902615470229
430,0.6,0.7,7,0.47015166758002874,0.5074902615470229
430,0.6,0.5,7,0.484658983210979,0.5074902615470229
430,0.6,0.3,7,0.5040754568306814,0.5074902615470229
430,0.6,1,5,0.43918670497282686,0.5074902615470229
430,0.6,0.7,5,0.48321073275561127,0.5074902615470229
430,0.6,0.5,5,0.48070977614473176,0.5074902615470229
430,0.6,0.3,5,0.5046751704780927,0.5074902615470229
430,0.6,1,3,0.5032136014989645,0.5074902615470229
430,0.6,0.7,3,0.4523525291559178,0.5074902615470229
430,0.6,0.5,3,0.453792442082817,0.5074902615470229
430,0.6,0.3,3,0.39186963574291966,0.5074902615470229
431,0.6,1,100,0.4428650962430358,0.4831009546511596
431,0.6,0.7,100,0.4516707058189599,0.4831009546511596
431,0.6,0.5,100,0.46274902615470237,0.4831009546511596
431,0.6,0.3,100,0.4536449638286033,0.4831009546511596
431,0.6,1,7,0.4417660795489132,0.4831009546511596
431,0.6,0.7,7,0.4446090141597,0.4831009546511596
431,0.6,0.5,7,0.43325178421133514,0.4831009546511596
431,0.6,0.3,7,0.4502264845701816,0.4831009546511596
431,0.6,1,5,0.43485387581993895,0.4831009546511596
431,0.6,0.7,5,0.45590360839911037,0.4831009546511596
431,0.6,0.5,5,0.43061593582442537,0.4831009546511596
431,0.6,0.3,5,0.446159540208423,0.4831009546511596
431,0.6,1,3,0.4404856359716974,0.4831009546511596
431,0.6,0.7,3,0.426578288087494,0.4831009546511596
431,0.6,0.5,3,0.41941728379645016,0.4831009546511596
431,0.6,0.3,3,0.3281546779094945,0.4831009546511596
432,0.6,1,100,0.4337570737029197,0.4892042292710073
432,0.6,0.7,100,0.44560502394447377,0.4892042292710073
432,0.6,0.5,100,0.4730662214802449,0.4892042292710073
432,0.6,0.3,100,0.430328324986088,0.4892042292710073
432,0.6,1,7,0.44657912563653107,0.4892042292710073
432,0.6,0.7,7,0.47338377488799127,0.4892042292710073
432,0.6,0.5,7,0.4821830239442453,0.4892042292710073
432,0.6,0.3,7,0.45407919878844843,0.4892042292710073
432,0.6,1,5,0.4360114283058287,0.4892042292710073
432,0.6,0.7,5,0.43808249215577394,0.4892042292710073
432,0.6,0.5,5,0.4457531779220014,0.4892042292710073
432,0.6,0.3,5,0.460882642172149,0.4892042292710073
432,0.6,1,3,0.44199210233884817,0.4892042292710073
432,0.6,0.7,3,0.4633862555946551,0.4892042292710073
432,0.6,0.5,3,0.4385133486854391,0.4892042292710073
432,0.6,0.3,3,0.37468846587248616,0.4892042292710073
433,0.6,1,100,0.42812768273421087,0.4774958263772956
433,0.6,0.7,100,0.4813313337006214,0.4774958263772956
433,0.6,0.5,100,0.43845297718419596,0.4774958263772956
433,0.6,0.3,100,0.4533110740122427,0.4774958263772956
433,0.6,1,7,0.45450628214388183,0.4774958263772956
433,0.6,0.7,7,0.4329021855373785,0.4774958263772956
433,0.6,0.5,7,0.4453756329927823,0.4774958263772956
433,0.6,0.3,7,0.4640085496182725,0.4774958263772956
433,0.6,1,5,0.4780091589052151,0.4774958263772956
433,0.6,0.7,5,0.48894516198853627,0.4774958263772956
433,0.6,0.5,5,0.4949611050431453,0.4774958263772956
433,0.6,0.3,5,0.4735626508579617,0.4774958263772956
433,0.6,1,3,0.45530494634060514,0.4774958263772956
433,0.6,0.7,3,0.41180661131685986,0.4774958263772956
433,0.6,0.5,3,0.4668197164464829,0.4774958263772956
433,0.6,0.3,3,0.3384190990180402,0.4774958263772956
434,0.6,1,100,0.4153818826952067,0.4698942682248192
434,0.6,0.7,100,0.43348478988701433,0.4698942682248192
434,0.6,0.5,100,0.44251530328324995,0.4698942682248192
434,0.6,0.3,100,0.4339009460211464,0.4698942682248192
434,0.6,1,7,0.42641863383853973,0.4698942682248192
434,0.6,0.7,7,0.41537356740030307,0.4698942682248192
434,0.6,0.5,7,0.484202841846205,0.4698942682248192
434,0.6,0.3,7,0.4571286671569065,0.4698942682248192
434,0.6,1,5,0.4317375523698269,0.4698942682248192
434,0.6,0.7,5,0.4083624566800617,0.4698942682248192
434,0.6,0.5,5,0.4354820236270458,0.4698942682248192
434,0.6,0.3,5,0.4551565607738971,0.4698942682248192
434,0.6,1,3,0.4272812576142106,0.4698942682248192
434,0.6,0.7,3,0.4461611198830673,0.4698942682248192
434,0.6,0.5,3,0.3942559861344316,0.4698942682248192
434,0.6,0.3,3,0.3436900404952753,0.4698942682248192
435,0.6,1,100,0.5050527069518059,0.5137966438435132
435,0.6,0.7,100,0.5050279081601085,0.5137966438435132
435,0.6,0.5,100,0.5070562047857541,0.5137966438435132
435,0.6,0.3,100,0.4913077351140791,0.5137966438435132
435,0.6,1,7,0.49295965968419464,0.5137966438435132
435,0.6,0.7,7,0.48499474191343694,0.5137966438435132
435,0.6,0.5,7,0.5173698917158422,0.5137966438435132
435,0.6,0.3,7,0.5155855708348495,0.5137966438435132
435,0.6,1,5,0.5114285439333136,0.5137966438435132
435,0.6,0.7,5,0.5388952735033156,0.5137966438435132
435,0.6,0.5,5,0.5187400052676678,0.5137966438435132
435,0.6,0.3,5,0.5186462474024277,0.5137966438435132
435,0.6,1,3,0.5080567081517349,0.5137966438435132
435,0.6,0.7,3,0.4975571660042023,0.5137966438435132
435,0.6,0.5,3,0.5140826035677148,0.5137966438435132
435,0.6,0.3,3,0.3960481118965504,0.5137966438435132
436,0.6,1,100,0.40670325570246113,0.48553835709246684
436,0.6,0.7,100,0.3705731775180858,0.48553835709246684
436,0.6,0.5,100,0.3811797440178075,0.48553835709246684
436,0.6,0.3,100,0.4014245965498053,0.48553835709246684
436,0.6,1,7,0.41284641992890264,0.48553835709246684
436,0.6,0.7,7,0.3978491103494288,0.48553835709246684
436,0.6,0.5,7,0.3631077952290325,0.48553835709246684
436,0.6,0.3,7,0.373494146852819,0.48553835709246684
436,0.6,1,5,0.4026835155302574,0.48553835709246684
436,0.6,0.7,5,0.41829984517278046,0.48553835709246684
436,0.6,0.5,5,0.4136027830988738,0.48553835709246684
436,0.6,0.3,5,0.4018669997383767,0.48553835709246684
436,0.6,1,3,0.3567881472213299,0.48553835709246684
436,0.6,0.7,3,0.39204180116647275,0.48553835709246684
436,0.6,0.5,3,0.33169522612338936,0.48553835709246684
436,0.6,0.3,3,0.3430192741112854,0.48553835709246684
437,0.6,1,100,0.4440480743287039,0.5250265025799472
437,0.6,0.7,100,0.4350211745933092,0.5250265025799472
437,0.6,0.5,100,0.44123539232053427,0.5250265025799472
437,0.6,0.3,100,0.4230606566499722,0.5250265025799472
437,0.6,1,7,0.3944370476637132,0.5250265025799472
437,0.6,0.7,7,0.4529011522738333,0.5250265025799472
437,0.6,0.5,7,0.41319269795138147,0.5250265025799472
437,0.6,0.3,7,0.4599391443823721,0.5250265025799472
437,0.6,1,5,0.4272128434347731,0.5250265025799472
437,0.6,0.7,5,0.4313567097840042,0.5250265025799472
437,0.6,0.5,5,0.3963489105175698,0.5250265025799472
437,0.6,0.3,5,0.41549622558096444,0.5250265025799472
437,0.6,1,3,0.43179206949960675,0.5250265025799472
437,0.6,0.7,3,0.4085401470132703,0.5250265025799472
437,0.6,0.5,3,0.3984992914262213,0.5250265025799472
437,0.6,0.3,3,0.3132528583424725,0.5250265025799472
438,0.6,1,100,0.4703652687570709,0.467367835281024
438,0.6,0.7,100,0.48351697273233174,0.467367835281024
438,0.6,0.5,100,0.464785754034502,0.467367835281024
438,0.6,0.3,100,0.4859654980523095,0.467367835281024
438,0.6,1,7,0.45093067152902316,0.467367835281024
438,0.6,0.7,7,0.5226762321684775,0.467367835281024
438,0.6,0.5,7,0.4696494281025292,0.467367835281024
438,0.6,0.3,7,0.4775723126832165,0.467367835281024
438,0.6,1,5,0.4854473285974279,0.467367835281024
438,0.6,0.7,5,0.4785481138365372,0.467367835281024
438,0.6,0.5,5,0.4732267989220316,0.467367835281024
438,0.6,0.3,5,0.4820433342225586,0.467367835281024
438,0.6,1,3,0.46642992437910624,0.467367835281024
438,0.6,0.7,3,0.49786115871922976,0.467367835281024
438,0.6,0.5,3,0.4983394911363586,0.467367835281024
438,0.6,0.3,3,0.42130077286003675,0.467367835281024
439,0.6,1,100,0.44040815289517476,0.5209196464117171
439,0.6,0.7,100,0.4382371681629879,0.5209196464117171
439,0.6,0.5,100,0.42856983861992215,0.5209196464117171
439,0.6,0.3,100,0.46057874234835844,0.5209196464117171
439,0.6,1,7,0.44558242504912837,0.5209196464117171
439,0.6,0.7,7,0.46061529325336625,0.5209196464117171
439,0.6,0.5,7,0.46062510757013697,0.5209196464117171
439,0.6,0.3,7,0.4502089271173746,0.5209196464117171
439,0.6,1,5,0.47404960652969447,0.5209196464117171
439,0.6,0.7,5,0.4514527699461111,0.5209196464117171
439,0.6,0.5,5,0.4763528356574802,0.5209196464117171
439,0.6,0.3,5,0.4388254019108273,0.5209196464117171
439,0.6,1,3,0.4567986731489592,0.5209196464117171
439,0.6,0.7,3,0.5068818098938013,0.5209196464117171
439,0.6,0.5,3,0.4648598179217414,0.5209196464117171
439,0.6,0.3,3,0.3572463504159137,0.5209196464117171
440,0.6,1,100,0.46074634824265076,0.4922982749026156
440,0.6,0.7,100,0.4965887211072295,0.4922982749026156
440,0.6,0.5,100,0.4877573734001114,0.4922982749026156
440,0.6,0.3,100,0.5016805787423484,0.4922982749026156
440,0.6,1,7,0.46965317325576417,0.4922982749026156
440,0.6,0.7,7,0.5120749000191654,0.4922982749026156
440,0.6,0.5,7,0.5033853534521461,0.4922982749026156
440,0.6,0.3,7,0.5176098441331487,0.4922982749026156
440,0.6,1,5,0.5266270138218587,0.4922982749026156
440,0.6,0.7,5,0.521689171683509,0.4922982749026156
440,0.6,0.5,5,0.5246588398730898,0.4922982749026156
440,0.6,0.3,5,0.48367027193050693,0.4922982749026156
440,0.6,1,3,0.5023395961038372,0.4922982749026156
440,0.6,0.7,3,0.4976677221275223,0.4922982749026156
440,0.6,0.5,3,0.496809177355876,0.4922982749026156
440,0.6,0.3,3,0.3828346592259036,0.4922982749026156
441,0.6,1,100,0.5281135939988204,0.5014023372287146
441,0.6,0.7,100,0.5271810057791523,0.5014023372287146
441,0.6,0.5,100,0.5044588326642584,0.5014023372287146
441,0.6,0.3,100,0.5233722871452422,0.5014023372287146
441,0.6,1,7,0.5046925930492581,0.5014023372287146
441,0.6,0.7,7,0.5407785246495228,0.5014023372287146
441,0.6,0.5,7,0.5397388470069288,0.5014023372287146
441,0.6,0.3,7,0.5431161380665955,0.5014023372287146
441,0.6,1,5,0.5278865977503086,0.5014023372287146
441,0.6,0.7,5,0.5267066259854932,0.5014023372287146
441,0.6,0.5,5,0.5546008739945726,0.5014023372287146
441,0.6,0.3,5,0.5224518996268888,0.5014023372287146
441,0.6,1,3,0.5358198913461772,0.5014023372287146
441,0.6,0.7,3,0.48388048351844265,0.5014023372287146
441,0.6,0.5,3,0.4952382447072734,0.5014023372287146
441,0.6,0.3,3,0.4529554424064353,0.5014023372287146
442,0.6,1,100,0.4808159595549454,0.5005898720089038
442,0.6,0.7,100,0.4589897550975638,0.5005898720089038
442,0.6,0.5,100,0.4836950473010574,0.5005898720089038
442,0.6,0.3,100,0.4791875347801893,0.5005898720089038
442,0.6,1,7,0.4939177346079725,0.5005898720089038
442,0.6,0.7,7,0.44779241194093866,0.5005898720089038
442,0.6,0.5,7,0.49706857105668373,0.5005898720089038
442,0.6,0.3,7,0.5184272438080848,0.5005898720089038
442,0.6,1,5,0.476977169397925,0.5005898720089038
442,0.6,0.7,5,0.49556722676987935,0.5005898720089038
442,0.6,0.5,5,0.4489330374861354,0.5005898720089038
442,0.6,0.3,5,0.5068527683002676,0.5005898720089038
442,0.6,1,3,0.4741521818042852,0.5005898720089038
442,0.6,0.7,3,0.46188065274366025,0.5005898720089038
442,0.6,0.5,3,0.485997523676119,0.5005898720089038
442,0.6,0.3,3,0.38908163641216154,0.5005898720089038
443,0.6,1,100,0.4510461265115914,0.502548692264886
443,0.6,0.7,100,0.4718832257178305,0.502548692264886
443,0.6,0.5,100,0.4396215915414581,0.502548692264886
443,0.6,0.3,100,0.4188759042849194,0.502548692264886
443,0.6,1,7,0.4173587732835794,0.502548692264886
443,0.6,0.7,7,0.4340347179047741,0.502548692264886
443,0.6,0.5,7,0.4651027189825125,0.502548692264886
443,0.6,0.3,7,0.4445778020358637,0.502548692264886
443,0.6,1,5,0.4423961579122644,0.502548692264886
443,0.6,0.7,5,0.4714410830405779,0.502548692264886
443,0.6,0.5,5,0.42525819386324143,0.502548692264886
443,0.6,0.3,5,0.4239896098201903,0.502548692264886
443,0.6,1,3,0.39370742582439655,0.502548692264886
443,0.6,0.7,3,0.4546273588917637,0.502548692264886
443,0.6,0.5,3,0.4414143600833869,0.502548692264886
443,0.6,0.3,3,0.3696200491382604,0.502548692264886
444,0.6,1,100,0.5141909504226893,0.5498639391511915
444,0.6,0.7,100,0.4836732260281257,0.5498639391511915
444,0.6,0.5,100,0.494045631608236,0.5498639391511915
444,0.6,0.3,100,0.5201001669449082,0.5498639391511915
444,0.6,1,7,0.4842224400179189,0.5498639391511915
444,0.6,0.7,7,0.5014532476385406,0.5498639391511915
444,0.6,0.5,7,0.5021824419338203,0.5498639391511915
444,0.6,0.3,7,0.5244849793803049,0.5498639391511915
444,0.6,1,5,0.5103654929772783,0.5498639391511915
444,0.6,0.7,5,0.5352229230387294,0.5498639391511915
444,0.6,0.5,5,0.46809346738248214,0.5498639391511915
444,0.6,0.3,5,0.4815270200983814,0.5498639391511915
444,0.6,1,3,0.4948479826294719,0.5498639391511915
444,0.6,0.7,3,0.5325666910950134,0.5498639391511915
444,0.6,0.5,3,0.43285955019436956,0.5498639391511915
444,0.6,0.3,3,0.39656203522090894,0.5498639391511915
445,0.6,1,100,0.4548725657959367,0.5126655537006122
445,0.6,0.7,100,0.467952731294701,0.5126655537006122
445,0.6,0.5,100,0.48328324986087934,0.5126655537006122
445,0.6,0.3,100,0.4886032276015582,0.5126655537006122
445,0.6,1,7,0.472458988068802,0.5126655537006122
445,0.6,0.7,7,0.48776505433947914,0.5126655537006122
445,0.6,0.5,7,0.5286851410347915,0.5126655537006122
445,0.6,0.3,7,0.48917208571805615,0.5126655537006122
445,0.6,1,5,0.5203921188983962,0.5126655537006122
445,0.6,0.7,5,0.4831638657654187,0.5126655537006122
445,0.6,0.5,5,0.49709518958562093,0.5126655537006122
445,0.6,0.3,5,0.44556810410685765,0.5126655537006122
445,0.6,1,3,0.4647206615364619,0.5126655537006122
445,0.6,0.7,3,0.5144749844134381,0.5126655537006122
445,0.6,0.5,3,0.48883461362051706,0.5126655537006122
445,0.6,0.3,3,0.39573332051644267,0.5126655537006122
446,0.6,1,100,0.3832825524715299,0.4665776293823039
446,0.6,0.7,100,0.41386755703951034,0.4665776293823039
446,0.6,0.5,100,0.41336672231496946,0.4665776293823039
446,0.6,0.3,100,0.3660545353366723,0.4665776293823039
446,0.6,1,7,0.3691442898148348,0.4665776293823039
446,0.6,0.7,7,0.4225638373017448,0.4665776293823039
446,0.6,0.5,7,0.4252817415942342,0.4665776293823039
446,0.6,0.3,7,0.4547247111699254,0.4665776293823039
446,0.6,1,5,0.39638447026026563,0.4665776293823039
446,0.6,0.7,5,0.43159857742264673,0.4665776293823039
446,0.6,0.5,5,0.39859770387372134,0.4665776293823039
446,0.6,0.3,5,0.42122436850880773,0.4665776293823039
446,0.6,1,3,0.4037425822761206,0.4665776293823039
446,0.6,0.7,3,0.40184193107861127,0.4665776293823039
446,0.6,0.5,3,0.37231764014619506,0.4665776293823039
446,0.6,0.3,3,0.29856619718744576,0.4665776293823039
447,0.6,1,100,0.425200710155761,0.4682470784641069
447,0.6,0.7,100,0.4534112409571509,0.4682470784641069
447,0.6,0.5,100,0.4428603227601559,0.4682470784641069
447,0.6,0.3,100,0.4163717306622149,0.4682470784641069
447,0.6,1,7,0.4410799380548166,0.4682470784641069
447,0.6,0.7,7,0.4740361263263618,0.4682470784641069
447,0.6,0.5,7,0.4025638535182355,0.4682470784641069
447,0.6,0.3,7,0.46334934463969285,0.4682470784641069
447,0.6,1,5,0.42815792231294414,0.4682470784641069
447,0.6,0.7,5,0.4289213606737729,0.4682470784641069
447,0.6,0.5,5,0.4479270015449374,0.4682470784641069
447,0.6,0.3,5,0.4402857858373107,0.4682470784641069
447,0.6,1,3,0.4292175198065461,0.4682470784641069
447,0.6,0.7,3,0.43823027164180445,0.4682470784641069
447,0.6,0.5,3,0.38391158972767914,0.4682470784641069
447,0.6,0.3,3,0.26929283177832947,0.4682470784641069
448,0.6,1,100,0.4070281311468705,0.4861992209237619
448,0.6,0.7,100,0.37558152476349477,0.4861992209237619
448,0.6,0.5,100,0.40533110740122436,0.4861992209237619
448,0.6,0.3,100,0.4001335559265443,0.4861992209237619
448,0.6,1,7,0.354966148287588,0.4861992209237619
448,0.6,0.7,7,0.4256718651449979,0.4861992209237619
448,0.6,0.5,7,0.39944928085764686,0.4861992209237619
448,0.6,0.3,7,0.43372301892722903,0.4861992209237619
448,0.6,1,5,0.455520705292758,0.4861992209237619
448,0.6,0.7,5,0.41801040283468865,0.4861992209237619
448,0.6,0.5,5,0.3915311694165834,0.4861992209237619
448,0.6,0.3,5,0.37035644354986985,0.4861992209237619
448,0.6,1,3,0.41700774702325333,0.4861992209237619
448,0.6,0.7,3,0.40527785001583966,0.4861992209237619
448,0.6,0.5,3,0.37706796568833667,0.4861992209237619
448,0.6,0.3,3,0.3122315442036037,0.4861992209237619
449,0.6,1,100,0.41203658748792754,0.4718753478018921
449,0.6,0.7,100,0.42983425107080986,0.4718753478018921
449,0.6,0.5,100,0.4295492487479133,0.4718753478018921
449,0.6,0.3,100,0.4500166944908181,0.4718753478018921
449,0.6,1,7,0.399552914065234,0.4718753478018921
449,0.6,0.7,7,0.4162575446401445,0.4718753478018921
449,0.6,0.5,7,0.39534021993902463,0.4718753478018921
449,0.6,0.3,7,0.4682431353844037,0.4718753478018921
449,0.6,1,5,0.4717256783682539,0.4718753478018921
449,0.6,0.7,5,0.4481716715641622,0.4718753478018921
449,0.6,0.5,5,0.40818815609321996,0.4718753478018921
449,0.6,0.3,5,0.3909710251125281,0.4718753478018921
449,0.6,1,3,0.4257272009163844,0.4718753478018921
449,0.6,0.7,3,0.39532437096839024,0.4718753478018921
449,0.6,0.5,3,0.3845129824628064,0.4718753478018921
449,0.6,0.3,3,0.32131893167697767,0.4718753478018921
450,0.6,1,100,0.48299173267934425,0.5172621035058431
450,0.6,0.7,100,0.4722855227114125,0.5172621035058431
450,0.6,0.5,100,0.4878241513633835,0.5172621035058431
450,0.6,0.3,100,0.486644407345576,0.5172621035058431
450,0.6,1,7,0.47965046774364956,0.5172621035058431
450,0.6,0.7,7,0.513100840069731,0.5172621035058431
450,0.6,0.5,7,0.48827517979891266,0.5172621035058431
450,0.6,0.3,7,0.4950550714410149,0.5172621035058431
450,0.6,1,5,0.4842946743794932,0.5172621035058431
450,0.6,0.7,5,0.4807052409203904,0.5172621035058431
450,0.6,0.5,5,0.4566937607767248,0.5172621035058431
450,0.6,0.3,5,0.5031951264583574,0.5172621035058431
450,0.6,1,3,0.4687122958954182,0.5172621035058431
450,0.6,0.7,3,0.4534217948777267,0.5172621035058431
450,0.6,0.5,3,0.4275946528379393,0.5172621035058431
450,0.6,0.3,3,0.3701910280646715,0.5172621035058431
451,0.6,1,100,0.43657496776589755,0.5083542246937449
451,0.6,0.7,100,0.46365826926220816,0.5083542246937449
451,0.6,0.5,100,0.48797996661101845,0.5083542246937449
451,0.6,0.3,100,0.471997774067891,0.5083542246937449
451,0.6,1,7,0.4431762292649756,0.5083542246937449
451,0.6,0.7,7,0.5076427913480901,0.5083542246937449
451,0.6,0.5,7,0.44991752266044027,0.5083542246937449
451,0.6,0.3,7,0.49901595902534157,0.5083542246937449
451,0.6,1,5,0.4492233520618686,0.5083542246937449
451,0.6,0.7,5,0.5018363360034488,0.5083542246937449
451,0.6,0.5,5,0.4591573307483848,0.5083542246937449
451,0.6,0.3,5,0.4273156240562629,0.5083542246937449
451,0.6,1,3,0.48964395559839613,0.5083542246937449
451,0.6,0.7,3,0.4546243862307359,0.5083542246937449
451,0.6,0.5,3,0.4358287789014435,0.5083542246937449
451,0.6,0.3,3,0.3884408950230379,0.5083542246937449
452,0.6,1,100,0.4268318495165266,0.46706733444629944
452,0.6,0.7,100,0.39895381190873686,0.46706733444629944
452,0.6,0.5,100,0.40869226488592103,0.46706733444629944
452,0.6,0.3,100,0.42408458542014477,0.46706733444629944
452,0.6,1,7,0.4032841275106526,0.46706733444629944
452,0.6,0.7,7,0.4157743932640541,0.46706733444629944
452,0.6,0.5,7,0.42184225564045524,0.46706733444629944
452,0.6,0.3,7,0.414610771882168,0.46706733444629944
452,0.6,1,5,0.4033756013660538,0.46706733444629944
452,0.6,0.7,5,0.4097590691280695,0.46706733444629944
452,0.6,0.5,5,0.40470462276937175,0.46706733444629944
452,0.6,0.3,5,0.3999165910370801,0.46706733444629944
452,0.6,1,3,0.4286532381853086,0.46706733444629944
452,0.6,0.7,3,0.4271055674062028,0.46706733444629944
452,0.6,0.5,3,0.40315539553734847,0.46706733444629944
452,0.6,0.3,3,0.3450813293923525,0.46706733444629944
453,0.6,1,100,0.3826170736243283,0.46587646076794664
453,0.6,0.7,100,0.3507957707289928,0.46587646076794664
453,0.6,0.5,100,0.4362938230383974,0.46587646076794664
453,0.6,0.3,100,0.39095158597662777,0.46587646076794664
453,0.6,1,7,0.39055506049938815,0.46587646076794664
453,0.6,0.7,7,0.3932783454127252,0.46587646076794664
453,0.6,0.5,7,0.4050398358596098,0.46587646076794664
453,0.6,0.3,7,0.4230408924029412,0.46587646076794664
453,0.6,1,5,0.3924161311798151,0.46587646076794664
453,0.6,0.7,5,0.37001538220541197,0.46587646076794664
453,0.6,0.5,5,0.41917716106725306,0.46587646076794664
453,0.6,0.3,5,0.39864983745241644,0.46587646076794664
453,0.6,1,3,0.4108859351477282,0.46587646076794664
453,0.6,0.7,3,0.3566795061329698,0.46587646076794664
453,0.6,0.5,3,0.3969072937455446,0.46587646076794664
453,0.6,0.3,3,0.3212672658395099,0.46587646076794664
454,0.6,1,100,0.4623570380083771,0.5032053422370618
454,0.6,0.7,100,0.48602504788110107,0.5032053422370618
454,0.6,0.5,100,0.5337228714524208,0.5032053422370618
454,0.6,0.3,100,0.5134112409571508,0.5032053422370618
454,0.6,1,7,0.4803764023917117,0.5032053422370618
454,0.6,0.7,7,0.48490889978373425,0.5032053422370618
454,0.6,0.5,7,0.5425152040360127,0.5032053422370618
454,0.6,0.3,7,0.5167076917173805,0.5032053422370618
454,0.6,1,5,0.4821470730716571,0.5032053422370618
454,0.6,0.7,5,0.510849985040882,0.5032053422370618
454,0.6,0.5,5,0.48486692832972006,0.5032053422370618
454,0.6,0.3,5,0.49600168264736183,0.5032053422370618
454,0.6,1,3,0.5151952279334086,0.5032053422370618
454,0.6,0.7,3,0.4918419516392061,0.5032053422370618
454,0.6,0.5,3,0.4765476053431289,0.5032053422370618
454,0.6,0.3,3,0.4489728225221336,0.5032053422370618
455,0.6,1,100,0.4541281866613514,0.4958041179744019
455,0.6,0.7,100,0.4820850713087455,0.4958041179744019
455,0.6,0.5,100,0.47067334446299397,0.4958041179744019
455,0.6,0.3,100,0.4564162493043963,0.4958041179744019
455,0.6,1,7,0.4384733992554141,0.4958041179744019
455,0.6,0.7,7,0.4554642443312769,0.4958041179744019
455,0.6,0.5,7,0.45507154945872275,0.4958041179744019
455,0.6,0.3,7,0.422986051183695,0.4958041179744019
455,0.6,1,5,0.47129167848875064,0.4958041179744019
455,0.6,0.7,5,0.4582657093859181,0.4958041179744019
455,0.6,0.5,5,0.4690322590334181,0.4958041179744019
455,0.6,0.3,5,0.4776778138246905,0.4958041179744019
455,0.6,1,3,0.465288276018428,0.4958041179744019
455,0.6,0.7,3,0.4466599347045449,0.4958041179744019
455,0.6,0.5,3,0.40349921864986804,0.4958041179744019
455,0.6,0.3,3,0.36073807340425845,0.4958041179744019
456,0.6,1,100,0.4620111464445123,0.5227935447968838
456,0.6,0.7,100,0.4834859068623634,0.5227935447968838
456,0.6,0.5,100,0.48010016694490826,0.5227935447968838
456,0.6,0.3,100,0.4934223706176962,0.5227935447968838
456,0.6,1,7,0.45605593158782815,0.5227935447968838
456,0.6,0.7,7,0.46505755613180727,0.5227935447968838
456,0.6,0.5,7,0.5019870644415572,0.5227935447968838
456,0.6,0.3,7,0.4756941871723918,0.5227935447968838
456,0.6,1,5,0.4663923328405054,0.5227935447968838
456,0.6,0.7,5,0.5093910107354839,0.5227935447968838
456,0.6,0.5,5,0.44266156977934873,0.5227935447968838
456,0.6,0.3,5,0.494783371620664,0.5227935447968838
456,0.6,1,3,0.46324048961052644,0.5227935447968838
456,0.6,0.7,3,0.463081119010828,0.5227935447968838
456,0.6,0.5,3,0.46995378024307527,0.5227935447968838
456,0.6,0.3,3,0.39409384896306426,0.5227935447968838
457,0.6,1,100,0.4269649220880514,0.47062882582081256
457,0.6,0.7,100,0.4280427609293373,0.47062882582081256
457,0.6,0.5,100,0.4391764051196439,0.47062882582081256
457,0.6,0.3,100,0.456438508625487,0.47062882582081256
457,0.6,1,7,0.4080341600249633,0.47062882582081256
457,0.6,0.7,7,0.4722165336394778,0.47062882582081256
457,0.6,0.5,7,0.4591959498655819,0.47062882582081256
457,0.6,0.3,7,0.45453212569909524,0.47062882582081256
457,0.6,1,5,0.42469669023433965,0.47062882582081256
457,0.6,0.7,5,0.4785027063951622,0.47062882582081256
457,0.6,0.5,5,0.5042826469522044,0.47062882582081256
457,0.6,0.3,5,0.41191791247636916,0.47062882582081256
457,0.6,1,3,0.4233743957952149,0.47062882582081256
457,0.6,0.7,3,0.4474897284565158,0.47062882582081256
457,0.6,0.5,3,0.48296200376050724,0.47062882582081256
457,0.6,0.3,3,0.345669151748726,0.47062882582081256
458,0.6,1,100,0.49052387175366696,0.5063439065108515
458,0.6,0.7,100,0.4837307662074595,0.5063439065108515
458,0.6,0.5,100,0.5170506399554814,0.5063439065108515
458,0.6,0.3,100,0.5236171396772399,0.5063439065108515
458,0.6,1,7,0.48368315465481115,0.5063439065108515
458,0.6,0.7,7,0.486396480936997,0.5063439065108515
458,0.6,0.5,7,0.48192099541211647,0.5063439065108515
458,0.6,0.3,7,0.529098140325285,0.5063439065108515
458,0.6,1,5,0.5111194083160735,0.5063439065108515
458,0.6,0.7,5,0.5150107770415887,0.5063439065108515
458,0.6,0.5,5,0.5192196729401553,0.5063439065108515
458,0.6,0.3,5,0.5375543679889535,0.5063439065108515
458,0.6,1,3,0.5435609130184805,0.5063439065108515
458,0.6,0.7,3,0.48677295021515127,0.5063439065108515
458,0.6,0.5,3,0.5132521257064693,0.5063439065108515
458,0.6,0.3,3,0.3542404127966135,0.5063439065108515
459,0.6,1,100,0.3797461405241447,0.46704080979816237
459,0.6,0.7,100,0.37933222036727887,0.46704080979816237
459,0.6,0.5,100,0.40702281580411803,0.46704080979816237
459,0.6,0.3,100,0.4002782415136339,0.46704080979816237
459,0.6,1,7,0.39384503192829257,0.46704080979816237
459,0.6,0.7,7,0.3977747469302913,0.46704080979816237
459,0.6,0.5,7,0.4202289534444409,0.46704080979816237
459,0.6,0.3,7,0.4716432053883943,0.46704080979816237
459,0.6,1,5,0.43249638983613914,0.46704080979816237
459,0.6,0.7,5,0.3906785339732364,0.46704080979816237
459,0.6,0.5,5,0.41243668335880673,0.46704080979816237
459,0.6,0.3,5,0.3987413688984147,0.46704080979816237
459,0.6,1,3,0.4138666688774266,0.46704080979816237
459,0.6,0.7,3,0.42373775546346365,0.46704080979816237
459,0.6,0.5,3,0.3592230918275225,0.46704080979816237
459,0.6,0.3,3,0.31430679886451907,0.46704080979816237
460,0.6,1,100,0.43682896124566206,0.4099165275459099
460,0.6,0.7,100,0.43901678943440314,0.4099165275459099
460,0.6,0.5,100,0.4149026154702282,0.4099165275459099
460,0.6,0.3,100,0.45110740122426274,0.4099165275459099
460,0.6,1,7,0.4223257057345754,0.4099165275459099
460,0.6,0.7,7,0.461637731194042,0.4099165275459099
460,0.6,0.5,7,0.4623155696797724,0.4099165275459099
460,0.6,0.3,7,0.4395015486103068,0.4099165275459099
460,0.6,1,5,0.4564378907901799,0.4099165275459099
460,0.6,0.7,5,0.43969313731097986,0.4099165275459099
460,0.6,0.5,5,0.46314830080730257,0.4099165275459099
460,0.6,0.3,5,0.44993716301136444,0.4099165275459099
460,0.6,1,3,0.449668692111426,0.4099165275459099
460,0.6,0.7,3,0.4229865952920637,0.4099165275459099
460,0.6,0.5,3,0.45157559536835623,0.4099165275459099
460,0.6,0.3,3,0.37999382095281775,0.4099165275459099
461,0.6,1,100,0.44717346429560606,0.5110962715637174
461,0.6,0.7,100,0.4514190317195326,0.5110962715637174
461,0.6,0.5,100,0.4649081803005009,0.5110962715637174
461,0.6,0.3,100,0.4243850862548693,0.5110962715637174
461,0.6,1,7,0.45968542113655486,0.5110962715637174
461,0.6,0.7,7,0.4176890932642893,0.5110962715637174
461,0.6,0.5,7,0.4550896195452605,0.5110962715637174
461,0.6,0.3,7,0.44877507582289006,0.5110962715637174
461,0.6,1,5,0.4542870408448923,0.5110962715637174
461,0.6,0.7,5,0.4648306788935159,0.5110962715637174
461,0.6,0.5,5,0.4375262209660461,0.5110962715637174
461,0.6,0.3,5,0.4482796104251301,0.5110962715637174
461,0.6,1,3,0.46220284789085675,0.5110962715637174
461,0.6,0.7,3,0.46623850254120425,0.5110962715637174
461,0.6,0.5,3,0.44915574698909394,0.5110962715637174
461,0.6,0.3,3,0.3429788254566524,0.5110962715637174
462,0.6,1,100,0.39482427719173985,0.44355716070611517
462,0.6,0.7,100,0.4131441291040624,0.44355716070611517
462,0.6,0.5,100,0.3763606010016695,0.44355716070611517
462,0.6,0.3,100,0.38054535336672235,0.44355716070611517
462,0.6,1,7,0.398180771215796,0.44355716070611517
462,0.6,0.7,7,0.3753745013639744,0.44355716070611517
462,0.6,0.5,7,0.4326431985087461,0.44355716070611517
462,0.6,0.3,7,0.41578541786176104,0.44355716070611517
462,0.6,1,5,0.43991043610461217,0.44355716070611517
462,0.6,0.7,5,0.4089255880831006,0.44355716070611517
462,0.6,0.5,5,0.3808295431445258,0.44355716070611517
462,0.6,0.3,5,0.40031270572551086,0.44355716070611517
462,0.6,1,3,0.40185956730530376,0.44355716070611517
462,0.6,0.7,3,0.3745703439879174,0.44355716070611517
462,0.6,0.5,3,0.3562087971198117,0.44355716070611517
462,0.6,0.3,3,0.32470205377149836,0.44355716070611517
463,0.6,1,100,0.4327165377559329,0.48873678352810246
463,0.6,0.7,100,0.4951098917934908,0.48873678352810246
463,0.6,0.5,100,0.45406789092932676,0.48873678352810246
463,0.6,0.3,100,0.4761713967723985,0.48873678352810246
463,0.6,1,7,0.4718678905296182,0.48873678352810246
463,0.6,0.7,7,0.4958606717637919,0.48873678352810246
463,0.6,0.5,7,0.4936289887493698,0.48873678352810246
463,0.6,0.3,7,0.5182538140963904,0.48873678352810246
463,0.6,1,5,0.5068197607489014,0.48873678352810246
463,0.6,0.7,5,0.5081572897923166,0.48873678352810246
463,0.6,0.5,5,0.49648523479139445,0.48873678352810246
463,0.6,0.3,5,0.5030131449699065,0.48873678352810246
463,0.6,1,3,0.44710166051591554,0.48873678352810246
463,0.6,0.7,3,0.5078200283706384,0.48873678352810246
463,0.6,0.5,3,0.46645876998089875,0.48873678352810246
463,0.6,0.3,3,0.439913008655624,0.48873678352810246
464,0.6,1,100,0.40501757290558743,0.5175848636616585
464,0.6,0.7,100,0.4095603784084586,0.5175848636616585
464,0.6,0.5,100,0.3685920979410129,0.5175848636616585
464,0.6,0.3,100,0.408280467445743,0.5175848636616585
464,0.6,1,7,0.3762704617311809,0.5175848636616585
464,0.6,0.7,7,0.39569891194865253,0.5175848636616585
464,0.6,0.5,7,0.4139116281708446,0.5175848636616585
464,0.6,0.3,7,0.3973626932392213,0.5175848636616585
464,0.6,1,5,0.4077118945637454,0.5175848636616585
464,0.6,0.7,5,0.4004681556490322,0.5175848636616585
464,0.6,0.5,5,0.386184383198669,0.5175848636616585
464,0.6,0.3,5,0.37716478073848486,0.5175848636616585
464,0.6,1,3,0.4082635863339318,0.5175848636616585
464,0.6,0.7,3,0.39263820370334257,0.5175848636616585
464,0.6,0.5,3,0.4033413131069793,0.5175848636616585
464,0.6,0.3,3,0.3591517228820182,0.5175848636616585
465,0.6,1,100,0.4363492002683881,0.48774624373956604
465,0.6,0.7,100,0.43597106288258214,0.48774624373956604
465,0.6,0.5,100,0.4031385642737897,0.48774624373956604
465,0.6,0.3,100,0.4235726210350585,0.48774624373956604
465,0.6,1,7,0.4318664205461011,0.48774624373956604
465,0.6,0.7,7,0.4119762001679172,0.48774624373956604
465,0.6,0.5,7,0.4186922273984029,0.48774624373956604
465,0.6,0.3,7,0.401921986988883,0.48774624373956604
465,0.6,1,5,0.4389354648917141,0.48774624373956604
465,0.6,0.7,5,0.3653937998110628,0.48774624373956604
465,0.6,0.5,5,0.4130373257219455,0.48774624373956604
465,0.6,0.3,5,0.3976246001106497,0.48774624373956604
465,0.6,1,3,0.3613836398928568,0.48774624373956604
465,0.6,0.7,3,0.444266195689511,0.48774624373956604
465,0.6,0.5,3,0.40616087759583835,0.48774624373956604
465,0.6,0.3,3,0.31136348256802576,0.48774624373956604
466,0.6,1,100,0.4252809947520543,0.5103171953255426
466,0.6,0.7,100,0.4575137938631897,0.5103171953255426
466,0.6,0.5,100,0.47548135781858664,0.5103171953255426
466,0.6,0.3,100,0.4238842515303284,0.5103171953255426
466,0.6,1,7,0.41868260920812034,0.5103171953255426
466,0.6,0.7,7,0.4584000071640319,0.5103171953255426
466,0.6,0.5,7,0.4799804084757784,0.5103171953255426
466,0.6,0.3,7,0.46201792895272537,0.5103171953255426
466,0.6,1,5,0.41221458334670147,0.5103171953255426
466,0.6,0.7,5,0.4590325741080265,0.5103171953255426
466,0.6,0.5,5,0.4666849852270819,0.5103171953255426
466,0.6,0.3,5,0.4218191898383288,0.5103171953255426
466,0.6,1,3,0.4336909000865768,0.5103171953255426
466,0.6,0.7,3,0.4475635290010473,0.5103171953255426
466,0.6,0.5,3,0.43699001036999846,0.5103171953255426
466,0.6,0.3,3,0.36383833918282954,0.5103171953255426
467,0.6,1,100,0.4359182268697244,0.4975848636616584
467,0.6,0.7,100,0.4764252664388783,0.4975848636616584
467,0.6,0.5,100,0.451240957150807,0.4975848636616584
467,0.6,0.3,100,0.4625932109070674,0.4975848636616584
467,0.6,1,7,0.4301983328897335,0.4975848636616584
467,0.6,0.7,7,0.4379363695486822,0.4975848636616584
467,0.6,0.5,7,0.4699828539143608,0.4975848636616584
467,0.6,0.3,7,0.4689552427073883,0.4975848636616584
467,0.6,1,5,0.45189671090732253,0.4975848636616584
467,0.6,0.7,5,0.49367102571038696,0.4975848636616584
467,0.6,0.5,5,0.46485187765843955,0.4975848636616584
467,0.6,0.3,5,0.4532525978780059,0.4975848636616584
467,0.6,1,3,0.4475493398407725,0.4975848636616584
467,0.6,0.7,3,0.4855421928667542,0.4975848636616584
467,0.6,0.5,3,0.4231046574121619,0.4975848636616584
467,0.6,0.3,3,0.41557653519418997,0.4975848636616584
468,0.6,1,100,0.49229400093669107,0.5005898720089038
468,0.6,0.7,100,0.4886086656804089,0.5005898720089038
468,0.6,0.5,100,0.480122426265999,0.5005898720089038
468,0.6,0.3,100,0.4775626043405677,0.5005898720089038
468,0.6,1,7,0.4467727750553034,0.5005898720089038
468,0.6,0.7,7,0.4894563529288585,0.5005898720089038
468,0.6,0.5,7,0.5194678448225837,0.5005898720089038
468,0.6,0.3,7,0.5104381597221648,0.5005898720089038
468,0.6,1,5,0.4637315924909664,0.5005898720089038
468,0.6,0.7,5,0.49001940825668977,0.5005898720089038
468,0.6,0.5,5,0.514229582278862,0.5005898720089038
468,0.6,0.3,5,0.4840695674103736,0.5005898720089038
468,0.6,1,3,0.5054270568464363,0.5005898720089038
468,0.6,0.7,3,0.4720793894270533,0.5005898720089038
468,0.6,0.5,3,0.5359336103663684,0.5005898720089038
468,0.6,0.3,3,0.3988492001314185,0.5005898720089038
469,0.6,1,100,0.4577414751878336,0.48287145242070123
469,0.6,0.7,100,0.44645520311630504,0.48287145242070123
469,0.6,0.5,100,0.4612131329994436,0.48287145242070123
469,0.6,0.3,100,0.4651864218141347,0.48287145242070123
469,0.6,1,7,0.4613651377497114,0.48287145242070123
469,0.6,0.7,7,0.4666184559551847,0.48287145242070123
469,0.6,0.5,7,0.4375951361731599,0.48287145242070123
469,0.6,0.3,7,0.4696795979283539,0.48287145242070123
469,0.6,1,5,0.45469361197350006,0.48287145242070123
469,0.6,0.7,5,0.4440093429506164,0.48287145242070123
469,0.6,0.5,5,0.4718075802888131,0.48287145242070123
469,0.6,0.3,5,0.46677718950083796,0.48287145242070123
469,0.6,1,3,0.4590374365676375,0.48287145242070123
469,0.6,0.7,3,0.4496273195424605,0.48287145242070123
469,0.6,0.5,3,0.44467994485868745,0.48287145242070123
469,0.6,0.3,3,0.31929021475535174,0.48287145242070123
470,0.6,1,100,0.47250847664976026,0.4631899365347271
470,0.6,0.7,100,0.49029763058811393,0.4631899365347271
470,0.6,0.5,100,0.49057317751808577,0.4631899365347271
470,0.6,0.3,100,0.4709961046188092,0.4631899365347271
470,0.6,1,7,0.48835204881471056,0.4631899365347271
470,0.6,0.7,7,0.49459370590604085,0.4631899365347271
470,0.6,0.5,7,0.5205106019283636,0.4631899365347271
470,0.6,0.3,7,0.5165640265122236,0.4631899365347271
470,0.6,1,5,0.5083179257018651,0.4631899365347271
470,0.6,0.7,5,0.5068104568968993,0.4631899365347271
470,0.6,0.5,5,0.5230246007867385,0.4631899365347271
470,0.6,0.3,5,0.4892086650466071,0.4631899365347271
470,0.6,1,3,0.5266166002428142,0.4631899365347271
470,0.6,0.7,3,0.4577897431294945,0.4631899365347271
470,0.6,0.5,3,0.5058214941114079,0.4631899365347271
470,0.6,0.3,3,0.4285827539096751,0.4631899365347271
471,0.6,1,100,0.39656169669217783,0.46981471744584
471,0.6,0.7,100,0.44251530328324995,0.46981471744584
471,0.6,0.5,100,0.44141346688926,0.46981471744584
471,0.6,0.3,100,0.4520756816917085,0.46981471744584
471,0.6,1,7,0.40560631036776906,0.46981471744584
471,0.6,0.7,7,0.443780764536604,0.46981471744584
471,0.6,0.5,7,0.44253864468213433,0.46981471744584
471,0.6,0.3,7,0.442004802238027,0.46981471744584
471,0.6,1,5,0.4524208927178688,0.46981471744584
471,0.6,0.7,5,0.4127266331521959,0.46981471744584
471,0.6,0.5,5,0.456085783182808,0.46981471744584
471,0.6,0.3,5,0.4438863227226682,0.46981471744584
471,0.6,1,3,0.4150366174073395,0.46981471744584
471,0.6,0.7,3,0.44102398683715,0.46981471744584
471,0.6,0.5,3,0.42279908879565103,0.46981471744584
471,0.6,0.3,3,0.3212012756690176,0.46981471744584
472,0.6,1,100,0.4501831087074146,0.5560155815247636
472,0.6,0.7,100,0.44829159710628835,0.5560155815247636
472,0.6,0.5,100,0.44604340567612694,0.5560155815247636
472,0.6,0.3,100,0.438297161936561,0.5560155815247636
472,0.6,1,7,0.43560255708212,0.5560155815247636
472,0.6,0.7,7,0.44100285796365324,0.5560155815247636
472,0.6,0.5,7,0.46245026667182887,0.5560155815247636
472,0.6,0.3,7,0.4751649266110199,0.5560155815247636
472,0.6,1,5,0.4432679788792776,0.5560155815247636
472,0.6,0.7,5,0.47780971649951914,0.5560155815247636
472,0.6,0.5,5,0.44177847010998733,0.5560155815247636
472,0.6,0.3,5,0.4865039863030927,0.5560155815247636
472,0.6,1,3,0.4918480581248476,0.5560155815247636
472,0.6,0.7,3,0.5010612121873066,0.5560155815247636
472,0.6,0.5,3,0.4317736063803201,0.5560155815247636
472,0.6,0.3,3,0.36966103777227655,0.5560155815247636
473,0.6,1,100,0.4589142173564598,0.48937117417918763
473,0.6,0.7,100,0.5076934206724169,0.48937117417918763
473,0.6,0.5,100,0.48203672787979973,0.48937117417918763
473,0.6,0.3,100,0.4863439065108515,0.48937117417918763
473,0.6,1,7,0.4831803614744767,0.48937117417918763
473,0.6,0.7,7,0.4872355071663959,0.48937117417918763
473,0.6,0.5,7,0.5230721142786409,0.48937117417918763
473,0.6,0.3,7,0.5164808061747871,0.48937117417918763
473,0.6,1,5,0.502715902958564,0.48937117417918763
473,0.6,0.7,5,0.4758110885475695,0.48937117417918763
473,0.6,0.5,5,0.5045317870961957,0.48937117417918763
473,0.6,0.3,5,0.4870211310379168,0.48937117417918763
473,0.6,1,3,0.489564025728365,0.48937117417918763
473,0.6,0.7,3,0.4782525215866925,0.48937117417918763
473,0.6,0.5,3,0.47257160687230804,0.48937117417918763
473,0.6,0.3,3,0.41505020461156233,0.48937117417918763
474,0.6,1,100,0.4654343923631201,0.4788536449638287
474,0.6,0.7,100,0.4805173124094206,0.4788536449638287
474,0.6,0.5,100,0.4828380634390652,0.4788536449638287
474,0.6,0.3,100,0.4887479131886478,0.4788536449638287
474,0.6,1,7,0.44585484752341636,0.4788536449638287
474,0.6,0.7,7,0.5003555204010119,0.4788536449638287
474,0.6,0.5,7,0.49659809568599783,0.4788536449638287
474,0.6,0.3,7,0.5166178167729338,0.4788536449638287
474,0.6,1,5,0.4898332495283291,0.4788536449638287
474,0.6,0.7,5,0.48909245968882253,0.4788536449638287
474,0.6,0.5,5,0.5070479997364251,0.4788536449638287
474,0.6,0.3,5,0.5072921489193415,0.4788536449638287
474,0.6,1,3,0.49302700801894406,0.4788536449638287
474,0.6,0.7,3,0.5132396225258772,0.4788536449638287
474,0.6,0.5,3,0.512561164842824,0.4788536449638287
474,0.6,0.3,3,0.40145697328916646,0.4788536449638287
475,0.6,1,100,0.5046093530971912,0.5487367835281025
475,0.6,0.7,100,0.4918753478018921,0.5487367835281025
475,0.6,0.5,100,0.5271229827490262,0.5487367835281025
475,0.6,0.3,100,0.4655425709515861,0.5487367835281025
475,0.6,1,7,0.5265677346330574,0.5487367835281025
475,0.6,0.7,7,0.5060225068111038,0.5487367835281025
475,0.6,0.5,7,0.5467143439580083,0.5487367835281025
475,0.6,0.3,7,0.49505629692364617,0.5487367835281025
475,0.6,1,5,0.523998709302868,0.5487367835281025
475,0.6,0.7,5,0.5310445071511376,0.5487367835281025
475,0.6,0.5,5,0.5069518394384473,0.5487367835281025
475,0.6,0.3,5,0.5039488737770772,0.5487367835281025
475,0.6,1,3,0.516266745862265,0.5487367835281025
475,0.6,0.7,3,0.47180706917053694,0.5487367835281025
475,0.6,0.5,3,0.4747395746431289,0.5487367835281025
475,0.6,0.3,3,0.407655307497026,0.5487367835281025
476,0.6,1,100,0.4357915585126721,0.4834682344710826
476,0.6,0.7,100,0.4436128091636793,0.4834682344710826
476,0.6,0.5,100,0.47922092376182535,0.4834682344710826
476,0.6,0.3,100,0.4675792988313857,0.4834682344710826
476,0.6,1,7,0.46129238498112063,0.4834682344710826
476,0.6,0.7,7,0.49008630447357876,0.4834682344710826
476,0.6,0.5,7,0.45997614710582274,0.4834682344710826
476,0.6,0.3,7,0.4914702191001398,0.4834682344710826
476,0.6,1,5,0.4933134862033914,0.4834682344710826
476,0.6,0.7,5,0.5036859496927659,0.4834682344710826
476,0.6,0.5,5,0.4573764664591093,0.4834682344710826
476,0.6,0.3,5,0.47284745464707234,0.4834682344710826
476,0.6,1,3,0.4687421401644161,0.4834682344710826
476,0.6,0.7,3,0.42534679923235746,0.4834682344710826
476,0.6,0.5,3,0.4303644473040592,0.4834682344710826
476,0.6,0.3,3,0.32717099249968684,0.4834682344710826
477,0.6,1,100,0.4653600149425206,0.5308514190317196
477,0.6,0.7,100,0.4855518674242629,0.5308514190317196
477,0.6,0.5,100,0.5136115748469673,0.5308514190317196
477,0.6,0.3,100,0.4838953811908738,0.5308514190317196
477,0.6,1,7,0.45283272073142966,0.5308514190317196
477,0.6,0.7,7,0.48550975678443326,0.5308514190317196
477,0.6,0.5,7,0.4957979184794489,0.5308514190317196
477,0.6,0.3,7,0.5284012394145532,0.5308514190317196
477,0.6,1,5,0.5180344181658878,0.5308514190317196
477,0.6,0.7,5,0.486707988623363,0.5308514190317196
477,0.6,0.5,5,0.5051404442446972,0.5308514190317196
477,0.6,0.3,5,0.4970968036604431,0.5308514190317196
477,0.6,1,3,0.5017095303972917,0.5308514190317196
477,0.6,0.7,3,0.49140518605227784,0.5308514190317196
477,0.6,0.5,3,0.49894625417574107,0.5308514190317196
477,0.6,0.3,3,0.373657609067454,0.5308514190317196
478,0.6,1,100,0.43560433332355775,0.4685587089593768
478,0.6,0.7,100,0.39817465983455774,0.4685587089593768
478,0.6,0.5,100,0.41794101279910967,0.4685587089593768
478,0.6,0.3,100,0.41547022815804124,0.4685587089593768
478,0.6,1,7,0.42505975149108083,0.4685587089593768
478,0.6,0.7,7,0.42415404515953736,0.4685587089593768
478,0.6,0.5,7,0.4522516064525998,0.4685587089593768
478,0.6,0.3,7,0.44324821748891235,0.4685587089593768
478,0.6,1,5,0.4405552072155579,0.4685587089593768
478,0.6,0.7,5,0.4250500900531159,0.4685587089593768
478,0.6,0.5,5,0.41048422457420203,0.4685587089593768
478,0.6,0.3,5,0.44766991934499745,0.4685587089593768
478,0.6,1,3,0.40673172866578605,0.4685587089593768
478,0.6,0.7,3,0.45530705248684206,0.4685587089593768
478,0.6,0.5,3,0.42502019728811125,0.4685587089593768
478,0.6,0.3,3,0.3651354928368941,0.4685587089593768
479,0.6,1,100,0.4709376545681894,0.4775180856983863
479,0.6,0.7,100,0.4812407483965103,0.4775180856983863
479,0.6,0.5,100,0.4674680022259322,0.4775180856983863
479,0.6,0.3,100,0.4908291597106289,0.4775180856983863
479,0.6,1,7,0.5064417745561094,0.4775180856983863
479,0.6,0.7,7,0.4333803143372588,0.4775180856983863
479,0.6,0.5,7,0.5017862141913104,0.4775180856983863
479,0.6,0.3,7,0.4498383795832681,0.4775180856983863
479,0.6,1,5,0.4660105983005371,0.4775180856983863
479,0.6,0.7,5,0.48510035863832485,0.4775180856983863
479,0.6,0.5,5,0.5390537644751029,0.4775180856983863
479,0.6,0.3,5,0.4622441827026463,0.4775180856983863
479,0.6,1,3,0.4434532780006008,0.4775180856983863
479,0.6,0.7,3,0.45251902386982545,0.4775180856983863
479,0.6,0.5,3,0.4489697696754547,0.4775180856983863
479,0.6,0.3,3,0.3656240497247337,0.4775180856983863
480,0.6,1,100,0.47462793903632294,0.48658875904284926
480,0.6,0.7,100,0.48312321403418523,0.48658875904284926
480,0.6,0.5,100,0.4682136894824709,0.48658875904284926
480,0.6,0.3,100,0.42626599888703404,0.48658875904284926
480,0.6,1,7,0.46146743576204474,0.48658875904284926
480,0.6,0.7,7,0.5020088606653461,0.48658875904284926
480,0.6,0.5,7,0.43525564814607515,0.48658875904284926
480,0.6,0.3,7,0.4719911688141595,0.48658875904284926
480,0.6,1,5,0.4269309398993335,0.48658875904284926
480,0.6,0.7,5,0.45613306057781555,0.48658875904284926
480,0.6,0.5,5,0.44001738957961295,0.48658875904284926
480,0.6,0.3,5,0.45191371921332224,0.48658875904284926
480,0.6,1,3,0.4378384094394853,0.48658875904284926
480,0.6,0.7,3,0.4414764203027177,0.48658875904284926
480,0.6,0.5,3,0.3900860665830799,0.48658875904284926
480,0.6,0.3,3,0.3557740138870256,0.48658875904284926
481,0.6,1,100,0.4826357973841351,0.4899053978853646
481,0.6,0.7,100,0.475709245541378,0.4899053978853646
481,0.6,0.5,100,0.4765275459098498,0.4899053978853646
481,0.6,0.3,100,0.48757929883138573,0.4899053978853646
481,0.6,1,7,0.46503068108948875,0.4899053978853646
481,0.6,0.7,7,0.48330170694097396,0.4899053978853646
481,0.6,0.5,7,0.4727661961237718,0.4899053978853646
481,0.6,0.3,7,0.44360880622246485,0.4899053978853646
481,0.6,1,5,0.47337295201069657,0.4899053978853646
481,0.6,0.7,5,0.4953101948694785,0.4899053978853646
481,0.6,0.5,5,0.48318496100321834,0.4899053978853646
481,0.6,0.3,5,0.44481799079348977,0.4899053978853646
481,0.6,1,3,0.4780666864298605,0.4899053978853646
481,0.6,0.7,3,0.46788561869886386,0.4899053978853646
481,0.6,0.5,3,0.5161903065858029,0.4899053978853646
481,0.6,0.3,3,0.40012026419640756,0.4899053978853646
482,0.6,1,100,0.4899318450726069,0.4826599888703395
482,0.6,0.7,100,0.4981009647765977,0.4826599888703395
482,0.6,0.5,100,0.4704507512520869,0.4826599888703395
482,0.6,0.3,100,0.4918753478018921,0.4826599888703395
482,0.6,1,7,0.49510192881194726,0.4826599888703395
482,0.6,0.7,7,0.4944533018499114,0.4826599888703395
482,0.6,0.5,7,0.5194597812515924,0.4826599888703395
482,0.6,0.3,7,0.5077568049406672,0.4826599888703395
482,0.6,1,5,0.5179928162986603,0.4826599888703395
482,0.6,0.7,5,0.4703563659813077,0.4826599888703395
482,0.6,0.5,5,0.4981122466424983,0.4826599888703395
482,0.6,0.3,5,0.5098683014384672,0.4826599888703395
482,0.6,1,3,0.5059835609851955,0.4826599888703395
482,0.6,0.7,3,0.5036078861369429,0.4826599888703395
482,0.6,0.5,3,0.4757800217831708,0.4826599888703395
482,0.6,0.3,3,0.3842390319078752,0.4826599888703395
483,0.6,1,100,0.5127317652576087,0.543806343906511
483,0.6,0.7,100,0.5322036261018079,0.543806343906511
483,0.6,0.5,100,0.5329326655537007,0.543806343906511
483,0.6,0.3,100,0.521035058430718,0.543806343906511
483,0.6,1,7,0.5146562798774389,0.543806343906511
483,0.6,0.7,7,0.5061393092723393,0.543806343906511
483,0.6,0.5,7,0.5336608700066605,0.543806343906511
483,0.6,0.3,7,0.5247824291950013,0.543806343906511
483,0.6,1,5,0.5016579172472816,0.543806343906511
483,0.6,0.7,5,0.5231514954069976,0.543806343906511
483,0.6,0.5,5,0.5573163615946704,0.543806343906511
483,0.6,0.3,5,0.5179766511713418,0.543806343906511
483,0.6,1,3,0.4894234020072648,0.543806343906511
483,0.6,0.7,3,0.5373421619999315,0.543806343906511
483,0.6,0.5,3,0.49183691308682875,0.543806343906511
483,0.6,0.3,3,0.44263126200151637,0.543806343906511
484,0.6,1,100,0.45095578919864426,0.46684047535093165
484,0.6,0.7,100,0.4302063189943179,0.46684047535093165
484,0.6,0.5,100,0.44083472454090156,0.46684047535093165
484,0.6,0.3,100,0.4758152476349472,0.46684047535093165
484,0.6,1,7,0.4590075385038237,0.46684047535093165
484,0.6,0.7,7,0.44772547344462055,0.46684047535093165
484,0.6,0.5,7,0.4519808940560617,0.46684047535093165
484,0.6,0.3,7,0.45245467151821817,0.46684047535093165
484,0.6,1,5,0.44101865938337786,0.46684047535093165
484,0.6,0.7,5,0.47905617677515694,0.46684047535093165
484,0.6,0.5,5,0.4704112123585606,0.46684047535093165
484,0.6,0.3,5,0.4433582134023437,0.46684047535093165
484,0.6,1,3,0.4874575084683309,0.46684047535093165
484,0.6,0.7,3,0.46601393750764614,0.46684047535093165
484,0.6,0.5,3,0.423670142871803,0.46684047535093165
484,0.6,0.3,3,0.2918008830452694,0.46684047535093165
485,0.6,1,100,0.42764915670086806,0.5111630495269895
485,0.6,0.7,100,0.43720645520311635,0.5111630495269895
485,0.6,0.5,100,0.43549248747913194,0.5111630495269895
485,0.6,0.3,100,0.44895937673900954,0.5111630495269895
485,0.6,1,7,0.4315996894676629,0.5111630495269895
485,0.6,0.7,7,0.41876826947493584,0.5111630495269895
485,0.6,0.5,7,0.4354852986187666,0.5111630495269895
485,0.6,0.3,7,0.4384318908096944,0.5111630495269895
485,0.6,1,5,0.4154120269076755,0.5111630495269895
485,0.6,0.7,5,0.43178597825395687,0.5111630495269895
485,0.6,0.5,5,0.43020779149311694,0.5111630495269895
485,0.6,0.3,5,0.39882877496408714,0.5111630495269895
485,0.6,1,3,0.420564439003005,0.5111630495269895
485,0.6,0.7,3,0.41128405226776116,0.5111630495269895
485,0.6,0.5,3,0.43190635385875586,0.5111630495269895
485,0.6,0.3,3,0.3315809239526883,0.5111630495269895
486,0.6,1,100,0.3963268056608826,0.4780856983861993
486,0.6,0.7,100,0.41032618526347664,0.4780856983861993
486,0.6,0.5,100,0.40544240400667786,0.4780856983861993
486,0.6,0.3,100,0.44820255982192553,0.4780856983861993
486,0.6,1,7,0.4276001521372404,0.4780856983861993
486,0.6,0.7,7,0.43061719930583603,0.4780856983861993
486,0.6,0.5,7,0.46434215551742525,0.4780856983861993
486,0.6,0.3,7,0.42299270144499984,0.4780856983861993
486,0.6,1,5,0.41575966986390694,0.4780856983861993
486,0.6,0.7,5,0.4385039092045557,0.4780856983861993
486,0.6,0.5,5,0.4718467754355315,0.4780856983861993
486,0.6,0.3,5,0.4414316567491976,0.4780856983861993
486,0.6,1,3,0.4060559003977301,0.4780856983861993
486,0.6,0.7,3,0.3994399264607394,0.4780856983861993
486,0.6,0.5,3,0.4208999064823077,0.4780856983861993
486,0.6,0.3,3,0.2843042577881704,0.4780856983861993
487,0.6,1,100,0.4163478001432258,0.4541012799109628
487,0.6,0.7,100,0.38864326278186834,0.4541012799109628
487,0.6,0.5,100,0.40890372843628275,0.4541012799109628
487,0.6,0.3,100,0.41926544240400676,0.4541012799109628
487,0.6,1,7,0.37343060048015625,0.4541012799109628
487,0.6,0.7,7,0.44391708160494786,0.4541012799109628
487,0.6,0.5,7,0.4077649396242126,0.4541012799109628
487,0.6,0.3,7,0.37486094290669975,0.4541012799109628
487,0.6,1,5,0.42300693499547376,0.4541012799109628
487,0.6,0.7,5,0.43103021296621613,0.4541012799109628
487,0.6,0.5,5,0.43170395827621666,0.4541012799109628
487,0.6,0.3,5,0.40391581585220354,0.4541012799109628
487,0.6,1,3,0.400841613059385,0.4541012799109628
487,0.6,0.7,3,0.39964499819162264,0.4541012799109628
487,0.6,0.5,3,0.4067824967741434,0.4541012799109628
487,0.6,0.3,3,0.2972328265037417,0.4541012799109628
488,0.6,1,100,0.38536052168567186,0.4883472454090151
488,0.6,0.7,100,0.3923316638842516,0.4883472454090151
488,0.6,0.5,100,0.4042404006677797,0.4883472454090151
488,0.6,0.3,100,0.4287590428491932,0.4883472454090151
488,0.6,1,7,0.39327230998565305,0.4883472454090151
488,0.6,0.7,7,0.4342649135035884,0.4883472454090151
488,0.6,0.5,7,0.45266893408479947,0.4883472454090151
488,0.6,0.3,7,0.38674846480074565,0.4883472454090151
488,0.6,1,5,0.4061431714282927,0.4883472454090151
488,0.6,0.7,5,0.4150703000036841,0.4883472454090151
488,0.6,0.5,5,0.414920193011437,0.4883472454090151
488,0.6,0.3,5,0.41392403994090193,0.4883472454090151
488,0.6,1,3,0.39883188455828866,0.4883472454090151
488,0.6,0.7,3,0.3581454172298142,0.4883472454090151
488,0.6,0.5,3,0.36275620385890794,0.4883472454090151
488,0.6,0.3,3,0.31249443414532607,0.4883472454090151
489,0.6,1,100,0.4580256941832281,0.4505243475931396
489,0.6,0.7,100,0.42983425107080986,0.4505243475931396
489,0.6,0.5,100,0.44136894824707856,0.4505243475931396
489,0.6,0.3,100,0.47607122982749034,0.4505243475931396
489,0.6,1,7,0.47065242107226285,0.4505243475931396
489,0.6,0.7,7,0.48169718212600776,0.4505243475931396
489,0.6,0.5,7,0.4790052924506659,0.4505243475931396
489,0.6,0.3,7,0.484982590631949,0.4505243475931396
489,0.6,1,5,0.4561167224452374,0.4505243475931396
489,0.6,0.7,5,0.4952703225889658,0.4505243475931396
489,0.6,0.5,5,0.4961269466202096,0.4505243475931396
489,0.6,0.3,5,0.4207505256016543,0.4505243475931396
489,0.6,1,3,0.4713868653857109,0.4505243475931396
489,0.6,0.7,3,0.42920609949351335,0.4505243475931396
489,0.6,0.5,3,0.45543770666343447,0.4505243475931396
489,0.6,0.3,3,0.39705041761768156,0.4505243475931396
490,0.6,1,100,0.5303227971546611,0.5656204785754035
490,0.6,0.7,100,0.5406431235314076,0.5656204785754035
490,0.6,0.5,100,0.5455203116304954,0.5656204785754035
490,0.6,0.3,100,0.5019476905954369,0.5656204785754035
490,0.6,1,7,0.538374841104418,0.5656204785754035
490,0.6,0.7,7,0.554247500608539,0.5656204785754035
490,0.6,0.5,7,0.5466847734012422,0.5656204785754035
490,0.6,0.3,7,0.5409790584530939,0.5656204785754035
490,0.6,1,5,0.5495318285751389,0.5656204785754035
490,0.6,0.7,5,0.5389314571810305,0.5656204785754035
490,0.6,0.5,5,0.5507667758208675,0.5656204785754035
490,0.6,0.3,5,0.5430406820108198,0.5656204785754035
490,0.6,1,3,0.5244570444076743,0.5656204785754035
490,0.6,0.7,3,0.5733975288694276,0.5656204785754035
490,0.6,0.5,3,0.5296640883983288,0.5656204785754035
490,0.6,0.3,3,0.43895989921441086,0.5656204785754035
491,0.6,1,100,0.44503007223225183,0.5116861435726211
491,0.6,0.7,100,0.401446855870896,0.5116861435726211
491,0.6,0.5,100,0.4195548135781859,0.5116861435726211
491,0.6,0.3,100,0.4031496939343351,0.5116861435726211
491,0.6,1,7,0.449961013795613,0.5116861435726211
491,0.6,0.7,7,0.40709278096788193,0.5116861435726211
491,0.6,0.5,7,0.431385836628227,0.5116861435726211
491,0.6,0.3,7,0.4410465370253647,0.5116861435726211
491,0.6,1,5,0.41672861975444014,0.5116861435726211
491,0.6,0.7,5,0.43567200018294866,0.5116861435726211
491,0.6,0.5,5,0.4350344484812051,0.5116861435726211
491,0.6,0.3,5,0.45326121152117876,0.5116861435726211
491,0.6,1,3,0.40818703816409635,0.5116861435726211
491,0.6,0.7,3,0.453677883950917,0.5116861435726211
491,0.6,0.5,3,0.36292430513737267,0.5116861435726211
491,0.6,0.3,3,0.2953135808358722,0.5116861435726211
492,0.6,1,100,0.42907512781866286,0.5023483583750696
492,0.6,0.7,100,0.4422549867991154,0.5023483583750696
492,0.6,0.5,100,0.4430940456316083,0.5023483583750696
492,0.6,0.3,100,0.43964385086254876,0.5023483583750696
492,0.6,1,7,0.44853792893919237,0.5023483583750696
492,0.6,0.7,7,0.4387286875163002,0.5023483583750696
492,0.6,0.5,7,0.4786013591589596,0.5023483583750696
492,0.6,0.3,7,0.4698744062786789,0.5023483583750696
492,0.6,1,5,0.4452081976712274,0.5023483583750696
492,0.6,0.7,5,0.45453093090066016,0.5023483583750696
492,0.6,0.5,5,0.4868830071032076,0.5023483583750696
492,0.6,0.3,5,0.45463866592438773,0.5023483583750696
492,0.6,1,3,0.4479410448170575,0.5023483583750696
492,0.6,0.7,3,0.47914344332635045,0.5023483583750696
492,0.6,0.5,3,0.43115492079966783,0.5023483583750696
492,0.6,0.3,3,0.3517320314076321,0.5023483583750696
493,0.6,1,100,0.4297607918961652,0.5411240957150808
493,0.6,0.7,100,0.47031915207833547,0.5411240957150808
493,0.6,0.5,100,0.4610127991096272,0.5411240957150808
493,0.6,0.3,100,0.46993878686700064,0.5411240957150808
493,0.6,1,7,0.43606594225932616,0.5411240957150808
493,0.6,0.7,7,0.46699872715403207,0.5411240957150808
493,0.6,0.5,7,0.48433097602306396,0.5411240957150808
493,0.6,0.3,7,0.4632778346706456,0.5411240957150808
493,0.6,1,5,0.47600414018553927,0.5411240957150808
493,0.6,0.7,5,0.4759371867453212,0.5411240957150808
493,0.6,0.5,5,0.47307629336848633,0.5411240957150808
493,0.6,0.3,5,0.4634537882097118,0.5411240957150808
493,0.6,1,3,0.452711896717158,0.5411240957150808
493,0.6,0.7,3,0.45443972370760055,0.5411240957150808
493,0.6,0.5,3,0.48626653926320057,0.5411240957150808
493,0.6,0.3,3,0.3505623883974151,0.5411240957150808
494,0.6,1,100,0.41670358363693943,0.5113815007852316
494,0.6,0.7,100,0.44537873589736493,0.5113815007852316
494,0.6,0.5,100,0.4396104618809127,0.5113815007852316
494,0.6,0.3,100,0.47284362826933785,0.5113815007852316
494,0.6,1,7,0.40639139991064877,0.5113815007852316
494,0.6,0.7,7,0.43534840797084673,0.5113815007852316
494,0.6,0.5,7,0.4380768999000056,0.5113815007852316
494,0.6,0.3,7,0.4321691767909208,0.5113815007852316
494,0.6,1,5,0.4522253756532971,0.5113815007852316
494,0.6,0.7,5,0.416829161061755,0.5113815007852316
494,0.6,0.5,5,0.41446245592362646,0.5113815007852316
494,0.6,0.3,5,0.43251030345296315,0.5113815007852316
494,0.6,1,3,0.47585745847378386,0.5113815007852316
494,0.6,0.7,3,0.4658868447739203,0.5113815007852316
494,0.6,0.5,3,0.4383502955334148,0.5113815007852316
494,0.6,0.3,3,0.2990691021535552,0.5113815007852316
495,0.6,1,100,0.37337964752328945,0.4807902058987202
495,0.6,0.7,100,0.36487479131886486,0.4807902058987202
495,0.6,0.5,100,0.38982749026154706,0.4807902058987202
495,0.6,0.3,100,0.3863439065108515,0.4807902058987202
495,0.6,1,7,0.3974229118792022,0.4807902058987202
495,0.6,0.7,7,0.3869824299236655,0.4807902058987202
495,0.6,0.5,7,0.4280960576676971,0.4807902058987202
495,0.6,0.3,7,0.42283069521360334,0.4807902058987202
495,0.6,1,5,0.3833619509097289,0.4807902058987202
495,0.6,0.7,5,0.427767469578867,0.4807902058987202
495,0.6,0.5,5,0.42942603651068356,0.4807902058987202
495,0.6,0.3,5,0.3965065616598342,0.4807902058987202
495,0.6,1,3,0.41080454823536916,0.4807902058987202
495,0.6,0.7,3,0.40049374625015777,0.4807902058987202
495,0.6,0.5,3,0.42462100727044827,0.4807902058987202
495,0.6,0.3,3,0.33933187276750526,0.4807902058987202
496,0.6,1,100,0.4793849314884122,0.5020701168614358
496,0.6,0.7,100,0.48816864460818676,0.5020701168614358
496,0.6,0.5,100,0.49814134668892607,0.5020701168614358
496,0.6,0.3,100,0.554891485809683,0.5020701168614358
496,0.6,1,7,0.49705206844836936,0.5020701168614358
496,0.6,0.7,7,0.5191785815690599,0.5020701168614358
496,0.6,0.5,7,0.5182999436739072,0.5020701168614358
496,0.6,0.3,7,0.533148984269796,0.5020701168614358
496,0.6,1,5,0.5180877170729534,0.5020701168614358
496,0.6,0.7,5,0.5339125727083384,0.5020701168614358
496,0.6,0.5,5,0.532293585018155,0.5020701168614358
496,0.6,0.3,5,0.5099653844369262,0.5020701168614358
496,0.6,1,3,0.5549386367663949,0.5020701168614358
496,0.6,0.7,3,0.5293939128605878,0.5020701168614358
496,0.6,0.5,3,0.5183577164071701,0.5020701168614358
496,0.6,0.3,3,0.4180602645162162,0.5020701168614358
497,0.6,1,100,0.43468872248080226,0.5201780745687258
497,0.6,0.7,100,0.4594160678808648,0.5201780745687258
497,0.6,0.5,100,0.4259543683917641,0.5201780745687258
497,0.6,0.3,100,0.4445520311630496,0.5201780745687258
497,0.6,1,7,0.4433117242409248,0.5201780745687258
497,0.6,0.7,7,0.40444328672476937,0.5201780745687258
497,0.6,0.5,7,0.4057860637849904,0.5201780745687258
497,0.6,0.3,7,0.4375623818651426,0.5201780745687258
497,0.6,1,5,0.4397808715073974,0.5201780745687258
497,0.6,0.7,5,0.41262924893140585,0.5201780745687258
497,0.6,0.5,5,0.429105900218825,0.5201780745687258
497,0.6,0.3,5,0.44982128863934484,0.5201780745687258
497,0.6,1,3,0.39604513851426243,0.5201780745687258
497,0.6,0.7,3,0.4357621148255624,0.5201780745687258
497,0.6,0.5,3,0.44940684391936775,0.5201780745687258
497,0.6,0.3,3,0.2879390219244838,0.5201780745687258
498,0.6,1,100,0.4879539770827017,0.4681023928770173
498,0.6,0.7,100,0.4817431322865957,0.4681023928770173
498,0.6,0.5,100,0.483650528658876,0.4681023928770173
498,0.6,0.3,100,0.5076349471341125,0.4681023928770173
498,0.6,1,7,0.5064441820090461,0.4681023928770173
498,0.6,0.7,7,0.49291622614909614,0.4681023928770173
498,0.6,0.5,7,0.49554802082734783,0.4681023928770173
498,0.6,0.3,7,0.47660583267654255,0.4681023928770173
498,0.6,1,5,0.4845240669717352,0.4681023928770173
498,0.6,0.7,5,0.5068819468939818,0.4681023928770173
498,0.6,0.5,5,0.5103903394954356,0.4681023928770173
498,0.6,0.3,5,0.5216389616310948,0.4681023928770173
498,0.6,1,3,0.49002943681450906,0.4681023928770173
498,0.6,0.7,3,0.48917225270366577,0.4681023928770173
498,0.6,0.5,3,0.48900859398398944,0.4681023928770173
498,0.6,0.3,3,0.4046086490835464,0.4681023928770173
499,0.6,1,100,0.47675079825393285,0.5043183082915972
499,0.6,0.7,100,0.4090105982503263,0.5043183082915972
499,0.6,0.5,100,0.448469671675014,0.5043183082915972
499,0.6,0.3,100,0.4757262103505844,0.5043183082915972
499,0.6,1,7,0.45027939744800943,0.5043183082915972
499,0.6,0.7,7,0.46585841387194077,0.5043183082915972
499,0.6,0.5,7,0.4524811963824002,0.5043183082915972
499,0.6,0.3,7,0.45396938322435865,0.5043183082915972
499,0.6,1,5,0.4481593177536196,0.5043183082915972
499,0.6,0.7,5,0.4687543946239112,0.5043183082915972
499,0.6,0.5,5,0.4344861946700282,0.5043183082915972
499,0.6,0.3,5,0.468625758229685,0.5043183082915972
499,0.6,1,3,0.4448627350311279,0.5043183082915972
499,0.6,0.7,3,0.4490383443130868,0.5043183082915972
499,0.6,0.5,3,0.42904817558203856,0.5043183082915972
499,0.6,0.3,3,0.33264795925479396,0.5043183082915972
500,0.6,1,100,0.41008544456645174,0.5397106288258209
500,0.6,0.7,100,0.44358868771459364,0.5397106288258209
500,0.6,0.5,100,0.46139120756816926,0.5397106288258209
500,0.6,0.3,100,0.4619476905954369,0.5397106288258209
500,0.6,1,7,0.44894675316999627,0.5397106288258209
500,0.6,0.7,7,0.44749954204456743,0.5397106288258209
500,0.6,0.5,7,0.47345408865523975,0.5397106288258209
500,0.6,0.3,7,0.4686196986156157,0.5397106288258209
500,0.6,1,5,0.4293404954927934,0.5397106288258209
500,0.6,0.7,5,0.47515970617321235,0.5397106288258209
500,0.6,0.5,5,0.45552280045845595,0.5397106288258209
500,0.6,0.3,5,0.45767497858438316,0.5397106288258209
500,0.6,1,3,0.44677923377068834,0.5397106288258209
500,0.6,0.7,3,0.4455681009001573,0.5397106288258209
500,0.6,0.5,3,0.44794643149418095,0.5397106288258209
500,0.6,0.3,3,0.3463154224571362,0.5397106288258209
