scenario,label,theta_hat,se,ci_lo,ci_hi,covers,se_ratio,s2_eps_hat,s2_rho_hat,s2_resid_E,n_items,sim_id,theta_true
A,"1 obs/item, naive SE",0.032770554254697,0.11095133259114787,-0.18469405762395283,0.25023516613334684,FALSE,0.5638152384242955,NA,NA,NA,25,1,0.5
B,+ (1|variant): captures phi,0.24254607001349016,0.09794711799163672,0.0505697187498822,0.4345224212770981,FALSE,0.4977324417267364,NA,NA,NA,25,1,0.5
C,+ (1|judge): captures lambda,0.5086856451926187,0.16331110042754396,0.1885958883546326,0.8287754020306048,TRUE,0.8298889691049646,NA,NA,NA,25,1,0.5
D,+ (1|temp): captures tau,0.3800810075926639,0.22244268904384484,-0.05590666293327201,0.8160686781185997,TRUE,1.1303746861802273,NA,NA,NA,25,1,0.5
E,+ interactions: lumps eps into residual,0.3800810075926639,0.21047132797441284,-0.032442795237185296,0.7926048104225131,TRUE,1.0695404840305576,NA,NA,0.2221713107435436,25,1,0.5
F,+ (1|item:variant:judge:temp): splits eps/rho,0.38008100759266406,0.20787077148240457,-0.0273457045128489,0.787507719698177,TRUE,1.056325380215802,0.040496478110631805,0.1002975712176118,NA,25,1,0.5
A,"1 obs/item, naive SE",1.0062071444488188,0.10308414470128804,0.8041622208342942,1.2082520680633433,FALSE,0.5238369856871676,NA,NA,NA,25,2,0.5
B,+ (1|variant): captures phi,0.5696040963182415,0.15836683186047862,0.2592051058717034,0.8800030867647796,TRUE,0.8047639535159575,NA,NA,NA,25,2,0.5
C,+ (1|judge): captures lambda,0.5897679824792171,0.169744003650132,0.2570697353249584,0.9224662296334758,TRUE,0.8625786969297683,NA,NA,NA,25,2,0.5
D,+ (1|temp): captures tau,0.5428006908650412,0.14785473649541825,0.2530054073340215,0.8325959743960609,TRUE,0.75134522103051,NA,NA,NA,25,2,0.5
E,+ interactions: lumps eps into residual,0.5428006908650412,0.14321966674806508,0.2620901440388337,0.8235112376912488,TRUE,0.7277914439492813,NA,NA,0.22815311180049477,25,2,0.5
F,+ (1|item:variant:judge:temp): splits eps/rho,0.5428006908650413,0.13986375335119824,0.2686677342966928,0.8169336474333899,TRUE,0.7107378848094542,0.04426457400991597,0.1009703286571598,NA,25,2,0.5
A,"1 obs/item, naive SE",0.18286913424144197,0.11941841902056685,-0.05119096703886905,0.416929235521753,FALSE,0.6068419623263287,NA,NA,NA,25,3,0.5
B,+ (1|variant): captures phi,0.3045962713588374,0.19249659842119035,-0.0726970615466957,0.6818896042643705,TRUE,0.9781992969354245,NA,NA,NA,25,3,0.5
C,+ (1|judge): captures lambda,0.12992520116162024,0.2240650416123186,-0.3092422803985242,0.5690926827217647,TRUE,1.138618905324246,NA,NA,NA,25,3,0.5
D,+ (1|temp): captures tau,0.5746830469289174,0.26527301972203693,0.05474792827372499,1.0946181655841096,TRUE,1.348023204130907,NA,NA,NA,25,3,0.5
E,+ interactions: lumps eps into residual,0.5746830469289174,0.261442787912523,0.06225518262037222,1.0871109112374624,TRUE,1.3285593273980403,NA,NA,0.20186952258367194,25,3,0.5
F,+ (1|item:variant:judge:temp): splits eps/rho,0.5746830469289173,0.2596785032515104,0.06571318055595698,1.0836529133018775,TRUE,1.31959385980458,0.04298705503580261,0.09997231899827189,NA,25,3,0.5
A,"1 obs/item, naive SE",0.9375804366557682,0.12360683771965301,0.6953110347252482,1.1798498385862881,FALSE,0.628126017526892,NA,NA,NA,25,4,0.5
B,+ (1|variant): captures phi,0.584996515367271,0.16937141099367337,0.25302854981967127,0.9169644809148708,TRUE,0.8606853134747855,NA,NA,NA,25,4,0.5
C,+ (1|judge): captures lambda,0.3146295055640019,0.2640041400874789,-0.2028186090074568,0.8320776201354605,TRUE,1.341575208807351,NA,NA,NA,25,4,0.5
D,+ (1|temp): captures tau,0.6330699640548922,0.28819464818329926,0.06820845361562566,1.1979314744941587,TRUE,1.464502773273016,NA,NA,NA,25,4,0.5
E,+ interactions: lumps eps into residual,0.6330699640548922,0.27960624163087516,0.08504173045837693,1.1810981976514077,TRUE,1.4208595436249019,NA,NA,0.2126460662509177,25,4,0.5
F,+ (1|item:variant:judge:temp): splits eps/rho,0.6330699640548925,0.2773976144552331,0.08937063972263559,1.1767692883871494,TRUE,1.409636085298234,0.04071451256664798,0.10389317301650088,NA,25,4,0.5
A,"1 obs/item, naive SE",0.8249494265883229,0.09981496747345503,0.6293120903403511,1.0205867628362948,FALSE,0.5072241889310067,NA,NA,NA,25,5,0.5
B,+ (1|variant): captures phi,0.8308791299924619,0.09027529789689613,0.6539395461145455,1.0078187138703782,FALSE,0.4587469786876961,NA,NA,NA,25,5,0.5
C,+ (1|judge): captures lambda,0.582090743893885,0.15435356023320898,0.2795577658367954,0.8846237219509747,TRUE,0.7843699334844124,NA,NA,NA,25,5,0.5
D,+ (1|temp): captures tau,0.42420720888964114,0.21890516513723277,-0.004846914779335076,0.8532613325586174,TRUE,1.1123982469770333,NA,NA,NA,25,5,0.5
E,+ interactions: lumps eps into residual,0.42420720888964114,0.20477373774029034,0.022850682918672094,0.8255637348606102,TRUE,1.0405873554716312,NA,NA,0.21396507715810262,25,5,0.5
F,+ (1|item:variant:judge:temp): splits eps/rho,0.4242072088896412,0.2027068479930552,0.02690178682325306,0.8215126309560293,TRUE,1.030084156380473,0.03775475157629571,0.1010691970732656,NA,25,5,0.5
A,"1 obs/item, naive SE",0.8935817446905714,0.10814086717932081,0.6816256450191026,1.1055378443620403,FALSE,0.5495334520838677,NA,NA,NA,25,6,0.5
B,+ (1|variant): captures phi,0.8090073134489028,0.1080118385277664,0.5973041099344806,1.0207105169633248,FALSE,0.5488777743354284,NA,NA,NA,25,6,0.5
C,+ (1|judge): captures lambda,0.7593118539667993,0.12896324315313448,0.5065438973866558,1.0120798105469428,FALSE,0.6553453661912675,NA,NA,NA,25,6,0.5
D,+ (1|temp): captures tau,0.5640057187529105,0.1739288077021478,0.2231052556567008,0.9049061818491202,TRUE,0.883844383778621,NA,NA,NA,25,6,0.5
E,+ interactions: lumps eps into residual,0.5640057187529105,0.16579331365106714,0.23905082399681893,0.888960613509002,TRUE,0.8425026944902901,NA,NA,0.23430379736945367,25,6,0.5
F,+ (1|item:variant:judge:temp): splits eps/rho,0.5640057187529105,0.16036651736502383,0.2496873447174638,0.8783240927883572,TRUE,0.8149256445311831,0.03780540032609424,0.09963778301018048,NA,25,6,0.5
A,"1 obs/item, naive SE",0.1800895572416675,0.13206171081516666,-0.07875139595605915,0.43893051043939413,FALSE,0.6710906776068243,NA,NA,NA,25,7,0.5
B,+ (1|variant): captures phi,0.7689001079298171,0.26030896287698374,0.258694540690929,1.2791056751687053,TRUE,1.322797631546223,NA,NA,NA,25,7,0.5
C,+ (1|judge): captures lambda,0.4136782691542129,0.3050521132240377,-0.18422387276490093,1.0115804110733269,TRUE,1.5501664192086348,NA,NA,NA,25,7,0.5
D,+ (1|temp): captures tau,0.6621869126927777,0.2538609925966344,0.16461936720337428,1.1597544581821813,TRUE,1.29003133828894,NA,NA,NA,25,7,0.5
E,+ interactions: lumps eps into residual,0.6621869126927777,0.24352453391288403,0.18487882622352503,1.1394949991620305,TRUE,1.2375051289939414,NA,NA,0.19021660741075613,25,7,0.5
F,+ (1|item:variant:judge:temp): splits eps/rho,0.662186912692778,0.24163280644766244,0.1885866120553596,1.1357872133301963,TRUE,1.227892042364617,0.038514798200769876,0.10119610250995856,NA,25,7,0.5
A,"1 obs/item, naive SE",0.7918916274856467,0.11104452064068984,0.5742443670298946,1.0095388879413987,FALSE,0.5642887869716069,NA,NA,NA,25,8,0.5
B,+ (1|variant): captures phi,0.9659358020796096,0.15905498032183163,0.6541880406488196,1.2776835635103996,FALSE,0.8082608794180446,NA,NA,NA,25,8,0.5
C,+ (1|judge): captures lambda,1.089262736574556,0.18500514904152934,0.7266526444531585,1.4518728286959535,FALSE,0.9401304137639024,NA,NA,NA,25,8,0.5
D,+ (1|temp): captures tau,0.7535614307675648,0.2365994175868711,0.2898265722972974,1.217296289237832,TRUE,1.2023141491176126,NA,NA,NA,25,8,0.5
E,+ interactions: lumps eps into residual,0.7535614307675648,0.22023580051733493,0.3218992617535883,1.1852235997815412,TRUE,1.1191600630505065,NA,NA,0.20793414353182732,25,8,0.5
F,+ (1|item:variant:judge:temp): splits eps/rho,0.753561430767565,0.21740342215871294,0.3274507233364876,1.1796721381986424,TRUE,1.1047669229026642,0.03938651684884992,0.10170931228001107,NA,25,8,0.5
A,"1 obs/item, naive SE",0.4942352421237468,0.11474538979356286,0.26933427812836364,0.71913620611913,TRUE,0.5830952886608953,NA,NA,NA,25,9,0.5
B,+ (1|variant): captures phi,0.4943219787151044,0.2605182616316948,-0.016293814083017333,1.0049377715132262,TRUE,1.3238612134296797,NA,NA,NA,25,9,0.5
C,+ (1|judge): captures lambda,0.4834639401822377,0.24280753933408694,0.007561163087427325,0.9593667172770481,TRUE,1.2338616173753558,NA,NA,NA,25,9,0.5
D,+ (1|temp): captures tau,0.3738294498650045,0.19822442902932014,-0.01469043103246298,0.762349330762472,TRUE,1.0073060963271636,NA,NA,NA,25,9,0.5
E,+ interactions: lumps eps into residual,0.3738294498650045,0.18490167946526406,0.011422158113086944,0.736236741616922,TRUE,0.9396046181519953,NA,NA,0.19361924737424893,25,9,0.5
F,+ (1|item:variant:judge:temp): splits eps/rho,0.3738294498650044,0.1820818012964292,0.01694911932400317,0.7307097804060056,TRUE,0.925274999525892,0.03808925144043648,0.09782673801028795,NA,25,9,0.5
A,"1 obs/item, naive SE",1.6715640432299534,0.15267457018342703,1.3723218856704364,1.9708062007894704,FALSE,0.7758379027902146,NA,NA,NA,25,10,0.5
B,+ (1|variant): captures phi,1.2742866494446126,0.222006070610984,0.8391547510470839,1.7094185478421413,FALSE,1.1281559464853108,NA,NA,NA,25,10,0.5
C,+ (1|judge): captures lambda,0.8942626325192293,0.28845892482857455,0.3288831398552232,1.4596421251832354,TRUE,1.4658457332563355,NA,NA,NA,25,10,0.5
D,+ (1|temp): captures tau,0.654947202853137,0.25736564315108806,0.15051054227700444,1.1593838634292695,TRUE,1.307840726800158,NA,NA,NA,25,10,0.5
E,+ interactions: lumps eps into residual,0.654947202853137,0.23938598260348967,0.1857506769502973,1.1241437287559768,TRUE,1.2164744821441575,NA,NA,0.21821593423126948,25,10,0.5
F,+ (1|item:variant:judge:temp): splits eps/rho,0.654947202853137,0.23623890314080703,0.19191895269715525,1.1179754530091188,TRUE,1.2004821428350738,0.0371913757475991,0.10060568785310586,NA,25,10,0.5
A,"1 obs/item, naive SE",0.6486813337836361,0.10133725344875541,0.45006031702407556,0.8473023505431967,TRUE,0.5149599052137188,NA,NA,NA,25,11,0.5
B,+ (1|variant): captures phi,0.5129222675398473,0.08913856869893623,0.33821067288993223,0.6876338621897623,TRUE,0.45297052491464107,NA,NA,NA,25,11,0.5
C,+ (1|judge): captures lambda,0.5431147374358248,0.1395038899463696,0.2696871131409404,0.8165423617307093,TRUE,0.708909186887084,NA,NA,NA,25,11,0.5
D,+ (1|temp): captures tau,0.4183071981119076,0.192804308502522,0.04041075344696449,0.7962036427768506,TRUE,0.9797629702038735,NA,NA,NA,25,11,0.5
E,+ interactions: lumps eps into residual,0.4183071981119076,0.1790302337837825,0.06740793989569388,0.7692064563281213,TRUE,0.9097680180004802,NA,NA,0.21284299738557697,25,11,0.5
F,+ (1|item:variant:judge:temp): splits eps/rho,0.41830719811190753,0.17540628709906814,0.07451087539773399,0.7621035208260811,TRUE,0.8913524089549502,0.0442746030028067,0.09808375828376874,NA,25,11,0.5
A,"1 obs/item, naive SE",0.8136822612530822,0.10123855861464985,0.6152546863683684,1.0121098361377958,FALSE,0.5144583731444509,NA,NA,NA,25,12,0.5
B,+ (1|variant): captures phi,0.5875926903272348,0.1560496074674723,0.2817354596909891,0.8934499209634805,TRUE,0.7929886427277598,NA,NA,NA,25,12,0.5
C,+ (1|judge): captures lambda,0.23809117275079586,0.30297989311497686,-0.3557494177545588,0.8319317632561505,TRUE,1.539636133113171,NA,NA,NA,25,12,0.5
D,+ (1|temp): captures tau,0.3705701118379874,0.23500734847799798,-0.09004429117888862,0.8311845148548633,TRUE,1.194223819752079,NA,NA,NA,25,12,0.5
E,+ interactions: lumps eps into residual,0.3705701118379874,0.2201403228228816,-0.06090492089486055,0.8020451445708353,TRUE,1.1186748793415304,NA,NA,0.21531093200073,25,12,0.5
F,+ (1|item:variant:judge:temp): splits eps/rho,0.3705701118379872,0.21785644943391969,-0.056428529052495346,0.7975687527284698,TRUE,1.1070690465024287,0.04072100125083404,0.10098137710438561,NA,25,12,0.5
A,"1 obs/item, naive SE",0.7509512959076643,0.12200849597677013,0.5118146437931949,0.9900879480221337,FALSE,0.620003812864711,NA,NA,NA,25,13,0.5
B,+ (1|variant): captures phi,0.36075633396249196,0.23740006920880607,-0.10454780168676792,0.8260604696117518,TRUE,1.2063827760964299,NA,NA,NA,25,13,0.5
C,+ (1|judge): captures lambda,0.2699803425797787,0.18593937061019633,-0.09446082381620607,0.6344215089757634,TRUE,0.9448777957392056,NA,NA,NA,25,13,0.5
D,+ (1|temp): captures tau,0.4676710770789456,0.21244918581011885,0.0512706728911127,0.8840714812667785,TRUE,1.0795912545906303,NA,NA,NA,25,13,0.5
E,+ interactions: lumps eps into residual,0.4676710770789456,0.2040139742778589,0.06780368749434218,0.8675384666635491,TRUE,1.0367265075871324,NA,NA,0.19561804566302157,25,13,0.5
F,+ (1|item:variant:judge:temp): splits eps/rho,0.4676710770789456,0.20263815826829212,0.07050028687309307,0.8648418672847982,TRUE,1.029735099612608,0.04119810453815838,0.10169266991701618,NA,25,13,0.5
A,"1 obs/item, naive SE",0.7280499970377242,0.12602591296428817,0.4810392076277194,0.975060786447729,TRUE,0.6404188981437139,NA,NA,NA,25,14,0.5
B,+ (1|variant): captures phi,0.9756893746542593,0.15866881570852684,0.6646984958655466,1.286680253442972,FALSE,0.8062985281020512,NA,NA,NA,25,14,0.5
C,+ (1|judge): captures lambda,0.7035830285873126,0.19747250014901363,0.3165369282952459,1.0906291288793792,TRUE,1.0034850610044934,NA,NA,NA,25,14,0.5
D,+ (1|temp): captures tau,0.48373083679575124,0.21475972588248254,0.06280177406608545,0.904659899525417,TRUE,1.091332598037032,NA,NA,NA,25,14,0.5
E,+ interactions: lumps eps into residual,0.48373083679575124,0.19888545399071023,0.0939153469739592,0.8735463266175433,TRUE,1.0106651902425468,NA,NA,0.2199772705883427,25,14,0.5
F,+ (1|item:variant:judge:temp): splits eps/rho,0.48373083679575146,0.19516533366534086,0.10120678281168338,0.8662548907798195,TRUE,0.9917608609367936,0.04128894855747389,0.0991511143433963,NA,25,14,0.5
A,"1 obs/item, naive SE",-0.06886517519349292,0.10140418940590598,-0.2676173864290686,0.1298870360420828,FALSE,0.515300049957893,NA,NA,NA,25,15,0.5
B,+ (1|variant): captures phi,0.04966522089712663,0.1818847189611732,-0.3068288282667728,0.40615927006102615,FALSE,0.9242734971442031,NA,NA,NA,25,15,0.5
C,+ (1|judge): captures lambda,0.5320797158236708,0.28188328977411364,-0.020411532133591925,1.0845709637809335,TRUE,1.4324306929910342,NA,NA,NA,25,15,0.5
D,+ (1|temp): captures tau,0.2513101528207046,0.2640891920138853,-0.26630466352651055,0.7689249691679199,TRUE,1.3420074124685901,NA,NA,NA,25,15,0.5
E,+ interactions: lumps eps into residual,0.2513101528207046,0.25100556893309606,-0.24066076228816363,0.7432810679295729,TRUE,1.275521090092167,NA,NA,0.20279857505953716,25,15,0.5
F,+ (1|item:variant:judge:temp): splits eps/rho,0.25131015282070446,0.2489181173641612,-0.2365693572130515,0.7391896628544604,TRUE,1.2649134031311176,0.04573118339522129,0.09954706891954974,NA,25,15,0.5
A,"1 obs/item, naive SE",0.42081011454465767,0.112410403038587,0.20048572458902714,0.6411345045002882,TRUE,0.5712297158621841,NA,NA,NA,25,16,0.5
B,+ (1|variant): captures phi,0.4990281838781636,0.18491921829970095,0.13658651601074973,0.8614698517455774,TRUE,0.939693744275033,NA,NA,NA,25,16,0.5
C,+ (1|judge): captures lambda,0.7442219351711471,0.19780847636524723,0.35651732149526255,1.1319265488470316,TRUE,1.0051923727242964,NA,NA,NA,25,16,0.5
D,+ (1|temp): captures tau,0.8926752668814995,0.20147498981307096,0.49778428684788034,1.2875662469151186,TRUE,1.0238242909310684,NA,NA,NA,25,16,0.5
E,+ interactions: lumps eps into residual,0.8926752668814995,0.1781051608602939,0.5435891515953234,1.2417613821676756,FALSE,0.9050671261884049,NA,NA,0.21397730430336215,25,16,0.5
F,+ (1|item:variant:judge:temp): splits eps/rho,0.8926752668814997,0.1748502382288213,0.54996879995301,1.2353817338099895,FALSE,0.8885267662246455,0.039197482763393195,0.09996788333648778,NA,25,16,0.5
A,"1 obs/item, naive SE",0.5569269649361314,0.09667876003238723,0.3674365952726524,0.7464173345996103,TRUE,0.4912870973716867,NA,NA,NA,25,17,0.5
B,+ (1|variant): captures phi,0.6148774757304994,0.1124726523168481,0.3944310771894772,0.8353238742715217,TRUE,0.5715460445699595,NA,NA,NA,25,17,0.5
C,+ (1|judge): captures lambda,0.6463839120674716,0.20840589380692354,0.23790836020590145,1.0548594639290418,TRUE,1.0590446816783325,NA,NA,NA,25,17,0.5
D,+ (1|temp): captures tau,0.6671556053920792,0.21346261952445855,0.24876887112414042,1.085542339660018,TRUE,1.0847411645370317,NA,NA,NA,25,17,0.5
E,+ interactions: lumps eps into residual,0.6671556053920792,0.20412275229186272,0.2670750109000283,1.06723619988413,TRUE,1.0372792787929266,NA,NA,0.21762318350491247,25,17,0.5
F,+ (1|item:variant:judge:temp): splits eps/rho,0.6671556053920791,0.20071345928335324,0.27375722519670675,1.0605539855874513,TRUE,1.0199544634386637,0.04417045929959591,0.09952134308634072,NA,25,17,0.5
A,"1 obs/item, naive SE",1.1559746085473894,0.11762048221798993,0.9254384634001291,1.3865107536946497,FALSE,0.5977054865099256,NA,NA,NA,25,18,0.5
B,+ (1|variant): captures phi,0.9834737892559562,0.1740444527991472,0.6423466617696276,1.3246009167422848,FALSE,0.8844320510595322,NA,NA,NA,25,18,0.5
C,+ (1|judge): captures lambda,0.7912058633350395,0.21264784332616835,0.3744160904157496,1.2079956362543294,TRUE,1.0806007614812683,NA,NA,NA,25,18,0.5
D,+ (1|temp): captures tau,0.5864953197608663,0.26037527911709196,0.07615977269136609,1.0968308668303666,TRUE,1.323134627108645,NA,NA,NA,25,18,0.5
E,+ interactions: lumps eps into residual,0.5864953197608663,0.2527995644149569,0.09100817350755086,1.081982466014182,TRUE,1.2846375375174965,NA,NA,0.20590441394039663,25,18,0.5
F,+ (1|item:variant:judge:temp): splits eps/rho,0.5864953197608662,0.25021228176153665,0.09607924750825442,1.076911392013478,TRUE,1.2714898866327198,0.03892114457438703,0.09874454018111123,NA,25,18,0.5
A,"1 obs/item, naive SE",0.3497487736653054,0.12050159204576968,0.11356565325559681,0.585931894075014,TRUE,0.6123462626641168,NA,NA,NA,25,19,0.5
B,+ (1|variant): captures phi,0.11223770638338433,0.18475863171971105,-0.24988921178724932,0.47436462455401796,FALSE,0.9388777003504558,NA,NA,NA,25,19,0.5
C,+ (1|judge): captures lambda,0.3186750523886483,0.24276566919585427,-0.15714565923522605,0.7944957640125226,TRUE,1.233648848214146,NA,NA,NA,25,19,0.5
D,+ (1|temp): captures tau,0.4363312311906048,0.34367637090077985,-0.23727445577492368,1.1099369181561332,TRUE,1.7464411690687482,NA,NA,NA,25,19,0.5
E,+ interactions: lumps eps into residual,0.4363312311906048,0.33702384451581757,-0.2242355040603976,1.0968979664416072,TRUE,1.7126353943901964,NA,NA,0.22008599308418972,25,19,0.5
F,+ (1|item:variant:judge:temp): splits eps/rho,0.43633123119060474,0.3348514053824398,-0.2199775233589772,1.0926399857401867,TRUE,1.701595830832531,0.04124949624350963,0.10089148505604734,NA,25,19,0.5
A,"1 obs/item, naive SE",0.8136920388525376,0.12936358900285258,0.5601394044069465,1.0672446732981287,FALSE,0.6573797815104846,NA,NA,NA,25,20,0.5
B,+ (1|variant): captures phi,0.7233943140293638,0.12487660412102518,0.4786361699521545,0.9681524581065731,TRUE,0.6345785190842272,NA,NA,NA,25,20,0.5
C,+ (1|judge): captures lambda,0.667400143850171,0.1283616847832794,0.4158112416749434,0.9189890460253987,TRUE,0.6522884603587273,NA,NA,NA,25,20,0.5
D,+ (1|temp): captures tau,0.5250707852762133,0.14783603496855208,0.23531215673785127,0.8148294138145753,TRUE,0.7512501865177854,NA,NA,NA,25,20,0.5
E,+ interactions: lumps eps into residual,0.5250707852762133,0.13215445614533045,0.26604805123136566,0.784093519321061,TRUE,0.671561976411605,NA,NA,0.2084904951200969,25,20,0.5
F,+ (1|item:variant:judge:temp): splits eps/rho,0.5250707852762133,0.12687539738717418,0.27639500639735193,0.7737465641550747,TRUE,0.6447356760610384,0.03819954753558235,0.09443843202725183,NA,25,20,0.5
A,"1 obs/item, naive SE",0.5157713343627998,0.09186096366628725,0.33572384557687673,0.6958188231487228,TRUE,0.4668047685578272,NA,NA,NA,25,21,0.5
B,+ (1|variant): captures phi,0.23531221554546264,0.12020501404753432,-2.896119877046355e-4,0.47091404307862994,FALSE,0.6108391586854504,NA,NA,NA,25,21,0.5
C,+ (1|judge): captures lambda,0.15596291460764794,0.18006365262681248,-0.19696184454090454,0.5088876737562005,TRUE,0.9150194852678648,NA,NA,NA,25,21,0.5
D,+ (1|temp): captures tau,0.1746740769564774,0.2220359699883826,-0.2605164242207525,0.6098645781337073,TRUE,1.1283078844945535,NA,NA,NA,25,21,0.5
E,+ interactions: lumps eps into residual,0.1746740769564774,0.21011903921599195,-0.23715923990686683,0.5865073938198216,TRUE,1.0677502777690862,NA,NA,0.21180670985857622,25,21,0.5
F,+ (1|item:variant:judge:temp): splits eps/rho,0.17467407695647755,0.20728802727179038,-0.2316104564962316,0.5809586104091867,TRUE,1.0533640812536837,0.044223701192001086,0.10231256936925784,NA,25,21,0.5
A,"1 obs/item, naive SE",0.2082989521309015,0.14419945166344242,-0.07433197312944562,0.4909298773912486,FALSE,0.7327703626586549,NA,NA,NA,25,22,0.5
B,+ (1|variant): captures phi,0.2933244920171445,0.15378739817156883,-0.008098808399130408,0.5947477924334195,TRUE,0.7814928991098303,NA,NA,NA,25,22,0.5
C,+ (1|judge): captures lambda,0.20388853663691922,0.16802665675443185,-0.1254437106017672,0.5332207838756057,TRUE,0.8538517503772249,NA,NA,NA,25,22,0.5
D,+ (1|temp): captures tau,0.22502657668160875,0.1985223737951842,-0.16407727595695226,0.6141304293201697,TRUE,1.0088201457331492,NA,NA,NA,25,22,0.5
E,+ interactions: lumps eps into residual,0.22502657668160875,0.18586409503711035,-0.1392670495911275,0.589320202954345,TRUE,0.9444952720308749,NA,NA,0.21724269225664802,25,22,0.5
F,+ (1|item:variant:judge:temp): splits eps/rho,0.22502657668160872,0.18219016816232536,-0.13206615291654897,0.5821193062797664,TRUE,0.9258256814231314,0.04177124849373582,0.10106962207246488,NA,25,22,0.5
A,"1 obs/item, naive SE",1.070740661270618,0.10933399666390227,0.8564460278093696,1.2850352947318666,FALSE,0.5555965120680074,NA,NA,NA,25,23,0.5
B,+ (1|variant): captures phi,0.4290469333605675,0.25145439121961694,-0.06380367342988169,0.9218975401510167,TRUE,1.2778018454339473,NA,NA,NA,25,23,0.5
C,+ (1|judge): captures lambda,0.3358997718399948,0.22945122286971187,-0.11382462498464047,0.7856241686646301,TRUE,1.165989564142957,NA,NA,NA,25,23,0.5
D,+ (1|temp): captures tau,0.4138542887938186,0.3136057229002829,-0.2008129280907358,1.028521505678373,TRUE,1.5936328234993509,NA,NA,NA,25,23,0.5
E,+ interactions: lumps eps into residual,0.4138542887938186,0.30417744279841885,-0.18233349909108232,1.0100420766787195,TRUE,1.5457216549769133,NA,NA,0.195844673857108,25,23,0.5
F,+ (1|item:variant:judge:temp): splits eps/rho,0.4138542887938185,0.30235905013607517,-0.1787694494728888,1.0064780270605258,TRUE,1.5364812297515016,0.04041905616216364,0.09652538402737375,NA,25,23,0.5
A,"1 obs/item, naive SE",1.805480912900845,0.12366824253225916,1.563091157537617,2.047870668264073,FALSE,0.628438054960345,NA,NA,NA,25,24,0.5
B,+ (1|variant): captures phi,1.2760902230198354,0.23070966577665816,0.8238992780975855,1.7282811679420855,FALSE,1.1723845237261634,NA,NA,NA,25,24,0.5
C,+ (1|judge): captures lambda,0.6688571837379778,0.36303983730150263,-0.04270089737296734,1.380415264848923,TRUE,1.84483942324452,NA,NA,NA,25,24,0.5
D,+ (1|temp): captures tau,0.5521442508212315,0.28493730140312024,-0.006332859928884105,1.1106213615713472,TRUE,1.4479500946471104,NA,NA,NA,25,24,0.5
E,+ interactions: lumps eps into residual,0.5521442508212315,0.27468426541224805,0.013763090613225337,1.0905254110292377,TRUE,1.3958478098276157,NA,NA,0.21867270325011295,25,24,0.5
F,+ (1|item:variant:judge:temp): splits eps/rho,0.5521442508212316,0.27201985490951747,0.01898533519857737,1.085303166443886,TRUE,1.3823082226250631,0.038428716219473004,0.09848531686584476,NA,25,24,0.5
A,"1 obs/item, naive SE",0.061599822741210994,0.1419310540403213,-0.21658504317781874,0.33978468866024075,FALSE,0.7212431721612316,NA,NA,NA,25,25,0.5
B,+ (1|variant): captures phi,0.30265072012169786,0.11196319505935973,0.0832028578053528,0.5220985824380429,TRUE,0.5689571638563203,NA,NA,NA,25,25,0.5
C,+ (1|judge): captures lambda,0.6233288156193715,0.21291033905223325,0.2060245510769943,1.0406330801617487,TRUE,1.0819346714661262,NA,NA,NA,25,25,0.5
D,+ (1|temp): captures tau,0.6785707086905877,0.2187640006644329,0.24979326738829916,1.1073481499928761,TRUE,1.1116808992982814,NA,NA,NA,25,25,0.5
E,+ interactions: lumps eps into residual,0.6785707086905877,0.20572713309498752,0.27534552782441213,1.0817958895567632,TRUE,1.0454321718128825,NA,NA,0.21370707034061692,25,25,0.5
F,+ (1|item:variant:judge:temp): splits eps/rho,0.6785707086905877,0.20236889444141248,0.2819276755854192,1.0752137417957561,TRUE,1.0283667965448962,0.04229295205636352,0.0971377867150177,NA,25,25,0.5
A,"1 obs/item, naive SE",0.7047259505049194,0.13345864120004886,0.4431470137528236,0.9663048872570151,TRUE,0.6781893813323291,NA,NA,NA,25,26,0.5
B,+ (1|variant): captures phi,0.5372851177708204,0.15584405576464072,0.23183076847212464,0.8427394670695163,TRUE,0.791944102030195,NA,NA,NA,25,26,0.5
C,+ (1|judge): captures lambda,0.3806922091070145,0.14873351501303408,0.08917451968146772,0.6722098985325613,TRUE,0.7558108611256814,NA,NA,NA,25,26,0.5
D,+ (1|temp): captures tau,0.5475610180292113,0.19484423826148004,0.16566631103671042,0.9294557250217121,TRUE,0.9901291682166002,NA,NA,NA,25,26,0.5
E,+ interactions: lumps eps into residual,0.5475610180292113,0.18104496057343822,0.1927128953052724,0.9024091407531503,TRUE,0.9200061434807342,NA,NA,0.20986730551625132,25,26,0.5
F,+ (1|item:variant:judge:temp): splits eps/rho,0.5475610180292113,0.17774455532889677,0.19918168958457366,0.8959403464738489,TRUE,0.9032346570425768,0.043482705818908646,0.10411846314485455,NA,25,26,0.5
A,"1 obs/item, naive SE",-0.05145457707877582,0.1108507353879887,-0.2687220184392337,0.16581286428168204,FALSE,0.5633040391916283,NA,NA,NA,25,27,0.5
B,+ (1|variant): captures phi,0.7643041352072542,0.25918627993387194,0.2562990265368652,1.272309243877643,TRUE,1.317092555848052,NA,NA,NA,25,27,0.5
C,+ (1|judge): captures lambda,0.5166734881548865,0.2483233554052803,0.02995971156053706,1.003387264749236,TRUE,1.2618910342435996,NA,NA,NA,25,27,0.5
D,+ (1|temp): captures tau,0.3100710522558418,0.2500639626351411,-0.1800543145090347,0.8001964190207183,TRUE,1.270736181547268,NA,NA,NA,25,27,0.5
E,+ interactions: lumps eps into residual,0.3100710522558418,0.23739644533646634,-0.15522598060363219,0.7753680851153157,TRUE,1.206364360865179,NA,NA,0.19586930308022368,25,27,0.5
F,+ (1|item:variant:judge:temp): splits eps/rho,0.31007105225584175,0.23520452836363026,-0.15092982333687355,0.771071927848557,TRUE,1.195225817850109,0.038712427692173854,0.100979004017219,NA,25,27,0.5
A,"1 obs/item, naive SE",1.0369162332431636,0.09173103617021543,0.8571234023495413,1.216709064136786,FALSE,0.4661445232010134,NA,NA,NA,25,28,0.5
B,+ (1|variant): captures phi,0.8706641093060262,0.13130780611378898,0.6133008093229999,1.1280274092890525,FALSE,0.6672596018637073,NA,NA,NA,25,28,0.5
C,+ (1|judge): captures lambda,0.5460382142388882,0.2588659581984385,0.03866093616994881,1.0534154923078276,TRUE,1.3154647946358329,NA,NA,NA,25,28,0.5
D,+ (1|temp): captures tau,0.6727188374540811,0.23066091068675967,0.22062345250803217,1.12481422240013,TRUE,1.1721367676876053,NA,NA,NA,25,28,0.5
E,+ interactions: lumps eps into residual,0.6727188374540811,0.22011969308138274,0.24128423901457097,1.1041534358935912,TRUE,1.1185700463273596,NA,NA,0.22070142111162228,25,28,0.5
F,+ (1|item:variant:judge:temp): splits eps/rho,0.672718837454081,0.2168256312904002,0.24774060012489663,1.0976970747832655,TRUE,1.1018307950656279,0.04133037269557899,0.10239304371577536,NA,25,28,0.5
A,"1 obs/item, naive SE",0.47227317383072626,0.11466068511750878,0.24753823100040906,0.6970081166610435,TRUE,0.5826648496025284,NA,NA,NA,25,29,0.5
B,+ (1|variant): captures phi,0.314321136491486,0.1906257470988187,-0.059305327822198606,0.6879476008051706,TRUE,0.9686922954443623,NA,NA,NA,25,29,0.5
C,+ (1|judge): captures lambda,0.513196053647061,0.25375508261156243,0.015836091728398616,1.0105560155657234,TRUE,1.2894931413868358,NA,NA,NA,25,29,0.5
D,+ (1|temp): captures tau,0.42793384999430933,0.29178905961035867,-0.14397270684199365,0.9998404068306124,TRUE,1.482768294636427,NA,NA,NA,25,29,0.5
E,+ interactions: lumps eps into residual,0.42793384999430933,0.24563727977134237,-0.05351521835752171,0.9093829183461404,TRUE,1.248241352544371,NA,NA,0.20890738571147563,25,29,0.5
F,+ (1|item:variant:judge:temp): splits eps/rho,0.4279338499943093,0.283153975429125,-0.1270479418467757,0.9829156418353943,TRUE,1.438887865868647,0.038466754138205675,0.10077502843864672,NA,25,29,0.5
A,"1 obs/item, naive SE",0.6862342779351961,0.11762873794349667,0.4556819515659426,0.9167866043044496,TRUE,0.5977474391727394,NA,NA,NA,25,30,0.5
B,+ (1|variant): captures phi,0.6909012211904499,0.08632887219663911,0.5216966316850373,0.8601058106958626,FALSE,0.43869264589916224,NA,NA,NA,25,30,0.5
C,+ (1|judge): captures lambda,0.580870758864336,0.13064694535020413,0.32480274597793596,0.8369387717507362,TRUE,0.6639013423432121,NA,NA,NA,25,30,0.5
D,+ (1|temp): captures tau,0.5896918349231636,0.1649463834715006,0.2663969233190224,0.9129867465273047,TRUE,0.8381988963296979,NA,NA,NA,25,30,0.5
E,+ interactions: lumps eps into residual,0.5896918349231636,0.15496893804703785,0.2859527163509694,0.8934309534953577,TRUE,0.7874970648195851,NA,NA,0.21392554518235107,25,30,0.5
F,+ (1|item:variant:judge:temp): splits eps/rho,0.5896918349231635,0.15175414704691734,0.2922537067112055,0.8871299631351215,TRUE,0.7711606395429604,0.0427976275264389,0.10104122723362538,NA,25,30,0.5
A,"1 obs/item, naive SE",0.6396345671497154,0.11242608131564594,0.4192794477710494,0.8599896865283815,TRUE,0.5713093872938977,NA,NA,NA,25,31,0.5
B,+ (1|variant): captures phi,0.536861818947031,0.09991054223494708,0.34103715616653474,0.7326864817275273,TRUE,0.5077098659001744,NA,NA,NA,25,31,0.5
C,+ (1|judge): captures lambda,0.6120777280022781,0.1802826210361694,0.2587237907713861,0.9654316652331701,TRUE,0.9161322048994884,NA,NA,NA,25,31,0.5
D,+ (1|temp): captures tau,0.7409309350319958,0.21979080408196572,0.31014095903134303,1.1717209110326485,TRUE,1.1168987493245128,NA,NA,NA,25,31,0.5
E,+ interactions: lumps eps into residual,0.7409309350319958,0.21013346869738236,0.32906933638512637,1.1527925336788654,TRUE,1.0678236032650534,NA,NA,0.19861559942233692,25,31,0.5
F,+ (1|item:variant:judge:temp): splits eps/rho,0.7409309350319959,0.20755376843349413,0.3341255489023474,1.1477363211616445,TRUE,1.0547144833889808,0.041167264245081464,0.09948249952482513,NA,25,31,0.5
A,"1 obs/item, naive SE",0.6922334332601541,0.0947815213003435,0.5064616515114808,0.8780052150088273,FALSE,0.4816460044431607,NA,NA,NA,25,32,0.5
B,+ (1|variant): captures phi,0.6445384584894562,0.11443719567061048,0.4202415549750597,0.8688353620038527,TRUE,0.5815291556649657,NA,NA,NA,25,32,0.5
C,+ (1|judge): captures lambda,0.8514502411281243,0.2153449856863606,0.42937406918285753,1.273526413073391,TRUE,1.094306680350037,NA,NA,NA,25,32,0.5
D,+ (1|temp): captures tau,0.5686993939142021,0.2601483435123451,0.05880864063000568,1.0785901471983985,TRUE,1.3219814210217133,NA,NA,NA,25,32,0.5
E,+ interactions: lumps eps into residual,0.5686993939142021,0.2498414450886404,0.07901016154046692,1.0583886262879374,TRUE,1.2696054264620975,NA,NA,0.20121521076033536,25,32,0.5
F,+ (1|item:variant:judge:temp): splits eps/rho,0.5686993939142021,0.24748175672589398,0.08363515073144989,1.0537636370969543,TRUE,1.2576143288720263,0.037992466015897494,0.10003551155675106,NA,25,32,0.5
A,"1 obs/item, naive SE",0.7782205224040623,0.0988334223580833,0.584507014582219,0.9719340302259055,FALSE,0.5022363255108636,NA,NA,NA,25,33,0.5
B,+ (1|variant): captures phi,0.49389170154879475,0.15806357886670314,0.1840870869700566,0.8036963161275329,TRUE,0.8032229295823519,NA,NA,NA,25,33,0.5
C,+ (1|judge): captures lambda,0.5117778342151674,0.1735929232947708,0.17153570455741668,0.8520199638729182,TRUE,0.8821375385987967,NA,NA,NA,25,33,0.5
D,+ (1|temp): captures tau,0.5741285802057787,0.2465187827494988,0.09095176601676114,1.0573053943947963,TRUE,1.2527208373796945,NA,NA,NA,25,33,0.5
E,+ interactions: lumps eps into residual,0.5741285802057787,0.2362574254297936,0.11106402636338325,1.0371931340481741,TRUE,1.2005762665245983,NA,NA,0.2008058857800464,25,33,0.5
F,+ (1|item:variant:judge:temp): splits eps/rho,0.5741285802057787,0.23390375739324548,0.1156772157150176,1.0325799446965398,TRUE,1.1886157620925506,0.04085976461600488,0.09976623503233205,NA,25,33,0.5
A,"1 obs/item, naive SE",0.44764027520516086,0.11762626259623273,0.21709280051654473,0.678187749893777,TRUE,0.5977348603377205,NA,NA,NA,25,34,0.5
B,+ (1|variant): captures phi,0.4281649437195574,0.13248365623949432,0.16849697749014853,0.6878329099489662,TRUE,0.6732348542873874,NA,NA,NA,25,34,0.5
C,+ (1|judge): captures lambda,0.3785928972972437,0.24773400001598084,-0.10696574273407872,0.8641515373285662,TRUE,1.258896139621117,NA,NA,NA,25,34,0.5
D,+ (1|temp): captures tau,0.36245091007776437,0.2604160895543705,-0.1479646254488018,0.8728664456043305,TRUE,1.3233420112462397,NA,NA,NA,25,34,0.5
E,+ interactions: lumps eps into residual,0.36245091007776437,0.25103498483232206,-0.12957766019358685,0.8544794803491156,TRUE,1.275670571237172,NA,NA,0.19594343243020204,25,34,0.5
F,+ (1|item:variant:judge:temp): splits eps/rho,0.36245091007776437,0.24883020902999195,-0.12525629962101986,0.8501581197765486,TRUE,1.2644666842208385,0.0364868773177293,0.10064722502843287,NA,25,34,0.5
A,"1 obs/item, naive SE",-0.09025588388467708,0.12177506906013169,-0.3289350192425352,0.14842325147318103,FALSE,0.6188176202378578,NA,NA,NA,25,35,0.5
B,+ (1|variant): captures phi,0.11056978594296979,0.20241847758661252,-0.2861704301267907,0.5073100020127304,TRUE,1.0286187604661932,NA,NA,NA,25,35,0.5
C,+ (1|judge): captures lambda,0.07141050483973221,0.16448206696524217,-0.25097434641214245,0.3937953560916069,FALSE,0.8358394048700944,NA,NA,NA,25,35,0.5
D,+ (1|temp): captures tau,0.4277441382215299,0.2436271985134097,-0.04976517086475307,0.9052534473078129,TRUE,1.2380268340052405,NA,NA,NA,25,35,0.5
E,+ interactions: lumps eps into residual,0.4277441382215299,0.2366484556790399,-0.036086834909388243,0.891575111352448,TRUE,1.2025633432731249,NA,NA,0.1994869235317514,25,35,0.5
F,+ (1|item:variant:judge:temp): splits eps/rho,0.4277441382215302,0.23538317285245036,-0.033606880569272524,0.8890951570123329,TRUE,1.1961336256493038,0.03683519389234219,0.10038722375790139,NA,25,35,0.5
A,"1 obs/item, naive SE",0.3007197165308205,0.1361871216465122,0.03379295810365662,0.5676464749579844,TRUE,0.6920545492174914,NA,NA,NA,25,36,0.5
B,+ (1|variant): captures phi,0.3640328987124222,0.17466149633323022,0.021696365899291026,0.7063694315255534,TRUE,0.8875676469930139,NA,NA,NA,25,36,0.5
C,+ (1|judge): captures lambda,0.6005481441190664,0.22068990314276077,0.16799593395925533,1.0331003542788775,TRUE,1.1214676511978885,NA,NA,NA,25,36,0.5
D,+ (1|temp): captures tau,0.7665548329793457,0.23925415080918158,0.2976166973933498,1.2354929685653415,TRUE,1.2158045598205238,NA,NA,NA,25,36,0.5
E,+ interactions: lumps eps into residual,0.7665548329793457,0.21837110208679938,0.3385474728892189,1.1945621930694725,TRUE,1.1096843283689235,NA,NA,0.21735115688694673,25,36,0.5
F,+ (1|item:variant:judge:temp): splits eps/rho,0.7665548329793458,0.21547240431945197,0.34422892051321996,1.1888807454454717,TRUE,1.0949541765568727,0.04742196600368036,0.10367475565011554,NA,25,36,0.5
A,"1 obs/item, naive SE",0.8904220463509037,0.12273505594428036,0.6498613367001143,1.1309827560016932,FALSE,0.6236959323890511,NA,NA,NA,25,37,0.5
B,+ (1|variant): captures phi,0.7233179856488878,0.17387871788823836,0.38251569858794066,1.0641202727098351,TRUE,0.8835898451470205,NA,NA,NA,25,37,0.5
C,+ (1|judge): captures lambda,0.6447592740941643,0.19700930199828184,0.25862104217753196,1.0308975060107968,TRUE,1.0011312526301956,NA,NA,NA,25,37,0.5
D,+ (1|temp): captures tau,0.6039968281610646,0.1892511336285604,0.23306460624908626,0.974929050073043,TRUE,0.9617069983472027,NA,NA,NA,25,37,0.5
E,+ interactions: lumps eps into residual,0.6039968281610646,0.16846700145031263,0.2738015053184519,0.9341921510036773,TRUE,0.856089425616438,NA,NA,0.20981552567988604,25,37,0.5
F,+ (1|item:variant:judge:temp): splits eps/rho,0.6039968281610649,0.16686572657498325,0.27694000407409775,0.9310536522480322,TRUE,0.8479523158176441,0.04128150791008757,0.09894389680918231,NA,25,37,0.5
A,"1 obs/item, naive SE",0.26994629398782316,0.1174136586851274,0.039815522964973454,0.5000770650106728,TRUE,0.5966544828241713,NA,NA,NA,25,38,0.5
B,+ (1|variant): captures phi,0.2167662375491898,0.10497954895343038,0.011006321600466273,0.42252615349791334,FALSE,0.5334687564408369,NA,NA,NA,25,38,0.5
C,+ (1|judge): captures lambda,0.48568321074781334,0.16671958447892196,0.1589128251691263,0.8124535963265004,TRUE,0.8472096736266012,NA,NA,NA,25,38,0.5
D,+ (1|temp): captures tau,0.49844632387028825,0.22254231710367092,0.06226338234709328,0.9346292653934832,TRUE,1.1308809605709242,NA,NA,NA,25,38,0.5
E,+ interactions: lumps eps into residual,0.49844632387028825,0.2131087775086653,0.08075311995330425,0.9161395277872723,TRUE,1.0829430651736456,NA,NA,0.21531259766180805,25,38,0.5
F,+ (1|item:variant:judge:temp): splits eps/rho,0.4984463238702882,0.20982404262114707,0.08719120033283995,0.9097014474077365,TRUE,1.0662512099203951,0.0410504710417397,0.10061697378204024,NA,25,38,0.5
A,"1 obs/item, naive SE",0.42860296133867076,0.1215141515309253,0.19043522433805718,0.6667706983392844,TRUE,0.6174917300885193,NA,NA,NA,25,39,0.5
B,+ (1|variant): captures phi,0.29312926612988804,0.21841266538439108,-0.13495955802351844,0.7212180902832945,TRUE,1.1098955382750515,NA,NA,NA,25,39,0.5
C,+ (1|judge): captures lambda,0.45379860367006586,0.32645221851979433,-0.18604774462873097,1.0936449519688627,TRUE,1.6589141483962941,NA,NA,NA,25,39,0.5
D,+ (1|temp): captures tau,0.27175592232528684,0.25318073549540654,-0.22447831924571,0.7679901638962836,TRUE,1.2865745134742983,NA,NA,NA,25,39,0.5
E,+ interactions: lumps eps into residual,0.27175592232528684,0.23280762496995525,-0.18454702261582545,0.7280588672663991,TRUE,1.1830456066996509,NA,NA,0.20301635324276068,25,39,0.5
F,+ (1|item:variant:judge:temp): splits eps/rho,0.2717559223252868,0.23025855489841213,-0.179550845275601,0.7230626899261745,TRUE,1.1700921385746363,0.042013165877894235,0.09800161136313837,NA,25,39,0.5
A,"1 obs/item, naive SE",1.2935757366173153,0.11591268050087263,1.066386882835605,1.5207645903990257,FALSE,0.5890270451624375,NA,NA,NA,25,40,0.5
B,+ (1|variant): captures phi,0.875325549910093,0.1630759261140802,0.5556967347264958,1.1949543650936902,FALSE,0.8286938968284968,NA,NA,NA,25,40,0.5
C,+ (1|judge): captures lambda,0.6757657152784124,0.19590126693270687,0.291799232090307,1.0597321984665178,TRUE,0.9955006122395864,NA,NA,NA,25,40,0.5
D,+ (1|temp): captures tau,0.45085057897288916,0.23659199450172388,-0.012869730250489653,0.914570888196268,TRUE,1.2022764276371727,NA,NA,NA,25,40,0.5
E,+ interactions: lumps eps into residual,0.45085057897288916,0.22241701901202293,0.014913221709324243,0.8867879362364541,TRUE,1.1302442402020312,NA,NA,0.21448576137552205,25,40,0.5
F,+ (1|item:variant:judge:temp): splits eps/rho,0.4508505789728893,0.2201961997609405,0.019266027441445954,0.8824351305043328,TRUE,1.1189588260812258,0.036087287577532975,0.10185437825113973,NA,25,40,0.5
A,"1 obs/item, naive SE",0.7490989774257546,0.15343134318297386,0.4483735447871258,1.0498244100643834,TRUE,0.7796835542051901,NA,NA,NA,25,41,0.5
B,+ (1|variant): captures phi,0.6063781051953796,0.14504155938322785,0.32209664880425304,0.8906595615865062,TRUE,0.7370496547926156,NA,NA,NA,25,41,0.5
C,+ (1|judge): captures lambda,0.3828710024573638,0.17174084819233232,0.046258940000392434,0.7194830649143351,TRUE,0.8727259511840786,NA,NA,NA,25,41,0.5
D,+ (1|temp): captures tau,0.6093923203408119,0.26432657921301017,0.09131222508331205,1.1274724155983118,TRUE,1.343213729843494,NA,NA,NA,25,41,0.5
E,+ interactions: lumps eps into residual,0.6093923203408119,0.2544761650372063,0.11061903686788754,1.1081656038137364,TRUE,1.2931574259902134,NA,NA,0.20107533552456539,25,41,0.5
F,+ (1|item:variant:judge:temp): splits eps/rho,0.6093923203408118,0.25225307915086886,0.11497628520510883,1.1038083554765148,TRUE,1.281860493634639,0.03917797075197182,0.10243648448844546,NA,25,41,0.5
A,"1 obs/item, naive SE",0.20513580831408273,0.10311422567316728,0.003031925994674889,0.4072396906334906,FALSE,0.5239898464950195,NA,NA,NA,25,42,0.5
B,+ (1|variant): captures phi,0.10256265130435456,0.15411694323489988,-0.19950655743604923,0.4046318600447583,FALSE,0.7831675299963129,NA,NA,NA,25,42,0.5
C,+ (1|judge): captures lambda,0.37687899915725764,0.18578901866785663,0.01273252256825863,0.7410254757462567,TRUE,0.9441137606056197,NA,NA,NA,25,42,0.5
D,+ (1|temp): captures tau,0.2718962069845467,0.24538833405292246,-0.20906492775918134,0.7528573417282747,TRUE,1.2469762988824844,NA,NA,NA,25,42,0.5
E,+ interactions: lumps eps into residual,0.2718962069845467,0.23739974227314103,-0.19340728787080974,0.7371997018399031,TRUE,1.206381114725578,NA,NA,0.22849003801125733,25,42,0.5
F,+ (1|item:variant:judge:temp): splits eps/rho,0.27189620698454675,0.2339958774008991,-0.18673571272121547,0.730528126690309,TRUE,1.189083883230584,0.03836609990802028,0.10297346924021206,NA,25,42,0.5
A,"1 obs/item, naive SE",0.46337938330443484,0.09379271044000406,0.27954567084202686,0.6472130957668428,TRUE,0.4766212190894489,NA,NA,NA,25,43,0.5
B,+ (1|variant): captures phi,0.5214618387304413,0.12066148426499985,0.2849653295710416,0.757958347889841,TRUE,0.6131587780940996,NA,NA,NA,25,43,0.5
C,+ (1|judge): captures lambda,0.28618973214047855,0.17661407014211203,-0.05997384533806105,0.6323533096190181,TRUE,0.8974899331150966,NA,NA,NA,25,43,0.5
D,+ (1|temp): captures tau,0.6292224031150689,0.2586138988003218,0.1223391614664382,1.1361056447636997,TRUE,1.3141839183603767,NA,NA,NA,25,43,0.5
E,+ interactions: lumps eps into residual,0.6292224031150689,0.2479910729872163,0.14315990006012502,1.1152849061700127,TRUE,1.2602024930932618,NA,NA,0.2123704115954739,25,43,0.5
F,+ (1|item:variant:judge:temp): splits eps/rho,0.6292224031150689,0.2454877334030904,0.14806644564501176,1.110378360585126,TRUE,1.2474814110519856,0.04301714805653859,0.10069594679218259,NA,25,43,0.5
A,"1 obs/item, naive SE",1.1920784871170733,0.12227293466844077,0.9524235351669295,1.4317334390672172,FALSE,0.6213475963102176,NA,NA,NA,25,44,0.5
B,+ (1|variant): captures phi,0.9184090059244316,0.12862047957034423,0.6663128659665569,1.1705051458823064,FALSE,0.6536035634869576,NA,NA,NA,25,44,0.5
C,+ (1|judge): captures lambda,0.6326568745841704,0.21391672095324255,0.21338010151581505,1.0519336476525258,TRUE,1.0870487466035053,NA,NA,NA,25,44,0.5
D,+ (1|temp): captures tau,0.5425814518598626,0.26159992614967065,0.029845596606508207,1.0553173071132171,TRUE,1.329357848069887,NA,NA,NA,25,44,0.5
E,+ interactions: lumps eps into residual,0.5425814518598626,0.2555485822157357,0.04170623071702073,1.0434566730027046,TRUE,1.2986070689379996,NA,NA,0.2033807497816192,25,44,0.5
F,+ (1|item:variant:judge:temp): splits eps/rho,0.5425814518598627,0.2536089126444459,0.04550798307674875,1.0396549206429766,TRUE,1.288750357564996,0.034085406905543986,0.0991442964767639,NA,25,44,0.5
A,"1 obs/item, naive SE",0.5869132586916413,0.12260631018555783,0.346604890727948,0.8272216266553347,TRUE,0.6230416922014388,NA,NA,NA,25,45,0.5
B,+ (1|variant): captures phi,0.11199219213903135,0.22694859314758625,-0.3328270504302377,0.5568114347083004,TRUE,1.1532720893680704,NA,NA,NA,25,45,0.5
C,+ (1|judge): captures lambda,0.5775645480046248,0.3405799064897462,-0.08997206871527774,1.2451011647245274,TRUE,1.7307060374627798,NA,NA,NA,25,45,0.5
D,+ (1|temp): captures tau,0.48766961402783415,0.274965305181572,-0.051262384128046956,1.0266016121837152,TRUE,1.3972759540494788,NA,NA,NA,25,45,0.5
E,+ interactions: lumps eps into residual,0.48766961402783415,0.2638378505343565,-0.029452573019504547,1.0047918010751729,TRUE,1.3407301844002382,NA,NA,0.21574165146699212,25,45,0.5
F,+ (1|item:variant:judge:temp): splits eps/rho,0.48766961402783443,0.26135200658228175,-0.024580318873437756,0.9999195469291067,TRUE,1.3280980089428303,0.04468621316056637,0.09858141334381573,NA,25,45,0.5
A,"1 obs/item, naive SE",1.722830850680678,0.11912315467810253,1.489349467511597,1.956312233849759,FALSE,0.6053415338793973,NA,NA,NA,25,46,0.5
B,+ (1|variant): captures phi,1.411155276611708,0.13940155776384644,1.137928223394569,1.684382329828847,FALSE,0.7083891711059271,NA,NA,NA,25,46,0.5
C,+ (1|judge): captures lambda,1.1279232002022108,0.24875004823159924,0.6403731056682763,1.6154732947361454,FALSE,1.264059335533783,NA,NA,NA,25,46,0.5
D,+ (1|temp): captures tau,0.8172426244274588,0.326617225463913,0.17707286251818932,1.457412386336728,TRUE,1.6597526550403083,NA,NA,NA,25,46,0.5
E,+ interactions: lumps eps into residual,0.8172426244274588,0.32075483443239877,0.18856314893995718,1.4459220999149602,TRUE,1.6299620674017663,NA,NA,0.20451169813108178,25,46,0.5
F,+ (1|item:variant:judge:temp): splits eps/rho,0.8172426244274588,0.31867300659051995,0.19264353151003966,1.4418417173448779,TRUE,1.6193829582228567,0.038308876462974754,0.09596232713936416,NA,25,46,0.5
A,"1 obs/item, naive SE",0.7411485590599439,0.13113212979287386,0.48412958466591116,0.9981675334539767,TRUE,0.6663668772388733,NA,NA,NA,25,47,0.5
B,+ (1|variant): captures phi,0.44089695309024196,0.13379766753032235,0.17865352473081014,0.7031403814496737,TRUE,0.6799121926476257,NA,NA,NA,25,47,0.5
C,+ (1|judge): captures lambda,0.5567328717025849,0.1370912665769298,0.2880339892118025,0.8254317541933673,TRUE,0.6966490924069095,NA,NA,NA,25,47,0.5
D,+ (1|temp): captures tau,0.3809780835352103,0.18142697281205836,0.025381216823575914,0.7365749502468446,TRUE,0.9219473939043978,NA,NA,NA,25,47,0.5
E,+ interactions: lumps eps into residual,0.3809780835352103,0.17953776652258296,0.029084061150947693,0.7328721059194729,TRUE,0.912347118994151,NA,NA,0.22648692863546746,25,47,0.5
F,+ (1|item:variant:judge:temp): splits eps/rho,0.3809780835352103,0.17631846600687398,0.035393890161737274,0.7265622769086832,TRUE,0.8959877779620566,0.03957405179143045,0.09855145085271963,NA,25,47,0.5
A,"1 obs/item, naive SE",0.7919984880812692,0.11156103017027337,0.5733388689475334,1.010658107215005,FALSE,0.5669135048255481,NA,NA,NA,25,48,0.5
B,+ (1|variant): captures phi,0.5943629405604053,0.10777680744469069,0.38312039796881153,0.805605483151999,TRUE,0.5476834299048864,NA,NA,NA,25,48,0.5
C,+ (1|judge): captures lambda,0.41538602833592353,0.21677338061784873,-0.009489797675059974,0.840261854346907,TRUE,1.1015652757184111,NA,NA,NA,25,48,0.5
D,+ (1|temp): captures tau,0.29206270317366934,0.21373951855817824,-0.12686675320036,0.7109921595476987,TRUE,1.0861482670122353,NA,NA,NA,25,48,0.5
E,+ interactions: lumps eps into residual,0.29206270317366934,0.19895933521917067,-0.09789759385590519,0.6820230002032439,TRUE,1.0110406283870619,NA,NA,0.21163995972082358,25,48,0.5
F,+ (1|item:variant:judge:temp): splits eps/rho,0.2920627031736691,0.19667942935184218,-0.09342897835594155,0.6775543847032798,TRUE,0.9994549570827831,0.03766467893916592,0.10090376660878889,NA,25,48,0.5
A,"1 obs/item, naive SE",0.548569922521697,0.07181558574942368,0.4078113744528266,0.6893284705905673,TRUE,0.36494128241883106,NA,NA,NA,25,49,0.5
B,+ (1|variant): captures phi,0.47261315590570935,0.118688390922151,0.2399839096982934,0.7052424021131253,TRUE,0.6031322189933531,NA,NA,NA,25,49,0.5
C,+ (1|judge): captures lambda,0.5428804065856035,0.18304071182883586,0.18412061140108527,0.9016402017701218,TRUE,0.9301478420400842,NA,NA,NA,25,49,0.5
D,+ (1|temp): captures tau,0.46987206490804306,0.24513092468657022,-0.010584547477634543,0.9503286772937207,TRUE,1.245668235969916,NA,NA,NA,25,49,0.5
E,+ interactions: lumps eps into residual,0.46987206490804306,0.23767395590789023,0.004031111328578252,0.9357130184875079,TRUE,1.2077745709576453,NA,NA,0.22054164368403267,25,49,0.5
F,+ (1|item:variant:judge:temp): splits eps/rho,0.4698720649080432,0.2346646032231592,0.00992944259065115,0.9298146872254351,TRUE,1.1924821101839043,0.040601836205450784,0.09901842287134163,NA,25,49,0.5
A,"1 obs/item, naive SE",0.8859246971808898,0.09468883125118106,0.700334587928575,1.0715148064332047,FALSE,0.4811749865567812,NA,NA,NA,25,50,0.5
B,+ (1|variant): captures phi,0.9188921483603166,0.13638556644456845,0.6515764381289625,1.1862078585916707,FALSE,0.693062975150891,NA,NA,NA,25,50,0.5
C,+ (1|judge): captures lambda,0.7508644859143382,0.18847694443769386,0.38144967481645825,1.1202792970122182,TRUE,0.9577728440379218,NA,NA,NA,25,50,0.5
D,+ (1|temp): captures tau,0.46601576165014713,0.21143118101487973,0.05161064686098288,0.8804208764393113,TRUE,1.07441811603573,NA,NA,NA,25,50,0.5
E,+ interactions: lumps eps into residual,0.46601576165014713,0.19745530335171899,0.07900336708077793,0.8530281562195163,TRUE,1.0033976729926473,NA,NA,0.19846754259383823,25,50,0.5
F,+ (1|item:variant:judge:temp): splits eps/rho,0.46601576165014713,0.1946663061875458,0.0844698015225574,0.8475617217777369,TRUE,0.9892249806566523,0.03876436248446671,0.10228891287684178,NA,25,50,0.5
A,"1 obs/item, naive SE",0.17728045330445424,0.07664957646543268,0.027047283432206193,0.3275136231767023,FALSE,0.38950590516320804,NA,NA,NA,25,51,0.5
B,+ (1|variant): captures phi,0.2423836038074792,0.12709706619424124,-0.006726645933233633,0.49149385354819203,FALSE,0.6458621181540621,NA,NA,NA,25,51,0.5
C,+ (1|judge): captures lambda,0.41069615922234093,0.16320626487269746,0.09081188007185392,0.7305804383728279,TRUE,0.8293562320753974,NA,NA,NA,25,51,0.5
D,+ (1|temp): captures tau,0.5177827831188317,0.1667816083643535,0.19089083072469892,0.8446747355129646,TRUE,0.8475248569681247,NA,NA,NA,25,51,0.5
E,+ interactions: lumps eps into residual,0.5177827831188317,0.155863299098765,0.21229071688525236,0.8232748493524111,TRUE,0.7920418898148388,NA,NA,0.22200392151420564,25,51,0.5
F,+ (1|item:variant:judge:temp): splits eps/rho,0.5177827831188317,0.15080806187687174,0.22219898184016312,0.8133665843975004,TRUE,0.7663529709619568,0.04039246821847554,0.09920602298352386,NA,25,51,0.5
A,"1 obs/item, naive SE",1.1328655761619266,0.11212728087532553,0.9130961056462886,1.3526350466775647,FALSE,0.569790989654445,NA,NA,NA,25,52,0.5
B,+ (1|variant): captures phi,1.0415775735869786,0.10844737492612315,0.8290207187317772,1.25413442844218,FALSE,0.5510910155155668,NA,NA,NA,25,52,0.5
C,+ (1|judge): captures lambda,0.717421224596344,0.20627918461376485,0.313114022753365,1.121728426439323,TRUE,1.0482375014237388,NA,NA,NA,25,52,0.5
D,+ (1|temp): captures tau,0.8072712082750867,0.2196398607754486,0.37677708115520747,1.237765335394966,TRUE,1.1161317090883571,NA,NA,NA,25,52,0.5
E,+ interactions: lumps eps into residual,0.8072712082750867,0.2088822083939443,0.39786207982295585,1.2166803367272174,TRUE,1.0614651431200683,NA,NA,0.19256314480389342,25,52,0.5
F,+ (1|item:variant:judge:temp): splits eps/rho,0.8072712082750868,0.20654650349989115,0.40244006141530014,1.2121023551348735,TRUE,1.049595920993804,0.039676270820983246,0.10125740047008058,NA,25,52,0.5
A,"1 obs/item, naive SE",0.6190821077787788,0.11891248894839301,0.3860136294399285,0.8521505861176291,TRUE,0.6042710055148423,NA,NA,NA,25,53,0.5
B,+ (1|variant): captures phi,0.2597829341641191,0.18880996727955143,-0.11028460170380172,0.6298504700320399,TRUE,0.9594651477588204,NA,NA,NA,25,53,0.5
C,+ (1|judge): captures lambda,0.48499229808245903,0.3000744101013182,-0.10315354571612456,1.0731381418810426,TRUE,1.5248715010909468,NA,NA,NA,25,53,0.5
D,+ (1|temp): captures tau,0.6973367835085975,0.3318482270653523,0.04691425846050712,1.347759308556688,TRUE,1.6863347460006892,NA,NA,NA,25,53,0.5
E,+ interactions: lumps eps into residual,0.6973367835085975,0.321596620636542,0.06700740706097519,1.3276661599562198,TRUE,1.6342397257075048,NA,NA,0.20371154669237201,25,53,0.5
F,+ (1|item:variant:judge:temp): splits eps/rho,0.6973367835085978,0.31974855175023653,0.07062962207813428,1.3240439449390613,TRUE,1.6248484964593042,0.035617323164568726,0.09922009290525541,NA,25,53,0.5
A,"1 obs/item, naive SE",0.5123207641535436,0.1215806735651451,0.2740226439658592,0.7506188843412279,TRUE,0.617829771423474,NA,NA,NA,25,54,0.5
B,+ (1|variant): captures phi,0.5756998844539755,0.1555210885559304,0.2708785508843519,0.8805212180235991,TRUE,0.7903028974630245,NA,NA,NA,25,54,0.5
C,+ (1|judge): captures lambda,0.6494070281837,0.1385557774343073,0.3778377044124577,0.9209763519549423,TRUE,0.7040912160744999,NA,NA,NA,25,54,0.5
D,+ (1|temp): captures tau,0.4265067413176996,0.24627023820871688,-0.05618292557138549,0.9091964082067847,TRUE,1.2514578223599797,NA,NA,NA,25,54,0.5
E,+ interactions: lumps eps into residual,0.4265067413176996,0.22781753433213098,-0.020015625973277107,0.8730291086086763,TRUE,1.1576877396329133,NA,NA,0.21402188962006233,25,54,0.5
F,+ (1|item:variant:judge:temp): splits eps/rho,0.4265067413176996,0.22492698947927156,-0.014350158061672613,0.8673636406970718,TRUE,1.1429990180346197,0.04176967326751359,0.10072179461037559,NA,25,54,0.5
A,"1 obs/item, naive SE",0.7507649267115661,0.10248997075892101,0.5498845840240809,0.9516452693990514,FALSE,0.520817604890583,NA,NA,NA,25,55,0.5
B,+ (1|variant): captures phi,0.5234104623110447,0.2871831163679829,-0.0394684457702017,1.0862893703922911,TRUE,1.459362528101487,NA,NA,NA,25,55,0.5
C,+ (1|judge): captures lambda,0.39320459627002785,0.23588328854316837,-0.06912664927458212,0.8555358418146378,TRUE,1.198675035840752,NA,NA,NA,25,55,0.5
D,+ (1|temp): captures tau,0.5920446873945127,0.24231116270417402,0.11711480849433159,1.0669745662946937,TRUE,1.2313392077619996,NA,NA,NA,25,55,0.5
E,+ interactions: lumps eps into residual,0.5920446873945127,0.22555062919198954,0.14996545417821316,1.0341239206108122,TRUE,1.1461681334035412,NA,NA,0.19955709456128456,25,55,0.5
F,+ (1|item:variant:judge:temp): splits eps/rho,0.5920446873945127,0.22300655362291064,0.1549518422936078,1.0291375324954175,TRUE,1.1332400455649272,0.03731739707214424,0.09946959909183585,NA,25,55,0.5
A,"1 obs/item, naive SE",0.416841483447782,0.12311860570459751,0.17552901626677087,0.6581539506287931,TRUE,0.6256449959515201,NA,NA,NA,25,56,0.5
B,+ (1|variant): captures phi,0.5224925140430288,0.09156024154316958,0.34303444061841637,0.7019505874676412,TRUE,0.46527660560939427,NA,NA,NA,25,56,0.5
C,+ (1|judge): captures lambda,0.554211216406761,0.1802845853266861,0.2008534291664562,0.9075690036470657,TRUE,0.9161421867257552,NA,NA,NA,25,56,0.5
D,+ (1|temp): captures tau,0.4939668148796802,0.20064970452741832,0.1006933940059403,0.8872402357534201,TRUE,1.0196304844284196,NA,NA,NA,25,56,0.5
E,+ interactions: lumps eps into residual,0.4939668148796802,0.1799706587175332,0.14122432379331512,0.8467093059660453,TRUE,0.9145469232723681,NA,NA,0.19706799809423736,25,56,0.5
F,+ (1|item:variant:judge:temp): splits eps/rho,0.49396681487968025,0.17658596799646045,0.14785831760661777,0.8400753121527427,TRUE,0.8973471279988285,0.03544246712477941,0.09594881359481856,NA,25,56,0.5
A,"1 obs/item, naive SE",0.7120310921788303,0.10801763216313416,0.5003165331390873,0.9237456512185733,FALSE,0.5489072155312206,NA,NA,NA,25,57,0.5
B,+ (1|variant): captures phi,0.9314861647789763,0.16507505877235648,0.6079390495851575,1.255033279972795,FALSE,0.8388527784754737,NA,NA,NA,25,57,0.5
C,+ (1|judge): captures lambda,1.0164170697056798,0.1805928146013985,0.6624551530869387,1.370378986324421,FALSE,0.9177084983504359,NA,NA,NA,25,57,0.5
D,+ (1|temp): captures tau,0.6180645371079502,0.2677630360861667,0.09324898637906343,1.1428800878368368,TRUE,1.3606765823034397,NA,NA,NA,25,57,0.5
E,+ interactions: lumps eps into residual,0.6180645371079502,0.25880091623126883,0.11081474129466329,1.1253143329212372,TRUE,1.3151342744755885,NA,NA,0.20837498629693027,25,57,0.5
F,+ (1|item:variant:judge:temp): splits eps/rho,0.6180645371079503,0.2563707900841834,0.11557778854295087,1.1205512856729496,TRUE,1.3027852371001742,0.03971305901773729,0.09760916880088089,NA,25,57,0.5
A,"1 obs/item, naive SE",1.5734009056014033,0.1556962215249809,1.2682363114124409,1.8785654997903658,FALSE,0.7911928609667981,NA,NA,NA,25,58,0.5
B,+ (1|variant): captures phi,0.49554881594570893,0.39482256091547724,-0.2783034034486264,1.2694010353400442,TRUE,2.0063479285837005,NA,NA,NA,25,58,0.5
C,+ (1|judge): captures lambda,0.17343439547972206,0.3523086930135133,-0.517090642826764,0.8639594337862081,TRUE,1.7903075619860918,NA,NA,NA,25,58,0.5
D,+ (1|temp): captures tau,0.4172574328934811,0.3042347340715368,-0.17904264588673097,1.0135575116736932,TRUE,1.5460127888647022,NA,NA,NA,25,58,0.5
E,+ interactions: lumps eps into residual,0.4172574328934811,0.29108301994662117,-0.15326528620189633,0.9877801519888585,TRUE,1.4791804520026295,NA,NA,0.19697651454872445,25,58,0.5
F,+ (1|item:variant:judge:temp): splits eps/rho,0.4172574328934814,0.28906668517069295,-0.14931327004107675,0.9838281358280395,TRUE,1.4689341553076416,0.03844325685408499,0.09738772151100923,NA,25,58,0.5
A,"1 obs/item, naive SE",0.7492811627290568,0.12213317597579057,0.5099001378165072,0.9886621876416063,FALSE,0.6206373923065505,NA,NA,NA,25,59,0.5
B,+ (1|variant): captures phi,0.47671399667978254,0.13862068650445727,0.2050174511310463,0.7484105422285188,TRUE,0.7044210608993238,NA,NA,NA,25,59,0.5
C,+ (1|judge): captures lambda,0.5199328369810283,0.1805819197873786,0.1659922741977663,0.8738733997642903,TRUE,0.9176531347777706,NA,NA,NA,25,59,0.5
D,+ (1|temp): captures tau,0.3107340598207103,0.21462119706695454,-0.10992348643052058,0.7313916060719412,TRUE,1.0906286438317827,NA,NA,NA,25,59,0.5
E,+ interactions: lumps eps into residual,0.3107340598207103,0.20086841048237045,-0.0829680247247358,0.7044361443661564,TRUE,1.0207418703600384,NA,NA,0.20099313196676352,25,59,0.5
F,+ (1|item:variant:judge:temp): splits eps/rho,0.31073405982071034,0.1980380656961407,-0.07742054894372546,0.6988886685851461,TRUE,1.0063590641043305,0.039205149054983984,0.09980119561772474,NA,25,59,0.5
A,"1 obs/item, naive SE",0.7578097628075009,0.11836843140606068,0.5258076372516219,0.9898118883633799,FALSE,0.6015062984510975,NA,NA,NA,25,60,0.5
B,+ (1|variant): captures phi,0.43310657840428585,0.18550645613540645,0.0695139243788892,0.7966992324296824,TRUE,0.9426778782427622,NA,NA,NA,25,60,0.5
C,+ (1|judge): captures lambda,0.5919788863720283,0.26385861946808503,0.07481599221458168,1.109141780529475,TRUE,1.3408357247398492,NA,NA,NA,25,60,0.5
D,+ (1|temp): captures tau,0.5472609034947642,0.1755141363423064,0.2032531962638437,0.8912686107256846,TRUE,0.8919004604778132,NA,NA,NA,25,60,0.5
E,+ interactions: lumps eps into residual,0.5472609034947642,0.1648672703731771,0.22412105356333706,0.8704007534261913,TRUE,0.8377968716820254,NA,NA,0.20508686933715237,25,60,0.5
F,+ (1|item:variant:judge:temp): splits eps/rho,0.5472609034947642,0.16210633809951652,0.22953248081971184,0.8649893261698165,TRUE,0.8237667951449233,0.03651884432442495,0.10133330091798724,NA,25,60,0.5
A,"1 obs/item, naive SE",-0.0941127576308746,0.13784075368910914,-0.3642806348615285,0.1760551195997793,FALSE,0.7004577195317995,NA,NA,NA,25,61,0.5
B,+ (1|variant): captures phi,0.5852658547326828,0.23331246333400152,0.12797342659803979,1.0425582828673257,TRUE,1.185611015838443,NA,NA,NA,25,61,0.5
C,+ (1|judge): captures lambda,0.4520832579534157,0.27294994273442835,-0.08289862980606383,0.9870651457128952,TRUE,1.387034598383794,NA,NA,NA,25,61,0.5
D,+ (1|temp): captures tau,0.6019545548100305,0.30884587736797636,-0.0033833648312031617,1.207292474451264,TRUE,1.5694449802262154,NA,NA,NA,25,61,0.5
E,+ interactions: lumps eps into residual,0.6019545548100305,0.29629043682776807,0.021225298627605027,1.1826838109924558,TRUE,1.5056426937968554,NA,NA,0.21432515494185536,25,61,0.5
F,+ (1|item:variant:judge:temp): splits eps/rho,0.6019545548100307,0.2939153097624037,0.025880547675719456,1.178028561944342,TRUE,1.4935731422072314,0.039075370001388686,0.09926938973832412,NA,25,61,0.5
A,"1 obs/item, naive SE",0.2743302793117783,0.1160557299549914,0.046861048599995125,0.5017995100235615,TRUE,0.589753971646301,NA,NA,NA,25,62,0.5
B,+ (1|variant): captures phi,0.26315040507198595,0.17123186610111074,-0.07246405248619109,0.5987648626301629,TRUE,0.8701394850965258,NA,NA,NA,25,62,0.5
C,+ (1|judge): captures lambda,0.27955388587831204,0.23902464889915337,-0.18893442596402854,0.7480421977206526,TRUE,1.2146383126822562,NA,NA,NA,25,62,0.5
D,+ (1|temp): captures tau,0.4374447641931105,0.2405728455745651,-0.034078013133037044,0.9089675415192581,TRUE,1.2225056979338744,NA,NA,NA,25,62,0.5
E,+ interactions: lumps eps into residual,0.4374447641931105,0.23047614500386837,-0.014288480014471472,0.8891780084006925,TRUE,1.171197854155707,NA,NA,0.20993112831335733,25,62,0.5
F,+ (1|item:variant:judge:temp): splits eps/rho,0.4374447641931106,0.22859501193567694,-0.010601459200816177,0.8854909875870374,TRUE,1.1616386044866787,0.03892446136885034,0.10306418371201664,NA,25,62,0.5
A,"1 obs/item, naive SE",0.8703257808535266,0.13481965145682887,0.606079263998142,1.1345722977089112,FALSE,0.6851055517333825,NA,NA,NA,25,63,0.5
B,+ (1|variant): captures phi,0.850312675552906,0.16838553867791964,0.5202770197441835,1.1803483313616285,FALSE,0.8556754607602545,NA,NA,NA,25,63,0.5
C,+ (1|judge): captures lambda,0.7483233385377857,0.2263374413278782,0.3047019535351444,1.191944723540427,TRUE,1.1501664330330366,NA,NA,NA,25,63,0.5
D,+ (1|temp): captures tau,0.49677280016012554,0.2523865218540582,0.002095217326171517,0.9914503829940795,TRUE,1.2825386020246654,NA,NA,NA,25,63,0.5
E,+ interactions: lumps eps into residual,0.49677280016012554,0.24017715903906742,0.026025568443553415,0.9675200318766977,TRUE,1.2204949595935337,NA,NA,0.21160683764108118,25,63,0.5
F,+ (1|item:variant:judge:temp): splits eps/rho,0.4967728001601255,0.23751975763856106,0.031234075188545818,0.9623115251317051,TRUE,1.2069909901573426,0.04102066092099459,0.10123026666111931,NA,25,63,0.5
A,"1 obs/item, naive SE",0.27686583269843246,0.14158524482048931,-6.412471497265759e-4,0.5543729125465915,TRUE,0.7194858926119416,NA,NA,NA,25,64,0.5
B,+ (1|variant): captures phi,0.6251264687003847,0.19554463756018492,0.24185897908242227,1.0083939583183472,TRUE,0.9936883485199741,NA,NA,NA,25,64,0.5
C,+ (1|judge): captures lambda,0.534773598056506,0.189244493371389,0.16385439104858363,0.9056928050644284,TRUE,0.9616732549203069,NA,NA,NA,25,64,0.5
D,+ (1|temp): captures tau,0.49208737933024826,0.22485171448467622,0.05137801894028288,0.9327967397202137,TRUE,1.1426164972659727,NA,NA,NA,25,64,0.5
E,+ interactions: lumps eps into residual,0.49208737933024826,0.21416937430418273,0.0723154056940501,0.9118593529664465,TRUE,1.0883326411361105,NA,NA,0.1985965890778562,25,64,0.5
F,+ (1|item:variant:judge:temp): splits eps/rho,0.49208737933024843,0.2116107150884952,0.07733037775679785,0.906844380903699,TRUE,1.0753304443886829,0.0391397207253629,0.0993947557940384,NA,25,64,0.5
A,"1 obs/item, naive SE",0.9248056422130149,0.11391654172977432,0.7015292204226572,1.1480820640033724,FALSE,0.5788833773860258,NA,NA,NA,25,65,0.5
B,+ (1|variant): captures phi,0.972490490112374,0.1125598554106104,0.7518731735075777,1.1931078067171703,FALSE,0.5719891796991436,NA,NA,NA,25,65,0.5
C,+ (1|judge): captures lambda,0.7368657551442723,0.2101109628026903,0.32504826805099934,1.1486832422375453,TRUE,1.067709236307168,NA,NA,NA,25,65,0.5
D,+ (1|temp): captures tau,0.6588251629213893,0.21743164224157027,0.23265914412791155,1.084991181714867,TRUE,1.1049103273338952,NA,NA,NA,25,65,0.5
E,+ interactions: lumps eps into residual,0.6588251629213893,0.20091894277734892,0.2650240350777854,1.052626290764993,TRUE,1.0209986575231669,NA,NA,0.21992764672777698,25,65,0.5
F,+ (1|item:variant:judge:temp): splits eps/rho,0.6588251629213892,0.19702643223919622,0.27265335573256455,1.0449969701102138,TRUE,1.0012183024261723,0.040506206019457466,0.09845114169121996,NA,25,65,0.5
A,"1 obs/item, naive SE",-0.3465604437421569,0.155886339919923,-0.6520976699852059,-0.04102321749910781,FALSE,0.7921589750789029,NA,NA,NA,25,66,0.5
B,+ (1|variant): captures phi,-0.46457766980637855,0.12293906378735178,-0.705538234829588,-0.22361710478316907,FALSE,0.6247326277400262,NA,NA,NA,25,66,0.5
C,+ (1|judge): captures lambda,0.12079933670112104,0.29505529479771425,-0.45750904110239893,0.699107714504641,TRUE,1.4993661409885277,NA,NA,NA,25,66,0.5
D,+ (1|temp): captures tau,0.3824114110311628,0.24728805154869785,-0.10227317000428499,0.8670959920666106,TRUE,1.256629988007304,NA,NA,NA,25,66,0.5
E,+ interactions: lumps eps into residual,0.3824114110311628,0.23650792778565205,-0.08114412742871524,0.8459669494910408,TRUE,1.2018492304646948,NA,NA,0.21317045572290816,25,66,0.5
F,+ (1|item:variant:judge:temp): splits eps/rho,0.3824114110311629,0.2343440862062229,-0.07690299793303401,0.8417258199953598,TRUE,1.1908533566204937,0.038547434153887734,0.09785624894763222,NA,25,66,0.5
A,"1 obs/item, naive SE",0.12408122968391846,0.09876245296657457,-0.06949317813056768,0.31765563749840464,FALSE,0.5018756842868256,NA,NA,NA,25,67,0.5
B,+ (1|variant): captures phi,0.3505828381664987,0.13767987454004424,0.08073028406801203,0.6204353922649855,TRUE,0.6996401888751667,NA,NA,NA,25,67,0.5
C,+ (1|judge): captures lambda,0.36309305973652767,0.1605588304170334,0.04839775211914221,0.6777883673539131,TRUE,0.8159029111104898,NA,NA,NA,25,67,0.5
D,+ (1|temp): captures tau,0.4929298940002726,0.21509818776294695,0.07133744598489655,0.9145223420156486,TRUE,1.093052541019013,NA,NA,NA,25,67,0.5
E,+ interactions: lumps eps into residual,0.4929298940002726,0.20491533638494894,0.09129583468577268,0.8945639533147725,TRUE,1.0413069094574579,NA,NA,0.20193608366902127,25,67,0.5
F,+ (1|item:variant:judge:temp): splits eps/rho,0.49292989400027315,0.20224785293265743,0.0965241022522646,0.8893356857482817,TRUE,1.0277517066174102,0.04359891032849904,0.09877134005545138,NA,25,67,0.5
A,"1 obs/item, naive SE",0.4875084124024476,0.13930738355881284,0.21446594062717445,0.7605508841777207,TRUE,0.707910611266902,NA,NA,NA,25,68,0.5
B,+ (1|variant): captures phi,0.5908201087501576,0.15476137133891507,0.28748782092588404,0.8941523965744311,TRUE,0.7864422845812942,NA,NA,NA,25,68,0.5
C,+ (1|judge): captures lambda,0.5483641473865062,0.13166695524884947,0.2902969150987612,0.8064313796742512,TRUE,0.6690846701209782,NA,NA,NA,25,68,0.5
D,+ (1|temp): captures tau,0.6703938063842084,0.16570504437125705,0.3456119194165446,0.9951756933518723,TRUE,0.84205414138255,NA,NA,NA,25,68,0.5
E,+ interactions: lumps eps into residual,0.6703938063842084,0.14426620213447566,0.3876320502006361,0.9531555625677808,TRUE,0.7331095648283055,NA,NA,0.21100473498469696,25,68,0.5
F,+ (1|item:variant:judge:temp): splits eps/rho,0.6703938063842084,0.14095680662921659,0.3941184653909439,0.9466691473774729,TRUE,0.7162923930804576,0.04693543740541911,0.09574228474022248,NA,25,68,0.5
A,"1 obs/item, naive SE",0.4132367248017584,0.11831388897032913,0.1813415024199133,0.6451319471836034,TRUE,0.6012291331779273,NA,NA,NA,25,69,0.5
B,+ (1|variant): captures phi,0.4216119629322618,0.1674223015417352,0.09346425191046076,0.7497596739540628,TRUE,0.8507806319834049,NA,NA,NA,25,69,0.5
C,+ (1|judge): captures lambda,0.33352113062885497,0.18981159399898886,-0.03850959360916317,0.7055518548668731,TRUE,0.9645550587535155,NA,NA,NA,25,69,0.5
D,+ (1|temp): captures tau,0.4630839820915701,0.27298663003118856,-0.0719698127695595,0.9981377769526997,TRUE,1.3872210301867018,NA,NA,NA,25,69,0.5
E,+ interactions: lumps eps into residual,0.4630839820915701,0.2670637781018782,-0.06036102298811119,0.9865289871712514,TRUE,1.3571232017542891,NA,NA,0.221079981303019,25,69,0.5
F,+ (1|item:variant:judge:temp): splits eps/rho,0.46308398209157,0.2642601715207979,-0.054865954089193925,0.9810339182723339,TRUE,1.3428762695539829,0.041728096561010286,0.10087676482925093,NA,25,69,0.5
A,"1 obs/item, naive SE",0.6413262568418331,0.07913215229497166,0.48622723834368864,0.7964252753399775,TRUE,0.4021214731834301,NA,NA,NA,25,70,0.5
B,+ (1|variant): captures phi,0.4607168757054695,0.10392370912629281,0.25702640581793557,0.6644073455930034,TRUE,0.5281033537009789,NA,NA,NA,25,70,0.5
C,+ (1|judge): captures lambda,0.37952225445791893,0.15456149219184262,0.07658172976190741,0.6824627791539304,TRUE,0.785426569795984,NA,NA,NA,25,70,0.5
D,+ (1|temp): captures tau,0.47210644167152616,0.16631898846235807,0.14612122428530433,0.798091659057748,TRUE,0.8451739870483869,NA,NA,NA,25,70,0.5
E,+ interactions: lumps eps into residual,0.47210644167152616,0.156675417157867,0.16502262404210682,0.7791902593009454,TRUE,0.7961687851519914,NA,NA,0.20836744122949205,25,70,0.5
F,+ (1|item:variant:judge:temp): splits eps/rho,0.47210644167152627,0.15372621405375175,0.17080306212617286,0.7734098212168796,TRUE,0.781181983168857,0.03616372205754321,0.09930717131585148,NA,25,70,0.5
A,"1 obs/item, naive SE",0.46024856900339567,0.09732689425659463,0.2694878562604702,0.6510092817463211,TRUE,0.4945806851422728,NA,NA,NA,25,71,0.5
B,+ (1|variant): captures phi,0.5930103442215757,0.10634614318125062,0.38457190358632454,0.8014487848568269,TRUE,0.5404133025980878,NA,NA,NA,25,71,0.5
C,+ (1|judge): captures lambda,0.7002829532837317,0.1178728355177485,0.4692521956689446,0.9313137108985188,TRUE,0.5989878562890687,NA,NA,NA,25,71,0.5
D,+ (1|temp): captures tau,0.7884395091110638,0.21873919831544622,0.35971068041278914,1.2171683378093383,TRUE,1.111554862575866,NA,NA,NA,25,71,0.5
E,+ interactions: lumps eps into residual,0.7884395091110638,0.20949280258198913,0.3778336160503651,1.1990454021717625,TRUE,1.0645679657691804,NA,NA,0.21979754832673823,25,71,0.5
F,+ (1|item:variant:judge:temp): splits eps/rho,0.7884395091110635,0.20842454459874057,0.37992740169753203,1.196951616524595,TRUE,1.0591394583735696,0.04092456821339652,0.10023778038954785,NA,25,71,0.5
A,"1 obs/item, naive SE",0.1652712125865489,0.14238741223374246,-0.11380811539158633,0.44435054056468415,FALSE,0.7235622223035023,NA,NA,NA,25,72,0.5
B,+ (1|variant): captures phi,0.3052903752150022,0.1613128691590083,-0.010882848336654094,0.6214635987666585,TRUE,0.8197346680002818,NA,NA,NA,25,72,0.5
C,+ (1|judge): captures lambda,0.46618766963827546,0.21536970863551338,0.044063040712669255,0.8883122985638816,TRUE,1.0944323135907166,NA,NA,NA,25,72,0.5
D,+ (1|temp): captures tau,0.6008402691321745,0.2062143472737936,0.19666014847553903,1.00502038978881,TRUE,1.0479080211061893,NA,NA,NA,25,72,0.5
E,+ interactions: lumps eps into residual,0.6008402691321745,0.18910711835915317,0.2301903171482343,0.9714902211161147,TRUE,0.960975163933309,NA,NA,0.2077436472443042,25,72,0.5
F,+ (1|item:variant:judge:temp): splits eps/rho,0.6008402691321745,0.18775435837225918,0.2328417267225465,0.9688388115418025,TRUE,0.954100918471544,0.036616471910271245,0.099658918148669,NA,25,72,0.5
A,"1 obs/item, naive SE",1.3185060966891693,0.09618358028904521,1.1299862793226407,1.5070259140556979,FALSE,0.4887707699104919,NA,NA,NA,25,73,0.5
B,+ (1|variant): captures phi,1.1610184231146685,0.09633002391534183,0.9722115762405985,1.3498252699887385,FALSE,0.4895149443710223,NA,NA,NA,25,73,0.5
C,+ (1|judge): captures lambda,0.6667048378513379,0.28181327013455104,0.1143508283876179,1.219058847315058,TRUE,1.43207487806883,NA,NA,NA,25,73,0.5
D,+ (1|temp): captures tau,0.603978053422636,0.2849828452045626,0.045411676821693336,1.1625444300235785,TRUE,1.4481815320590754,NA,NA,NA,25,73,0.5
E,+ interactions: lumps eps into residual,0.603978053422636,0.27862547064980936,0.05787213094900967,1.1500839758962624,TRUE,1.4158756140801623,NA,NA,0.21596203587923107,25,73,0.5
F,+ (1|item:variant:judge:temp): splits eps/rho,0.6039780534226361,0.2762160190682477,0.0625946560488706,1.1453614507964016,TRUE,1.4036316374986826,0.04414906894850286,0.09974227569736613,NA,25,73,0.5
A,"1 obs/item, naive SE",0.06686862761977952,0.11878155178643686,-0.16594321388163671,0.2996804691211957,FALSE,0.6036056293948551,NA,NA,NA,25,74,0.5
B,+ (1|variant): captures phi,0.09410227373078256,0.1060185541237585,-0.1136940923517841,0.3018986398133492,FALSE,0.5387486114380843,NA,NA,NA,25,74,0.5
C,+ (1|judge): captures lambda,0.17176820876445337,0.11615988358314674,-0.05590516305851426,0.39944158058742096,FALSE,0.5902832433667908,NA,NA,NA,25,74,0.5
D,+ (1|temp): captures tau,0.45531045056398967,0.22140898379019028,0.021348842335216722,0.8892720587927626,TRUE,1.1251217634758435,NA,NA,NA,25,74,0.5
E,+ interactions: lumps eps into residual,0.45531045056398967,0.2071660995352627,0.04926489547487478,0.8613560056531046,TRUE,1.0527444878316359,NA,NA,0.19876099141943784,25,74,0.5
F,+ (1|item:variant:judge:temp): splits eps/rho,0.45531045056398967,0.20503309828279953,0.053445577929702615,0.8571753231982767,TRUE,1.0419053335679513,0.034645650276968795,0.10268796283926784,NA,25,74,0.5
A,"1 obs/item, naive SE",-0.13181941634721686,0.12343644405300032,-0.3737548466910975,0.11011601399666376,FALSE,0.6272601374734833,NA,NA,NA,25,75,0.5
B,+ (1|variant): captures phi,0.13424903152300413,0.2340873178003817,-0.324562111365744,0.5930601744117523,TRUE,1.1895485508414352,NA,NA,NA,25,75,0.5
C,+ (1|judge): captures lambda,0.3474738039462954,0.2706056371452241,-0.18291324485834387,0.8778608527509346,TRUE,1.3751216705815905,NA,NA,NA,25,75,0.5
D,+ (1|temp): captures tau,0.36257602856277954,0.2342629001584137,-0.09657925574771131,0.8217313128732704,TRUE,1.190440797980293,NA,NA,NA,25,75,0.5
E,+ interactions: lumps eps into residual,0.36257602856277954,0.21723678590733878,-0.06320807181560445,0.7883601289411635,TRUE,1.103920136698258,NA,NA,0.2076069165866432,25,75,0.5
F,+ (1|item:variant:judge:temp): splits eps/rho,0.3625760285627797,0.21415637606964258,-0.057170468533719765,0.7823225256592792,TRUE,1.0882665887279492,0.03863658054529269,0.09877158550935214,NA,25,75,0.5
A,"1 obs/item, naive SE",0.32569981835920175,0.10124511483572421,0.1272593932811823,0.5241402434372212,TRUE,0.5144916895297693,NA,NA,NA,25,76,0.5
B,+ (1|variant): captures phi,-0.17944494314736834,0.18236428660724086,-0.5368789448975604,0.17798905860282374,FALSE,0.9267104894758282,NA,NA,NA,25,76,0.5
C,+ (1|judge): captures lambda,0.24991423365840013,0.30258959006642444,-0.3431613628717918,0.8429898301885921,TRUE,1.5376527517401124,NA,NA,NA,25,76,0.5
D,+ (1|temp): captures tau,0.3127388767097261,0.27174673276722106,-0.2198847195140271,0.8453624729334793,TRUE,1.3809203129697079,NA,NA,NA,25,76,0.5
E,+ interactions: lumps eps into residual,0.3127388767097261,0.26190781224657544,-0.20060043529356175,0.826078188713014,TRUE,1.33092241578692,NA,NA,0.2115899550265455,25,76,0.5
F,+ (1|item:variant:judge:temp): splits eps/rho,0.31273887670972605,0.260087650296273,-0.19703291787096905,0.8225106712904211,TRUE,1.321672999668934,0.036436259190038386,0.09679670406959609,NA,25,76,0.5
A,"1 obs/item, naive SE",-0.2885184539046131,0.12482422537760703,-0.5331739356447229,-0.043862972164503355,FALSE,0.6343123489263843,NA,NA,NA,25,77,0.5
B,+ (1|variant): captures phi,0.1953114938560049,0.18309406373530826,-0.16355287106519925,0.5541758587772091,TRUE,0.9304189574666918,NA,NA,NA,25,77,0.5
C,+ (1|judge): captures lambda,0.21074110854812023,0.1188374681909663,-0.022180329106173707,0.4436625462024142,FALSE,0.6038897766891266,NA,NA,NA,25,77,0.5
D,+ (1|temp): captures tau,0.39558854770082597,0.1665784413445853,0.06909480266543877,0.7220822927362132,TRUE,0.8464924343823351,NA,NA,NA,25,77,0.5
E,+ interactions: lumps eps into residual,0.39558854770082597,0.16278256780081146,0.07653471481123553,0.7146423805904164,TRUE,0.8272031541445053,NA,NA,0.21139500211132978,25,77,0.5
F,+ (1|item:variant:judge:temp): splits eps/rho,0.39558854770082597,0.16022772373534674,0.08154220917954635,0.7096348862221056,TRUE,0.8142203446345471,0.04070450560085663,0.0981916161071518,NA,25,77,0.5
A,"1 obs/item, naive SE",0.32652529620497994,0.15603937567222598,0.020688119887417034,0.6323624725225429,TRUE,0.7929366483808549,NA,NA,NA,25,78,0.5
B,+ (1|variant): captures phi,0.5679335093042767,0.17125187624157592,0.23227983187078788,0.9035871867377654,TRUE,0.8702411695184593,NA,NA,NA,25,78,0.5
C,+ (1|judge): captures lambda,0.6863692899685274,0.2172426639239738,0.2605736686775388,1.112164911259516,TRUE,1.10395000668966,NA,NA,NA,25,78,0.5
D,+ (1|temp): captures tau,0.4664015447609011,0.24216213109788487,-0.008236232190953208,0.9410393217127555,TRUE,1.2305818821069547,NA,NA,NA,25,78,0.5
E,+ interactions: lumps eps into residual,0.4664015447609011,0.23247041286490583,0.010759535545685706,0.9220435539761165,TRUE,1.1813320146321398,NA,NA,0.2349274202774796,25,78,0.5
F,+ (1|item:variant:judge:temp): splits eps/rho,0.466401544760901,0.22879144541835417,0.017970311740926836,0.9148327777808751,TRUE,1.1626368096301745,0.038654013569435326,0.10207257791781786,NA,25,78,0.5
A,"1 obs/item, naive SE",0.4719124562934109,0.13465358034154287,0.20799143882398685,0.7358334737628349,TRUE,0.6842616373497185,NA,NA,NA,25,79,0.5
B,+ (1|variant): captures phi,0.5114164552649475,0.13015479242674044,0.2563130621085362,0.7665198484213588,TRUE,0.6614003961048608,NA,NA,NA,25,79,0.5
C,+ (1|judge): captures lambda,0.5552564559126681,0.2156305605465506,0.13262055724142896,0.9778923545839073,TRUE,1.095757870291841,NA,NA,NA,25,79,0.5
D,+ (1|temp): captures tau,0.5120341556280369,0.17353959246160042,0.1718965544033001,0.8521717568527737,TRUE,0.8818665302592202,NA,NA,NA,25,79,0.5
E,+ interactions: lumps eps into residual,0.5120341556280369,0.16135898156546805,0.19577055175971952,0.8282977594963543,TRUE,0.8199689948608544,NA,NA,0.21472171982811322,25,79,0.5
F,+ (1|item:variant:judge:temp): splits eps/rho,0.5120341556280369,0.15823303663840851,0.2018974038167562,0.8221709074393175,TRUE,0.8040840537502696,0.041167578459822156,0.10385707596273329,NA,25,79,0.5
A,"1 obs/item, naive SE",0.5153680930604533,0.15935977184766012,0.20302294023903944,0.8277132458818671,TRUE,0.8098097216247259,NA,NA,NA,25,80,0.5
B,+ (1|variant): captures phi,0.9148505952660758,0.18426934201027725,0.5536826849259324,1.2760185056062192,FALSE,0.9363913039481743,NA,NA,NA,25,80,0.5
C,+ (1|judge): captures lambda,0.5190167290126771,0.2806844444565589,-0.031124782122178285,1.0691582401475326,TRUE,1.426338587175219,NA,NA,NA,25,80,0.5
D,+ (1|temp): captures tau,0.4274644622007301,0.22227634398873275,-0.008197172017186116,0.8631260964186462,TRUE,1.1295293797317294,NA,NA,NA,25,80,0.5
E,+ interactions: lumps eps into residual,0.4274644622007301,0.207489197499207,0.020785635102284372,0.8341432892991758,TRUE,1.054386356850433,NA,NA,0.21775354548884412,25,80,0.5
F,+ (1|item:variant:judge:temp): splits eps/rho,0.42746446220073014,0.2041886985295615,0.02725461308278959,0.8276743113186706,TRUE,1.0376143941346083,0.04210282682973096,0.10028692651976864,NA,25,80,0.5
A,"1 obs/item, naive SE",0.9111730186003969,0.10506589211035681,0.7052438700640975,1.1171021671366963,FALSE,0.5339075216766559,NA,NA,NA,25,81,0.5
B,+ (1|variant): captures phi,1.098885282731837,0.12078125171856732,0.862154029363445,1.335616536100229,FALSE,0.613767393725941,NA,NA,NA,25,81,0.5
C,+ (1|judge): captures lambda,0.6395005636541379,0.27338641775420275,0.10366318485590054,1.175337942452375,TRUE,1.3892526093043764,NA,NA,NA,25,81,0.5
D,+ (1|temp): captures tau,0.6646140927847841,0.2803585854846343,0.1151112652349009,1.2141169203346673,TRUE,1.4246826876951706,NA,NA,NA,25,81,0.5
E,+ interactions: lumps eps into residual,0.6646140927847841,0.2676838100907704,0.13995382500687414,1.189274360562694,TRUE,1.3602739839529685,NA,NA,0.21607335945474485,25,81,0.5
F,+ (1|item:variant:judge:temp): splits eps/rho,0.6646140927847841,0.2651260288046862,0.1449670763275991,1.184261109241969,TRUE,1.3472762485317555,0.04288071880857889,0.1008835732350475,NA,25,81,0.5
A,"1 obs/item, naive SE",0.0067796161970751535,0.12151789546466016,-0.23139545891365876,0.24495469130780906,FALSE,0.6175107554291085,NA,NA,NA,25,82,0.5
B,+ (1|variant): captures phi,-0.012282069606557776,0.11931893774979384,-0.2461471875961537,0.22158304838303813,FALSE,0.6063364338654285,NA,NA,NA,25,82,0.5
C,+ (1|judge): captures lambda,0.15301393810453087,0.21200226054084687,-0.26251049255552894,0.5685383687645907,TRUE,1.07732013921628,NA,NA,NA,25,82,0.5
D,+ (1|temp): captures tau,0.30439936605832446,0.22482205984507742,-0.1362518712380273,0.7450506033546762,TRUE,1.142465802927245,NA,NA,NA,25,82,0.5
E,+ interactions: lumps eps into residual,0.30439936605832446,0.20732774712442073,-0.10196301830554017,0.710761750422189,TRUE,1.0535659234277068,NA,NA,0.22529183481831416,25,82,0.5
F,+ (1|item:variant:judge:temp): splits eps/rho,0.30439936605832446,0.204565327409203,-0.09654867566371339,0.7053474077803623,TRUE,1.0395282882412706,0.04223327193688961,0.09984486044821725,NA,25,82,0.5
A,"1 obs/item, naive SE",0.160017962192368,0.10070768099957099,-0.037369092566791134,0.35740501695152715,FALSE,0.5117606417866601,NA,NA,NA,25,83,0.5
B,+ (1|variant): captures phi,0.3723917372333798,0.17480503050000498,0.029773877453370068,0.7150095970133896,TRUE,0.8882970366143207,NA,NA,NA,25,83,0.5
C,+ (1|judge): captures lambda,0.511589614233666,0.14070946429015954,0.23579906422495328,0.7873801642423788,TRUE,0.7150354872226274,NA,NA,NA,25,83,0.5
D,+ (1|temp): captures tau,0.5548502223493743,0.13674408888803932,0.28683180812881726,0.8228686365699314,TRUE,0.6948848587842392,NA,NA,NA,25,83,0.5
E,+ interactions: lumps eps into residual,0.5548502223493743,0.13070536898681592,0.2986676991352151,0.8110327455635336,TRUE,0.6641982304998174,NA,NA,0.2202431447230626,25,83,0.5
F,+ (1|item:variant:judge:temp): splits eps/rho,0.5548502223493744,0.12951668486783569,0.3009975200084165,0.8087029246903323,TRUE,0.6581577602837122,0.03988088769417196,0.10252989570895835,NA,25,83,0.5
A,"1 obs/item, naive SE",0.7117452409850689,0.14548989293884446,0.42658505082493375,0.9969054311452039,TRUE,0.7393279265776429,NA,NA,NA,25,84,0.5
B,+ (1|variant): captures phi,0.9196352177327779,0.15278496477922426,0.6201766867654983,1.2190937487000575,FALSE,0.776398888890125,NA,NA,NA,25,84,0.5
C,+ (1|judge): captures lambda,0.7664774656439276,0.1304055838117447,0.510882521372908,1.0220724099149472,FALSE,0.6626748287883508,NA,NA,NA,25,84,0.5
D,+ (1|temp): captures tau,0.7090091681192243,0.180656552605776,0.35492232501190335,1.0630960112265453,TRUE,0.9180323922352188,NA,NA,NA,25,84,0.5
E,+ interactions: lumps eps into residual,0.7090091681192243,0.15777793433586063,0.3997644168209375,1.018253919417511,TRUE,0.8017713855990539,NA,NA,0.20007423390920046,25,84,0.5
F,+ (1|item:variant:judge:temp): splits eps/rho,0.7090091681192244,0.1546757700507195,0.4058446588198142,1.0121736774186347,TRUE,0.786007289258694,0.03655341028290088,0.09788367111510568,NA,25,84,0.5
A,"1 obs/item, naive SE",0.2708307606952673,0.11975892787986361,0.03610326205073461,0.5055582593398,TRUE,0.608572307327208,NA,NA,NA,25,85,0.5
B,+ (1|variant): captures phi,0.17550886428930151,0.15721768779226672,-0.13263780378354123,0.48365553236214426,FALSE,0.798924411784717,NA,NA,NA,25,85,0.5
C,+ (1|judge): captures lambda,0.3561243701750334,0.18430481728828538,-0.005113071710005912,0.7173618120600727,TRUE,0.9365715767025541,NA,NA,NA,25,85,0.5
D,+ (1|temp): captures tau,0.36628447122489477,0.24791734194790993,-0.11963351899300867,0.8522024614427982,TRUE,1.2598278181566482,NA,NA,NA,25,85,0.5
E,+ interactions: lumps eps into residual,0.36628447122489477,0.23194631653200326,-0.08833030917783163,0.8208992516276212,TRUE,1.1786687433401972,NA,NA,0.21349391791171202,25,85,0.5
F,+ (1|item:variant:judge:temp): splits eps/rho,0.36628447122489455,0.2289956572742084,-0.0825470170325539,0.8151159594823429,TRUE,1.1636745417016026,0.04045881988253151,0.09739194630428717,NA,25,85,0.5
A,"1 obs/item, naive SE",0.48935612206077617,0.11086310980243105,0.2720644268480113,0.7066478172735411,TRUE,0.5633669215677678,NA,NA,NA,25,86,0.5
B,+ (1|variant): captures phi,0.43472097493275874,0.11975770060412233,0.19999588174867897,0.6694460681168385,TRUE,0.6085660707480834,NA,NA,NA,25,86,0.5
C,+ (1|judge): captures lambda,0.41514450189227314,0.15347699174891435,0.11432959806440102,0.7159594057201453,TRUE,0.7799155239930998,NA,NA,NA,25,86,0.5
D,+ (1|temp): captures tau,0.3700434019491909,0.18955436027424635,-0.001483144188331953,0.7415699480867137,TRUE,0.963247888389182,NA,NA,NA,25,86,0.5
E,+ interactions: lumps eps into residual,0.3700434019491909,0.1812294464000804,0.014833687005033291,0.7252531168933485,TRUE,0.92094363488263975,NA,NA,0.20791738046163039,25,86,0.5
F,+ (1|item:variant:judge:temp): splits eps/rho,0.3700434019491911,0.1789302587544562,0.019340094790456952,0.7207467091079253,TRUE,0.9092599804341016,0.03866244026700134,0.10204728462127992,NA,25,86,0.5
A,"1 obs/item, naive SE",0.3416665937551815,0.1485571230618193,0.05049463255401565,0.6328385549563473,TRUE,0.7549144999220105,NA,NA,NA,25,87,0.5
B,+ (1|variant): captures phi,0.21026989758750753,0.12473313200047863,-0.034207041133430593,0.45474683630844565,FALSE,0.6338494447598,NA,NA,NA,25,87,0.5
C,+ (1|judge): captures lambda,-0.0018223639500451565,0.1785604432203886,-0.3518008326620068,0.3481561047619165,FALSE,0.9073807093280782,NA,NA,NA,25,87,0.5
D,+ (1|temp): captures tau,0.34550735149025597,0.23185194371553658,-0.1089224581921957,0.7999371611727076,TRUE,1.1781891742284587,NA,NA,NA,25,87,0.5
E,+ interactions: lumps eps into residual,0.34550735149025597,0.2151442250293676,-0.0761753295673045,0.7671900325478165,TRUE,1.0932864860446128,NA,NA,0.2040153705995341,25,87,0.5
F,+ (1|item:variant:judge:temp): splits eps/rho,0.3455073514902561,0.21411278075558018,-0.07415369879068107,0.7651684017711933,TRUE,1.0880450528363268,0.041494422916305854,0.10195978673803668,NA,25,87,0.5
A,"1 obs/item, naive SE",0.5730382025199202,0.1041731296484834,0.36885886840889276,0.7772175366309477,TRUE,0.5293708201468755,NA,NA,NA,25,88,0.5
B,+ (1|variant): captures phi,0.7272802134165396,0.1404985095716804,0.45190313465604603,1.0026572921770331,TRUE,0.7139634903198562,NA,NA,NA,25,88,0.5
C,+ (1|judge): captures lambda,0.5019911585998355,0.19423320411757955,0.12129407852937957,0.8826882386702913,TRUE,0.9870241098681967,NA,NA,NA,25,88,0.5
D,+ (1|temp): captures tau,0.5671239501968657,0.24111328583787003,0.0945419099546404,1.0397059904390908,TRUE,1.2252520232712383,NA,NA,NA,25,88,0.5
E,+ interactions: lumps eps into residual,0.5671239501968657,0.23438039954430182,0.10773836709003415,1.026509533303697,TRUE,1.191037888098294,NA,NA,0.209848534344013,25,88,0.5
F,+ (1|item:variant:judge:temp): splits eps/rho,0.5671239501968657,0.2315559226765243,0.11327434175087803,1.0209735586428534,TRUE,1.1766849005186122,0.040076481184429275,0.09827570232051892,NA,25,88,0.5
A,"1 obs/item, naive SE",1.207630122869013,0.10212669138553924,1.007461807753356,1.40779843798467,FALSE,0.5189715482301135,NA,NA,NA,25,89,0.5
B,+ (1|variant): captures phi,0.9072494021805323,0.21461623408252206,0.48660158337878906,1.3278972209822755,TRUE,1.0906034237088176,NA,NA,NA,25,89,0.5
C,+ (1|judge): captures lambda,0.7951347476430578,0.26926560384221876,0.2673741641123091,1.3228953311738065,TRUE,1.368312097604089,NA,NA,NA,25,89,0.5
D,+ (1|temp): captures tau,0.41996842337357626,0.3559329494340906,-0.2776601575172413,1.117597004264394,TRUE,1.8087247449991923,NA,NA,NA,25,89,0.5
E,+ interactions: lumps eps into residual,0.41996842337357626,0.3438042236618663,-0.25388785500368166,1.0938247017508342,TRUE,1.747090871359759,NA,NA,0.21406904846748728,25,89,0.5
F,+ (1|item:variant:judge:temp): splits eps/rho,0.41996842337357637,0.34174405156519716,-0.24984991769421,1.0897867644413628,TRUE,1.7366218089812215,0.03898279357596687,0.09826406283771114,NA,25,89,0.5
A,"1 obs/item, naive SE",0.2934752901167889,0.11046460604183159,0.076964662274799,0.5099859179587788,TRUE,0.5613418670907449,NA,NA,NA,25,90,0.5
B,+ (1|variant): captures phi,0.057711659600680636,0.12628735584025877,-0.18981155784622655,0.30523487704758784,FALSE,0.6417474579185918,NA,NA,NA,25,90,0.5
C,+ (1|judge): captures lambda,0.41720874439167366,0.21384141611220125,-0.001920431188240812,0.8363379199715881,TRUE,1.086666074165828,NA,NA,NA,25,90,0.5
D,+ (1|temp): captures tau,0.33323928016265086,0.30483344734978096,-0.2642342766429198,0.9307128369682216,TRUE,1.549055236952865,NA,NA,NA,25,90,0.5
E,+ interactions: lumps eps into residual,0.33323928016265086,0.29903129899683556,-0.25286206587114685,0.9193406261964485,TRUE,1.5195707811956383,NA,NA,0.21745294950772828,25,90,0.5
F,+ (1|item:variant:judge:temp): splits eps/rho,0.3332392801626508,0.2964798214614297,-0.24786116990175144,0.9143397302270531,TRUE,1.5066050791949228,0.03854305158706838,0.09838344186166258,NA,25,90,0.5
A,"1 obs/item, naive SE",0.6203618120253244,0.11592926322777763,0.3931404560988802,0.8475831679517685,TRUE,0.5891113126868136,NA,NA,NA,25,91,0.5
B,+ (1|variant): captures phi,0.5109006581717783,0.18401847562525633,0.15022444594627593,0.8715768703972807,TRUE,0.9351164901412558,NA,NA,NA,25,91,0.5
C,+ (1|judge): captures lambda,0.6497056446955043,0.16478796643372035,0.3267212304854124,0.9726900589055962,TRUE,0.8373938772475416,NA,NA,NA,25,91,0.5
D,+ (1|temp): captures tau,0.8446206026037668,0.247496361107445,0.35952773483317463,1.329713470374359,TRUE,1.2576885431484477,NA,NA,NA,25,91,0.5
E,+ interactions: lumps eps into residual,0.8446206026037668,0.23194359926747432,0.39001114803951714,1.2992300571680164,TRUE,1.1786549351676185,NA,NA,0.2341792583958005,25,91,0.5
F,+ (1|item:variant:judge:temp): splits eps/rho,0.8446206026037667,0.22860829446556472,0.3965483454512599,1.2926928597562735,TRUE,1.1617061015827537,0.048685604552581765,0.09864810617722362,NA,25,91,0.5
A,"1 obs/item, naive SE",0.5553294657012261,0.11422599020694295,0.33144652489561793,0.7792124065068342,TRUE,0.5804558845642658,NA,NA,NA,25,92,0.5
B,+ (1|variant): captures phi,0.22696336802969072,0.17844207827075825,-0.12278310538099543,0.5767098414403768,TRUE,0.9067792207227738,NA,NA,NA,25,92,0.5
C,+ (1|judge): captures lambda,0.4617916181372287,0.28122270537774163,-0.08940488440314487,1.0129881206776021,TRUE,1.4290738378704895,NA,NA,NA,25,92,0.5
D,+ (1|temp): captures tau,0.6115886237327209,0.2612143089801603,0.09960857813160673,1.1235686693338351,TRUE,1.3273982786686869,NA,NA,NA,25,92,0.5
E,+ interactions: lumps eps into residual,0.6115886237327209,0.25123563775860924,0.11916677372584683,1.104010473739595,TRUE,1.2766902180934385,NA,NA,0.21373767910333502,25,92,0.5
F,+ (1|item:variant:judge:temp): splits eps/rho,0.6115886237327209,0.24851287649134934,0.12450338580967624,1.0986738616557656,TRUE,1.262854113044304,0.04144272071115535,0.09881714368740045,NA,25,92,0.5
A,"1 obs/item, naive SE",0.0202773642905846,0.11770669419879128,-0.21042775633904628,0.25098248492021547,FALSE,0.5981435851552989,NA,NA,NA,25,93,0.5
B,+ (1|variant): captures phi,0.15612819407501558,0.18222244193463907,-0.20102779211687702,0.5132841802669081,TRUE,0.9259896852634364,NA,NA,NA,25,93,0.5
C,+ (1|judge): captures lambda,0.3558490678498425,0.25201781579328153,-0.1381058511049893,0.8498039868046743,TRUE,1.2806649688675829,NA,NA,NA,25,93,0.5
D,+ (1|temp): captures tau,0.6052868111033253,0.26881401941411087,0.07841133305166792,1.1321622891549827,TRUE,1.366017306040471,NA,NA,NA,25,93,0.5
E,+ interactions: lumps eps into residual,0.6052868111033253,0.2617121589835553,0.09233097949555691,1.1182426427110936,TRUE,1.3299281754424197,NA,NA,0.22460540172813562,25,93,0.5
F,+ (1|item:variant:judge:temp): splits eps/rho,0.6052868111033252,0.258584841648154,0.09846052147294337,1.112113100733707,TRUE,1.314036260240417,0.0376557356188571,0.10020227904876204,NA,25,93,0.5
A,"1 obs/item, naive SE",0.8146575002163756,0.11081439879186354,0.5974612785843231,1.031853721848428,FALSE,0.5631193895247033,NA,NA,NA,25,94,0.5
B,+ (1|variant): captures phi,0.4553201043603498,0.14930154122111658,0.16268908356696132,0.7479511251537383,TRUE,0.7586973684299373,NA,NA,NA,25,94,0.5
C,+ (1|judge): captures lambda,0.48003290239898133,0.17670891310638423,0.13368343271046823,0.8263823720874944,TRUE,0.897971891350885,NA,NA,NA,25,94,0.5
D,+ (1|temp): captures tau,0.48634231611557516,0.23599064608113413,0.023800649796552276,0.948883982434598,TRUE,1.1992205886921796,NA,NA,NA,25,94,0.5
E,+ interactions: lumps eps into residual,0.48634231611557516,0.22602861149069925,0.04332623759380466,0.9293583946373456,TRUE,1.14859706956335,NA,NA,0.20637388446514968,25,94,0.5
F,+ (1|item:variant:judge:temp): splits eps/rho,0.48634231611557527,0.22348927621852804,0.04830333472726034,0.9243812975038902,TRUE,1.1356930702288466,0.04481951478711532,0.10106724901942961,NA,25,94,0.5
A,"1 obs/item, naive SE",0.2644566276049919,0.13239373254849462,0.004964911809942407,0.5239483434000414,TRUE,0.6727778940499848,NA,NA,NA,25,95,0.5
B,+ (1|variant): captures phi,0.44712962428232433,0.22271214377157028,0.01061382249004661,0.8836454260746021,TRUE,1.1317439593381884,NA,NA,NA,25,95,0.5
C,+ (1|judge): captures lambda,0.13053720457900453,0.2455422718398474,-0.35072564822709634,0.6118000573851055,TRUE,1.2477585560037885,NA,NA,NA,25,95,0.5
D,+ (1|temp): captures tau,0.1342821955583896,0.204726190711068,-0.26698113823530367,0.5355455293520829,TRUE,1.040345738368066,NA,NA,NA,25,95,0.5
E,+ interactions: lumps eps into residual,0.1342821955583896,0.19209465475654441,-0.24222332776443745,0.5107877188812167,TRUE,0.976156762088632,NA,NA,0.200139818871353,25,95,0.5
F,+ (1|item:variant:judge:temp): splits eps/rho,0.13428219555838958,0.18929810538066705,-0.23674209098771784,0.505306482104497,TRUE,0.9619456920969283,0.04364688487684311,0.09841207391289838,NA,25,95,0.5
A,"1 obs/item, naive SE",-0.004860331718269557,0.13552325690752368,-0.27048591525701593,0.26076525182047683,FALSE,0.6886810245616537,NA,NA,NA,25,96,0.5
B,+ (1|variant): captures phi,0.06140114138766885,0.09394985873432776,-0.12274058173161358,0.24554286450695129,FALSE,0.47741979086828984,NA,NA,NA,25,96,0.5
C,+ (1|judge): captures lambda,0.24084494676595247,0.16879325061883943,-0.08998982444697279,0.5716797179788777,TRUE,0.8577473079369369,NA,NA,NA,25,96,0.5
D,+ (1|temp): captures tau,0.447846916809465,0.1808487609363501,0.09338334537421877,0.8023104882447112,TRUE,0.9190091266574102,NA,NA,NA,25,96,0.5
E,+ interactions: lumps eps into residual,0.447846916809465,0.1661272368540643,0.12223753257549896,0.773456301043431,TRUE,0.8441995735264981,NA,NA,0.19733167863573167,25,96,0.5
F,+ (1|item:variant:judge:temp): splits eps/rho,0.447846916809465,0.16386813211318815,0.12666537786761622,0.7690284557513137,TRUE,0.8327196061538109,0.04493341108277109,0.09921980321267568,NA,25,96,0.5
A,"1 obs/item, naive SE",0.012997512295236957,0.13215420028433716,-0.24602472026206387,0.27201974485253777,FALSE,0.6715606762169741,NA,NA,NA,25,97,0.5
B,+ (1|variant): captures phi,0.2546737172288838,0.1635616209894994,-0.06590705991053497,0.5752544943683027,TRUE,0.8311620255619752,NA,NA,NA,25,97,0.5
C,+ (1|judge): captures lambda,0.47672223758720106,0.20223697297466403,0.08033777055685959,0.8731067046175425,TRUE,1.0276964185377915,NA,NA,NA,25,97,0.5
D,+ (1|temp): captures tau,0.3163472109566224,0.2769327887673191,-0.22644105502732298,0.8591354769405677,TRUE,1.407274006358428,NA,NA,NA,25,97,0.5
E,+ interactions: lumps eps into residual,0.3163472109566224,0.2723719641277335,-0.21750183873373524,0.85019626064698,TRUE,1.384097516527025,NA,NA,0.21048360889673598,25,97,0.5
F,+ (1|item:variant:judge:temp): splits eps/rho,0.3163472109566223,0.26997234872127457,-0.21279859253707578,0.8454930144503204,TRUE,1.3719035238914898,0.039988302656449495,0.10020309557122029,NA,25,97,0.5
A,"1 obs/item, naive SE",0.3454167096373494,0.12951288507082453,0.0915714548985333,0.5992619643761654,TRUE,0.6581384510658076,NA,NA,NA,25,98,0.5
B,+ (1|variant): captures phi,0.28902850273571956,0.10680510822687454,0.07969049061104547,0.49836651486039363,FALSE,0.5427455998367379,NA,NA,NA,25,98,0.5
C,+ (1|judge): captures lambda,0.3923475583905316,0.11825662732866808,0.16056456882634215,0.624130547954721,TRUE,0.6009381498666708,NA,NA,NA,25,98,0.5
D,+ (1|temp): captures tau,0.6012306008964984,0.20130613174529577,0.2066705826757187,0.9957906191172781,TRUE,1.02296621424538,NA,NA,NA,25,98,0.5
E,+ interactions: lumps eps into residual,0.6012306008964984,0.18792037478842114,0.23290666631119294,0.9695545354818038,TRUE,0.9549445548937006,NA,NA,0.19243567736701195,25,98,0.5
F,+ (1|item:variant:judge:temp): splits eps/rho,0.601230600896498,0.18519870684792486,0.23824113547456532,0.9642200663184308,TRUE,0.9411140057425937,0.03867871224129888,0.09996344080455756,NA,25,98,0.5
A,"1 obs/item, naive SE",0.9718998378200223,0.11536833335085887,0.7457779044523389,1.1980217711877057,FALSE,0.5862608664153869,NA,NA,NA,25,99,0.5
B,+ (1|variant): captures phi,1.3194357504908696,0.20300933604727173,0.921537451838217,1.7173340491435223,FALSE,1.0316212931631115,NA,NA,NA,25,99,0.5
C,+ (1|judge): captures lambda,1.0134477167493852,0.27044692775683515,0.48337173834598823,1.543523695152782,TRUE,1.3743151658775468,NA,NA,NA,25,99,0.5
D,+ (1|temp): captures tau,0.690561195196367,0.27420186970866006,0.1531255305673933,1.2279968598253408,TRUE,1.3933964463128072,NA,NA,NA,25,99,0.5
E,+ interactions: lumps eps into residual,0.690561195196367,0.25789169837792486,0.18509346637563429,1.1960289240170998,TRUE,1.310513952494853,NA,NA,0.21866345311489102,25,99,0.5
F,+ (1|item:variant:judge:temp): splits eps/rho,0.690561195196367,0.2550516750238978,0.19065991214952738,1.1904624782432067,TRUE,1.2960819631975107,0.04036967156821702,0.10108408734608908,NA,25,99,0.5
A,"1 obs/item, naive SE",-0.23180551772504637,0.11396106294776571,-0.4551692011026672,-0.00844183434742557,FALSE,0.5791096183923349,NA,NA,NA,25,100,0.5
B,+ (1|variant): captures phi,0.04019560295317071,0.19501505945142972,-0.34203391357163154,0.42242511947797295,FALSE,0.9909972207914558,NA,NA,NA,25,100,0.5
C,+ (1|judge): captures lambda,0.4273242734576065,0.2211011536032053,-0.006033987604675939,0.860682534519889,TRUE,1.1235574798731518,NA,NA,NA,25,100,0.5
D,+ (1|temp): captures tau,0.49249775216950387,0.24669657909261913,0.008972457147970347,0.9760230471910374,TRUE,1.2536243352038872,NA,NA,NA,25,100,0.5
E,+ interactions: lumps eps into residual,0.49249775216950387,0.2303784317969447,0.04095602584749225,0.9440394784915155,TRUE,1.1707013103668922,NA,NA,0.22073920480650056,25,100,0.5
F,+ (1|item:variant:judge:temp): splits eps/rho,0.4924977521695038,0.22823869270832106,0.04514991446119454,0.9398455898778131,TRUE,1.1598279168145702,0.042700812642717516,0.10013263047728778,NA,25,100,0.5
A,"1 obs/item, naive SE",0.5699514529494352,0.09316653767222019,0.38734503911188356,0.7525578667869868,TRUE,0.4734392316349689,NA,NA,NA,25,101,0.5
B,+ (1|variant): captures phi,0.3820390346612359,0.129735293711153,0.12775785898737602,0.6363202103350958,TRUE,0.6592686527285176,NA,NA,NA,25,101,0.5
C,+ (1|judge): captures lambda,0.28981629560183003,0.20748283795848815,-0.11685006679680676,0.6964826580004668,TRUE,1.0543540399247782,NA,NA,NA,25,101,0.5
D,+ (1|temp): captures tau,0.36255039322308685,0.2138203618471425,-0.05653751599731244,0.7816383024434861,TRUE,1.086559083873808,NA,NA,NA,25,101,0.5
E,+ interactions: lumps eps into residual,0.36255039322308685,0.19135071793854022,-0.012497013936451973,0.7375978003826257,TRUE,0.9723763395860806,NA,NA,0.20862452618963698,25,101,0.5
F,+ (1|item:variant:judge:temp): splits eps/rho,0.3625503932230868,0.188068021483965,-0.0060629288854845975,0.7311637153316581,TRUE,0.9556948429245562,0.040626437588964504,0.09930313797801613,NA,25,101,0.5
A,"1 obs/item, naive SE",0.3738687462234903,0.11211345454054851,0.15412637532401524,0.5936111171229654,TRUE,0.5697207291351993,NA,NA,NA,25,102,0.5
B,+ (1|variant): captures phi,0.34774558694868507,0.11164843907213289,0.12891464636730463,0.5665765275300655,TRUE,0.5673576857983349,NA,NA,NA,25,102,0.5
C,+ (1|judge): captures lambda,0.2675067795815898,0.122337188955902,0.027725889228021883,0.5072876699351577,TRUE,0.6216741137621371,NA,NA,NA,25,102,0.5
D,+ (1|temp): captures tau,0.4870089291897541,0.14672027206532873,0.19943719594170978,0.7745806624377984,TRUE,0.745580276002839,NA,NA,NA,25,102,0.5
E,+ interactions: lumps eps into residual,0.4870089291897541,0.1402577434629018,0.21210375200246656,0.7619141063770416,TRUE,0.7127400025270081,NA,NA,0.19470274350842068,25,102,0.5
F,+ (1|item:variant:judge:temp): splits eps/rho,0.4870089291897539,0.1373627124651276,0.21777801275810382,0.756239845621404,TRUE,0.6980284839347023,0.03718037368189804,0.09821986125780106,NA,25,102,0.5
A,"1 obs/item, naive SE",0.6221325514473088,0.06343879962862015,0.49779250417521337,0.7464725987194043,TRUE,0.32237343259106804,NA,NA,NA,25,103,0.5
B,+ (1|variant): captures phi,0.7233552155635314,0.14107384716174085,0.4468504751265194,0.9998599560005434,TRUE,0.7168871514687469,NA,NA,NA,25,103,0.5
C,+ (1|judge): captures lambda,0.3287944874693312,0.24346211723551855,-0.14839126231228517,0.8059802372509476,TRUE,1.2371879496234137,NA,NA,NA,25,103,0.5
D,+ (1|temp): captures tau,0.5440481448642815,0.234085702624655,0.08524016771995774,1.0028561220086054,TRUE,1.1895403430924503,NA,NA,NA,25,103,0.5
E,+ interactions: lumps eps into residual,0.5440481448642815,0.2168400552022689,0.11904163666783452,0.9690546530607286,TRUE,1.1019040922592653,NA,NA,0.21936426395583994,25,103,0.5
F,+ (1|item:variant:judge:temp): splits eps/rho,0.5440481448642815,0.2133174426779487,0.1259459572155021,0.9621503325130609,TRUE,1.0840034274011447,0.041252115129227676,0.0980501665189282,NA,25,103,0.5
A,"1 obs/item, naive SE",0.3785510673317231,0.12249599299506916,0.13845892106138755,0.6186432136020587,TRUE,0.6224810994477955,NA,NA,NA,25,104,0.5
B,+ (1|variant): captures phi,0.44440420459246754,0.10804049955618755,0.23264482546233994,0.6561635837225952,TRUE,0.549023419495296,NA,NA,NA,25,104,0.5
C,+ (1|judge): captures lambda,0.2683926665033083,0.1896811113795908,-0.10338231180068963,0.6401676448073061,TRUE,0.9638919924572571,NA,NA,NA,25,104,0.5
D,+ (1|temp): captures tau,0.36050948966885055,0.2554736351142892,-0.14021883515515632,0.8612378144928574,TRUE,1.2982262144057972,NA,NA,NA,25,104,0.5
E,+ interactions: lumps eps into residual,0.36050948966885055,0.24436075857714937,-0.11843759714236218,0.8394565764800632,TRUE,1.2417545255306772,NA,NA,0.22905918891222452,25,104,0.5
F,+ (1|item:variant:judge:temp): splits eps/rho,0.3605094896688505,0.2412332509750451,-0.11230768224223792,0.8333266615799388,TRUE,1.2258616434609138,0.04356597481320163,0.1021192927164875,NA,25,104,0.5
A,"1 obs/item, naive SE",0.21145753617743893,0.1426118965838541,-0.0680617811269151,0.490976853481793,FALSE,0.7247029719855914,NA,NA,NA,25,105,0.5
B,+ (1|variant): captures phi,0.12990304288433857,0.12976307112834493,-0.12443257652721745,0.3842386622958946,FALSE,0.6594098076901673,NA,NA,NA,25,105,0.5
C,+ (1|judge): captures lambda,0.5094354601775382,0.24406927363342765,0.03105968385601998,0.9878112364990563,TRUE,1.2402733026448993,NA,NA,NA,25,105,0.5
D,+ (1|temp): captures tau,0.5826323329636309,0.19298050684593374,0.20439053954560082,0.960874126381661,TRUE,0.9806583475615005,NA,NA,NA,25,105,0.5
E,+ interactions: lumps eps into residual,0.5826323329636309,0.18208064694819517,0.22575426494516837,0.9395104009820935,TRUE,0.9252691335384396,NA,NA,0.20321496636668834,25,105,0.5
F,+ (1|item:variant:judge:temp): splits eps/rho,0.5826323329636309,0.1799524514586859,0.22992552810460654,0.9353391378226553,TRUE,0.9144544004540449,0.038572409993730086,0.09988867653879781,NA,25,105,0.5
A,"1 obs/item, naive SE",-0.45361944529163106,0.15558999532657591,-0.7585758361317199,-0.14866305445154226,FALSE,0.7906530571809228,NA,NA,NA,25,106,0.5
B,+ (1|variant): captures phi,-0.29905541801151597,0.17846400004830895,-0.6488448581062015,0.05073402208316957,FALSE,0.9068906194049507,NA,NA,NA,25,106,0.5
C,+ (1|judge): captures lambda,-0.15989584982540966,0.18827256809290632,-0.528910083287506,0.20911838363668672,FALSE,0.9567342760921965,NA,NA,NA,25,106,0.5
D,+ (1|temp): captures tau,0.2594347270404301,0.30990811125483664,-0.34798517101904974,0.8668546250999098,TRUE,1.5748428753050374,NA,NA,NA,25,106,0.5
E,+ interactions: lumps eps into residual,0.2594347270404301,0.2947818616550883,-0.318337721803543,0.8372071758844031,TRUE,1.4979766509400319,NA,NA,0.22595524468509304,25,106,0.5
F,+ (1|item:variant:judge:temp): splits eps/rho,0.25943472704043025,0.29200624852943124,-0.312897520077255,0.8317669741581155,TRUE,1.4838719715308835,0.042579435821488286,0.09787758601250811,NA,25,106,0.5
A,"1 obs/item, naive SE",1.1653256954052988,0.11640967895967329,0.9371627246443393,1.3934886661662584,FALSE,0.5915526146891938,NA,NA,NA,25,107,0.5
B,+ (1|variant): captures phi,0.8132307198560004,0.17729160667154265,0.4657391707797768,1.1607222689322239,TRUE,0.9009329329507973,NA,NA,NA,25,107,0.5
C,+ (1|judge): captures lambda,0.394432755650735,0.2860879328982798,-0.16629959282989337,0.9551651041313634,TRUE,1.4537971949534445,NA,NA,NA,25,107,0.5
D,+ (1|temp): captures tau,0.4850877332812758,0.20900658641713407,0.07543482390369305,0.8947406426588586,TRUE,1.0620971880280634,NA,NA,NA,25,107,0.5
E,+ interactions: lumps eps into residual,0.4850877332812758,0.1939209812289645,0.10500261007250539,0.8651728564900463,TRUE,0.9854375041170544,NA,NA,0.19786830499981675,25,107,0.5
F,+ (1|item:variant:judge:temp): splits eps/rho,0.4850877332812755,0.1910386644205918,0.1106519510169156,0.8595235155456354,TRUE,0.9707905945164692,0.03711669803569368,0.10091453742109685,NA,25,107,0.5
A,"1 obs/item, naive SE",0.4173357754473204,0.11309132320819089,0.19567678195926627,0.6389947689353745,TRUE,0.5746899101546478,NA,NA,NA,25,108,0.5
B,+ (1|variant): captures phi,0.20419038609853948,0.1330826821481026,-0.056651670911741586,0.4650324431088205,FALSE,0.6762788910519467,NA,NA,NA,25,108,0.5
C,+ (1|judge): captures lambda,-0.052721639924970996,0.21991012734345178,-0.48374548951813645,0.3783022096681945,FALSE,1.1175051077300693,NA,NA,NA,25,108,0.5
D,+ (1|temp): captures tau,0.21067200404986008,0.2375636963959053,-0.2549528408861143,0.6762968489858345,TRUE,1.2072142713056582,NA,NA,NA,25,108,0.5
E,+ interactions: lumps eps into residual,0.21067200404986008,0.224367403111811,-0.22908810604928947,0.6504321141490097,TRUE,1.1401553990007556,NA,NA,0.2046113489219096,25,108,0.5
F,+ (1|item:variant:judge:temp): splits eps/rho,0.2106720040498601,0.22143779091453594,-0.22334606614263033,0.6446900742423506,TRUE,1.1252681510432747,0.03785805374490492,0.09796704226576286,NA,25,108,0.5
A,"1 obs/item, naive SE",0.0830100521847208,0.10081592348017676,-0.11458915783642565,0.28060926220586724,FALSE,0.5123106916020622,NA,NA,NA,25,109,0.5
B,+ (1|variant): captures phi,0.21918266430023034,0.114993806269976,-0.006205195988922635,0.4445705245893833,FALSE,0.5843576529030042,NA,NA,NA,25,109,0.5
C,+ (1|judge): captures lambda,0.18645310831261355,0.1951517805659211,-0.1960443815965918,0.5689505982218189,TRUE,0.9916919889025217,NA,NA,NA,25,109,0.5
D,+ (1|temp): captures tau,0.414519960279146,0.23689693271881207,-0.049798027849725646,0.8788379484080177,TRUE,1.2038260152766993,NA,NA,NA,25,109,0.5
E,+ interactions: lumps eps into residual,0.414519960279146,0.23115955250346912,-0.03855276262765345,0.8675926831859455,TRUE,1.1746706881751796,NA,NA,0.20546259622734603,25,109,0.5
F,+ (1|item:variant:judge:temp): splits eps/rho,0.414519960279146,0.22877928171497047,-0.03388743188219612,0.8629273524404881,TRUE,1.162574998012745,0.04133338205179933,0.10181735342924732,NA,25,109,0.5
A,"1 obs/item, naive SE",0.5624703378316038,0.1406590811213219,0.28677853883381293,0.8381621368293948,TRUE,0.7147794578655448,NA,NA,NA,25,110,0.5
B,+ (1|variant): captures phi,0.627127528884839,0.2078615330256959,0.21971892415447508,1.034536133615203,TRUE,1.0562784336622977,NA,NA,NA,25,110,0.5
C,+ (1|judge): captures lambda,0.5803396629843809,0.21187944249785903,0.16505595568857717,0.9956233702801847,TRUE,1.0766960215732304,NA,NA,NA,25,110,0.5
D,+ (1|temp): captures tau,0.5501159554978371,0.25632870046278056,0.047711702590787164,1.052520208404887,TRUE,1.3025713526035014,NA,NA,NA,25,110,0.5
E,+ interactions: lumps eps into residual,0.5501159554978371,0.24287314736233698,0.0740845866676566,1.0261473243280177,TRUE,1.2341950140568239,NA,NA,0.19883458196715623,25,110,0.5
F,+ (1|item:variant:judge:temp): splits eps/rho,0.550115955497837,0.24064372339687815,0.07845425763995584,1.0217776533557181,TRUE,1.222865873835805,0.041193764245380723,0.09938161747866558,NA,25,110,0.5
A,"1 obs/item, naive SE",0.9854560096227329,0.11944641966572873,0.7513410270779046,1.2195709921675613,FALSE,0.606984251653183,NA,NA,NA,25,111,0.5
B,+ (1|variant): captures phi,1.0372876110987592,0.15732902908709354,0.7289227140880559,1.3456525081094626,FALSE,0.7994902086726244,NA,NA,NA,25,111,0.5
C,+ (1|judge): captures lambda,0.871658050915029,0.20166947401539195,0.4763858818448608,1.2669302199851973,TRUE,1.0248125905245977,NA,NA,NA,25,111,0.5
D,+ (1|temp): captures tau,0.6417586672318812,0.2763080033148945,0.10019498073468802,1.1833223537290745,TRUE,1.4040990687475308,NA,NA,NA,25,111,0.5
E,+ interactions: lumps eps into residual,0.6417586672318812,0.2679553422642033,0.11656619639404275,1.1669511380697197,TRUE,1.361653813951659,NA,NA,0.21395299348464042,25,111,0.5
F,+ (1|item:variant:judge:temp): splits eps/rho,0.6417586672318814,0.2654623911363271,0.12145238060468033,1.1620649538590824,TRUE,1.3489855223528269,0.04136868706483861,0.10026912717469774,NA,25,111,0.5
A,"1 obs/item, naive SE",-0.4154302322327663,0.11898179554194302,-0.6486345514949746,-0.182225912970558,FALSE,0.6046231969906379,NA,NA,NA,25,112,0.5
B,+ (1|variant): captures phi,-0.06954564828104286,0.27663338944221993,-0.6117470915877938,0.47265579502570815,FALSE,1.4057525653993823,NA,NA,NA,25,112,0.5
C,+ (1|judge): captures lambda,0.2682262179526585,0.23179619491797093,-0.1860943240865645,0.7225467599918816,TRUE,1.1779058786532073,NA,NA,NA,25,112,0.5
D,+ (1|temp): captures tau,0.5397988957345125,0.30815164222394714,-0.06417832302442394,1.1437761144934488,TRUE,1.5659171239660683,NA,NA,NA,25,112,0.5
E,+ interactions: lumps eps into residual,0.5397988957345125,0.2927066856164805,-0.0339062080737893,1.1135039995428142,TRUE,1.487431343861193,NA,NA,0.20960582940068714,25,112,0.5
F,+ (1|item:variant:judge:temp): splits eps/rho,0.5397988957345122,0.29074385390257346,-0.030059057914531784,1.1096568493835561,TRUE,1.4774569307115888,0.04862635299813503,0.09855774067813373,NA,25,112,0.5
A,"1 obs/item, naive SE",0.36004405402424355,0.10972757297392081,0.14497801099535876,0.5751100970531283,TRUE,0.5575965269924695,NA,NA,NA,25,113,0.5
B,+ (1|variant): captures phi,0.2716060821950665,0.16132413241485052,-0.044589217338040554,0.5878013817281735,TRUE,0.8197919038633383,NA,NA,NA,25,113,0.5
C,+ (1|judge): captures lambda,0.2867553526462811,0.20412102739650018,-0.11332186105085923,0.6868325663434214,TRUE,1.0372705134877485,NA,NA,NA,25,113,0.5
D,+ (1|temp): captures tau,0.46011673033055706,0.20442217364391874,0.05944926998847633,0.8607841906726378,TRUE,1.038800831685138,NA,NA,NA,25,113,0.5
E,+ interactions: lumps eps into residual,0.46011673033055706,0.1966455476795502,0.07469145687863865,0.8455420037824755,TRUE,0.9992827824662608,NA,NA,0.2099896077481446,25,113,0.5
F,+ (1|item:variant:judge:temp): splits eps/rho,0.46011673033055706,0.1933765994381274,0.08109859543182735,0.8391348652292867,TRUE,0.9826711493376513,0.04277286360238047,0.09727647434647431,NA,25,113,0.5
A,"1 obs/item, naive SE",0.4430443421731594,0.09955683517200474,0.24791294523603014,0.6381757391102887,TRUE,0.5059124523192121,NA,NA,NA,25,114,0.5
B,+ (1|variant): captures phi,0.6364521980129548,0.13054413215136407,0.38058569899628125,0.8923186970296284,TRUE,0.6633788822080934,NA,NA,NA,25,114,0.5
C,+ (1|judge): captures lambda,0.6124568436918142,0.1318664377374294,0.3539986257264526,0.8709150616571758,TRUE,0.6700983692288079,NA,NA,NA,25,114,0.5
D,+ (1|temp): captures tau,0.4928411578854921,0.1660598175857117,0.16736391541749718,0.818318400353487,TRUE,0.8438569727665712,NA,NA,NA,25,114,0.5
E,+ interactions: lumps eps into residual,0.4928411578854921,0.15487960290656747,0.18927713618861985,0.7964051795823643,TRUE,0.7870430953867926,NA,NA,0.2168478188044465,25,114,0.5
F,+ (1|item:variant:judge:temp): splits eps/rho,0.492841157885492,0.1500925715200483,0.19865971770619734,0.7870225980647867,TRUE,0.7627171032648176,0.03849252007589981,0.09945780508434203,NA,25,114,0.5
A,"1 obs/item, naive SE",0.7551290296646863,0.12029305661309338,0.5193546387030232,0.9909034206263494,FALSE,0.6112865597119445,NA,NA,NA,25,115,0.5
B,+ (1|variant): captures phi,0.6655646441687887,0.1472278604424225,0.3769980377016406,0.9541312506359367,TRUE,0.7481596597305417,NA,NA,NA,25,115,0.5
C,+ (1|judge): captures lambda,0.4438508237087813,0.23431090346835803,-0.01539854708920041,0.903100194506763,TRUE,1.1906847337403181,NA,NA,NA,25,115,0.5
D,+ (1|temp): captures tau,0.4599205346754996,0.2141670995875513,0.040153019483899044,0.8796880498671001,TRUE,1.0883210818346587,NA,NA,NA,25,115,0.5
E,+ interactions: lumps eps into residual,0.4599205346754996,0.19735164062782473,0.07311131904496315,0.846729750306036,TRUE,1.0028708958731374,NA,NA,0.21709421629235356,25,115,0.5
F,+ (1|item:variant:judge:temp): splits eps/rho,0.45992053467549965,0.1936543040746475,0.08035809868919053,0.8394829706618088,TRUE,0.9840823455999629,0.04091205018234173,0.09852213356415422,NA,25,115,0.5
A,"1 obs/item, naive SE",0.24788514083079408,0.12683310710175516,-7.077490886460425e-4,0.4964780307502342,FALSE,0.6445207718611545,NA,NA,NA,25,116,0.5
B,+ (1|variant): captures phi,0.40537666433165354,0.15066477623577718,0.11007370290953028,0.7006796257537768,TRUE,0.7656248442598269,NA,NA,NA,25,116,0.5
C,+ (1|judge): captures lambda,0.37389109014930516,0.29616207068766165,-0.2065865683985117,0.954368748697122,TRUE,1.504990382696128,NA,NA,NA,25,116,0.5
D,+ (1|temp): captures tau,0.5590523455158903,0.2869030151316052,-0.003277564142055822,1.1213822551738364,TRUE,1.4579391531704877,NA,NA,NA,25,116,0.5
E,+ interactions: lumps eps into residual,0.5590523455158903,0.2782043394516339,0.01377184019068789,1.1043328508410928,TRUE,1.4137355750075162,NA,NA,0.2157178922244021,25,116,0.5
F,+ (1|item:variant:judge:temp): splits eps/rho,0.5590523455158902,0.2757215792003871,0.01863805028313159,1.0994666407486489,TRUE,1.4011190698217213,0.04388816512230885,0.09928683848052776,NA,25,116,0.5
A,"1 obs/item, naive SE",-0.004552192378420163,0.11707989827456436,-0.23402879299656631,0.22492440823972598,FALSE,0.5949584310412547,NA,NA,NA,25,117,0.5
B,+ (1|variant): captures phi,0.1282550966132248,0.19962381433337348,-0.26300757948018727,0.5195177727066368,TRUE,1.0144172750793803,NA,NA,NA,25,117,0.5
C,+ (1|judge): captures lambda,0.3554952943498484,0.2818993253231325,-0.19702738328349134,0.9080179719831881,TRUE,1.432512179951868,NA,NA,NA,25,117,0.5
D,+ (1|temp): captures tau,0.5535933671309626,0.3285136661140947,-0.09029341845266303,1.1974801527145882,TRUE,1.669389692400462,NA,NA,NA,25,117,0.5
E,+ interactions: lumps eps into residual,0.5535933671309626,0.32541036212847546,-0.08421094264084927,1.1913976769027745,TRUE,1.6536198045073394,NA,NA,0.23603925999363284,25,117,0.5
F,+ (1|item:variant:judge:temp): splits eps/rho,0.5535933671309629,0.3226058058148662,-0.07871401226617492,1.1859007465281006,TRUE,1.6393680461038704,0.04112645987256775,0.09984057146300408,NA,25,117,0.5
A,"1 obs/item, naive SE",0.39970961203301875,0.09233582634137075,0.21873139240393208,0.5806878316621054,TRUE,0.4692178518991296,NA,NA,NA,25,118,0.5
B,+ (1|variant): captures phi,0.35831837159301005,0.10487320096097327,0.15276689770950244,0.5638698454765176,TRUE,0.5329283337408761,NA,NA,NA,25,118,0.5
C,+ (1|judge): captures lambda,0.21084428080409487,0.1837770388364372,-0.14935871531532205,0.5710472769235118,TRUE,0.9338895941908116,NA,NA,NA,25,118,0.5
D,+ (1|temp): captures tau,0.4804456045169646,0.2669270462673685,-0.04273140616707771,1.003622615201007,TRUE,1.3564283791679004,NA,NA,NA,25,118,0.5
E,+ interactions: lumps eps into residual,0.4804456045169646,0.25824499297290704,-0.025714581709933126,0.9866057907438623,TRUE,1.3123092700602392,NA,NA,0.2088136185291503,25,118,0.5
F,+ (1|item:variant:judge:temp): splits eps/rho,0.48044560451696466,0.2558295877609567,-0.020980387494510533,0.9818715965284399,TRUE,1.3000350392451359,0.04424679416322368,0.09788044982910071,NA,25,118,0.5
A,"1 obs/item, naive SE",0.41347368430737186,0.11278140746979388,0.19242212566657585,0.6345252429481678,TRUE,0.573115028520917,NA,NA,NA,25,119,0.5
B,+ (1|variant): captures phi,0.2490511641459047,0.17434155025218945,-0.09265827434838661,0.590760602640196,TRUE,0.885941794722905,NA,NA,NA,25,119,0.5
C,+ (1|judge): captures lambda,0.3521656231295419,0.18241265128501907,-0.005363173389095477,0.7096944196481794,TRUE,0.9269562615787496,NA,NA,NA,25,119,0.5
D,+ (1|temp): captures tau,0.5666682583950013,0.19202173320671753,0.190305661309835,0.9430308554801676,TRUE,0.9757862006898481,NA,NA,NA,25,119,0.5
E,+ interactions: lumps eps into residual,0.5666682583950013,0.17861580723431925,0.21658127621573564,0.916755240574267,TRUE,0.9076620495696548,NA,NA,0.22102479424445595,25,119,0.5
F,+ (1|item:variant:judge:temp): splits eps/rho,0.5666682583950012,0.17432060938894192,0.22499986399267508,0.9083366527973273,TRUE,0.8858353806985848,0.039673563583871745,0.10053914235451655,NA,25,119,0.5
A,"1 obs/item, naive SE",0.9093663707587512,0.11858713143828489,0.6769355931397127,1.1417971483777896,FALSE,0.602617654285518,NA,NA,NA,25,120,0.5
B,+ (1|variant): captures phi,0.6649301755907209,0.138216599517667,0.39402564053609357,0.9358347106453482,TRUE,0.7023676344511632,NA,NA,NA,25,120,0.5
C,+ (1|judge): captures lambda,0.352529034320567,0.2703657868060728,-0.17738790781933572,0.8824459764604697,TRUE,1.3739028364045098,NA,NA,NA,25,120,0.5
D,+ (1|temp): captures tau,0.312695531924923,0.2262173020366545,-0.1306903800669198,0.7560814439167658,TRUE,1.149555927854383,NA,NA,NA,25,120,0.5
E,+ interactions: lumps eps into residual,0.312695531924923,0.21723748298267234,-0.11308993472111478,0.7384809985709608,TRUE,1.1039236789873519,NA,NA,0.21980884706927217,25,120,0.5
F,+ (1|item:variant:judge:temp): splits eps/rho,0.31269553192492294,0.21369887693550746,-0.10615426686867169,0.7315453307185176,TRUE,1.0859417407304779,0.0389769552225961,0.09775749838266949,NA,25,120,0.5
A,"1 obs/item, naive SE",0.19040340127792127,0.14481197350832814,-0.09342806679840188,0.4742348693542444,FALSE,0.7358829809747136,NA,NA,NA,25,121,0.5
B,+ (1|variant): captures phi,0.19281935863971278,0.09299572577711082,0.010547736116575585,0.37509098116285,FALSE,0.4725712262931883,NA,NA,NA,25,121,0.5
C,+ (1|judge): captures lambda,0.1331902554219137,0.16667784378427689,-0.193498318395269,0.4598788292390964,FALSE,0.8469975622516974,NA,NA,NA,25,121,0.5
D,+ (1|temp): captures tau,0.35256767306953707,0.18763041276794776,-0.015187935955640552,0.7203232820947147,TRUE,0.9534710709626005,NA,NA,NA,25,121,0.5
E,+ interactions: lumps eps into residual,0.35256767306953707,0.1747699570744643,0.010018557203587075,0.695116788935487,TRUE,0.888118805931356,NA,NA,0.19791588521228343,25,121,0.5
F,+ (1|item:variant:judge:temp): splits eps/rho,0.35256767306953707,0.17163178370528248,0.016169377007183405,0.6889659691318908,TRUE,0.8721717242240814,0.03689034242577207,0.09973168607480896,NA,25,121,0.5
A,"1 obs/item, naive SE",0.19012850495986247,0.08156367357927254,0.030263704744488307,0.34999330517523664,FALSE,0.41447760015032004,NA,NA,NA,25,122,0.5
B,+ (1|variant): captures phi,0.18187903323527102,0.14341547246427477,-0.0992152927947075,0.4629733592652495,FALSE,0.7287864590067067,NA,NA,NA,25,122,0.5
C,+ (1|judge): captures lambda,0.554191826130594,0.20429433520335763,0.15377492913201307,0.954608723129175,TRUE,1.0381512021659474,NA,NA,NA,25,122,0.5
D,+ (1|temp): captures tau,0.4727914569007499,0.24235489747779626,-0.002224142155730746,0.9478070559572306,TRUE,1.2315614523375389,NA,NA,NA,25,122,0.5
E,+ interactions: lumps eps into residual,0.4727914569007499,0.22760849694429736,0.026678802889927133,0.9189041109115728,TRUE,1.1566254859230338,NA,NA,0.22137176313586546,25,122,0.5
F,+ (1|item:variant:judge:temp): splits eps/rho,0.47279145690075003,0.22519384359054703,0.03141152346327786,0.9141713903382223,TRUE,1.1443550757840808,0.03960919762988407,0.10027527986436001,NA,25,122,0.5
A,"1 obs/item, naive SE",0.12291517355803164,0.07787803674246743,-0.029725778457204532,0.2755561255732678,FALSE,0.3957485036774902,NA,NA,NA,25,123,0.5
B,+ (1|variant): captures phi,0.6033407204957247,0.18648886329648107,0.23782254843462186,0.9688588925568276,TRUE,0.947670122272783,NA,NA,NA,25,123,0.5
C,+ (1|judge): captures lambda,0.871077554214999,0.2357346836956356,0.40903757417155323,1.3331175342584447,TRUE,1.1979198788220307,NA,NA,NA,25,123,0.5
D,+ (1|temp): captures tau,0.6126575923250207,0.2581943420235978,0.10659668195876904,1.1187185026912725,TRUE,1.3120518799379735,NA,NA,NA,25,123,0.5
E,+ interactions: lumps eps into residual,0.6126575923250207,0.23802483147444686,0.14612892263510485,1.0791862620149366,TRUE,1.2095575958803326,NA,NA,0.20903284238932612,25,123,0.5
F,+ (1|item:variant:judge:temp): splits eps/rho,0.6126575923250207,0.23637763759573938,0.14935742263737156,1.07595776201267,TRUE,1.2011871420266886,0.03983442457892919,0.10190151561278141,NA,25,123,0.5
A,"1 obs/item, naive SE",1.403862276027731,0.13031485232267298,1.148445165475292,1.65927938658017,FALSE,0.66221376360825,NA,NA,NA,25,124,0.5
B,+ (1|variant): captures phi,1.152187048240226,0.23172563602785462,0.698004801625631,1.6063692948548212,FALSE,1.177547323451347,NA,NA,NA,25,124,0.5
C,+ (1|judge): captures lambda,0.7168874024142782,0.34658517078532525,0.03758046767504075,1.3961943371535157,TRUE,1.761222656249952,NA,NA,NA,25,124,0.5
D,+ (1|temp): captures tau,0.5098290380274986,0.28379774641525196,-0.0464145449463953,1.0660726210013924,TRUE,1.44215928121407,NA,NA,NA,25,124,0.5
E,+ interactions: lumps eps into residual,0.5098290380274986,0.2737371656585089,-0.026695806663178945,1.0463538827181762,TRUE,1.39103498549288,NA,NA,0.20081848192704346,25,124,0.5
F,+ (1|item:variant:judge:temp): splits eps/rho,0.5098290380274987,0.27169652924808263,-0.022696159298743246,1.0423542353537405,TRUE,1.3806651965285464,0.04168980594945579,0.10153422469534325,NA,25,124,0.5
A,"1 obs/item, naive SE",0.9788126114218324,0.07235606743632628,0.8369947192466329,1.1206305035970319,FALSE,0.36768781825619573,NA,NA,NA,25,125,0.5
B,+ (1|variant): captures phi,0.7917940910325765,0.14456176059916706,0.508453040258209,1.075135141806944,FALSE,0.7346114878998594,NA,NA,NA,25,125,0.5
C,+ (1|judge): captures lambda,0.6068431321951315,0.14848455689396323,0.3158134006829636,0.8978728637072995,TRUE,0.7545457444480941,NA,NA,NA,25,125,0.5
D,+ (1|temp): captures tau,0.6263857492363718,0.18417892888190046,0.2653950486278469,0.9873764498448967,TRUE,0.9359318565639748,NA,NA,NA,25,125,0.5
E,+ interactions: lumps eps into residual,0.6263857492363718,0.18137303022904303,0.27089460998744747,0.9818768884852962,TRUE,0.9216732768695346,NA,NA,0.21849124017366278,25,125,0.5
F,+ (1|item:variant:judge:temp): splits eps/rho,0.6263857492363718,0.17955857115203808,0.2744509497783772,0.9783205486943665,TRUE,0.9124528407267578,0.037714483695977324,0.10008481947239173,NA,25,125,0.5
A,"1 obs/item, naive SE",0.056386674176280224,0.12197765488731352,-0.18268952940285427,0.29546287775541474,FALSE,0.6198470894094883,NA,NA,NA,25,126,0.5
B,+ (1|variant): captures phi,0.08078500335391348,0.12603282953403983,-0.1662393425328046,0.32780934924063154,FALSE,0.6404540456929368,NA,NA,NA,25,126,0.5
C,+ (1|judge): captures lambda,0.26919931699004535,0.17614198900946884,-0.07603898146851357,0.6144376154486042,TRUE,0.895090984583873,NA,NA,NA,25,126,0.5
D,+ (1|temp): captures tau,0.40511893297307494,0.1577498441153685,0.09592923850695267,0.7143086274391972,TRUE,0.8016286410822078,NA,NA,NA,25,126,0.5
E,+ interactions: lumps eps into residual,0.40511893297307494,0.13893410810813814,0.13280808108112419,0.6774297848650257,TRUE,0.7060137580943888,NA,NA,0.18779944597355727,25,126,0.5
F,+ (1|item:variant:judge:temp): splits eps/rho,0.4051189329730751,0.13557096795804255,0.13939983577531173,0.6708380301708385,TRUE,0.6889234751631521,0.036401434003076764,0.10072719203121909,NA,25,126,0.5
A,"1 obs/item, naive SE",0.33490367177360125,0.13214324353253845,0.07590291444982589,0.5939044290973766,TRUE,0.6715049978985306,NA,NA,NA,25,127,0.5
B,+ (1|variant): captures phi,0.6512100202741313,0.22559144131210318,0.2090507953024091,1.0933692452458534,TRUE,1.1463755260927058,NA,NA,NA,25,127,0.5
C,+ (1|judge): captures lambda,0.757114691127301,0.21825807833547672,0.32932885758976665,1.1849005246648354,TRUE,1.109109981835075,NA,NA,NA,25,127,0.5
D,+ (1|temp): captures tau,0.7811949586497132,0.2705013368452778,0.2510123384329688,1.3113775788664577,TRUE,1.3745916535271883,NA,NA,NA,25,127,0.5
E,+ interactions: lumps eps into residual,0.7811949586497132,0.2600205163345145,0.27155474663406476,1.2908351706653618,TRUE,1.321331848735716,NA,NA,0.1930424524429514,25,127,0.5
F,+ (1|item:variant:judge:temp): splits eps/rho,0.7811949586497133,0.2581034517414912,0.27531219323639067,1.287077724063036,TRUE,1.3115900078281066,0.039505140205927464,0.10176559242383457,NA,25,127,0.5
A,"1 obs/item, naive SE",0.38090785554854206,0.12159350497875647,0.14258458579017938,0.6192311253069047,TRUE,0.6178949761069659,NA,NA,NA,25,128,0.5
B,+ (1|variant): captures phi,0.349080336158227,0.10534767389565239,0.1425988953227483,0.5555617769937057,TRUE,0.5353394365599632,NA,NA,NA,25,128,0.5
C,+ (1|judge): captures lambda,0.21634066589791426,0.17310748213678462,-0.12294999909018359,0.5556313308860121,TRUE,0.8796706991671378,NA,NA,NA,25,128,0.5
D,+ (1|temp): captures tau,0.4353372561923357,0.21882569988308176,0.006438884421495483,0.864235627963176,TRUE,1.111994432798607,NA,NA,NA,25,128,0.5
E,+ interactions: lumps eps into residual,0.4353372561923357,0.2040773168976476,0.035345715072946426,0.8353287973117249,TRUE,1.0370483922679608,NA,NA,0.21849614799523304,25,128,0.5
F,+ (1|item:variant:judge:temp): splits eps/rho,0.4353372561923357,0.2005694620991356,0.042221110478029955,0.8284534019066414,TRUE,1.0192227209272755,0.04111200509216159,0.09997480423167451,NA,25,128,0.5
A,"1 obs/item, naive SE",0.5724980502908847,0.07981553254649577,0.41605960649975304,0.7289364940820164,TRUE,0.4055941687378616,NA,NA,NA,25,129,0.5
B,+ (1|variant): captures phi,0.793067828766429,0.13926384017516305,0.5201107020231095,1.0660249555097485,FALSE,0.7076893392671797,NA,NA,NA,25,129,0.5
C,+ (1|judge): captures lambda,0.5492222727595696,0.16746128815984865,0.22099814796626627,0.8774463975528729,TRUE,0.8509787481202159,NA,NA,NA,25,129,0.5
D,+ (1|temp): captures tau,0.41210463569779543,0.23180643825053485,-0.04223598327325284,0.8664452546688437,TRUE,1.1779579316286597,NA,NA,NA,25,129,0.5
E,+ interactions: lumps eps into residual,0.41210463569779543,0.22130993092156961,-0.02166282890848098,0.8458721003040719,TRUE,1.1246184120024207,NA,NA,0.20551282576893662,25,129,0.5
F,+ (1|item:variant:judge:temp): splits eps/rho,0.41210463569779543,0.21969034921478361,-0.018488448763180454,0.8426977201587713,TRUE,1.1163882733926926,0.039135465733890124,0.10088652510662242,NA,25,129,0.5
A,"1 obs/item, naive SE",0.4600867955765578,0.10099042775378866,0.262145557179132,0.6580280339739836,TRUE,0.5131974602990648,NA,NA,NA,25,130,0.5
B,+ (1|variant): captures phi,0.6150657259589347,0.1172996873060363,0.38515833883910355,0.8449731130787659,TRUE,0.5960753207828051,NA,NA,NA,25,130,0.5
C,+ (1|judge): captures lambda,0.6791473103635196,0.171838900712028,0.3423430649679447,1.0159515557590946,TRUE,0.873224219239804,NA,NA,NA,25,130,0.5
D,+ (1|temp): captures tau,0.549804953450198,0.24767444881283504,0.06436303377704128,1.0352468731233546,TRUE,1.2585935215721402,NA,NA,NA,25,130,0.5
E,+ interactions: lumps eps into residual,0.549804953450198,0.2345226243103657,0.09014060980188121,1.0094692970985149,TRUE,1.1917606238105691,NA,NA,0.2182690394329103,25,130,0.5
F,+ (1|item:variant:judge:temp): splits eps/rho,0.5498049534501976,0.23138642260867165,0.09628756513720121,1.003322341763194,TRUE,1.1758235614167067,0.040581443751811414,0.09931716486075326,NA,25,130,0.5
A,"1 obs/item, naive SE",-0.043205523717119144,0.13914995682279202,-0.3159394390897915,0.2295283916555532,FALSE,0.7071106245463188,NA,NA,NA,25,131,0.5
B,+ (1|variant): captures phi,0.1425730885954482,0.13214059717818288,-0.11642248187379023,0.40156865906468664,FALSE,0.6714915500662504,NA,NA,NA,25,131,0.5
C,+ (1|judge): captures lambda,0.30811708878310845,0.16083656141662267,-0.00712257159347196,0.6233567491596889,TRUE,0.8173142413405491,NA,NA,NA,25,131,0.5
D,+ (1|temp): captures tau,0.5172649196044565,0.1513960809313841,0.22052860097894372,0.8140012382299693,TRUE,0.7693410748060052,NA,NA,NA,25,131,0.5
E,+ interactions: lumps eps into residual,0.5172649196044565,0.13550248527970454,0.25168004845623565,0.7828497907526775,TRUE,0.6885754705316317,NA,NA,0.20732405944347956,25,131,0.5
F,+ (1|item:variant:judge:temp): splits eps/rho,0.5172649196044566,0.13143283542565545,0.25965656217017197,0.7748732770387413,TRUE,0.6678949563892792,0.04044040652842893,0.09767630028135642,NA,25,131,0.5
A,"1 obs/item, naive SE",-0.16926627050495005,0.10545763103386921,-0.3759632273313337,0.03743068632143359,FALSE,0.5358981996559291,NA,NA,NA,25,132,0.5
B,+ (1|variant): captures phi,-0.055541660678693414,0.17564445430720657,-0.3998047911208183,0.28872146976343144,FALSE,0.892562690058434,NA,NA,NA,25,132,0.5
C,+ (1|judge): captures lambda,0.3369090676625999,0.2606698879506207,-0.1740039127206166,0.8478220480458165,TRUE,1.3246317244921437,NA,NA,NA,25,132,0.5
D,+ (1|temp): captures tau,0.49418007521507085,0.24720317954890242,0.009661843299222095,0.9786983071309197,TRUE,1.2561986986691531,NA,NA,NA,25,132,0.5
E,+ interactions: lumps eps into residual,0.49418007521507085,0.2425953980832339,0.01869309497193239,0.9696670554582093,TRUE,1.2327835909367724,NA,NA,0.19679049144143174,25,132,0.5
F,+ (1|item:variant:judge:temp): splits eps/rho,0.4941800752150711,0.24033901187694923,0.02311561193625067,0.9652445384938916,TRUE,1.2213174381906702,0.038272548936022964,0.10072186911469284,NA,25,132,0.5
A,"1 obs/item, naive SE",0.9441296549967775,0.12238523348077665,0.7042545973744553,1.1840047126190998,FALSE,0.6219182589617898,NA,NA,NA,25,133,0.5
B,+ (1|variant): captures phi,0.9098173502963511,0.16006971363623423,0.5960807115693321,1.2235539890233702,FALSE,0.813417393470068,NA,NA,NA,25,133,0.5
C,+ (1|judge): captures lambda,0.4211627165888708,0.296846206504104,-0.16065584815917305,1.0029812813369146,TRUE,1.5084669177629344,NA,NA,NA,25,133,0.5
D,+ (1|temp): captures tau,0.45957311942248563,0.2561181656244474,-0.042418485201431266,0.9615647240464025,TRUE,1.3015014893824004,NA,NA,NA,25,133,0.5
E,+ interactions: lumps eps into residual,0.45957311942248563,0.2524264734159045,-0.0351827684726872,0.9543290073176585,TRUE,1.282741621662571,NA,NA,0.2021557654415084,25,133,0.5
F,+ (1|item:variant:judge:temp): splits eps/rho,0.45957311942248563,0.25073023484655826,-0.03185814087676858,0.9510043797217398,TRUE,1.2741219401223356,0.03972597313632298,0.10307285335806808,NA,25,133,0.5
A,"1 obs/item, naive SE",0.6638959164217755,0.08532351522065364,0.49666182658929436,0.8311300062542566,TRUE,0.4335837790664803,NA,NA,NA,25,134,0.5
B,+ (1|variant): captures phi,0.33908185564127175,0.14351724974365943,0.057788046143699257,0.6203756651388442,TRUE,0.7293036549673346,NA,NA,NA,25,134,0.5
C,+ (1|judge): captures lambda,0.30046317100583003,0.1713047781945926,-0.035294194255571454,0.6362205362672315,TRUE,0.8705099984415253,NA,NA,NA,25,134,0.5
D,+ (1|temp): captures tau,0.5555235114709379,0.2504139620727797,0.06471214580828971,1.046334877133586,TRUE,1.2725147542941837,NA,NA,NA,25,134,0.5
E,+ interactions: lumps eps into residual,0.5555235114709379,0.22882957920393807,0.10701753623121935,1.0040294867106565,TRUE,1.16283059197518,NA,NA,0.20690942898134138,25,134,0.5
F,+ (1|item:variant:judge:temp): splits eps/rho,0.5555235114709379,0.22618760040512087,0.11219581467690104,0.9988512082649748,TRUE,1.149404994719344,0.03986954118225254,0.10159923671784862,NA,25,134,0.5
A,"1 obs/item, naive SE",0.4388408357104935,0.08531803127701194,0.27161749440755006,0.606064177013437,TRUE,0.43355591161397083,NA,NA,NA,25,135,0.5
B,+ (1|variant): captures phi,0.44523010032596705,0.1592563995633468,0.13308755718180731,0.7573726434701268,TRUE,0.8092844204159395,NA,NA,NA,25,135,0.5
C,+ (1|judge): captures lambda,0.6985870944519458,0.19054122165930476,0.32512629999970843,1.0720478889041831,TRUE,0.968262767202389,NA,NA,NA,25,135,0.5
D,+ (1|temp): captures tau,0.41483028254641713,0.22081747546123284,-0.01797196935759926,0.8476325344504335,TRUE,1.1221159283792066,NA,NA,NA,25,135,0.5
E,+ interactions: lumps eps into residual,0.41483028254641713,0.20197384190633852,0.018961552409993643,0.8106990126828406,TRUE,1.0263592799693753,NA,NA,0.20634375020225565,25,135,0.5
F,+ (1|item:variant:judge:temp): splits eps/rho,0.414830282546417,0.20028862669243563,0.02226457422924316,0.8073959908635908,TRUE,1.0177956152036336,0.04199222891810069,0.09848180811572972,NA,25,135,0.5
A,"1 obs/item, naive SE",0.530892437671248,0.11860218854842178,0.29843214811634133,0.7633527272261548,TRUE,0.6026941691677059,NA,NA,NA,25,136,0.5
B,+ (1|variant): captures phi,0.6642463640800983,0.11443119757565115,0.43996121683182204,0.8885315113283745,TRUE,0.5814986754781972,NA,NA,NA,25,136,0.5
C,+ (1|judge): captures lambda,0.480153340008575,0.14593378065922066,0.19412312991650255,0.7661835501006475,TRUE,0.7415836062080965,NA,NA,NA,25,136,0.5
D,+ (1|temp): captures tau,0.6259117648196092,0.1783027898881391,0.27643829663885655,0.9753852330003618,TRUE,0.9060714066675291,NA,NA,NA,25,136,0.5
E,+ interactions: lumps eps into residual,0.6259117648196092,0.16394011057975727,0.30458914808328497,0.9472343815559334,TRUE,0.833085375138665,NA,NA,0.2040109761241978,25,136,0.5
F,+ (1|item:variant:judge:temp): splits eps/rho,0.6259117648196092,0.16063195272669212,0.31107313747529264,0.9407503921639258,TRUE,0.816274492699386,0.04708785062248686,0.09876684597851783,NA,25,136,0.5
A,"1 obs/item, naive SE",0.061833230438530624,0.11390670582555143,-0.1614239129795502,0.28509037385661146,FALSE,0.5788333948165961,NA,NA,NA,25,137,0.5
B,+ (1|variant): captures phi,0.015833230982886314,0.11608498240688424,-0.2116933345346068,0.2433597965003794,FALSE,0.5899026222100506,NA,NA,NA,25,137,0.5
C,+ (1|judge): captures lambda,0.4864353242893352,0.27620477369576224,-0.05492603215435876,1.0277966807330292,TRUE,1.4035744925124891,NA,NA,NA,25,137,0.5
D,+ (1|temp): captures tau,0.6053422687871325,0.17694289467182595,0.25853419523035365,0.9521503423439113,TRUE,0.8991609025058257,NA,NA,NA,25,137,0.5
E,+ interactions: lumps eps into residual,0.6053422687871325,0.16608111244486043,0.27982328839520604,0.9308612491790589,TRUE,0.8439651856722459,NA,NA,0.20849698800816974,25,137,0.5
F,+ (1|item:variant:judge:temp): splits eps/rho,0.6053422687871325,0.16420285345394658,0.2835046760173972,0.9271798615568678,TRUE,0.8344205410424511,0.032772504971096086,0.10197162989143586,NA,25,137,0.5
A,"1 obs/item, naive SE",1.0278738177316078,0.10474557198794647,0.8225724966352327,1.2331751388279828,FALSE,0.5322797686612468,NA,NA,NA,25,138,0.5
B,+ (1|variant): captures phi,0.8186533738876143,0.12910371843474816,0.5656100857555079,1.0716966620197206,FALSE,0.6560592116453604,NA,NA,NA,25,138,0.5
C,+ (1|judge): captures lambda,0.6800255179104969,0.1653312930492041,0.3559761835340569,1.004074852286937,TRUE,0.8401548700008244,NA,NA,NA,25,138,0.5
D,+ (1|temp): captures tau,0.49261983765535977,0.17755564263386367,0.144610778092987,0.8406288972177325,TRUE,0.9022746698688854,NA,NA,NA,25,138,0.5
E,+ interactions: lumps eps into residual,0.49261983765535977,0.1697035510425056,0.16000087761204884,0.8252387976986707,TRUE,0.8623731311552876,NA,NA,0.20718552447849478,25,138,0.5
F,+ (1|item:variant:judge:temp): splits eps/rho,0.4926198376553596,0.16607548756479207,0.16711188202836713,0.8181277932823521,TRUE,0.843936602030907,0.03929774335702761,0.10251187105714085,NA,25,138,0.5
A,"1 obs/item, naive SE",0.20070502261230586,0.11312109623113502,-0.021012326000718784,0.4224223712253305,FALSE,0.5748412060754612,NA,NA,NA,25,139,0.5
B,+ (1|variant): captures phi,0.5302694864610161,0.2229722742177055,0.09324382899431338,0.9672951439277189,TRUE,1.1330658498111006,NA,NA,NA,25,139,0.5
C,+ (1|judge): captures lambda,0.6324988809234732,0.24466962993441088,0.15294640625202788,1.1120513555949185,TRUE,1.2433240999906665,NA,NA,NA,25,139,0.5
D,+ (1|temp): captures tau,0.5895187072660635,0.196608006372919,0.20416701477514226,0.9748703997569848,TRUE,0.9990920108887167,NA,NA,NA,25,139,0.5
E,+ interactions: lumps eps into residual,0.5895187072660635,0.18411032236434088,0.22866247543195534,0.9503749391001717,TRUE,0.9355832226255448,NA,NA,0.22194269092188562,25,139,0.5
F,+ (1|item:variant:judge:temp): splits eps/rho,0.5895187072660635,0.18000535189938624,0.23670821754326643,0.9423291969888605,TRUE,0.9147232216920567,0.039618211831746145,0.09947570844965045,NA,25,139,0.5
A,"1 obs/item, naive SE",0.6287968476242554,0.10346568674813035,0.4260041015979199,0.8315895936505908,TRUE,0.5257758467633297,NA,NA,NA,25,140,0.5
B,+ (1|variant): captures phi,0.2708932173750566,0.14505223036627407,-0.013409154142840551,0.5551955888929538,TRUE,0.7371038809358257,NA,NA,NA,25,140,0.5
C,+ (1|judge): captures lambda,0.05539889615945942,0.1709290300015679,-0.27962200264361364,0.3904197949625325,FALSE,0.8686005796712398,NA,NA,NA,25,140,0.5
D,+ (1|temp): captures tau,0.39748123326843,0.2873623256701633,-0.1657489250450901,0.9607113915819501,TRUE,1.4602732060814354,NA,NA,NA,25,140,0.5
E,+ interactions: lumps eps into residual,0.39748123326843,0.2787755385261578,-0.14891882224283925,0.9438812887796992,TRUE,1.4166382056913418,NA,NA,0.20573916097445138,25,140,0.5
F,+ (1|item:variant:judge:temp): splits eps/rho,0.39748123326843,0.2766376110560153,-0.14472848440136,0.93969095093822,TRUE,1.4057740181402643,0.04290915793069913,0.09936376604657919,NA,25,140,0.5
A,"1 obs/item, naive SE",0.3172658144850891,0.12421564969706944,0.07380314107883301,0.5607284878913452,TRUE,0.6312197836150155,NA,NA,NA,25,141,0.5
B,+ (1|variant): captures phi,0.17181535111866802,0.1725242173877698,-0.16633211496136074,0.5099628171986967,TRUE,0.8767067550138747,NA,NA,NA,25,141,0.5
C,+ (1|judge): captures lambda,0.3068347954641554,0.24556026670139453,-0.1744633272705779,0.7881329181988886,TRUE,1.2478499994945214,NA,NA,NA,25,141,0.5
D,+ (1|temp): captures tau,0.5085852316617958,0.27278569385657936,-0.02607472829709967,1.0432451916206913,TRUE,1.3861999439631336,NA,NA,NA,25,141,0.5
E,+ interactions: lumps eps into residual,0.5085852316617958,0.26404757316150235,-0.008948011734748795,1.0261184750583405,TRUE,1.3417959202527578,NA,NA,0.22847857014508846,25,141,0.5
F,+ (1|item:variant:judge:temp): splits eps/rho,0.5085852316617957,0.2611134094164085,-0.0031970507943649418,1.0203675141179565,TRUE,1.3268855429469515,0.04328917309787332,0.09909695662314642,NA,25,141,0.5
A,"1 obs/item, naive SE",0.08877932352731353,0.08505810140098939,-0.07793455521862568,0.25549320227325273,FALSE,0.4322350403670856,NA,NA,NA,25,142,0.5
B,+ (1|variant): captures phi,0.16166054879737596,0.154575594225632,-0.14130761588486274,0.46462871347961465,FALSE,0.7854982313196227,NA,NA,NA,25,142,0.5
C,+ (1|judge): captures lambda,0.6483221689150577,0.285817288025101,0.08812028438585973,1.2085240534442556,TRUE,1.4524218738992853,NA,NA,NA,25,142,0.5
D,+ (1|temp): captures tau,0.4734490668263521,0.21727060375460455,0.04759868346732721,0.899299450185377,TRUE,1.1040919869786816,NA,NA,NA,25,142,0.5
E,+ interactions: lumps eps into residual,0.4734490668263521,0.20249186699065042,0.07656500752467732,0.8703331261280269,TRUE,1.0289916993337949,NA,NA,0.20258113924950671,25,142,0.5
F,+ (1|item:variant:judge:temp): splits eps/rho,0.4734490668263521,0.19949622444484597,0.08243646691445405,0.8644616667382502,TRUE,1.0137689086132853,0.0413177469182035,0.09666881615969478,NA,25,142,0.5
A,"1 obs/item, naive SE",-0.007615117972716776,0.14265702297721033,-0.28722288300804905,0.27199264706261544,FALSE,0.724932288278016,NA,NA,NA,25,143,0.5
B,+ (1|variant): captures phi,-0.036456696284720085,0.13490252777171585,-0.30086565071728316,0.22795225814784298,FALSE,0.6855266997101258,NA,NA,NA,25,143,0.5
C,+ (1|judge): captures lambda,0.3464858404849413,0.2461229683389865,-0.13591517745947224,0.8288868584293548,TRUE,1.2507094492239785,NA,NA,NA,25,143,0.5
D,+ (1|temp): captures tau,0.508025266649562,0.22261799453207778,0.07169399736668958,0.9443565359324345,TRUE,1.13126552636517,NA,NA,NA,25,143,0.5
E,+ interactions: lumps eps into residual,0.508025266649562,0.21552871357968326,0.08558898803338288,0.9304615452657412,TRUE,1.095240320204194,NA,NA,0.20353884036417758,25,143,0.5
F,+ (1|item:variant:judge:temp): splits eps/rho,0.5080252666495619,0.2135797305733917,0.08940899472571423,0.9266415385734097,TRUE,1.0853362812646485,0.03684745115608784,0.10085563322870214,NA,25,143,0.5
A,"1 obs/item, naive SE",-0.17735137178753968,0.1581052481233262,-0.487237658109259,0.13253491453417965,FALSE,0.8034346779346178,NA,NA,NA,25,144,0.5
B,+ (1|variant): captures phi,-0.0077576058337108615,0.22320847255996346,-0.44524621205123927,0.4297310003838175,FALSE,1.134266125837945,NA,NA,NA,25,144,0.5
C,+ (1|judge): captures lambda,0.04647520993874825,0.2175174870835476,-0.379859064745005,0.47280948462250155,FALSE,1.1053465603102515,NA,NA,NA,25,144,0.5
D,+ (1|temp): captures tau,0.27346419262718535,0.1945356912606442,-0.10782576224367729,0.6547541474980481,TRUE,0.9885612420206851,NA,NA,NA,25,144,0.5
E,+ interactions: lumps eps into residual,0.27346419262718535,0.1718951071927296,-0.06345021747056467,0.6103786027249354,TRUE,0.8735098405980849,NA,NA,0.20613274424838676,25,144,0.5
F,+ (1|item:variant:judge:temp): splits eps/rho,0.2734641926271852,0.16985823464598487,-0.059457947278945156,0.6063863325333155,TRUE,0.8631591782512461,0.03751974444095307,0.099219461745669,NA,25,144,0.5
A,"1 obs/item, naive SE",1.0740009089467828,0.09983688804573701,0.8783206083771382,1.2696812095164274,FALSE,0.5073355814884364,NA,NA,NA,25,145,0.5
B,+ (1|variant): captures phi,0.5808965236115128,0.27229806924758626,0.047192307886243734,1.1146007393367818,TRUE,1.3837220090094895,NA,NA,NA,25,145,0.5
C,+ (1|judge): captures lambda,0.8156606210009067,0.2559439017201868,0.3140105736293407,1.317310668372473,TRUE,1.30061594215701,NA,NA,NA,25,145,0.5
D,+ (1|temp): captures tau,0.6114828426845822,0.2509113222808433,0.11969665101412935,1.103269034355035,TRUE,1.2750421621021228,NA,NA,NA,25,145,0.5
E,+ interactions: lumps eps into residual,0.6114828426845822,0.22297888867251303,0.17444422088645667,1.0485214644827077,TRUE,1.1330994621195538,NA,NA,0.20870141152776583,25,145,0.5
F,+ (1|item:variant:judge:temp): splits eps/rho,0.6114828426845825,0.2210615758614665,0.17820215399610823,1.0447635313730568,TRUE,1.1233563598561709,0.038893703567152646,0.10057984211994389,NA,25,145,0.5
A,"1 obs/item, naive SE",0.03828447605925419,0.1059075833432209,-0.16929438729345875,0.24586333941196714,FALSE,0.5381846973721082,NA,NA,NA,25,146,0.5
B,+ (1|variant): captures phi,0.24037258420206528,0.12601839732924253,-0.006623474563250076,0.48736864296738064,FALSE,0.6403807063575838,NA,NA,NA,25,146,0.5
C,+ (1|judge): captures lambda,0.28735436036174206,0.1381541446315908,0.016572236883824143,0.55813648383966,TRUE,0.7020502609175476,NA,NA,NA,25,146,0.5
D,+ (1|temp): captures tau,0.35949728327856306,0.247853573777981,-0.1262957213262797,0.8452902878834059,TRUE,1.2595037709812542,NA,NA,NA,25,146,0.5
E,+ interactions: lumps eps into residual,0.35949728327856306,0.23587246216746569,-0.10281274256966966,0.8218073091267958,TRUE,1.1986200200472907,NA,NA,0.20734770152111356,25,146,0.5
F,+ (1|item:variant:judge:temp): splits eps/rho,0.35949728327856323,0.23314274070331245,-0.09746248849992917,0.8164570550570556,TRUE,1.184748545751305,0.041560923439426835,0.09716173892063905,NA,25,146,0.5
A,"1 obs/item, naive SE",0.155073312208955,0.13082176288636152,-0.10133734304831357,0.4114839674662236,FALSE,0.6647897029291325,NA,NA,NA,25,147,0.5
B,+ (1|variant): captures phi,0.16666340043344402,0.08936427059327232,-0.008490569929369723,0.34181737079625774,FALSE,0.45411746172374495,NA,NA,NA,25,147,0.5
C,+ (1|judge): captures lambda,0.3844056293988021,0.1458373350796529,0.09856445264268238,0.6702468061549218,TRUE,0.7410935040509702,NA,NA,NA,25,147,0.5
D,+ (1|temp): captures tau,0.5343715630094251,0.16627810746157057,0.2084664723847468,0.8602766536341034,TRUE,0.8449662443321189,NA,NA,NA,25,147,0.5
E,+ interactions: lumps eps into residual,0.5343715630094251,0.15928236851565813,0.22217812071873516,0.846565005300115,TRUE,0.8094163854018221,NA,NA,0.21226177049552486,25,147,0.5
F,+ (1|item:variant:judge:temp): splits eps/rho,0.5343715630094252,0.15519947069250647,0.23018060045211253,0.8385625255667379,TRUE,0.7886685497890216,0.039315466916551384,0.10153107936657375,NA,25,147,0.5
A,"1 obs/item, naive SE",0.8352882171559636,0.11446945176099188,0.6109280917044195,1.0596483426075076,FALSE,0.5816930696519751,NA,NA,NA,25,148,0.5
B,+ (1|variant): captures phi,0.6509634310909344,0.1726353580822728,0.31259812924967967,0.989328732932189,TRUE,0.8772715325222329,NA,NA,NA,25,148,0.5
C,+ (1|judge): captures lambda,0.6639624668407753,0.16501408272866086,0.3405348646926,0.9873900689889505,TRUE,0.8385429198932328,NA,NA,NA,25,148,0.5
D,+ (1|temp): captures tau,0.5902969127454487,0.21997987925881868,0.15913634939816412,1.0214574760927333,TRUE,1.1178595621730643,NA,NA,NA,25,148,0.5
E,+ interactions: lumps eps into residual,0.5902969127454487,0.21061252687007276,0.1774963600801061,1.0030974654107914,TRUE,1.07025800663405,NA,NA,0.19298558456699208,25,148,0.5
F,+ (1|item:variant:judge:temp): splits eps/rho,0.5902969127454486,0.20907311625884262,0.18051360487811707,1.0000802206127801,TRUE,1.0624352690379009,0.036025274347869,0.09985455487249488,NA,25,148,0.5
A,"1 obs/item, naive SE",0.9898994896154835,0.1347775892263569,0.7257354147318239,1.254063564499143,FALSE,0.6848918064276853,NA,NA,NA,25,149,0.5
B,+ (1|variant): captures phi,1.072321350794337,0.13719143525039446,0.8034261377035639,1.3412165638851101,FALSE,0.6971581140039753,NA,NA,NA,25,149,0.5
C,+ (1|judge): captures lambda,0.7164635875050149,0.20664217591527473,0.3114449227110765,1.1214822522989534,TRUE,1.0500820942053408,NA,NA,NA,25,149,0.5
D,+ (1|temp): captures tau,0.6017798667429458,0.2889450095706014,0.03544764798456712,1.1681120855013245,TRUE,1.4683158431533492,NA,NA,NA,25,149,0.5
E,+ interactions: lumps eps into residual,0.6017798667429458,0.28245559296587547,0.04816690452982986,1.1553928289560618,TRUE,1.435338934406243,NA,NA,0.22251425521317286,25,149,0.5
F,+ (1|item:variant:judge:temp): splits eps/rho,0.6017798667429458,0.28060037464967996,0.05180313242957313,1.1517566010563185,TRUE,1.425911374296358,0.03970022575053622,0.0993259818321748,NA,25,149,0.5
A,"1 obs/item, naive SE",1.2727128188355186,0.11830184274853912,1.040841207048382,1.5045844306226552,FALSE,0.6011679185602022,NA,NA,NA,25,150,0.5
B,+ (1|variant): captures phi,1.0461815726558923,0.15363853323095775,0.7450500475232151,1.3473130977885694,FALSE,0.7807364203905259,NA,NA,NA,25,150,0.5
C,+ (1|judge): captures lambda,0.8268041357441638,0.268990536967579,0.2995826832877089,1.3540255882006187,TRUE,1.3669143055101525,NA,NA,NA,25,150,0.5
D,+ (1|temp): captures tau,0.6141580755335483,0.25698742468296487,0.1104627231549371,1.1178534279121595,TRUE,1.3059187549697955,NA,NA,NA,25,150,0.5
E,+ interactions: lumps eps into residual,0.6141580755335483,0.2509723485872649,0.12225227230250907,1.1060638787645876,TRUE,1.2753522761016731,NA,NA,0.20482172235543475,25,150,0.5
F,+ (1|item:variant:judge:temp): splits eps/rho,0.6141580755335484,0.24852161863013827,0.1270557030184774,1.1012604480486194,TRUE,1.2628985374865394,0.03751725935446915,0.10199668082582948,NA,25,150,0.5
A,"1 obs/item, naive SE",-0.20773840772051974,0.16279204787421092,-0.5268108215539732,0.11133400611293368,FALSE,0.827251328508158,NA,NA,NA,25,151,0.5
B,+ (1|variant): captures phi,0.2965174603069856,0.23200273647551178,-0.15820790318501748,0.7512428237989888,TRUE,1.178955449440595,NA,NA,NA,25,151,0.5
C,+ (1|judge): captures lambda,0.45674310900960285,0.3187055816233909,-0.16791983097224333,1.081406048991449,TRUE,1.619548492962241,NA,NA,NA,25,151,0.5
D,+ (1|temp): captures tau,0.5187954869827524,0.27061905391701113,-0.011617858694589422,1.0492088326600941,TRUE,1.3751898498472859,NA,NA,NA,25,151,0.5
E,+ interactions: lumps eps into residual,0.5187954869827524,0.2541391701696753,0.020682713450188794,1.016908260515316,TRUE,1.2914449378465611,NA,NA,0.2110707497090256,25,151,0.5
F,+ (1|item:variant:judge:temp): splits eps/rho,0.5187954869827522,0.25154656281194687,0.025764223871336367,1.0118267500941682,TRUE,1.2782702287069716,0.03493670067001674,0.10253409601954398,NA,25,151,0.5
A,"1 obs/item, naive SE",0.15736721997056516,0.1215158671291831,-0.08080387960263372,0.39553831954376406,FALSE,0.6175004481491155,NA,NA,NA,25,152,0.5
B,+ (1|variant): captures phi,0.3363779652412826,0.10952708119610248,0.12170488609692176,0.5510510443856435,TRUE,0.5565776990354471,NA,NA,NA,25,152,0.5
C,+ (1|judge): captures lambda,0.2510442430262564,0.1312134170712635,-0.0061340544334200775,0.50822254048593285,TRUE,0.666779950296905,NA,NA,NA,25,152,0.5
D,+ (1|temp): captures tau,0.4914349059087238,0.1877547464487143,0.12343560286924382,0.8594342089482038,TRUE,0.9541028905381606,NA,NA,NA,25,152,0.5
E,+ interactions: lumps eps into residual,0.4914349059087238,0.17698421943840725,0.14454583580944558,0.838323976008002,TRUE,0.8993709002821366,NA,NA,0.23268753866325181,25,152,0.5
F,+ (1|item:variant:judge:temp): splits eps/rho,0.4914349059087238,0.17554009384531816,0.1473763219719002,0.8354934898455474,TRUE,0.8920323672824246,0.03953097054510545,0.10127258530619837,NA,25,152,0.5
A,"1 obs/item, naive SE",0.25240293394880114,0.10615558999299798,0.04433797756252511,0.4604678903350772,FALSE,0.5394449790209113,NA,NA,NA,25,153,0.5
B,+ (1|variant): captures phi,0.37379072005699226,0.24154446938694,-0.09963643994141014,0.8472178800553947,TRUE,1.2274431448183707,NA,NA,NA,25,153,0.5
C,+ (1|judge): captures lambda,0.7815556927698806,0.2987076842758819,0.19608863158915202,1.367022753950609,TRUE,1.517926286201383,NA,NA,NA,25,153,0.5
D,+ (1|temp): captures tau,0.43197992146608893,0.33743289004789545,-0.22938854302778616,1.093348385959964,TRUE,1.7147140184031655,NA,NA,NA,25,153,0.5
E,+ interactions: lumps eps into residual,0.43197992146608893,0.32846475604290454,-0.211811000378004,1.0757708433101818,TRUE,1.6691411488020627,NA,NA,0.20203295553432746,25,153,0.5
F,+ (1|item:variant:judge:temp): splits eps/rho,0.43197992146608877,0.3267247870878006,-0.20840066122600043,1.072360504158178,TRUE,1.6602992449838558,0.040182377960271534,0.10279353504913213,NA,25,153,0.5
A,"1 obs/item, naive SE",0.2593941534357085,0.10009546599185823,0.06320704009166636,0.45558126677975064,FALSE,0.5086495827080597,NA,NA,NA,25,154,0.5
B,+ (1|variant): captures phi,0.3327377930171666,0.09364218539559153,0.1491991096418072,0.516276476392526,TRUE,0.47585630431265197,NA,NA,NA,25,154,0.5
C,+ (1|judge): captures lambda,0.6870287475503163,0.30616498655597113,0.08694537390061285,1.2871121212000198,TRUE,1.5558216459492837,NA,NA,NA,25,154,0.5
D,+ (1|temp): captures tau,0.5461645842470505,0.26576697368178165,0.025261315830758524,1.0670678526633424,TRUE,1.3505333025955226,NA,NA,NA,25,154,0.5
E,+ interactions: lumps eps into residual,0.5461645842470505,0.2527213323412452,0.05083077285820986,1.0414983956358912,TRUE,1.2842399899237718,NA,NA,0.20726255395009296,25,154,0.5
F,+ (1|item:variant:judge:temp): splits eps/rho,0.5461645842470505,0.25031190753545285,0.05555324547756291,1.036775923016538,TRUE,1.2719961494072352,0.041401048076719564,0.10017890839857212,NA,25,154,0.5
A,"1 obs/item, naive SE",0.070792824090258,0.11240021425479059,-0.14951159584913154,0.29109724402964754,FALSE,0.5711779400841807,NA,NA,NA,25,155,0.5
B,+ (1|variant): captures phi,0.11361508241274054,0.21196728051961533,-0.3018407874057055,0.5290709522311866,TRUE,1.077142383180817,NA,NA,NA,25,155,0.5
C,+ (1|judge): captures lambda,0.4140832163897575,0.24973536681346004,-0.0753981025646242,0.9035645353441392,TRUE,1.2690663743694757,NA,NA,NA,25,155,0.5
D,+ (1|temp): captures tau,0.3635601388875178,0.23346734487990292,-0.09403585707709189,0.8211561348521275,TRUE,1.186398068807439,NA,NA,NA,25,155,0.5
E,+ interactions: lumps eps into residual,0.3635601388875178,0.21873769734618959,-0.06516574791101376,0.7922860256860493,TRUE,1.1115472351835711,NA,NA,0.20871976937712425,25,155,0.5
F,+ (1|item:variant:judge:temp): splits eps/rho,0.3635601388875178,0.21561835019728384,-0.059051827499158493,0.7861721052741941,TRUE,1.0956958216366126,0.03666697132309738,0.10031615399579243,NA,25,155,0.5
A,"1 obs/item, naive SE",1.3698071418320117,0.1147039344630428,1.1449874302844478,1.5946268533795755,FALSE,0.5828846274050522,NA,NA,NA,25,156,0.5
B,+ (1|variant): captures phi,1.214367640230946,0.14783162460504584,0.9246176560050562,1.504117624456836,FALSE,0.7512277746179574,NA,NA,NA,25,156,0.5
C,+ (1|judge): captures lambda,1.003893162761207,0.2128812722397907,0.5866458691712173,1.421140456351197,FALSE,1.0817869642560838,NA,NA,NA,25,156,0.5
D,+ (1|temp): captures tau,0.763903856935147,0.24778095753354398,0.27825318016940076,1.249554533700893,TRUE,1.2591347610359513,NA,NA,NA,25,156,0.5
E,+ interactions: lumps eps into residual,0.763903856935147,0.23572881002290877,0.30187538929024577,1.2259323245800482,TRUE,1.1978900309048262,NA,NA,0.19511872971375688,25,156,0.5
F,+ (1|item:variant:judge:temp): splits eps/rho,0.7639038569351471,0.23339470460051093,0.30645023591814563,1.2213574779521486,TRUE,1.1860289367250374,0.0390596107320734,0.09885857044773956,NA,25,156,0.5
A,"1 obs/item, naive SE",0.3541410596865854,0.1162545248624387,0.12628219095620552,0.5819999284169652,TRUE,0.5907641767111915,NA,NA,NA,25,157,0.5
B,+ (1|variant): captures phi,0.6922484499145777,0.18392832619043142,0.3317489305813321,1.0527479692478232,TRUE,0.9346583827539662,NA,NA,NA,25,157,0.5
C,+ (1|judge): captures lambda,0.4575776149425624,0.19732623169211191,0.07081820082602303,0.8443370290591017,TRUE,1.00274177669257,NA,NA,NA,25,157,0.5
D,+ (1|temp): captures tau,0.5248439561626637,0.24970071218035095,0.035430560289175794,1.0142573520361515,TRUE,1.2688902718408028,NA,NA,NA,25,157,0.5
E,+ interactions: lumps eps into residual,0.5248439561626637,0.24025923114606038,0.05393586311638532,0.995752049208942,TRUE,1.2209120208715873,NA,NA,0.229318794230559,25,157,0.5
F,+ (1|item:variant:judge:temp): splits eps/rho,0.5248439561626637,0.23696269019235394,0.06039708338564992,0.9892908289396773,TRUE,1.2041601713860253,0.04439151531838604,0.10029957201664476,NA,25,157,0.5
A,"1 obs/item, naive SE",0.8219769818942756,0.09782549715921263,0.6302390074622188,1.0137149563263324,FALSE,0.49711440788226485,NA,NA,NA,25,158,0.5
B,+ (1|variant): captures phi,0.5162378873613319,0.20577875341484067,0.11291153066824422,0.9195642440544196,TRUE,1.0456944879317234,NA,NA,NA,25,158,0.5
C,+ (1|judge): captures lambda,0.3798640157433744,0.20858030796684532,-0.028953387871642422,0.7886814193583913,TRUE,1.0599309924495897,NA,NA,NA,25,158,0.5
D,+ (1|temp): captures tau,0.5536691324700648,0.18301855098111328,0.19495277254708276,0.9123854923930468,TRUE,0.9300352284882629,NA,NA,NA,25,158,0.5
E,+ interactions: lumps eps into residual,0.5536691324700648,0.17580830154593713,0.20908486144002802,0.8982534035001015,TRUE,0.8933953034918432,NA,NA,0.2040757456524097,25,158,0.5
F,+ (1|item:variant:judge:temp): splits eps/rho,0.5536691324700647,0.1724446707226735,0.21567757785362462,0.8916606870865047,TRUE,0.8763025271339592,0.0420205302578586,0.09949104122263158,NA,25,158,0.5
A,"1 obs/item, naive SE",-0.19471903834125665,0.13021754318496878,-0.4499454229837955,0.06050734630128218,FALSE,0.6617192731555961,NA,NA,NA,25,159,0.5
B,+ (1|variant): captures phi,-0.08388500731377947,0.22052431562026623,-0.5161126659295013,0.34834265130194236,FALSE,1.1206261942609144,NA,NA,NA,25,159,0.5
C,+ (1|judge): captures lambda,0.1852514333968138,0.26546499871158796,-0.3350599640778986,0.7055628308715263,TRUE,1.3489987731235304,NA,NA,NA,25,159,0.5
D,+ (1|temp): captures tau,0.39202220040922214,0.306536732819207,-0.2087897959164236,0.992834196734868,TRUE,1.5577107283347296,NA,NA,NA,25,159,0.5
E,+ interactions: lumps eps into residual,0.39202220040922214,0.29883115798295085,-0.1936868692373615,0.9777312700558058,TRUE,1.5185537356962595,NA,NA,0.22001489555593323,25,159,0.5
F,+ (1|item:variant:judge:temp): splits eps/rho,0.3920222004092221,0.2962357364920587,-0.18859984311521294,0.9726442439336571,TRUE,1.505364726132118,0.03946029143158807,0.09707654842257274,NA,25,159,0.5
A,"1 obs/item, naive SE",0.7401449670314281,0.10070029634691594,0.5427723861914728,0.9375175478713833,FALSE,0.5117231156064859,NA,NA,NA,25,160,0.5
B,+ (1|variant): captures phi,0.2768286613676728,0.17578327182034836,-0.06770655140020998,0.6213638741355556,TRUE,0.8932681113223491,NA,NA,NA,25,160,0.5
C,+ (1|judge): captures lambda,0.3042916762055146,0.18762362866772292,-0.06345063598322231,0.6720339883942515,TRUE,0.9534365965764311,NA,NA,NA,25,160,0.5
D,+ (1|temp): captures tau,0.4073754480092634,0.18976730903574995,0.035431522299193496,0.7793193737193334,TRUE,0.9643300183098901,NA,NA,NA,25,160,0.5
E,+ interactions: lumps eps into residual,0.4073754480092634,0.17685337389897782,0.06074283516726686,0.7540080608512599,TRUE,0.898705989755266,NA,NA,0.20434100063286667,25,160,0.5
F,+ (1|item:variant:judge:temp): splits eps/rho,0.40737544800926345,0.1734835132584222,0.06734776202275594,0.747403133995771,TRUE,0.8815815556800768,0.04193991057868683,0.09969270233768776,NA,25,160,0.5
A,"1 obs/item, naive SE",0.6235764457030715,0.124680639508937,0.37920239226555497,0.867950499140588,TRUE,0.6335826965744213,NA,NA,NA,25,161,0.5
B,+ (1|variant): captures phi,0.6440377680963496,0.13258262870915022,0.3841758158264152,0.903899720366284,TRUE,0.6737377972018462,NA,NA,NA,25,161,0.5
C,+ (1|judge): captures lambda,0.5875326952950957,0.12449533427908797,0.34352184010808323,0.831543550482108,TRUE,0.6326410412566471,NA,NA,NA,25,161,0.5
D,+ (1|temp): captures tau,0.3684939750944912,0.18760305463213206,7.919880155123904e-4,0.73619596217347,TRUE,0.9533320466398859,NA,NA,NA,25,161,0.5
E,+ interactions: lumps eps into residual,0.3684939750944912,0.16462094528547244,0.045836922334965224,0.6911510278540172,TRUE,0.8365451351340214,NA,NA,0.21065566656057072,25,161,0.5
F,+ (1|item:variant:judge:temp): splits eps/rho,0.3684939750944912,0.16278624937467331,0.04943292632013152,0.6875550238688509,TRUE,0.8272218625943835,0.0383890485143268,0.10097246149800113,NA,25,161,0.5
A,"1 obs/item, naive SE",0.932488700378968,0.11579736024531742,0.7055258742981458,1.1594515264597902,FALSE,0.5884410286102921,NA,NA,NA,25,162,0.5
B,+ (1|variant): captures phi,1.2226509838063115,0.35287739082481023,0.5310112977896835,1.9142906698229396,FALSE,1.7931974821391852,NA,NA,NA,25,162,0.5
C,+ (1|judge): captures lambda,0.7845492513145206,0.3894380237815934,0.02125072470259748,1.5478477779264437,TRUE,1.9789856246163176,NA,NA,NA,25,162,0.5
D,+ (1|temp): captures tau,0.6455882892018847,0.3516902562400746,-0.043724613028661485,1.334901191432431,TRUE,1.7871648861053828,NA,NA,NA,25,162,0.5
E,+ interactions: lumps eps into residual,0.6455882892018847,0.34336164265405555,-0.027400530400064183,1.3185771088038336,TRUE,1.7448418319781376,NA,NA,0.20136155513184734,25,162,0.5
F,+ (1|item:variant:judge:temp): splits eps/rho,0.6455882892018845,0.34175883970732907,-0.02425903662448048,1.3154356150282496,TRUE,1.7366969570636035,0.03961238326769742,0.09928840199201923,NA,25,162,0.5
A,"1 obs/item, naive SE",1.090047415501222,0.14307314587094683,0.8096240495941662,1.370470781408278,FALSE,0.7270468769275314,NA,NA,NA,25,163,0.5
B,+ (1|variant): captures phi,0.9446924009638813,0.08846457992856319,0.7713018243038975,1.1180829776238652,FALSE,0.44954555352954306,NA,NA,NA,25,163,0.5
C,+ (1|judge): captures lambda,0.8869094593788642,0.16975530937017577,0.5541890530133198,1.2196298657444087,FALSE,0.8626361485808045,NA,NA,NA,25,163,0.5
D,+ (1|temp): captures tau,0.7467310896719452,0.17315303859997938,0.40735113401598566,1.0861110453279048,TRUE,0.8799022009216284,NA,NA,NA,25,163,0.5
E,+ interactions: lumps eps into residual,0.7467310896719452,0.15704879569533695,0.43891545010908484,1.0545467292348056,TRUE,0.7980661621749594,NA,NA,0.21341888169507456,25,163,0.5
F,+ (1|item:variant:judge:temp): splits eps/rho,0.746731089671945,0.1542630026160197,0.44437560454454644,1.0490865747993436,TRUE,0.7839097518594214,0.04335893820942396,0.10186753770963099,NA,25,163,0.5
A,"1 obs/item, naive SE",0.3191027445253644,0.10442537808639293,0.11442900347603427,0.5237764855746946,TRUE,0.5306526570553713,NA,NA,NA,25,164,0.5
B,+ (1|variant): captures phi,0.3754298715595987,0.1514037490595475,0.07867852340288561,0.6721812197163118,TRUE,0.7693800415079615,NA,NA,NA,25,164,0.5
C,+ (1|judge): captures lambda,0.4844746562550528,0.16816293131003768,0.154875310887379,0.8140740016227266,TRUE,0.8545442492347484,NA,NA,NA,25,164,0.5
D,+ (1|temp): captures tau,0.5992355893874933,0.2195694007846574,0.16887956384956487,1.0295916149254218,TRUE,1.1157736564577168,NA,NA,NA,25,164,0.5
E,+ interactions: lumps eps into residual,0.5992355893874933,0.2005023519507368,0.20625097956404925,0.9922201992109374,TRUE,1.018881691005088,NA,NA,0.21065266179561196,25,164,0.5
F,+ (1|item:variant:judge:temp): splits eps/rho,0.5992355893874932,0.1969931091591141,0.21312909543562958,0.9853420833393569,TRUE,1.0010489663767284,0.03728832737081461,0.09948083826689733,NA,25,164,0.5
A,"1 obs/item, naive SE",0.512700350419027,0.13386744044456492,0.25032016714767974,0.7750805336903741,TRUE,0.6802667537994433,NA,NA,NA,25,165,0.5
B,+ (1|variant): captures phi,0.8210028533489052,0.14122554587654357,0.5442007834308799,1.0978049232669305,FALSE,0.7176580304213264,NA,NA,NA,25,165,0.5
C,+ (1|judge): captures lambda,0.5529128904515882,0.18763622594086232,0.18514588760749806,0.9206798932956783,TRUE,0.9535006114412616,NA,NA,NA,25,165,0.5
D,+ (1|temp): captures tau,0.45029683866281084,0.19259039255221824,0.07281966926046307,0.8277740080651586,TRUE,0.9786759253734367,NA,NA,NA,25,165,0.5
E,+ interactions: lumps eps into residual,0.45029683866281084,0.17678151822214064,0.1038050629474152,0.7967886143782065,TRUE,0.8983408447441883,NA,NA,0.20661366516802818,25,165,0.5
F,+ (1|item:variant:judge:temp): splits eps/rho,0.4502968386628108,0.1732934805452845,0.11064161679405315,0.7899520605315684,TRUE,0.8806158769724495,0.04176850729020254,0.10069038711022402,NA,25,165,0.5
A,"1 obs/item, naive SE",0.28429755404681994,0.13752194287844227,0.014754546005073088,0.5538405620885668,TRUE,0.6988376363022383,NA,NA,NA,25,166,0.5
B,+ (1|variant): captures phi,0.6076274728466382,0.18565719341606454,0.24373937375115173,0.9715155719421247,TRUE,0.943443871528727,NA,NA,NA,25,166,0.5
C,+ (1|judge): captures lambda,0.652910001684279,0.2303546738311794,0.20141484097516738,1.1044051623933906,TRUE,1.170580580828818,NA,NA,NA,25,166,0.5
D,+ (1|temp): captures tau,0.3665316388155329,0.24749908167803417,-0.11856656127341403,0.8516298389044799,TRUE,1.2577023681212494,NA,NA,NA,25,166,0.5
E,+ interactions: lumps eps into residual,0.3665316388155329,0.23953505161380023,-0.10295706234751556,0.8360203399785814,TRUE,1.217231997873145,NA,NA,0.2093816017699402,25,166,0.5
F,+ (1|item:variant:judge:temp): splits eps/rho,0.36653163881553286,0.23696419152149095,-0.09791817656658941,0.8309814541976551,TRUE,1.2041678006071042,0.03949633000442133,0.10155920750547526,NA,25,166,0.5
A,"1 obs/item, naive SE",1.154882320485706,0.10130659854043869,0.9563213873464461,1.3534432536249659,FALSE,0.5148041278648774,NA,NA,NA,25,167,0.5
B,+ (1|variant): captures phi,0.7494801517980038,0.20944091563420653,0.338975957154959,1.1599843464410484,TRUE,1.0643042947419656,NA,NA,NA,25,167,0.5
C,+ (1|judge): captures lambda,0.6230808094201546,0.2680459039336922,0.0977108377101179,1.1484507811301914,TRUE,1.3621140161689964,NA,NA,NA,25,167,0.5
D,+ (1|temp): captures tau,0.4424237437928329,0.22261877486166687,0.006090945063965847,0.8787565425216999,TRUE,1.1312694917228008,NA,NA,NA,25,167,0.5
E,+ interactions: lumps eps into residual,0.4424237437928329,0.21028323605173455,0.030268601131433204,0.8545788864542325,TRUE,1.0685846677302584,NA,NA,0.21058855025648088,25,167,0.5
F,+ (1|item:variant:judge:temp): splits eps/rho,0.44242374379283295,0.20709178535006115,0.03652384450671309,0.8483236430789528,TRUE,1.052366849554842,0.04323316121662794,0.09789144162703285,NA,25,167,0.5
A,"1 obs/item, naive SE",0.4311112477643214,0.12755072900583314,0.18111181891288847,0.6811106766157544,TRUE,0.6481674713238567,NA,NA,NA,25,168,0.5
B,+ (1|variant): captures phi,0.7189907757273578,0.12036557967956943,0.48307423955540174,0.9549073118993139,TRUE,0.6116550961599665,NA,NA,NA,25,168,0.5
C,+ (1|judge): captures lambda,0.7341706263865028,0.19830700375669252,0.3454888990233854,1.1228523537496202,TRUE,1.0077257117433467,NA,NA,NA,25,168,0.5
D,+ (1|temp): captures tau,0.7048916130177771,0.22578972755884336,0.26234374700244417,1.1474394790331102,TRUE,1.1473831463246686,NA,NA,NA,25,168,0.5
E,+ interactions: lumps eps into residual,0.7048916130177771,0.21319610160942482,0.2870272538633045,1.1227559721722498,TRUE,1.0833868152173818,NA,NA,0.19846438558403068,25,168,0.5
F,+ (1|item:variant:judge:temp): splits eps/rho,0.7048916130177773,0.210313526038131,0.2926771019830405,1.117106124052514,TRUE,1.0687385906755997,0.037574979854036704,0.09642357030239629,NA,25,168,0.5
A,"1 obs/item, naive SE",0.4107982703717884,0.12467410799429579,0.16643701870296865,0.6551595220406081,TRUE,0.6335495057384152,NA,NA,NA,25,169,0.5
B,+ (1|variant): captures phi,0.47241975088559396,0.17231522916707268,0.13468190171813155,0.8101576000530564,TRUE,0.8756447511539084,NA,NA,NA,25,169,0.5
C,+ (1|judge): captures lambda,0.7833544271224854,0.22706504906897268,0.3383069309472989,1.228401923297672,TRUE,1.153863876970337,NA,NA,NA,25,169,0.5
D,+ (1|temp): captures tau,0.4618075737402396,0.24435064740870538,-0.017119695180822903,0.9407348426613021,TRUE,1.2417031441663091,NA,NA,NA,25,169,0.5
E,+ interactions: lumps eps into residual,0.4618075737402396,0.23307319571599802,0.004984110136883491,0.9186310373435957,TRUE,1.1843951428431274,NA,NA,0.20934740752138087,25,169,0.5
F,+ (1|item:variant:judge:temp): splits eps/rho,0.4618075737402395,0.23109403314160823,0.008863268782687395,0.9147518786977916,TRUE,1.1743377420647878,0.03635976881961946,0.0996603516705472,NA,25,169,0.5
A,"1 obs/item, naive SE",0.7635643003742505,0.09255768866889166,0.5821512305832228,0.9449773701652782,FALSE,0.4703452773943197,NA,NA,NA,25,170,0.5
B,+ (1|variant): captures phi,0.8518007587482271,0.0939778779263453,0.6676041180125903,1.0359973994838638,FALSE,0.4775621744436727,NA,NA,NA,25,170,0.5
C,+ (1|judge): captures lambda,0.7960799822186954,0.11557909926563524,0.5695449476580503,1.0226150167793404,FALSE,0.5873319038848442,NA,NA,NA,25,170,0.5
D,+ (1|temp): captures tau,0.5788069337040578,0.20721129664229926,0.17267279228515126,0.9849410751229644,TRUE,1.0529741634658514,NA,NA,NA,25,170,0.5
E,+ interactions: lumps eps into residual,0.5788069337040578,0.18284932940355178,0.2204222480730963,0.9371916193350193,TRUE,0.9291753045750374,NA,NA,0.20675950753033331,25,170,0.5
F,+ (1|item:variant:judge:temp): splits eps/rho,0.5788069337040576,0.17919100316930126,0.22759256749222712,0.930021299915888,TRUE,0.9105849908777832,0.037634480455264574,0.09981315190179116,NA,25,170,0.5
A,"1 obs/item, naive SE",0.5341524226266781,0.1155235770527043,0.30772621160337765,0.7605786336499785,TRUE,0.5870497597321745,NA,NA,NA,25,171,0.5
B,+ (1|variant): captures phi,0.6247601317037161,0.13344497289911675,0.36320798482144734,0.8863122785859849,TRUE,0.6781199238849157,NA,NA,NA,25,171,0.5
C,+ (1|judge): captures lambda,0.7323278130346225,0.14509634274322583,0.4479389812578998,1.0167166448113452,TRUE,0.7373280443572797,NA,NA,NA,25,171,0.5
D,+ (1|temp): captures tau,0.5046779497164501,0.19434962614385037,0.12375268247450333,0.8856032169583968,TRUE,0.9876157252275327,NA,NA,NA,25,171,0.5
E,+ interactions: lumps eps into residual,0.5046779497164501,0.18921358439946065,0.13381932429350724,0.8755365751393929,TRUE,0.9615161865104893,NA,NA,0.20113504383176464,25,171,0.5
F,+ (1|item:variant:judge:temp): splits eps/rho,0.5046779497164499,0.1870544583048831,0.138051211438879,0.8713046879940207,TRUE,0.9505442750843486,0.038389439552471025,0.10053035628791021,NA,25,171,0.5
A,"1 obs/item, naive SE",0.82935095415387206,0.09165313088613342,0.6497108176170505,1.0089910906906936,FALSE,0.4657486362360405,NA,NA,NA,25,172,0.5
B,+ (1|variant): captures phi,0.6324565009730838,0.19525899837215052,0.24974886416366882,1.0151641377824987,TRUE,0.9922368316869281,NA,NA,NA,25,172,0.5
C,+ (1|judge): captures lambda,0.6461691045479433,0.1785904379185201,0.2961318462276439,0.9962063628682427,TRUE,0.9075331317234072,NA,NA,NA,25,172,0.5
D,+ (1|temp): captures tau,0.5312473281271302,0.22880101074157336,0.08279734707364639,0.9796973091806139,TRUE,1.1626854172031118,NA,NA,NA,25,172,0.5
E,+ interactions: lumps eps into residual,0.5312473281271302,0.22070791691488323,0.09865981097395904,0.9638348452803013,TRUE,1.1215591907854443,NA,NA,0.21700949849478213,25,172,0.5
F,+ (1|item:variant:judge:temp): splits eps/rho,0.53124732812713,0.2175080379149562,0.1049315738138159,0.9575630824404442,TRUE,1.1052985429938493,0.03993238618990502,0.1007020797359619,NA,25,172,0.5
A,"1 obs/item, naive SE",0.8783749654428185,0.12290223348750373,0.6374865878073112,1.1192633430783259,FALSE,0.6245454692462514,NA,NA,NA,25,173,0.5
B,+ (1|variant): captures phi,0.7058716272027842,0.15604285986076613,0.4000276218756826,1.0117156325298857,TRUE,0.792954353788682,NA,NA,NA,25,173,0.5
C,+ (1|judge): captures lambda,0.7177107400089179,0.1971374724991322,0.3313212939106188,1.104100186107217,TRUE,1.0017825695617568,NA,NA,NA,25,173,0.5
D,+ (1|temp): captures tau,0.571909016652603,0.3108540626966159,-0.03736494623276421,1.18118297953797,TRUE,1.5796498643265207,NA,NA,NA,25,173,0.5
E,+ interactions: lumps eps into residual,0.571909016652603,0.3024640498041882,-0.02092052096360586,1.1647385542688118,TRUE,1.5370148007463607,NA,NA,0.2401492853170459,25,173,0.5
F,+ (1|item:variant:judge:temp): splits eps/rho,0.5719090166526027,0.29940663793153927,-0.014927993693214181,1.1587460269984198,TRUE,1.521478120260593,0.038241481413426495,0.10247496484474403,NA,25,173,0.5
A,"1 obs/item, naive SE",0.844726197921276,0.099276878231187915,0.6501435165881477,1.0393088792544043,FALSE,0.5044898106469681,NA,NA,NA,25,174,0.5
B,+ (1|variant): captures phi,0.788187931252404,0.1893278173295083,0.4171054092865678,1.1592704532182403,TRUE,0.9620966776608575,NA,NA,NA,25,174,0.5
C,+ (1|judge): captures lambda,0.8270727168431756,0.26106430450280377,0.3153866800176802,1.338758753668671,TRUE,1.326636009228651,NA,NA,NA,25,174,0.5
D,+ (1|temp): captures tau,0.609778607993997,0.25548825768415145,0.10902162293306017,1.1105355930549337,TRUE,1.2983005211087517,NA,NA,NA,25,174,0.5
E,+ interactions: lumps eps into residual,0.609778607993997,0.2457151503443403,0.12817691331908998,1.091380302668904,TRUE,1.2486370631199515,NA,NA,0.21026775873650652,25,174,0.5
F,+ (1|item:variant:judge:temp): splits eps/rho,0.609778607993997,0.2432135442053169,0.13308006135157585,1.086477154636418,TRUE,1.2359247898305932,0.03911615969638189,0.10445057256023775,NA,25,174,0.5
A,"1 obs/item, naive SE",0.2751900282693063,0.11422129026108048,0.05131629935758855,0.499063757181024,FALSE,0.5804320011098254,NA,NA,NA,25,175,0.5
B,+ (1|variant): captures phi,0.3807552120723847,0.11326763845708071,0.15875064069650652,0.602759783448263,TRUE,0.5755858815843643,NA,NA,NA,25,175,0.5
C,+ (1|judge): captures lambda,0.49030643461100404,0.2480207189597724,0.0041858254498501335,0.9764270437721579,TRUE,1.260353143389159,NA,NA,NA,25,175,0.5
D,+ (1|temp): captures tau,0.28791123678492153,0.22774894106660837,-0.15847668770563084,0.7342991612754739,TRUE,1.1573391730366251,NA,NA,NA,25,175,0.5
E,+ interactions: lumps eps into residual,0.28791123678492153,0.21664210131202277,-0.1367072817866431,0.7125297553564862,TRUE,1.1008981609448807,NA,NA,0.19370111364127582,25,175,0.5
F,+ (1|item:variant:judge:temp): splits eps/rho,0.28791123678492136,0.21502308628897468,-0.133534012341469,0.7093564859113117,TRUE,1.0926709020205008,0.04456674600590298,0.10112138696254816,NA,25,175,0.5
A,"1 obs/item, naive SE",0.7579116753817673,0.1034239970721417,0.5552006411203696,0.960622709643165,FALSE,0.525563994647105,NA,NA,NA,25,176,0.5
B,+ (1|variant): captures phi,0.405834619737863,0.19088282104110268,0.031704290497301724,0.7799649489784243,TRUE,0.9699986538510309,NA,NA,NA,25,176,0.5
C,+ (1|judge): captures lambda,0.5030255560254384,0.22561765164102937,0.06081495880902088,0.945236153241856,TRUE,1.1465087176687563,NA,NA,NA,25,176,0.5
D,+ (1|temp): captures tau,0.16936700132438406,0.22007593287731247,-0.2619818271151484,0.6007158297639165,TRUE,1.1183476725233217,NA,NA,NA,25,176,0.5
E,+ interactions: lumps eps into residual,0.16936700132438406,0.2039297424383889,-0.2303352938548582,0.5690692965036264,TRUE,1.0362984713162324,NA,NA,0.21126746383969625,25,176,0.5
F,+ (1|item:variant:judge:temp): splits eps/rho,0.169367001324384,0.20056600473796646,-0.22374236796203026,0.5624763706107982,TRUE,1.0192051518466132,0.03717970586839413,0.10241321076990385,NA,25,176,0.5
A,"1 obs/item, naive SE",-0.08893194981011562,0.14013329197968696,-0.3635932020903021,0.18572930247007083,FALSE,0.7121075843212746,NA,NA,NA,25,177,0.5
B,+ (1|variant): captures phi,0.32519957418281553,0.16948129315491614,-0.006983760400820105,0.6573829087664511,TRUE,0.8612436955644173,NA,NA,NA,25,177,0.5
C,+ (1|judge): captures lambda,0.5101873418216104,0.1896550193311102,0.1384635039326344,0.8819111797105864,TRUE,0.9637594019403927,NA,NA,NA,25,177,0.5
D,+ (1|temp): captures tau,0.339297346466427,0.20749413429801977,-0.06739115675769175,0.7459858496905458,TRUE,1.0544114439073857,NA,NA,NA,25,177,0.5
E,+ interactions: lumps eps into residual,0.339297346466427,0.1998370221515547,-0.05238321695062015,0.7309779098834741,TRUE,1.0155007214340512,NA,NA,0.21007396165271994,25,177,0.5
F,+ (1|item:variant:judge:temp): splits eps/rho,0.3392973464664272,0.1965728139155309,-0.04598536880801335,0.7245800617408678,TRUE,0.998913175328209,0.03954721344784877,0.09940111491241746,NA,25,177,0.5
A,"1 obs/item, naive SE",0.42104462684908295,0.13016170890105855,0.16592767740300818,0.6761615762951577,TRUE,0.6614355431691245,NA,NA,NA,25,178,0.5
B,+ (1|variant): captures phi,0.43441174671386484,0.097504567478607,0.2433027944557951,0.6255206989719346,TRUE,0.49548355730875376,NA,NA,NA,25,178,0.5
C,+ (1|judge): captures lambda,0.37419483922115127,0.1548070173460691,0.0707730852228558,0.6776165932194467,TRUE,0.7866742413663605,NA,NA,NA,25,178,0.5
D,+ (1|temp): captures tau,0.5597495456730114,0.25835998392620935,0.053363977177641075,1.0661351141683817,TRUE,1.3128936132153746,NA,NA,NA,25,178,0.5
E,+ interactions: lumps eps into residual,0.5597495456730114,0.24564955300399072,0.07827642178518956,1.0412226695608333,TRUE,1.248303720750595,NA,NA,0.20816441507740652,25,178,0.5
F,+ (1|item:variant:judge:temp): splits eps/rho,0.5597495456730112,0.24296708082267976,0.08353406726055884,1.0359650240854634,TRUE,1.2346723505168946,0.03564057233909565,0.1007987746940386,NA,25,178,0.5
A,"1 obs/item, naive SE",0.4686083719449911,0.13680372849914477,0.20047306408666737,0.7367436798033149,TRUE,0.6951879260910453,NA,NA,NA,25,179,0.5
B,+ (1|variant): captures phi,0.4049921757717147,0.1359519192340834,0.13852641407291127,0.6714579374705181,TRUE,0.6908593341520701,NA,NA,NA,25,179,0.5
C,+ (1|judge): captures lambda,0.39676901890615274,0.25219670927968785,-0.09753653128203543,0.8910745690943409,TRUE,1.2815740419840131,NA,NA,NA,25,179,0.5
D,+ (1|temp): captures tau,0.5746827322528271,0.23307242979611517,0.11786076985244132,1.0315046946532127,TRUE,1.1843912507105023,NA,NA,NA,25,179,0.5
E,+ interactions: lumps eps into residual,0.5746827322528271,0.21857358517918607,0.1462785053016224,1.0030869592040317,TRUE,1.1107132754788385,NA,NA,0.21343464214203903,25,179,0.5
F,+ (1|item:variant:judge:temp): splits eps/rho,0.574682732252827,0.21530346160549285,0.15268794750606096,0.996677516999593,TRUE,1.0940956697293618,0.038701245170411125,0.098738877049811,NA,25,179,0.5
A,"1 obs/item, naive SE",0.1794838249369072,0.17003064496036263,-0.15377623918540353,0.512743889059218,TRUE,0.8640353061916459,NA,NA,NA,25,180,0.5
B,+ (1|variant): captures phi,0.34055506568745725,0.09679158388348486,0.15084356127582693,0.5302665700990876,TRUE,0.4918604280836391,NA,NA,NA,25,180,0.5
C,+ (1|judge): captures lambda,0.5944870038880229,0.20693722940291273,0.18889003425831397,1.0000839735177318,TRUE,1.051581451162986,NA,NA,NA,25,180,0.5
D,+ (1|temp): captures tau,0.4151513791551947,0.24052041643481595,-0.056268637057044546,0.8865713953674339,TRUE,1.222239271679789,NA,NA,NA,25,180,0.5
E,+ interactions: lumps eps into residual,0.4151513791551947,0.23257502924457904,-0.04069567816418024,0.8709984364745695,TRUE,1.1818636378913743,NA,NA,0.225132483097122,25,180,0.5
F,+ (1|item:variant:judge:temp): splits eps/rho,0.4151513791551947,0.22988455653705886,-0.035422351657440676,0.86572510996783,TRUE,1.1681916118269882,0.039370182776423,0.09707604421589675,NA,25,180,0.5
A,"1 obs/item, naive SE",0.5745250589674629,0.10064383951812908,0.37726313351192986,0.7717869844229959,TRUE,0.5114362220682132,NA,NA,NA,25,181,0.5
B,+ (1|variant): captures phi,0.24055506959131903,0.1779247331070615,-0.10817740729852152,0.5892875464811596,TRUE,0.9041502564732664,NA,NA,NA,25,181,0.5
C,+ (1|judge): captures lambda,0.5707933675200977,0.28043636747184864,0.02113808727527433,1.120448647764921,TRUE,1.4250779481092835,NA,NA,NA,25,181,0.5
D,+ (1|temp): captures tau,0.6122344406999954,0.24508910475215298,0.13185979538577558,1.0926090860142152,TRUE,1.245455721926653,NA,NA,NA,25,181,0.5
E,+ interactions: lumps eps into residual,0.6122344406999954,0.2339460135604148,0.15370025412158245,1.0707686272784085,TRUE,1.1888304929156157,NA,NA,0.20258615405950556,25,181,0.5
F,+ (1|item:variant:judge:temp): splits eps/rho,0.6122344406999954,0.23245257014960197,0.1566274032067756,1.0678414781932153,TRUE,1.18124134429454,0.04212017894301228,0.10122060156633382,NA,25,181,0.5
A,"1 obs/item, naive SE",1.2986407614089377,0.12864183759507977,1.0465027597225813,1.550778763095294,FALSE,0.6537120973776943,NA,NA,NA,25,182,0.5
B,+ (1|variant): captures phi,1.0220012676316619,0.2170940058511125,0.5964970161634814,1.4475055190998423,FALSE,1.103194579198736,NA,NA,NA,25,182,0.5
C,+ (1|judge): captures lambda,0.7219014151093303,0.2624636563614453,0.20747264864089743,1.2363301815777632,TRUE,1.333747018023172,NA,NA,NA,25,182,0.5
D,+ (1|temp): captures tau,0.5324565809766788,0.24652369668679228,0.04927013547056597,1.0156430264827916,TRUE,1.2527458082625316,NA,NA,NA,25,182,0.5
E,+ interactions: lumps eps into residual,0.5324565809766788,0.22884620729817418,0.08391801467225746,0.9809951472811002,TRUE,1.1629150900402083,NA,NA,0.20975800213117643,25,182,0.5
F,+ (1|item:variant:judge:temp): splits eps/rho,0.532456580976679,0.22681875039012378,0.08789183021203645,0.9770213317413217,TRUE,1.1526122746227518,0.043410860154667025,0.10108294432962367,NA,25,182,0.5
A,"1 obs/item, naive SE",1.0201133830231166,0.10541095967476513,0.8135079020605769,1.2267188639856563,FALSE,0.5356610323966784,NA,NA,NA,25,183,0.5
B,+ (1|variant): captures phi,0.46919679180763535,0.19903323497694037,0.07909165125283224,0.8593019323624385,TRUE,1.011416160690941,NA,NA,NA,25,183,0.5
C,+ (1|judge): captures lambda,0.40729593711587464,0.3414878823896651,-0.26202031236786893,1.0766121865996183,TRUE,1.7353200482776183,NA,NA,NA,25,183,0.5
D,+ (1|temp): captures tau,0.5177525798006279,0.2977030817159379,-0.06574546036261031,1.1012506199638663,TRUE,1.5128212530428926,NA,NA,NA,25,183,0.5
E,+ interactions: lumps eps into residual,0.5177525798006279,0.2917629123268632,-0.054102728360023944,1.0896078879612798,TRUE,1.4826354234348482,NA,NA,0.20778125828524383,25,183,0.5
F,+ (1|item:variant:judge:temp): splits eps/rho,0.517752579800628,0.2901552822543295,-0.05095177341785784,1.086456933019114,TRUE,1.4744660187825966,0.03664944459670953,0.1005839705473362,NA,25,183,0.5
A,"1 obs/item, naive SE",0.9590428023583112,0.12974318772881174,0.7047461544098401,1.2133394503067823,FALSE,0.6593087673206046,NA,NA,NA,25,184,0.5
B,+ (1|variant): captures phi,0.9744970210559813,0.248300349219254,0.4878283365862435,1.4611657055257192,TRUE,1.261774124982965,NA,NA,NA,25,184,0.5
C,+ (1|judge): captures lambda,0.7143587098395972,0.25015513036742093,0.22405465431945215,1.2046627653597421,TRUE,1.271199463560305,NA,NA,NA,25,184,0.5
D,+ (1|temp): captures tau,0.6858757759804449,0.25613482800448906,0.18385151309164638,1.1879000388692433,TRUE,1.301586161675707,NA,NA,NA,25,184,0.5
E,+ interactions: lumps eps into residual,0.6858757759804449,0.24497577690152372,0.20572325325345842,1.1660282987074315,TRUE,1.24487983006821,NA,NA,0.20309787023257123,25,184,0.5
F,+ (1|item:variant:judge:temp): splits eps/rho,0.6858757759804449,0.2427857781111216,0.21001565088264662,1.1617359010782433,TRUE,1.233751034574518,0.040864456168508145,0.10118335006960918,NA,25,184,0.5
A,"1 obs/item, naive SE",1.1673756086442828,0.11429561527972376,0.9433562026960243,1.3913950145925413,FALSE,0.58080969443832,NA,NA,NA,25,185,0.5
B,+ (1|variant): captures phi,0.8177111738489372,0.19774570001038766,0.4301296018285774,1.205292745869297,TRUE,1.0048733656005786,NA,NA,NA,25,185,0.5
C,+ (1|judge): captures lambda,0.5829376519627806,0.19669347330641815,0.197418444282201,0.9684568596433601,TRUE,0.9995263234685015,NA,NA,NA,25,185,0.5
D,+ (1|temp): captures tau,0.5889060163974673,0.23468062912842866,0.12893198330574718,1.0488800494891874,TRUE,1.1925635481386314,NA,NA,NA,25,185,0.5
E,+ interactions: lumps eps into residual,0.5889060163974673,0.22184482327049038,0.1540901627873062,1.0237218700076285,TRUE,1.127336544810698,NA,NA,0.22747868308105482,25,185,0.5
F,+ (1|item:variant:judge:temp): splits eps/rho,0.5889060163974672,0.21828235930894538,0.16107259215193426,1.0167394406430001,TRUE,1.1092333691124125,0.04189193584971218,0.09647902363648109,NA,25,185,0.5
A,"1 obs/item, naive SE",0.5253364300526766,0.12012658582415574,0.2898883218373314,0.7607845382680218,TRUE,0.6104406143288329,NA,NA,NA,25,186,0.5
B,+ (1|variant): captures phi,0.9598095130347393,0.18853455539467653,0.5902817844611733,1.3293372416083051,FALSE,0.9580656024454908,NA,NA,NA,25,186,0.5
C,+ (1|judge): captures lambda,0.6218236767731561,0.2670403155030498,0.09842465838717851,1.1452226951591338,TRUE,1.3570039731660104,NA,NA,NA,25,186,0.5
D,+ (1|temp): captures tau,0.3817262161502936,0.22203982870923628,-0.053471848119809484,0.8169242804203967,TRUE,1.1283274931424834,NA,NA,NA,25,186,0.5
E,+ interactions: lumps eps into residual,0.3817262161502936,0.203232629096159,-0.016609736878178016,0.7800621691787653,TRUE,1.032755989075785,NA,NA,0.20984239208532196,25,186,0.5
F,+ (1|item:variant:judge:temp): splits eps/rho,0.3817262161502939,0.20013812102327894,-0.010544501055332833,0.7739969333559207,TRUE,1.0170307988850007,0.04126011503511662,0.09957619795485093,NA,25,186,0.5
A,"1 obs/item, naive SE",0.17939290086472895,0.13542356401526903,-0.08603728460519836,0.4448230863346563,FALSE,0.6881744207155973,NA,NA,NA,25,187,0.5
B,+ (1|variant): captures phi,0.37894864847064913,0.1484500152277701,0.08798661862421975,0.6699106783170785,TRUE,0.754370215977138,NA,NA,NA,25,187,0.5
C,+ (1|judge): captures lambda,0.47398770267138335,0.18542361762827644,0.1105574121199615,0.8374179932228052,TRUE,0.9422569223916024,NA,NA,NA,25,187,0.5
D,+ (1|temp): captures tau,0.5215741499943718,0.22966943327099631,0.071422060783219,0.9717262392055246,TRUE,1.167098431846964,NA,NA,NA,25,187,0.5
E,+ interactions: lumps eps into residual,0.5215741499943718,0.2032527350893353,0.12319878921927457,0.9199495107694691,TRUE,1.032858160587129,NA,NA,0.2324609933986229,25,187,0.5
F,+ (1|item:variant:judge:temp): splits eps/rho,0.5215741499943719,0.2003581206967635,0.12887223342871545,0.9142760665600284,TRUE,1.0181487590343938,0.03758367755655976,0.10512209973389758,NA,25,187,0.5
A,"1 obs/item, naive SE",0.7099613518794619,0.11639032203179482,0.481836320697144,0.9380863830617797,TRUE,0.5914542496614643,NA,NA,NA,25,188,0.5
B,+ (1|variant): captures phi,0.7604630628898893,0.27689252924171914,0.21775370557611984,1.3031724202036588,TRUE,1.4070694217581814,NA,NA,NA,25,188,0.5
C,+ (1|judge): captures lambda,0.6327162828681482,0.2038221902621376,0.23322478995435847,1.032207775781938,TRUE,1.035751929382215,NA,NA,NA,25,188,0.5
D,+ (1|temp): captures tau,0.6754997195358489,0.27009257044560747,0.1461182814624582,1.2048811576092395,TRUE,1.3725144479659064,NA,NA,NA,25,188,0.5
E,+ interactions: lumps eps into residual,0.6754997195358489,0.2549199377111075,0.1758566416220782,1.1751427974496196,TRUE,1.2954125209953702,NA,NA,0.19826623195049844,25,188,0.5
F,+ (1|item:variant:judge:temp): splits eps/rho,0.6754997195358491,0.2529405852630671,0.17973617242023754,1.1712632666514606,TRUE,1.2853541553466223,0.04035612622341877,0.1019328163190047,NA,25,188,0.5
A,"1 obs/item, naive SE",0.2523140541170653,0.12907209968937855,-6.672612741166484e-4,0.5052953695082473,TRUE,0.6558985364191786,NA,NA,NA,25,189,0.5
B,+ (1|variant): captures phi,0.27804298827536,0.16754474800534103,-0.05034471781510841,0.6064306943658284,TRUE,0.8514028613921,NA,NA,NA,25,189,0.5
C,+ (1|judge): captures lambda,0.22692552615214256,0.1481389808202641,-0.06342687625557508,0.5172779285598602,TRUE,0.7527896496645876,NA,NA,NA,25,189,0.5
D,+ (1|temp): captures tau,0.4823552972150772,0.20171648339271503,0.08699098976535574,0.8777196046647986,TRUE,1.0250514754723006,NA,NA,NA,25,189,0.5
E,+ interactions: lumps eps into residual,0.4823552972150772,0.18360598840803355,0.12248755993533145,0.8422230344948229,TRUE,0.9330203767076078,NA,NA,0.22478559621803532,25,189,0.5
F,+ (1|item:variant:judge:temp): splits eps/rho,0.4823552972150774,0.17944180151907546,0.13064936623768952,0.8340612281924653,TRUE,0.9118594589537588,0.040314424237731475,0.10433455911239785,NA,25,189,0.5
A,"1 obs/item, naive SE",0.2772553216644277,0.11971204409801287,0.04261971523232247,0.5118909280965329,TRUE,0.6083340606110571,NA,NA,NA,25,190,0.5
B,+ (1|variant): captures phi,0.2438338136788725,0.2701980929905493,-0.2857544485826041,0.7734220759403491,TRUE,1.3730506760349712,NA,NA,NA,25,190,0.5
C,+ (1|judge): captures lambda,0.47347698963757257,0.2584181832565221,-0.033022649545210725,0.9799766288203559,TRUE,1.3131893615270902,NA,NA,NA,25,190,0.5
D,+ (1|temp): captures tau,0.5672580530524715,0.271705385270975,0.03471549792136053,1.0998006081835823,TRUE,1.380710199689319,NA,NA,NA,25,190,0.5
E,+ interactions: lumps eps into residual,0.5672580530524715,0.2574530260926538,0.06265012191087005,1.0718659841940728,TRUE,1.3082847758519585,NA,NA,0.21731660569630995,25,190,0.5
F,+ (1|item:variant:judge:temp): splits eps/rho,0.5672580530524715,0.2555446675415963,0.06639050467094265,1.0681256014340001,TRUE,1.2985871759553587,0.04294501959992539,0.10125158045496782,NA,25,190,0.5
A,"1 obs/item, naive SE",0.23639188213168566,0.14032393844739646,-0.038643037225211396,0.5114268014885828,TRUE,0.7130763819114981,NA,NA,NA,25,191,0.5
B,+ (1|variant): captures phi,0.46052543045974403,0.12384445920450285,0.21779029041891845,0.7032605705005697,TRUE,0.6293335254585816,NA,NA,NA,25,191,0.5
C,+ (1|judge): captures lambda,0.7092740775714338,0.230836725745922,0.2568340951094267,1.1617140600334408,TRUE,1.173030197330902,NA,NA,NA,25,191,0.5
D,+ (1|temp): captures tau,0.4821627395522614,0.20390666492509238,0.08250567629908034,0.8818198028054425,TRUE,1.0361811995957613,NA,NA,NA,25,191,0.5
E,+ interactions: lumps eps into residual,0.4821627395522614,0.18828618255408403,0.11312182174625673,0.8512036573582661,TRUE,0.9568034599451135,NA,NA,0.21624193976778597,25,191,0.5
F,+ (1|item:variant:judge:temp): splits eps/rho,0.48216273955226135,0.18469988795601192,0.12015095915847801,0.8441745199460446,TRUE,0.9385791854217707,0.04140399993727098,0.101070137387294,NA,25,191,0.5
A,"1 obs/item, naive SE",0.10135287035383078,0.11169261793654983,-0.11756466080180689,0.32027040150946845,FALSE,0.5675821870854564,NA,NA,NA,25,192,0.5
B,+ (1|variant): captures phi,-0.06897752562517123,0.15023163367561665,-0.36343152762937986,0.2254764763790374,FALSE,0.7634237677145947,NA,NA,NA,25,192,0.5
C,+ (1|judge): captures lambda,0.08084794226879125,0.16899544879453443,-0.25038313736849627,0.4120790219060787,FALSE,0.8587748072014886,NA,NA,NA,25,192,0.5
D,+ (1|temp): captures tau,0.4205495568714105,0.25529858510976305,-0.07983566994372504,0.920934783686546,TRUE,1.2973366724982494,NA,NA,NA,25,192,0.5
E,+ interactions: lumps eps into residual,0.4205495568714105,0.24805982499202459,-0.06564770011295767,0.9067468138557786,TRUE,1.2605518663461814,NA,NA,0.21460556978907502,25,192,0.5
F,+ (1|item:variant:judge:temp): splits eps/rho,0.42054955687141027,0.24537143262985886,-0.06037845108311307,0.9014775648259337,TRUE,1.2468904118575,0.04303452989570754,0.09783356845583273,NA,25,192,0.5
A,"1 obs/item, naive SE",1.0374594788539213,0.1288690948343788,0.7848760529785388,1.2900429047293038,FALSE,0.6548669378971065,NA,NA,NA,25,193,0.5
B,+ (1|variant): captures phi,1.1208690439321278,0.17760439946093062,0.7727644209887038,1.4689736668755518,FALSE,0.9025224347351162,NA,NA,NA,25,193,0.5
C,+ (1|judge): captures lambda,1.0326054104452504,0.21235841192507104,0.6163829230721112,1.4488278978183897,FALSE,1.0791299739692473,NA,NA,NA,25,193,0.5
D,+ (1|temp): captures tau,0.5923711088688078,0.2998638467532591,0.004637969232419992,1.1801042485051956,TRUE,1.5238014929935513,NA,NA,NA,25,193,0.5
E,+ interactions: lumps eps into residual,0.5923711088688078,0.2939564894854579,0.01621638947731041,1.1685258282603053,TRUE,1.493782402923888,NA,NA,0.2010133703427582,25,193,0.5
F,+ (1|item:variant:judge:temp): splits eps/rho,0.5923711088688077,0.29191068236094747,0.02022617144135075,1.1645160462962647,TRUE,1.4833863382283299,0.03862625809401461,0.09933831625312917,NA,25,193,0.5
A,"1 obs/item, naive SE",0.14431111222533094,0.13286414278794184,-0.11610260763903507,0.40472483208969695,FALSE,0.6751683516958475,NA,NA,NA,25,194,0.5
B,+ (1|variant): captures phi,0.07495456033196406,0.13513179142964107,-0.18990375087013245,0.3398128715340606,FALSE,0.6866917361358843,NA,NA,NA,25,194,0.5
C,+ (1|judge): captures lambda,0.24742957750717157,0.14684531706281118,-0.040387243935938316,0.5352463989502815,TRUE,0.7462157102371364,NA,NA,NA,25,194,0.5
D,+ (1|temp): captures tau,0.48727819690171664,0.19143614675396675,0.11206334926394179,0.8624930445394915,TRUE,0.972810458463368,NA,NA,NA,25,194,0.5
E,+ interactions: lumps eps into residual,0.48727819690171664,0.18031249464201146,0.13386570740337417,0.8406906864000592,TRUE,0.9162840119468404,NA,NA,0.2116578475706397,25,194,0.5
F,+ (1|item:variant:judge:temp): splits eps/rho,0.4872781969017166,0.17765776785184026,0.1390689719121097,0.8354874218913235,TRUE,0.902793633929775,0.03644756177930658,0.10013979151562351,NA,25,194,0.5
A,"1 obs/item, naive SE",0.7129733453239476,0.10257318334128111,0.5119299059750366,0.9140167846728586,FALSE,0.5212404616591101,NA,NA,NA,25,195,0.5
B,+ (1|variant): captures phi,0.5243342440134394,0.174227646616865,0.18284805664438403,0.8658204313824949,TRUE,0.8853629769312837,NA,NA,NA,25,195,0.5
C,+ (1|judge): captures lambda,0.33165953353183486,0.2211350920603131,-0.10176524690637878,0.7650843139700485,TRUE,1.1237299430499257,NA,NA,NA,25,195,0.5
D,+ (1|temp): captures tau,0.3950090131371376,0.277882861936729,-0.14964139625885126,0.9396594225331265,TRUE,1.412101940534805,NA,NA,NA,25,195,0.5
E,+ interactions: lumps eps into residual,0.3950090131371376,0.2715686103228519,-0.13726546309565207,0.9272834893699273,TRUE,1.38001515801487,NA,NA,0.2120622874077661,25,195,0.5
F,+ (1|item:variant:judge:temp): splits eps/rho,0.3950090131371375,0.2690274764399875,-0.132284840685238,0.922302866959513,TRUE,1.3671020187800778,0.03996726313163294,0.10023554175345628,NA,25,195,0.5
A,"1 obs/item, naive SE",0.45545711752593876,0.10641377453689553,0.2468861194336235,0.664028115618254,TRUE,0.540756981110255,NA,NA,NA,25,196,0.5
B,+ (1|variant): captures phi,0.6323469220212952,0.08776544962780794,0.4603266407507916,0.8043672032917988,TRUE,0.44599282182272787,NA,NA,NA,25,196,0.5
C,+ (1|judge): captures lambda,0.7697293200703637,0.11257409842597844,0.5490840871554459,0.9903745529852814,FALSE,0.5720615576410581,NA,NA,NA,25,196,0.5
D,+ (1|temp): captures tau,0.48515556714000996,0.2022666697035516,0.08871289452104886,0.881598239758971,TRUE,1.0278473267593256,NA,NA,NA,25,196,0.5
E,+ interactions: lumps eps into residual,0.48515556714000996,0.1928011546925638,0.10726530394258493,0.863045830337435,TRUE,0.9797469436625782,NA,NA,0.21961514887500536,25,196,0.5
F,+ (1|item:variant:judge:temp): splits eps/rho,0.48515556714001,0.1891005974111995,0.11451839621405902,0.855792738065961,TRUE,0.9609420267934533,0.03875809270893103,0.10145248846489045,NA,25,196,0.5
A,"1 obs/item, naive SE",0.6638182690438211,0.13028781616436583,0.40845414936166413,0.9191823887259781,TRUE,0.6620763754607981,NA,NA,NA,25,197,0.5
B,+ (1|variant): captures phi,0.3192968294052031,0.18664022379551792,-0.046518009234012,0.6851116680444183,TRUE,0.9484392825330474,NA,NA,NA,25,197,0.5
C,+ (1|judge): captures lambda,0.3091189313568959,0.20297205531582568,-0.08870629706212246,0.7069441597759143,TRUE,1.0314318457360458,NA,NA,NA,25,197,0.5
D,+ (1|temp): captures tau,0.5000223438412497,0.23530166200137353,0.03883108631855753,0.9612136013639418,TRUE,1.195719416474337,NA,NA,NA,25,197,0.5
E,+ interactions: lumps eps into residual,0.5000223438412497,0.22971897498333205,0.04977315287391887,0.9502715348085804,TRUE,1.1673501852211703,NA,NA,0.22115195966808035,25,197,0.5
F,+ (1|item:variant:judge:temp): splits eps/rho,0.5000223438412494,0.22633424636228838,0.05640722097116424,0.9436374667113346,TRUE,1.150150197353449,0.04002387508511173,0.09921425050867777,NA,25,197,0.5
A,"1 obs/item, naive SE",0.6428197637274892,0.07866421290037603,0.4886379064427522,0.7970016210122262,TRUE,0.39974357149292716,NA,NA,NA,25,198,0.5
B,+ (1|variant): captures phi,0.679458311051984,0.23113269013986382,0.22643823837785088,1.132478383726117,TRUE,1.174534183190633,NA,NA,NA,25,198,0.5
C,+ (1|judge): captures lambda,0.5572226855145889,0.24166375698551062,0.08356172182298804,1.0308836492061897,TRUE,1.228049321997666,NA,NA,NA,25,198,0.5
D,+ (1|temp): captures tau,0.43771326701576035,0.21851214415993567,0.00942946446228643,0.8659970695692343,TRUE,1.1104010540560878,NA,NA,NA,25,198,0.5
E,+ interactions: lumps eps into residual,0.43771326701576035,0.2046384248406903,0.036621954328007356,0.8388045797035133,TRUE,1.0398997434081418,NA,NA,0.21997537652660978,25,198,0.5
F,+ (1|item:variant:judge:temp): splits eps/rho,0.43771326701576035,0.2012100521520497,0.043341564797742926,0.8320849692337777,TRUE,1.0224779719006634,0.041242709651544036,0.10216100578822472,NA,25,198,0.5
A,"1 obs/item, naive SE",0.4703691028185976,0.13062608680283072,0.2143419726850494,0.7263962329521458,TRUE,0.6637953466189078,NA,NA,NA,25,199,0.5
B,+ (1|variant): captures phi,0.4885205460923226,0.1049804738815971,0.2827588172843923,0.6942822749002528,TRUE,0.5334734565970466,NA,NA,NA,25,199,0.5
C,+ (1|judge): captures lambda,0.20532929120310844,0.2374960910539851,-0.26016304726270234,0.6708216296689192,TRUE,1.2068707249859942,NA,NA,NA,25,199,0.5
D,+ (1|temp): captures tau,0.48349724333305827,0.257780838902385,-0.021753200915616333,0.9887476875817329,TRUE,1.309950604041316,NA,NA,NA,25,199,0.5
E,+ interactions: lumps eps into residual,0.48349724333305827,0.24839897101563221,-0.003364739857580845,0.9703592265236973,TRUE,1.2622752859004613,NA,NA,0.22005565625606668,25,199,0.5
F,+ (1|item:variant:judge:temp): splits eps/rho,0.48349724333305844,0.24527829066693463,0.002751793625866583,0.9642426930402503,TRUE,1.246417097506,0.03388349679858219,0.10289187776368909,NA,25,199,0.5
A,"1 obs/item, naive SE",0.2826880736882362,0.13421012524910453,0.01963622819999128,0.5457399191764811,TRUE,0.6820081561806826,NA,NA,NA,25,200,0.5
B,+ (1|variant): captures phi,0.652228889603814,0.13220654377733645,0.39310406380023455,0.9113537154073934,TRUE,0.671826667244717,NA,NA,NA,25,200,0.5
C,+ (1|judge): captures lambda,0.4175539390250288,0.16895373910043057,0.08640461038818487,0.7487032676618728,TRUE,0.8585628533603172,NA,NA,NA,25,200,0.5
D,+ (1|temp): captures tau,0.43613900523860527,0.25294762973228646,-0.0596383490366762,0.9319163595138867,TRUE,1.2853899528354826,NA,NA,NA,25,200,0.5
E,+ interactions: lumps eps into residual,0.43613900523860527,0.24537134427626486,-0.04478882954287383,0.9170668400200843,TRUE,1.2468899628759376,NA,NA,0.21684534523270294,25,200,0.5
F,+ (1|item:variant:judge:temp): splits eps/rho,0.43613900523860527,0.24228684241167486,-0.038743205888277454,0.911021216365488,TRUE,1.2312156206793234,0.034325402413618054,0.10125532407229403,NA,25,200,0.5
A,"1 obs/item, naive SE",0.414113310553639,0.10996422006805132,0.1985834392202584,0.6296431818870196,TRUE,0.5587990834168369,NA,NA,NA,25,201,0.5
B,+ (1|variant): captures phi,0.5950715897225859,0.1535791436278099,0.29405646821207854,0.8960867112330932,TRUE,0.7804346235353037,NA,NA,NA,25,201,0.5
C,+ (1|judge): captures lambda,0.5239422922374475,0.20253531511284176,0.12697307461627766,0.9209115098586174,TRUE,1.0292124872486428,NA,NA,NA,25,201,0.5
D,+ (1|temp): captures tau,0.5382466711521475,0.18977423398713408,0.16628917253736475,0.9102041697669303,TRUE,0.96436520845159035,NA,NA,NA,25,201,0.5
E,+ interactions: lumps eps into residual,0.5382466711521475,0.1758853425341142,0.1935113997852837,0.8829819425190113,TRUE,0.8937867984122112,NA,NA,0.18973509353070014,25,201,0.5
F,+ (1|item:variant:judge:temp): splits eps/rho,0.5382466711521477,0.17312194415077645,0.19892766061662592,0.8775656816876696,TRUE,0.8797441899822229,0.03721127726420172,0.10166491939025128,NA,25,201,0.5
A,"1 obs/item, naive SE",0.7121473112583199,0.14092961617280192,0.43592526355962813,0.9883693589570116,TRUE,0.716154220844863,NA,NA,NA,25,202,0.5
B,+ (1|variant): captures phi,0.936830350875253,0.17604705866611176,0.591778115889674,1.281882585860832,FALSE,0.8946085823186312,NA,NA,NA,25,202,0.5
C,+ (1|judge): captures lambda,0.5241597652523375,0.26909500515250184,-0.003266444846566019,1.051585975351241,TRUE,1.3674451756963364,NA,NA,NA,25,202,0.5
D,+ (1|temp): captures tau,0.5635839822720969,0.2640900326566606,0.045967518265042195,1.0812004462791518,TRUE,1.3420116843163967,NA,NA,NA,25,202,0.5
E,+ interactions: lumps eps into residual,0.5635839822720969,0.2518517009810657,0.06995464834920823,1.0572133161949857,TRUE,1.2798208324316518,NA,NA,0.21736939810674433,25,202,0.5
F,+ (1|item:variant:judge:temp): splits eps/rho,0.5635839822720972,0.24925141186116231,0.07505121502421902,1.0521167495199752,TRUE,1.2666070873069053,0.04295631094315358,0.10327888602351895,NA,25,202,0.5
A,"1 obs/item, naive SE",0.7670359198915645,0.10173178692569947,0.5676416175171936,0.9664302222659354,FALSE,0.5169647841203046,NA,NA,NA,25,203,0.5
B,+ (1|variant): captures phi,0.43975575338898254,0.14572032556783607,0.15414391527602384,0.7253675915019413,TRUE,0.7404989032988906,NA,NA,NA,25,203,0.5
C,+ (1|judge): captures lambda,0.592521350749753,0.20227571112025702,0.19606095695404924,0.9889817445454567,TRUE,1.0278932720255645,NA,NA,NA,25,203,0.5
D,+ (1|temp): captures tau,0.37592649668446954,0.23424829280013415,-0.08320015720379337,0.8350531505727324,TRUE,1.1903665685771954,NA,NA,NA,25,203,0.5
E,+ interactions: lumps eps into residual,0.37592649668446954,0.21641798376654484,-0.048252751497958324,0.8001057448668973,TRUE,1.099759275233572,NA,NA,0.22939927082641953,25,203,0.5
F,+ (1|item:variant:judge:temp): splits eps/rho,0.3759264966844695,0.21258485703909294,-0.040739823112152684,0.7925928164810916,TRUE,1.0802806875566426,0.04442684053194884,0.09820079161108938,NA,25,203,0.5
A,"1 obs/item, naive SE",0.5816657848723463,0.12609677037526185,0.3345161149368331,0.8288154548078596,TRUE,0.6407789703224723,NA,NA,NA,25,204,0.5
B,+ (1|variant): captures phi,0.6511834038291353,0.12028872748352097,0.41541749796143423,0.8869493096968364,TRUE,0.6112645606140965,NA,NA,NA,25,204,0.5
C,+ (1|judge): captures lambda,0.2660207941727131,0.25333731701008866,-0.23052034716706066,0.7625619355124869,TRUE,1.287370205080443,NA,NA,NA,25,204,0.5
D,+ (1|temp): captures tau,0.2940910625529777,0.21027836818192774,-0.1180545390836007,0.7062366641895561,TRUE,1.0685599309460156,NA,NA,NA,25,204,0.5
E,+ interactions: lumps eps into residual,0.2940910625529777,0.19184735682460885,-0.08192975682325565,0.670111881929211,TRUE,0.9749000818920104,NA,NA,0.2055259621992304,25,204,0.5
F,+ (1|item:variant:judge:temp): splits eps/rho,0.2940910625529776,0.18870169309793955,-0.07576425591898389,0.6639463810249391,TRUE,0.9589149368501723,0.04132096093132266,0.09882450385592165,NA,25,204,0.5
A,"1 obs/item, naive SE",-0.24919578351668817,0.1151771513624226,-0.47494300018703645,-0.02344856684633989,FALSE,0.5852893474991622,NA,NA,NA,25,205,0.5
B,+ (1|variant): captures phi,0.22400939828097685,0.19224645595162268,-0.15279365538420361,0.6008124519461573,TRUE,0.9769281618095488,NA,NA,NA,25,205,0.5
C,+ (1|judge): captures lambda,0.5482102782099354,0.2562898774894714,0.04588211833057143,1.0505384380892995,TRUE,1.3023740680514242,NA,NA,NA,25,205,0.5
D,+ (1|temp): captures tau,0.3902961383045533,0.2654215635057806,-0.12993012616677674,0.9105224027758834,TRUE,1.3487780508451555,NA,NA,NA,25,205,0.5
E,+ interactions: lumps eps into residual,0.3902961383045533,0.26135651527249665,-0.12196263162954019,0.9025549082386468,TRUE,1.3281209205040447,NA,NA,0.21422233470219595,25,205,0.5
F,+ (1|item:variant:judge:temp): splits eps/rho,0.39029613830455323,0.2587273371214336,-0.11680944245345659,0.897401719062563,TRUE,1.314760371590549,0.0393519350950716,0.10233413413978182,NA,25,205,0.5
A,"1 obs/item, naive SE",0.5360529432674825,0.1102822458298742,0.31989974144092914,0.7522061450940359,TRUE,0.5604151773071914,NA,NA,NA,25,206,0.5
B,+ (1|variant): captures phi,0.7577955053044622,0.11648394712233971,0.5294869689446764,0.9861040416642479,FALSE,0.5919300190958214,NA,NA,NA,25,206,0.5
C,+ (1|judge): captures lambda,0.9565073039520954,0.1365711034581631,0.6888279411740957,1.2241866667300951,FALSE,0.694005808311281,NA,NA,NA,25,206,0.5
D,+ (1|temp): captures tau,0.6811448783747169,0.22236686675906137,0.24530581952695668,1.1169839372224772,TRUE,1.1299893842773596,NA,NA,NA,25,206,0.5
E,+ interactions: lumps eps into residual,0.6811448783747169,0.20856600928474103,0.2723555001766245,1.0899342565728094,TRUE,1.0598583316291066,NA,NA,0.20957632237580068,25,206,0.5
F,+ (1|item:variant:judge:temp): splits eps/rho,0.6811448783747169,0.2063620473562698,0.27667526555642813,1.0856144911930057,TRUE,1.0486585804304607,0.04147869748853653,0.10061611473450012,NA,25,206,0.5
A,"1 obs/item, naive SE",0.7530442830503782,0.1163682202754663,0.5249625713104642,0.9811259947902922,FALSE,0.5913419363911057,NA,NA,NA,25,207,0.5
B,+ (1|variant): captures phi,0.45793610886685654,0.16362255594347141,0.13723589921765256,0.7786363185160605,TRUE,0.8314716753408445,NA,NA,NA,25,207,0.5
C,+ (1|judge): captures lambda,0.3565365293705381,0.14732601354696864,0.06777754281847953,0.6452955159225966,TRUE,0.7486584389227277,NA,NA,NA,25,207,0.5
D,+ (1|temp): captures tau,0.45554606043277324,0.2294387538473507,0.005846102891965854,0.9052460179735806,TRUE,1.1659262010029992,NA,NA,NA,25,207,0.5
E,+ interactions: lumps eps into residual,0.45554606043277324,0.21733903844686395,0.029561545076919882,0.8815305757886266,TRUE,1.1044397477620054,NA,NA,0.2158808343640293,25,207,0.5
F,+ (1|item:variant:judge:temp): splits eps/rho,0.45554606043277335,0.2152014773631417,0.03375116480101559,0.8773409560645311,TRUE,1.093577422056496,0.038364087018805997,0.10231304690688325,NA,25,207,0.5
A,"1 obs/item, naive SE",0.03853135241647876,0.1314116959129845,-0.21903557157297082,0.29609827640592834,FALSE,0.6677875328991921,NA,NA,NA,25,208,0.5
B,+ (1|variant): captures phi,-0.052918956435758974,0.20058012303658748,-0.4460559975874704,0.3402180847159525,FALSE,1.0192768960223455,NA,NA,NA,25,208,0.5
C,+ (1|judge): captures lambda,0.13879343806975872,0.19444186064903526,-0.24231260880235037,0.5198994849418678,TRUE,0.9880844282013257,NA,NA,NA,25,208,0.5
D,+ (1|temp): captures tau,0.3881747778446169,0.26406071706876916,-0.1293842276101706,0.9057337832994043,TRUE,1.3418627129179417,NA,NA,NA,25,208,0.5
E,+ interactions: lumps eps into residual,0.3881747778446169,0.25819533191552013,-0.11788807270980256,0.8942376283990363,TRUE,1.3120569102169,NA,NA,0.20908194381465237,25,208,0.5
F,+ (1|item:variant:judge:temp): splits eps/rho,0.3881747778446169,0.25561879207321664,-0.11283805461888768,0.8891876103081215,TRUE,1.2989638504800587,0.03795501913673906,0.10054663722178571,NA,25,208,0.5
A,"1 obs/item, naive SE",0.5030075812795587,0.11291209761225007,0.28169986995954854,0.7243152925995688,TRUE,0.5737791493755999,NA,NA,NA,25,209,0.5
B,+ (1|variant): captures phi,0.6112525090863353,0.1236376733278392,0.3689226693637705,0.8535823488089002,TRUE,0.6282827131282465,NA,NA,NA,25,209,0.5
C,+ (1|judge): captures lambda,0.5739968018067672,0.1393361906673191,0.30089786809882174,0.8470957355147126,TRUE,0.708056998753843,NA,NA,NA,25,209,0.5
D,+ (1|temp): captures tau,0.6573086860443816,0.20770360847924957,0.2502096134250525,1.0644077586637108,TRUE,1.0554759172460613,NA,NA,NA,25,209,0.5
E,+ interactions: lumps eps into residual,0.6573086860443816,0.1963194664495328,0.2725225318032974,1.042094840285466,TRUE,0.9976257535495786,NA,NA,0.20915890606381146,25,209,0.5
F,+ (1|item:variant:judge:temp): splits eps/rho,0.6573086860443816,0.19313056139548723,0.27877278570922664,1.0358445863795367,TRUE,0.9814208714506448,0.04186346589001574,0.0985089733002229,NA,25,209,0.5
A,"1 obs/item, naive SE",0.24907293484474977,0.12818046743006248,-0.002160781318172683,0.5003066510076722,TRUE,0.6513675781771034,NA,NA,NA,25,210,0.5
B,+ (1|variant): captures phi,0.5898383777530809,0.10413326096654185,0.3857371862586589,0.7939395692475029,TRUE,0.5291682216751892,NA,NA,NA,25,210,0.5
C,+ (1|judge): captures lambda,0.7810953996094956,0.1820311503318224,0.4243143449591237,1.1378764542598674,TRUE,0.9250176093258893,NA,NA,NA,25,210,0.5
D,+ (1|temp): captures tau,0.5898280828984374,0.22467956505862857,0.14945613538352537,1.0302000304133494,TRUE,1.1417416950673427,NA,NA,NA,25,210,0.5
E,+ interactions: lumps eps into residual,0.5898280828984374,0.21874326143858763,0.1610912904788056,1.0185648753180692,TRUE,1.1115755099235745,NA,NA,0.2042398613428547,25,210,0.5
F,+ (1|item:variant:judge:temp): splits eps/rho,0.5898280828984374,0.21587502857961255,0.16671302688239675,1.012943138914478,TRUE,1.0970001699481764,0.03958729418244357,0.09751646971102981,NA,25,210,0.5
A,"1 obs/item, naive SE",0.6774832564560539,0.0958953833053006,0.4895283051776647,0.8654382077344431,TRUE,0.4873062552687264,NA,NA,NA,25,211,0.5
B,+ (1|variant): captures phi,0.46051467229051224,0.1282936474341811,0.20905912331951731,0.7119702212615071,TRUE,0.6519427187321264,NA,NA,NA,25,211,0.5
C,+ (1|judge): captures lambda,0.7031482607987826,0.21234366206176505,0.28695468315772305,1.1193418384398421,TRUE,1.0790550204062537,NA,NA,NA,25,211,0.5
D,+ (1|temp): captures tau,0.4921780608195041,0.1802835046550568,0.1388223916955928,0.8455337299434154,TRUE,0.9161366951366224,NA,NA,NA,25,211,0.5
E,+ interactions: lumps eps into residual,0.4921780608195041,0.1661781835180309,0.16646882112416356,0.8178873005148446,TRUE,0.8444584663655512,NA,NA,0.21839392250742454,25,211,0.5
F,+ (1|item:variant:judge:temp): splits eps/rho,0.49217806081950416,0.164382179324293,0.1699889893438899,0.8143671322951185,TRUE,0.8353318113803891,0.03897475722983212,0.0999829478040427,NA,25,211,0.5
A,"1 obs/item, naive SE",0.3821729017079259,0.10753388291967095,0.17140649118537085,0.5929393122304809,TRUE,0.546448973807835,NA,NA,NA,25,212,0.5
B,+ (1|variant): captures phi,0.6276275548764528,0.15733767508867133,0.31924571170265703,0.9360093980502486,TRUE,0.7995341445797213,NA,NA,NA,25,212,0.5
C,+ (1|judge): captures lambda,0.591059122439397,0.21367742907931828,0.17225136144393316,1.0098668834348608,TRUE,1.0858327503482212,NA,NA,NA,25,212,0.5
D,+ (1|temp): captures tau,0.46121257742977423,0.1978485636815986,0.07342939261384102,0.8489957622457074,TRUE,1.0053960822183474,NA,NA,NA,25,212,0.5
E,+ interactions: lumps eps into residual,0.46121257742977423,0.1782417683825673,0.1118587113999423,0.8105664434596062,TRUE,0.9057613170641914,NA,NA,0.2311683530776026,25,212,0.5
F,+ (1|item:variant:judge:temp): splits eps/rho,0.4612125774297745,0.17573047811174383,0.11678084033075659,0.8056443145287924,TRUE,0.892999832458914,0.03928960626021154,0.10013992672968783,NA,25,212,0.5
A,"1 obs/item, naive SE",0.26692635296050826,0.12384775888042317,0.024184745554878845,0.5096679603661377,TRUE,0.6293502932388533,NA,NA,NA,25,213,0.5
B,+ (1|variant): captures phi,0.2652148727735362,0.1358682783307557,-0.0010869527547449631,0.5315166983018174,TRUE,0.6904343008086177,NA,NA,NA,25,213,0.5
C,+ (1|judge): captures lambda,0.43379726478875935,0.17038671866519706,0.09983929620497312,0.7677552333725456,TRUE,0.8658447462055631,NA,NA,NA,25,213,0.5
D,+ (1|temp): captures tau,0.510688458220768,0.23400016346191058,0.05204813783542328,0.9693287786061128,TRUE,1.1891056634693125,NA,NA,NA,25,213,0.5
E,+ interactions: lumps eps into residual,0.510688458220768,0.22460730671478563,0.0704581370597882,0.9509187793817478,TRUE,1.1413745038456558,NA,NA,0.20713424515762363,25,213,0.5
F,+ (1|item:variant:judge:temp): splits eps/rho,0.510688458220768,0.222801724828574,0.07399707755676299,0.9473798388847731,TRUE,1.1321991784314007,0.03789862776902246,0.09974084039322825,NA,25,213,0.5
A,"1 obs/item, naive SE",-0.05251125620912694,0.1403464693496394,-0.3275903361344202,0.2225678237161663,FALSE,0.7131908759488688,NA,NA,NA,25,214,0.5
B,+ (1|variant): captures phi,0.23663126275275734,0.2676190517168147,-0.2879020786121995,0.7611646041177142,TRUE,1.3599449049126442,NA,NA,NA,25,214,0.5
C,+ (1|judge): captures lambda,0.4467817456134496,0.23207749721819623,-0.008090148934215058,0.9016536401611142,TRUE,1.1793353569638036,NA,NA,NA,25,214,0.5
D,+ (1|temp): captures tau,0.5509453925848381,0.23018429740885993,0.09978416966347264,1.0021066155062035,TRUE,1.1697147884049819,NA,NA,NA,25,214,0.5
E,+ interactions: lumps eps into residual,0.5509453925848381,0.2188818125875609,0.12193703991321875,0.9799537452564575,TRUE,1.112279577619455,NA,NA,0.22571195778140843,25,214,0.5
F,+ (1|item:variant:judge:temp): splits eps/rho,0.5509453925848381,0.21581960748538725,0.1279389619134791,0.9739518232561971,TRUE,1.0967185396448296,0.04146030164309551,0.10176508501058747,NA,25,214,0.5
A,"1 obs/item, naive SE",0.6799811615089483,0.13179305854555884,0.421666766759653,0.9382955562582436,TRUE,0.6697254822558111,NA,NA,NA,25,215,0.5
B,+ (1|variant): captures phi,0.7371796462799811,0.09847331365991725,0.5441719515065433,0.9301873410534189,FALSE,0.5004063810949337,NA,NA,NA,25,215,0.5
C,+ (1|judge): captures lambda,0.5345940890472693,0.1496633414710612,0.2412539397639894,0.8279342383305492,TRUE,0.7605359087108025,NA,NA,NA,25,215,0.5
D,+ (1|temp): captures tau,0.6214600166188339,0.23930863163033655,0.1524150986233742,1.0905049346142937,TRUE,1.2160814119903145,NA,NA,NA,25,215,0.5
E,+ interactions: lumps eps into residual,0.6214600166188339,0.2218232181449461,0.18668650905473955,1.0562335241829282,TRUE,1.1272267552414748,NA,NA,0.21658856946636607,25,215,0.5
F,+ (1|item:variant:judge:temp): splits eps/rho,0.6214600166188341,0.2191942393194655,0.19183930755268175,1.0510807256849866,TRUE,1.1138672192297456,0.03863117385678987,0.09924292253868287,NA,25,215,0.5
A,"1 obs/item, naive SE",0.3667775516206235,0.11042074082297995,0.15035289960758277,0.5832022036336642,TRUE,0.5611189596389118,NA,NA,NA,25,216,0.5
B,+ (1|variant): captures phi,0.4707581500560032,0.2013089689247239,0.07619257096354431,0.8653237291484621,TRUE,1.0229806317828567,NA,NA,NA,25,216,0.5
C,+ (1|judge): captures lambda,0.5934341434084417,0.18584072029628776,0.22918633162771768,0.9576819551891658,TRUE,0.9443764899057556,NA,NA,NA,25,216,0.5
D,+ (1|temp): captures tau,0.5145555769431613,0.19432149984235855,0.1336854372521386,0.8954257166341841,TRUE,0.9874727973598699,NA,NA,NA,25,216,0.5
E,+ interactions: lumps eps into residual,0.5145555769431613,0.18158250812752322,0.15865386101321582,0.8704572928731069,TRUE,0.9227377690979556,NA,NA,0.2157816014836476,25,216,0.5
F,+ (1|item:variant:judge:temp): splits eps/rho,0.5145555769431613,0.17770457225659586,0.16625461532023345,0.8628565385660892,TRUE,0.9030314772797402,0.04149474653151255,0.10001220724836692,NA,25,216,0.5
A,"1 obs/item, naive SE",0.377326691747945,0.07137100890733127,0.2374395142895757,0.5172138692063143,TRUE,0.3626821009167402,NA,NA,NA,25,217,0.5
B,+ (1|variant): captures phi,0.2689247162818008,0.18033815750000354,-0.0845380724182061,0.6223875049818077,TRUE,0.9164144214701831,NA,NA,NA,25,217,0.5
C,+ (1|judge): captures lambda,0.3413232728180337,0.23667580490675733,-0.12256130479921062,0.805207850435278,TRUE,1.2027023223280502,NA,NA,NA,25,217,0.5
D,+ (1|temp): captures tau,0.5379131107851348,0.22525306826964167,0.09641709697663714,0.9794091245936325,TRUE,1.1446560345538812,NA,NA,NA,25,217,0.5
E,+ interactions: lumps eps into residual,0.5379131107851348,0.21630616758881016,0.11395302231106691,0.9618731992592027,TRUE,1.0991910651595076,NA,NA,0.21858101862200993,25,217,0.5
F,+ (1|item:variant:judge:temp): splits eps/rho,0.5379131107851349,0.21311954913938871,0.12019879447193305,0.9556274270983368,TRUE,1.0829978027725793,0.04443167890525486,0.10081632915278835,NA,25,217,0.5
A,"1 obs/item, naive SE",0.4624197696045791,0.12999204597436276,0.2076353594948281,0.71720417971433,TRUE,0.6605733764764606,NA,NA,NA,25,218,0.5
B,+ (1|variant): captures phi,0.32773289191733546,0.11342918888335521,0.10541168170595924,0.5500541021287116,TRUE,0.5764068234331942,NA,NA,NA,25,218,0.5
C,+ (1|judge): captures lambda,0.4320676023575613,0.12407670408318314,0.18887726235452237,0.6752579423606002,TRUE,0.6305137113886458,NA,NA,NA,25,218,0.5
D,+ (1|temp): captures tau,0.6568561698615553,0.18281150386870518,0.29854562227889314,1.0151667174442174,TRUE,0.9289830886507217,NA,NA,NA,25,218,0.5
E,+ interactions: lumps eps into residual,0.6568561698615553,0.17132680658502905,0.3210556289548983,0.9926567107682123,TRUE,0.8706219388924957,NA,NA,0.22756350869203432,25,218,0.5
F,+ (1|item:variant:judge:temp): splits eps/rho,0.6568561698615552,0.1665849044854256,0.330349757070121,0.9833625826529893,TRUE,0.8465252777669863,0.04079131676624512,0.10155611476429675,NA,25,218,0.5
A,"1 obs/item, naive SE",-0.2610673659539817,0.11344299908001085,-0.48341564415080296,-0.03871908775716046,FALSE,0.5764770019442426,NA,NA,NA,25,219,0.5
B,+ (1|variant): captures phi,0.2997118557322381,0.22962886090894502,-0.15036071164929415,0.7497844231137702,TRUE,1.1668922575230585,NA,NA,NA,25,219,0.5
C,+ (1|judge): captures lambda,0.33109510721363217,0.24684593956714473,-0.15272293433797152,0.8149131487652359,TRUE,1.2543833320504247,NA,NA,NA,25,219,0.5
D,+ (1|temp): captures tau,0.3904335094846808,0.20734175535593324,-0.015956331012948355,0.79682334998231,TRUE,1.0536371082815132,NA,NA,NA,25,219,0.5
E,+ interactions: lumps eps into residual,0.3904335094846808,0.1925940436801775,0.012949183871532932,0.7679178350978286,TRUE,0.9786944791080588,NA,NA,0.20673475594089188,25,219,0.5
F,+ (1|item:variant:judge:temp): splits eps/rho,0.3904335094846809,0.18928990121080738,0.019425303111498482,0.7614417158578634,TRUE,0.961904001421589,0.043142088986158844,0.09560380761058852,NA,25,219,0.5
A,"1 obs/item, naive SE",0.9842772771765305,0.10273541997937252,0.7829158540169603,1.1856387003361006,FALSE,0.5220648905925033,NA,NA,NA,25,220,0.5
B,+ (1|variant): captures phi,0.7913031521907808,0.2050746400104341,0.38935685777033,1.1932494466112318,TRUE,1.0421164338632236,NA,NA,NA,25,220,0.5
C,+ (1|judge): captures lambda,0.4072105008836476,0.2618600599713806,-0.10603521666025845,0.9204562184275535,TRUE,1.3306797556962704,NA,NA,NA,25,220,0.5
D,+ (1|temp): captures tau,0.6305869509306979,0.2989163817837906,0.04471084263446834,1.2164630592269274,TRUE,1.5189868127622823,NA,NA,NA,25,220,0.5
E,+ interactions: lumps eps into residual,0.6305869509306979,0.2938463345670304,0.054648135179318325,1.2065257666820774,TRUE,1.4932226347791857,NA,NA,0.21616798005990712,25,220,0.5
F,+ (1|item:variant:judge:temp): splits eps/rho,0.6305869509306978,0.2913782685694803,0.05948554453451649,1.201688357326879,TRUE,1.4806808005681142,0.039090885982387705,0.10081882987518712,NA,25,220,0.5
A,"1 obs/item, naive SE",0.23651816402718678,0.13880259262095954,-0.035534917509893904,0.5085712455642675,TRUE,0.7053454431311668,NA,NA,NA,25,221,0.5
B,+ (1|variant): captures phi,0.0940845105384757,0.1249374776230703,-0.1507929456027421,0.33896196667969347,FALSE,0.634887856586245,NA,NA,NA,25,221,0.5
C,+ (1|judge): captures lambda,0.21740142516675395,0.18163452236887556,-0.13860223867624213,0.5734050890097501,TRUE,0.9230020869858497,NA,NA,NA,25,221,0.5
D,+ (1|temp): captures tau,0.39057391108421774,0.21415655134190598,-0.02917292954591799,0.8103207517143535,TRUE,1.0882674793992972,NA,NA,NA,25,221,0.5
E,+ interactions: lumps eps into residual,0.39057391108421774,0.2045516969199875,-0.010347414878957795,0.7914952370473933,TRUE,1.0394590229395624,NA,NA,0.20392958704772746,25,221,0.5
F,+ (1|item:variant:judge:temp): splits eps/rho,0.3905739110842178,0.20274789987474284,-0.006811972670278166,0.7879597948387138,TRUE,1.0302927674527418,0.0359303734003224,0.0979602069961297,NA,25,221,0.5
A,"1 obs/item, naive SE",0.7654781215435417,0.11623410881792628,0.5376592682604062,0.9932969748266771,FALSE,0.5906604296291545,NA,NA,NA,25,222,0.5
B,+ (1|variant): captures phi,0.8140010193411931,0.1257612911036351,0.5675088887780683,1.060493149904318,FALSE,0.6390741838985395,NA,NA,NA,25,222,0.5
C,+ (1|judge): captures lambda,0.802145370030386,0.3471389544915084,0.12175301922702952,1.4825377208337425,TRUE,1.764036788221559,NA,NA,NA,25,222,0.5
D,+ (1|temp): captures tau,0.6030045669239132,0.2879821210246428,0.03855960971561334,1.1674495241322131,TRUE,1.4634227857881332,NA,NA,NA,25,222,0.5
E,+ interactions: lumps eps into residual,0.6030045669239132,0.27600167740273895,0.06204127921454494,1.1439678546332814,TRUE,1.4025424293348798,NA,NA,0.21728152718701957,25,222,0.5
F,+ (1|item:variant:judge:temp): splits eps/rho,0.6030045669239129,0.2736911120252597,0.06656998735440389,1.139439146493422,TRUE,1.3908009572968745,0.0489104070343333,0.09912871154504412,NA,25,222,0.5
A,"1 obs/item, naive SE",0.38292882389850286,0.11667551861745658,0.15424480740828797,0.6116128403887178,TRUE,0.5929035173465602,NA,NA,NA,25,223,0.5
B,+ (1|variant): captures phi,0.6546768560346692,0.135099821371621,0.38988120614629207,0.9194725059230463,TRUE,0.6865292756636748,NA,NA,NA,25,223,0.5
C,+ (1|judge): captures lambda,0.38061836748967615,0.2155584233297726,-0.04187614223667813,0.8031128772160304,TRUE,1.0953912945948474,NA,NA,NA,25,223,0.5
D,+ (1|temp): captures tau,0.3367444417777749,0.21360668227930904,-0.08192465548967082,0.7554135390452206,TRUE,1.0854732402550713,NA,NA,NA,25,223,0.5
E,+ interactions: lumps eps into residual,0.3367444417777749,0.20403260661625916,-0.06315946719009302,0.7366483507456428,TRUE,1.036821190508664,NA,NA,0.20517428130957074,25,223,0.5
F,+ (1|item:variant:judge:temp): splits eps/rho,0.3367444417777751,0.20112938040221903,-0.057469143810574164,0.7309580273661245,TRUE,1.02206802674,0.040775630587708174,0.10041031065727328,NA,25,223,0.5
A,"1 obs/item, naive SE",1.0394526909256194,0.13019990878665957,0.7842608697037667,1.2946445121474721,FALSE,0.6616296614109242,NA,NA,NA,25,224,0.5
B,+ (1|variant): captures phi,1.1943581499376146,0.29453046002968025,0.6170784482794412,1.7716378515957878,FALSE,1.4966991172316986,NA,NA,NA,25,224,0.5
C,+ (1|judge): captures lambda,0.7871353192534665,0.3098019265333415,0.1799235432481172,1.3943470952588157,TRUE,1.5743032822900762,NA,NA,NA,25,224,0.5
D,+ (1|temp): captures tau,0.43582658241439864,0.33121126682725255,-0.21334750056701635,1.0850006653958135,TRUE,1.6830979404560964,NA,NA,NA,25,224,0.5
E,+ interactions: lumps eps into residual,0.43582658241439864,0.32116456947760963,-0.19365597376171617,1.0653091385905133,TRUE,1.6320441952754137,NA,NA,0.1977156898233532,25,224,0.5
F,+ (1|item:variant:judge:temp): splits eps/rho,0.4358265824143987,0.3193887246348177,-0.19017531786984404,1.0618284826986415,TRUE,1.6230199829468168,0.037855329615008024,0.09840957714006189,NA,25,224,0.5
A,"1 obs/item, naive SE",0.7807376784544733,0.11058156518412716,0.563997810693584,0.9974775462153626,FALSE,0.5619362118828194,NA,NA,NA,25,225,0.5
B,+ (1|variant): captures phi,0.7452718370285568,0.11030614144389826,0.5290717997985163,0.9614718742585974,FALSE,0.5605366063247942,NA,NA,NA,25,225,0.5
C,+ (1|judge): captures lambda,0.322665831548383,0.2398984219679811,-0.14753507550885997,0.7928667386056261,TRUE,1.2190785168656997,NA,NA,NA,25,225,0.5
D,+ (1|temp): captures tau,0.5100736422426558,0.2593539187862714,0.0017399614215638515,1.0184073230637478,TRUE,1.3179444369145288,NA,NA,NA,25,225,0.5
E,+ interactions: lumps eps into residual,0.5100736422426558,0.24919342899719582,0.02165452140815205,0.9984927630771596,TRUE,1.2663124390002258,NA,NA,0.19971289930898312,25,225,0.5
F,+ (1|item:variant:judge:temp): splits eps/rho,0.5100736422426557,0.24686113664226775,0.026225814423810945,0.9939214700615004,TRUE,1.2544605581849264,0.03696646412840297,0.10027305025855301,NA,25,225,0.5
A,"1 obs/item, naive SE",0.33995503667782107,0.09685196468111194,0.15012518590284166,0.5297848874528005,TRUE,0.49216726183691917,NA,NA,NA,25,226,0.5
B,+ (1|variant): captures phi,0.8053962743253695,0.13553600954185074,0.5397456956233421,1.071046853027397,FALSE,0.6887458289168221,NA,NA,NA,25,226,0.5
C,+ (1|judge): captures lambda,0.7906027607859702,0.17468136810458973,0.4482272793009744,1.132978242270966,TRUE,0.8876686282723308,NA,NA,NA,25,226,0.5
D,+ (1|temp): captures tau,0.5577399832627792,0.18921647534394406,0.1868756915886488,0.9286042749369096,TRUE,0.961530877262868,NA,NA,NA,25,226,0.5
E,+ interactions: lumps eps into residual,0.5577399832627792,0.17884704275620664,0.2071997794606142,0.9082801870649442,TRUE,0.9088371063072384,NA,NA,0.2071182300016275,25,226,0.5
F,+ (1|item:variant:judge:temp): splits eps/rho,0.5577399832627792,0.17655233597831302,0.21169740474528564,0.9037825617802727,TRUE,0.8971762220359379,0.0405329971835768,0.10075045793994553,NA,25,226,0.5
A,"1 obs/item, naive SE",-0.02933038675612506,0.13255822845988502,-0.2891445145374997,0.23048374102524957,FALSE,0.673613803807303,NA,NA,NA,25,227,0.5
B,+ (1|variant): captures phi,-0.10757758587709379,0.1007349880202756,-0.305018162396834,0.08986299064264638,FALSE,0.5118994063605473,NA,NA,NA,25,227,0.5
C,+ (1|judge): captures lambda,0.2410017334445403,0.1911786193062382,-0.13370836039568657,0.6157118272847671,TRUE,0.971501795503213,NA,NA,NA,25,227,0.5
D,+ (1|temp): captures tau,0.6060166434380162,0.30964113647377256,-8.799840505779866e-4,1.2129132709266104,TRUE,1.5734862043545983,NA,NA,NA,25,227,0.5
E,+ interactions: lumps eps into residual,0.6060166434380162,0.3008906599677801,0.016270949901167286,1.1957623369748651,TRUE,1.5290193928045948,NA,NA,0.2131477677666413,25,227,0.5
F,+ (1|item:variant:judge:temp): splits eps/rho,0.6060166434380163,0.29951158062697,0.018973945409155202,1.1930593414668773,TRUE,1.5220114017405297,0.043420625206957185,0.09994072387178572,NA,25,227,0.5
A,"1 obs/item, naive SE",0.8531541475248812,0.13345605180305778,0.5915802859908879,1.1147280090588745,FALSE,0.6781762229371318,NA,NA,NA,25,228,0.5
B,+ (1|variant): captures phi,0.8817264767796024,0.10926064342833765,0.6675756156600605,1.0958773378991442,FALSE,0.555223756995732,NA,NA,NA,25,228,0.5
C,+ (1|judge): captures lambda,0.7744869841378392,0.16581415635512883,0.4494912376817867,1.0994827305938917,TRUE,0.8426086097045152,NA,NA,NA,25,228,0.5
D,+ (1|temp): captures tau,0.6845783018817698,0.12293712695739933,0.44362153304526714,0.9255350707182726,TRUE,0.624722785458587,NA,NA,NA,25,228,0.5
E,+ interactions: lumps eps into residual,0.6845783018817698,0.11236439303424586,0.46434409153464795,0.9048125122288917,TRUE,0.5709959093727831,NA,NA,0.20003895408089536,25,228,0.5
F,+ (1|item:variant:judge:temp): splits eps/rho,0.6845783018817697,0.10901046522731607,0.47091779003623024,0.8982388137273092,TRUE,0.553952440295307,0.03829858261069556,0.10174198301249407,NA,25,228,0.5
A,"1 obs/item, naive SE",0.25654223440182344,0.1091502844533067,0.042607676873342326,0.47047679193030456,FALSE,0.5546629519078957,NA,NA,NA,25,229,0.5
B,+ (1|variant): captures phi,0.25493373668904207,0.15950251552146147,-0.057691193733022395,0.5675586671111066,TRUE,0.8105350942416951,NA,NA,NA,25,229,0.5
C,+ (1|judge): captures lambda,0.05281019907914608,0.2101546546756097,-0.35909292408504895,0.4647133222433411,FALSE,1.0679312628765834,NA,NA,NA,25,229,0.5
D,+ (1|temp): captures tau,0.05877094441165727,0.24693456415971637,-0.42522080134138684,0.5427626901647014,TRUE,1.2548336907313353,NA,NA,NA,25,229,0.5
E,+ interactions: lumps eps into residual,0.05877094441165727,0.23406617688649928,-0.3999987622858813,0.5175406511091959,TRUE,1.1894411202308894,NA,NA,0.20290549511012945,25,229,0.5
F,+ (1|item:variant:judge:temp): splits eps/rho,0.05877094441165719,0.2317495540463152,-0.3954581815191206,0.513000070342435,TRUE,1.1776688663203334,0.04084123747981082,0.10330204103195273,NA,25,229,0.5
A,"1 obs/item, naive SE",0.7065190193648356,0.10690237488542367,0.49699036458940526,0.916047674140266,TRUE,0.5432398744254235,NA,NA,NA,25,230,0.5
B,+ (1|variant): captures phi,0.45621553249254726,0.20094554426521127,0.06236226573273318,0.8500687992523613,TRUE,1.021133836829907,NA,NA,NA,25,230,0.5
C,+ (1|judge): captures lambda,0.5048875171909617,0.2524905135239297,0.010006110684059488,0.999768923697864,TRUE,1.2830670507307194,NA,NA,NA,25,230,0.5
D,+ (1|temp): captures tau,0.5390086929957765,0.28101800531807125,-0.011786597427643208,1.0898039834191962,TRUE,1.4280336249207828,NA,NA,NA,25,230,0.5
E,+ interactions: lumps eps into residual,0.5390086929957765,0.27231598027299114,0.00526937166071384,1.072748014330839,TRUE,1.3838130264747441,NA,NA,0.2065873292446311,25,230,0.5
F,+ (1|item:variant:judge:temp): splits eps/rho,0.5390086929957764,0.2699690939171245,0.009869268918212382,1.0681481170733402,TRUE,1.3718869841336063,0.037796768470085534,0.09980716133562091,NA,25,230,0.5
A,"1 obs/item, naive SE",0.44508310143507435,0.11568750462472213,0.21833559237061897,0.6718306104995297,TRUE,0.587882781390798,NA,NA,NA,25,231,0.5
B,+ (1|variant): captures phi,0.11070870059089405,0.19970491536309198,-0.2807129335207662,0.5021303347025543,TRUE,1.014829401687861,NA,NA,NA,25,231,0.5
C,+ (1|judge): captures lambda,0.5905153237430368,0.2938507574762984,0.014567839089491996,1.1664628083965818,TRUE,1.4932451104321158,NA,NA,NA,25,231,0.5
D,+ (1|temp): captures tau,0.4380201637811429,0.27735686397521164,-0.10559928961027193,0.9816396171725577,TRUE,1.4094290058421102,NA,NA,NA,25,231,0.5
E,+ interactions: lumps eps into residual,0.4380201637811429,0.2684545909897239,-0.08815083455871592,0.9641911621210018,TRUE,1.3641908185341067,NA,NA,0.21354864730323028,25,231,0.5
F,+ (1|item:variant:judge:temp): splits eps/rho,0.4380201637811427,0.2659255363225845,-0.08319388741112288,0.9592342149734083,TRUE,1.35133906158049,0.039642105989135354,0.10191754651528559,NA,25,231,0.5
A,"1 obs/item, naive SE",0.5343329239697675,0.14986003087576433,0.24060726345326944,0.8280585844862656,TRUE,0.7615354143590751,NA,NA,NA,25,232,0.5
B,+ (1|variant): captures phi,0.8807827483511043,0.20734752505281062,0.47438159924759543,1.287183897454613,TRUE,1.0536664278304053,NA,NA,NA,25,232,0.5
C,+ (1|judge): captures lambda,0.6560800005318758,0.3059661103878851,0.056386424171620875,1.2557735768921305,TRUE,1.5548110279467087,NA,NA,NA,25,232,0.5
D,+ (1|temp): captures tau,0.35285262488127,0.2806583891032525,-0.19723781776110494,0.902943067523645,TRUE,1.426206183130188,NA,NA,NA,25,232,0.5
E,+ interactions: lumps eps into residual,0.35285262488127,0.26292663911285297,-0.16248358777992178,0.8681888375424618,TRUE,1.3360997318146608,NA,NA,0.22788423456321918,25,232,0.5
F,+ (1|item:variant:judge:temp): splits eps/rho,0.35285262488127,0.26003927743723115,-0.156824358895703,0.862529608658243,TRUE,1.3214271859917386,0.04269807993853084,0.10069857187567223,NA,25,232,0.5
A,"1 obs/item, naive SE",-0.22723276770538828,0.1506530125441361,-0.522512672291895,0.06804713688111849,FALSE,0.7655650653599032,NA,NA,NA,25,233,0.5
B,+ (1|variant): captures phi,0.4226162954073097,0.2292617515408116,-0.026736737612681027,0.8719693284273005,TRUE,1.1650267381904997,NA,NA,NA,25,233,0.5
C,+ (1|judge): captures lambda,0.7319790925096825,0.2366120264186153,0.2682195207291965,1.1957386642901686,TRUE,1.2023782227191646,NA,NA,NA,25,233,0.5
D,+ (1|temp): captures tau,0.3973160360452154,0.2573455705831704,-0.10708128229779862,0.9017133543882294,TRUE,1.3077387251440986,NA,NA,NA,25,233,0.5
E,+ interactions: lumps eps into residual,0.3973160360452154,0.2494910200116943,-0.0916863631777054,0.8863184352681363,TRUE,1.2678246907675002,NA,NA,0.2142174458499437,25,233,0.5
F,+ (1|item:variant:judge:temp): splits eps/rho,0.3973160360452153,0.2470177338057544,-0.0868387222140633,0.8814707943044939,TRUE,1.255256329312734,0.04585839130313598,0.09912150794173229,NA,25,233,0.5
A,"1 obs/item, naive SE",0.07496955308152065,0.10123224294801451,-0.12344564309658779,0.2733847492596291,FALSE,0.5144262791712948,NA,NA,NA,25,234,0.5
B,+ (1|variant): captures phi,0.1886467098484602,0.14129175591663343,-0.08828513174814132,0.46557855144506166,FALSE,0.7179944863130001,NA,NA,NA,25,234,0.5
C,+ (1|judge): captures lambda,0.11506187215087953,0.23228533786012726,-0.34021739005496987,0.570341134356729,TRUE,1.1803915292363478,NA,NA,NA,25,234,0.5
D,+ (1|temp): captures tau,0.28522196772614394,0.25506274725919365,-0.2147010169018756,0.7851449523541635,TRUE,1.296138228362042,NA,NA,NA,25,234,0.5
E,+ interactions: lumps eps into residual,0.28522196772614394,0.23879775043358478,-0.18282162312368222,0.7532655585759701,TRUE,1.2134852953234285,NA,NA,0.19768756117308092,25,234,0.5
F,+ (1|item:variant:judge:temp): splits eps/rho,0.2852219677261439,0.2365248962202085,-0.1783668288654648,0.7488107643177526,TRUE,1.201935458018269,0.04017543961635824,0.0981315393091784,NA,25,234,0.5
A,"1 obs/item, naive SE",-0.0012431377252064603,0.08821985886811441,-0.1741540611067107,0.17166778565629778,FALSE,0.4483019680779576,NA,NA,NA,25,235,0.5
B,+ (1|variant): captures phi,0.34774504496604175,0.22531314632658017,-0.09386872183405537,0.7893588117661389,TRUE,1.1449613298865806,NA,NA,NA,25,235,0.5
C,+ (1|judge): captures lambda,0.28079687326832853,0.24797749332161637,-0.20523901364203956,0.7668327601786966,TRUE,1.2601334860591042,NA,NA,NA,25,235,0.5
D,+ (1|temp): captures tau,0.5123354877951802,0.23910747199372095,0.04368484268748718,0.9809861329028733,TRUE,1.2150591902122516,NA,NA,NA,25,235,0.5
E,+ interactions: lumps eps into residual,0.5123354877951802,0.2253713968749551,0.07060754992026824,0.9540634256700922,TRUE,1.1452573384702844,NA,NA,0.23294659424922948,25,235,0.5
F,+ (1|item:variant:judge:temp): splits eps/rho,0.5123354877951802,0.22262946643249706,0.075981733587486,0.9486892420028745,TRUE,1.1313238224858118,0.044158859316367045,0.10130889578308404,NA,25,235,0.5
A,"1 obs/item, naive SE",0.29986883529814756,0.11686192479690574,0.07081946269621231,0.5289182079000828,TRUE,0.593850767298908,NA,NA,NA,25,236,0.5
B,+ (1|variant): captures phi,0.4809428415195089,0.18961299191708159,0.109301377362029,0.8525843056769888,TRUE,0.9635458335594863,NA,NA,NA,25,236,0.5
C,+ (1|judge): captures lambda,0.5237032934063028,0.18070042890452298,0.1695304527534378,0.8778761340591679,TRUE,0.918255355991142,NA,NA,NA,25,236,0.5
D,+ (1|temp): captures tau,0.5524325547609241,0.2048818151534589,0.15086419706014464,0.9540009124617036,TRUE,1.0411365664729848,NA,NA,NA,25,236,0.5
E,+ interactions: lumps eps into residual,0.5524325547609241,0.18422102590611233,0.19135934398494397,0.9135057655369043,TRUE,0.936145778679092,NA,NA,0.2020736971159178,25,236,0.5
F,+ (1|item:variant:judge:temp): splits eps/rho,0.552432554760924,0.1810464770923569,0.19758145965990448,0.9072836498619435,TRUE,0.920013849890885,0.04068399992962958,0.09986841083212189,NA,25,236,0.5
A,"1 obs/item, naive SE",0.9964176021027337,0.1260197333157984,0.7494189248037688,1.2434162794016985,FALSE,0.6403874953664307,NA,NA,NA,25,237,0.5
B,+ (1|variant): captures phi,0.914564082061682,0.1090406439227577,0.700844419973077,1.128283744150287,FALSE,0.5541057976995705,NA,NA,NA,25,237,0.5
C,+ (1|judge): captures lambda,0.8024391633384949,0.1717777116592451,0.46575484848637444,1.1391234781906152,TRUE,0.8729132782210883,NA,NA,NA,25,237,0.5
D,+ (1|temp): captures tau,0.8104518683485441,0.1738899391995668,0.4696275875173932,1.151276149179695,TRUE,0.8836468678629658,NA,NA,NA,25,237,0.5
E,+ interactions: lumps eps into residual,0.8104518683485441,0.16571947449059443,0.485641698346979,1.1352620383501093,TRUE,0.8421274701203371,NA,NA,0.19847679149939676,25,237,0.5
F,+ (1|item:variant:judge:temp): splits eps/rho,0.8104518683485439,0.16244744883634124,0.4920548686293151,1.1288488680677726,TRUE,0.8255001986734832,0.039205691239141104,0.09801681637086529,NA,25,237,0.5
A,"1 obs/item, naive SE",1.186552094294198,0.11880627591802104,0.9536917934948768,1.4194123950935194,FALSE,0.6037312686442305,NA,NA,NA,25,238,0.5
B,+ (1|variant): captures phi,0.7779132189942491,0.2093935968622402,0.36750176914425836,1.18832466884424,TRUE,1.0640638375606497,NA,NA,NA,25,238,0.5
C,+ (1|judge): captures lambda,0.4780791700458757,0.23765080902171737,0.012283584363309674,0.9438747557284417,TRUE,1.207656946708873,NA,NA,NA,25,238,0.5
D,+ (1|temp): captures tau,0.7583572364719862,0.32412259056034154,0.12307695897371673,1.3936375139702557,TRUE,1.647075807091833,NA,NA,NA,25,238,0.5
E,+ interactions: lumps eps into residual,0.7583572364719862,0.31869308578581973,0.13371878833177953,1.382995684612193,TRUE,1.6194849935569164,NA,NA,0.21787476899914293,25,238,0.5
F,+ (1|item:variant:judge:temp): splits eps/rho,0.7583572364719864,0.31637159784747715,0.13826890469093123,1.3784455682530417,TRUE,1.6076880169466494,0.04358505743634739,0.0987733655125771,NA,25,238,0.5
A,"1 obs/item, naive SE",0.7930228150952829,0.11504248538628488,0.5675395437381646,1.0185060864524014,FALSE,0.584605022870782,NA,NA,NA,25,239,0.5
B,+ (1|variant): captures phi,0.5285033222823066,0.14723179899891684,0.2399289962444296,0.8170776483201836,TRUE,0.7481796740748226,NA,NA,NA,25,239,0.5
C,+ (1|judge): captures lambda,0.7004756650016519,0.18161810251073046,0.3445041840806202,1.0564471459226836,TRUE,0.9229186471026255,NA,NA,NA,25,239,0.5
D,+ (1|temp): captures tau,0.531752137475198,0.19593966896830678,0.1477103862973167,0.9157938886530793,TRUE,0.9956957577358332,NA,NA,NA,25,239,0.5
E,+ interactions: lumps eps into residual,0.531752137475198,0.18610602202507107,0.16698433430605875,0.8965199406443373,TRUE,0.9457246589991323,NA,NA,0.20144147413354413,25,239,0.5
F,+ (1|item:variant:judge:temp): splits eps/rho,0.531752137475198,0.18318206492608624,0.17271529022006898,0.890788984730327,TRUE,0.9308661482412537,0.04414140417420112,0.09967897210816075,NA,25,239,0.5
A,"1 obs/item, naive SE",0.6528544328965628,0.12868463142857414,0.40063255529655745,0.905076310496568,TRUE,0.6539295604299284,NA,NA,NA,25,240,0.5
B,+ (1|variant): captures phi,0.6276920417823523,0.09049443997688594,0.45032293942765583,0.8050611441370488,TRUE,0.4598605808517508,NA,NA,NA,25,240,0.5
C,+ (1|judge): captures lambda,0.7893596269559289,0.1954712493018906,0.4062359783242233,1.1724832755876344,TRUE,0.9933154154746341,NA,NA,NA,25,240,0.5
D,+ (1|temp): captures tau,0.5788410802024426,0.2088059563229629,0.16958140580943537,0.9881007545954499,TRUE,1.0610776571964955,NA,NA,NA,25,240,0.5
E,+ interactions: lumps eps into residual,0.5788410802024426,0.20382945696299826,0.17933534455496603,0.9783468158499192,TRUE,1.035788856173292,NA,NA,0.21162926066425952,25,240,0.5
F,+ (1|item:variant:judge:temp): splits eps/rho,0.5788410802024427,0.2015499913404185,0.18380309717522247,0.973879063229663,TRUE,1.0242054220363566,0.03618056442843478,0.0998962027030661,NA,25,240,0.5
A,"1 obs/item, naive SE",1.1356542294173817,0.11273948191953624,0.9146848448550906,1.3566236139796728,FALSE,0.5729019777754908,NA,NA,NA,25,241,0.5
B,+ (1|variant): captures phi,0.5702118222579717,0.18701692806589834,0.203658643248811,0.9367650012671325,TRUE,0.9503535597486501,NA,NA,NA,25,241,0.5
C,+ (1|judge): captures lambda,0.6412498571769177,0.26048065734659065,0.13070776877760004,1.1517919455762353,TRUE,1.3236701218179197,NA,NA,NA,25,241,0.5
D,+ (1|temp): captures tau,0.6995405562883623,0.2771500018549366,0.15632655265268658,1.242754559924038,TRUE,1.4083778060688399,NA,NA,NA,25,241,0.5
E,+ interactions: lumps eps into residual,0.6995405562883623,0.2693368196504685,0.17164038977344398,1.2274407228032806,TRUE,1.3686739910304246,NA,NA,0.20535888654342951,25,241,0.5
F,+ (1|item:variant:judge:temp): splits eps/rho,0.6995405562883623,0.26700657331924854,0.17620767258263514,1.2228734399940895,TRUE,1.3568325073804217,0.03882436376603308,0.09872608797782423,NA,25,241,0.5
A,"1 obs/item, naive SE",0.9865581289039347,0.10388138471387931,0.7829506148647313,1.1901656429431382,FALSE,0.5278882760798383,NA,NA,NA,25,242,0.5
B,+ (1|variant): captures phi,0.8462712189633107,0.3489757440670041,0.16227876059198265,1.5302636773346387,TRUE,1.7733707000210646,NA,NA,NA,25,242,0.5
C,+ (1|judge): captures lambda,0.6846974231607283,0.3151965519598521,0.06691218131941834,1.3024826650020382,TRUE,1.6017168513750546,NA,NA,NA,25,242,0.5
D,+ (1|temp): captures tau,0.580473003729577,0.26826163865264935,0.05468019197038432,1.1062658154887697,TRUE,1.3632103033353113,NA,NA,NA,25,242,0.5
E,+ interactions: lumps eps into residual,0.580473003729577,0.2551503597057424,0.08037829870632185,1.0805677087528323,TRUE,1.2965834436765966,NA,NA,0.2093793335532022,25,242,0.5
F,+ (1|item:variant:judge:temp): splits eps/rho,0.580473003729577,0.2526625814703777,0.08525434404763677,1.0756916634115172,TRUE,1.283941438878983,0.04097626434228222,0.1006050987494365,NA,25,242,0.5
A,"1 obs/item, naive SE",1.2319677871728254,0.07886851287895992,1.077385501930064,1.3865500724155868,FALSE,0.4007817513727472,NA,NA,NA,25,243,0.5
B,+ (1|variant): captures phi,0.889478304240902,0.14488118731875713,0.6055111770961381,1.173445431385666,FALSE,0.7362347009596648,NA,NA,NA,25,243,0.5
C,+ (1|judge): captures lambda,0.4935215422265077,0.23458734779643764,0.0337303405454899,0.9533127439075255,TRUE,1.192089525563068,NA,NA,NA,25,243,0.5
D,+ (1|temp): captures tau,0.5119969796505298,0.17802242643436347,0.16307302383917743,0.8609209354618822,TRUE,0.9046466992409093,NA,NA,NA,25,243,0.5
E,+ interactions: lumps eps into residual,0.5119969796505298,0.1641528848915838,0.19025732526302558,0.8337366340380341,TRUE,0.8341666185681164,NA,NA,0.2114926891460922,25,243,0.5
F,+ (1|item:variant:judge:temp): splits eps/rho,0.5119969796505297,0.16278473199724236,0.19293890493593469,0.8310550543651247,TRUE,0.8272141518215785,0.03906229420764198,0.10178528253552616,NA,25,243,0.5
A,"1 obs/item, naive SE",0.8707764193800737,0.10861050104164305,0.6578998373384533,1.083653001421694,FALSE,0.5519199644571177,NA,NA,NA,25,244,0.5
B,+ (1|variant): captures phi,0.8369500329445353,0.1377469811376779,0.5669659499146866,1.106934115974384,FALSE,0.6999812007536277,NA,NA,NA,25,244,0.5
C,+ (1|judge): captures lambda,0.643635110450977,0.21001283739687998,0.23200994915309225,1.0552602717488617,TRUE,1.0672105978701132,NA,NA,NA,25,244,0.5
D,+ (1|temp): captures tau,0.5740425530623755,0.26691797147912666,0.05088332896328729,1.0972017771614637,TRUE,1.356382264319374,NA,NA,NA,25,244,0.5
E,+ interactions: lumps eps into residual,0.5740425530623755,0.25396771832695336,0.07626582514154695,1.0718192809832041,TRUE,1.2905736805184607,NA,NA,0.20809989382178118,25,244,0.5
F,+ (1|item:variant:judge:temp): splits eps/rho,0.5740425530623755,0.25143933330944856,0.08122145977585632,1.0668636463488947,TRUE,1.2777253264862836,0.038112354470637266,0.0999556961414394,NA,25,244,0.5
A,"1 obs/item, naive SE",0.15440513242384613,0.10969709701158563,-0.0606011777188617,0.36941144256655395,FALSE,0.5574416589835062,NA,NA,NA,25,245,0.5
B,+ (1|variant): captures phi,0.3549116812270769,0.12961473629665274,0.10086679808563753,0.6089565643685162,TRUE,0.65865602279598,NA,NA,NA,25,245,0.5
C,+ (1|judge): captures lambda,0.5631609207873751,0.22876021162570187,0.11479090600099945,1.0115309355737507,TRUE,1.162478090596884,NA,NA,NA,25,245,0.5
D,+ (1|temp): captures tau,0.4092248381121854,0.18574031546135306,0.045173819807933446,0.7732758564164374,TRUE,0.9438662682200345,NA,NA,NA,25,245,0.5
E,+ interactions: lumps eps into residual,0.4092248381121854,0.15982762097641484,0.09596270099841231,0.7224869752259585,TRUE,0.8121871646163072,NA,NA,0.22157998864208195,25,245,0.5
F,+ (1|item:variant:judge:temp): splits eps/rho,0.4092248381121855,0.1551214891623717,0.10518671935393697,0.7132629568704341,TRUE,0.7882722753687076,0.041413205823532154,0.10076796439061664,NA,25,245,0.5
A,"1 obs/item, naive SE",0.7140021474807979,0.11762372736261476,0.483459641850073,0.9445446531115229,TRUE,0.5977219771815349,NA,NA,NA,25,246,0.5
B,+ (1|variant): captures phi,0.3255719712058354,0.27202768092589225,-0.20760228340891335,0.8587462258205842,TRUE,1.3823479916587937,NA,NA,NA,25,246,0.5
C,+ (1|judge): captures lambda,0.6364980599375747,0.27888401098100124,0.08988539841481225,1.1831107214603371,TRUE,1.4171894241540837,NA,NA,NA,25,246,0.5
D,+ (1|temp): captures tau,0.4732634177787774,0.26509702885245046,-0.04632675877202547,0.9928535943295802,TRUE,1.3471288810815207,NA,NA,NA,25,246,0.5
E,+ interactions: lumps eps into residual,0.4732634177787774,0.25771787854906925,-0.03186362417739835,0.9783904597349531,TRUE,1.3096306619028397,NA,NA,0.20817907893922855,25,246,0.5
F,+ (1|item:variant:judge:temp): splits eps/rho,0.4732634177787774,0.2553890069642103,-0.027299035871074795,0.9738258714286296,TRUE,1.2977961642252376,0.03672321425344148,0.10464572346501014,NA,25,246,0.5
A,"1 obs/item, naive SE",0.3500051791091476,0.12732874834153124,0.10044083235974635,0.5995695258585488,TRUE,0.6470394444832043,NA,NA,NA,25,247,0.5
B,+ (1|variant): captures phi,0.12038419266672175,0.1333614662950501,-0.1410042812715765,0.38177266660501996,FALSE,0.6776955730025759,NA,NA,NA,25,247,0.5
C,+ (1|judge): captures lambda,0.28967986065784457,0.1481087656466972,-6.133200096819502e-4,0.5799730413253711,TRUE,0.7526361068914563,NA,NA,NA,25,247,0.5
D,+ (1|temp): captures tau,0.482959195359573,0.1868655344227415,0.11670274789099966,0.8492156428281463,TRUE,0.9495842310617479,NA,NA,NA,25,247,0.5
E,+ interactions: lumps eps into residual,0.482959195359573,0.17305226441712004,0.1437767571020177,0.8221416336171283,TRUE,0.8793901023410262,NA,NA,0.21182022784312105,25,247,0.5
F,+ (1|item:variant:judge:temp): splits eps/rho,0.482959195359573,0.16931249048785357,0.15110671400338,0.814811676715766,TRUE,0.86038590040546,0.04112017379133172,0.1016842001262615,NA,25,247,0.5
A,"1 obs/item, naive SE",-0.12440948827758952,0.13043725444480753,-0.38006650698941224,0.1312475304342332,FALSE,0.6628357676893478,NA,NA,NA,25,248,0.5
B,+ (1|variant): captures phi,0.43437898480596426,0.24562622645488155,-0.047048419045603584,0.91580638865753206,TRUE,1.2481851835186353,NA,NA,NA,25,248,0.5
C,+ (1|judge): captures lambda,0.35733501443768845,0.23067742321823545,-0.09479273507005304,0.8094627639454299,TRUE,1.1722206785037586,NA,NA,NA,25,248,0.5
D,+ (1|temp): captures tau,0.4973799391123333,0.2420787843616356,0.02290552176352756,0.971854356461139,TRUE,1.2301583436160435,NA,NA,NA,25,248,0.5
E,+ interactions: lumps eps into residual,0.4973799391123333,0.23931739009628114,0.028317854523622288,0.9664420237010443,TRUE,1.2161259194013518,NA,NA,0.20520732373613615,25,248,0.5
F,+ (1|item:variant:judge:temp): splits eps/rho,0.4973799391123334,0.2378338181961431,0.031225655447892964,0.9635342227767738,TRUE,1.2085869342890392,0.042985476934620806,0.10248155053005323,NA,25,248,0.5
A,"1 obs/item, naive SE",0.5985524435680345,0.10568198560292515,0.3914157517863012,0.8056891353497677,TRUE,0.5370382898368193,NA,NA,NA,25,249,0.5
B,+ (1|variant): captures phi,0.7205518648757168,0.12608030372197507,0.4734344695806456,0.9676692601707879,TRUE,0.6406952926429699,NA,NA,NA,25,249,0.5
C,+ (1|judge): captures lambda,0.562942109632069,0.20448400700193176,0.16215345590828278,0.9637307633558553,TRUE,1.0391150468340373,NA,NA,NA,25,249,0.5
D,+ (1|temp): captures tau,0.7107169036517235,0.2521139943841812,0.21657347465872834,1.2048603326447185,TRUE,1.2811537142831897,NA,NA,NA,25,249,0.5
E,+ interactions: lumps eps into residual,0.7107169036517235,0.23551719338571778,0.2491032046157166,1.1723306026877303,TRUE,1.1968146703664173,NA,NA,0.21088061106351577,25,249,0.5
F,+ (1|item:variant:judge:temp): splits eps/rho,0.7107169036517237,0.2325882389328258,0.25484395534338516,1.1665898519600622,TRUE,1.1819307648321187,0.03842268994109519,0.09789094710243357,NA,25,249,0.5
A,"1 obs/item, naive SE",0.6397829846476426,0.11720141447746887,0.4100682122718036,0.8694977570234816,TRUE,0.5955759331956947,NA,NA,NA,25,250,0.5
B,+ (1|variant): captures phi,1.0083329641359144,0.22165675175842955,0.5738857306893925,1.4427801975824364,FALSE,1.1263808322299025,NA,NA,NA,25,250,0.5
C,+ (1|judge): captures lambda,0.9977351039250356,0.15951981108313157,0.6850762742020977,1.3103939336479735,FALSE,0.8106229841389948,NA,NA,NA,25,250,0.5
D,+ (1|temp): captures tau,0.579519558183334,0.2541843341095225,0.08131826332866987,1.0777208530379982,TRUE,1.2916744449369082,NA,NA,NA,25,250,0.5
E,+ interactions: lumps eps into residual,0.579519558183334,0.2416600978502451,0.10586576639685363,1.0531733499698144,TRUE,1.2280307275727593,NA,NA,0.2138506045550984,25,250,0.5
F,+ (1|item:variant:judge:temp): splits eps/rho,0.5795195581833339,0.23982383264380455,0.109464846201477,1.049574270165191,TRUE,1.2186994804304234,0.03783797088726806,0.10095698331692081,NA,25,250,0.5
A,"1 obs/item, naive SE",1.2169977507043572,0.10953560684323034,1.0023079612916257,1.4316875401170888,FALSE,0.5566210233440052,NA,NA,NA,25,251,0.5
B,+ (1|variant): captures phi,1.0265535464622257,0.24696916216543224,0.5424939886179785,1.510613104306473,FALSE,1.2550095054997221,NA,NA,NA,25,251,0.5
C,+ (1|judge): captures lambda,0.6976084598609151,0.31357614377422327,0.08299921806343757,1.3122177016583927,TRUE,1.5934825128935908,NA,NA,NA,25,251,0.5
D,+ (1|temp): captures tau,0.5960882178455791,0.2413963318351384,0.12295140744870786,1.0692250282424502,TRUE,1.226690362430471,NA,NA,NA,25,251,0.5
E,+ interactions: lumps eps into residual,0.5960882178455791,0.23131961980957302,0.14270176301881599,1.0494746726723423,TRUE,1.175484093334426,NA,NA,0.20425439962846714,25,251,0.5
F,+ (1|item:variant:judge:temp): splits eps/rho,0.596088217845579,0.2285869474961294,0.14805780075316538,1.0441186349379925,TRUE,1.1615976238711236,0.036664465480154146,0.10012099502949548,NA,25,251,0.5
A,"1 obs/item, naive SE",0.020609071022867697,0.11161465513586266,-0.1981556530434231,0.2393737950891585,FALSE,0.5671860078415384,NA,NA,NA,25,252,0.5
B,+ (1|variant): captures phi,0.43862953592301784,0.18516645966494405,0.07570327497972751,0.8015557968663082,TRUE,0.9409501370198282,NA,NA,NA,25,252,0.5
C,+ (1|judge): captures lambda,0.7387186464593403,0.22028160091082516,0.30696670867412296,1.1704705842445575,TRUE,1.1193928043720622,NA,NA,NA,25,252,0.5
D,+ (1|temp): captures tau,0.6071637840999025,0.30907610673379143,0.001374614901671234,1.2129529532981338,TRUE,1.5706149240362428,NA,NA,NA,25,252,0.5
E,+ interactions: lumps eps into residual,0.6071637840999025,0.3036529033230613,0.012004093586702402,1.2023234746131024,TRUE,1.5430561317925142,NA,NA,0.20568569602569253,25,252,0.5
F,+ (1|item:variant:judge:temp): splits eps/rho,0.6071637840999026,0.3016568007504768,0.01591645462896807,1.198411113570837,TRUE,1.5329126479640842,0.03896152397277475,0.09906450914843783,NA,25,252,0.5
A,"1 obs/item, naive SE",0.3164020194882076,0.14306066993331149,0.03600310641891713,0.5968009325574981,TRUE,0.7269834786466081,NA,NA,NA,25,253,0.5
B,+ (1|variant): captures phi,0.3097498082888688,0.12442273961458938,0.06588123864427359,0.553618377933464,TRUE,0.6322721409729215,NA,NA,NA,25,253,0.5
C,+ (1|judge): captures lambda,0.3723648672849753,0.19435892151654147,-0.008578618887445932,0.7533083534573966,TRUE,0.987662961007831,NA,NA,NA,25,253,0.5
D,+ (1|temp): captures tau,0.3733478146748609,0.16199018877689692,0.055847044672142965,0.6908485846775788,TRUE,0.8231765655686197,NA,NA,NA,25,253,0.5
E,+ interactions: lumps eps into residual,0.3733478146748609,0.14337101885759407,0.0923406177139765,0.6543550116357453,TRUE,0.7285605615770484,NA,NA,0.2128054586340678,25,253,0.5
F,+ (1|item:variant:judge:temp): splits eps/rho,0.37334781467486083,0.13881471183069796,0.10127097948669284,0.6454246498630288,TRUE,0.7054070286477045,0.038159922431746124,0.09999286290982466,NA,25,253,0.5
A,"1 obs/item, naive SE",0.3855151100034642,0.10821541592372694,0.17341289479295943,0.597617325213969,TRUE,0.5499122823071735,NA,NA,NA,25,254,0.5
B,+ (1|variant): captures phi,0.4955525189376592,0.1248423048525878,0.25086160142658714,0.7402434364487314,TRUE,0.634404222392514,NA,NA,NA,25,254,0.5
C,+ (1|judge): captures lambda,0.3649332192922871,0.19737939422251433,-0.02193039338384095,0.7517968319684152,TRUE,1.003011929777297,NA,NA,NA,25,254,0.5
D,+ (1|temp): captures tau,0.6128280068692964,0.23224906175140883,0.1576198458365351,1.0680361679020578,TRUE,1.1802071869449258,NA,NA,NA,25,254,0.5
E,+ interactions: lumps eps into residual,0.6128280068692964,0.22243202788429028,0.17686123221608746,1.0487947815225054,TRUE,1.1303205099565106,NA,NA,0.19747528970131162,25,254,0.5
F,+ (1|item:variant:judge:temp): splits eps/rho,0.6128280068692964,0.22037608606775114,0.18089087817650418,1.0447651355620886,TRUE,1.1198729443580873,0.039359789325442714,0.09942530042888982,NA,25,254,0.5
A,"1 obs/item, naive SE",0.06444302422594918,0.12746061005136508,-0.1853797714747264,0.3142658199266247,FALSE,0.6477095188269074,NA,NA,NA,25,255,0.5
B,+ (1|variant): captures phi,0.2514174500468109,0.11370748642150608,0.028550776660658972,0.4742841234329628,FALSE,0.5778210326108669,NA,NA,NA,25,255,0.5
C,+ (1|judge): captures lambda,0.6320369992322326,0.27402385908514587,0.09495023542534664,1.1691237630391185,TRUE,1.3924918595918117,NA,NA,NA,25,255,0.5
D,+ (1|temp): captures tau,0.7684654719612959,0.24114591105363137,0.29581948629617844,1.2411114576264133,TRUE,1.2254178130222357,NA,NA,NA,25,255,0.5
E,+ interactions: lumps eps into residual,0.7684654719612959,0.2228388855472075,0.33170125628876923,1.2052296876338224,TRUE,1.1323880159960074,NA,NA,0.2145275867730977,25,255,0.5
F,+ (1|item:variant:judge:temp): splits eps/rho,0.768465471961296,0.2200923787777712,0.3370844095568644,1.1998465343657276,TRUE,1.1184312447443279,0.04162190028046889,0.10330720995124854,NA,25,255,0.5
A,"1 obs/item, naive SE",0.7729233707592874,0.13490718086641962,0.508505296261105,1.0373414452574699,FALSE,0.6855503450836291,NA,NA,NA,25,256,0.5
B,+ (1|variant): captures phi,0.9516936972529756,0.1514561845843902,0.6548395754675709,1.2485478190383803,FALSE,0.7696465002088229,NA,NA,NA,25,256,0.5
C,+ (1|judge): captures lambda,0.5372175965292555,0.25067354342990245,0.045897451406646694,1.0285377416518644,TRUE,1.273833854491889,NA,NA,NA,25,256,0.5
D,+ (1|temp): captures tau,0.5606877361271061,0.22918276851406594,0.11148950983953687,1.0098859624146752,TRUE,1.1646253745203563,NA,NA,NA,25,256,0.5
E,+ interactions: lumps eps into residual,0.5606877361271061,0.22099507565516288,0.12753738784298685,0.9938380844112253,TRUE,1.1230184294429284,NA,NA,0.21346588955985715,25,256,0.5
F,+ (1|item:variant:judge:temp): splits eps/rho,0.5606877361271061,0.2180610045321646,0.1332881672440635,0.9880873050101486,TRUE,1.1081085228096925,0.04551424503208978,0.10020036579545001,NA,25,256,0.5
A,"1 obs/item, naive SE",-0.320629774809175,0.13218602318183154,-0.5797143802455648,-0.0615451693727852,FALSE,0.671722388871695,NA,NA,NA,25,257,0.5
B,+ (1|variant): captures phi,-0.3556474952659207,0.162359795359808,-0.6738726941711444,-0.03742229636069705,FALSE,0.82505477485913,NA,NA,NA,25,257,0.5
C,+ (1|judge): captures lambda,-0.04612840543167416,0.30742693314840547,-0.6486851944025489,0.5564283835392005,TRUE,1.562234410016877,NA,NA,NA,25,257,0.5
D,+ (1|temp): captures tau,0.23785734585185075,0.23979878353214507,-0.23214826987115356,0.7078629615748551,TRUE,1.218572189747808,NA,NA,NA,25,257,0.5
E,+ interactions: lumps eps into residual,0.23785734585185075,0.21690889002207267,-0.18728407859141166,0.6629987702951132,TRUE,1.1022538863485583,NA,NA,0.20062603682268842,25,257,0.5
F,+ (1|item:variant:judge:temp): splits eps/rho,0.23785734585185087,0.21427467288676935,-0.18212101300621708,0.6578357047099188,TRUE,1.0888677311080857,0.038227081466748816,0.10073497281276649,NA,25,257,0.5
A,"1 obs/item, naive SE",0.5178994288320127,0.11431269196432918,0.2938465525819275,0.7419523050820979,TRUE,0.5808964720801693,NA,NA,NA,25,258,0.5
B,+ (1|variant): captures phi,0.6149743110522464,0.10991516165124975,0.3995405942157969,0.8304080278886959,TRUE,0.5585497859787645,NA,NA,NA,25,258,0.5
C,+ (1|judge): captures lambda,0.7971545184456673,0.1312622315904965,0.5398805445282941,1.0544284923630405,FALSE,0.6670280083342189,NA,NA,NA,25,258,0.5
D,+ (1|temp): captures tau,0.6331974180468041,0.18168168381371058,0.27710131777193137,0.9892935183216768,TRUE,0.923241744686601,NA,NA,NA,25,258,0.5
E,+ interactions: lumps eps into residual,0.6331974180468041,0.17304237677315323,0.29403435957142376,0.9723604765221844,TRUE,0.8793398568486072,NA,NA,0.21912332305467455,25,258,0.5
F,+ (1|item:variant:judge:temp): splits eps/rho,0.6331974180468046,0.1689108660640738,0.30213212056122,0.9642627155323893,TRUE,0.8583449878272863,0.04175625770009188,0.10140432347419165,NA,25,258,0.5
A,"1 obs/item, naive SE",0.2352239619757014,0.11828760396052429,0.003380258213073778,0.46706766573832903,FALSE,0.6010955621001943,NA,NA,NA,25,259,0.5
B,+ (1|variant): captures phi,0.25935928340852876,0.16921816828917205,-0.07230832643824847,0.591026893255306,TRUE,0.8599065885153154,NA,NA,NA,25,259,0.5
C,+ (1|judge): captures lambda,0.293089518137898,0.18253423574455657,-0.06467758392143286,0.6508566201972289,TRUE,0.9275741105891389,NA,NA,NA,25,259,0.5
D,+ (1|temp): captures tau,0.4387898093700421,0.18699375452599865,0.07228205049908476,0.8052975682409994,TRUE,0.950235800055111,NA,NA,NA,25,259,0.5
E,+ interactions: lumps eps into residual,0.4387898093700421,0.16103697545696163,0.12315733747439728,0.7544222812656869,TRUE,0.8183326742633305,NA,NA,0.22013153366004276,25,259,0.5
F,+ (1|item:variant:judge:temp): splits eps/rho,0.43878980937004164,0.15786139713124703,0.12938147099279745,0.7481981477472859,TRUE,0.8021955138612511,0.04172654623671056,0.09805162506942632,NA,25,259,0.5
A,"1 obs/item, naive SE",0.1320619435791541,0.10431593342545234,-0.07239728593473249,0.3365211730930407,FALSE,0.530096498186781,NA,NA,NA,25,260,0.5
B,+ (1|variant): captures phi,0.25855004431534784,0.16525482132187666,-0.06534940547553042,0.5824494941062262,TRUE,0.8397662678617702,NA,NA,NA,25,260,0.5
C,+ (1|judge): captures lambda,0.5098389450573645,0.23294095560947448,0.053274672062794515,0.9664032180519344,TRUE,1.183723145621935,NA,NA,NA,25,260,0.5
D,+ (1|temp): captures tau,0.7403787615080938,0.21836553456536065,0.31238231375998693,1.1683752092562005,TRUE,1.1096560362037542,NA,NA,NA,25,260,0.5
E,+ interactions: lumps eps into residual,0.7403787615080938,0.21015600535184942,0.32847299101846894,1.1522845319977186,TRUE,1.0679381265331827,NA,NA,0.2159523096321347,25,260,0.5
F,+ (1|item:variant:judge:temp): splits eps/rho,0.740378761508094,0.2070196483642365,0.3346202507141905,1.1461372723019976,TRUE,1.0520002750314714,0.03761090404913015,0.10394072955556656,NA,25,260,0.5
A,"1 obs/item, naive SE",0.18834559118632382,0.13115133579834698,-0.06871102697843623,0.4454022093510839,FALSE,0.666464475332579,NA,NA,NA,25,261,0.5
B,+ (1|variant): captures phi,-0.06479640082578099,0.14008592631456043,-0.3393648164023194,0.20977201475075746,FALSE,0.7118668888455849,NA,NA,NA,25,261,0.5
C,+ (1|judge): captures lambda,0.34712957269603256,0.25771606413330483,-0.15799391300524496,0.85225305839731,TRUE,1.3096214416867962,NA,NA,NA,25,261,0.5
D,+ (1|temp): captures tau,0.5705168278188572,0.2552474045173834,0.07023191496478565,1.0708017406729287,TRUE,1.297076590918143,NA,NA,NA,25,261,0.5
E,+ interactions: lumps eps into residual,0.5705168278188572,0.23900185785125813,0.1020731864303912,1.038960469207323,TRUE,1.2145224966771404,NA,NA,0.20330389265691978,25,261,0.5
F,+ (1|item:variant:judge:temp): splits eps/rho,0.5705168278188572,0.23636185809769705,0.10724758594737094,1.0337860696903434,TRUE,1.2011069562259131,0.038394555634898596,0.09771722708817865,NA,25,261,0.5
A,"1 obs/item, naive SE",0.2791021926049924,0.13759425340177986,0.009417455937503871,0.548786929272481,TRUE,0.6992050926815718,NA,NA,NA,25,262,0.5
B,+ (1|variant): captures phi,0.9669159581522938,0.24437543009602647,0.4879401151640819,1.4458918011405058,TRUE,1.241829080975128,NA,NA,NA,25,262,0.5
C,+ (1|judge): captures lambda,0.7225244920483941,0.23348758972118236,0.26488881619487664,1.1801601679019116,TRUE,1.1865009458954943,NA,NA,NA,25,262,0.5
D,+ (1|temp): captures tau,0.6463468092281491,0.24409953529626383,0.16791172004747207,1.1247818984088263,TRUE,1.240427081659974,NA,NA,NA,25,262,0.5
E,+ interactions: lumps eps into residual,0.6463468092281491,0.23807637231374443,0.17971711949321006,1.1129764989630881,TRUE,1.2098195081072387,NA,NA,0.2218181885037023,25,262,0.5
F,+ (1|item:variant:judge:temp): splits eps/rho,0.6463468092281494,0.23577361276354675,0.18423052821159774,1.108463090244701,TRUE,1.1981177025091678,0.038744747812091376,0.09877826978563574,NA,25,262,0.5
A,"1 obs/item, naive SE",-0.10047011927422417,0.1252851276200181,-0.3460289694094596,0.1450887308610113,FALSE,0.6366544903105971,NA,NA,NA,25,263,0.5
B,+ (1|variant): captures phi,0.09669018161872198,0.12128501185380446,-0.14102844161473474,0.3344088048521787,FALSE,0.616327323689144,NA,NA,NA,25,263,0.5
C,+ (1|judge): captures lambda,0.0013423443057672248,0.13302607017783616,-0.25938875324279165,0.26207344185432613,FALSE,0.6759912091398145,NA,NA,NA,25,263,0.5
D,+ (1|temp): captures tau,0.3063279299415532,0.21560361435846292,-0.1162551542010341,0.7289110140841406,TRUE,1.0956209393410676,NA,NA,NA,25,263,0.5
E,+ interactions: lumps eps into residual,0.3063279299415532,0.2093045949588783,-0.10390907617784823,0.7165649360609547,TRUE,1.0636115615204047,NA,NA,0.22000470690101004,25,263,0.5
F,+ (1|item:variant:judge:temp): splits eps/rho,0.3063279299415532,0.20682261543462802,-0.0990443963103177,0.7117002561934241,TRUE,1.0509990237117237,0.03861987646227859,0.0991576519890274,NA,25,263,0.5
A,"1 obs/item, naive SE",1.5308731337829609,0.11792775151827628,1.2997347408071394,1.7620115267587824,FALSE,0.5992669198857626,NA,NA,NA,25,264,0.5
B,+ (1|variant): captures phi,1.0823431879785828,0.1705571204926181,0.7480512318130512,1.4166351441441143,FALSE,0.8667106677290959,NA,NA,NA,25,264,0.5
C,+ (1|judge): captures lambda,0.8659712625651065,0.16329958930060437,0.5459040675359219,1.186038457594291,FALSE,0.8298304736490885,NA,NA,NA,25,264,0.5
D,+ (1|temp): captures tau,0.5793473489624211,0.22855818610233247,0.1313733042018495,1.0273213937229928,TRUE,1.1614514686900876,NA,NA,NA,25,264,0.5
E,+ interactions: lumps eps into residual,0.5793473489624211,0.21224646345605802,0.16334428058854739,0.9953504173362948,TRUE,1.0785610916379245,NA,NA,0.20940639867387553,25,264,0.5
F,+ (1|item:variant:judge:temp): splits eps/rho,0.579347348962421,0.20891919306143106,0.16986573056201615,0.9888289673628259,TRUE,1.0616530860553186,0.04016140287865208,0.09609035241964278,NA,25,264,0.5
A,"1 obs/item, naive SE",0.5269496470388648,0.1143167873691513,0.30288874379532826,0.7510105502824014,TRUE,0.5809172834719056,NA,NA,NA,25,265,0.5
B,+ (1|variant): captures phi,0.09285794569210917,0.28455151048541527,-0.4648630148593048,0.6505789062435231,TRUE,1.4459896423193381,NA,NA,NA,25,265,0.5
C,+ (1|judge): captures lambda,0.374469358948193,0.29371163659430505,-0.20120544877664492,0.9501441666730309,TRUE,1.492538147555519,NA,NA,NA,25,265,0.5
D,+ (1|temp): captures tau,0.33400254580707783,0.2633028970269856,-0.18207113236581401,0.8500762239799697,TRUE,1.338011740806454,NA,NA,NA,25,265,0.5
E,+ interactions: lumps eps into residual,0.33400254580707783,0.2463209551681993,-0.14878652632259276,0.8167916179367485,TRUE,1.2517155479224846,NA,NA,0.205769506112476,25,265,0.5
F,+ (1|item:variant:judge:temp): splits eps/rho,0.33400254580707783,0.24393202921299403,-0.14410423145039047,0.8121093230645462,TRUE,1.239575875279026,0.039464312841336974,0.1007951460504608,NA,25,265,0.5
A,"1 obs/item, naive SE",-0.1699998631787918,0.15879859049102124,-0.4812451005411934,0.14124537418360983,FALSE,0.8069579974227412,NA,NA,NA,25,266,0.5
B,+ (1|variant): captures phi,0.599720846891297,0.31644864724124494,-0.020518501701543013,1.219960195484137,TRUE,1.6080795545812419,NA,NA,NA,25,266,0.5
C,+ (1|judge): captures lambda,0.6153234655339692,0.2928650598960845,0.0413079481376436,1.1893389829302947,TRUE,1.4882361456614945,NA,NA,NA,25,266,0.5
D,+ (1|temp): captures tau,0.534460664465768,0.23895168200664332,0.06611536773274712,1.002805961198789,TRUE,1.214267520868072,NA,NA,NA,25,266,0.5
E,+ interactions: lumps eps into residual,0.534460664465768,0.22500841163372437,0.09344417766366825,0.9754771512678677,TRUE,1.1434127764848674,NA,NA,0.20006025142467534,25,266,0.5
F,+ (1|item:variant:judge:temp): splits eps/rho,0.5344606644657681,0.2225029721833296,0.09835483898644215,0.9705664899450941,TRUE,1.1306810236695373,0.04030101600256082,0.10119198307227775,NA,25,266,0.5
A,"1 obs/item, naive SE",0.4167657106456995,0.1042084265676219,0.2125171945731606,0.6210142267182384,TRUE,0.5295501865448715,NA,NA,NA,25,267,0.5
B,+ (1|variant): captures phi,0.4960909468993179,0.08423298758981879,0.33099429122327306,0.6611876025753627,TRUE,0.4280421052368098,NA,NA,NA,25,267,0.5
C,+ (1|judge): captures lambda,0.6953978003618183,0.23734400815702494,0.23020354437404944,1.160592056349587,TRUE,1.206097893756235,NA,NA,NA,25,267,0.5
D,+ (1|temp): captures tau,0.7481396694877793,0.17480673299406463,0.40551847281941267,1.0907608661561459,TRUE,0.8883056880840394,NA,NA,NA,25,267,0.5
E,+ interactions: lumps eps into residual,0.7481396694877793,0.16055703483690623,0.43344788120744315,1.0628314577681155,TRUE,0.8158937866104602,NA,NA,0.19851160265736983,25,267,0.5
F,+ (1|item:variant:judge:temp): splits eps/rho,0.7481396694877793,0.15777639620335623,0.4388979329292011,1.0573814060463576,TRUE,0.8017635693563425,0.04015238706340848,0.09855290397121057,NA,25,267,0.5
A,"1 obs/item, naive SE",0.2169743115263973,0.12433999763289942,-0.026732083834085568,0.4606807068868801,FALSE,0.6318516756297414,NA,NA,NA,25,268,0.5
B,+ (1|variant): captures phi,0.5093108265354597,0.19922499383115944,0.11882983862638719,0.8997918144445322,TRUE,1.012390611034047,NA,NA,NA,25,268,0.5
C,+ (1|judge): captures lambda,0.18502588760981822,0.22656604463588714,-0.2590435598765206,0.629095335096157,TRUE,1.151328113795219,NA,NA,NA,25,268,0.5
D,+ (1|temp): captures tau,0.30628230198119794,0.22739688074819633,-0.13941558428526685,0.7519801882476627,TRUE,1.1555501276260876,NA,NA,NA,25,268,0.5
E,+ interactions: lumps eps into residual,0.30628230198119794,0.21781173549003474,-0.12062869957927014,0.733193303541666,TRUE,1.1068418261316262,NA,NA,0.2022136092617675,25,268,0.5
F,+ (1|item:variant:judge:temp): splits eps/rho,0.30628230198119805,0.21504265460485747,-0.11520130104432258,0.7277659050067187,TRUE,1.0927703412469378,0.0378411220983857,0.0975473593000139,NA,25,268,0.5
A,"1 obs/item, naive SE",0.8582761223266688,0.12109939507985883,0.6209213079701456,1.0956309366831922,FALSE,0.6153840852149983,NA,NA,NA,25,269,0.5
B,+ (1|variant): captures phi,0.736883046620505,0.17977157706518657,0.3845307555727393,1.0892353376682706,TRUE,0.9135352610718126,NA,NA,NA,25,269,0.5
C,+ (1|judge): captures lambda,0.6131729421971696,0.2871022759943994,0.05045248124814672,1.1758934031461923,TRUE,1.4589517260548435,NA,NA,NA,25,269,0.5
D,+ (1|temp): captures tau,0.6668057456898387,0.2940468792102528,0.09047386243774325,1.2431376289419342,TRUE,1.4942417313794023,NA,NA,NA,25,269,0.5
E,+ interactions: lumps eps into residual,0.6668057456898387,0.28359077820822665,0.11096782040171449,1.2226436709779631,TRUE,1.4411075423456399,NA,NA,0.21869438796614904,25,269,0.5
F,+ (1|item:variant:judge:temp): splits eps/rho,0.6668057456898389,0.28113130546723825,0.11578838697405192,1.2178231044056258,TRUE,1.42860937601024,0.03988978666129288,0.10244599806567631,NA,25,269,0.5
A,"1 obs/item, naive SE",0.07240945287073229,0.11969124299649307,-0.16218538340239413,0.3070042891438587,FALSE,0.6082283568061637,NA,NA,NA,25,270,0.5
B,+ (1|variant): captures phi,0.25582817659728546,0.16203765428457864,-0.061765625800488666,0.5734219789950596,TRUE,0.8234177684086894,NA,NA,NA,25,270,0.5
C,+ (1|judge): captures lambda,0.22715051094407154,0.2120259445363949,-0.18842034034726243,0.6427213622354055,TRUE,1.077440492864,NA,NA,NA,25,270,0.5
D,+ (1|temp): captures tau,0.4779363265664713,0.2160687749855607,0.05444152759477228,0.9014311255381703,TRUE,1.097984720322763,NA,NA,NA,25,270,0.5
E,+ interactions: lumps eps into residual,0.4779363265664713,0.2067315331652515,0.07274252156257832,0.8831301315703642,TRUE,1.0505361759907867,NA,NA,0.21136828851295972,25,270,0.5
F,+ (1|item:variant:judge:temp): splits eps/rho,0.4779363265664713,0.2034275764718057,0.07921827668173209,0.8766543764512105,TRUE,1.0337466423515367,0.03979790734225744,0.09963844085289628,NA,25,270,0.5
A,"1 obs/item, naive SE",1.2148272842033856,0.13092771400770833,0.9582089647482772,1.471445603658494,FALSE,0.6653281088711648,NA,NA,NA,25,271,0.5
B,+ (1|variant): captures phi,1.1746812827152155,0.11911714562227489,0.9412116772955568,1.4081508881348743,FALSE,0.6053109979933917,NA,NA,NA,25,271,0.5
C,+ (1|judge): captures lambda,0.9058416773791519,0.2077619459858124,0.4986282632469596,1.3130550915113441,TRUE,1.0557723677203699,NA,NA,NA,25,271,0.5
D,+ (1|temp): captures tau,0.6301786044750795,0.24690576460911973,0.14624330584120482,1.114113903108954,TRUE,1.254687341651005,NA,NA,NA,25,271,0.5
E,+ interactions: lumps eps into residual,0.6301786044750795,0.23667716279569814,0.1662913653955111,1.0940658435546478,TRUE,1.2027092226370328,NA,NA,0.21689713647143052,25,271,0.5
F,+ (1|item:variant:judge:temp): splits eps/rho,0.6301786044750797,0.23385302585798098,0.17182667379343697,1.0885305351567225,TRUE,1.1883579624611016,0.04133157613776903,0.10201179490560995,NA,25,271,0.5
A,"1 obs/item, naive SE",0.8108549310363176,0.11054101300427402,0.5941945455479405,1.0275153165246946,FALSE,0.5617301401176719,NA,NA,NA,25,272,0.5
B,+ (1|variant): captures phi,0.8326716399574254,0.1455075541001947,0.5474768339210438,1.117866445993807,FALSE,0.7394176743225774,NA,NA,NA,25,272,0.5
C,+ (1|judge): captures lambda,0.46855261285477984,0.23759461024825942,0.0028671767681913707,0.9342380489413683,TRUE,1.2073713645160649,NA,NA,NA,25,272,0.5
D,+ (1|temp): captures tau,0.5079964157898903,0.23970252000007908,0.038179476589735306,0.9778133549900453,TRUE,1.218083012691383,NA,NA,NA,25,272,0.5
E,+ interactions: lumps eps into residual,0.5079964157898903,0.22779536949883056,0.06151749157218239,0.9544753400075983,TRUE,1.1575751058278019,NA,NA,0.2192697061259634,25,272,0.5
F,+ (1|item:variant:judge:temp): splits eps/rho,0.5079964157898903,0.22465978230824651,0.06766324246572714,0.9483295891140535,TRUE,1.1416411661609938,0.043627101635589145,0.09847299510211126,NA,25,272,0.5
A,"1 obs/item, naive SE",0.002422457035121135,0.12256962294513382,-0.23781400393734115,0.24265891800758344,FALSE,0.6228552606848115,NA,NA,NA,25,273,0.5
B,+ (1|variant): captures phi,0.07623456107197621,0.10481289977353798,-0.12919872248415823,0.2816678446281107,FALSE,0.5326219045382962,NA,NA,NA,25,273,0.5
C,+ (1|judge): captures lambda,0.42306072817570195,0.19222430506654384,0.04630109024527601,0.7998203661061278,TRUE,0.9768155988843421,NA,NA,NA,25,273,0.5
D,+ (1|temp): captures tau,0.5940377868136032,0.18977948882646722,0.22206998871372746,0.966005584913479,TRUE,0.964391911677431,NA,NA,NA,25,273,0.5
E,+ interactions: lumps eps into residual,0.5940377868136032,0.1769662373475915,0.24718396161232387,0.9408916120148825,TRUE,0.8992795216877216,NA,NA,0.21191065429643624,25,273,0.5
F,+ (1|item:variant:judge:temp): splits eps/rho,0.5940377868136033,0.1730369702228453,0.2548853251768265,0.9331902484503801,TRUE,0.8793123826815131,0.039023992927586626,0.0992916355042017,NA,25,273,0.5
A,"1 obs/item, naive SE",0.7842859604855476,0.10303310749340874,0.5823410697984664,0.9862308511726287,FALSE,0.5235776327361308,NA,NA,NA,25,274,0.5
B,+ (1|variant): captures phi,0.7867950516906405,0.09492342370368353,0.6007451412314208,0.9728449621498602,FALSE,0.48236710202264604,NA,NA,NA,25,274,0.5
C,+ (1|judge): captures lambda,0.6819417708014368,0.10371158353668258,0.478667067069539,0.8852164745333346,TRUE,0.5270254068472651,NA,NA,NA,25,274,0.5
D,+ (1|temp): captures tau,0.49027924021598723,0.23936976840630395,0.021114494139631512,0.959443986292343,TRUE,1.2163920873568337,NA,NA,NA,25,274,0.5
E,+ interactions: lumps eps into residual,0.49027924021598723,0.22353780700198178,0.05214513849210295,0.9284133419398715,TRUE,1.1359396864217743,NA,NA,0.19652591154766985,25,274,0.5
F,+ (1|item:variant:judge:temp): splits eps/rho,0.49027924021598723,0.2215883663678937,0.05596604213491557,0.924592438297059,TRUE,1.126033321980415,0.0387641918647863,0.09944572102556529,NA,25,274,0.5
A,"1 obs/item, naive SE",0.27046728512658263,0.13026579378855824,0.01514632930100851,0.5257882409521568,TRUE,0.6619644655740338,NA,NA,NA,25,275,0.5
B,+ (1|variant): captures phi,0.5873919495103755,0.14576653842349277,0.30168953420032973,0.8730943648204214,TRUE,0.7407337406065808,NA,NA,NA,25,275,0.5
C,+ (1|judge): captures lambda,0.5146205943650904,0.16614774055963197,0.18897102286821177,0.8402701658619691,TRUE,0.8443037660708618,NA,NA,NA,25,275,0.5
D,+ (1|temp): captures tau,0.49949666725602077,0.25319484280753174,0.0032347753532585566,0.995758559158783,TRUE,1.2866462018205638,NA,NA,NA,25,275,0.5
E,+ interactions: lumps eps into residual,0.49949666725602077,0.24579176980272618,0.017744798442677456,0.9812485360693641,TRUE,1.249026415975739,NA,NA,0.2047672778358817,25,275,0.5
F,+ (1|item:variant:judge:temp): splits eps/rho,0.499496667256021,0.24335769315279632,0.022515588676540188,0.9764777458355018,TRUE,1.2366573035489385,0.03799006016263058,0.10088975937720457,NA,25,275,0.5
A,"1 obs/item, naive SE",0.28198875571108345,0.1310525113618683,0.02512583344182162,0.5388516779803453,TRUE,0.6659622846701135,NA,NA,NA,25,276,0.5
B,+ (1|variant): captures phi,0.3162347704409519,0.14124680846336848,0.03939102585274967,0.5930785150291541,TRUE,0.7177660793305214,NA,NA,NA,25,276,0.5
C,+ (1|judge): captures lambda,0.17476038355036624,0.18792057298079543,-0.19356393949199277,0.5430847065927252,TRUE,0.9549455620369061,NA,NA,NA,25,276,0.5
D,+ (1|temp): captures tau,0.27177686791481903,0.22929998599385917,-0.17765110463314493,0.721204840462783,TRUE,1.1652210320917769,NA,NA,NA,25,276,0.5
E,+ interactions: lumps eps into residual,0.27177686791481903,0.22166590359186508,-0.16268830312523652,0.7062420389548746,TRUE,1.1264273385947199,NA,NA,0.22983115727978537,25,276,0.5
F,+ (1|item:variant:judge:temp): splits eps/rho,0.271776867914819,0.21801110527889422,-0.15552489843181372,0.6990786342614517,TRUE,1.1078549525395318,0.04358010374407579,0.0991585284719126,NA,25,276,0.5
A,"1 obs/item, naive SE",1.2142482525710838,0.09773875464883536,1.0226802934593666,1.405816211682801,FALSE,0.4966736132741451,NA,NA,NA,25,277,0.5
B,+ (1|variant): captures phi,0.8319353098387555,0.150732610149862,0.536499393945026,1.127371225732485,FALSE,0.7659695521019934,NA,NA,NA,25,277,0.5
C,+ (1|judge): captures lambda,0.6875756605049709,0.15462260042402454,0.3845153636738828,0.990635957336059,TRUE,0.7857371001131302,NA,NA,NA,25,277,0.5
D,+ (1|temp): captures tau,0.5056634941950754,0.24663368968942218,0.02226146240380794,0.9890655259863428,TRUE,1.2533047536086979,NA,NA,NA,25,277,0.5
E,+ interactions: lumps eps into residual,0.5056634941950754,0.23652800784195244,0.042068598824848646,0.9692583895653022,TRUE,1.2019512701740536,NA,NA,0.20421813644796366,25,277,0.5
F,+ (1|item:variant:judge:temp): splits eps/rho,0.5056634941950754,0.23401340302424198,0.046997224267561144,0.9643297641225896,TRUE,1.1891729422195372,0.038099501041814046,0.09973157341259889,NA,25,277,0.5
A,"1 obs/item, naive SE",0.7291226309307701,0.132527412107066,0.46936890320092073,0.9888763586606195,TRUE,0.6734572060548808,NA,NA,NA,25,278,0.5
B,+ (1|variant): captures phi,0.6677756796012484,0.17072732052332834,0.33315013137552485,1.0024012278269718,TRUE,0.8675755637934661,NA,NA,NA,25,278,0.5
C,+ (1|judge): captures lambda,0.8825957757497576,0.16866357198244888,0.5520151746641577,1.2131763768353574,FALSE,0.8570883271965749,NA,NA,NA,25,278,0.5
D,+ (1|temp): captures tau,0.5899638565640644,0.2439108285744725,0.11189863255809829,1.0680290805700303,TRUE,1.2394681411690913,NA,NA,NA,25,278,0.5
E,+ interactions: lumps eps into residual,0.5899638565640644,0.23480774246981723,0.12974068132322258,1.050187031804906,TRUE,1.1932094929615384,NA,NA,0.21308177715482637,25,278,0.5
F,+ (1|item:variant:judge:temp): splits eps/rho,0.5899638565640642,0.23196155580283861,0.13531920719050056,1.044608505937628,TRUE,1.1787461838983122,0.040702825555406524,0.09960677958139738,NA,25,278,0.5
A,"1 obs/item, naive SE",0.33808293648170684,0.1127008574881057,0.11718925580501968,0.558976617158394,TRUE,0.5727057021426756,NA,NA,NA,25,279,0.5
B,+ (1|variant): captures phi,0.2348901219731408,0.12161275527326536,-0.0034708783624592954,0.4732511223087409,FALSE,0.6179927992618104,NA,NA,NA,25,279,0.5
C,+ (1|judge): captures lambda,0.5563177409476762,0.22873406472322877,0.1079989740901478,1.0046365078052046,TRUE,1.1623452213315255,NA,NA,NA,25,279,0.5
D,+ (1|temp): captures tau,0.5152382820222772,0.2139308984638876,0.09593372103305747,0.9345428430114968,TRUE,1.087120791673699,NA,NA,NA,25,279,0.5
E,+ interactions: lumps eps into residual,0.5152382820222772,0.201549944463541,0.12020039087373685,0.9102761731708175,TRUE,1.0242051838247257,NA,NA,0.21330341044384324,25,279,0.5
F,+ (1|item:variant:judge:temp): splits eps/rho,0.5152382820222771,0.19919105625398517,0.12482381176446611,0.905652752280088,TRUE,1.0122181523287823,0.03957425812109562,0.10147683264787843,NA,25,279,0.5
A,"1 obs/item, naive SE",0.13225619045817483,0.13762549959918258,-0.13748978875622303,0.4020021696725727,FALSE,0.699363874751395,NA,NA,NA,25,280,0.5
B,+ (1|variant): captures phi,0.2461011678821535,0.1264940624617192,-0.0018271945428161573,0.49402953030712315,FALSE,0.6427978675021527,NA,NA,NA,25,280,0.5
C,+ (1|judge): captures lambda,0.3100163082056595,0.1458562989975071,0.02413796217054559,0.5958946542407735,TRUE,0.7411898719414381,NA,NA,NA,25,280,0.5
D,+ (1|temp): captures tau,0.3670054617503735,0.14976541900621224,0.07346524049819753,0.6605456830025496,TRUE,0.7610546304645197,NA,NA,NA,25,280,0.5
E,+ interactions: lumps eps into residual,0.3670054617503735,0.1385925103534022,0.09536414145770522,0.6386467820430418,TRUE,0.7042778797138978,NA,NA,0.1932681302619289,25,280,0.5
F,+ (1|item:variant:judge:temp): splits eps/rho,0.3670054617503734,0.13569509656127773,0.10104307249026906,0.6329678510104777,TRUE,0.6895542526075854,0.036113976437069775,0.09724778508492904,NA,25,280,0.5
A,"1 obs/item, naive SE",0.3088544585282357,0.13940191904612295,0.03562669719783468,0.5820822198586366,TRUE,0.7083910070140511,NA,NA,NA,25,281,0.5
B,+ (1|variant): captures phi,0.05805035966921513,0.11223961896141857,-0.16193929349516525,0.27804001283359553,FALSE,0.5703618518812924,NA,NA,NA,25,281,0.5
C,+ (1|judge): captures lambda,0.38868518120195095,0.2102879270859998,-0.02347915588660865,0.8008495182905105,TRUE,1.0686085058991288,NA,NA,NA,25,281,0.5
D,+ (1|temp): captures tau,0.3337936775637794,0.23553993159069933,-0.12786458835399128,0.7954519434815501,TRUE,1.196930217842627,NA,NA,NA,25,281,0.5
E,+ interactions: lumps eps into residual,0.3337936775637794,0.22061737151780847,-0.09861637061112516,0.766203725738684,TRUE,1.121099071258732,NA,NA,0.2050786474240874,25,281,0.5
F,+ (1|item:variant:judge:temp): splits eps/rho,0.33379367756377953,0.21844167035382217,-0.09435199632971192,0.761939351457271,TRUE,1.1100429312208897,0.04010388652986637,0.10196476374658846,NA,25,281,0.5
A,"1 obs/item, naive SE",1.117455789532533,0.10614952022566018,0.9094027298902391,1.325508849174827,FALSE,0.539414134620589,NA,NA,NA,25,282,0.5
B,+ (1|variant): captures phi,0.6140527603546693,0.18000450774563584,0.26124392517322303,0.9668615955361155,TRUE,0.9147189320027224,NA,NA,NA,25,282,0.5
C,+ (1|judge): captures lambda,0.4534239734082145,0.19791079304047837,0.06551881904887691,0.8413291277675521,TRUE,1.0057123097029068,NA,NA,NA,25,282,0.5
D,+ (1|temp): captures tau,0.5871933153009974,0.23733272931524468,0.12202116584311784,1.052365464758877,TRUE,1.206040578690981,NA,NA,NA,25,282,0.5
E,+ interactions: lumps eps into residual,0.5871933153009974,0.22416076431584697,0.14783821724193735,1.0265484133600573,TRUE,1.1391053340822612,NA,NA,0.194471684688591,25,282,0.5
F,+ (1|item:variant:judge:temp): splits eps/rho,0.5871933153009973,0.22188482890154737,0.15229905065396443,1.02208757994803,TRUE,1.1275398392091154,0.04114198795635612,0.09932726593190178,NA,25,282,0.5
A,"1 obs/item, naive SE",0.7109238271560401,0.14018693677996438,0.4361574310673099,0.9856902232447702,TRUE,0.7123801881301004,NA,NA,NA,25,283,0.5
B,+ (1|variant): captures phi,0.5157766315082322,0.17233735136393818,0.17799542283491332,0.853557840181551,TRUE,0.8757571682958111,NA,NA,NA,25,283,0.5
C,+ (1|judge): captures lambda,0.4383827726844619,0.20187618377242375,0.042705452490511386,0.8340600928784124,TRUE,1.025863016042018,NA,NA,NA,25,283,0.5
D,+ (1|temp): captures tau,0.39576767238999055,0.19131196568874498,0.020796219640050406,0.7707391251399307,TRUE,0.9721794144257646,NA,NA,NA,25,283,0.5
E,+ interactions: lumps eps into residual,0.39576767238999055,0.1873537017925229,0.028554416876645672,0.7629809279033355,TRUE,0.9520649241328126,NA,NA,0.21603581690819498,25,283,0.5
F,+ (1|item:variant:judge:temp): splits eps/rho,0.39576767238999055,0.18377659017248993,0.035565555651910274,0.7559697891280708,TRUE,0.9338873142400936,0.04048993272329357,0.10041100967422815,NA,25,283,0.5
A,"1 obs/item, naive SE",0.022573287490018353,0.1199073408047806,-0.21244510048735163,0.2575916754673883,FALSE,0.6093264890634082,NA,NA,NA,25,284,0.5
B,+ (1|variant): captures phi,0.38786096011714266,0.2070569836178128,-0.0179707277737704,0.7936926480080557,TRUE,1.052189999520625,NA,NA,NA,25,284,0.5
C,+ (1|judge): captures lambda,0.3906818939201494,0.2885429689208696,-0.17486232516475508,0.9562261130050539,TRUE,1.4662728154628206,NA,NA,NA,25,284,0.5
D,+ (1|temp): captures tau,0.42305736691587054,0.22378380610207393,-0.015558893044194388,0.8616736268759355,TRUE,1.1371897664165926,NA,NA,NA,25,284,0.5
E,+ interactions: lumps eps into residual,0.42305736691587054,0.2146155632357705,0.0024108629737603637,0.8437038708579807,TRUE,1.0906000147040553,NA,NA,0.2205851603847148,25,284,0.5
F,+ (1|item:variant:judge:temp): splits eps/rho,0.4230573669158705,0.2123974420917008,0.006758380416136911,0.8393563534156041,TRUE,1.0793283114041403,0.04163549391269456,0.10119707487640339,NA,25,284,0.5
A,"1 obs/item, naive SE",1.5754467935337726,0.1014215553097227,1.376660545126716,1.7742330419408292,FALSE,0.5153882973089813,NA,NA,NA,25,285,0.5
B,+ (1|variant): captures phi,1.046319030568308,0.2344635737790853,0.5867704259613009,1.5058676351753153,FALSE,1.191460549998066,NA,NA,NA,25,285,0.5
C,+ (1|judge): captures lambda,0.6702710445466274,0.3053112315547727,0.07186103069927297,1.268681058393982,TRUE,1.5514831664708044,NA,NA,NA,25,285,0.5
D,+ (1|temp): captures tau,0.5296779361519097,0.2546728661161288,0.030519118564297232,1.0288367537395222,TRUE,1.2941569909627197,NA,NA,NA,25,285,0.5
E,+ interactions: lumps eps into residual,0.5296779361519097,0.237841043427751,0.06350949103351777,0.9958463812703017,TRUE,1.2086236503481127,NA,NA,0.20514802567076473,25,285,0.5
F,+ (1|item:variant:judge:temp): splits eps/rho,0.5296779361519098,0.23518651842088226,0.06871236004698061,0.9906435122568391,TRUE,1.1951342977220734,0.038274603427576735,0.099911480936262,NA,25,285,0.5
A,"1 obs/item, naive SE",-0.155813737136209,0.1183017436812754,-0.3876851547515088,0.07605768047909078,FALSE,0.601167415135578,NA,NA,NA,25,286,0.5
B,+ (1|variant): captures phi,0.26163692955229395,0.1853015399359855,-0.10155408872223765,0.6248279478268255,TRUE,0.9416365669476625,NA,NA,NA,25,286,0.5
C,+ (1|judge): captures lambda,0.4547238421623304,0.19594224798356671,0.07067703611453968,0.8387706482101212,TRUE,0.9957088633747626,NA,NA,NA,25,286,0.5
D,+ (1|temp): captures tau,0.6109178297229484,0.16234804411119425,0.2927156632650077,0.9291199961808891,TRUE,0.8249950591902488,NA,NA,NA,25,286,0.5
E,+ interactions: lumps eps into residual,0.6109178297229484,0.14619444859394087,0.32437671047882427,0.8974589489670726,TRUE,0.7429082280069659,NA,NA,0.21305976760326736,25,286,0.5
F,+ (1|item:variant:judge:temp): splits eps/rho,0.6109178297229484,0.1416284332098455,0.3333261006316512,0.8885095588142455,TRUE,0.7197053606568343,0.04103323607226023,0.10167938023432475,NA,25,286,0.5
A,"1 obs/item, naive SE",0.9362407668905639,0.10603130070511549,0.7284194175085376,1.1440621162725901,FALSE,0.5388133850342101,NA,NA,NA,25,287,0.5
B,+ (1|variant): captures phi,0.9444913612516094,0.2591981465435193,0.4364629940263115,1.4525197284769074,TRUE,1.3171528577407048,NA,NA,NA,25,287,0.5
C,+ (1|judge): captures lambda,0.5496315378596377,0.30089185699584875,-0.04011650185222582,1.1393795775715012,TRUE,1.5290254756757975,NA,NA,NA,25,287,0.5
D,+ (1|temp): captures tau,0.3368380844407319,0.25624653952283494,-0.16540513302402454,0.8390813019054884,TRUE,1.302153839907955,NA,NA,NA,25,287,0.5
E,+ interactions: lumps eps into residual,0.3368380844407319,0.2421185396155842,-0.1377142532058131,0.8113904220872769,TRUE,1.2303603656869837,NA,NA,0.22048681912626253,25,287,0.5
F,+ (1|item:variant:judge:temp): splits eps/rho,0.3368380844407322,0.23896928022526645,-0.13154170480079003,0.8052178736822544,TRUE,1.2143569487604382,0.04036580057326829,0.097224440265784,NA,25,287,0.5
A,"1 obs/item, naive SE",0.7435167852385083,0.11437014063016496,0.5193513096033849,0.9676822608736316,FALSE,0.5811884057818105,NA,NA,NA,25,288,0.5
B,+ (1|variant): captures phi,0.8106006862111169,0.14382392552320125,0.5287057921856424,1.0924955802365914,FALSE,0.7308620722816944,NA,NA,NA,25,288,0.5
C,+ (1|judge): captures lambda,0.7003439091827702,0.22226447999057466,0.2647055284012439,1.1359822899642966,TRUE,1.129469091109737,NA,NA,NA,25,288,0.5
D,+ (1|temp): captures tau,0.4088514836160829,0.3118547985919867,-0.20238392162421104,1.020086888856377,TRUE,1.5847352484699218,NA,NA,NA,25,288,0.5
E,+ interactions: lumps eps into residual,0.4088514836160829,0.30624402110427745,-0.19138679774830092,1.0090897649804669,TRUE,1.5562232714336868,NA,NA,0.19935200012114013,25,288,0.5
F,+ (1|item:variant:judge:temp): splits eps/rho,0.4088514836160831,0.3044569180257452,-0.18788407571437754,1.0055870429465437,TRUE,1.5471418487524071,0.04055790733375569,0.0995572165937561,NA,25,288,0.5
A,"1 obs/item, naive SE",0.29438262877533294,0.13051999972234035,0.03856342931954587,0.5502018282311201,TRUE,0.66325624978083,NA,NA,NA,25,289,0.5
B,+ (1|variant): captures phi,0.1584380141145522,0.13294964487654592,-0.10214328984347784,0.4190193180725822,FALSE,0.6756028429213808,NA,NA,NA,25,289,0.5
C,+ (1|judge): captures lambda,0.37414041961739514,0.1547210659476801,0.07088713035994215,0.6773937088748481,TRUE,0.7862374669081917,NA,NA,NA,25,289,0.5
D,+ (1|temp): captures tau,0.46145217169130376,0.18163430820909468,0.10544892760147817,0.8174554157811293,TRUE,0.923000998701959,NA,NA,NA,25,289,0.5
E,+ interactions: lumps eps into residual,0.46145217169130376,0.16340348148233075,0.1411813479859355,0.781722995396672,TRUE,0.8303584167917485,NA,NA,0.21904411003184826,25,289,0.5
F,+ (1|item:variant:judge:temp): splits eps/rho,0.46145217169130387,0.1590336947142412,0.14974613005139115,0.7731582133312166,TRUE,0.8081527135255011,0.044151662488369936,0.09939109929784626,NA,25,289,0.5
A,"1 obs/item, naive SE",0.046804315813717225,0.09684010975773122,-0.14300229931143596,0.2366109309388704,FALSE,0.4921070193297198,NA,NA,NA,25,290,0.5
B,+ (1|variant): captures phi,-0.06498404856421858,0.08815403976544765,-0.23776596650449597,0.10779786937605881,FALSE,0.44796749879132286,NA,NA,NA,25,290,0.5
C,+ (1|judge): captures lambda,0.4880391799419716,0.272963923041397,-0.0469701092191665,1.0230484691031096,TRUE,1.3871056413349931,NA,NA,NA,25,290,0.5
D,+ (1|temp): captures tau,0.45155806753274014,0.22843955684919376,0.0038165361083203897,0.8992995989571599,TRUE,1.1608486369882913,NA,NA,NA,25,290,0.5
E,+ interactions: lumps eps into residual,0.45155806753274014,0.20536605406893632,0.04904060155762496,0.8540755335078554,TRUE,1.0435972965355096,NA,NA,0.20418151325954756,25,290,0.5
F,+ (1|item:variant:judge:temp): splits eps/rho,0.4515580675327402,0.20223904545980206,0.055169538431528165,0.8479465966339522,TRUE,1.02770695017067,0.03477908632427418,0.10200978758980186,NA,25,290,0.5
A,"1 obs/item, naive SE",1.066765477066871,0.12390910066867952,0.8239036397562592,1.309627314377483,FALSE,0.6296620104049605,NA,NA,NA,25,291,0.5
B,+ (1|variant): captures phi,1.0243348946747135,0.17668610867802842,0.6780301216657778,1.3706396676836492,FALSE,0.8978560073510241,NA,NA,NA,25,291,0.5
C,+ (1|judge): captures lambda,1.0209258960964105,0.18968176634090472,0.6491496340682372,1.3927021581245838,FALSE,0.9638953207378713,NA,NA,NA,25,291,0.5
D,+ (1|temp): captures tau,0.6926676594549246,0.23685897343682208,0.22842407151875332,1.1569112473910959,TRUE,1.2036331196969368,NA,NA,NA,25,291,0.5
E,+ interactions: lumps eps into residual,0.6926676594549246,0.2253215235592332,0.2510374732788275,1.1342978456310218,TRUE,1.1450039000055265,NA,NA,0.20531747599239064,25,291,0.5
F,+ (1|item:variant:judge:temp): splits eps/rho,0.6926676594549244,0.22351784616855416,0.2545726809645582,1.1307626379452906,TRUE,1.1358382525606814,0.04078906586142207,0.10024578631694626,NA,25,291,0.5
A,"1 obs/item, naive SE",0.19535851237681753,0.10987566742378718,-0.019997795773805338,0.4107148205274404,FALSE,0.5583490903516534,NA,NA,NA,25,292,0.5
B,+ (1|variant): captures phi,0.3496115992955662,0.17561175993669723,0.005412549819639623,0.6938106487714928,TRUE,0.8923965488875859,NA,NA,NA,25,292,0.5
C,+ (1|judge): captures lambda,0.3548436632673002,0.17168701606155173,0.01833711178665881,0.6913502147479416,TRUE,0.872452395428216,NA,NA,NA,25,292,0.5
D,+ (1|temp): captures tau,0.3703073241000166,0.20104364647337047,-0.023738222987789548,0.7643528711878227,TRUE,1.0216323573847437,NA,NA,NA,25,292,0.5
E,+ interactions: lumps eps into residual,0.3703073241000166,0.18938843526355653,-8.940090165541759e-4,0.7415086572165874,TRUE,0.9624047164571479,NA,NA,0.22652316411549128,25,292,0.5
F,+ (1|item:variant:judge:temp): splits eps/rho,0.3703073241000161,0.18515892923615565,0.007395822797151008,0.7332188254028812,TRUE,0.9409118700571554,0.040219985693590546,0.10412004120777828,NA,25,292,0.5
A,"1 obs/item, naive SE",-0.011317098007005751,0.10550366498763533,-0.218104281382771,0.19547008536875948,FALSE,0.5361321278477958,NA,NA,NA,25,293,0.5
B,+ (1|variant): captures phi,-0.09995249489576334,0.2242860284741088,-0.5395531107050165,0.3396481209134899,FALSE,1.1397418820137464,NA,NA,NA,25,293,0.5
C,+ (1|judge): captures lambda,-0.01613761546537049,0.1717443043715519,-0.3527564520336122,0.3204812211028712,FALSE,0.8727435142584934,NA,NA,NA,25,293,0.5
D,+ (1|temp): captures tau,0.25821457732034675,0.2125355232266712,-0.15835504820392882,0.6747842028446223,TRUE,1.0800299906559085,NA,NA,NA,25,293,0.5
E,+ interactions: lumps eps into residual,0.25821457732034675,0.20712509722668832,-0.14775061324396233,0.6641797678846558,TRUE,1.0525361286723098,NA,NA,0.21677431287074342,25,293,0.5
F,+ (1|item:variant:judge:temp): splits eps/rho,0.25821457732034697,0.20370297934020815,-0.14104326218646096,0.6574724168271548,TRUE,1.035146141846358,0.04110025307906038,0.09961853079974747,NA,25,293,0.5
A,"1 obs/item, naive SE",0.32087923500135285,0.11958790466633074,0.08648694185534461,0.555271528147361,TRUE,0.607703228140305,NA,NA,NA,25,294,0.5
B,+ (1|variant): captures phi,0.0022452080585540113,0.14455476218773577,-0.2810821258294081,0.2855725419465161,FALSE,0.7345759244603083,NA,NA,NA,25,294,0.5
C,+ (1|judge): captures lambda,0.05405779292243521,0.13011016400763034,-0.20095812853252024,0.3090737143773907,FALSE,0.6611736103405673,NA,NA,NA,25,294,0.5
D,+ (1|temp): captures tau,0.32668686995955326,0.1968073769871878,-0.05905558893533486,0.7124293288544414,TRUE,1.0001051414910591,NA,NA,NA,25,294,0.5
E,+ interactions: lumps eps into residual,0.32668686995955326,0.18809498083896453,-0.04197929248481719,0.6953530324039237,TRUE,0.9558318407848959,NA,NA,0.22139489462840828,25,294,0.5
F,+ (1|item:variant:judge:temp): splits eps/rho,0.3266868699595531,0.18380061499302872,-0.03356233542678316,0.6869360753458893,TRUE,0.9340093998392823,0.036846594555249974,0.09792030669570112,NA,25,294,0.5
A,"1 obs/item, naive SE",0.1216385885145976,0.14784796569219213,-0.16814342424209897,0.4114206012712942,FALSE,0.7513108142149622,NA,NA,NA,25,295,0.5
B,+ (1|variant): captures phi,0.08035920697166705,0.15178539034315292,-0.2171401581009127,0.3778585720442468,FALSE,0.7713194068700834,NA,NA,NA,25,295,0.5
C,+ (1|judge): captures lambda,0.37582646762098115,0.2072173315521384,-0.030319502221210104,0.7819724374631725,TRUE,1.0530048307327544,NA,NA,NA,25,295,0.5
D,+ (1|temp): captures tau,0.41371782563089654,0.21207548128366052,-0.0019501176850780788,0.8293857689468711,TRUE,1.0776922210074849,NA,NA,NA,25,295,0.5
E,+ interactions: lumps eps into residual,0.41371782563089654,0.19814037861494221,0.025362683545609832,0.8020729677161833,TRUE,1.0068789819941004,NA,NA,0.2191799118962992,25,295,0.5
F,+ (1|item:variant:judge:temp): splits eps/rho,0.4137178256308965,0.19454003657080807,0.032419353952112706,0.7950162973096803,TRUE,0.988583323342548,0.039498473094238,0.10127505073788046,NA,25,295,0.5
A,"1 obs/item, naive SE",0.8796176717188515,0.1175451976264823,0.6492290843709463,1.1100062590667568,FALSE,0.5973229169731814,NA,NA,NA,25,296,0.5
B,+ (1|variant): captures phi,0.6092530807548303,0.126295014085817,0.361714853146629,0.8567913083630316,TRUE,0.6417863744006609,NA,NA,NA,25,296,0.5
C,+ (1|judge): captures lambda,0.28599408283683375,0.18985655759227146,-0.0861247700440183,0.6581129357176858,TRUE,0.9647835477538277,NA,NA,NA,25,296,0.5
D,+ (1|temp): captures tau,0.6060253186103739,0.23052707261991723,0.15419225627533611,1.0578583809454116,TRUE,1.171456650200012,NA,NA,NA,25,296,0.5
E,+ interactions: lumps eps into residual,0.6060253186103739,0.21665894333258137,0.18137378967851442,1.0306768475422334,TRUE,1.1009837461074474,NA,NA,0.218625905532274,25,296,0.5
F,+ (1|item:variant:judge:temp): splits eps/rho,0.6060253186103738,0.2130926266796336,0.18836377031829193,1.0236868669024557,TRUE,1.0828609924007586,0.0381202556537201,0.10099344161120062,NA,25,296,0.5
A,"1 obs/item, naive SE",0.05787365964307762,0.14579482054483717,-0.22788418862480325,0.3436315079109585,FALSE,0.7408774602953537,NA,NA,NA,25,297,0.5
B,+ (1|variant): captures phi,0.22243458800335258,0.15940515465093824,-0.08999951511248638,0.5348686911191916,TRUE,0.8100403409012414,NA,NA,NA,25,297,0.5
C,+ (1|judge): captures lambda,0.3398962892565512,0.2273120355624052,-0.10563530044576303,0.7854278789588653,TRUE,1.1551189745471764,NA,NA,NA,25,297,0.5
D,+ (1|temp): captures tau,0.6969840899290964,0.2879285325924663,0.13264416604786244,1.2613240138103303,TRUE,1.4631504684219623,NA,NA,NA,25,297,0.5
E,+ interactions: lumps eps into residual,0.6969840899290964,0.27921360690659536,0.14972542039216952,1.2442427594660233,TRUE,1.41886431350451,NA,NA,0.21407472371194858,25,297,0.5
F,+ (1|item:variant:judge:temp): splits eps/rho,0.6969840899290964,0.2768528445901126,0.15435251453247578,1.239615665325717,TRUE,1.4068677584632503,0.04104484592231634,0.10137314914862304,NA,25,297,0.5
A,"1 obs/item, naive SE",0.36734894502617194,0.1195716378258151,0.13298853488757434,0.6017093551647695,TRUE,0.6076205658382889,NA,NA,NA,25,298,0.5
B,+ (1|variant): captures phi,0.18304166416590786,0.13920215365204583,-0.08979455699210195,0.4558778853239177,FALSE,0.7073758702810337,NA,NA,NA,25,298,0.5
C,+ (1|judge): captures lambda,0.47043639120291614,0.23608416111377967,0.007711435419907986,0.9331613469859243,TRUE,1.1996957988514088,NA,NA,NA,25,298,0.5
D,+ (1|temp): captures tau,0.4523017836812814,0.24392179871812342,-0.025784941806240524,0.9303885091688033,TRUE,1.2395238875401682,NA,NA,NA,25,298,0.5
E,+ interactions: lumps eps into residual,0.4523017836812814,0.23471374899353592,-0.007737164346049041,0.9123407317086119,TRUE,1.1927318515217988,NA,NA,0.21122935897880132,25,298,0.5
F,+ (1|item:variant:judge:temp): splits eps/rho,0.45230178368128154,0.2319874855811226,-0.0023936880577187236,0.9069972554202819,TRUE,1.1788779498157107,0.04301405587721367,0.09992315541906352,NA,25,298,0.5
A,"1 obs/item, naive SE",-0.1993788301610485,0.10844554818993642,-0.41193210461332386,0.013174444291226883,FALSE,0.551081732691516,NA,NA,NA,25,299,0.5
B,+ (1|variant): captures phi,0.06485710351591875,0.18695570959868282,-0.30157608729749963,0.4312902943293371,FALSE,0.9500424692562423,NA,NA,NA,25,299,0.5
C,+ (1|judge): captures lambda,0.33246966195267424,0.22699456176230504,-0.11243967910144359,0.7773790030067921,TRUE,1.1535056855301211,NA,NA,NA,25,299,0.5
D,+ (1|temp): captures tau,0.5674490210842851,0.22513690999947075,0.1261806774853224,1.0087173646832477,TRUE,1.144065759509302,NA,NA,NA,25,299,0.5
E,+ interactions: lumps eps into residual,0.5674490210842851,0.2132471886032931,0.14948453142183066,0.9854135107467394,TRUE,1.0836464211631198,NA,NA,0.21394403896651976,25,299,0.5
F,+ (1|item:variant:judge:temp): splits eps/rho,0.5674490210842851,0.20993542811614702,0.1559755819766369,0.9789224601919333,TRUE,1.066817231417873,0.03686466282898434,0.10269730962615693,NA,25,299,0.5
A,"1 obs/item, naive SE",1.7574476157541554,0.09404101636031169,1.5731272236879446,1.9417680078203663,FALSE,0.4778830215247229,NA,NA,NA,25,300,0.5
B,+ (1|variant): captures phi,1.3596357674953339,0.1748125524092919,1.0170031647731217,1.702268370217546,FALSE,0.888335260283915,NA,NA,NA,25,300,0.5
C,+ (1|judge): captures lambda,1.0320387758441985,0.2407772432215427,0.5601153791299748,1.5039621725584222,FALSE,1.2235443741297585,NA,NA,NA,25,300,0.5
D,+ (1|temp): captures tau,0.9354579248371442,0.19902080777788503,0.5453771415924895,1.3255387080817989,FALSE,1.0113530100821588,NA,NA,NA,25,300,0.5
E,+ interactions: lumps eps into residual,0.9354579248371442,0.1873835980805504,0.5681860725992653,1.302729777075023,FALSE,0.9522168464429696,NA,NA,0.2136289183505357,25,300,0.5
F,+ (1|item:variant:judge:temp): splits eps/rho,0.9354579248371442,0.18346052309808933,0.575875299564889,1.2950405501093993,FALSE,0.9322811737030717,0.039367195916182075,0.09787986817656659,NA,25,300,0.5
A,"1 obs/item, naive SE",-0.29880887459066263,0.09822144725870466,-0.49132291121772376,-0.10629483796360151,FALSE,0.49912648556115013,NA,NA,NA,25,301,0.5
B,+ (1|variant): captures phi,-0.07410578193440229,0.1376637467216351,-0.3439267255088071,0.1957151616400025,FALSE,0.6995582330340853,NA,NA,NA,25,301,0.5
C,+ (1|judge): captures lambda,0.19583051484793765,0.22961419682060033,-0.254213310920439,0.6458743406163143,TRUE,1.1668177398379325,NA,NA,NA,25,301,0.5
D,+ (1|temp): captures tau,0.45678328646623867,0.26335710026734216,-0.059396630057751976,0.9729632029902293,TRUE,1.3382871824092837,NA,NA,NA,25,301,0.5
E,+ interactions: lumps eps into residual,0.45678328646623867,0.2553721253661455,-0.0437460792514065,0.9573126521838838,TRUE,1.297710377943851,NA,NA,0.21444628916787,25,301,0.5
F,+ (1|item:variant:judge:temp): splits eps/rho,0.4567832864662387,0.2528078416996785,-0.038720083265131156,0.9522866561976087,TRUE,1.284679599736578,0.041099768128665524,0.10036360861627985,NA,25,301,0.5
A,"1 obs/item, naive SE",0.021828751047785967,0.13511638613104604,-0.24299936576906428,0.28665686786463623,FALSE,0.6866134518837036,NA,NA,NA,25,302,0.5
B,+ (1|variant): captures phi,0.19296314220047187,0.13366999390557402,-0.06903004585445319,0.45495633025539695,FALSE,0.6792634006638174,NA,NA,NA,25,302,0.5
C,+ (1|judge): captures lambda,0.48729575773308126,0.18749760354037268,0.1198004547939508,0.8547910606722118,TRUE,0.9527961816704987,NA,NA,NA,25,302,0.5
D,+ (1|temp): captures tau,0.5293671166800125,0.24731590415799926,0.04462794453033392,1.014106288829691,TRUE,1.2567715250685296,NA,NA,NA,25,302,0.5
E,+ interactions: lumps eps into residual,0.5293671166800125,0.23807207339125666,0.06274585283314943,0.9959883805268754,TRUE,1.209797662511059,NA,NA,0.21113205185951414,25,302,0.5
F,+ (1|item:variant:judge:temp): splits eps/rho,0.5293671166800126,0.23525613010855956,0.06826510166723587,0.9904691316927893,TRUE,1.1954880395777887,0.039347981548734354,0.0995199795017113,NA,25,302,0.5
A,"1 obs/item, naive SE",1.1884857212813484,0.1434622098694879,0.9072997899371522,1.4696716526255447,FALSE,0.7290239618888098,NA,NA,NA,25,303,0.5
B,+ (1|variant): captures phi,0.7896185954446617,0.21865405852027822,0.36105664074491645,1.218180550144407,TRUE,1.11112221239681,NA,NA,NA,25,303,0.5
C,+ (1|judge): captures lambda,0.521917488862054,0.2257512873954773,0.07944496556691849,0.9643900121571896,TRUE,1.1471878070766655,NA,NA,NA,25,303,0.5
D,+ (1|temp): captures tau,0.3830864068254485,0.24212378824902903,-0.09147621814264839,0.8576490317935453,TRUE,1.2303870373767054,NA,NA,NA,25,303,0.5
E,+ interactions: lumps eps into residual,0.3830864068254485,0.2337091882124514,-0.07498360207095628,0.8411564157218532,TRUE,1.1876270306686236,NA,NA,0.2074961723593805,25,303,0.5
F,+ (1|item:variant:judge:temp): splits eps/rho,0.38308640682544837,0.23197475693609337,-0.07158411676929466,0.8377569304201914,TRUE,1.1788132673656277,0.04054299472661192,0.09931417678787083,NA,25,303,0.5
A,"1 obs/item, naive SE",0.60839639332671,0.10492599534572915,0.4027414424490809,0.8140513442043391,TRUE,0.5331966160402721,NA,NA,NA,25,304,0.5
B,+ (1|variant): captures phi,0.4600477268422591,0.1984823405237078,0.07102233941579178,0.8490731142687264,TRUE,1.0086167108759443,NA,NA,NA,25,304,0.5
C,+ (1|judge): captures lambda,0.254227929660434,0.21638712351177172,-0.16989083242263858,0.6783466917435066,TRUE,1.0996024543870226,NA,NA,NA,25,304,0.5
D,+ (1|temp): captures tau,0.43102475579418414,0.2573603463618276,-0.07340152307499787,0.9354510346633662,TRUE,1.3078138103996961,NA,NA,NA,25,304,0.5
E,+ interactions: lumps eps into residual,0.43102475579418414,0.24823417969653275,-0.055514236411020046,0.9175637479993883,TRUE,1.261437874986158,NA,NA,0.20996593290547783,25,304,0.5
F,+ (1|item:variant:judge:temp): splits eps/rho,0.43102475579418414,0.24559580619709007,-0.05034302435211235,0.9123925359404806,TRUE,1.2480305985803648,0.03933457356942299,0.0985023351977252,NA,25,304,0.5
A,"1 obs/item, naive SE",0.3429277769228349,0.11620454381556267,0.11516687104433207,0.5706886828013377,TRUE,0.5905101907949976,NA,NA,NA,25,305,0.5
B,+ (1|variant): captures phi,0.6811495799659809,0.19012723063388398,0.3085002079235683,1.0537989520083935,TRUE,0.9661590119499555,NA,NA,NA,25,305,0.5
C,+ (1|judge): captures lambda,0.656598598518789,0.17820354648157372,0.30731964741490453,1.0058775496226735,TRUE,0.9055670869479914,NA,NA,NA,25,305,0.5
D,+ (1|temp): captures tau,0.5642950711602669,0.18083803640807578,0.2098525198004384,0.9187376225200954,TRUE,0.9189546284163818,NA,NA,NA,25,305,0.5
E,+ interactions: lumps eps into residual,0.5642950711602669,0.16646119448578242,0.23803112996813336,0.8905590123524004,TRUE,0.8458966275172294,NA,NA,0.20117925531970338,25,305,0.5
F,+ (1|item:variant:judge:temp): splits eps/rho,0.564295071160267,0.16399952206451324,0.24285600791382106,0.8857341344067129,TRUE,0.8333872831884427,0.037279368193744555,0.10065649718906328,NA,25,305,0.5
A,"1 obs/item, naive SE",0.30722236193746383,0.13759160006223772,0.03754282581547791,0.5769018980594498,TRUE,0.6991916093530562,NA,NA,NA,25,306,0.5
B,+ (1|variant): captures phi,0.07578291013378023,0.16501851352478705,-0.2476533763748024,0.3992191966423629,FALSE,0.8385654356243734,NA,NA,NA,25,306,0.5
C,+ (1|judge): captures lambda,0.2828313817372271,0.2245181681932977,-0.15722422792163637,0.7228869913960906,TRUE,1.1409215335606506,NA,NA,NA,25,306,0.5
D,+ (1|temp): captures tau,0.4236133613050662,0.21196351650322362,0.008164868958747906,0.8390618536513845,TRUE,1.0771232557873032,NA,NA,NA,25,306,0.5
E,+ interactions: lumps eps into residual,0.4236133613050662,0.18919507052321255,0.05279102307956962,0.7944356995305628,TRUE,0.9614221055715118,NA,NA,0.21563654949804456,25,306,0.5
F,+ (1|item:variant:judge:temp): splits eps/rho,0.4236133613050662,0.1858873258812087,0.05927420257789717,0.7879525200322353,TRUE,0.9446133229239848,0.0479825164282147,0.1004618560065034,NA,25,306,0.5
A,"1 obs/item, naive SE",0.3548526648234653,0.09699508614140288,0.16474229598631562,0.5449630336606149,TRUE,0.49289455423055745,NA,NA,NA,25,307,0.5
B,+ (1|variant): captures phi,0.5700735254569458,0.11754482655338079,0.3396856654123194,0.8004613855015721,TRUE,0.5973210313115646,NA,NA,NA,25,307,0.5
C,+ (1|judge): captures lambda,0.6825660541417238,0.11961628020009274,0.44811814494954205,0.9170139633339055,TRUE,0.6078474225177839,NA,NA,NA,25,307,0.5
D,+ (1|temp): captures tau,0.5773716911078015,0.17771161601588592,0.22905692371666514,0.9256864584989379,TRUE,0.9030672711609923,NA,NA,NA,25,307,0.5
E,+ interactions: lumps eps into residual,0.5773716911078015,0.1661188777897523,0.251778690639887,0.902964691575716,TRUE,0.844157095732604,NA,NA,0.1975054876299094,25,307,0.5
F,+ (1|item:variant:judge:temp): splits eps/rho,0.5773716911078016,0.16336792856823731,0.2571705511140565,0.8975728311015467,TRUE,0.8301777495183761,0.036185339243710486,0.09870522686030574,NA,25,307,0.5
A,"1 obs/item, naive SE",0.3545906914397973,0.10622588206958819,0.14638796258340447,0.5627934202961902,TRUE,0.5398021783712615,NA,NA,NA,25,308,0.5
B,+ (1|variant): captures phi,0.4864779224663317,0.09974872552145608,0.2909704204442778,0.6819854244883856,TRUE,0.506887570874353,NA,NA,NA,25,308,0.5
C,+ (1|judge): captures lambda,0.5599750233592258,0.10809612842690136,0.3481066116424991,0.7718434350759524,TRUE,0.5493061056449103,NA,NA,NA,25,308,0.5
D,+ (1|temp): captures tau,0.4452306013279011,0.16959796994694712,0.11281858023188474,0.7776426224239175,TRUE,0.8618366055527987,NA,NA,NA,25,308,0.5
E,+ interactions: lumps eps into residual,0.4452306013279011,0.14792356300143011,0.15530041784509807,0.7351607848107041,TRUE,0.7516949728720673,NA,NA,0.21749460618639244,25,308,0.5
F,+ (1|item:variant:judge:temp): splits eps/rho,0.44523060132790104,0.14469211328453843,0.16163405929020574,0.7288271433655964,TRUE,0.7352738939175747,0.040115759374821966,0.10310590272281045,NA,25,308,0.5
A,"1 obs/item, naive SE",0.06978925671878883,0.10888139670445116,-0.14361828082193542,0.28319679425951305,FALSE,0.5532965599350385,NA,NA,NA,25,309,0.5
B,+ (1|variant): captures phi,0.21233726039470352,0.112347577780109,-0.007863992054310098,0.43253851284371714,FALSE,0.5709104602276585,NA,NA,NA,25,309,0.5
C,+ (1|judge): captures lambda,0.4340670499408937,0.16593809780034152,0.1088283782522243,0.7593057216295631,TRUE,0.8432384360783971,NA,NA,NA,25,309,0.5
D,+ (1|temp): captures tau,0.4284880195621318,0.1988839567505985,0.03867546433095875,0.8183005747933048,TRUE,1.010657581800441,NA,NA,NA,25,309,0.5
E,+ interactions: lumps eps into residual,0.4284880195621318,0.18484905951470085,0.06618386291331813,0.7907921762109454,TRUE,0.9393372222651698,NA,NA,0.19030150880023536,25,309,0.5
F,+ (1|item:variant:judge:temp): splits eps/rho,0.4284880195621316,0.1828795708447439,0.07004406070643354,0.7869319784178297,TRUE,0.9293289808309041,0.039884077285102355,0.09774054530285796,NA,25,309,0.5
A,"1 obs/item, naive SE",0.4075261311646212,0.13065990676434971,0.15143271390649576,0.6636195484227467,TRUE,0.6639672076432147,NA,NA,NA,25,310,0.5
B,+ (1|variant): captures phi,0.3075531214819557,0.1568127140895823,2.002018663743721e-4,0.614906041097537,TRUE,0.7968664793615349,NA,NA,NA,25,310,0.5
C,+ (1|judge): captures lambda,0.4638046645186628,0.18951382708073083,0.09235756344043039,0.8352517655968952,TRUE,0.9630419131058543,NA,NA,NA,25,310,0.5
D,+ (1|temp): captures tau,0.48527563591837053,0.24059161219515515,0.01371607601586644,0.9568351958208746,TRUE,1.2226010632297684,NA,NA,NA,25,310,0.5
E,+ interactions: lumps eps into residual,0.48527563591837053,0.23331171466338574,0.027984675178134466,0.9425665966586065,TRUE,1.1856072113604625,NA,NA,0.2196416156739852,25,310,0.5
F,+ (1|item:variant:judge:temp): splits eps/rho,0.4852756359183705,0.2303646074784339,0.03376100526064002,0.936790266576101,TRUE,1.170631060093595,0.0436015676837158,0.09898235411622104,NA,25,310,0.5
A,"1 obs/item, naive SE",1.0414072775289438,0.1064791733440621,0.8327080977745821,1.2501064572833056,FALSE,0.5410893146045372,NA,NA,NA,25,311,0.5
B,+ (1|variant): captures phi,0.9008552528000645,0.21928361961105625,0.47105935836239426,1.3306511472377347,TRUE,1.1143214181044845,NA,NA,NA,25,311,0.5
C,+ (1|judge): captures lambda,0.8203667788497785,0.22516276217430975,0.37904776498813136,1.2616857927114256,TRUE,1.1441971310735746,NA,NA,NA,25,311,0.5
D,+ (1|temp): captures tau,0.5942241261899006,0.18568674991705567,0.23027809635247154,0.9581701560273297,TRUE,0.9435940671619305,NA,NA,NA,25,311,0.5
E,+ interactions: lumps eps into residual,0.5942241261899006,0.16908213777523104,0.2628231361504478,0.9256251162293534,TRUE,0.8592153297907965,NA,NA,0.219761666369637,25,311,0.5
F,+ (1|item:variant:judge:temp): splits eps/rho,0.5942241261899006,0.16656618023668976,0.26775441292598867,0.9206938394538126,TRUE,0.84643012778979565,0.04463542976313463,0.09826764859563528,NA,25,311,0.5
A,"1 obs/item, naive SE",0.24170595318414387,0.10200303267793102,0.04178000913539906,0.44163189723288865,FALSE,0.5183431586282482,NA,NA,NA,25,312,0.5
B,+ (1|variant): captures phi,0.33942141984190743,0.10666783653094007,0.1303524602412649,0.54849037944255,TRUE,0.5420480338664633,NA,NA,NA,25,312,0.5
C,+ (1|judge): captures lambda,0.1708195614122338,0.2588023859577882,-0.3364331150650311,0.6780722378894988,TRUE,1.3151417431033965,NA,NA,NA,25,312,0.5
D,+ (1|temp): captures tau,0.2867155881012708,0.36350113518947325,-0.4257466368700968,0.9991778130726383,TRUE,1.847183575158848,NA,NA,NA,25,312,0.5
E,+ interactions: lumps eps into residual,0.2867155881012708,0.351011439266523,-0.40126683286111425,0.9746980090636559,TRUE,1.783715379507749,NA,NA,0.20221160702906033,25,312,0.5
F,+ (1|item:variant:judge:temp): splits eps/rho,0.2867155881012708,0.34875684271356694,-0.39684782361732035,0.970278999819862,TRUE,1.7722583211437926,0.03522508924941462,0.10026431157341475,NA,25,312,0.5
A,"1 obs/item, naive SE",0.02523432328418229,0.10206911889277286,-0.1748211497456525,0.22528979631401708,FALSE,0.5186789852840209,NA,NA,NA,25,313,0.5
B,+ (1|variant): captures phi,0.289214564664561,0.191012244956454,-0.08516943545008882,0.6635985647792109,TRUE,0.9706563401896033,NA,NA,NA,25,313,0.5
C,+ (1|judge): captures lambda,0.2993210706729081,0.18723077092673263,-0.06765124034348785,0.666293381689304,TRUE,0.9514402331643801,NA,NA,NA,25,313,0.5
D,+ (1|temp): captures tau,0.5744775552697451,0.22921043266726845,0.12522510724189895,1.0237300032975911,TRUE,1.1647659539146675,NA,NA,NA,25,313,0.5
E,+ interactions: lumps eps into residual,0.5744775552697451,0.2221434639667668,0.1390763658948822,1.009878744644608,TRUE,1.1288541306876947,NA,NA,0.21269332557407594,25,313,0.5
F,+ (1|item:variant:judge:temp): splits eps/rho,0.574477555269745,0.21919347870348113,0.144858337010922,1.004096773528568,TRUE,1.1138633540496476,0.04077929486345233,0.09904414665910968,NA,25,313,0.5
A,"1 obs/item, naive SE",1.180726782726501,0.12555837330337455,0.9346323710518868,1.426821194401115,FALSE,0.6380430277577113,NA,NA,NA,25,314,0.5
B,+ (1|variant): captures phi,0.5762742903366891,0.22441965532167746,0.1364117659062013,1.0161368147671768,TRUE,1.1404209261600609,NA,NA,NA,25,314,0.5
C,+ (1|judge): captures lambda,0.21060619729743293,0.3235352467603171,-0.42352288635278856,0.8447352809476544,TRUE,1.6440911346510962,NA,NA,NA,25,314,0.5
D,+ (1|temp): captures tau,0.4052478075174019,0.3192179405018792,-0.2204193558662813,1.0309149709010852,TRUE,1.6221521186825212,NA,NA,NA,25,314,0.5
E,+ interactions: lumps eps into residual,0.4052478075174019,0.3145261252194236,-0.21122339791266825,1.021719012947472,TRUE,1.5983099809601347,NA,NA,0.21982247633018498,25,314,0.5
F,+ (1|item:variant:judge:temp): splits eps/rho,0.40524780751740186,0.31232347131704724,-0.20690619626401074,1.0174018112988144,TRUE,1.5871168766852104,0.04259245053208767,0.1018484352110454,NA,25,314,0.5
A,"1 obs/item, naive SE",0.7584217314885255,0.11735374842423152,0.5284083845770318,0.9884350784000193,FALSE,0.5963500401713233,NA,NA,NA,25,315,0.5
B,+ (1|variant): captures phi,0.6745525644434719,0.16500660676349108,0.3511396151870294,0.9979655136999144,TRUE,0.8385049296953127,NA,NA,NA,25,315,0.5
C,+ (1|judge): captures lambda,0.477938894572021,0.2004167673589617,0.08512203054845607,0.8707557585955858,TRUE,1.0184467805277624,NA,NA,NA,25,315,0.5
D,+ (1|temp): captures tau,0.640013045374073,0.19329304345557474,0.2611586802011465,1.0188674105469995,TRUE,0.9822465475313954,NA,NA,NA,25,315,0.5
E,+ interactions: lumps eps into residual,0.640013045374073,0.18291966470232182,0.2814905025575222,0.9985355881906237,TRUE,0.9295327235651437,NA,NA,0.20418043839425984,25,315,0.5
F,+ (1|item:variant:judge:temp): splits eps/rho,0.6400130453740729,0.17954504469981367,0.2881047577624381,0.9919213329857077,TRUE,0.9123841041040618,0.03978880495123259,0.09918507086007171,NA,25,315,0.5
A,"1 obs/item, naive SE",0.222671589167189,0.11691280851282955,-0.006477515517956917,0.4518206938523349,FALSE,0.5941093402583804,NA,NA,NA,25,316,0.5
B,+ (1|variant): captures phi,0.5147942613669103,0.1520986614779233,0.2166808848701806,0.81290763786364,TRUE,0.7729113394356243,NA,NA,NA,25,316,0.5
C,+ (1|judge): captures lambda,0.5377994880819963,0.18426332868006456,0.17664336386906976,0.8989556122949228,TRUE,0.9363607463412631,NA,NA,NA,25,316,0.5
D,+ (1|temp): captures tau,0.5458446084298817,0.2398770722143756,0.07568554688970552,1.0160036699700579,TRUE,1.2189700250059061,NA,NA,NA,25,316,0.5
E,+ interactions: lumps eps into residual,0.5458446084298817,0.2331136902953832,0.08894177545093063,1.0027474414088329,TRUE,1.1846009219031688,NA,NA,0.21314378951104992,25,316,0.5
F,+ (1|item:variant:judge:temp): splits eps/rho,0.5458446084298817,0.23025643612755547,0.09454199361987298,0.9971472232398904,TRUE,1.1700813717341865,0.04117679695564595,0.1001420465548587,NA,25,316,0.5
A,"1 obs/item, naive SE",-0.3931187851790187,0.1050688471024647,-0.5990537254998495,-0.18718384485818793,FALSE,0.5339225378962986,NA,NA,NA,25,317,0.5
B,+ (1|variant): captures phi,0.31404137258531567,0.24995513252089893,-0.17587068715564624,0.8039534323262776,TRUE,1.2701831455865797,NA,NA,NA,25,317,0.5
C,+ (1|judge): captures lambda,0.253973856492553,0.21279032022921215,-0.1630951711567028,0.6710428841418088,TRUE,1.081324778464062,NA,NA,NA,25,317,0.5
D,+ (1|temp): captures tau,0.3938721745579326,0.17426279392496452,0.052317098465002154,0.735427250650863,TRUE,0.8855415830591535,NA,NA,NA,25,317,0.5
E,+ interactions: lumps eps into residual,0.3938721745579326,0.15739284571099504,0.08538219696438232,0.7023621521514829,TRUE,0.7998145020738857,NA,NA,0.21863222609794564,25,317,0.5
F,+ (1|item:variant:judge:temp): splits eps/rho,0.3938721745579325,0.15426115071977325,0.0915203191471769,0.6962240299686882,TRUE,0.7839003411808894,0.04346365873526421,0.098639827813285,NA,25,317,0.5
A,"1 obs/item, naive SE",1.3924812440721004,0.11159112537723667,1.1737626383327164,1.6111998498114843,FALSE,0.5670664379710378,NA,NA,NA,25,318,0.5
B,+ (1|variant): captures phi,1.0808607323529311,0.1453634457901317,0.795948378604273,1.3657730861015893,FALSE,0.7386853671091391,NA,NA,NA,25,318,0.5
C,+ (1|judge): captures lambda,0.7116744317537543,0.24392935104919988,0.2335729036973226,1.189775959810186,TRUE,1.2395622658024845,NA,NA,NA,25,318,0.5
D,+ (1|temp): captures tau,0.4846008468601448,0.2031098846971328,0.08650547285376459,0.882696220866525,TRUE,1.0321322456651743,NA,NA,NA,25,318,0.5
E,+ interactions: lumps eps into residual,0.4846008468601448,0.189947648069937,0.11230345664306829,0.8568982370772213,TRUE,0.9652464371863722,NA,NA,0.19843506638859235,25,318,0.5
F,+ (1|item:variant:judge:temp): splits eps/rho,0.48460084686014476,0.1877484029646739,0.11661397704938392,0.8525877166709056,TRUE,0.9540706552068388,0.03644729215653939,0.09827323600346526,NA,25,318,0.5
A,"1 obs/item, naive SE",0.4172859093149195,0.1432212481635574,0.136572262914347,0.697999555715492,TRUE,0.727799480140754,NA,NA,NA,25,319,0.5
B,+ (1|variant): captures phi,0.5540226430156993,0.14692560370507632,0.2660484597537497,0.8419968262776488,TRUE,0.7466236984180249,NA,NA,NA,25,319,0.5
C,+ (1|judge): captures lambda,0.32964090914174765,0.322472020864632,-0.302404251752931,0.9616860700364263,TRUE,1.6386881985360018,NA,NA,NA,25,319,0.5
D,+ (1|temp): captures tau,0.2651097444075373,0.2569123752215594,-0.2384385110267191,0.7686579998417937,TRUE,1.3055373802806616,NA,NA,NA,25,319,0.5
E,+ interactions: lumps eps into residual,0.2651097444075373,0.23952050049565118,-0.20435043656393898,0.7345699253790137,TRUE,1.2171580542624019,NA,NA,0.21823318855350793,25,319,0.5
F,+ (1|item:variant:judge:temp): splits eps/rho,0.2651097444075377,0.2362610571364919,-0.19796192757998643,0.7281814163950618,TRUE,1.2005947215672748,0.03632261086037629,0.10165042319949717,NA,25,319,0.5
A,"1 obs/item, naive SE",-0.20881204066707731,0.13182366253240388,-0.4671864192305889,0.04956233789643427,FALSE,0.6698810008398316,NA,NA,NA,25,320,0.5
B,+ (1|variant): captures phi,0.05534801975685214,0.13136320993132167,-0.20212387170853832,0.3128199112222426,FALSE,0.6675411443730426,NA,NA,NA,25,320,0.5
C,+ (1|judge): captures lambda,0.03334075438381447,0.16027378891528357,-0.2807958718901413,0.34747738065777023,FALSE,0.8144544315067151,NA,NA,NA,25,320,0.5
D,+ (1|temp): captures tau,0.28178966750055845,0.16962799764671926,-0.050681207887011304,0.6142605428881283,TRUE,0.8619891956507362,NA,NA,NA,25,320,0.5
E,+ interactions: lumps eps into residual,0.28178966750055845,0.1602818914017104,-0.03236283964679393,0.5959421746479108,TRUE,0.8144956054629885,NA,NA,0.19940903177208388,25,320,0.5
F,+ (1|item:variant:judge:temp): splits eps/rho,0.28178966750055845,0.15820262509568053,-0.02828747768697537,0.5918668126880923,TRUE,0.8039295130988543,0.035905231397693735,0.1013846063104407,NA,25,320,0.5
A,"1 obs/item, naive SE",0.9354880950094947,0.13785191319627116,0.6652983451448032,1.2056778448741863,FALSE,0.700514428180937,NA,NA,NA,25,321,0.5
B,+ (1|variant): captures phi,0.5730206861002879,0.13983096092939293,0.2989520026786778,0.847089369521898,TRUE,0.7105712453767689,NA,NA,NA,25,321,0.5
C,+ (1|judge): captures lambda,0.40271755018219496,0.15480691632226523,0.09929599419055513,0.7061391061738348,TRUE,0.7866737279992947,NA,NA,NA,25,321,0.5
D,+ (1|temp): captures tau,0.40731423228369423,0.14524131549497044,0.12264125391355218,0.6919872106538363,TRUE,0.7380647443561081,NA,NA,NA,25,321,0.5
E,+ interactions: lumps eps into residual,0.40731423228369423,0.12767083792230657,0.15707938995597337,0.6575490746114151,TRUE,0.6487778221488251,NA,NA,0.22129974987731377,25,321,0.5
F,+ (1|item:variant:judge:temp): splits eps/rho,0.40731423228369423,0.12409230895218487,0.1640933067374119,0.6505351578299765,TRUE,0.6305930097867031,0.039906886575438866,0.10124614933210813,NA,25,321,0.5
A,"1 obs/item, naive SE",0.5377833562418448,0.10525056122182352,0.3314922562470707,0.7440744562366189,TRUE,0.5348459444668975,NA,NA,NA,25,322,0.5
B,+ (1|variant): captures phi,0.5250407220157796,0.0881005059766201,0.35236373030160417,0.697717713729955,TRUE,0.4476954591032302,NA,NA,NA,25,322,0.5
C,+ (1|judge): captures lambda,0.5812510751348888,0.12780680014068888,0.33074974685913866,0.8317524034106389,TRUE,0.6494687338195879,NA,NA,NA,25,322,0.5
D,+ (1|temp): captures tau,0.5045107291831008,0.20736447169151812,0.09807636466772529,0.9109450936984763,TRUE,1.0537525446252216,NA,NA,NA,25,322,0.5
E,+ interactions: lumps eps into residual,0.5045107291831008,0.19258267889035283,0.12704867855800928,0.8819727798081923,TRUE,0.9786367272853903,NA,NA,0.21260628569128825,25,322,0.5
F,+ (1|item:variant:judge:temp): splits eps/rho,0.5045107291831008,0.18900614055674606,0.13405869369187856,0.874962764674323,TRUE,0.9604620306305345,0.038957681203137653,0.10077548857046945,NA,25,322,0.5
A,"1 obs/item, naive SE",-0.21245501348500384,0.11390626308114164,-0.43571128912404145,0.010801262154033764,FALSE,0.5788311449468638,NA,NA,NA,25,323,0.5
B,+ (1|variant): captures phi,0.1410575761719953,0.1664944403878004,-0.1852715269880935,0.4673866793320841,FALSE,0.8460655713751817,NA,NA,NA,25,323,0.5
C,+ (1|judge): captures lambda,0.30305925503234876,0.2795595716255157,-0.24487750535366204,0.8509960154183596,TRUE,1.4206223832449,NA,NA,NA,25,323,0.5
D,+ (1|temp): captures tau,0.3857352087499437,0.2265301643728091,-0.05826391342076209,0.8297343309206495,TRUE,1.1511457830506517,NA,NA,NA,25,323,0.5
E,+ interactions: lumps eps into residual,0.3857352087499437,0.22020858789095626,-0.045873623516330564,0.817344041016218,TRUE,1.1190217781550347,NA,NA,0.20167850775582777,25,323,0.5
F,+ (1|item:variant:judge:temp): splits eps/rho,0.3857352087499437,0.21809922790849964,-0.04173927795071558,0.813209695450603,TRUE,1.1083027604230535,0.04047065646167179,0.0988658767233047,NA,25,323,0.5
A,"1 obs/item, naive SE",0.4601317273784919,0.15720110558751058,0.15201756042697118,0.7682458943300126,TRUE,0.798840146913716,NA,NA,NA,25,324,0.5
B,+ (1|variant): captures phi,0.3361737715298632,0.17270468963847033,-0.0023274201615386403,0.6746749632212651,TRUE,0.8776238508493313,NA,NA,NA,25,324,0.5
C,+ (1|judge): captures lambda,0.4836035183159602,0.16312417278571797,0.163880139655953,0.8033268969759675,TRUE,0.8289390692661535,NA,NA,NA,25,324,0.5
D,+ (1|temp): captures tau,0.4316785609012384,0.19108862581262973,0.05714485430848415,0.8062122674939927,TRUE,0.9710444805537616,NA,NA,NA,25,324,0.5
E,+ interactions: lumps eps into residual,0.4316785609012384,0.16841441271253257,0.10158631198467455,0.7617708098178022,TRUE,0.8558221883418831,NA,NA,0.2101917180125785,25,324,0.5
F,+ (1|item:variant:judge:temp): splits eps/rho,0.43167856090123846,0.16457514096284037,0.10911128461407132,0.7542458371884055,TRUE,0.8363123738459635,0.041422242898726924,0.10100369026041453,NA,25,324,0.5
A,"1 obs/item, naive SE",1.1911801099462793,0.11987335543045982,0.9562283333025781,1.4261318865899806,FALSE,0.6091537874700329,NA,NA,NA,25,325,0.5
B,+ (1|variant): captures phi,0.9830300204959354,0.16678411241379132,0.6561331601649043,1.3099268808269664,FALSE,0.8475375816573902,NA,NA,NA,25,325,0.5
C,+ (1|judge): captures lambda,0.7930348902974561,0.21022812758079265,0.3809877602391025,1.2050820203558097,TRUE,1.0683046260673268,NA,NA,NA,25,325,0.5
D,+ (1|temp): captures tau,0.6103976819129043,0.2545352137513671,0.11150866296022477,1.1092867008655838,TRUE,1.2934574905687606,NA,NA,NA,25,325,0.5
E,+ interactions: lumps eps into residual,0.6103976819129043,0.24316402368206394,0.13379619549605903,1.0869991683297497,TRUE,1.2356731441317745,NA,NA,0.2175420134440126,25,325,0.5
F,+ (1|item:variant:judge:temp): splits eps/rho,0.6103976819129043,0.24028678361093092,0.13943558603547973,1.081359777790329,TRUE,1.2210520327054912,0.04212507426788998,0.09789731991177604,NA,25,325,0.5
A,"1 obs/item, naive SE",1.1574971567721446,0.12558983313489197,0.9113410838277564,1.403653229716533,FALSE,0.6382028954401766,NA,NA,NA,25,326,0.5
B,+ (1|variant): captures phi,0.9048329946836724,0.15157050925788812,0.6077547965382117,1.201911192829133,FALSE,0.7702274575667983,NA,NA,NA,25,326,0.5
C,+ (1|judge): captures lambda,0.7637556073905182,0.3367030268992769,0.10381767466793546,1.423693540113101,TRUE,1.7110051132864341,NA,NA,NA,25,326,0.5
D,+ (1|temp): captures tau,0.5232948304229138,0.2842465804100174,-0.0338284671807203,1.080418128026548,TRUE,1.444440096052988,NA,NA,NA,25,326,0.5
E,+ interactions: lumps eps into residual,0.5232948304229138,0.2781116827959491,-0.021804067857146392,1.0683937287029739,TRUE,1.4132647268149214,NA,NA,0.21489805960155295,25,326,0.5
F,+ (1|item:variant:judge:temp): splits eps/rho,0.5232948304229138,0.2760927666813925,-0.017846992272615436,1.064436653118443,TRUE,1.4030053126744715,0.042891763249038026,0.09994530396018358,NA,25,326,0.5
A,"1 obs/item, naive SE",-0.2895002992116809,0.10570301997017226,-0.49667821835321857,-0.08232238007014328,FALSE,0.5371451790152326,NA,NA,NA,25,327,0.5
B,+ (1|variant): captures phi,-0.013567038480258057,0.12498622858735983,-0.2585400465114833,0.2314059695509672,FALSE,0.6351355916599246,NA,NA,NA,25,327,0.5
C,+ (1|judge): captures lambda,0.05435225294571848,0.11806362975313679,-0.17705246137042963,0.2857569672618666,FALSE,0.5999574047821168,NA,NA,NA,25,327,0.5
D,+ (1|temp): captures tau,0.3510584206950876,0.26732447603476844,-0.17289755233305854,0.8750143937232338,TRUE,1.3584479759931969,NA,NA,NA,25,327,0.5
E,+ interactions: lumps eps into residual,0.3510584206950876,0.25960697432389246,-0.15777124897974165,0.8598880903699169,TRUE,1.3192303752169028,NA,NA,0.2224556736106847,25,327,0.5
F,+ (1|item:variant:judge:temp): splits eps/rho,0.3510584206950876,0.25682137882773065,-0.15231148180726445,0.8544283231974397,TRUE,1.3050749689487369,0.04055966641426027,0.100348581333557,NA,25,327,0.5
A,"1 obs/item, naive SE",0.49702685379050626,0.1252493217700405,0.2515381831212269,0.7425155244597856,TRUE,0.6364725377069588,NA,NA,NA,25,328,0.5
B,+ (1|variant): captures phi,0.2456988714152491,0.22816054809555508,-0.20149580285203883,0.692893545682537,TRUE,1.1594308136662863,NA,NA,NA,25,328,0.5
C,+ (1|judge): captures lambda,0.18939493278883432,0.24777979234996886,-0.29625346021710464,0.6750433257947732,TRUE,1.2591288399871468,NA,NA,NA,25,328,0.5
D,+ (1|temp): captures tau,0.4533165326849864,0.26565412219767964,-0.06736554682246565,0.9739986121924384,TRUE,1.3499598314624632,NA,NA,NA,25,328,0.5
E,+ interactions: lumps eps into residual,0.4533165326849864,0.25852545341629984,-0.05339335601096129,0.9600264213809341,TRUE,1.313734470353622,NA,NA,0.20815640781471662,25,328,0.5
F,+ (1|item:variant:judge:temp): splits eps/rho,0.45331653268498673,0.2569696222260345,-0.05034392687804079,0.9569769922480142,TRUE,1.3058282892109412,0.03559954802891456,0.10016744975272265,NA,25,328,0.5
A,"1 obs/item, naive SE",0.5330499637808155,0.12563106610293462,0.28681307421906366,0.7792868533425673,TRUE,0.6384124267289406,NA,NA,NA,25,329,0.5
B,+ (1|variant): captures phi,0.7665674475767353,0.14292968319783803,0.48642526850897283,1.046709626644498,TRUE,0.7263178506116251,NA,NA,NA,25,329,0.5
C,+ (1|judge): captures lambda,0.8367316250815707,0.1545051812278104,0.5339014698750624,1.139561780288079,FALSE,0.7851404174905519,NA,NA,NA,25,329,0.5
D,+ (1|temp): captures tau,0.7122535718550049,0.3326003525933441,0.06035688077205059,1.3641502629379594,TRUE,1.6901567806170048,NA,NA,NA,25,329,0.5
E,+ interactions: lumps eps into residual,0.7122535718550049,0.3248607397707524,0.07552652190433018,1.3489806218056797,TRUE,1.6508268190295996,NA,NA,0.205938285854584,25,329,0.5
F,+ (1|item:variant:judge:temp): splits eps/rho,0.712253571855005,0.3227117992626258,0.07973844530025853,1.3447686984097516,TRUE,1.6399066671336888,0.032701225830073045,0.0951927450003852,NA,25,329,0.5
A,"1 obs/item, naive SE",0.4760047115862094,0.13493554922256196,0.21153103510998794,0.7404783880624308,TRUE,0.685694502986996,NA,NA,NA,25,330,0.5
B,+ (1|variant): captures phi,0.1964677381339554,0.17142965928127693,-0.13953439405734736,0.5324698703252582,TRUE,0.8711445997394031,NA,NA,NA,25,330,0.5
C,+ (1|judge): captures lambda,0.25940539442520055,0.1814932983965943,-0.0963214704321243,0.6151322592825255,TRUE,0.9222844369518803,NA,NA,NA,25,330,0.5
D,+ (1|temp): captures tau,0.3020886755464599,0.29809480646611203,-0.28217714512711967,0.8863544962200395,TRUE,1.5148118589982982,NA,NA,NA,25,330,0.5
E,+ interactions: lumps eps into residual,0.3020886755464599,0.2864332945871958,-0.25932058184444384,0.8634979329373637,TRUE,1.4555522003096788,NA,NA,0.21600862341563204,25,330,0.5
F,+ (1|item:variant:judge:temp): splits eps/rho,0.3020886755464598,0.28420502306998846,-0.25495316967071757,0.8591305207636372,TRUE,1.4442289164210764,0.0428619334449463,0.10423823427334927,NA,25,330,0.5
A,"1 obs/item, naive SE",1.0891938335643014,0.11285765991186239,0.8679928201370511,1.3103948469915516,FALSE,0.5735025163302226,NA,NA,NA,25,331,0.5
B,+ (1|variant): captures phi,0.9621807737670804,0.2820643076049891,0.4093347308613019,1.5150268166728589,TRUE,1.433350561271032,NA,NA,NA,25,331,0.5
C,+ (1|judge): captures lambda,0.5271578390003446,0.3352671886286099,-0.12996585071173072,1.18428152871242,TRUE,1.7037086935138297,NA,NA,NA,25,331,0.5
D,+ (1|temp): captures tau,0.5255575675218438,0.33795842662620207,-0.13684094866551222,1.1879560837091998,TRUE,1.717384608510366,NA,NA,NA,25,331,0.5
E,+ interactions: lumps eps into residual,0.5255575675218438,0.32935262143895405,-0.1199735704985061,1.1710887055421937,TRUE,1.673652965183818,NA,NA,0.2084760830842548,25,331,0.5
F,+ (1|item:variant:judge:temp): splits eps/rho,0.5255575675218437,0.3274259297528834,-0.11619725479380782,1.167312389837495,TRUE,1.6638622028109586,0.041914995728897536,0.100173719027041,NA,25,331,0.5
A,"1 obs/item, naive SE",0.17710391724965377,0.10659208683575802,-0.03181657294843196,0.38602440744773947,FALSE,0.5416631008381506,NA,NA,NA,25,332,0.5
B,+ (1|variant): captures phi,0.3367048204296783,0.21253343693084217,-0.07986071595477234,0.753270356814129,TRUE,1.0800193888420069,NA,NA,NA,25,332,0.5
C,+ (1|judge): captures lambda,0.13765940028515034,0.25766861528751517,-0.3673710856783794,0.6426898862486801,TRUE,1.3093803235165402,NA,NA,NA,25,332,0.5
D,+ (1|temp): captures tau,0.44838728078439244,0.28136717875675626,-0.10309238957884986,0.9998669511476348,TRUE,1.429808000234589,NA,NA,NA,25,332,0.5
E,+ interactions: lumps eps into residual,0.44838728078439244,0.2650579617922217,-0.07112632432836202,0.967900885897147,TRUE,1.34693035616647,NA,NA,0.20798004258026057,25,332,0.5
F,+ (1|item:variant:judge:temp): splits eps/rho,0.44838728078439244,0.26268808627846063,-0.06648136832139034,0.9632559298901753,TRUE,1.3348874910956121,0.039502773045264436,0.102159428831179,NA,25,332,0.5
A,"1 obs/item, naive SE",0.3836635359339841,0.11602645372801326,0.1562516866270781,0.6110753852408901,TRUE,0.5896052002660178,NA,NA,NA,25,333,0.5
B,+ (1|variant): captures phi,0.6412634690457417,0.1958507040168244,0.2573960891727659,1.0251308489187174,TRUE,0.9952436694719068,NA,NA,NA,25,333,0.5
C,+ (1|judge): captures lambda,0.5255957241017275,0.15231621304387097,0.2270559465357404,0.8241355016677145,TRUE,0.7740168591726099,NA,NA,NA,25,333,0.5
D,+ (1|temp): captures tau,0.31606899625327867,0.20253954636958546,-0.08090851463110882,0.7130465071376662,TRUE,1.0292339889915607,NA,NA,NA,25,333,0.5
E,+ interactions: lumps eps into residual,0.31606899625327867,0.18143731299676405,-0.039548137220378865,0.6716861297269362,TRUE,0.921999939048012,NA,NA,0.23164235804417224,25,333,0.5
F,+ (1|item:variant:judge:temp): splits eps/rho,0.3160689962532786,0.17690554824287497,-0.0306658783027563,0.6628038708093136,TRUE,0.89897112122739,0.04402629914224605,0.10094858012611274,NA,25,333,0.5
A,"1 obs/item, naive SE",0.17493434205334285,0.10491169892429186,-0.030692587838269197,0.3805612719449549,FALSE,0.5331239667076951,NA,NA,NA,25,334,0.5
B,+ (1|variant): captures phi,0.13328916044977146,0.11132124500771576,-0.08490047976535142,0.35147880066489434,FALSE,0.5656950018527518,NA,NA,NA,25,334,0.5
C,+ (1|judge): captures lambda,0.1623380822323854,0.14873119521696318,-0.1291750603928624,0.4538512248576332,FALSE,0.7557990727465401,NA,NA,NA,25,334,0.5
D,+ (1|temp): captures tau,0.3984723995193734,0.24430621001061806,-0.08036777210143797,0.8773125711401848,TRUE,1.2414773291029615,NA,NA,NA,25,334,0.5
E,+ interactions: lumps eps into residual,0.3984723995193734,0.23919121102521854,-0.0703423740900549,0.8672871731288017,TRUE,1.2154847222081873,NA,NA,0.2119428210307119,25,334,0.5
F,+ (1|item:variant:judge:temp): splits eps/rho,0.39847239951937335,0.23637204347806295,-0.06481680569763004,0.8617616047363768,TRUE,1.2011587147088922,0.04261078486506126,0.09785383375829469,NA,25,334,0.5
A,"1 obs/item, naive SE",0.3385722433764303,0.07407426370676731,0.1933866865111664,0.48375780024169424,FALSE,0.3764190810292914,NA,NA,NA,25,335,0.5
B,+ (1|variant): captures phi,0.4008414052911262,0.07467761170790532,0.25447328634363175,0.5472095242386207,TRUE,0.37948508113194895,NA,NA,NA,25,335,0.5
C,+ (1|judge): captures lambda,0.2859738325066586,0.2178869521108505,-0.14108459363060838,0.7130322586439255,TRUE,1.1072240502654722,NA,NA,NA,25,335,0.5
D,+ (1|temp): captures tau,0.4082194158738985,0.2568448422429491,-0.09519647492228184,0.9116353066700789,TRUE,1.3051942016856197,NA,NA,NA,25,335,0.5
E,+ interactions: lumps eps into residual,0.4082194158738985,0.25301463633836857,-0.08768927134930393,0.9041281030971009,TRUE,1.2857304565924172,NA,NA,0.20125099376864425,25,335,0.5
F,+ (1|item:variant:judge:temp): splits eps/rho,0.4082194158738985,0.2507681699153444,-0.08328619716017654,0.8997250289079735,TRUE,1.274314712659202,0.03747659027093969,0.10311494835991894,NA,25,335,0.5
A,"1 obs/item, naive SE",0.3523346439477645,0.13930078840577073,0.07930509867245383,0.6253641892230751,TRUE,0.7078770970431606,NA,NA,NA,25,336,0.5
B,+ (1|variant): captures phi,0.9996045216292456,0.241668892693663,0.5259334919496661,1.4732755513088251,FALSE,1.228075419841187,NA,NA,NA,25,336,0.5
C,+ (1|judge): captures lambda,0.6946670325927385,0.33475031964718677,0.03855640608425248,1.3507776591012246,TRUE,1.7010821490533945,NA,NA,NA,25,336,0.5
D,+ (1|temp): captures tau,0.6780796762803368,0.25505245384933944,0.17817686673563154,1.177982485825042,TRUE,1.2960859209115985,NA,NA,NA,25,336,0.5
E,+ interactions: lumps eps into residual,0.6780796762803368,0.24529319028425017,0.19730502332320649,1.1588543292374671,TRUE,1.2464928120656453,NA,NA,0.21931158123792638,25,336,0.5
F,+ (1|item:variant:judge:temp): splits eps/rho,0.6780796762803369,0.24305807973309648,0.20168584000346784,1.154473512557206,TRUE,1.235134774637225,0.03992086939947511,0.09654362673889606,NA,25,336,0.5
A,"1 obs/item, naive SE",1.0783027323637844,0.1278584158469227,0.8277002373038158,1.328905227423753,FALSE,0.6497310264936552,NA,NA,NA,25,337,0.5
B,+ (1|variant): captures phi,1.1566335784268151,0.11095590983441385,0.9391599951513641,1.3741071617022662,FALSE,0.5638384983477508,NA,NA,NA,25,337,0.5
C,+ (1|judge): captures lambda,0.7413385908146937,0.2556079991319976,0.2403469125159784,1.2423302691134088,TRUE,1.2989090045887601,NA,NA,NA,25,337,0.5
D,+ (1|temp): captures tau,0.687092858251282,0.18031952072150323,0.33366659763713563,1.0405191188654284,TRUE,0.9163197159856412,NA,NA,NA,25,337,0.5
E,+ interactions: lumps eps into residual,0.687092858251282,0.16999173114486055,0.3539090652073553,1.0202766512952086,TRUE,0.8638375600118308,NA,NA,0.21335378029915167,25,337,0.5
F,+ (1|item:variant:judge:temp): splits eps/rho,0.6870928582512821,0.16731618780600638,0.35915313015150957,1.0150325863510545,TRUE,0.8502413996928788,0.04107883012604905,0.09807505748677448,NA,25,337,0.5
A,"1 obs/item, naive SE",1.1762587410217933,0.12606438795013633,0.9291725406395261,1.4233449414040604,FALSE,0.6406144143471946,NA,NA,NA,25,338,0.5
B,+ (1|variant): captures phi,0.5216041436873424,0.24419266754606075,0.04298651529706338,1.0002217720776214,TRUE,1.2409003466528132,NA,NA,NA,25,338,0.5
C,+ (1|judge): captures lambda,0.6821271716903481,0.19898359443710992,0.29211932659361267,1.0721350167870836,TRUE,1.0111639051105314,NA,NA,NA,25,338,0.5
D,+ (1|temp): captures tau,0.5022542295100009,0.23668362559880946,0.03835432333633437,0.9661541356836674,TRUE,1.2027420643054654,NA,NA,NA,25,338,0.5
E,+ interactions: lumps eps into residual,0.5022542295100009,0.222376893457718,0.0663955183328736,0.9381129406871281,TRUE,1.1300403363962903,NA,NA,0.21287267989362402,25,338,0.5
F,+ (1|item:variant:judge:temp): splits eps/rho,0.5022542295100009,0.2194199663221253,0.07219109551863528,0.9323173635013664,TRUE,1.1150142836304267,0.042601052711199953,0.10085045485968902,NA,25,338,0.5
A,"1 obs/item, naive SE",0.7626287804241599,0.10380380993529041,0.5591733129509907,0.9660842478973292,FALSE,0.5274940686263146,NA,NA,NA,25,339,0.5
B,+ (1|variant): captures phi,0.519016854906233,0.2490173866932565,0.030942776987450238,1.0070909328250157,TRUE,1.2654178545797388,NA,NA,NA,25,339,0.5
C,+ (1|judge): captures lambda,0.5530406916515215,0.32417202874489826,-0.0823364846884791,1.188417867991522,TRUE,1.6473270343746618,NA,NA,NA,25,339,0.5
D,+ (1|temp): captures tau,0.2582003662975629,0.32498592217337413,-0.37877204116225044,0.89517277375737625,TRUE,1.6514629515079788,NA,NA,NA,25,339,0.5
E,+ interactions: lumps eps into residual,0.2582003662975629,0.31821495376085607,-0.365500943073715,0.8819016756688407,TRUE,1.6170552965415002,NA,NA,0.21288597776186066,25,339,0.5
F,+ (1|item:variant:judge:temp): splits eps/rho,0.2582003662975629,0.316106608619265,-0.3613685865961965,0.8777693191913223,TRUE,1.6063414358701078,0.040283741408229726,0.09999843459830252,NA,25,339,0.5
A,"1 obs/item, naive SE",0.8019396068851435,0.14124050605751343,0.5251082150124172,1.0787709987578697,FALSE,0.7177340527439375,NA,NA,NA,25,340,0.5
B,+ (1|variant): captures phi,1.049191978670938,0.18578934192442423,0.6850448684990667,1.4133390888428095,FALSE,0.944115403280606,NA,NA,NA,25,340,0.5
C,+ (1|judge): captures lambda,0.6706364515576355,0.23337543353554835,0.21322060182796077,1.1280523012873103,TRUE,1.1859310080221293,NA,NA,NA,25,340,0.5
D,+ (1|temp): captures tau,0.6916289790038,0.2359846192449704,0.22909912528365806,1.154158832723942,TRUE,1.1991899624528257,NA,NA,NA,25,340,0.5
E,+ interactions: lumps eps into residual,0.6916289790038,0.2268885022999885,0.24692751449582262,1.1363304435117776,TRUE,1.1529667290377867,NA,NA,0.21102235962817273,25,340,0.5
F,+ (1|item:variant:judge:temp): splits eps/rho,0.6916289790038003,0.2238553863026249,0.2528724218506555,1.130385536156945,TRUE,1.1375535115550923,0.03837259340484108,0.09744752969256708,NA,25,340,0.5
A,"1 obs/item, naive SE",0.5593982275240441,0.10346164582891457,0.35661340169937156,0.7621830533487166,TRUE,0.5257553122480797,NA,NA,NA,25,341,0.5
B,+ (1|variant): captures phi,1.0412511169499001,0.18574846925520902,0.6771841172096904,1.4053181166901099,FALSE,0.9439077029024272,NA,NA,NA,25,341,0.5
C,+ (1|judge): captures lambda,0.7677750540308177,0.229196482711895,0.3185499479155035,1.217000160146132,TRUE,1.1646950651994876,NA,NA,NA,25,341,0.5
D,+ (1|temp): captures tau,0.4497482722454361,0.26893318121377213,-0.0773607629335572,0.9768573074244294,TRUE,1.3666228439544197,NA,NA,NA,25,341,0.5
E,+ interactions: lumps eps into residual,0.4497482722454361,0.2612042122944405,-0.06221198385166726,0.9617085283425395,TRUE,1.3273469709003758,NA,NA,0.21860008607178377,25,341,0.5
F,+ (1|item:variant:judge:temp): splits eps/rho,0.449748272245436,0.25841736445509284,-0.05674976208654592,0.9562463065774179,TRUE,1.3131852006692413,0.037476355652256835,0.10074816290103253,NA,25,341,0.5
A,"1 obs/item, naive SE",0.7548961875361594,0.1268051007799599,0.506358190007438,1.0034341850648807,FALSE,0.644378453687667,NA,NA,NA,25,342,0.5
B,+ (1|variant): captures phi,0.3847892258605571,0.14179472481842148,0.10687156521645097,0.6627068865046633,TRUE,0.7205503955090313,NA,NA,NA,25,342,0.5
C,+ (1|judge): captures lambda,0.5045503418548982,0.1805936882538502,0.15058671287735187,0.8585139708324445,TRUE,0.917712937941686,NA,NA,NA,25,342,0.5
D,+ (1|temp): captures tau,0.4387876905034638,0.21167629253571493,0.023902157133462498,0.853673223873465,TRUE,1.0756636856682238,NA,NA,NA,25,342,0.5
E,+ interactions: lumps eps into residual,0.4387876905034638,0.19855963149809835,0.04961081276719104,0.8279645682397365,TRUE,1.0090094761374002,NA,NA,0.21130053486209527,25,342,0.5
F,+ (1|item:variant:judge:temp): splits eps/rho,0.43878769050346345,0.195382820417697,0.05583736248477733,0.8217380185221496,TRUE,0.99286605131414285,0.04172882686444038,0.10353861346985745,NA,25,342,0.5
A,"1 obs/item, naive SE",-0.16843409289647493,0.08887040505021902,-0.3426200867949042,0.005751901001954357,FALSE,0.45160781256133053,NA,NA,NA,25,343,0.5
B,+ (1|variant): captures phi,0.22119542828567143,0.1404073513332084,-0.05400298032741699,0.4963938368987598,FALSE,0.7135002565509764,NA,NA,NA,25,343,0.5
C,+ (1|judge): captures lambda,0.37375892414689155,0.16624579667756387,0.047917162658866364,0.6996006856349167,TRUE,0.8448020524115446,NA,NA,NA,25,343,0.5
D,+ (1|temp): captures tau,0.40955222881421516,0.2431195620027454,-0.06696211271116581,0.8860665703395961,TRUE,1.23544720567984,NA,NA,NA,25,343,0.5
E,+ interactions: lumps eps into residual,0.40955222881421516,0.23460072802828652,-0.05026519812122643,0.8693696557496567,TRUE,1.1921575191457845,NA,NA,0.19847687597726407,25,343,0.5
F,+ (1|item:variant:judge:temp): splits eps/rho,0.4095522288142155,0.2321976685235953,-0.045555201492031294,0.8646596591204623,TRUE,1.1799460248271183,0.04139478254914757,0.0980671616318796,NA,25,343,0.5
A,"1 obs/item, naive SE",0.6539700629482383,0.1144544935455268,0.42963925559900584,0.8783008702974708,TRUE,0.5816170573173605,NA,NA,NA,25,344,0.5
B,+ (1|variant): captures phi,0.6171274338772368,0.13302893327555412,0.3563907246571507,0.8778641430973229,TRUE,0.6760057583848285,NA,NA,NA,25,344,0.5
C,+ (1|judge): captures lambda,0.4678716693099011,0.22050548178522414,0.035680925010861786,0.9000624136089403,TRUE,1.1205304874050641,NA,NA,NA,25,344,0.5
D,+ (1|temp): captures tau,0.3740261476489745,0.22524083661385766,-0.0674458921141865,0.8154981874121355,TRUE,1.1445938776265048,NA,NA,NA,25,344,0.5
E,+ interactions: lumps eps into residual,0.3740261476489745,0.21158263129006763,-0.04067580967955803,0.788728104977507,TRUE,1.0751877325064862,NA,NA,0.20284600070131734,25,344,0.5
F,+ (1|item:variant:judge:temp): splits eps/rho,0.37402614764897457,0.20950811342094436,-0.036609754656076354,0.7846620499540256,TRUE,1.064645770011044,0.04181103566492448,0.0985307616740584,NA,25,344,0.5
A,"1 obs/item, naive SE",-0.52131386815267855,0.15056295023390615,-0.8164172506111346,-0.22621048569422253,FALSE,0.7651074007088399,NA,NA,NA,25,345,0.5
B,+ (1|variant): captures phi,0.19170120503888016,0.27889268002597145,-0.3549284478120239,0.7383308578897843,TRUE,1.4172334771595108,NA,NA,NA,25,345,0.5
C,+ (1|judge): captures lambda,0.4157269594518071,0.3025063210653314,-0.17718542983624236,1.0086393487398566,TRUE,1.5372296082716366,NA,NA,NA,25,345,0.5
D,+ (1|temp): captures tau,0.5895180565549233,0.2899617432377839,0.021193039808866887,1.1578430733009797,TRUE,1.473482522287244,NA,NA,NA,25,345,0.5
E,+ interactions: lumps eps into residual,0.5895180565549233,0.2848486828103654,0.031214638246607085,1.1478214748632394,TRUE,1.4474997664551363,NA,NA,0.21934123490359733,25,345,0.5
F,+ (1|item:variant:judge:temp): splits eps/rho,0.5895180565549232,0.2821640640908959,0.03647649093676719,1.1425596221730792,TRUE,1.4338574882774267,0.04053660348836313,0.10053187883883506,NA,25,345,0.5
A,"1 obs/item, naive SE",0.1543051535041099,0.14133570173250204,-0.1227128218915941,0.4313231288998139,FALSE,0.718217803330228,NA,NA,NA,25,346,0.5
B,+ (1|variant): captures phi,0.2854177449706504,0.10436722959373188,0.08085797496693595,0.4899775149743649,FALSE,0.5303571670825332,NA,NA,NA,25,346,0.5
C,+ (1|judge): captures lambda,0.6973346981997339,0.3505555393377716,0.010245841097701547,1.3844235553017663,TRUE,1.7813986581036556,NA,NA,NA,25,346,0.5
D,+ (1|temp): captures tau,0.5770450530237493,0.2125869700187002,0.16037459178709695,0.9937155142604017,TRUE,1.0802914249680213,NA,NA,NA,25,346,0.5
E,+ interactions: lumps eps into residual,0.5770450530237493,0.20291121974176018,0.17933906232989938,0.9747510437175992,TRUE,1.0311227009705404,NA,NA,0.21808347884658907,25,346,0.5
F,+ (1|item:variant:judge:temp): splits eps/rho,0.5770450530237492,0.20125531868349886,0.18258462840409145,0.9715054776434069,TRUE,1.0227080003250688,0.041442509774874466,0.1021105098036042,NA,25,346,0.5
A,"1 obs/item, naive SE",0.2316503636025972,0.08144073281592344,0.07202652728338724,0.3912741999218071,FALSE,0.41385285888601125,NA,NA,NA,25,347,0.5
B,+ (1|variant): captures phi,0.27645639728409865,0.09064987677092298,0.0987826388130896,0.45413015575510773,FALSE,0.46065045539442834,NA,NA,NA,25,347,0.5
C,+ (1|judge): captures lambda,0.40626963509096786,0.16185234716950658,0.08903903463873497,0.7235002355432008,TRUE,0.8224761035108817,NA,NA,NA,25,347,0.5
D,+ (1|temp): captures tau,0.503520469879026,0.15984821610403513,0.19021796631511712,0.8168229734429349,TRUE,0.8122918217350495,NA,NA,NA,25,347,0.5
E,+ interactions: lumps eps into residual,0.503520469879026,0.15000529120529296,0.2095100991166518,0.7975308406414001,TRUE,0.7622735757259924,NA,NA,0.19873235599680544,25,347,0.5
F,+ (1|item:variant:judge:temp): splits eps/rho,0.5035204698790259,0.14633601373667865,0.2167018829551357,0.790339056802916,TRUE,0.743627611747938,0.041718496036151964,0.0987514065690023,NA,25,347,0.5
A,"1 obs/item, naive SE",0.7465321397540317,0.10570688645648987,0.5393466422993115,0.9537176372087518,FALSE,0.5371648271244903,NA,NA,NA,25,348,0.5
B,+ (1|variant): captures phi,0.7170529117356613,0.11019200640633506,0.5010765791792446,0.933029244292078,FALSE,0.5599566126292395,NA,NA,NA,25,348,0.5
C,+ (1|judge): captures lambda,0.6800405189868237,0.1561329590170524,0.374019919313401,0.9860611186602464,TRUE,0.7934122056783078,NA,NA,NA,25,348,0.5
D,+ (1|temp): captures tau,0.44930141097586895,0.1875994493575409,0.08160649023508881,0.8169963317166491,TRUE,0.9533137259157833,NA,NA,NA,25,348,0.5
E,+ interactions: lumps eps into residual,0.44930141097586895,0.17417680535814042,0.10791487247391374,0.7906879494778242,TRUE,0.885104619724208,NA,NA,0.20595465872330157,25,348,0.5
F,+ (1|item:variant:judge:temp): splits eps/rho,0.449301410975869,0.17092454688803937,0.11428929907531182,0.7843135228764262,TRUE,0.8685777980816551,0.04388588162535573,0.09845430242872417,NA,25,348,0.5
A,"1 obs/item, naive SE",0.8752607622448433,0.11122005119323078,0.657269461906111,1.0932520625835755,FALSE,0.5651807708533716,NA,NA,NA,25,349,0.5
B,+ (1|variant): captures phi,0.4259242441354371,0.2092520907856787,0.015790146195506893,0.8360583420753673,TRUE,1.063344753972992,NA,NA,NA,25,349,0.5
C,+ (1|judge): captures lambda,0.40279565809915757,0.2523894211248946,-0.09188760730563583,0.897478923503951,TRUE,1.2825533350886107,NA,NA,NA,25,349,0.5
D,+ (1|temp): captures tau,0.3635034365932056,0.2857254267891887,-0.1965183999136043,0.9235252731000155,TRUE,1.4519550677472703,NA,NA,NA,25,349,0.5
E,+ interactions: lumps eps into residual,0.3635034365932056,0.2795368987791716,-0.18438888501397066,0.9113957582003819,TRUE,1.4205071678980565,NA,NA,0.213049685562397,25,349,0.5
F,+ (1|item:variant:judge:temp): splits eps/rho,0.36350343659320555,0.2772389224913166,-0.179884851489775,0.9068917246761861,TRUE,1.4088296691391662,0.045489683026436016,0.09960502978116949,NA,25,349,0.5
A,"1 obs/item, naive SE",0.5711639832688231,0.11644702962022584,0.34292780521318045,0.7994001613244658,TRUE,0.5917424174711248,NA,NA,NA,25,350,0.5
B,+ (1|variant): captures phi,0.5349400958310261,0.1728391756284672,0.19617531159923035,0.8737048800628218,TRUE,0.8783072608521135,NA,NA,NA,25,350,0.5
C,+ (1|judge): captures lambda,0.8120596445573316,0.2112993836827484,0.39791285253914477,1.2262064365755183,TRUE,1.0737483688366303,NA,NA,NA,25,350,0.5
D,+ (1|temp): captures tau,0.530711662346425,0.226133557342305,0.08748988995550716,0.9739334347373427,TRUE,1.1491303670818465,NA,NA,NA,25,350,0.5
E,+ interactions: lumps eps into residual,0.530711662346425,0.2168054428326999,0.10577299439433319,0.9556503302985168,TRUE,1.1017282044988823,NA,NA,0.19025405726752592,25,350,0.5
F,+ (1|item:variant:judge:temp): splits eps/rho,0.530711662346425,0.21555617953182124,0.10822155046405535,0.9532017742287946,TRUE,1.0953798924111389,0.04162766134736553,0.09874053607783691,NA,25,350,0.5
A,"1 obs/item, naive SE",1.1036903242921574,0.1208235513296825,0.8668761636859796,1.3405044848983352,FALSE,0.6139823453156984,NA,NA,NA,25,351,0.5
B,+ (1|variant): captures phi,0.6573213875131478,0.18363349761161138,0.29739973219438953,1.0172430428319061,TRUE,0.9331601687029978,NA,NA,NA,25,351,0.5
C,+ (1|judge): captures lambda,0.6345039092929545,0.3082492495494217,0.030335380176088056,1.238672438409821,TRUE,1.5664131297029904,NA,NA,NA,25,351,0.5
D,+ (1|temp): captures tau,0.601307310595528,0.20636732257246618,0.1968273583534943,1.0057872628375617,TRUE,1.0486853872042778,NA,NA,NA,25,351,0.5
E,+ interactions: lumps eps into residual,0.601307310595528,0.18094083263827412,0.2466632786245107,0.9559513425665453,TRUE,0.9194770023228942,NA,NA,0.21703520348275115,25,351,0.5
F,+ (1|item:variant:judge:temp): splits eps/rho,0.6013073105955281,0.17699881571112025,0.2543896318017324,0.9482249893893238,TRUE,0.899445073352325,0.04152491225143661,0.101346069395302,NA,25,351,0.5
A,"1 obs/item, naive SE",1.0894125405885442,0.13315076074104434,0.8284370495360973,1.350388031640991,FALSE,0.6766248422651014,NA,NA,NA,25,352,0.5
B,+ (1|variant): captures phi,0.832621511302339,0.1452635142999208,0.5479050232744942,1.1173379993301837,FALSE,0.7381775507930703,NA,NA,NA,25,352,0.5
C,+ (1|judge): captures lambda,0.6718738108590749,0.18125743664387997,0.3166092350370702,1.0271383866810797,TRUE,0.9210858713534675,NA,NA,NA,25,352,0.5
D,+ (1|temp): captures tau,0.46178762523964306,0.2502564310856278,-0.02871497968818737,0.9522902301674735,TRUE,1.2717142378064046,NA,NA,NA,25,352,0.5
E,+ interactions: lumps eps into residual,0.46178762523964306,0.2407869509512369,-0.010154798624781247,0.9337300491040674,TRUE,1.2235937053617885,NA,NA,0.1987792115569741,25,352,0.5
F,+ (1|item:variant:judge:temp): splits eps/rho,0.461787625239643,0.23839962547612853,-0.005475640693568928,0.929050891172855,TRUE,1.211462165789347,0.03849018262101579,0.09918232565588718,NA,25,352,0.5
A,"1 obs/item, naive SE",1.0160038012332637,0.12464500348372573,0.7716995944051613,1.2603080080613662,FALSE,0.6334016069598872,NA,NA,NA,25,353,0.5
B,+ (1|variant): captures phi,0.8463630547720151,0.16508316843650764,0.5228000446364602,1.16992606490757,FALSE,0.8388939889063909,NA,NA,NA,25,353,0.5
C,+ (1|judge): captures lambda,0.7709422123501961,0.15798127792900765,0.4612989076093411,1.080585517091051,TRUE,0.8028047054679979,NA,NA,NA,25,353,0.5
D,+ (1|temp): captures tau,0.5641625118563414,0.21270302925834134,0.14726457450999236,0.9810604492026904,TRUE,1.0808811967746454,NA,NA,NA,25,353,0.5
E,+ interactions: lumps eps into residual,0.5641625118563414,0.20008379279397237,0.17199827798015555,0.9563267457325272,TRUE,1.01675472213275,NA,NA,0.1999139434002519,25,353,0.5
F,+ (1|item:variant:judge:temp): splits eps/rho,0.5641625118563414,0.197125015492375,0.17779748149128638,0.9505275422213963,TRUE,1.001719267480828,0.03854472740814012,0.09948837547988502,NA,25,353,0.5
A,"1 obs/item, naive SE",0.8583301966771768,0.09899234222932202,0.6643052059077057,1.052355187446648,FALSE,0.5030438998139412,NA,NA,NA,25,354,0.5
B,+ (1|variant): captures phi,0.9832339797256698,0.14985653042970776,0.6895151800834427,1.276952779367897,FALSE,0.7615176263363278,NA,NA,NA,25,354,0.5
C,+ (1|judge): captures lambda,0.6163772431078384,0.22575134869841637,0.17390459965894228,1.0588498865567344,TRUE,1.147188118596414,NA,NA,NA,25,354,0.5
D,+ (1|temp): captures tau,0.5549003630791702,0.21527881870776425,0.13295387841195233,0.9768468477463881,TRUE,1.0939704432815687,NA,NA,NA,25,354,0.5
E,+ interactions: lumps eps into residual,0.5549003630791702,0.19949127820164786,0.16389745780394044,0.9459032683544,TRUE,1.013743773563323,NA,NA,0.19976052423778093,25,354,0.5
F,+ (1|item:variant:judge:temp): splits eps/rho,0.5549003630791703,0.196695625423134,0.16937693724982766,0.940423788908513,TRUE,0.9995372597607562,0.03750037251640663,0.10294801371544295,NA,25,354,0.5
A,"1 obs/item, naive SE",0.3696159671057102,0.1002355106377593,0.17315436625570196,0.5660775679557184,TRUE,0.5093612398245156,NA,NA,NA,25,355,0.5
B,+ (1|variant): captures phi,0.5181584081215487,0.07867998335866355,0.3639456407385681,0.6723711755045292,TRUE,0.3998237113568818,NA,NA,NA,25,355,0.5
C,+ (1|judge): captures lambda,0.6008577275268641,0.13831000702069782,0.32977011376629634,0.8719453412874318,TRUE,0.7028422981831078,NA,NA,NA,25,355,0.5
D,+ (1|temp): captures tau,0.465209739547706,0.16662760039185812,0.1386196427796641,0.7917998363157479,TRUE,0.8467422431886968,NA,NA,NA,25,355,0.5
E,+ interactions: lumps eps into residual,0.465209739547706,0.1525143981326764,0.16628151920766027,0.7641379598877518,TRUE,0.7750239653559013,NA,NA,0.21472668145706858,25,355,0.5
F,+ (1|item:variant:judge:temp): splits eps/rho,0.465209739547706,0.1481974983163874,0.17474264284758673,0.7556768362478252,TRUE,0.7530870147818712,0.040042054647758535,0.1040683729633196,NA,25,355,0.5
A,"1 obs/item, naive SE",0.9216882431125789,0.11992892127689496,0.6866275574098648,1.156748928815293,FALSE,0.6094361533526629,NA,NA,NA,25,356,0.5
B,+ (1|variant): captures phi,0.6577782956420795,0.14881384454061264,0.3661031603424787,0.9494534309416802,TRUE,0.7562190672344904,NA,NA,NA,25,356,0.5
C,+ (1|judge): captures lambda,0.48049906541559073,0.23755040370755598,0.014900274148781034,0.9460978566824004,TRUE,1.207146722587892,NA,NA,NA,25,356,0.5
D,+ (1|temp): captures tau,0.7159274265068596,0.26830879614683056,0.19004218605907164,1.2418126669546474,TRUE,1.363449940960244,NA,NA,NA,25,356,0.5
E,+ interactions: lumps eps into residual,0.7159274265068596,0.26063655079442133,0.20507978694979379,1.2267750660639254,TRUE,1.3244623169128749,NA,NA,0.2279154745808413,25,356,0.5
F,+ (1|item:variant:judge:temp): splits eps/rho,0.7159274265068596,0.2573587381382209,0.21150429975594665,1.2203505532577725,TRUE,1.3078056379789145,0.04040033346515402,0.10073350912199486,NA,25,356,0.5
A,"1 obs/item, naive SE",-0.39419847774474004,0.12699231235517267,-0.6431034099608784,-0.14529354552860163,FALSE,0.6453297963750354,NA,NA,NA,25,357,0.5
B,+ (1|variant): captures phi,0.11933541313600211,0.21606121940588147,-0.30414457689952556,0.5428154031715298,TRUE,1.097946325552202,NA,NA,NA,25,357,0.5
C,+ (1|judge): captures lambda,-0.06355383394543637,0.2160570397592868,-0.48702563187363845,0.35991796398276577,FALSE,1.0979250860737184,NA,NA,NA,25,357,0.5
D,+ (1|temp): captures tau,0.23867099775639752,0.2602147292795957,-0.27134987163161006,0.7486918671444052,TRUE,1.3223187698963619,NA,NA,NA,25,357,0.5
E,+ interactions: lumps eps into residual,0.23867099775639752,0.2516380755651139,-0.25453963035122573,0.7318816258640208,TRUE,1.2787352639935314,NA,NA,0.231552713611688,25,357,0.5
F,+ (1|item:variant:judge:temp): splits eps/rho,0.2386709977563975,0.248344130680009,-0.24808349837642013,0.7254254938892151,TRUE,1.2619966068059199,0.042344784706542994,0.09933885901152917,NA,25,357,0.5
A,"1 obs/item, naive SE",0.872331826300081,0.09486398594914083,0.686398413839765,1.058265238760397,FALSE,0.4820650604791489,NA,NA,NA,25,358,0.5
B,+ (1|variant): captures phi,0.8317466611875038,0.177303442742086,0.48423191341301525,1.1792614089619924,TRUE,0.9009930796545779,NA,NA,NA,25,358,0.5
C,+ (1|judge): captures lambda,0.6079494614877944,0.24198105040690518,0.13366660269026026,1.0822323202853286,TRUE,1.2296616943942487,NA,NA,NA,25,358,0.5
D,+ (1|temp): captures tau,0.6223184058619553,0.244872264260781,0.1423687679108246,1.102268043813086,TRUE,1.2443538156179343,NA,NA,NA,25,358,0.5
E,+ interactions: lumps eps into residual,0.6223184058619553,0.23174604349334496,0.1680961606149992,1.0765406511089113,TRUE,1.1776510269378428,NA,NA,0.22116197490249334,25,358,0.5
F,+ (1|item:variant:judge:temp): splits eps/rho,0.6223184058619552,0.22851277307549397,0.174433370633987,1.0702034410899235,TRUE,1.16122069582818,0.03743458470265307,0.10185041390560039,NA,25,358,0.5
A,"1 obs/item, naive SE",0.688938877338877,0.1249679158319322,0.4440017623082899,0.9338759923694642,TRUE,0.6350425327454754,NA,NA,NA,25,359,0.5
B,+ (1|variant): captures phi,0.6213466523380757,0.11079308986913113,0.4041921961945787,0.8385011084815728,TRUE,0.5630111051528949,NA,NA,NA,25,359,0.5
C,+ (1|judge): captures lambda,0.5637988460349553,0.13383224176184236,0.30148765218174434,0.8261100398881663,TRUE,0.6800878866039985,NA,NA,NA,25,359,0.5
D,+ (1|temp): captures tau,0.4113225406117688,0.1573012523340958,0.10301208603694106,0.7196329951865965,TRUE,0.7993490570861737,NA,NA,NA,25,359,0.5
E,+ interactions: lumps eps into residual,0.4113225406117688,0.1474278799268066,0.1223638959552279,0.7002811852683097,TRUE,0.7491760876601915,NA,NA,0.23673049553507605,25,359,0.5
F,+ (1|item:variant:judge:temp): splits eps/rho,0.4113225406117689,0.1451586232151705,0.12681163911003474,0.6958334421135031,TRUE,0.7376445315802684,0.04358186135271449,0.10078511742207119,NA,25,359,0.5
A,"1 obs/item, naive SE",0.4138707497640317,0.13076278283552756,0.1575756954063977,0.6701658041216657,TRUE,0.6644899872732083,NA,NA,NA,25,360,0.5
B,+ (1|variant): captures phi,0.4019041941903076,0.13658187607225397,0.13420371708868983,0.6696046712919254,TRUE,0.6940605509073388,NA,NA,NA,25,360,0.5
C,+ (1|judge): captures lambda,0.6360023067383783,0.24713411962241724,0.15161943227844055,1.120385181198316,TRUE,1.2558477606677116,NA,NA,NA,25,360,0.5
D,+ (1|temp): captures tau,0.2685877395564081,0.3204159482768245,-0.35942751906616793,0.896602998178984,TRUE,1.6282399684044708,NA,NA,NA,25,360,0.5
E,+ interactions: lumps eps into residual,0.2685877395564081,0.3122688867312561,-0.3434592784368538,0.88063475754967,TRUE,1.586839497220418,NA,NA,0.21079102648862244,25,360,0.5
F,+ (1|item:variant:judge:temp): splits eps/rho,0.26858773955640824,0.3102900604451867,-0.3395807789161577,0.8767562580289742,TRUE,1.576783805339801,0.036060471726830245,0.10542640512995818,NA,25,360,0.5
A,"1 obs/item, naive SE",0.16118582001472528,0.1301399750391011,-0.09388853106191289,0.4162601710913635,FALSE,0.6613250994072043,NA,NA,NA,25,361,0.5
B,+ (1|variant): captures phi,0.2974687992388742,0.1044619589171576,0.09272335976124532,0.5022142387165031,TRUE,0.5308385478359294,NA,NA,NA,25,361,0.5
C,+ (1|judge): captures lambda,0.39626029082179415,0.12289142322571138,0.15539310129939984,0.6371274803441884,TRUE,0.6244905353379554,NA,NA,NA,25,361,0.5
D,+ (1|temp): captures tau,0.43541397862763764,0.13675811128792742,0.16736808050329993,0.7034598767519753,TRUE,0.6949561156366947,NA,NA,NA,25,361,0.5
E,+ interactions: lumps eps into residual,0.43541397862763764,0.12603558644301147,0.18838422919933517,0.6824437280559401,TRUE,0.640468055324483,NA,NA,0.2121367820941286,25,361,0.5
F,+ (1|item:variant:judge:temp): splits eps/rho,0.4354139786276377,0.12098765291885644,0.1982781789066791,0.6725497783485963,TRUE,0.6148162512676606,0.03835940599807108,0.09777076227966583,NA,25,361,0.5
A,"1 obs/item, naive SE",0.6632581677773676,0.10943667602800203,0.4487622827624836,0.8777540527922516,TRUE,0.5561182921025428,NA,NA,NA,25,362,0.5
B,+ (1|variant): captures phi,0.6801642498940914,0.08048422782761581,0.5224151633519645,0.8379133364362183,FALSE,0.4089922404919631,NA,NA,NA,25,362,0.5
C,+ (1|judge): captures lambda,0.5786251231552589,0.11061987639116959,0.36181016542856653,0.7954400808819513,TRUE,0.5621308958206189,NA,NA,NA,25,362,0.5
D,+ (1|temp): captures tau,0.4000244111548685,0.1896432667688748,0.02832360828787389,0.7717252140218631,TRUE,0.9636996795961531,NA,NA,NA,25,362,0.5
E,+ interactions: lumps eps into residual,0.4000244111548685,0.17549863249558104,0.05604709146352965,0.7440017308462072,TRUE,0.8918216754390597,NA,NA,0.20920758975053877,25,362,0.5
F,+ (1|item:variant:judge:temp): splits eps/rho,0.4000244111548685,0.17265884466976494,0.0616130756021292,0.7384357467076077,TRUE,0.877390883012375,0.04006518769835084,0.09862216985581307,NA,25,362,0.5
A,"1 obs/item, naive SE",0.7616377413539044,0.1288144938691899,0.5091613333702922,1.0141141493375165,FALSE,0.6545894751980361,NA,NA,NA,25,363,0.5
B,+ (1|variant): captures phi,0.5845634454517932,0.10857943118887889,0.3717477603215905,0.7973791305819958,TRUE,0.551762078508072,NA,NA,NA,25,363,0.5
C,+ (1|judge): captures lambda,0.48693351019844383,0.14583164909263222,0.20110347797688471,0.772763542420003,TRUE,0.7410646098858179,NA,NA,NA,25,363,0.5
D,+ (1|temp): captures tau,0.44076757898828184,0.21538556029163441,0.018611880816678417,0.8629232771598853,TRUE,1.0945128660732022,NA,NA,NA,25,363,0.5
E,+ interactions: lumps eps into residual,0.44076757898828184,0.20291149194849042,0.0430610547692406,0.8384741032073231,TRUE,1.031124084228397,NA,NA,0.21509145914070402,25,363,0.5
F,+ (1|item:variant:judge:temp): splits eps/rho,0.44076757898828184,0.19940370310409464,0.04993632090425637,0.8315988370723073,TRUE,1.0132987480430893,0.036914380739609606,0.10072518615025369,NA,25,363,0.5
A,"1 obs/item, naive SE",0.23917454515739203,0.13569994654949846,-0.026797350079624943,0.505146440394409,TRUE,0.689578898523963,NA,NA,NA,25,364,0.5
B,+ (1|variant): captures phi,0.3257220976358608,0.10469992288277173,0.12051024878562822,0.5309339464860934,TRUE,0.5320477961331403,NA,NA,NA,25,364,0.5
C,+ (1|judge): captures lambda,0.5934742187529332,0.16318098150176655,0.2736394950094707,0.9133089424963956,TRUE,0.829227750970424,NA,NA,NA,25,364,0.5
D,+ (1|temp): captures tau,0.337965499035102,0.24106328089408272,-0.13451853151730014,0.810449529587504,TRUE,1.2249979159194344,NA,NA,NA,25,364,0.5
E,+ interactions: lumps eps into residual,0.337965499035102,0.23863713429601077,-0.12976328418507915,0.8056942822552831,TRUE,1.2126691011977142,NA,NA,0.20557976519950388,25,364,0.5
F,+ (1|item:variant:judge:temp): splits eps/rho,0.33796549903510187,0.23674913654574548,-0.12606280859455926,0.8019938066647629,TRUE,1.2030749676541996,0.041701327360054746,0.09860169632827284,NA,25,364,0.5
A,"1 obs/item, naive SE",0.4304036959301764,0.11827496151754394,0.1985847713557903,0.6622226205045625,TRUE,0.6010313176982862,NA,NA,NA,25,365,0.5
B,+ (1|variant): captures phi,0.2818779391177076,0.17774647505181598,-0.0665051519838517,0.6302610302192668,TRUE,0.9032444123921533,NA,NA,NA,25,365,0.5
C,+ (1|judge): captures lambda,0.5852528061887657,0.2038858133427249,0.18563661203702492,0.9848690003405065,TRUE,1.0360752392651418,NA,NA,NA,25,365,0.5
D,+ (1|temp): captures tau,0.453004452139216,0.16151582419172061,0.1364334367234436,0.7695754675549884,TRUE,0.820766013343197,NA,NA,NA,25,365,0.5
E,+ interactions: lumps eps into residual,0.453004452139216,0.1478064137540749,0.16330388118122913,0.7427050230972028,TRUE,0.751099662033646,NA,NA,0.22583395800211678,25,365,0.5
F,+ (1|item:variant:judge:temp): splits eps/rho,0.45300445213921603,0.1422674422028974,0.17416026542153717,0.7318486388568949,TRUE,0.7229525772459351,0.03572482195295344,0.10158945604711564,NA,25,365,0.5
A,"1 obs/item, naive SE",0.03359923605341619,0.11467784092293383,-0.1911693321555341,0.2583678042623665,FALSE,0.5827520293082624,NA,NA,NA,25,366,0.5
B,+ (1|variant): captures phi,0.11187521747882825,0.18143653749650682,-0.2437403960143251,0.46749083097198163,FALSE,0.9219959982313295,NA,NA,NA,25,366,0.5
C,+ (1|judge): captures lambda,0.6623285894842181,0.33069704550046025,0.014162380303316069,1.31049479866512,TRUE,1.680484850435478,NA,NA,NA,25,366,0.5
D,+ (1|temp): captures tau,0.6864425336041828,0.28998982148435704,0.11806248349484305,1.2548225837135227,TRUE,1.4736252059568897,NA,NA,NA,25,366,0.5
E,+ interactions: lumps eps into residual,0.6864425336041828,0.2796367881840443,0.13835442876345605,1.2345306384449097,TRUE,1.4210147703513942,NA,NA,0.20640339150382353,25,366,0.5
F,+ (1|item:variant:judge:temp): splits eps/rho,0.6864425336041828,0.27759276046875486,0.14236072308542336,1.2305243441229423,TRUE,1.4106277479810678,0.04381455936779904,0.10102230992280699,NA,25,366,0.5
A,"1 obs/item, naive SE",0.9291106651908985,0.11946327273374024,0.6949626506327676,1.1632586797490294,FALSE,0.6070698929549788,NA,NA,NA,25,367,0.5
B,+ (1|variant): captures phi,0.6099359982549293,0.1366260582147742,0.34214892415397186,0.8777230723558866,TRUE,0.694285068852616,NA,NA,NA,25,367,0.5
C,+ (1|judge): captures lambda,0.5449166631851527,0.1712503564350901,0.20926596457237617,0.8805673617979293,TRUE,0.8702334464020609,NA,NA,NA,25,367,0.5
D,+ (1|temp): captures tau,0.6132663422999849,0.22184769757135156,0.17844485506013585,1.048087829539834,TRUE,1.127351150986104,NA,NA,NA,25,367,0.5
E,+ interactions: lumps eps into residual,0.6132663422999849,0.21282326330561668,0.1961327462209762,1.0303999383789937,TRUE,1.0814921834698756,NA,NA,0.2064220354804868,25,367,0.5
F,+ (1|item:variant:judge:temp): splits eps/rho,0.613266342299985,0.20993776164240494,0.20178832948087133,1.0247443551190987,TRUE,1.0668290895689447,0.040958732540426236,0.09794801042698938,NA,25,367,0.5
A,"1 obs/item, naive SE",0.49906398274172925,0.12299450045954777,0.25799476184101566,0.7401332036424428,TRUE,0.6250143372050834,NA,NA,NA,25,368,0.5
B,+ (1|variant): captures phi,0.7134962502554271,0.11813816320696571,0.48194545036977426,0.9450470501410799,TRUE,0.6003361573041437,NA,NA,NA,25,368,0.5
C,+ (1|judge): captures lambda,0.7461662890687275,0.1343169483449271,0.4829050703126704,1.0094275078247845,TRUE,0.6825509931870876,NA,NA,NA,25,368,0.5
D,+ (1|temp): captures tau,0.4365946973691588,0.19222073644920487,0.059842053928717276,0.8133473408096004,TRUE,0.9767974644393668,NA,NA,NA,25,368,0.5
E,+ interactions: lumps eps into residual,0.4365946973691588,0.1861451040075763,0.07175029351430923,0.8014391012240083,TRUE,0.9459232597438885,NA,NA,0.22218816306537728,25,368,0.5
F,+ (1|item:variant:judge:temp): splits eps/rho,0.43659469736915885,0.18349652595957808,0.07694150648838582,0.7962478882499319,TRUE,0.9324641274491888,0.035733420667709195,0.10051547795543325,NA,25,368,0.5
A,"1 obs/item, naive SE",0.16515248682319184,0.13075643341386498,-0.09113012266798354,0.4214350963143672,FALSE,0.6644577217690008,NA,NA,NA,25,369,0.5
B,+ (1|variant): captures phi,0.12811807918580953,0.11901609648374491,-0.10515346992233049,0.36138962829394955,FALSE,0.6047975021857948,NA,NA,NA,25,369,0.5
C,+ (1|judge): captures lambda,0.4202520360780433,0.17273041031783506,0.08170043185508657,0.758803640301,TRUE,0.8777545542003392,NA,NA,NA,25,369,0.5
D,+ (1|temp): captures tau,0.42073388266550693,0.18694990654786514,0.054312065831691236,0.7871556994993226,TRUE,0.95001298021448,NA,NA,NA,25,369,0.5
E,+ interactions: lumps eps into residual,0.42073388266550693,0.15499985876382508,0.1169341594884098,0.7245336058426041,TRUE,0.7876541929126012,NA,NA,0.22251698769139763,25,369,0.5
F,+ (1|item:variant:judge:temp): splits eps/rho,0.4207338826655067,0.15220427816613705,0.12241349745987812,0.7190542678711354,TRUE,0.773448045907337,0.037804766075250046,0.09955761780019964,NA,25,369,0.5
A,"1 obs/item, naive SE",1.296917483254255,0.12521881275292657,1.0514886102585188,1.542346356249991,FALSE,0.6363175017253581,NA,NA,NA,25,370,0.5
B,+ (1|variant): captures phi,1.144560471881039,0.2037663781914919,0.7451783706257148,1.5439425731363632,FALSE,1.0354683122756587,NA,NA,NA,25,370,0.5
C,+ (1|judge): captures lambda,0.6726443544809965,0.3045292691845635,0.07576698687925199,1.2695217220827408,TRUE,1.5475095116268112,NA,NA,NA,25,370,0.5
D,+ (1|temp): captures tau,0.5075610222545788,0.2789721301193995,-0.03922435277944414,1.0543463972886018,TRUE,1.4176372142965312,NA,NA,NA,25,370,0.5
E,+ interactions: lumps eps into residual,0.5075610222545788,0.27495127373898387,-0.03134347427382955,1.0464655187829872,TRUE,1.3972046512452359,NA,NA,0.22212088883856093,25,370,0.5
F,+ (1|item:variant:judge:temp): splits eps/rho,0.5075610222545786,0.272233177160838,-0.02601600498066392,1.041138049489821,TRUE,1.383392250488277,0.04132397273226369,0.09968061472706542,NA,25,370,0.5
A,"1 obs/item, naive SE",-0.05163920209784753,0.1070717644758143,-0.2614998604704436,0.1582214562747485,FALSE,0.5441006521201324,NA,NA,NA,25,371,0.5
B,+ (1|variant): captures phi,0.3714517696666189,0.16122530049209094,0.055450180702120655,0.6874533586311171,TRUE,0.819289675158254,NA,NA,NA,25,371,0.5
C,+ (1|judge): captures lambda,0.530531925617176,0.18531155209157602,0.167321283517687,0.893742567716665,TRUE,0.9416874451639,NA,NA,NA,25,371,0.5
D,+ (1|temp): captures tau,0.46534874321319464,0.2170095109515634,0.040010101748130356,0.8906873846782589,TRUE,1.1027652061500097,NA,NA,NA,25,371,0.5
E,+ interactions: lumps eps into residual,0.46534874321319464,0.20624804052496043,0.06110258378427219,0.869594902642117,TRUE,1.0480792382335213,NA,NA,0.20800214396085404,25,371,0.5
F,+ (1|item:variant:judge:temp): splits eps/rho,0.4653487432131945,0.20393977880902847,0.06562677674749873,0.8650707096788903,TRUE,1.0363494725847429,0.04046542718498763,0.0972440733604094,NA,25,371,0.5
A,"1 obs/item, naive SE",0.09943959828804998,0.10792839245325056,-0.11210005092032112,0.3109792474964211,FALSE,0.5484537310427525,NA,NA,NA,25,372,0.5
B,+ (1|variant): captures phi,0.18660659820396513,0.09826601510177962,-0.005994791395522919,0.3792079878034532,FALSE,0.4993529634995627,NA,NA,NA,25,372,0.5
C,+ (1|judge): captures lambda,0.38260127896610324,0.1720180284207803,0.045445943261373856,0.7197566146708326,TRUE,0.8741344825909503,NA,NA,NA,25,372,0.5
D,+ (1|temp): captures tau,0.5467245045913226,0.2030439668815067,0.1487583295035695,0.9446906796790757,TRUE,1.0317972747543642,NA,NA,NA,25,372,0.5
E,+ interactions: lumps eps into residual,0.5467245045913226,0.1865694391074106,0.1810484039407978,0.9124006052418474,TRUE,0.948079579906049,NA,NA,0.2048697740167704,25,372,0.5
F,+ (1|item:variant:judge:temp): splits eps/rho,0.5467245045913225,0.1831578935871672,0.1877350331604748,0.9057139760221702,TRUE,0.9307433180877314,0.03738153328085696,0.10151032410243524,NA,25,372,0.5
A,"1 obs/item, naive SE",0.7228444065233326,0.1503427068309055,0.4281727011347578,1.0175161119119074,TRUE,0.7639882020126711,NA,NA,NA,25,373,0.5
B,+ (1|variant): captures phi,0.22327269867842925,0.20462340484141184,-0.17778917481073797,0.6243345721675965,TRUE,1.0398234171101466,NA,NA,NA,25,373,0.5
C,+ (1|judge): captures lambda,0.43965435920862334,0.24358627029015753,-0.0377747305600854,0.9170834489773321,TRUE,1.2378188513211907,NA,NA,NA,25,373,0.5
D,+ (1|temp): captures tau,0.3202275945210586,0.2411297718911292,-0.1523867583855546,0.7928419474276718,TRUE,1.2253357995345053,NA,NA,NA,25,373,0.5
E,+ interactions: lumps eps into residual,0.3202275945210586,0.22979289286445462,-0.13016647549327243,0.7706216645353896,TRUE,1.1677258096214875,NA,NA,0.21763197689998148,25,373,0.5
F,+ (1|item:variant:judge:temp): splits eps/rho,0.3202275945210586,0.226902121439095,-0.12450056349956762,0.7649557525416848,TRUE,1.153035936662275,0.04435117746307721,0.0992384281382919,NA,25,373,0.5
A,"1 obs/item, naive SE",1.3459510101104126,0.1238717548029421,1.103162370696646,1.5887396495241792,FALSE,0.6294722319885759,NA,NA,NA,25,374,0.5
B,+ (1|variant): captures phi,0.9982870097776981,0.25949588299998244,0.48967507909773256,1.5068989404576638,TRUE,1.318665848592351,NA,NA,NA,25,374,0.5
C,+ (1|judge): captures lambda,0.7394708009471248,0.252866804483888,0.24385186415870436,1.2350897377355452,TRUE,1.2849792276496534,NA,NA,NA,25,374,0.5
D,+ (1|temp): captures tau,0.8204374635187056,0.2324892034956783,0.3647586246671761,1.276116302370235,TRUE,1.1814275019392473,NA,NA,NA,25,374,0.5
E,+ interactions: lumps eps into residual,0.8204374635187056,0.22406223425113703,0.38127548438647707,1.2595994426509343,TRUE,1.1386046393125002,NA,NA,0.22022211844606113,25,374,0.5
F,+ (1|item:variant:judge:temp): splits eps/rho,0.8204374635187056,0.22066815417364344,0.3879278813383645,1.2529470456990468,TRUE,1.1213571306667511,0.04008835102609254,0.09910972455540698,NA,25,374,0.5
A,"1 obs/item, naive SE",-0.4246335698322369,0.11717470837078396,-0.6542959982389734,-0.19497114142550032,FALSE,0.5954402222532816,NA,NA,NA,25,375,0.5
B,+ (1|variant): captures phi,-0.2263389415880529,0.10365364573118878,-0.42950008722118294,-0.023177795954922892,FALSE,0.5267309875117295,NA,NA,NA,25,375,0.5
C,+ (1|judge): captures lambda,0.19742028130579925,0.23468890223770542,-0.2625699670801034,0.6574105296917019,TRUE,1.192605589139586,NA,NA,NA,25,375,0.5
D,+ (1|temp): captures tau,0.4018467373353866,0.22095076541133465,-0.031216762870829307,0.8349102375416025,TRUE,1.1227932605323332,NA,NA,NA,25,375,0.5
E,+ interactions: lumps eps into residual,0.4018467373353866,0.19836531804645685,0.013050713964331218,0.790642760706442,TRUE,1.0080220442381367,NA,NA,0.2110501727856359,25,375,0.5
F,+ (1|item:variant:judge:temp): splits eps/rho,0.4018467373353866,0.19570243462156214,0.01826996547712484,0.7854235091936483,TRUE,0.9944902171023994,0.03265467835773457,0.10063732629940828,NA,25,375,0.5
A,"1 obs/item, naive SE",0.4674549233305444,0.11931045099336064,0.23360643938355755,0.7013034072775313,TRUE,0.6062933071855582,NA,NA,NA,25,376,0.5
B,+ (1|variant): captures phi,0.6052210333327348,0.1264730263534098,0.35733390168005164,0.853108164985418,TRUE,0.6426909694762795,NA,NA,NA,25,376,0.5
C,+ (1|judge): captures lambda,0.5050671829615284,0.11342662639407812,0.28275099522913527,0.7273833706939216,TRUE,0.5763938017734359,NA,NA,NA,25,376,0.5
D,+ (1|temp): captures tau,0.5607917459751012,0.1648040255479725,0.23777585590107508,0.8838076360491273,TRUE,0.8374754839585157,NA,NA,NA,25,376,0.5
E,+ interactions: lumps eps into residual,0.5607917459751012,0.15750509556927866,0.252081758659315,0.8695017332908874,TRUE,0.8003849159583633,NA,NA,0.19754990725679558,25,376,0.5
F,+ (1|item:variant:judge:temp): splits eps/rho,0.5607917459751012,0.15477712114963837,0.25742858852180994,0.8641549034283924,TRUE,0.786522319521666,0.04140374763384221,0.09776662559117615,NA,25,376,0.5
A,"1 obs/item, naive SE",0.44006909031142805,0.09908976888170508,0.2458531433032861,0.63428503731957,TRUE,0.5035389874344265,NA,NA,NA,25,377,0.5
B,+ (1|variant): captures phi,0.7066259621163494,0.15525287646557456,0.4023303242438233,1.0109215999888757,TRUE,0.7889399389465235,NA,NA,NA,25,377,0.5
C,+ (1|judge): captures lambda,0.43458899320614364,0.23538182531678703,-0.026759384414758947,0.8959373708270462,TRUE,1.1961267779519975,NA,NA,NA,25,377,0.5
D,+ (1|temp): captures tau,0.7700650116192256,0.3250765913092353,0.1329148926531245,1.4072151305853267,TRUE,1.651923699831225,NA,NA,NA,25,377,0.5
E,+ interactions: lumps eps into residual,0.7700650116192256,0.3146722558088412,0.15330739023389695,1.386822633004554,TRUE,1.599052564678504,NA,NA,0.20789299700826874,25,377,0.5
F,+ (1|item:variant:judge:temp): splits eps/rho,0.7700650116192254,0.3126404903002245,0.15728965063078537,1.3828403726076655,TRUE,1.5887278544843124,0.042411345707777034,0.09828958577253767,NA,25,377,0.5
A,"1 obs/item, naive SE",0.2020086066086089,0.11657779044717369,-0.02648386266785152,0.4305010758850693,FALSE,0.5924068975192719,NA,NA,NA,25,378,0.5
B,+ (1|variant): captures phi,0.42710883057154286,0.12854642368405034,0.1751578401508042,0.6790598209922816,TRUE,0.6532272377934089,NA,NA,NA,25,378,0.5
C,+ (1|judge): captures lambda,0.31147624665070767,0.1729251898871573,-0.02745712552812063,0.650409618829536,TRUE,0.8787443547439909,NA,NA,NA,25,378,0.5
D,+ (1|temp): captures tau,0.6837254693248427,0.27206538189166946,0.15047732081717058,1.2169736178325148,TRUE,1.3825395745673725,NA,NA,NA,25,378,0.5
E,+ interactions: lumps eps into residual,0.6837254693248427,0.26140278225735003,0.17137601610043662,1.1960749225492489,TRUE,1.3283560328770743,NA,NA,0.20532240121127174,25,378,0.5
F,+ (1|item:variant:judge:temp): splits eps/rho,0.6837254693248427,0.2592357335018871,0.17562343166114391,1.1918275069885413,TRUE,1.317343861304149,0.0397590653232916,0.1026353522853006,NA,25,378,0.5
A,"1 obs/item, naive SE",0.7677812066045139,0.11714054873823729,0.5381857310775688,0.9973766821314589,FALSE,0.5952666351415363,NA,NA,NA,25,379,0.5
B,+ (1|variant): captures phi,0.8525811440329737,0.10164002868813556,0.653366687804228,1.0517956002617193,FALSE,0.5164985013692887,NA,NA,NA,25,379,0.5
C,+ (1|judge): captures lambda,0.7039438867899301,0.17934560783400688,0.35242649543527665,1.0554612781445836,TRUE,0.9113706368349501,NA,NA,NA,25,379,0.5
D,+ (1|temp): captures tau,0.44192210093082435,0.244779012363334,-0.03784476330131026,0.921688965162959,TRUE,1.243879942618262,NA,NA,NA,25,379,0.5
E,+ interactions: lumps eps into residual,0.44192210093082435,0.23426154480471265,-0.01723052688641241,0.9010747287480612,TRUE,1.1904339105544977,NA,NA,0.20034385381217687,25,379,0.5
F,+ (1|item:variant:judge:temp): splits eps/rho,0.44192210093082424,0.2318798807037686,-0.012562465248562249,0.8964066671102107,TRUE,1.1783311400734202,0.04188779025552339,0.09816861230154961,NA,25,379,0.5
A,"1 obs/item, naive SE",0.6848085228965405,0.10067986352337743,0.48747599039072076,0.8821410554023602,TRUE,0.5116192832594018,NA,NA,NA,25,380,0.5
B,+ (1|variant): captures phi,0.9732412761050419,0.1315357827912473,0.7154311418341972,1.2310514103758865,FALSE,0.6684180983121456,NA,NA,NA,25,380,0.5
C,+ (1|judge): captures lambda,0.6615976161938733,0.25657806353683676,0.15870461166167316,1.1644906207260735,TRUE,1.3038385271183972,NA,NA,NA,25,380,0.5
D,+ (1|temp): captures tau,0.5117372826342209,0.24639211852144785,0.02880873033218312,0.9946658349362587,TRUE,1.2520771747911474,NA,NA,NA,25,380,0.5
E,+ interactions: lumps eps into residual,0.5117372826342209,0.2387277708287728,0.04383085180982621,0.9796437134586156,TRUE,1.213129683843598,NA,NA,0.2231625552874955,25,380,0.5
F,+ (1|item:variant:judge:temp): splits eps/rho,0.5117372826342208,0.2354143673373604,0.050325122652994436,0.9731494426154472,TRUE,1.1962921449346187,0.038393013623657705,0.09981320275197074,NA,25,380,0.5
A,"1 obs/item, naive SE",0.78611115392438,0.1544926077256475,0.48330564278211097,1.088916665066649,TRUE,0.7850765234213752,NA,NA,NA,25,381,0.5
B,+ (1|variant): captures phi,0.5122825845118962,0.2414520045673949,0.039036655559802236,0.9855285134639902,TRUE,1.2269732714688564,NA,NA,NA,25,381,0.5
C,+ (1|judge): captures lambda,0.5338358543510775,0.2466808872750986,0.05034131529188424,1.0173303934102709,TRUE,1.2535445949643602,NA,NA,NA,25,381,0.5
D,+ (1|temp): captures tau,0.7578640274139505,0.239008368385741,0.2894076253778982,1.226320429450003,TRUE,1.2145555808994386,NA,NA,NA,25,381,0.5
E,+ interactions: lumps eps into residual,0.7578640274139505,0.2276889112339293,0.31159376139544914,1.204134293432452,TRUE,1.1570341227624725,NA,NA,0.2364651008741663,25,381,0.5
F,+ (1|item:variant:judge:temp): splits eps/rho,0.7578640274139503,0.22374691926890203,0.31932006564690235,1.1964079891809982,TRUE,1.1370023206405588,0.03867198636492952,0.10034697580729354,NA,25,381,0.5
A,"1 obs/item, naive SE",0.2592282598840695,0.12368161370416939,0.0168122970238975,0.5016442227442415,TRUE,0.6285060025036734,NA,NA,NA,25,382,0.5
B,+ (1|variant): captures phi,0.293700189700975,0.12638549750532588,0.045984614590536294,0.5414157648114137,TRUE,0.642246178979411,NA,NA,NA,25,382,0.5
C,+ (1|judge): captures lambda,0.40105987987598396,0.15355915783822005,0.10008393051307268,0.7020358292388953,TRUE,0.780333062855864,NA,NA,NA,25,382,0.5
D,+ (1|temp): captures tau,0.32684190309559863,0.21962368870881221,-0.10362052677367328,0.7573043329648705,TRUE,1.1160495283935115,NA,NA,NA,25,382,0.5
E,+ interactions: lumps eps into residual,0.32684190309559863,0.20867118806739834,-0.08215362551650213,0.7358374317076994,TRUE,1.0603928128204199,NA,NA,0.20982721731794346,25,382,0.5
F,+ (1|item:variant:judge:temp): splits eps/rho,0.3268419030955984,0.20694474750191974,-0.0787698020081643,0.7324536081993611,TRUE,1.051619655470092,0.04174827886812189,0.10270879603667578,NA,25,382,0.5
A,"1 obs/item, naive SE",1.4329440938450964,0.10477479192744214,1.2275855016673098,1.6383026860228829,FALSE,0.5324282540085495,NA,NA,NA,25,383,0.5
B,+ (1|variant): captures phi,1.2251151425054936,0.12615591820878766,0.9778495428162698,1.4723807421947175,FALSE,0.641079538590404,NA,NA,NA,25,383,0.5
C,+ (1|judge): captures lambda,0.8489053821816698,0.30603333890392065,0.24908003792998534,1.4487307264333542,TRUE,1.5551526593711562,NA,NA,NA,25,383,0.5
D,+ (1|temp): captures tau,0.5730241403968251,0.266496490870984,0.05069101828969658,1.0953572625039536,TRUE,1.3542404496694602,NA,NA,NA,25,383,0.5
E,+ interactions: lumps eps into residual,0.5730241403968251,0.24908601283614248,0.0848155552379859,1.0612327255556644,TRUE,1.2657665882471025,NA,NA,0.20744980338205699,25,383,0.5
F,+ (1|item:variant:judge:temp): splits eps/rho,0.5730241403968251,0.24673073704577045,0.08943189578711508,1.056616385006535,TRUE,1.253797913781542,0.04229459981181019,0.10053325636265067,NA,25,383,0.5
A,"1 obs/item, naive SE",0.6029605374876683,0.11048865042414269,0.38640278265634864,0.819518292318988,TRUE,0.5614640520959079,NA,NA,NA,25,384,0.5
B,+ (1|variant): captures phi,0.5623748237218572,0.10890202475936939,0.3489268551934932,0.7758227922502212,TRUE,0.5534013843786061,NA,NA,NA,25,384,0.5
C,+ (1|judge): captures lambda,0.32876437474975406,0.17213984946194288,-0.008629730195653995,0.6661584796951621,TRUE,0.8747535338250736,NA,NA,NA,25,384,0.5
D,+ (1|temp): captures tau,0.544928781424232,0.209150627833728,0.13499355087012505,0.9548640119783389,TRUE,1.0628291553126668,NA,NA,NA,25,384,0.5
E,+ interactions: lumps eps into residual,0.544928781424232,0.19343190949540043,0.16580223881324713,0.9240553240352167,TRUE,0.9829522153906709,NA,NA,0.21267225753298488,25,384,0.5
F,+ (1|item:variant:judge:temp): splits eps/rho,0.5449287814242321,0.18982050399129977,0.17288059360128455,0.9169769692471796,TRUE,0.9646003361676918,0.03650718464635591,0.09851739561810052,NA,25,384,0.5
A,"1 obs/item, naive SE",0.5441127109085752,0.11260277679339485,0.32341126839352125,0.764814153423629,TRUE,0.572207290911537,NA,NA,NA,25,385,0.5
B,+ (1|variant): captures phi,0.626698228991763,0.15550624983936023,0.3219059793066169,0.931490478676909,TRUE,0.7902274923793222,NA,NA,NA,25,385,0.5
C,+ (1|judge): captures lambda,0.7432292562044608,0.20213976536736697,0.3470353160844215,1.1394231963245,TRUE,1.0272024440265812,NA,NA,NA,25,385,0.5
D,+ (1|temp): captures tau,0.4048701226980288,0.2803295766359283,-0.1445758475083906,0.9543160929044482,TRUE,1.424535275036236,NA,NA,NA,25,385,0.5
E,+ interactions: lumps eps into residual,0.4048701226980288,0.272623056339667,-0.12947106772771855,0.9392113131237761,TRUE,1.385373477906051,NA,NA,0.21033790796891105,25,385,0.5
F,+ (1|item:variant:judge:temp): splits eps/rho,0.404870122698029,0.27029939657473545,-0.12491669458845245,0.9346569399845105,TRUE,1.373565464844959,0.04424599330325682,0.09768287500754899,NA,25,385,0.5
A,"1 obs/item, naive SE",0.6163909943399645,0.11670756234078057,0.38764417215203456,0.8451378165278944,TRUE,0.5930663521596624,NA,NA,NA,25,386,0.5
B,+ (1|variant): captures phi,0.5451707898739837,0.18411457911277368,0.1843062148129473,0.9060353649350201,TRUE,0.9356048539081666,NA,NA,NA,25,386,0.5
C,+ (1|judge): captures lambda,0.23292925666992453,0.20565163183548796,-0.17014794172763187,0.6360064550674809,TRUE,1.0450485012464104,NA,NA,NA,25,386,0.5
D,+ (1|temp): captures tau,0.14829686058700933,0.2610002937504083,-0.36326371516379097,0.6598574363378096,TRUE,1.3263107293353797,NA,NA,NA,25,386,0.5
E,+ interactions: lumps eps into residual,0.14829686058700933,0.2496694502031437,-0.3410552618111523,0.637648982985171,TRUE,1.2687314095836215,NA,NA,0.2249826303883821,25,386,0.5
F,+ (1|item:variant:judge:temp): splits eps/rho,0.14829686058700942,0.24736500356858038,-0.3365385464074081,0.6331322675814269,TRUE,1.25702103082242,0.040084699569275156,0.10214493401112151,NA,25,386,0.5
A,"1 obs/item, naive SE",0.6940147937218114,0.07675462847045597,0.5435757219197177,0.8444538655239051,FALSE,0.3900397421156439,NA,NA,NA,25,387,0.5
B,+ (1|variant): captures phi,0.32262757529235847,0.12883604008174912,0.0701089367321302,0.5751462138525867,TRUE,0.654698965392408,NA,NA,NA,25,387,0.5
C,+ (1|judge): captures lambda,0.3240484608071081,0.2198260959442098,-0.10681068724354309,0.7549076088577593,TRUE,1.1170780900251687,NA,NA,NA,25,387,0.5
D,+ (1|temp): captures tau,0.41332639178572655,0.22089529176616013,-0.019628380075947305,0.8462811636474004,TRUE,1.1225113631837398,NA,NA,NA,25,387,0.5
E,+ interactions: lumps eps into residual,0.41332639178572655,0.21032894738539068,0.0010816549103608297,0.8255711286610923,TRUE,1.0688169564813903,NA,NA,0.21646228776416426,25,387,0.5
F,+ (1|item:variant:judge:temp): splits eps/rho,0.41332639178572667,0.20701760076356857,0.007571894289132297,0.819080889282321,TRUE,1.0519898698526255,0.04274408729614355,0.09876932529628686,NA,25,387,0.5
A,"1 obs/item, naive SE",0.41928314753857926,0.15569949348355344,0.11411214031081451,0.724454154766344,TRUE,0.7912094878973596,NA,NA,NA,25,388,0.5
B,+ (1|variant): captures phi,0.34636511536741427,0.1355316221362756,0.08072313598031411,0.6120070947545144,TRUE,0.6887235336810404,NA,NA,NA,25,388,0.5
C,+ (1|judge): captures lambda,0.36955398429719033,0.18978782099512362,-0.0024301448532519365,0.7415381134476327,TRUE,0.9644342527971623,NA,NA,NA,25,388,0.5
D,+ (1|temp): captures tau,0.6322775518352807,0.25980548039567436,0.12305881025975896,1.1414962934108024,TRUE,1.3202391125215984,NA,NA,NA,25,388,0.5
E,+ interactions: lumps eps into residual,0.6322775518352807,0.25340059437305795,0.1356123868640871,1.1289427168064743,TRUE,1.2876917581493084,NA,NA,0.20874972979375303,25,388,0.5
F,+ (1|item:variant:judge:temp): splits eps/rho,0.6322775518352807,0.25081134924279413,0.14068730731940415,1.1238677963511572,TRUE,1.2745341346547068,0.04200073523656222,0.09642471840856924,NA,25,388,0.5
A,"1 obs/item, naive SE",0.8598312541922016,0.11137526670204881,0.641535731456186,1.0781267769282172,FALSE,0.5659695209032143,NA,NA,NA,25,389,0.5
B,+ (1|variant): captures phi,0.6437200626648714,0.1338394296824807,0.3813947804872092,0.9060453448425335,TRUE,0.6801244130619855,NA,NA,NA,25,389,0.5
C,+ (1|judge): captures lambda,0.6789362024808179,0.2067789446630451,0.2736494709412495,1.0842229340203864,TRUE,1.050777104371801,NA,NA,NA,25,389,0.5
D,+ (1|temp): captures tau,0.5391763075965991,0.2655858540476886,0.018628033663129484,1.0597245815300687,TRUE,1.3496129169877553,NA,NA,NA,25,389,0.5
E,+ interactions: lumps eps into residual,0.5391763075965991,0.25808186523048443,0.03333585174484954,1.0450167634483485,TRUE,1.3114803128513473,NA,NA,0.2121357507079542,25,389,0.5
F,+ (1|item:variant:judge:temp): splits eps/rho,0.5391763075965988,0.25560665017739326,0.03818727324890803,1.0401653419442898,TRUE,1.2989021496809001,0.040072639615524215,0.10159549475278928,NA,25,389,0.5
A,"1 obs/item, naive SE",1.0852476476266133,0.11760374136029428,0.8547443145604365,1.31575098069279,FALSE,0.5976204154210737,NA,NA,NA,25,390,0.5
B,+ (1|variant): captures phi,0.782850851459085,0.14283086663489863,0.5029023528546837,1.0627993500634862,FALSE,0.725815699959688,NA,NA,NA,25,390,0.5
C,+ (1|judge): captures lambda,0.8712042389337431,0.10856134187983017,0.658424008849276,1.0839844690182103,FALSE,0.5516701550687041,NA,NA,NA,25,390,0.5
D,+ (1|temp): captures tau,0.6464037977953456,0.16715563434099145,0.3187787544870024,0.9740288411036888,TRUE,0.8494255240468349,NA,NA,NA,25,390,0.5
E,+ interactions: lumps eps into residual,0.6464037977953456,0.14888217795462116,0.3545947290042881,0.9382128665864031,TRUE,0.7565663133577393,NA,NA,0.21987550687914412,25,390,0.5
F,+ (1|item:variant:judge:temp): splits eps/rho,0.6464037977953455,0.14403273693439314,0.364099633403935,0.928707962186756,TRUE,0.731923177658596,0.039302644665345395,0.09828404252249101,NA,25,390,0.5
A,"1 obs/item, naive SE",0.3407031736256955,0.10879143367186091,0.12747196362884813,0.5539343836225429,TRUE,0.5528393997776553,NA,NA,NA,25,391,0.5
B,+ (1|variant): captures phi,0.7357184199902465,0.19912303565355574,0.3454372701092772,1.1259995698712157,TRUE,1.0118724958129637,NA,NA,NA,25,391,0.5
C,+ (1|judge): captures lambda,0.5033387325817236,0.19980581675146986,0.11171933174884263,0.8949581334146045,TRUE,1.0153421466816976,NA,NA,NA,25,391,0.5
D,+ (1|temp): captures tau,0.47611607084019886,0.17928617339044423,0.12471517099492818,0.8275169706854695,TRUE,0.9110686121166768,NA,NA,NA,25,391,0.5
E,+ interactions: lumps eps into residual,0.47611607084019886,0.16239521768387893,0.15782144417979616,0.7944106975006016,TRUE,0.8252347785204218,NA,NA,0.22439005671507042,25,391,0.5
F,+ (1|item:variant:judge:temp): splits eps/rho,0.47611607084019897,0.15766578825929475,0.16709112585198127,0.7851410158284167,TRUE,0.8012014990963804,0.04058708033597685,0.0993016213171558,NA,25,391,0.5
A,"1 obs/item, naive SE",0.31004741426088317,0.1153864448695953,0.08388998231647637,0.53620484620529,TRUE,0.5863529027164941,NA,NA,NA,25,392,0.5
B,+ (1|variant): captures phi,0.9172186601812456,0.224320250504354,0.47755096919271184,1.3568863511697795,TRUE,1.1399157862084184,NA,NA,NA,25,392,0.5
C,+ (1|judge): captures lambda,0.38059519234487355,0.3154753674156469,-0.23773652778979443,0.9989269124795415,TRUE,1.6031336924261181,NA,NA,NA,25,392,0.5
D,+ (1|temp): captures tau,0.4925632142364317,0.2807785230805983,-0.05776269100154097,1.0428891194744043,TRUE,1.4268166613056026,NA,NA,NA,25,392,0.5
E,+ interactions: lumps eps into residual,0.4925632142364317,0.27084351659747624,-0.03829007829462172,1.023416506767485,TRUE,1.376330489411933,NA,NA,0.20698403191675754,25,392,0.5
F,+ (1|item:variant:judge:temp): splits eps/rho,0.49256321423643157,0.2691528856696666,-0.03497644167611502,1.0201028701489783,TRUE,1.3677393039129448,0.04131236124264216,0.10197678061846803,NA,25,392,0.5
A,"1 obs/item, naive SE",0.2753205290820068,0.12029305907078573,0.039546133303266784,0.5110949248607468,TRUE,0.6112865722010635,NA,NA,NA,25,393,0.5
B,+ (1|variant): captures phi,0.13126664043350839,0.11084328777543331,-0.0859862036063409,0.3485194844733577,FALSE,0.5632661930716174,NA,NA,NA,25,393,0.5
C,+ (1|judge): captures lambda,0.5534259109739752,0.24425481110209818,0.07468648121386279,1.0321653407340876,TRUE,1.2412161381178233,NA,NA,NA,25,393,0.5
D,+ (1|temp): captures tau,0.6004169775447749,0.174420659775839,0.2585524843841304,0.9422814707054192,TRUE,0.886343801205355,NA,NA,NA,25,393,0.5
E,+ interactions: lumps eps into residual,0.6004169775447749,0.1719975873657439,0.2633017063079168,0.9375322487816329,TRUE,0.8740306084143195,NA,NA,0.2123718052293967,25,393,0.5
F,+ (1|item:variant:judge:temp): splits eps/rho,0.600416977544775,0.16889818607896886,0.269376532829996,0.931457422259554,TRUE,0.8582805526496441,0.041974099715763276,0.09944897211361359,NA,25,393,0.5
A,"1 obs/item, naive SE",-0.08401424748429702,0.13378900343828404,-0.34624069422333376,0.1782121992547397,FALSE,0.679868164811238,NA,NA,NA,25,394,0.5
B,+ (1|variant): captures phi,0.2790784595617199,0.20274729876364175,-0.11830624601501794,0.6764631651384577,TRUE,1.03028971281977,NA,NA,NA,25,394,0.5
C,+ (1|judge): captures lambda,0.41273260361477687,0.24868188474157812,-0.07468389047871626,0.90014909770827,TRUE,1.2637129529038447,NA,NA,NA,25,394,0.5
D,+ (1|temp): captures tau,0.5531327738715441,0.222979281587057,0.11609338196091246,0.9901721657821758,TRUE,1.1331014587716184,NA,NA,NA,25,394,0.5
E,+ interactions: lumps eps into residual,0.5531327738715441,0.20469076791905197,0.1519388687502023,0.9543266789928859,TRUE,1.0401657323288436,NA,NA,0.2184607583076038,25,394,0.5
F,+ (1|item:variant:judge:temp): splits eps/rho,0.5531327738715438,0.2015890415132064,0.15801825250565926,0.9482472952374283,TRUE,1.0244038611354347,0.03802331218582371,0.09768026335646578,NA,25,394,0.5
A,"1 obs/item, naive SE",0.5789824102944431,0.13430776037630468,0.31573919995688593,0.8422256206320002,TRUE,0.6825043031960932,NA,NA,NA,25,395,0.5
B,+ (1|variant): captures phi,0.9680034455424247,0.1741239966902345,0.6267204120295651,1.3092864790552843,FALSE,0.88483626484292,NA,NA,NA,25,395,0.5
C,+ (1|judge): captures lambda,0.8858665524267074,0.14160992223268348,0.6083111048506478,1.163422000002767,FALSE,0.7196112944499818,NA,NA,NA,25,395,0.5
D,+ (1|temp): captures tau,0.7421837824515867,0.21457674167853474,0.3216133687616586,1.1627541961415147,TRUE,1.0904027373479597,NA,NA,NA,25,395,0.5
E,+ interactions: lumps eps into residual,0.7421837824515867,0.19260989832973632,0.36466838172530347,1.11969918317787,TRUE,0.9787750468021313,NA,NA,0.2403036029964034,25,395,0.5
F,+ (1|item:variant:judge:temp): splits eps/rho,0.7421837824515866,0.18867825478624975,0.37237440307053704,1.1119931618326362,TRUE,0.9587958316804999,0.03671800516700638,0.1004188114349241,NA,25,395,0.5
A,"1 obs/item, naive SE",0.7768536692142531,0.12114828594475051,0.5394030287625422,1.014304309665964,FALSE,0.6156325312138152,NA,NA,NA,25,396,0.5
B,+ (1|variant): captures phi,0.7248579093294425,0.10636436908078811,0.5163837459310978,0.9333320727277872,FALSE,0.5405059201417735,NA,NA,NA,25,396,0.5
C,+ (1|judge): captures lambda,0.5881235286252637,0.11185257906012956,0.3688924736674098,0.8073545835831177,TRUE,0.568395052662854,NA,NA,NA,25,396,0.5
D,+ (1|temp): captures tau,0.5394239465387042,0.18783277874375132,0.17127170020095162,0.9075761928764567,TRUE,0.9544994229276652,NA,NA,NA,25,396,0.5
E,+ interactions: lumps eps into residual,0.5394239465387042,0.18170980069365522,0.18327273717913994,0.8955751558982684,TRUE,0.9233846246773096,NA,NA,0.20614453367079721,25,396,0.5
F,+ (1|item:variant:judge:temp): splits eps/rho,0.5394239465387043,0.17949712212639615,0.18760958717096782,0.8912383059064408,TRUE,0.912140578618371,0.04171529862432086,0.09932578256337594,NA,25,396,0.5
A,"1 obs/item, naive SE",0.33899258581514624,0.10620810913942,0.13082469190188306,0.5471604797284094,TRUE,0.5397118626569185,NA,NA,NA,25,397,0.5
B,+ (1|variant): captures phi,0.6332850036781495,0.2582041165849787,0.12720493517159126,1.1393650721847077,TRUE,1.3121015507848823,NA,NA,NA,25,397,0.5
C,+ (1|judge): captures lambda,0.5825479932628379,0.1706559012223806,0.24806242686697189,0.9170335596587039,TRUE,0.8672126362895638,NA,NA,NA,25,397,0.5
D,+ (1|temp): captures tau,0.39711512692995243,0.15904784606790653,0.08538134863685565,0.7088489052230492,TRUE,0.8082246256752205,NA,NA,NA,25,397,0.5
E,+ interactions: lumps eps into residual,0.39711512692995243,0.15083015623067908,0.10148802071782143,0.6927422331420834,TRUE,0.7664652466153337,NA,NA,0.21044166431457817,25,397,0.5
F,+ (1|item:variant:judge:temp): splits eps/rho,0.39711512692995216,0.14794679262044855,0.107139413393873,0.6870908404660313,TRUE,0.7518130175397564,0.03837643620876385,0.09954185942357398,NA,25,397,0.5
A,"1 obs/item, naive SE",0.42496458077252325,0.08844284739971525,0.25161659986908136,0.5983125616759651,TRUE,0.4494351165420116,NA,NA,NA,25,398,0.5
B,+ (1|variant): captures phi,0.47292626075228317,0.08934638346892947,0.2978073491531814,0.6480451723513849,TRUE,0.45402656571519273,NA,NA,NA,25,398,0.5
C,+ (1|judge): captures lambda,0.49430360149623453,0.2079874810958327,0.08664813854840242,0.9019590644440667,TRUE,1.0569184569908585,NA,NA,NA,25,398,0.5
D,+ (1|temp): captures tau,0.647111860038802,0.20036637883772931,0.2543937575168525,1.0398299625607514,TRUE,1.018190723971712,NA,NA,NA,25,398,0.5
E,+ interactions: lumps eps into residual,0.647111860038802,0.1753871886839714,0.303352970218218,0.9908707498593858,TRUE,0.891255357597298,NA,NA,0.21017853168150294,25,398,0.5
F,+ (1|item:variant:judge:temp): splits eps/rho,0.647111860038802,0.1727598130172378,0.30850262652501587,0.985721093552588,TRUE,0.877903968268534,0.036072163679505456,0.0987085892003389,NA,25,398,0.5
A,"1 obs/item, naive SE",0.48119952420274614,0.11400212447369226,0.25775536023430934,0.704643688171183,TRUE,0.5793182784731981,NA,NA,NA,25,399,0.5
B,+ (1|variant): captures phi,0.6235281653391642,0.1386663788406781,0.35174206281143516,0.8953142678668933,TRUE,0.7046532531122415,NA,NA,NA,25,399,0.5
C,+ (1|judge): captures lambda,0.4816156012464186,0.14906551599860865,0.18944718988914566,0.7737840126036916,TRUE,0.7574979721361331,NA,NA,NA,25,399,0.5
D,+ (1|temp): captures tau,0.7514357470816908,0.22906447836821095,0.30246936947999736,1.2004021246833843,TRUE,1.1640242660412519,NA,NA,NA,25,399,0.5
E,+ interactions: lumps eps into residual,0.7514357470816908,0.21629399951834857,0.32749950802572764,1.175371986137654,TRUE,1.0991292313501406,NA,NA,0.21859012563157754,25,399,0.5
F,+ (1|item:variant:judge:temp): splits eps/rho,0.7514357470816907,0.21296745931656264,0.33401952682122793,1.1688519673421536,TRUE,1.082224936348031,0.04021212142877496,0.0998415000084805,NA,25,399,0.5
A,"1 obs/item, naive SE",1.316362264554552,0.11258343418149228,1.0956987335588273,1.5370257955502769,FALSE,0.5721089986325089,NA,NA,NA,25,400,0.5
B,+ (1|variant): captures phi,0.8575080850443839,0.18827584226226057,0.4884874342103532,1.2265287358784147,TRUE,0.9567509142571649,NA,NA,NA,25,400,0.5
C,+ (1|judge): captures lambda,0.6376246260091811,0.19651384622109208,0.2524574874158407,1.0227917646025215,TRUE,0.9986135224630932,NA,NA,NA,25,400,0.5
D,+ (1|temp): captures tau,0.70612555937063,0.23385499665001594,0.24776976593659883,1.1644813528046614,TRUE,1.1883679773257734,NA,NA,NA,25,400,0.5
E,+ interactions: lumps eps into residual,0.70612555937063,0.2150605252417585,0.2846069298967834,1.1276441888444766,TRUE,1.0928611534721706,NA,NA,0.21878363490928968,25,400,0.5
F,+ (1|item:variant:judge:temp): splits eps/rho,0.70612555937063,0.21171661601876343,0.2911609919738537,1.1210901267674065,TRUE,1.0758685952774925,0.041082590014921004,0.09810959143031643,NA,25,400,0.5
A,"1 obs/item, naive SE",0.7862997625354562,0.1306200460047819,0.5302844723660838,1.0423150527048286,FALSE,0.6637646494302158,NA,NA,NA,25,401,0.5
B,+ (1|variant): captures phi,0.7194647659814796,0.1584287423024092,0.40894443106875755,1.0299851008942016,TRUE,0.8050785603779289,NA,NA,NA,25,401,0.5
C,+ (1|judge): captures lambda,0.6924855776039761,0.15195661235113844,0.39465061739574475,0.9903205378122075,TRUE,0.7721894962597402,NA,NA,NA,25,401,0.5
D,+ (1|temp): captures tau,0.4337450142570604,0.22736750237932096,-0.011895290406408687,0.8793853189205295,TRUE,1.1554008371969855,NA,NA,NA,25,401,0.5
E,+ interactions: lumps eps into residual,0.4337450142570604,0.20034828627556298,0.04106237315695699,0.8264276553571639,TRUE,1.0180987840011566,NA,NA,0.2230463846841914,25,401,0.5
F,+ (1|item:variant:judge:temp): splits eps/rho,0.43374501425706036,0.19627412018498797,0.04904773869448398,0.8184422898196367,TRUE,0.9973953199499191,0.03865972422554069,0.09981538903916243,NA,25,401,0.5
A,"1 obs/item, naive SE",0.4674640263713088,0.10662339892734399,0.2584821644737146,0.6764458882689031,TRUE,0.5418222177587934,NA,NA,NA,25,402,0.5
B,+ (1|variant): captures phi,0.5929450257425801,0.12313360210640238,0.3516031656140315,0.8342868858711288,TRUE,0.6257212023355415,NA,NA,NA,25,402,0.5
C,+ (1|judge): captures lambda,0.37695696737520146,0.22205858989457,-0.05827786881815572,0.8121918035685587,TRUE,1.1284228308183366,NA,NA,NA,25,402,0.5
D,+ (1|temp): captures tau,0.34199187650296015,0.2319577552465198,-0.11264532378021863,0.7966290767861389,TRUE,1.1787268708218759,NA,NA,NA,25,402,0.5
E,+ interactions: lumps eps into residual,0.34199187650296015,0.22262039012157073,-0.09434408813531847,0.7783278411412388,TRUE,1.131277699899544,NA,NA,0.1928565328461715,25,402,0.5
F,+ (1|item:variant:judge:temp): splits eps/rho,0.3419918765029602,0.22068316285364276,-0.09054712269017962,0.7745308756961,TRUE,1.121433399444193,0.03799704399331709,0.10004941302392677,NA,25,402,0.5
A,"1 obs/item, naive SE",0.43445088910405116,0.12509471442470427,0.18926524883163082,0.6796365293764715,TRUE,0.6356868781277799,NA,NA,NA,25,403,0.5
B,+ (1|variant): captures phi,0.3776396559406158,0.10132757401166151,0.17903761087775927,0.5762417010034724,TRUE,0.5149107177546278,NA,NA,NA,25,403,0.5
C,+ (1|judge): captures lambda,0.5360591574093816,0.19780174342809764,0.14836774029031025,0.9237505745284529,TRUE,1.0051581583306912,NA,NA,NA,25,403,0.5
D,+ (1|temp): captures tau,0.5010136795531422,0.2452920633769962,0.020241235334229724,0.9817861237720548,TRUE,1.2464870855235006,NA,NA,NA,25,403,0.5
E,+ interactions: lumps eps into residual,0.5010136795531422,0.23272818750838564,0.04486643203670637,0.9571609270695781,TRUE,1.1826419337532454,NA,NA,0.21024124414336678,25,403,0.5
F,+ (1|item:variant:judge:temp): splits eps/rho,0.5010136795531421,0.22990174644029457,0.050406256530164784,0.9516211025761194,TRUE,1.168278964805677,0.04296592108546275,0.09797476608599748,NA,25,403,0.5
A,"1 obs/item, naive SE",0.39509593015539185,0.07332944485604556,0.2513702182375426,0.5388216420732411,TRUE,0.37263417634995727,NA,NA,NA,25,404,0.5
B,+ (1|variant): captures phi,0.8317220846930558,0.1445002670639647,0.5485015612476849,1.1149426081384266,FALSE,0.7342989996097059,NA,NA,NA,25,404,0.5
C,+ (1|judge): captures lambda,0.5946889467953261,0.19656289505559213,0.20942567248636557,0.9799522211042867,TRUE,0.998862771207315,NA,NA,NA,25,404,0.5
D,+ (1|temp): captures tau,0.5229193521792921,0.250328811214117,0.03227488219962282,1.0135638221589613,TRUE,1.2720820478943797,NA,NA,NA,25,404,0.5
E,+ interactions: lumps eps into residual,0.5229193521792921,0.24108608532370257,0.05039062494483504,0.9954480794137491,TRUE,1.225113799925719,NA,NA,0.21571911381517472,25,404,0.5
F,+ (1|item:variant:judge:temp): splits eps/rho,0.5229193521792921,0.23814299389140603,0.056159084152136274,0.989679620206448,TRUE,1.2101580552865854,0.03802408558632525,0.10052391210442299,NA,25,404,0.5
A,"1 obs/item, naive SE",0.9828378504737204,0.0893181682155047,0.8077742407713312,1.1579014601761095,FALSE,0.45388318582542153,NA,NA,NA,25,405,0.5
B,+ (1|variant): captures phi,0.8571543320273902,0.18643876548142815,0.49173435168379104,1.2225743123709893,TRUE,0.9474155429822154,NA,NA,NA,25,405,0.5
C,+ (1|judge): captures lambda,0.7500121659378198,0.219966936261452,0.3188769708653739,1.1811473610102659,TRUE,1.1177937904605864,NA,NA,NA,25,405,0.5
D,+ (1|temp): captures tau,0.4610941167004316,0.2656888296365279,-0.059655989387163044,0.9818442227880262,TRUE,1.3501362023311345,NA,NA,NA,25,405,0.5
E,+ interactions: lumps eps into residual,0.4610941167004316,0.2581826606835773,-0.04494389823937989,0.967132131640243,TRUE,1.3119925195197164,NA,NA,0.20280135480967373,25,405,0.5
F,+ (1|item:variant:judge:temp): splits eps/rho,0.4610941167004316,0.2559834690947229,-0.04063348272522532,0.9628217161260886,TRUE,1.3008170094915514,0.040747506767221886,0.10007078958816058,NA,25,405,0.5
A,"1 obs/item, naive SE",0.3908350059115513,0.12433082429839944,0.1471465902866884,0.6345234215364142,TRUE,0.6318050600041561,NA,NA,NA,25,406,0.5
B,+ (1|variant): captures phi,0.4009994492428637,0.14365992941446803,0.11942598759050632,0.682572910895221,TRUE,0.7300287023438424,NA,NA,NA,25,406,0.5
C,+ (1|judge): captures lambda,0.25448536471816313,0.2358835898631253,-0.20784647141356244,0.7168172008498888,TRUE,1.1986765670416795,NA,NA,NA,25,406,0.5
D,+ (1|temp): captures tau,0.5328021811337204,0.23780554811293564,0.06670330683236653,0.9989010554350741,TRUE,1.2084432757737997,NA,NA,NA,25,406,0.5
E,+ interactions: lumps eps into residual,0.5328021811337204,0.2269618232165373,0.08795700762930725,0.9776473546381335,TRUE,1.1533393198763102,NA,NA,0.21521281557798858,25,406,0.5
F,+ (1|item:variant:judge:temp): splits eps/rho,0.5328021811337205,0.22428261008872616,0.09320826535981719,0.9723960969076237,TRUE,1.1397245109941783,0.04513537672809906,0.10211443028404131,NA,25,406,0.5
A,"1 obs/item, naive SE",0.6638853315592462,0.1148233091696794,0.43883164558667465,0.8889390175318178,TRUE,0.5834912472365792,NA,NA,NA,25,407,0.5
B,+ (1|variant): captures phi,0.5710248649184565,0.11225977122792731,0.35099571331171897,0.791054016525194,TRUE,0.5704642585372655,NA,NA,NA,25,407,0.5
C,+ (1|judge): captures lambda,0.39341680971462234,0.13043880279312614,0.1377567562400951,0.6490768631891496,TRUE,0.6628436358451962,NA,NA,NA,25,407,0.5
D,+ (1|temp): captures tau,0.3251293070488647,0.1811061255337841,-0.029838698997352142,0.6800973130950816,TRUE,0.9203169620702477,NA,NA,NA,25,407,0.5
E,+ interactions: lumps eps into residual,0.3251293070488647,0.1743420242359524,-0.01658106045360197,0.6668396745513314,TRUE,0.8859442033399273,NA,NA,0.22540684431421468,25,407,0.5
F,+ (1|item:variant:judge:temp): splits eps/rho,0.3251293070488647,0.17092817986670653,-0.009889925489880047,0.6601485395876094,TRUE,0.8685962595880253,0.04175647142575557,0.0979750129687439,NA,25,407,0.5
A,"1 obs/item, naive SE",0.3716505009000299,0.09706123535909829,0.18141047959619724,0.5618905222038625,TRUE,0.4932307010444398,NA,NA,NA,25,408,0.5
B,+ (1|variant): captures phi,0.523015149833104,0.12739162123486247,0.2733275722127736,0.7727027274534345,TRUE,0.6473589421811238,NA,NA,NA,25,408,0.5
C,+ (1|judge): captures lambda,0.3280432019426778,0.19395477184689588,-0.052108150877238135,0.7081945547625936,TRUE,0.9856092160276783,NA,NA,NA,25,408,0.5
D,+ (1|temp): captures tau,0.4411650956847449,0.2108803916237405,0.027839528102213518,0.8544906632672762,TRUE,1.0716192001089508,NA,NA,NA,25,408,0.5
E,+ interactions: lumps eps into residual,0.4411650956847449,0.2041366536528874,0.041057254525085574,0.8412729368444042,TRUE,1.0373499205688974,NA,NA,0.21102332738757534,25,408,0.5
F,+ (1|item:variant:judge:temp): splits eps/rho,0.4411650956847447,0.20092573904491845,0.04735064715670456,0.8349795442127849,TRUE,1.0210331937394577,0.03911589670814282,0.10205724196642968,NA,25,408,0.5
A,"1 obs/item, naive SE",-0.09332798727835039,0.08902533455966427,-0.2678176430152924,0.08116166845859159,FALSE,0.4523951092640094,NA,NA,NA,25,409,0.5
B,+ (1|variant): captures phi,0.13417607968099465,0.1352999681059805,-0.13101185780672714,0.39936401716871645,FALSE,0.6875463502324732,NA,NA,NA,25,409,0.5
C,+ (1|judge): captures lambda,0.2727254737830008,0.20114870563123008,-0.1215259892542101,0.6669769368202118,TRUE,1.0221662306853516,NA,NA,NA,25,409,0.5
D,+ (1|temp): captures tau,0.4697449815449167,0.25336689701210374,-0.026854136598806644,0.96634409968864,TRUE,1.2875205201374975,NA,NA,NA,25,409,0.5
E,+ interactions: lumps eps into residual,0.4697449815449167,0.24487079542966453,-0.010201777497225784,0.9496917405870591,TRUE,1.2443463515402455,NA,NA,0.19414581716249144,25,409,0.5
F,+ (1|item:variant:judge:temp): splits eps/rho,0.4697449815449168,0.2425293725239538,-0.00561258860203262,0.9451025516918662,TRUE,1.2324480725110063,0.034765653400147103,0.09833097678738104,NA,25,409,0.5
A,"1 obs/item, naive SE",1.0992263688793564,0.10310162088896113,0.8971471919369927,1.3013055458217202,FALSE,0.5239257934616173,NA,NA,NA,25,410,0.5
B,+ (1|variant): captures phi,0.8324053494980711,0.1117226492257306,0.6134289570156392,1.051381741980503,FALSE,0.5677347954234927,NA,NA,NA,25,410,0.5
C,+ (1|judge): captures lambda,0.649143709746818,0.17830331820178297,0.2996692060713234,0.9986182134223126,TRUE,0.9060740913696964,NA,NA,NA,25,410,0.5
D,+ (1|temp): captures tau,0.4158979359130382,0.2288344426781571,-0.03261757173614971,0.8644134435622262,TRUE,1.162855306422608,NA,NA,NA,25,410,0.5
E,+ interactions: lumps eps into residual,0.4158979359130382,0.21768449191103306,-0.01076366823258662,0.842559540058663,TRUE,1.1061952194874576,NA,NA,0.20749514138677658,25,410,0.5
F,+ (1|item:variant:judge:temp): splits eps/rho,0.41589793591303814,0.21506666972811236,-0.005632736754062062,0.8374286085801383,TRUE,1.0928923775679762,0.04360833962316599,0.10433868858422433,NA,25,410,0.5
A,"1 obs/item, naive SE",0.7554568049414145,0.11781632367151731,0.5245368105452406,0.9863767993375885,FALSE,0.5987006831716979,NA,NA,NA,25,411,0.5
B,+ (1|variant): captures phi,0.5811058651118609,0.16813055095354412,0.25156998524291446,0.9106417449808073,TRUE,0.8543797037715231,NA,NA,NA,25,411,0.5
C,+ (1|judge): captures lambda,0.39062154013213407,0.21991111985881254,-0.040404254791138516,0.8216473350554067,TRUE,1.1175101513403776,NA,NA,NA,25,411,0.5
D,+ (1|temp): captures tau,0.27050928391033197,0.2248131315864787,-0.17012445399916626,0.7111430218198302,TRUE,1.1424204326902863,NA,NA,NA,25,411,0.5
E,+ interactions: lumps eps into residual,0.27050928391033197,0.21321098146429945,-0.14738423975969495,0.6884028075803589,TRUE,1.0834624293513262,NA,NA,0.21813348514094663,25,411,0.5
F,+ (1|item:variant:judge:temp): splits eps/rho,0.27050928391033197,0.21009130748428292,-0.14126967875886254,0.6822882465795265,TRUE,1.0676093549648233,0.045758124355094416,0.10178473977541656,NA,25,411,0.5
A,"1 obs/item, naive SE",0.2301589658766527,0.13918803275762823,-0.04264957832829863,0.502967510081604,TRUE,0.7073041129143857,NA,NA,NA,25,412,0.5
B,+ (1|variant): captures phi,0.3909498139164921,0.1095552777687545,0.17622146948973327,0.6056781583432509,TRUE,0.5567209839961706,NA,NA,NA,25,412,0.5
C,+ (1|judge): captures lambda,0.1561995625702111,0.16526475101219934,-0.16771934941369962,0.4801184745541218,FALSE,0.839816727018826,NA,NA,NA,25,412,0.5
D,+ (1|temp): captures tau,0.3168090392193783,0.19171340932001923,-0.05894924304785937,0.6925673214866159,TRUE,0.9742194082806818,NA,NA,NA,25,412,0.5
E,+ interactions: lumps eps into residual,0.3168090392193783,0.18439909012113337,-0.044613177418043104,0.6782312558567998,TRUE,0.9370506377330781,NA,NA,0.21359589398717663,25,412,0.5
F,+ (1|item:variant:judge:temp): splits eps/rho,0.31680903921937836,0.18054486727936114,-0.03705890064816947,0.6706769790869263,TRUE,0.9174648471010551,0.03618472017047834,0.09846107088512385,NA,25,412,0.5
A,"1 obs/item, naive SE",0.15927992508167937,0.14525289241440925,-0.12541574405056277,0.4439755942139215,FALSE,0.7381235741460817,NA,NA,NA,25,413,0.5
B,+ (1|variant): captures phi,0.4690890276937571,0.1397498566419326,0.1951793086755692,0.742998746711945,TRUE,0.7101591022136021,NA,NA,NA,25,413,0.5
C,+ (1|judge): captures lambda,0.30639442756033536,0.16808006777596796,-0.023042505280561842,0.6358313604012326,TRUE,0.8541231662055759,NA,NA,NA,25,413,0.5
D,+ (1|temp): captures tau,0.6508131875582068,0.2592432588798989,0.14269640015360496,1.1589299749628088,TRUE,1.3173821026005703,NA,NA,NA,25,413,0.5
E,+ interactions: lumps eps into residual,0.6508131875582068,0.2504264998852437,0.15997724778312922,1.1416491273332845,TRUE,1.272578467000995,NA,NA,0.22048495126251616,25,413,0.5
F,+ (1|item:variant:judge:temp): splits eps/rho,0.6508131875582065,0.2474150474651269,0.16587969452655776,1.1357466805898553,TRUE,1.2572753361183016,0.04044193167027872,0.09849400634952656,NA,25,413,0.5
A,"1 obs/item, naive SE",0.708540642013697,0.12729152596623458,0.45904925111987727,0.9580320329075168,TRUE,0.6468502936013493,NA,NA,NA,25,414,0.5
B,+ (1|variant): captures phi,0.7316187307390358,0.12252442455604413,0.4914708586091893,0.9717666028688823,TRUE,0.6226255785356578,NA,NA,NA,25,414,0.5
C,+ (1|judge): captures lambda,0.8428911097998509,0.12478223487524123,0.5983179294443781,1.0874642901553238,FALSE,0.6340989681174294,NA,NA,NA,25,414,0.5
D,+ (1|temp): captures tau,0.6138437650725194,0.23058942917310268,0.16188848389323812,1.0657990462518006,TRUE,1.171773524040826,NA,NA,NA,25,414,0.5
E,+ interactions: lumps eps into residual,0.6138437650725194,0.22463124914505228,0.17356651674821688,1.0541210133968217,TRUE,1.1414961707667641,NA,NA,0.21387840939690178,25,414,0.5
F,+ (1|item:variant:judge:temp): splits eps/rho,0.6138437650725193,0.22174948905007463,0.17921476653437296,1.0484727636106657,TRUE,1.1268520901857881,0.04729329107011875,0.09925775271548261,NA,25,414,0.5
A,"1 obs/item, naive SE",0.2917807948400087,0.12381670411364545,0.04910005477726359,0.5344615349027537,TRUE,0.6291924839514289,NA,NA,NA,25,415,0.5
B,+ (1|variant): captures phi,0.09708356325539552,0.13421819340088642,-0.16598409581034185,0.3601512223211329,FALSE,0.6820491556604934,NA,NA,NA,25,415,0.5
C,+ (1|judge): captures lambda,0.2377695803592936,0.213356880435736,-0.18040990529474896,0.6559490660133361,TRUE,1.0842038360694364,NA,NA,NA,25,415,0.5
D,+ (1|temp): captures tau,0.47771986626307406,0.2972136956291755,-0.1048189771701099,1.060258709696258,TRUE,1.510334366885281,NA,NA,NA,25,415,0.5
E,+ interactions: lumps eps into residual,0.47771986626307406,0.2871974555672622,-0.08518714664875993,1.040626879174908,TRUE,1.4594353948158536,NA,NA,0.22261590016753025,25,415,0.5
F,+ (1|item:variant:judge:temp): splits eps/rho,0.4777198662630739,0.2843952532066528,-0.07969483002196559,1.0351345625481134,TRUE,1.4451955983648987,0.03679407171842099,0.09938030298467262,NA,25,415,0.5
A,"1 obs/item, naive SE",0.18696619902679912,0.11917764504069742,-0.04662198525296782,0.420554383306566,FALSE,0.6056184345353945,NA,NA,NA,25,416,0.5
B,+ (1|variant): captures phi,0.1332892733940646,0.12435257942471292,-0.11044178227837273,0.37702032906650196,FALSE,0.631915611823976,NA,NA,NA,25,416,0.5
C,+ (1|judge): captures lambda,0.38509190514094976,0.23294925238229205,-0.07148862952834267,0.8416724398102422,TRUE,1.183765306872594,NA,NA,NA,25,416,0.5
D,+ (1|temp): captures tau,0.592266545589882,0.22116233726188714,0.15878836455658324,1.0257447266231807,TRUE,1.1238683934809628,NA,NA,NA,25,416,0.5
E,+ interactions: lumps eps into residual,0.592266545589882,0.20970631381154523,0.1812421705192534,1.0032909206605107,TRUE,1.0656529539526216,NA,NA,0.21194690726439627,25,416,0.5
F,+ (1|item:variant:judge:temp): splits eps/rho,0.5922665455898819,0.20663678253241385,0.18725845182635076,0.9972746393534131,TRUE,1.0500546869505327,0.04292082549130057,0.0999721752017339,NA,25,416,0.5
A,"1 obs/item, naive SE",0.1414840995042339,0.11997229991190972,-0.09366160832310913,0.3766298073315769,FALSE,0.6096565881583762,NA,NA,NA,25,417,0.5
B,+ (1|variant): captures phi,0.39341955886713165,0.19457374649329132,0.012055015740280672,0.7747841019939826,TRUE,0.9887546251875848,NA,NA,NA,25,417,0.5
C,+ (1|judge): captures lambda,0.2631566586515713,0.19787472664529793,-0.12467780557321262,0.6509911228763552,TRUE,1.0055290331011493,NA,NA,NA,25,417,0.5
D,+ (1|temp): captures tau,0.24362379731399456,0.19825286985304566,-0.14495182759797495,0.632199422225964,TRUE,1.0074506224850321,NA,NA,NA,25,417,0.5
E,+ interactions: lumps eps into residual,0.24362379731399456,0.18496568467858965,-0.11890894465604115,0.6061565392840302,TRUE,0.9399298698976822,NA,NA,0.2130828152316163,25,417,0.5
F,+ (1|item:variant:judge:temp): splits eps/rho,0.24362379731399458,0.1824316341263432,-0.1139422055736381,0.6011898002016273,TRUE,0.927052725631566,0.04331823496994287,0.09781274009379691,NA,25,417,0.5
A,"1 obs/item, naive SE",0.9444529071727713,0.14098596329785992,0.6681204191089658,1.2207853952365768,FALSE,0.7164405569077761,NA,NA,NA,25,418,0.5
B,+ (1|variant): captures phi,0.42052808864587005,0.21372634095521523,0.0016244603736482177,0.8394317169180918,TRUE,1.0860813031174992,NA,NA,NA,25,418,0.5
C,+ (1|judge): captures lambda,0.41360667010594987,0.17804055717712117,0.06464717803879239,0.7625661621731074,TRUE,0.90473883323166,NA,NA,NA,25,418,0.5
D,+ (1|temp): captures tau,0.6592656835888672,0.2212812343734786,0.2255544642168491,1.0929769029608853,TRUE,1.124472586344215,NA,NA,NA,25,418,0.5
E,+ interactions: lumps eps into residual,0.6592656835888672,0.19963078503548182,0.2679893449193228,1.0505420222584116,TRUE,1.0144526977100006,NA,NA,0.21330481770191817,25,418,0.5
F,+ (1|item:variant:judge:temp): splits eps/rho,0.659265683588867,0.19609312234928405,0.27492316378427023,1.0436082033934637,TRUE,0.9964755532782764,0.03810326733529424,0.09908132826244663,NA,25,418,0.5
A,"1 obs/item, naive SE",0.6237042451277794,0.11927535782931972,0.3899245437823128,0.8574839464732461,TRUE,0.6061149761985506,NA,NA,NA,25,419,0.5
B,+ (1|variant): captures phi,0.8368571887736802,0.11583957205446732,0.6098116275469243,1.063902750000436,FALSE,0.588655534021668,NA,NA,NA,25,419,0.5
C,+ (1|judge): captures lambda,0.7474248551335794,0.13770549245515998,0.47752208992146583,1.017327620345693,TRUE,0.6997703700147853,NA,NA,NA,25,419,0.5
D,+ (1|temp): captures tau,0.567744733276533,0.22101250447549756,0.13456022450455773,1.000929242048508,TRUE,1.1231069965133995,NA,NA,NA,25,419,0.5
E,+ interactions: lumps eps into residual,0.567744733276533,0.21497416136125957,0.14639537700846422,0.9890940895446017,TRUE,1.0924222829265215,NA,NA,0.2168059355162889,25,419,0.5
F,+ (1|item:variant:judge:temp): splits eps/rho,0.567744733276533,0.2119236540546017,0.15237437132951365,0.9831150952235523,TRUE,1.0769206889911318,0.04570626169405619,0.10174756014030066,NA,25,419,0.5
A,"1 obs/item, naive SE",-0.4838775251434377,0.10991310624978134,-0.6993072133930092,-0.26844783689386625,FALSE,0.5585393411590233,NA,NA,NA,25,420,0.5
B,+ (1|variant): captures phi,-0.029824448081884215,0.2077927191097984,-0.43709817753708907,0.3774492813733206,FALSE,1.0559287457992268,NA,NA,NA,25,420,0.5
C,+ (1|judge): captures lambda,0.04021394944598788,0.18135099013980094,-0.3152339912280219,0.3956618901199977,FALSE,0.9215612769693918,NA,NA,NA,25,420,0.5
D,+ (1|temp): captures tau,0.22579141548774745,0.20528628698076656,-0.176569706994555,0.6281525379700499,TRUE,1.0431919485438765,NA,NA,NA,25,420,0.5
E,+ interactions: lumps eps into residual,0.22579141548774745,0.18571168416990688,-0.13820348548527006,0.589786316460765,TRUE,0.9437207741729048,NA,NA,0.2257389193003688,25,420,0.5
F,+ (1|item:variant:judge:temp): splits eps/rho,0.22579141548774717,0.1829848069763972,-0.13285880618599138,0.5844416371614858,TRUE,0.9298637534494323,0.04185216278696153,0.10041023762882005,NA,25,420,0.5
A,"1 obs/item, naive SE",0.8138751351328632,0.11076144328658577,0.5967827062911552,1.0309675639745715,FALSE,0.5628502884680798,NA,NA,NA,25,421,0.5
B,+ (1|variant): captures phi,0.6819323424746905,0.15778821611778493,0.372667438883832,0.9911972460655489,TRUE,0.8018236339604904,NA,NA,NA,25,421,0.5
C,+ (1|judge): captures lambda,0.5590566363083739,0.19562159804904705,0.17563830413224168,0.9424749684845061,TRUE,0.9940794343714343,NA,NA,NA,25,421,0.5
D,+ (1|temp): captures tau,0.5608997682047677,0.22533153936054778,0.11924995105809405,1.0025495853514415,TRUE,1.1450547967480378,NA,NA,NA,25,421,0.5
E,+ interactions: lumps eps into residual,0.5608997682047677,0.2169749889565623,0.13562878984990562,0.9861707465596299,TRUE,1.1025897776410603,NA,NA,0.21326978010150158,25,421,0.5
F,+ (1|item:variant:judge:temp): splits eps/rho,0.5608997682047675,0.21495532372742268,0.13958733369901904,0.982212202710516,TRUE,1.0923265567665463,0.040919917118007125,0.10076671279654577,NA,25,421,0.5
A,"1 obs/item, naive SE",1.2937072698923247,0.12678800099808268,1.0452027879360826,1.5422117518485667,FALSE,0.6442915586736915,NA,NA,NA,25,422,0.5
B,+ (1|variant): captures phi,0.8640310260381582,0.1419674745686637,0.5857747758835773,1.142287276192739,FALSE,0.7214282483418537,NA,NA,NA,25,422,0.5
C,+ (1|judge): captures lambda,0.4729249402010288,0.2646891061378349,-0.04586570782912758,0.9917155882311852,TRUE,1.3450559628278287,NA,NA,NA,25,422,0.5
D,+ (1|temp): captures tau,0.6873363009254343,0.23472488285428736,0.22727553053103106,1.1473970713198376,TRUE,1.192788429844993,NA,NA,NA,25,422,0.5
E,+ interactions: lumps eps into residual,0.6873363009254343,0.22691428813122286,0.2425842961882375,1.1320883056626312,TRUE,1.15309776346744,NA,NA,0.2118094063990189,25,422,0.5
F,+ (1|item:variant:judge:temp): splits eps/rho,0.6873363009254344,0.2240099378530017,0.24827682273355112,1.1263957791173178,TRUE,1.1383388876041178,0.03664508533012005,0.10188980848393694,NA,25,422,0.5
A,"1 obs/item, naive SE",0.12727525999891576,0.1150672173679119,-0.09825648604219156,0.3528070060400231,FALSE,0.5847307020112852,NA,NA,NA,25,423,0.5
B,+ (1|variant): captures phi,0.22779005572488387,0.26721180970977904,-0.295945091306283,0.7515252027560507,TRUE,1.3578754457729392,NA,NA,NA,25,423,0.5
C,+ (1|judge): captures lambda,0.37987188237505803,0.31682696358857565,-0.24110896625855022,1.0008527310086663,TRUE,1.6100020237989492,NA,NA,NA,25,423,0.5
D,+ (1|temp): captures tau,0.3601489840101797,0.2843914118145034,-0.197258183146247,0.9175561511666064,TRUE,1.4451760777752851,NA,NA,NA,25,423,0.5
E,+ interactions: lumps eps into residual,0.3601489840101797,0.27218983228833654,-0.17334308727495995,0.8936410552953193,TRUE,1.3831719872516564,NA,NA,0.20013669999757108,25,423,0.5
F,+ (1|item:variant:judge:temp): splits eps/rho,0.36014898401017964,0.2700415149764026,-0.1691323853435695,0.8894303533639287,TRUE,1.3722550022173035,0.03835258197023251,0.09801802116519691,NA,25,423,0.5
A,"1 obs/item, naive SE",0.03247761810592863,0.12827772561950063,-0.21894672410829258,0.28390196032014986,FALSE,0.6518618097287772,NA,NA,NA,25,424,0.5
B,+ (1|variant): captures phi,0.3184330046467953,0.18422698156602704,-0.042651879222617706,0.6795178885162083,TRUE,0.9361760432260458,NA,NA,NA,25,424,0.5
C,+ (1|judge): captures lambda,0.2847702610460798,0.182681717940827,-0.07328590611794111,0.6428264282101006,TRUE,0.9283235626931525,NA,NA,NA,25,424,0.5
D,+ (1|temp): captures tau,0.25556216883442295,0.21584721300848045,-0.1674983686621987,0.6786227063310446,TRUE,1.0968588211017634,NA,NA,NA,25,424,0.5
E,+ interactions: lumps eps into residual,0.25556216883442295,0.2020001390845812,-0.1403581037713562,0.6514824414402021,TRUE,1.0264929128827844,NA,NA,0.1971868959166293,25,424,0.5
F,+ (1|item:variant:judge:temp): splits eps/rho,0.2555621688344226,0.20013719676963215,-0.13670673683405637,0.6478310745029017,TRUE,1.0170261021564615,0.036651227089747856,0.10181283919224955,NA,25,424,0.5
A,"1 obs/item, naive SE",0.5581377178841609,0.09018014056841342,0.3813846423700706,0.7348907933982511,TRUE,0.4582634229647198,NA,NA,NA,25,425,0.5
B,+ (1|variant): captures phi,0.3964936415296354,0.08885781872507567,0.2223323168284871,0.5706549662307837,TRUE,0.4515438533303249,NA,NA,NA,25,425,0.5
C,+ (1|judge): captures lambda,0.3473655386297983,0.2473444742134525,-0.13742963082856857,0.8321607080881652,TRUE,1.2569167079361074,NA,NA,NA,25,425,0.5
D,+ (1|temp): captures tau,0.3031672699129064,0.21595627541676685,-0.12010702990395661,0.7264415697297694,TRUE,1.0974130374982236,NA,NA,NA,25,425,0.5
E,+ interactions: lumps eps into residual,0.3031672699129064,0.21028197883202418,-0.10898540859786099,0.7153199484236737,TRUE,1.0685782789865255,NA,NA,0.21038136769899382,25,425,0.5
F,+ (1|item:variant:judge:temp): splits eps/rho,0.3031672699129064,0.2089057111619237,-0.10628792396446407,0.7126224637902768,TRUE,1.0615845758336957,0.04707929546011454,0.09800255402225781,NA,25,425,0.5
A,"1 obs/item, naive SE",0.5760879384363005,0.12296912561039479,0.33506845223992665,0.8171074246326743,TRUE,0.6248853912402982,NA,NA,NA,25,426,0.5
B,+ (1|variant): captures phi,0.4016482763886491,0.13000747549454164,0.1468336244193475,0.6564629283579506,TRUE,0.6606517838141218,NA,NA,NA,25,426,0.5
C,+ (1|judge): captures lambda,0.39491506913199237,0.18980744322745507,0.022892480406180415,0.7669376578578043,TRUE,0.9645339660078287,NA,NA,NA,25,426,0.5
D,+ (1|temp): captures tau,0.5342404351203792,0.32047927960490946,-0.0938989529052433,1.1623798231460016,TRUE,1.6285617957048741,NA,NA,NA,25,426,0.5
E,+ interactions: lumps eps into residual,0.5342404351203792,0.3035492840743112,-0.06071616166527072,1.1291970319060292,TRUE,1.5425295755982353,NA,NA,0.20964646062870657,25,426,0.5
F,+ (1|item:variant:judge:temp): splits eps/rho,0.5342404351203792,0.3014186858603261,-0.0565401891658599,1.1250210594066183,TRUE,1.5317026327220193,0.039270676428550574,0.09946394375617973,NA,25,426,0.5
A,"1 obs/item, naive SE",1.0607959438834902,0.11602712138752044,0.8333827859639501,1.2882091018030302,FALSE,0.5896085930743369,NA,NA,NA,25,427,0.5
B,+ (1|variant): captures phi,0.843586961640091,0.18201238318378687,0.4868426905998687,1.2003312326803133,TRUE,0.9249222413497047,NA,NA,NA,25,427,0.5
C,+ (1|judge): captures lambda,0.9075826428409045,0.19293200901726026,0.5294359051670744,1.2857293805147347,FALSE,0.9804118988330534,NA,NA,NA,25,427,0.5
D,+ (1|temp): captures tau,0.5592152986778112,0.2664738964290118,0.03692646167694802,1.0815041356786743,TRUE,1.3541256327457685,NA,NA,NA,25,427,0.5
E,+ interactions: lumps eps into residual,0.5592152986778112,0.2551240562714407,0.05917214838578744,1.059258448969835,TRUE,1.296449778972119,NA,NA,0.2087610481773825,25,427,0.5
F,+ (1|item:variant:judge:temp): splits eps/rho,0.5592152986778113,0.2526729749154906,0.06397626784344967,1.0544543295121729,TRUE,1.2839942546730572,0.04426220071432914,0.09870348805624077,NA,25,427,0.5
A,"1 obs/item, naive SE",0.34639777154302964,0.1046088972136178,0.14136433300433876,0.5514312100817205,TRUE,0.5315852360344179,NA,NA,NA,25,428,0.5
B,+ (1|variant): captures phi,0.41658124497660937,0.07605022522918602,0.26752280352740476,0.565639686425814,TRUE,0.38646021519921686,NA,NA,NA,25,428,0.5
C,+ (1|judge): captures lambda,0.25805435516296954,0.14280482922108745,-0.02184311011036183,0.537951820436301,TRUE,0.7256833870767954,NA,NA,NA,25,428,0.5
D,+ (1|temp): captures tau,0.42160509139816293,0.1489622954396671,0.1296389923364154,0.7135711904599105,TRUE,0.7569734419417607,NA,NA,NA,25,428,0.5
E,+ interactions: lumps eps into residual,0.42160509139816293,0.14401728708749598,0.13933120870667082,0.703878974089655,TRUE,0.7318446670277771,NA,NA,0.2071368665933092,25,428,0.5
F,+ (1|item:variant:judge:temp): splits eps/rho,0.4216050913981628,0.14051144087867448,0.14620266727596082,0.6970075155203648,TRUE,0.7140292026260154,0.04022638059031415,0.10127693001981546,NA,25,428,0.5
A,"1 obs/item, naive SE",0.4871906928836462,0.10364642596015257,0.28404369800174717,0.6903376877655452,TRUE,0.5266942992013408,NA,NA,NA,25,429,0.5
B,+ (1|variant): captures phi,0.7808768429467127,0.20042632081181952,0.3880412541555464,1.1737124317378789,TRUE,1.0184953277797424,NA,NA,NA,25,429,0.5
C,+ (1|judge): captures lambda,0.6051315245455492,0.230979694839226,0.1524113226606662,1.0578517264304321,TRUE,1.1737567154496662,NA,NA,NA,25,429,0.5
D,+ (1|temp): captures tau,0.5116338462806304,0.26932281903416166,-0.01623887902632648,1.0395065715875873,TRUE,1.3686028448743868,NA,NA,NA,25,429,0.5
E,+ interactions: lumps eps into residual,0.5116338462806304,0.26366226515440305,-0.0051441934219995655,1.0284118859832603,TRUE,1.3398379219050498,NA,NA,0.21451320274418118,25,429,0.5
F,+ (1|item:variant:judge:temp): splits eps/rho,0.5116338462806305,0.26123095369281746,-3.7882295729174675e-4,1.0236465155185526,TRUE,1.3274828611826248,0.04391991036280744,0.10083871326546166,NA,25,429,0.5
A,"1 obs/item, naive SE",0.6277710936913421,0.1114276520498216,0.4093728956736918,0.8461692917089925,TRUE,0.5662357246220402,NA,NA,NA,25,430,0.5
B,+ (1|variant): captures phi,0.8249292969703161,0.12214090965830113,0.5855331140400459,1.0643254799005863,FALSE,0.6206766921323998,NA,NA,NA,25,430,0.5
C,+ (1|judge): captures lambda,0.7923932297537587,0.12652671736181842,0.5444008637245946,1.040385595782923,FALSE,0.6429638080984049,NA,NA,NA,25,430,0.5
D,+ (1|temp): captures tau,0.6656555130712419,0.1832126222141745,0.30655877353145994,1.024752252611024,TRUE,0.9310214295187897,NA,NA,NA,25,430,0.5
E,+ interactions: lumps eps into residual,0.6656555130712419,0.16877893808669198,0.33484879442132565,0.9964622317211582,TRUE,0.8576745767354568,NA,NA,0.21563998960672218,25,430,0.5
F,+ (1|item:variant:judge:temp): splits eps/rho,0.6656555130712419,0.16438335248220418,0.34346414220612176,0.9878468839363621,TRUE,0.8353377729519355,0.03769795154144811,0.09986064943569067,NA,25,430,0.5
A,"1 obs/item, naive SE",0.7832175791455367,0.11527462439331108,0.5572793153346469,1.0091558429564265,FALSE,0.5857846707987285,NA,NA,NA,25,431,0.5
B,+ (1|variant): captures phi,0.6384843306661648,0.18137119967018603,0.2829967793126002,0.9939718820197294,TRUE,0.921663974620032,NA,NA,NA,25,431,0.5
C,+ (1|judge): captures lambda,0.5671273354489151,0.21489803022772488,0.14592719620257438,0.988327474695256,TRUE,1.0920354115640698,NA,NA,NA,25,431,0.5
D,+ (1|temp): captures tau,0.3939482093948098,0.22569324599040477,-0.04841055274638356,0.8363069715360032,TRUE,1.1468928612848917,NA,NA,NA,25,431,0.5
E,+ interactions: lumps eps into residual,0.3939482093948098,0.21375010076864948,-0.0250019881117432,0.8128984069013627,TRUE,1.0862020420447702,NA,NA,0.21553446966974427,25,431,0.5
F,+ (1|item:variant:judge:temp): splits eps/rho,0.3939482093948099,0.21131307353948336,-0.020225414742577497,0.8081218335321974,TRUE,1.0738179358229725,0.03951968239235365,0.10080881132112478,NA,25,431,0.5
A,"1 obs/item, naive SE",0.8351491530762647,0.10684142248750154,0.6257399650007617,1.0445583411517676,FALSE,0.5429301360025995,NA,NA,NA,25,432,0.5
B,+ (1|variant): captures phi,0.8250863034252905,0.1345747525528775,0.5613197884216506,1.0888528184289306,FALSE,0.6838610625443252,NA,NA,NA,25,432,0.5
C,+ (1|judge): captures lambda,0.6124742736066867,0.1496716692066225,0.31911780196170664,0.9058307452516667,TRUE,0.7605782273031202,NA,NA,NA,25,432,0.5
D,+ (1|temp): captures tau,0.545007615878463,0.1537097959987049,0.2437364157210014,0.8462788160359247,TRUE,0.7810985524483373,NA,NA,NA,25,432,0.5
E,+ interactions: lumps eps into residual,0.545007615878463,0.13556275471947749,0.27930461662828715,0.810710615128639,TRUE,0.6888817384038752,NA,NA,0.22164984272005459,25,432,0.5
F,+ (1|item:variant:judge:temp): splits eps/rho,0.5450076158784628,0.13024527397726354,0.2897268788830263,0.8002883528738993,TRUE,0.6618601911860895,0.04242392908435985,0.0996374312697164,NA,25,432,0.5
A,"1 obs/item, naive SE",0.5309530670601692,0.08324858303458522,0.36778584431238215,0.6941202898079563,TRUE,0.42303971115957767,NA,NA,NA,25,433,0.5
B,+ (1|variant): captures phi,0.7382147041089578,0.3204123194104569,0.11020655806446233,1.3662228501534535,TRUE,1.6282215277953453,NA,NA,NA,25,433,0.5
C,+ (1|judge): captures lambda,0.4526862293923111,0.2588532357069234,-0.054666112593258764,0.960038571377881,TRUE,1.3154001434557216,NA,NA,NA,25,433,0.5
D,+ (1|temp): captures tau,0.41072181569367966,0.2811024135968812,-0.1402389149562075,0.9616825463435668,TRUE,1.4284625577936991,NA,NA,NA,25,433,0.5
E,+ interactions: lumps eps into residual,0.41072181569367966,0.27197618972689946,-0.12235151617104328,0.9437951475584025,TRUE,1.3820863316862735,NA,NA,0.19491726038566454,25,433,0.5
F,+ (1|item:variant:judge:temp): splits eps/rho,0.4107218156936796,0.27000945260034404,-0.11849671140299467,0.9399403427903539,TRUE,1.3720920726176336,0.03571766489020468,0.09858860565452217,NA,25,433,0.5
A,"1 obs/item, naive SE",0.6514861094632268,0.1246634039205368,0.40714583777897473,0.8958263811474789,TRUE,0.6334951114399638,NA,NA,NA,25,434,0.5
B,+ (1|variant): captures phi,0.6486202754275915,0.22337769515126962,0.21079999293110302,1.08644055792408,TRUE,1.1351260549026607,NA,NA,NA,25,434,0.5
C,+ (1|judge): captures lambda,0.3837751113025578,0.33819350301773693,-0.2790841546122066,1.0466343772173223,TRUE,1.718579183182394,NA,NA,NA,25,434,0.5
D,+ (1|temp): captures tau,0.64201299775463,0.3330661313802619,-0.010796619750683245,1.2948226152599434,TRUE,1.6925237028672024,NA,NA,NA,25,434,0.5
E,+ interactions: lumps eps into residual,0.64201299775463,0.32786249125546196,-5.974851060753794e-4,1.2846234806153354,TRUE,1.6660806532064145,NA,NA,0.20383543672292279,25,434,0.5
F,+ (1|item:variant:judge:temp): splits eps/rho,0.64201299775463,0.3260462586359074,0.0029623308282514804,1.2810636646810085,TRUE,1.6568512045507449,0.03699517479657168,0.10143838823588609,NA,25,434,0.5
A,"1 obs/item, naive SE",0.3337246109529023,0.10107002539689376,0.13562736117499052,0.53182186073081406,TRUE,0.5136019472311028,NA,NA,NA,25,435,0.5
B,+ (1|variant): captures phi,0.14481201969429067,0.0868281281887033,-0.025371111555567788,0.3149951509441491,FALSE,0.4412296874076018,NA,NA,NA,25,435,0.5
C,+ (1|judge): captures lambda,0.32421029267745294,0.18296246196794588,-0.03439613277972098,0.6828167181346269,TRUE,0.929750204058241,NA,NA,NA,25,435,0.5
D,+ (1|temp): captures tau,0.5819589998501699,0.26681234787466096,0.059006798015834416,1.1049112016845053,TRUE,1.355845522701727,NA,NA,NA,25,435,0.5
E,+ interactions: lumps eps into residual,0.5819589998501699,0.2543128373562342,0.08350583863195077,1.080412161068389,TRUE,1.292327452764674,NA,NA,0.2206500357636675,25,435,0.5
F,+ (1|item:variant:judge:temp): splits eps/rho,0.5819589998501697,0.25249731869413095,0.08706425520967309,1.0768537444906663,TRUE,1.2831016321870203,0.042863164542766306,0.09829481755114437,NA,25,435,0.5
A,"1 obs/item, naive SE",0.40594664161390637,0.12563124278832066,0.15970940574879788,0.6521838774790149,TRUE,0.6384133245812758,NA,NA,NA,25,436,0.5
B,+ (1|variant): captures phi,0.37385858648825904,0.14534276023432316,0.08898677642898567,0.6587303965475324,TRUE,0.7385802504664837,NA,NA,NA,25,436,0.5
C,+ (1|judge): captures lambda,0.464811825368179,0.130043353180958,0.20992685313350135,0.7196967976028567,TRUE,0.6608341014650102,NA,NA,NA,25,436,0.5
D,+ (1|temp): captures tau,0.4353153334623092,0.17036138379844137,0.10140702121736411,0.7692236457072543,TRUE,0.8657160034171105,NA,NA,NA,25,436,0.5
E,+ interactions: lumps eps into residual,0.4353153334623092,0.15884212033587153,0.123984777604001,0.7466458893206174,TRUE,0.8071792006230964,NA,NA,0.22075958735582346,25,436,0.5
F,+ (1|item:variant:judge:temp): splits eps/rho,0.435315333462309,0.15556779683518038,0.13040245166535547,0.7402282152592625,TRUE,0.7905402523373347,0.03597140953174316,0.09807538947422356,NA,25,436,0.5
A,"1 obs/item, naive SE",0.8539876493859938,0.1241949124779533,0.6105656209292053,1.0974096778427822,FALSE,0.6311144044377928,NA,NA,NA,25,437,0.5
B,+ (1|variant): captures phi,0.843699037857262,0.09847068426056038,0.6506964967065636,1.0367015790079603,FALSE,0.5003930194219309,NA,NA,NA,25,437,0.5
C,+ (1|judge): captures lambda,0.5640916550626172,0.2002475189677011,0.17160651788592302,0.9565767922393114,TRUE,1.017586720356848,NA,NA,NA,25,437,0.5
D,+ (1|temp): captures tau,0.6868017716950446,0.23442267539140618,0.22733332792788852,1.1462702154622009,TRUE,1.1912527189277944,NA,NA,NA,25,437,0.5
E,+ interactions: lumps eps into residual,0.6868017716950446,0.22008619966435414,0.25543282035291054,1.1181707230371787,TRUE,1.1183998446860939,NA,NA,0.20489757571042258,25,437,0.5
F,+ (1|item:variant:judge:temp): splits eps/rho,0.6868017716950446,0.21724654362036078,0.26099854619913754,1.1126049971909517,TRUE,1.103969721927795,0.039901484469362716,0.0979806897754438,NA,25,437,0.5
A,"1 obs/item, naive SE",0.3480955725509582,0.11651034054047911,0.11973530509161914,0.5764558400102973,TRUE,0.5920641410661805,NA,NA,NA,25,438,0.5
B,+ (1|variant): captures phi,0.04593611925889084,0.14073973364308326,-0.22991375868155234,0.32178599719933404,FALSE,0.7151893053159938,NA,NA,NA,25,438,0.5
C,+ (1|judge): captures lambda,0.23757342227402964,0.26007817074869666,-0.2721797923934157,0.747326636941475,TRUE,1.3216248279773275,NA,NA,NA,25,438,0.5
D,+ (1|temp): captures tau,0.3200445554836941,0.2451706625826682,-0.1604899431783356,0.8005790541457238,TRUE,1.2458701698344288,NA,NA,NA,25,438,0.5
E,+ interactions: lumps eps into residual,0.3200445554836941,0.23593788977001237,-0.14239370846553012,0.7824828194329183,TRUE,1.1989524998694605,NA,NA,0.19003386137691275,25,438,0.5
F,+ (1|item:variant:judge:temp): splits eps/rho,0.3200445554836941,0.23387226266507558,-0.13834507933985402,0.7784341903072423,TRUE,1.1884557170777001,0.03695988316271261,0.10251876982021808,NA,25,438,0.5
A,"1 obs/item, naive SE",0.8396962485705247,0.107906455351185,0.6281995960822021,1.0511929010588472,FALSE,0.5483422544868376,NA,NA,NA,25,439,0.5
B,+ (1|variant): captures phi,0.6906436411667486,0.117152018341433,0.4610256852175399,0.9202615971159573,TRUE,0.5953249195885042,NA,NA,NA,25,439,0.5
C,+ (1|judge): captures lambda,0.37889951497728,0.2609472940316141,-0.13255718132468364,0.8903562112792437,TRUE,1.32604140360138,NA,NA,NA,25,439,0.5
D,+ (1|temp): captures tau,0.3544063588979316,0.21661817532195338,-0.07016526473309703,0.7789779825289602,TRUE,1.1007765775670115,NA,NA,NA,25,439,0.5
E,+ interactions: lumps eps into residual,0.3544063588979316,0.212193239574239,-0.061492390667576835,0.77030510846344,TRUE,1.0782906267871035,NA,NA,0.19278447587318798,25,439,0.5
F,+ (1|item:variant:judge:temp): splits eps/rho,0.3544063588979317,0.21054895739292592,-0.05826959759220307,0.7670823153880665,TRUE,1.0699349691447562,0.038719174260286864,0.09987032960916431,NA,25,439,0.5
A,"1 obs/item, naive SE",0.6516640696134479,0.09581233876294686,0.4638718856380721,0.8394562535888237,TRUE,0.48688425241978767,NA,NA,NA,25,440,0.5
B,+ (1|variant): captures phi,0.6306527150576907,0.1482135019368971,0.3401542512613724,0.921151178854009,TRUE,0.7531683394933697,NA,NA,NA,25,440,0.5
C,+ (1|judge): captures lambda,0.36354138847310863,0.20410741124656526,-0.03650913757015928,0.7635919145163765,TRUE,1.0372013210531674,NA,NA,NA,25,440,0.5
D,+ (1|temp): captures tau,0.5583759126549434,0.24451576847489995,0.07912500644413945,1.0376268188657471,TRUE,1.2425422307381524,NA,NA,NA,25,440,0.5
E,+ interactions: lumps eps into residual,0.5583759126549434,0.23005742308395652,0.10746336341038859,1.0092884618994982,TRUE,1.1690700581789022,NA,NA,0.21340879045562972,25,440,0.5
F,+ (1|item:variant:judge:temp): splits eps/rho,0.5583759126549432,0.2269433568839742,0.11356693316235378,1.0031848921475328,TRUE,1.1532454805374424,0.03823551703722444,0.09920318832437056,NA,25,440,0.5
A,"1 obs/item, naive SE",-0.7519018366084258,0.12495153801933448,-0.9968068511263214,-0.5069968220905302,FALSE,0.6349593065227793,NA,NA,NA,25,441,0.5
B,+ (1|variant): captures phi,-0.3850054715922255,0.16535495031215966,-0.7091011742040584,-0.060909768980392576,FALSE,0.8402750878030109,NA,NA,NA,25,441,0.5
C,+ (1|judge): captures lambda,-0.048037619825394784,0.2856582738173231,-0.607927836507348,0.5118525968565585,TRUE,1.4516138202114446,NA,NA,NA,25,441,0.5
D,+ (1|temp): captures tau,0.2687059011525709,0.22572886300717893,-0.17372267034149974,0.7111344726466415,TRUE,1.1470738543053045,NA,NA,NA,25,441,0.5
E,+ interactions: lumps eps into residual,0.2687059011525709,0.21018104849072272,-0.14324895388924558,0.6806607561943874,TRUE,1.0680653868642214,NA,NA,0.205282804255967,25,441,0.5
F,+ (1|item:variant:judge:temp): splits eps/rho,0.26870590115257087,0.20788023413711273,-0.13873935775617008,0.6761511600613118,TRUE,1.0563734660638564,0.04044720189755772,0.09966828928079419,NA,25,441,0.5
A,"1 obs/item, naive SE",0.460921003780011,0.14504912466216432,0.1766247194421689,0.7452172881178531,TRUE,0.7370880988513547,NA,NA,NA,25,442,0.5
B,+ (1|variant): captures phi,0.44596671012204847,0.14961348875112646,0.15272427216984064,0.7392091480742563,TRUE,0.7602825749065147,NA,NA,NA,25,442,0.5
C,+ (1|judge): captures lambda,0.3373592009275312,0.15383472083906635,0.03584314808296113,0.6388752537721012,TRUE,0.7817333760868515,NA,NA,NA,25,442,0.5
D,+ (1|temp): captures tau,0.3706410428214123,0.19750434557555774,-0.016467474506680846,0.7577495601495055,TRUE,1.0036468881438378,NA,NA,NA,25,442,0.5
E,+ interactions: lumps eps into residual,0.3706410428214123,0.18062937623653258,0.01660746539780844,0.7246746202450162,TRUE,0.9178942915856219,NA,NA,0.21851285010410407,25,442,0.5
F,+ (1|item:variant:judge:temp): splits eps/rho,0.37064104282141286,0.17791999008595902,0.021917862252933185,0.7193642233898925,TRUE,0.9041261541257659,0.03708635207557401,0.10204438517598129,NA,25,442,0.5
A,"1 obs/item, naive SE",0.3371460607634592,0.1383475886959305,0.06598478691943543,0.608307334607483,TRUE,0.703033274899537,NA,NA,NA,25,443,0.5
B,+ (1|variant): captures phi,0.5390799692541667,0.14565835568366703,0.2535895921141793,0.824570346394154,TRUE,0.7401839943725901,NA,NA,NA,25,443,0.5
C,+ (1|judge): captures lambda,0.39987984776875146,0.14169380698411893,0.12215998607987838,0.6775997094576245,TRUE,0.7200375669428507,NA,NA,NA,25,443,0.5
D,+ (1|temp): captures tau,0.46148959955883007,0.16329292481018476,0.14143546693086795,0.7815437321867922,TRUE,0.8297966070774381,NA,NA,NA,25,443,0.5
E,+ interactions: lumps eps into residual,0.46148959955883007,0.15421564272546862,0.1592269398169116,0.7637522593007485,TRUE,0.7836690857280717,NA,NA,0.2095588054052675,25,443,0.5
F,+ (1|item:variant:judge:temp): splits eps/rho,0.4614895995588303,0.15154466569505612,0.16446205479652032,0.7585171443211403,TRUE,0.7700961297656844,0.040473222040235554,0.09883070129440717,NA,25,443,0.5
A,"1 obs/item, naive SE",0.8892494354849003,0.13859694987220733,0.617599413735374,1.1608994572344267,FALSE,0.7043004397705924,NA,NA,NA,25,444,0.5
B,+ (1|variant): captures phi,0.6795962084835528,0.11857731271838841,0.44718467555551156,0.9120077414115941,TRUE,0.6025677590407276,NA,NA,NA,25,444,0.5
C,+ (1|judge): captures lambda,0.4364478404316208,0.27098319972299184,-0.09467923102544312,0.9675749118886847,TRUE,1.3770403094102799,NA,NA,NA,25,444,0.5
D,+ (1|temp): captures tau,0.6312627419223676,0.2539815957194119,0.13345881431232026,1.129066669532415,TRUE,1.290644200494697,NA,NA,NA,25,444,0.5
E,+ interactions: lumps eps into residual,0.6312627419223676,0.24424823383655248,0.1525362036027248,1.1099892802420106,TRUE,1.241182714791981,NA,NA,0.20122008524950377,25,444,0.5
F,+ (1|item:variant:judge:temp): splits eps/rho,0.6312627419223676,0.24203322808360805,0.15687761487849589,1.1056478689662395,TRUE,1.2299268428025067,0.0397349297462124,0.10119586988234726,NA,25,444,0.5
A,"1 obs/item, naive SE",-0.02259104250515135,0.10138598311957325,-0.2213075694195149,0.17612548440921222,FALSE,0.5152075320815432,NA,NA,NA,25,445,0.5
B,+ (1|variant): captures phi,0.04243428598802839,0.08696868450360988,-0.12802433563904697,0.21289290761510377,FALSE,0.44194394464408876,NA,NA,NA,25,445,0.5
C,+ (1|judge): captures lambda,0.18257569810833305,0.12538384577615835,-0.06317663961293732,0.42832803582960344,FALSE,0.6371561408941564,NA,NA,NA,25,445,0.5
D,+ (1|temp): captures tau,0.45427129397932997,0.2166257770466088,0.029684770967976726,0.8788578169906832,TRUE,1.100815206829941,NA,NA,NA,25,445,0.5
E,+ interactions: lumps eps into residual,0.45427129397932997,0.2069740649133412,0.04860212674918124,0.8599404612094788,TRUE,1.0517686361350784,NA,NA,0.2178943106646549,25,445,0.5
F,+ (1|item:variant:judge:temp): splits eps/rho,0.45427129397933,0.2035624757258855,0.055288841556594415,0.8532537464020656,TRUE,1.034432152415508,0.0397294593503549,0.10241748134856817,NA,25,445,0.5
A,"1 obs/item, naive SE",0.3207770175663215,0.17768558495731746,-0.027486728950020745,0.6690407640826637,TRUE,0.9029349905731845,NA,NA,NA,25,446,0.5
B,+ (1|variant): captures phi,0.9428223784133115,0.2894196785233553,0.3755598085075351,1.510084948319088,TRUE,1.4707279420666246,NA,NA,NA,25,446,0.5
C,+ (1|judge): captures lambda,0.7366445651946477,0.2195214181083982,0.30638258570218724,1.1669065446871083,TRUE,1.1155298255507462,NA,NA,NA,25,446,0.5
D,+ (1|temp): captures tau,0.42119891636015216,0.23569180390290997,-0.04075701928955139,0.8831548520098558,TRUE,1.1977019789555345,NA,NA,NA,25,446,0.5
E,+ interactions: lumps eps into residual,0.42119891636015216,0.21145123212915728,0.006754501387003897,0.8356433313333005,TRUE,1.0745200086720152,NA,NA,0.21809500092957457,25,446,0.5
F,+ (1|item:variant:judge:temp): splits eps/rho,0.42119891636015233,0.20958844207800958,0.010405569887253552,0.8319922628330512,TRUE,1.065053971696214,0.039624711825240855,0.100182348704898,NA,25,446,0.5
A,"1 obs/item, naive SE",-0.13586288325097276,0.10254768477158509,-0.3368563454032795,0.065130578901334,FALSE,0.5211108869904973,NA,NA,NA,25,447,0.5
B,+ (1|variant): captures phi,0.06956842804767188,0.17279901632603278,-0.26911764395135235,0.4082545000466961,FALSE,0.8781031855503734,NA,NA,NA,25,447,0.5
C,+ (1|judge): captures lambda,0.10602445738725944,0.10858260363451087,-0.10679744573638186,0.31884636051090076,FALSE,0.5517781997492379,NA,NA,NA,25,447,0.5
D,+ (1|temp): captures tau,0.13771518358525173,0.142791516802109,-0.14215618934688193,0.4175865565173854,FALSE,0.7256157380949846,NA,NA,NA,25,447,0.5
E,+ interactions: lumps eps into residual,0.13771518358525173,0.14126174183495432,-0.13915783041125876,0.41458819758176224,FALSE,0.7178419654173714,NA,NA,0.2221836871521681,25,447,0.5
F,+ (1|item:variant:judge:temp): splits eps/rho,0.1377151835852516,0.13757064467383393,-0.13192327997546288,0.40735364714596606,FALSE,0.6990851215170543,0.03875780947626082,0.09808457810745037,NA,25,447,0.5
A,"1 obs/item, naive SE",0.40052414089805155,0.12172701601397602,0.16193918951065855,0.6391090922854445,TRUE,0.6185734317360837,NA,NA,NA,25,448,0.5
B,+ (1|variant): captures phi,0.11876937139585235,0.28058675059429766,-0.4311806597689711,0.6687194025606757,TRUE,1.4258421416891032,NA,NA,NA,25,448,0.5
C,+ (1|judge): captures lambda,0.2750121588460972,0.24576202834145824,-0.20668141670316093,0.7567057343953554,TRUE,1.2488752804401464,NA,NA,NA,25,448,0.5
D,+ (1|temp): captures tau,0.544607187894754,0.25411040580003186,0.04655079252669159,1.0426635832628164,TRUE,1.291298767543331,NA,NA,NA,25,448,0.5
E,+ interactions: lumps eps into residual,0.544607187894754,0.24238017220546085,0.0695420503720508,1.0196723254174573,TRUE,1.2316898895205048,NA,NA,0.20722206824749015,25,448,0.5
F,+ (1|item:variant:judge:temp): splits eps/rho,0.5446071878947542,0.2397113974857683,0.07477284882264829,1.01444152696686,TRUE,1.2181281249184615,0.03782173254496658,0.1009778202954145,NA,25,448,0.5
A,"1 obs/item, naive SE",-0.2208656921135485,0.09867266587628709,-0.4142641172310712,-0.027467266996025808,FALSE,0.5014194182056925,NA,NA,NA,25,449,0.5
B,+ (1|variant): captures phi,-0.2624579073399516,0.18639417928446855,-0.62779049873751,0.10287468405760675,FALSE,0.9471889717758843,NA,NA,NA,25,449,0.5
C,+ (1|judge): captures lambda,-0.014992386045976757,0.2869756479469984,-0.5774646560220936,0.5474798839301401,TRUE,1.4583082473235003,NA,NA,NA,25,449,0.5
D,+ (1|temp): captures tau,0.40124898427301303,0.3365137178783231,-0.2583179027685003,1.0608158713145264,TRUE,1.7100431121252742,NA,NA,NA,25,449,0.5
E,+ interactions: lumps eps into residual,0.40124898427301303,0.32213599934621423,-0.23013757444556682,1.032635542991593,TRUE,1.6369806566065999,NA,NA,0.19897739999858774,25,449,0.5
F,+ (1|item:variant:judge:temp): splits eps/rho,0.40124898427301303,0.32055081708140226,-0.2270306172065354,1.0295285857525616,TRUE,1.628925323734895,0.04102261039425133,0.10341112108130769,NA,25,449,0.5
A,"1 obs/item, naive SE",-0.33667616028861275,0.09788159853238818,-0.5285240934120936,-0.14482822716513194,FALSE,0.49739949512145526,NA,NA,NA,25,450,0.5
B,+ (1|variant): captures phi,0.08977243024673533,0.20990181242167005,-0.321635122099738,0.5011799825932086,TRUE,1.0666464084060738,NA,NA,NA,25,450,0.5
C,+ (1|judge): captures lambda,0.31837083030113206,0.20196767626841863,-0.07748581518496844,0.7142274757872326,TRUE,1.0263279483888288,NA,NA,NA,25,450,0.5
D,+ (1|temp): captures tau,0.516762203885401,0.24451796539835216,0.03750699170463073,0.9960174160661712,TRUE,1.2425533947223164,NA,NA,NA,25,450,0.5
E,+ interactions: lumps eps into residual,0.516762203885401,0.23321197211191844,0.05966673854604082,0.9738576692247611,TRUE,1.185100355163937,NA,NA,0.2153297837959782,25,450,0.5
F,+ (1|item:variant:judge:temp): splits eps/rho,0.516762203885401,0.23016478018187203,0.0656392347289318,0.96788517304187,TRUE,1.169615608794151,0.036827624252554286,0.10002767103829122,NA,25,450,0.5
A,"1 obs/item, naive SE",0.9356057686006718,0.11341184475804782,0.7133185528748981,1.1578929843264456,FALSE,0.5763186867527499,NA,NA,NA,25,451,0.5
B,+ (1|variant): captures phi,1.1958401641437795,0.20573543280739778,0.7925987158412798,1.599081612446279,FALSE,1.0454743480015065,NA,NA,NA,25,451,0.5
C,+ (1|judge): captures lambda,0.8669062193586313,0.2910357461837934,0.29647615683839623,1.4373362818788664,TRUE,1.4789402235417586,NA,NA,NA,25,451,0.5
D,+ (1|temp): captures tau,0.6531609339115321,0.2792713478819072,0.10578909206299392,1.2005327757600703,TRUE,1.4191577326190172,NA,NA,NA,25,451,0.5
E,+ interactions: lumps eps into residual,0.6531609339115321,0.27476474364763354,0.11462203636217039,1.1916998314608938,TRUE,1.3962567716166465,NA,NA,0.19916967060476062,25,451,0.5
F,+ (1|item:variant:judge:temp): splits eps/rho,0.6531609339115321,0.27265327892507363,0.11876050721838782,1.1875613606046764,TRUE,1.3855270583435173,0.03820363537174505,0.09912981345896402,NA,25,451,0.5
A,"1 obs/item, naive SE",1.0372208591289813,0.10591204307067562,0.8296332547104571,1.2448084635475056,FALSE,0.5382073601219776,NA,NA,NA,25,452,0.5
B,+ (1|variant): captures phi,1.0044249199237063,0.10051994480493419,0.8074058281060353,1.2014440117413774,FALSE,0.5108066331698364,NA,NA,NA,25,452,0.5
C,+ (1|judge): captures lambda,0.5657440567588533,0.2205923841236197,0.13338298387655873,0.9981051296411478,TRUE,1.1209720942023675,NA,NA,NA,25,452,0.5
D,+ (1|temp): captures tau,0.5663458331455382,0.1843307181955625,0.20505762548223572,0.9276340408088407,TRUE,0.936703195907757,NA,NA,NA,25,452,0.5
E,+ interactions: lumps eps into residual,0.5663458331455382,0.16671204527187258,0.23959022441266797,0.8931014418784085,TRUE,0.8471713620559259,NA,NA,0.20851282166070406,25,452,0.5
F,+ (1|item:variant:judge:temp): splits eps/rho,0.5663458331455382,0.1626358419749479,0.24757958287464032,0.8851120834164361,TRUE,0.8264575456460738,0.04005861213895965,0.09952521767799709,NA,25,452,0.5
A,"1 obs/item, naive SE",0.8821989678021563,0.11821556584767687,0.6504964587407097,1.113901476863603,FALSE,0.6007294900141531,NA,NA,NA,25,453,0.5
B,+ (1|variant): captures phi,0.6824366257708803,0.20701017296527602,0.27669668675893927,1.0881765647828212,TRUE,1.0519521244216563,NA,NA,NA,25,453,0.5
C,+ (1|judge): captures lambda,0.5980734707070956,0.18826035375432226,0.229083177348624,0.9670637640655673,TRUE,0.9566722071646755,NA,NA,NA,25,453,0.5
D,+ (1|temp): captures tau,0.3331684587438649,0.2572353808140541,-0.1710128876516811,0.8373498051394109,TRUE,1.307178779900582,NA,NA,NA,25,453,0.5
E,+ interactions: lumps eps into residual,0.3331684587438649,0.2501009512219608,-0.15702940565117823,0.8233663231389081,TRUE,1.2709241443991752,NA,NA,0.20893812083199548,25,453,0.5
F,+ (1|item:variant:judge:temp): splits eps/rho,0.33316845874386486,0.24777058399363952,-0.1524618858836686,0.8187988033713983,TRUE,1.259082046393072,0.044350023471303845,0.10223035198267093,NA,25,453,0.5
A,"1 obs/item, naive SE",0.5937927360948065,0.08118982539716599,0.43466067831636124,0.7529247938732518,TRUE,0.4125778365602276,NA,NA,NA,25,454,0.5
B,+ (1|variant): captures phi,0.8792038775560804,0.15506248131126535,0.5752814141860003,1.1831263409261605,FALSE,0.7879724184416796,NA,NA,NA,25,454,0.5
C,+ (1|judge): captures lambda,0.9454575080217408,0.15431286655150817,0.6430042895807848,1.2479107264626967,FALSE,0.784163142657167,NA,NA,NA,25,454,0.5
D,+ (1|temp): captures tau,0.8678501129991542,0.20364198757984855,0.468711817342651,1.2669884086556573,TRUE,1.0348362033976168,NA,NA,NA,25,454,0.5
E,+ interactions: lumps eps into residual,0.8678501129991542,0.19367718280229385,0.48824283470665825,1.24745739129165,TRUE,0.9841986071624111,NA,NA,0.21376265222721857,25,454,0.5
F,+ (1|item:variant:judge:temp): splits eps/rho,0.867850112999154,0.19107961883530347,0.49333406008195924,1.2423661659163487,TRUE,0.9709987102962073,0.036111287523958965,0.10095529415742496,NA,25,454,0.5
A,"1 obs/item, naive SE",0.9794806077720012,0.09055555438916318,0.8019917211692413,1.156969494374761,FALSE,0.46017114257394504,NA,NA,NA,25,455,0.5
B,+ (1|variant): captures phi,0.8632458055147854,0.1075101250726185,0.6525259603724531,1.0739656506571176,FALSE,0.5463282448730175,NA,NA,NA,25,455,0.5
C,+ (1|judge): captures lambda,0.5752740282323761,0.17494495199951918,0.2323819223133185,0.9181661341514336,TRUE,0.8890080679446066,NA,NA,NA,25,455,0.5
D,+ (1|temp): captures tau,0.4646433945911462,0.22385262465125652,0.025892250274683393,0.903394538907609,TRUE,1.1375394778243715,NA,NA,NA,25,455,0.5
E,+ interactions: lumps eps into residual,0.4646433945911462,0.21501868866251408,0.04320676481261859,0.8860800243696738,TRUE,1.0926485548458118,NA,NA,0.21716090034240926,25,455,0.5
F,+ (1|item:variant:judge:temp): splits eps/rho,0.4646433945911462,0.21158684640203076,0.049933175643165906,0.8793536135391264,TRUE,1.0752091522073675,0.036988865961616615,0.10064924801793884,NA,25,455,0.5
A,"1 obs/item, naive SE",-0.14691285171651425,0.11593439911833044,-0.3741442739884419,0.08031857055541342,FALSE,0.5891374114572286,NA,NA,NA,25,456,0.5
B,+ (1|variant): captures phi,0.25217451869990354,0.18501568249716516,-0.11045621899454017,0.6148052563943472,TRUE,0.940183941041692,NA,NA,NA,25,456,0.5
C,+ (1|judge): captures lambda,0.3605638472456694,0.181415296801401,0.004989865514923475,0.7161378289764153,TRUE,0.9218880605680703,NA,NA,NA,25,456,0.5
D,+ (1|temp): captures tau,0.5786866893674241,0.1909199499266553,0.20448358751117968,0.9528897912236685,TRUE,0.9701873296512344,NA,NA,NA,25,456,0.5
E,+ interactions: lumps eps into residual,0.5786866893674241,0.18116748935761706,0.22359841022649463,0.9337749685083535,TRUE,0.9206287912133234,NA,NA,0.207129382686307,25,456,0.5
F,+ (1|item:variant:judge:temp): splits eps/rho,0.578686689367424,0.17766171757107507,0.2304697229281168,0.9269036558067312,TRUE,0.9028137049991355,0.03908692539365865,0.10059174497281019,NA,25,456,0.5
A,"1 obs/item, naive SE",0.4309503621077484,0.10377714567851579,0.22754715657785746,0.6343535676376393,TRUE,0.5273585703502716,NA,NA,NA,25,457,0.5
B,+ (1|variant): captures phi,0.3458665515573527,0.10257864394552631,0.14481240942412113,0.5469206936905843,TRUE,0.5212682105091018,NA,NA,NA,25,457,0.5
C,+ (1|judge): captures lambda,-0.06216465710009836,0.23563562456190623,-0.5240104812414346,0.3996811670412378,FALSE,1.197416495511552,NA,NA,NA,25,457,0.5
D,+ (1|temp): captures tau,0.3607525999276464,0.2870469261397385,-0.20185937530624098,0.9233645751615338,TRUE,1.4586704577656433,NA,NA,NA,25,457,0.5
E,+ interactions: lumps eps into residual,0.3607525999276464,0.2814134985363959,-0.1908178572036896,0.9123230570589824,TRUE,1.4300433808919581,NA,NA,0.21903807002253245,25,457,0.5
F,+ (1|item:variant:judge:temp): splits eps/rho,0.36075259992764636,0.2788559375992195,-0.18580503776682383,0.9073102376221165,TRUE,1.417046765205579,0.04087117341166496,0.10236108681937678,NA,25,457,0.5
A,"1 obs/item, naive SE",0.901836454522432,0.14177696972794748,0.6239535938556549,1.1797193151892091,FALSE,0.7204601704496737,NA,NA,NA,25,458,0.5
B,+ (1|variant): captures phi,0.4200164026892749,0.2056957025886767,0.01685282561546858,0.8231799797630812,TRUE,1.0452724531506945,NA,NA,NA,25,458,0.5
C,+ (1|judge): captures lambda,0.4807878632730721,0.1567743874573384,0.17351006385668882,0.7880656626894553,TRUE,0.7966717170383438,NA,NA,NA,25,458,0.5
D,+ (1|temp): captures tau,0.5066238260696321,0.21474701993916032,0.08571966698887784,0.9275279851503864,TRUE,1.0912680309489555,NA,NA,NA,25,458,0.5
E,+ interactions: lumps eps into residual,0.5066238260696321,0.19765172625546787,0.11922644260891507,0.894021209530349,TRUE,1.0043958243777888,NA,NA,0.22411943626564249,25,458,0.5
F,+ (1|item:variant:judge:temp): splits eps/rho,0.506623826069632,0.19638247354395622,0.12171417792347777,0.8915334742157861,TRUE,0.9979459332097516,0.04124935816808857,0.10078428189528132,NA,25,458,0.5
A,"1 obs/item, naive SE",0.26203188567887314,0.12672947030726928,0.013642123876625362,0.510421647481121,TRUE,0.6439941265056822,NA,NA,NA,25,459,0.5
B,+ (1|variant): captures phi,0.16911982755105734,0.2871754474576714,-0.3937440494659785,0.7319837045680933,TRUE,1.4593235574249321,NA,NA,NA,25,459,0.5
C,+ (1|judge): captures lambda,0.2806201097503006,0.26065498618092175,-0.23026366316430602,0.7915038826649072,TRUE,1.3245559989948512,NA,NA,NA,25,459,0.5
D,+ (1|temp): captures tau,0.3343306157460528,0.23581664888307488,-0.127870016064774,0.7965312475568795,TRUE,1.1983363967729133,NA,NA,NA,25,459,0.5
E,+ interactions: lumps eps into residual,0.3343306157460528,0.22628739554158783,-0.10919267951545936,0.7778539110075648,TRUE,1.1499121181341483,NA,NA,0.21579859376107396,25,459,0.5
F,+ (1|item:variant:judge:temp): splits eps/rho,0.33433061574605294,0.2242906749857877,-0.10527910722609096,0.7739403387181969,TRUE,1.139765493934657,0.0352871601561435,0.099121353558096,NA,25,459,0.5
A,"1 obs/item, naive SE",0.19658953265440962,0.1177232215838893,-0.0341479816500134,0.4273270469588326,FALSE,0.5982275714522811,NA,NA,NA,25,460,0.5
B,+ (1|variant): captures phi,0.49645510184513575,0.16673128339824256,0.16966178638458035,0.8232484173056911,TRUE,0.8472691233766132,NA,NA,NA,25,460,0.5
C,+ (1|judge): captures lambda,0.24099425280797845,0.2293815406774307,-0.20859356691978567,0.6905820725357426,TRUE,1.165635464007903,NA,NA,NA,25,460,0.5
D,+ (1|temp): captures tau,0.4799635355897395,0.2545230502249924,-0.01890164285124557,0.9788287140307246,TRUE,1.293395679850828,NA,NA,NA,25,460,0.5
E,+ interactions: lumps eps into residual,0.4799635355897395,0.2445245823358857,6.953542114035427e-4,0.9592317169680754,TRUE,1.2425870196471007,NA,NA,0.21272687386101677,25,460,0.5
F,+ (1|item:variant:judge:temp): splits eps/rho,0.4799635355897393,0.24191047408404,0.0058190063850209195,0.9541080647944578,TRUE,1.2293030506053546,0.04417072728819746,0.09772404636741891,NA,25,460,0.5
A,"1 obs/item, naive SE",0.7209218502403248,0.101046665412683,0.5228703860314662,0.9189733144491835,FALSE,0.51348324009384,NA,NA,NA,25,461,0.5
B,+ (1|variant): captures phi,0.8473787314246761,0.2212701563841989,0.4136892249116463,1.2810682379377059,TRUE,1.1244162919399827,NA,NA,NA,25,461,0.5
C,+ (1|judge): captures lambda,0.7514568396253739,0.17164183780438677,0.41503883752877585,1.087874841721972,TRUE,0.8722228155823485,NA,NA,NA,25,461,0.5
D,+ (1|temp): captures tau,0.6041328819031804,0.16643470701392724,0.277920856155883,0.9303449076504777,TRUE,0.8457620275993147,NA,NA,NA,25,461,0.5
E,+ interactions: lumps eps into residual,0.6041328819031804,0.15118206230052497,0.30781603979415145,0.9004497240122094,TRUE,0.7682535081894803,NA,NA,0.230213460423738,25,461,0.5
F,+ (1|item:variant:judge:temp): splits eps/rho,0.6041328819031803,0.1471442581656784,0.3157301358984506,0.89253562790791,TRUE,0.7477348226736584,0.035136223461692234,0.09842468038362202,NA,25,461,0.5
A,"1 obs/item, naive SE",-0.14027661485233364,0.11920721485267385,-0.3739227559635744,0.0933695262589071,FALSE,0.6057686978102944,NA,NA,NA,25,462,0.5
B,+ (1|variant): captures phi,0.014563306878426802,0.101704063446421,-0.18477665747655833,0.21390327123341193,FALSE,0.5168239032519608,NA,NA,NA,25,462,0.5
C,+ (1|judge): captures lambda,-0.05289038967682385,0.11292088018128271,-0.27421531483213796,0.16843453547849024,FALSE,0.5738237792699642,NA,NA,NA,25,462,0.5
D,+ (1|temp): captures tau,0.23342804790435479,0.21094514328182207,-0.18002443292801645,0.6468805287367261,TRUE,1.0719482450215898,NA,NA,NA,25,462,0.5
E,+ interactions: lumps eps into residual,0.23342804790435479,0.20341630500478733,-0.16526790990502838,0.632124005713738,TRUE,1.0336893647622014,NA,NA,0.20957453718584182,25,462,0.5
F,+ (1|item:variant:judge:temp): splits eps/rho,0.23342804790435473,0.20003811409136651,-0.15864665571472364,0.625502751523433,TRUE,1.0165225992010178,0.038922868177681716,0.09503685526364118,NA,25,462,0.5
A,"1 obs/item, naive SE",0.6071502997140866,0.1001758530391855,0.410805627757283,0.8034949716708902,TRUE,0.5090580811117883,NA,NA,NA,25,463,0.5
B,+ (1|variant): captures phi,0.16590448055760149,0.25489162957162337,-0.3336831134027803,0.6654920745179833,TRUE,1.2952686690916584,NA,NA,NA,25,463,0.5
C,+ (1|judge): captures lambda,0.316399848653029,0.27063858794894186,-0.21405178372689698,0.846851481032955,TRUE,1.3752891148548634,NA,NA,NA,25,463,0.5
D,+ (1|temp): captures tau,0.3272374898378217,0.32565648206993786,-0.3110492150192565,0.9655241946948998,TRUE,1.6548704985750524,NA,NA,NA,25,463,0.5
E,+ interactions: lumps eps into residual,0.3272374898378217,0.31763496505614286,-0.2953270416722183,0.9498020213478617,TRUE,1.6141080000810215,NA,NA,0.20855639159420586,25,463,0.5
F,+ (1|item:variant:judge:temp): splits eps/rho,0.3272374898378217,0.31563083044452644,-0.2913989378334501,0.9458739175090936,TRUE,1.603923700284941,0.04257275512383928,0.09775769803797467,NA,25,463,0.5
A,"1 obs/item, naive SE",0.5830803823155523,0.13765185309930242,0.3132827502409195,0.8528780143901851,TRUE,0.6994977938725663,NA,NA,NA,25,464,0.5
B,+ (1|variant): captures phi,0.5793193493297459,0.12365341501550528,0.3369586558993556,0.8216800427601363,TRUE,0.6283627067901284,NA,NA,NA,25,464,0.5
C,+ (1|judge): captures lambda,0.6661625387077521,0.13854851605277851,0.39460744724430624,0.937717630171198,TRUE,0.7040543163143769,NA,NA,NA,25,464,0.5
D,+ (1|temp): captures tau,0.6196980417029083,0.2165349484596339,0.19528954272202592,1.0441065406837908,TRUE,1.1003536482328062,NA,NA,NA,25,464,0.5
E,+ interactions: lumps eps into residual,0.6196980417029083,0.2101331588414766,0.20783705037361422,1.0315590330322024,TRUE,1.0678220286874678,NA,NA,0.20697507325176823,25,464,0.5
F,+ (1|item:variant:judge:temp): splits eps/rho,0.6196980417029084,0.20717751371942852,0.2136301148128285,1.0257659685929883,TRUE,1.0528024906587907,0.03883028502777015,0.101407061165523,NA,25,464,0.5
A,"1 obs/item, naive SE",-0.03110363331981681,0.1149267564923476,-0.2563600760448181,0.19415280940518448,FALSE,0.5840169297636152,NA,NA,NA,25,465,0.5
B,+ (1|variant): captures phi,0.028025732758537147,0.14568405593280548,-0.2575150168697616,0.3135664823868359,FALSE,0.7403145939044493,NA,NA,NA,25,465,0.5
C,+ (1|judge): captures lambda,0.3244611423586108,0.19718922820757387,-0.06202974492823399,0.7109520296454556,TRUE,1.0020455736772855,NA,NA,NA,25,465,0.5
D,+ (1|temp): captures tau,0.5001626656553804,0.21058311164651294,0.087419766828215,0.9129055644825457,TRUE,1.0701085289225403,NA,NA,NA,25,465,0.5
E,+ interactions: lumps eps into residual,0.5001626656553804,0.19971832307295154,0.10871475243239537,0.8916105788783654,TRUE,1.0148975349040616,NA,NA,0.21439818388313853,25,465,0.5
F,+ (1|item:variant:judge:temp): splits eps/rho,0.5001626656553804,0.19702691958216573,0.11398990327433556,0.8863354280364252,TRUE,1.001220778929934,0.04084679687607397,0.1014058308901501,NA,25,465,0.5
A,"1 obs/item, naive SE",0.1989168366893016,0.14380836060885913,-0.0829475501040623,0.4807812234826655,FALSE,0.7307829769190168,NA,NA,NA,25,466,0.5
B,+ (1|variant): captures phi,0.2585866564618094,0.2253181644189323,-0.1830369457992979,0.7002102587229166,TRUE,1.1449868300484072,NA,NA,NA,25,466,0.5
C,+ (1|judge): captures lambda,0.35534762678636095,0.2010228353170369,-0.038657130435031384,0.7493523840077533,TRUE,1.0215266024848604,NA,NA,NA,25,466,0.5
D,+ (1|temp): captures tau,0.7233946265811968,0.28671983819659275,0.16142374371587498,1.2853655094465186,TRUE,1.4570083130906442,NA,NA,NA,25,466,0.5
E,+ interactions: lumps eps into residual,0.7233946265811968,0.2789602786901242,0.1766324803485534,1.27015677281384,TRUE,1.4175769895451338,NA,NA,0.22910638636660738,25,466,0.5
F,+ (1|item:variant:judge:temp): splits eps/rho,0.7233946265811969,0.2756712606928589,0.18307895562319343,1.2637102975392005,TRUE,1.4008633690504317,0.0359584425307333,0.09626529180631185,NA,25,466,0.5
A,"1 obs/item, naive SE",0.7893520654671278,0.1127120008574427,0.5684365437865401,1.0102675871477156,FALSE,0.572762328785122,NA,NA,NA,25,467,0.5
B,+ (1|variant): captures phi,0.7544227253784238,0.1581079636454435,0.44453111663335454,1.064314334123493,TRUE,0.8034484772528798,NA,NA,NA,25,467,0.5
C,+ (1|judge): captures lambda,0.36092415026215136,0.25359566568375885,-0.136123354478016,0.8579716550023186,TRUE,1.2886830412189572,NA,NA,NA,25,467,0.5
D,+ (1|temp): captures tau,0.5101952855614331,0.2978830445236009,-0.07365548170482472,1.094046052827691,TRUE,1.5137357600698964,NA,NA,NA,25,467,0.5
E,+ interactions: lumps eps into residual,0.5101952855614331,0.2900325983331455,-0.05826860717153204,1.0786591782943984,TRUE,1.473842582698885,NA,NA,0.21487287670351374,25,467,0.5
F,+ (1|item:variant:judge:temp): splits eps/rho,0.5101952855614328,0.28756268101250276,-0.05342756922307257,1.0738181403459381,TRUE,1.4612913407218457,0.041246617330278026,0.09779043701495967,NA,25,467,0.5
A,"1 obs/item, naive SE",0.9339420914716507,0.12322382909469749,0.6924233864460436,1.1754607964972579,FALSE,0.6261797038220028,NA,NA,NA,25,468,0.5
B,+ (1|variant): captures phi,0.49114134476290783,0.21346419828984112,0.07275151611481923,0.9095311734109964,TRUE,1.0847491872615886,NA,NA,NA,25,468,0.5
C,+ (1|judge): captures lambda,0.18219834294482073,0.23170729596511339,-0.2719479571468015,0.636344643036443,TRUE,1.1774541257708353,NA,NA,NA,25,468,0.5
D,+ (1|temp): captures tau,0.5329054648106496,0.27079306777384493,0.0021510519739135203,1.0636598776473858,TRUE,1.3760741264205238,NA,NA,NA,25,468,0.5
E,+ interactions: lumps eps into residual,0.5329054648106496,0.2630571203741877,0.0173135088772417,1.0484974207440576,TRUE,1.336762791209724,NA,NA,0.21064275689392337,25,468,0.5
F,+ (1|item:variant:judge:temp): splits eps/rho,0.5329054648106495,0.2606724000995526,0.021987560615526425,1.0438233690057726,TRUE,1.3246444903401595,0.04553678127989313,0.09979626659026368,NA,25,468,0.5
A,"1 obs/item, naive SE",0.5618379897371032,0.09419333383207766,0.377219055426231,0.7464569240479754,TRUE,0.4786570447802739,NA,NA,NA,25,469,0.5
B,+ (1|variant): captures phi,0.5151093966525757,0.12202414188203374,0.2759420785637896,0.7542767147413618,TRUE,0.6200833197944661,NA,NA,NA,25,469,0.5
C,+ (1|judge): captures lambda,0.7297687429668702,0.18247878243256074,0.37211032939905114,1.0874271565346894,TRUE,0.927292316566533,NA,NA,NA,25,469,0.5
D,+ (1|temp): captures tau,0.5521450069817938,0.24566694181492627,0.07063780102453832,1.0336522129390493,TRUE,1.2483920845075196,NA,NA,NA,25,469,0.5
E,+ interactions: lumps eps into residual,0.5521450069817938,0.23922040659057023,0.08327301006427618,1.0210170038993114,TRUE,1.2156330836947533,NA,NA,0.19269037172954168,25,469,0.5
F,+ (1|item:variant:judge:temp): splits eps/rho,0.5521450069817938,0.2370754462306801,0.08747713236966081,1.0168128815939268,TRUE,1.2047331574975748,0.039993986854207644,0.09876750534116394,NA,25,469,0.5
A,"1 obs/item, naive SE",0.8182496336043296,0.12199817657751963,0.5791332075123911,1.057366059696268,FALSE,0.6199513733453925,NA,NA,NA,25,470,0.5
B,+ (1|variant): captures phi,0.5954917654599261,0.1350467392606943,0.33080015650896527,0.8601833744108869,TRUE,0.686259531242141,NA,NA,NA,25,470,0.5
C,+ (1|judge): captures lambda,0.6993376495404902,0.2091663773429089,0.2893715499483887,1.1093037491325917,TRUE,1.0629091887207072,NA,NA,NA,25,470,0.5
D,+ (1|temp): captures tau,0.4003806881387376,0.2794597461239105,-0.14736041426412694,0.9481217905416022,TRUE,1.4201151055252557,NA,NA,NA,25,470,0.5
E,+ interactions: lumps eps into residual,0.4003806881387376,0.2669857252667473,-0.12291133338408711,0.9236727096615623,TRUE,1.3567265649873277,NA,NA,0.21336110052945595,25,470,0.5
F,+ (1|item:variant:judge:temp): splits eps/rho,0.4003806881387377,0.2644702606651947,-0.11798102276504391,0.9187423990425192,TRUE,1.3439438679169058,0.0369743518531348,0.10360638717451244,NA,25,470,0.5
A,"1 obs/item, naive SE",0.4736615864543658,0.1038939391408221,0.2700294657383545,0.6772937071703771,TRUE,0.5279520732155258,NA,NA,NA,25,471,0.5
B,+ (1|variant): captures phi,0.5172129510220044,0.25649931156549605,0.014474300353632175,1.0199516016903765,TRUE,1.3034383375897012,NA,NA,NA,25,471,0.5
C,+ (1|judge): captures lambda,0.3248604617648293,0.29111035692156395,-0.24571583780143602,0.8954367613310946,TRUE,1.4793193687933088,NA,NA,NA,25,471,0.5
D,+ (1|temp): captures tau,0.4482434625414577,0.22078194332969606,0.01551085361525345,0.880976071467662,TRUE,1.1219353667154008,NA,NA,NA,25,471,0.5
E,+ interactions: lumps eps into residual,0.4482434625414577,0.20368628893276905,0.049018336233230375,0.847468588849685,TRUE,1.035061327127779,NA,NA,0.22533545339898378,25,471,0.5
F,+ (1|item:variant:judge:temp): splits eps/rho,0.44824346254145747,0.200108942712805,0.056029934824359695,0.8404569902585552,TRUE,1.0168825250815907,0.04642150885558584,0.10087639913924296,NA,25,471,0.5
A,"1 obs/item, naive SE",0.7048733058756923,0.09743188555831449,0.513906810181396,0.8958398015699887,FALSE,0.4951142136220955,NA,NA,NA,25,472,0.5
B,+ (1|variant): captures phi,0.4437439196037362,0.1357990982012129,0.17757768712935895,0.7099101520781135,TRUE,0.6900827519779592,NA,NA,NA,25,472,0.5
C,+ (1|judge): captures lambda,0.4792746885842178,0.13254994343905088,0.21947679944367804,0.7390725777247575,TRUE,0.6735717022760473,NA,NA,NA,25,472,0.5
D,+ (1|temp): captures tau,0.505685313394469,0.17004277636700035,0.1724014717151483,0.8389691550737897,TRUE,0.864096953688491,NA,NA,NA,25,472,0.5
E,+ interactions: lumps eps into residual,0.505685313394469,0.1542245183643721,0.2034052574002997,0.8079653693886383,TRUE,0.7837141885704412,NA,NA,0.20647085592091705,25,472,0.5
F,+ (1|item:variant:judge:temp): splits eps/rho,0.505685313394469,0.15033965623707596,0.21101958716980013,0.8003510396191378,TRUE,0.7639726999790573,0.04281188521204221,0.09882539774229744,NA,25,472,0.5
A,"1 obs/item, naive SE",0.13145693951661924,0.12742588714842157,-0.11829779929428702,0.3812116783275255,FALSE,0.6475330693752003,NA,NA,NA,25,473,0.5
B,+ (1|variant): captures phi,0.22541692275377612,0.12388726816859043,-0.017402122856661123,0.46823596836421333,FALSE,0.6295510653991128,NA,NA,NA,25,473,0.5
C,+ (1|judge): captures lambda,0.6365499648864723,0.3001537874183067,0.048248541546591195,1.2248513882263534,TRUE,1.5252748684039674,NA,NA,NA,25,473,0.5
D,+ (1|temp): captures tau,0.5189552494756743,0.24483515850703827,0.039078338801879275,0.9988321601494693,TRUE,1.2441652573653674,NA,NA,NA,25,473,0.5
E,+ interactions: lumps eps into residual,0.5189552494756743,0.2279592060705292,0.0721552055774371,0.9657552933739115,TRUE,1.158407665055146,NA,NA,0.1978505930434588,25,473,0.5
F,+ (1|item:variant:judge:temp): splits eps/rho,0.5189552494756743,0.22561071593643403,0.07675824624026362,0.961152252711085,TRUE,1.1464734728830583,0.04080617926699387,0.09921824308765025,NA,25,473,0.5
A,"1 obs/item, naive SE",0.5808196738801448,0.1090803713673844,0.3670221460000713,0.7946172017602182,TRUE,0.5543076784534207,NA,NA,NA,25,474,0.5
B,+ (1|variant): captures phi,0.3849383617818025,0.2235049683516406,-0.05313137618741304,0.8230080997510181,TRUE,1.1357728120721002,NA,NA,NA,25,474,0.5
C,+ (1|judge): captures lambda,0.6865854169785758,0.2338660556284231,0.2282079479468665,1.1449628860102852,TRUE,1.1884241751235083,NA,NA,NA,25,474,0.5
D,+ (1|temp): captures tau,0.706184221267203,0.22253726608535807,0.27001117973990124,1.142357262794505,TRUE,1.1308552930910676,NA,NA,NA,25,474,0.5
E,+ interactions: lumps eps into residual,0.706184221267203,0.20978152214365622,0.29501243786563686,1.1173560046687692,TRUE,1.066035135966216,NA,NA,0.22179296318353592,25,474,0.5
F,+ (1|item:variant:judge:temp): splits eps/rho,0.706184221267203,0.2060146489620648,0.302395509301556,1.10997293323285,TRUE,1.046893225261824,0.041231823045685935,0.09753238707548535,NA,25,474,0.5
A,"1 obs/item, naive SE",0.7502326628266156,0.11619045624308384,0.5224993685901713,0.9779659570630599,FALSE,0.5904386027585993,NA,NA,NA,25,475,0.5
B,+ (1|variant): captures phi,0.5845626763061093,0.13229871141454164,0.32525720193360763,0.8438681506786109,TRUE,0.6722950304192029,NA,NA,NA,25,475,0.5
C,+ (1|judge): captures lambda,0.3490698235173492,0.2337196283638536,-0.1090206480758038,0.8071602951105022,TRUE,1.18768008380746,NA,NA,NA,25,475,0.5
D,+ (1|temp): captures tau,0.2182931762898564,0.19106492520946672,-0.15619407712069838,0.5927804297004111,TRUE,0.9709240425120447,NA,NA,NA,25,475,0.5
E,+ interactions: lumps eps into residual,0.2182931762898564,0.17591471346798435,-0.12649966210739294,0.5630860146871057,TRUE,0.8939360510592593,NA,NA,0.20933263647301925,25,475,0.5
F,+ (1|item:variant:judge:temp): splits eps/rho,0.21829317628985623,0.17325895370319927,-0.12129437296841433,0.5578807255481268,TRUE,0.8804404238323411,0.03554984400867448,0.10243798449198915,NA,25,475,0.5
A,"1 obs/item, naive SE",0.2769333896188911,0.11370476276641495,0.054072054596717795,0.49979472464106434,FALSE,0.5778071919637225,NA,NA,NA,25,476,0.5
B,+ (1|variant): captures phi,0.7339912437506974,0.21926191123256417,0.3042378977348716,1.163744589766523,TRUE,1.114211103840478,NA,NA,NA,25,476,0.5
C,+ (1|judge): captures lambda,0.5066512584352175,0.23728059419131373,0.041581293820242615,0.9717212230501924,TRUE,1.2057756465207858,NA,NA,NA,25,476,0.5
D,+ (1|temp): captures tau,0.3663088669411722,0.24264011014186565,-0.10926574893688445,0.8418834828192289,TRUE,1.233010801727388,NA,NA,NA,25,476,0.5
E,+ interactions: lumps eps into residual,0.3663088669411722,0.2267100309667814,-0.07804279375371936,0.8106605276360638,TRUE,1.1520598011538752,NA,NA,0.20697746126750297,25,476,0.5
F,+ (1|item:variant:judge:temp): splits eps/rho,0.3663088669411723,0.22404353002431518,-0.07281645190648545,0.8054341857888301,TRUE,1.1385095910795604,0.04158765320350666,0.09804977075874707,NA,25,476,0.5
A,"1 obs/item, naive SE",1.1404978821756748,0.06902260476453055,1.005213576837195,1.2757821875141546,FALSE,0.3507483457218483,NA,NA,NA,25,477,0.5
B,+ (1|variant): captures phi,0.8146269235517133,0.15144643976673663,0.5177919016089094,1.1114619454945172,FALSE,0.7695969805089651,NA,NA,NA,25,477,0.5
C,+ (1|judge): captures lambda,0.5208730906980631,0.19126859655998849,0.14598664144048568,0.8957595399556405,TRUE,0.9719590279274771,NA,NA,NA,25,477,0.5
D,+ (1|temp): captures tau,0.2594547838939988,0.23349214664094378,-0.198189823522251,0.7170993913102486,TRUE,1.1865241025421227,NA,NA,NA,25,477,0.5
E,+ interactions: lumps eps into residual,0.2594547838939988,0.22234531232405916,-0.17634202826115714,0.6952515960491548,TRUE,1.129879852299455,NA,NA,0.20101597719664963,25,477,0.5
F,+ (1|item:variant:judge:temp): splits eps/rho,0.25945478389399884,0.2206093761581688,-0.172939593376012,0.6918491611640096,TRUE,1.1210584416827165,0.039546091571817855,0.10182989533317881,NA,25,477,0.5
A,"1 obs/item, naive SE",0.6677595473996024,0.08648921723260988,0.49824068162368707,0.8372784131755178,TRUE,0.4395074623828827,NA,NA,NA,25,478,0.5
B,+ (1|variant): captures phi,0.47163395699608407,0.17743111238183445,0.12386897672768854,0.8193989372644797,TRUE,0.901641851388033,NA,NA,NA,25,478,0.5
C,+ (1|judge): captures lambda,0.7558864443922282,0.2714416444367843,0.22386082129613094,1.2879120674883255,TRUE,1.3793699625074962,NA,NA,NA,25,478,0.5
D,+ (1|temp): captures tau,0.4846612817320411,0.23253222870761875,0.028898113465108344,0.9404244499989738,TRUE,1.181646140774509,NA,NA,NA,25,478,0.5
E,+ interactions: lumps eps into residual,0.4846612817320411,0.22290174251361275,0.04777386640536013,0.9215486970587221,TRUE,1.1327074327589497,NA,NA,0.21684693261838414,25,478,0.5
F,+ (1|item:variant:judge:temp): splits eps/rho,0.4846612817320411,0.2205581280273388,0.05236735079845706,0.9169552126656251,TRUE,1.1207980168962095,0.0431996801827679,0.09698945915554572,NA,25,478,0.5
A,"1 obs/item, naive SE",0.7601981617815138,0.13248080289298797,0.5005357881112573,1.0198605354517702,FALSE,0.6732203545945652,NA,NA,NA,25,479,0.5
B,+ (1|variant): captures phi,0.6614937614522522,0.11615803022448996,0.4338240222122519,0.8891635006922526,TRUE,0.5902738252568092,NA,NA,NA,25,479,0.5
C,+ (1|judge): captures lambda,0.9087462610583947,0.17696417824683208,0.5618964716946039,1.2555960504221857,FALSE,0.8992690580694982,NA,NA,NA,25,479,0.5
D,+ (1|temp): captures tau,0.6651349277071853,0.20631312786773118,0.2607611970864322,1.0695086583279383,TRUE,1.048409988976443,NA,NA,NA,25,479,0.5
E,+ interactions: lumps eps into residual,0.6651349277071853,0.20224890957063782,0.26872706494873516,1.0615427904656354,TRUE,1.0277570760760812,NA,NA,0.20790494419856062,25,479,0.5
F,+ (1|item:variant:judge:temp): splits eps/rho,0.6651349277071853,0.1991737379656636,0.27475440129448464,1.055515454119886,TRUE,1.012130146942717,0.03914789197588639,0.09958623234105014,NA,25,479,0.5
A,"1 obs/item, naive SE",1.637862006366252,0.12121275253114847,1.400285011405201,1.8754390013273028,FALSE,0.615960127493477,NA,NA,NA,25,480,0.5
B,+ (1|variant): captures phi,0.6571019194310405,0.33854550377397774,-0.00644726796595585,1.3206511068280369,TRUE,1.7203679259191467,NA,NA,NA,25,480,0.5
C,+ (1|judge): captures lambda,0.31053633051103924,0.3594100327111946,-0.3939073336029022,1.0149799946249807,TRUE,1.8263940464047523,NA,NA,NA,25,480,0.5
D,+ (1|temp): captures tau,0.5787755021850454,0.30842988376816066,-0.025747070000549543,1.1832980743706403,TRUE,1.5673310486024525,NA,NA,NA,25,480,0.5
E,+ interactions: lumps eps into residual,0.5787755021850454,0.29556496315681313,-5.318256023083556e-4,1.158082829972399,TRUE,1.5019560944455228,NA,NA,0.23480385817932825,25,480,0.5
F,+ (1|item:variant:judge:temp): splits eps/rho,0.5787755021850453,0.2938995518209212,0.0027323806160397535,1.1548186237540508,TRUE,1.4934930659492311,0.047634500663249715,0.1016233201154403,NA,25,480,0.5
A,"1 obs/item, naive SE",0.7765033262058522,0.11277682548695134,0.5554607482514275,0.9975459041602768,FALSE,0.5730917445126181,NA,NA,NA,25,481,0.5
B,+ (1|variant): captures phi,0.8992492929011029,0.15425582983186098,0.5969078664306553,1.2015907193715505,FALSE,0.7838733023196442,NA,NA,NA,25,481,0.5
C,+ (1|judge): captures lambda,0.6930540309929282,0.24910438919921038,0.20480942816247583,1.1812986338233804,TRUE,1.2658599703929727,NA,NA,NA,25,481,0.5
D,+ (1|temp): captures tau,0.7968706623466175,0.23725378672746256,0.3318532403607909,1.261888084332444,TRUE,1.2056394205172776,NA,NA,NA,25,481,0.5
E,+ interactions: lumps eps into residual,0.7968706623466175,0.23121936046904995,0.3436807158272796,1.2500606088659554,TRUE,1.1749746109995938,NA,NA,0.22446506225217516,25,481,0.5
F,+ (1|item:variant:judge:temp): splits eps/rho,0.7968706623466177,0.227748870449388,0.3504828762658173,1.2432584484274183,TRUE,1.1573388141850096,0.03945923855858303,0.09776320135661508,NA,25,481,0.5
A,"1 obs/item, naive SE",-0.2413625855043438,0.09335057657383761,-0.4243297155890655,-0.0583954554196221,FALSE,0.47437445192274263,NA,NA,NA,25,482,0.5
B,+ (1|variant): captures phi,-0.17219211044861762,0.1536295230093409,-0.4733059755469258,0.12892175464969055,FALSE,0.78069063364664,NA,NA,NA,25,482,0.5
C,+ (1|judge): captures lambda,0.1799207354617511,0.3076241777753579,-0.4230226529779503,0.7828641239014525,TRUE,1.563236737107286,NA,NA,NA,25,482,0.5
D,+ (1|temp): captures tau,0.2558309498687911,0.3172599104712846,-0.3659984746549267,0.8776603743925089,TRUE,1.612202105980919,NA,NA,NA,25,482,0.5
E,+ interactions: lumps eps into residual,0.2558309498687911,0.31370955885809015,-0.35903978549306553,0.8707016852306477,TRUE,1.5941604809320369,NA,NA,0.20553757139310624,25,482,0.5
F,+ (1|item:variant:judge:temp): splits eps/rho,0.25583094986879135,0.3118347298252418,-0.3553651205886826,0.8670270203262653,TRUE,1.5846332661300713,0.04165552921848196,0.1011560850091675,NA,25,482,0.5
A,"1 obs/item, naive SE",0.5140764695835681,0.1025681182384385,0.31304295783622865,0.7151099813309076,TRUE,0.5212147226066791,NA,NA,NA,25,483,0.5
B,+ (1|variant): captures phi,0.6856916569994909,0.09150655287202883,0.5063388133703144,0.8650445006286673,FALSE,0.4650037788644335,NA,NA,NA,25,483,0.5
C,+ (1|judge): captures lambda,0.7325527655318544,0.1040205026912003,0.5286725802571018,0.936432950806607,FALSE,0.5285952241959225,NA,NA,NA,25,483,0.5
D,+ (1|temp): captures tau,0.39914733795411644,0.25466189200140704,-0.09998997036864132,0.8982846462768742,TRUE,1.2941012244120722,NA,NA,NA,25,483,0.5
E,+ interactions: lumps eps into residual,0.39914733795411644,0.24848288025408816,-0.08787910734389631,0.8861737832521293,TRUE,1.2627016828276652,NA,NA,0.2159777084551731,25,483,0.5
F,+ (1|item:variant:judge:temp): splits eps/rho,0.39914733795411655,0.2457125200910501,-0.08244920142434164,0.8807438773325748,TRUE,1.248623697107563,0.03885924415236247,0.10094294985522621,NA,25,483,0.5
A,"1 obs/item, naive SE",-0.21193639310346846,0.15178436409747237,-0.5094337467345142,0.08556096052757739,FALSE,0.7713141918542782,NA,NA,NA,25,484,0.5
B,+ (1|variant): captures phi,-0.24052423312909457,0.11908057986007943,-0.47392216965485023,-0.007126296603338883,FALSE,0.6051251837859466,NA,NA,NA,25,484,0.5
C,+ (1|judge): captures lambda,0.06428846896943685,0.23033593160799046,-0.38716995698222445,0.5157468949210982,TRUE,1.170485339511845,NA,NA,NA,25,484,0.5
D,+ (1|temp): captures tau,0.36620445410987285,0.2973949543906513,-0.21668965649580368,0.9490985647155494,TRUE,1.5112554594889596,NA,NA,NA,25,484,0.5
E,+ interactions: lumps eps into residual,0.36620445410987285,0.28856894742891037,-0.19939068285079148,0.9317995910705372,TRUE,1.4664048290075238,NA,NA,0.21334675900873187,25,484,0.5
F,+ (1|item:variant:judge:temp): splits eps/rho,0.36620445410987285,0.28623469666122653,-0.1948155513461311,0.9272244595658767,TRUE,1.4545429962346494,0.03859638415802881,0.09978524530328489,NA,25,484,0.5
A,"1 obs/item, naive SE",-0.11835442902173625,0.12999253931398633,-0.37313980607714947,0.13643094803367695,FALSE,0.6605758834530872,NA,NA,NA,25,485,0.5
B,+ (1|variant): captures phi,0.08287703373405748,0.19996974756263108,-0.30906367148869945,0.4748177389568144,FALSE,1.0161751848004965,NA,NA,NA,25,485,0.5
C,+ (1|judge): captures lambda,0.4177247576541027,0.2670770576105176,-0.10574627526251174,0.9411957905707171,TRUE,1.3571906834974536,NA,NA,NA,25,485,0.5
D,+ (1|temp): captures tau,0.3973767161828093,0.2587208538252395,-0.10971615731466017,0.9044695896802788,TRUE,1.3147274257835535,NA,NA,NA,25,485,0.5
E,+ interactions: lumps eps into residual,0.3973767161828093,0.24642694456052866,-0.08562009515582686,0.8803735275214455,TRUE,1.2522541483440481,NA,NA,0.2014781093770618,25,485,0.5
F,+ (1|item:variant:judge:temp): splits eps/rho,0.39737671618280934,0.24396787026887018,-0.08080030954417622,0.875553741909795,TRUE,1.2397580067865281,0.03990990689528899,0.09797344972159515,NA,25,485,0.5
A,"1 obs/item, naive SE",0.7040928746642497,0.12038628987958744,0.46813574650025835,0.9400500028282411,TRUE,0.6117603380357356,NA,NA,NA,25,486,0.5
B,+ (1|variant): captures phi,0.6102301897722747,0.10768581815481591,0.39916598618883553,0.821294393355714,TRUE,0.5472210546727307,NA,NA,NA,25,486,0.5
C,+ (1|judge): captures lambda,0.556704540360015,0.21104736035520882,0.14305171406380573,0.9703573666562244,TRUE,1.072467675859027,NA,NA,NA,25,486,0.5
D,+ (1|temp): captures tau,0.5044679026158528,0.19394285919668072,0.12433989859035866,0.884595906641347,TRUE,0.9855486801732233,NA,NA,NA,25,486,0.5
E,+ interactions: lumps eps into residual,0.5044679026158528,0.18308059834352325,0.1456299298625473,0.8633058753691584,TRUE,0.930350531131447,NA,NA,0.20240837559355707,25,486,0.5
F,+ (1|item:variant:judge:temp): splits eps/rho,0.5044679026158531,0.1798169910954503,0.1520266000687705,0.8569092051629357,TRUE,0.9137660390327705,0.04009093224520713,0.10069734724349996,NA,25,486,0.5
A,"1 obs/item, naive SE",0.2511099458978818,0.10484903872876532,0.0456058299895018,0.45661406180626185,FALSE,0.532805549864423,NA,NA,NA,25,487,0.5
B,+ (1|variant): captures phi,0.5104633304712957,0.15898839415185564,0.1988460779336586,0.8220805830089327,TRUE,0.8079225121679718,NA,NA,NA,25,487,0.5
C,+ (1|judge): captures lambda,0.3070561917311803,0.20244954540418741,-0.08974491726102701,0.7038573007233877,TRUE,1.0287766360731303,NA,NA,NA,25,487,0.5
D,+ (1|temp): captures tau,0.27907487091720373,0.2308372825963186,-0.17336620297158073,0.7315159448059882,TRUE,1.1730330270467044,NA,NA,NA,25,487,0.5
E,+ interactions: lumps eps into residual,0.27907487091720373,0.22320149194931654,-0.1584000533034567,0.7165497951378641,TRUE,1.1342306528556534,NA,NA,0.2044487301822109,25,487,0.5
F,+ (1|item:variant:judge:temp): splits eps/rho,0.27907487091720373,0.22053830262983892,-0.15318020223728057,0.711329944071688,TRUE,1.1206972712723653,0.040035912417369986,0.10138030200209584,NA,25,487,0.5
A,"1 obs/item, naive SE",0.6419749281585727,0.11789149776565581,0.41090759253788733,0.8730422637792581,TRUE,0.5990826912000847,NA,NA,NA,25,488,0.5
B,+ (1|variant): captures phi,0.6961975428329938,0.1413552445299487,0.41914126355429443,0.9732538221116933,TRUE,0.7183171128810422,NA,NA,NA,25,488,0.5
C,+ (1|judge): captures lambda,0.5554930519800341,0.2746917419050905,0.017097237846056768,1.0938888661140114,TRUE,1.3958858027069807,NA,NA,NA,25,488,0.5
D,+ (1|temp): captures tau,0.6751281512513074,0.23204362468489448,0.22032264686891428,1.1299336556337005,TRUE,1.1791632287883818,NA,NA,NA,25,488,0.5
E,+ interactions: lumps eps into residual,0.6751281512513074,0.2179697253243887,0.24790748961550557,1.1023488128871093,TRUE,1.1076446743178048,NA,NA,0.20154853315962085,25,488,0.5
F,+ (1|item:variant:judge:temp): splits eps/rho,0.6751281512513075,0.2160534404337049,0.251663408001246,1.098592894501369,TRUE,1.0979067955803665,0.038710043725150814,0.10107570045781243,NA,25,488,0.5
A,"1 obs/item, naive SE",1.4247592819482295,0.11371349558364612,1.2018808306042832,1.6476377332921759,FALSE,0.5778515690371142,NA,NA,NA,25,489,0.5
B,+ (1|variant): captures phi,1.3529188186802654,0.20484907080164272,0.9514146399090457,1.7544229974514851,FALSE,1.0409701713148993,NA,NA,NA,25,489,0.5
C,+ (1|judge): captures lambda,0.8946943787785548,0.32395575182774033,0.25974110519618376,1.529647652360926,TRUE,1.646227991949796,NA,NA,NA,25,489,0.5
D,+ (1|temp): captures tau,0.5687970125185816,0.35548794203259615,-0.12795935386530688,1.26555337890247,TRUE,1.8064633755472477,NA,NA,NA,25,489,0.5
E,+ interactions: lumps eps into residual,0.5687970125185816,0.34657883436411374,-0.11049750283508131,1.2480915278722446,TRUE,1.7611904568094163,NA,NA,0.2080635692554034,25,489,0.5
F,+ (1|item:variant:judge:temp): splits eps/rho,0.5687970125185814,0.3446353235529178,-0.10668822164513747,1.2442822466823003,TRUE,1.751314225620445,0.03594072441888286,0.09780111661875708,NA,25,489,0.5
A,"1 obs/item, naive SE",-0.2593123570667433,0.14064911562775648,-0.53498462369714606,0.016359909563659347,FALSE,0.7147288167691345,NA,NA,NA,25,490,0.5
B,+ (1|variant): captures phi,-0.06910173685937494,0.1549120265555344,-0.37272930890822237,0.2345258351894725,FALSE,0.7872078608469809,NA,NA,NA,25,490,0.5
C,+ (1|judge): captures lambda,0.12156367091667925,0.17355557272275993,-0.21860525161993022,0.4617325934532887,FALSE,0.8819477362668031,NA,NA,NA,25,490,0.5
D,+ (1|temp): captures tau,0.20444782253953897,0.20255398633551902,-0.19255799067807833,0.6014536357571563,TRUE,1.0293073677662499,NA,NA,NA,25,490,0.5
E,+ interactions: lumps eps into residual,0.20444782253953897,0.19234883965344665,-0.17255590318121644,0.5814515482602944,TRUE,0.9774484393934815,NA,NA,0.20674518995716995,25,490,0.5
F,+ (1|item:variant:judge:temp): splits eps/rho,0.2044478225395391,0.18999305202483419,-0.1679385594291359,0.5768342045082141,TRUE,0.9654771639478983,0.03846420195911116,0.09718391724417401,NA,25,490,0.5
A,"1 obs/item, naive SE",0.7799554221595901,0.11818674726123912,0.5483093975275615,1.0116014467916188,FALSE,0.6005830442004437,NA,NA,NA,25,491,0.5
B,+ (1|variant): captures phi,0.7168908567586165,0.1659869648912099,0.3915564055718451,1.042225307945388,TRUE,0.8434867612660772,NA,NA,NA,25,491,0.5
C,+ (1|judge): captures lambda,0.5760803123586103,0.21396841650480536,0.15670221600919187,0.9954584087080288,TRUE,1.0873114450231562,NA,NA,NA,25,491,0.5
D,+ (1|temp): captures tau,0.5379951697200113,0.23963958476442473,0.06830158358173882,1.0076887558582837,TRUE,1.217763198191935,NA,NA,NA,25,491,0.5
E,+ interactions: lumps eps into residual,0.5379951697200113,0.23164995474386707,0.08396125842203184,0.9920290810179907,TRUE,1.1771627380644103,NA,NA,0.20486943523109505,25,491,0.5
F,+ (1|item:variant:judge:temp): splits eps/rho,0.5379951697200112,0.22869152754554842,0.08975977573073629,0.9862305637092861,TRUE,1.1621290625129188,0.035611012141442536,0.09747874302593565,NA,25,491,0.5
A,"1 obs/item, naive SE",0.3366293259111981,0.09725441177577278,0.14601067883068344,0.5272479729917128,TRUE,0.49421235493612065,NA,NA,NA,25,492,0.5
B,+ (1|variant): captures phi,0.42086402856774496,0.1476020573543967,0.13156399615312747,0.7101640609823625,TRUE,0.7500611954418774,NA,NA,NA,25,492,0.5
C,+ (1|judge): captures lambda,0.29250570340625165,0.22662698853351929,-0.15168319411944614,0.7366946009319495,TRUE,1.1516378090225903,NA,NA,NA,25,492,0.5
D,+ (1|temp): captures tau,0.4359468655733756,0.2683129024619583,-0.0899464232520627,0.9618401543988139,TRUE,1.363470807794276,NA,NA,NA,25,492,0.5
E,+ interactions: lumps eps into residual,0.4359468655733756,0.2610118005605292,-0.07563626352526165,0.9475299946720128,TRUE,1.3263692028547174,NA,NA,0.20816858787281417,25,492,0.5
F,+ (1|item:variant:judge:temp): splits eps/rho,0.43594686557337553,0.2586096561517177,-0.0709280604839912,0.9428217916307422,TRUE,1.314162358728073,0.039785910600031386,0.10206172376908196,NA,25,492,0.5
A,"1 obs/item, naive SE",0.6433551723757477,0.12731131891642616,0.3938249872995524,0.892885357451943,TRUE,0.646950874339505,NA,NA,NA,25,493,0.5
B,+ (1|variant): captures phi,0.20409679752282772,0.16693820363166853,-0.12310208159524261,0.531295676640898,TRUE,0.848320618460262,NA,NA,NA,25,493,0.5
C,+ (1|judge): captures lambda,0.0011166332758273734,0.20119460478938198,-0.39322479211136124,0.39545805866301603,FALSE,1.0223994738938154,NA,NA,NA,25,493,0.5
D,+ (1|temp): captures tau,0.3616678291304682,0.24368099370044513,-0.11594691852240424,0.8392825767833406,TRUE,1.2383002020261207,NA,NA,NA,25,493,0.5
E,+ interactions: lumps eps into residual,0.3616678291304682,0.23293409701829407,-0.09488300102538816,0.8182186592863245,TRUE,1.1836882926992047,NA,NA,0.21480214719689886,25,493,0.5
F,+ (1|item:variant:judge:temp): splits eps/rho,0.36166782913046835,0.22984753096562283,-0.0888333315621524,0.812168989823089,TRUE,1.1680034610324057,0.039330199261809445,0.1000313588246096,NA,25,493,0.5
A,"1 obs/item, naive SE",0.9270860883085881,0.11596605894364702,0.6997926127790399,1.1543795638381362,FALSE,0.5892982954371004,NA,NA,NA,25,494,0.5
B,+ (1|variant): captures phi,0.7341688202393942,0.2056925693742952,0.33101138426577564,1.1373262562130129,TRUE,1.0452565312688,NA,NA,NA,25,494,0.5
C,+ (1|judge): captures lambda,0.5621606726917343,0.2209268314550423,0.12914408303985142,0.9951772623436173,TRUE,1.1226716366729501,NA,NA,NA,25,494,0.5
D,+ (1|temp): captures tau,0.5750098176558363,0.335426008369346,-0.08242515874808187,1.2324447940597545,TRUE,1.704515758989281,NA,NA,NA,25,494,0.5
E,+ interactions: lumps eps into residual,0.5750098176558363,0.32966840164650824,-0.07114024957131992,1.2211598848829923,TRUE,1.6752576479654833,NA,NA,0.20354216161118,25,494,0.5
F,+ (1|item:variant:judge:temp): splits eps/rho,0.575009817655836,0.3279093480277947,-0.06769250447864161,1.2177121397903137,TRUE,1.6663187626697944,0.04184065268068269,0.09934310732077245,NA,25,494,0.5
A,"1 obs/item, naive SE",0.18677477976712317,0.12811902423588203,-0.06433850773520564,0.43788806726945195,FALSE,0.6510553457021313,NA,NA,NA,25,495,0.5
B,+ (1|variant): captures phi,0.23317620596963323,0.17787174243264872,-0.11545240919835825,0.5818048211376248,TRUE,0.9038809766995983,NA,NA,NA,25,495,0.5
C,+ (1|judge): captures lambda,0.18006240315744662,0.2742641666562006,-0.3574953634887066,0.7176201698035998,TRUE,1.3937130172589185,NA,NA,NA,25,495,0.5
D,+ (1|temp): captures tau,0.2814494089076178,0.28245381231426764,-0.27216006322834674,0.8350588810435824,TRUE,1.4353298857676429,NA,NA,NA,25,495,0.5
E,+ interactions: lumps eps into residual,0.2814494089076178,0.27434178196737274,-0.2562604837484327,0.8191593015636683,TRUE,1.3941074306846242,NA,NA,0.21625485863460844,25,495,0.5
F,+ (1|item:variant:judge:temp): splits eps/rho,0.2814494089076179,0.2717749726193652,-0.25122953742633786,0.8141283552415737,TRUE,1.381063817861428,0.04152852907400995,0.10030272008649561,NA,25,495,0.5
A,"1 obs/item, naive SE",-0.2385622083989512,0.1148982591518856,-0.46376279633664697,-0.013361620461255413,FALSE,0.5838721164077788,NA,NA,NA,25,496,0.5
B,+ (1|variant): captures phi,-0.12308936395299414,0.2524846649772251,-0.6179593073083554,0.3717805794023671,FALSE,1.2830373304950295,NA,NA,NA,25,496,0.5
C,+ (1|judge): captures lambda,0.30006848800833724,0.3047863989574346,-0.29731285394823453,0.897449829964909,TRUE,1.5488161537446803,NA,NA,NA,25,496,0.5
D,+ (1|temp): captures tau,0.4918563169575612,0.29874985570944235,-0.09369340023294576,1.0774060341480682,TRUE,1.5181405864383632,NA,NA,NA,25,496,0.5
E,+ interactions: lumps eps into residual,0.4918563169575612,0.29079058357024484,-0.07809322684011871,1.0618058607552412,TRUE,1.4776943942742546,NA,NA,0.2086323569007446,25,496,0.5
F,+ (1|item:variant:judge:temp): splits eps/rho,0.49185631695756105,0.2885848548730774,-0.07376999859367062,1.0574826325087927,TRUE,1.466485664985031,0.04389714893999631,0.095215292486951,NA,25,496,0.5
A,"1 obs/item, naive SE",0.5248881892824082,0.09852028464538905,0.3317884313774457,0.7179879471873707,TRUE,0.5006450709488933,NA,NA,NA,25,497,0.5
B,+ (1|variant): captures phi,0.45161091832587097,0.11604475533905184,0.22416319786132938,0.6790586387904125,TRUE,0.5896982025486428,NA,NA,NA,25,497,0.5
C,+ (1|judge): captures lambda,0.5157927943960415,0.13264878935860805,0.25580116725316976,0.7757844215389134,TRUE,0.6740740021078823,NA,NA,NA,25,497,0.5
D,+ (1|temp): captures tau,0.5619409549865242,0.25015698497218886,0.07163326444103402,1.0522486455320144,TRUE,1.2712088880025807,NA,NA,NA,25,497,0.5
E,+ interactions: lumps eps into residual,0.5619409549865242,0.23144410376620456,0.1083105116047633,1.015571398368285,TRUE,1.1761166765585216,NA,NA,0.20164361253952115,25,497,0.5
F,+ (1|item:variant:judge:temp): splits eps/rho,0.5619409549865242,0.22874578853783528,0.11359920945236707,1.0102827005206814,TRUE,1.1624047975905325,0.03468566837898338,0.10154670531014977,NA,25,497,0.5
A,"1 obs/item, naive SE",1.3955543658816145,0.10895127274682774,1.1820098712978322,1.6090988604653969,FALSE,0.55365164514738,NA,NA,NA,25,498,0.5
B,+ (1|variant): captures phi,1.358192548787665,0.10176245868333829,1.158738129768322,1.557646967807008,FALSE,0.5171206470914124,NA,NA,NA,25,498,0.5
C,+ (1|judge): captures lambda,1.4117725153147582,0.20877424083794957,1.002575003272377,1.8209700273571394,FALSE,1.0609164903738273,NA,NA,NA,25,498,0.5
D,+ (1|temp): captures tau,0.9582990355724251,0.29206593801747566,0.3858497970581729,1.5307482740866774,TRUE,1.4841752922945666,NA,NA,NA,25,498,0.5
E,+ interactions: lumps eps into residual,0.9582990355724251,0.2781678345549137,0.4130900798447943,1.503507991300056,TRUE,1.4135500700967838,NA,NA,0.20654910335204307,25,498,0.5
F,+ (1|item:variant:judge:temp): splits eps/rho,0.958299035572425,0.27594343914165187,0.41744989485478734,1.4991481762900627,TRUE,1.4022464831908057,0.04013517416080322,0.09916295547123884,NA,25,498,0.5
A,"1 obs/item, naive SE",0.47426457044599457,0.1311797746762004,0.21715221208064178,0.7313769288113474,TRUE,0.6666089916022171,NA,NA,NA,25,499,0.5
B,+ (1|variant): captures phi,0.143484030121199,0.16811294410983468,-0.186017340334077,0.472985400576475,FALSE,0.8542902320495337,NA,NA,NA,25,499,0.5
C,+ (1|judge): captures lambda,0.001808402348189783,0.16324345025306028,-0.31814876014780835,0.32176556484418795,FALSE,0.8295451949621473,NA,NA,NA,25,499,0.5
D,+ (1|temp): captures tau,0.3347448761054278,0.24656242662958133,-0.1485174800885516,0.8180072322994072,TRUE,1.2529426200665703,NA,NA,NA,25,499,0.5
E,+ interactions: lumps eps into residual,0.3347448761054278,0.22837463836907013,-0.11286941509794962,0.7823591673088053,TRUE,1.1605187443453258,NA,NA,0.21554163888219205,25,499,0.5
F,+ (1|item:variant:judge:temp): splits eps/rho,0.33474487610542775,0.22654091993058006,-0.10927532695850917,0.7787650791693647,TRUE,1.1512004389725536,0.041611267966562164,0.1012044120908749,NA,25,499,0.5
A,"1 obs/item, naive SE",0.22648349146471072,0.11656108399868972,-0.001976233172721137,0.4549432161021426,FALSE,0.5923220012858043,NA,NA,NA,25,500,0.5
B,+ (1|variant): captures phi,0.550181330160578,0.15544469483315976,0.24550972828758488,0.8548529320335712,TRUE,0.789914691715404,NA,NA,NA,25,500,0.5
C,+ (1|judge): captures lambda,0.6936505992611434,0.1682666059371694,0.36384805162429135,1.0234531468979955,TRUE,0.8550710868422805,NA,NA,NA,25,500,0.5
D,+ (1|temp): captures tau,0.5843332743903259,0.2198949686695568,0.15333913579799457,1.0153274129826573,TRUE,1.11742807673696,NA,NA,NA,25,500,0.5
E,+ interactions: lumps eps into residual,0.5843332743903259,0.20934263817683887,0.1740217035637217,0.9946448452169301,TRUE,1.0638048836329377,NA,NA,0.2165363131407084,25,500,0.5
F,+ (1|item:variant:judge:temp): splits eps/rho,0.5843332743903259,0.20610279272897986,0.18037180064152536,0.9882947481391264,TRUE,1.0473411405576407,0.041412294277019375,0.10116518452344042,NA,25,500,0.5
A,"1 obs/item, naive SE",0.7322725893749669,0.0956407307611447,0.5448167570831233,0.9197284216668105,FALSE,0.4860122015467428,NA,NA,NA,25,501,0.5
B,+ (1|variant): captures phi,0.8881200192569321,0.256818351988008,0.3847560493604364,1.3914839891534276,TRUE,1.3050595876250515,NA,NA,NA,25,501,0.5
C,+ (1|judge): captures lambda,0.7925720312293657,0.20073808622451578,0.39912538222931476,1.1860186802294166,TRUE,1.0200796088008592,NA,NA,NA,25,501,0.5
D,+ (1|temp): captures tau,0.7385077619507778,0.24258108221975372,0.2630488408000605,1.213966683101495,TRUE,1.2327108428066433,NA,NA,NA,25,501,0.5
E,+ interactions: lumps eps into residual,0.7385077619507778,0.23475958343448672,0.27837897841918385,1.1986365454823718,TRUE,1.192964765860448,NA,NA,0.1950483809447654,25,501,0.5
F,+ (1|item:variant:judge:temp): splits eps/rho,0.7385077619507777,0.23243776373639805,0.28292974502743756,1.194085778874118,TRUE,1.1811661033650638,0.03730937331172604,0.09940565836225673,NA,25,501,0.5
A,"1 obs/item, naive SE",0.8575251539654454,0.08794236972829397,0.6851581092979893,1.0298921986329015,FALSE,0.44689186689328286,NA,NA,NA,25,502,0.5
B,+ (1|variant): captures phi,0.9002621319876793,0.1198556762136696,0.665345006608887,1.1351792573664718,FALSE,0.6090639479737696,NA,NA,NA,25,502,0.5
C,+ (1|judge): captures lambda,0.9466543819327098,0.14282697221757334,0.6667135163862661,1.2265952474791535,FALSE,0.7257959099149764,NA,NA,NA,25,502,0.5
D,+ (1|temp): captures tau,0.6866334266027349,0.2223023542734396,0.25092081222679324,1.1223460409786765,TRUE,1.129661554754156,NA,NA,NA,25,502,0.5
E,+ interactions: lumps eps into residual,0.6866334266027349,0.21315550627748042,0.26884863429887323,1.1044182189065965,TRUE,1.0831805241686434,NA,NA,0.20752989702811267,25,502,0.5
F,+ (1|item:variant:judge:temp): splits eps/rho,0.6866334266027347,0.21022368931633606,0.27459499554271605,1.0986718576627534,TRUE,1.0682820723847855,0.03799538090020896,0.10165230846631386,NA,25,502,0.5
A,"1 obs/item, naive SE",0.5257614393274836,0.12662880558509595,0.27756898038069555,0.7739538982742717,TRUE,0.6434825841653823,NA,NA,NA,25,503,0.5
B,+ (1|variant): captures phi,0.5549795909584233,0.18119940288045908,0.19982876131272354,0.9101304206041231,TRUE,0.9207909643938514,NA,NA,NA,25,503,0.5
C,+ (1|judge): captures lambda,0.6170947444547854,0.16475607585616145,0.294172835776709,0.9400166531328618,TRUE,0.8372318206667873,NA,NA,NA,25,503,0.5
D,+ (1|temp): captures tau,0.6096397834996542,0.22961092217964346,0.159602376027553,1.0596771909717555,TRUE,1.1668010992764473,NA,NA,NA,25,503,0.5
E,+ interactions: lumps eps into residual,0.6096397834996542,0.22134539457666175,0.1758028101293972,1.0434767568699113,TRUE,1.1247986256932725,NA,NA,0.2033906574453854,25,503,0.5
F,+ (1|item:variant:judge:temp): splits eps/rho,0.6096397834996543,0.21872312103591807,0.18094246626925492,1.0383371007300537,TRUE,1.1114731635554154,0.03802151080431018,0.10095137564776017,NA,25,503,0.5
A,"1 obs/item, naive SE",0.5359604777803124,0.07927998991838037,0.3805716975402869,0.691349258020338,TRUE,0.4028727314418363,NA,NA,NA,25,504,0.5
B,+ (1|variant): captures phi,0.7960961792425967,0.12969818537633626,0.5418877359049776,1.0503046225802157,FALSE,0.65908008135985,NA,NA,NA,25,504,0.5
C,+ (1|judge): captures lambda,0.6749142737007315,0.13748950583106118,0.4054348422718516,0.9443937051296114,TRUE,0.6986728027560714,NA,NA,NA,25,504,0.5
D,+ (1|temp): captures tau,0.5761718554734447,0.19952191401046182,0.18510890401293956,0.9672348069339499,TRUE,1.0138994538552797,NA,NA,NA,25,504,0.5
E,+ interactions: lumps eps into residual,0.5761718554734447,0.18514692096998897,0.21328389037226636,0.9390598205746231,TRUE,0.9408508483164182,NA,NA,0.19903929347566318,25,504,0.5
F,+ (1|item:variant:judge:temp): splits eps/rho,0.5761718554734448,0.18225747867007872,0.2189471972800906,0.9333965136667991,TRUE,0.926167729500348,0.03996473549489912,0.10031803826206673,NA,25,504,0.5
A,"1 obs/item, naive SE",1.3305883457187022,0.09605713659924346,1.142316357984185,1.5188603334532194,FALSE,0.4881282280189445,NA,NA,NA,25,505,0.5
B,+ (1|variant): captures phi,1.159767010134566,0.11694140774626935,0.9305618509518782,1.3889721693172539,FALSE,0.5942546713981156,NA,NA,NA,25,505,0.5
C,+ (1|judge): captures lambda,0.9818601157468942,0.11317872448189177,0.7600298157623864,1.2036904157314021,FALSE,0.5751340523638435,NA,NA,NA,25,505,0.5
D,+ (1|temp): captures tau,0.7237147910681904,0.2283177769969558,0.276211948154157,1.1712176339822238,TRUE,1.1602297950616438,NA,NA,NA,25,505,0.5
E,+ interactions: lumps eps into residual,0.7237147910681904,0.21703806467866474,0.2983201842980075,1.1491093978383733,TRUE,1.1029103060427066,NA,NA,0.22646566225204479,25,505,0.5
F,+ (1|item:variant:judge:temp): splits eps/rho,0.7237147910681904,0.21435182864357955,0.3035852069267745,1.1438443752096061,TRUE,1.0892598092418568,0.041200814296722774,0.09861025542285803,NA,25,505,0.5
A,"1 obs/item, naive SE",0.33839701913039993,0.07929253145666224,0.18298365747534195,0.4938103807854579,FALSE,0.4029364630819298,NA,NA,NA,25,506,0.5
B,+ (1|variant): captures phi,0.32558441983654124,0.11820961651900648,0.09389357145928853,0.5572752682137939,TRUE,0.6006992576403327,NA,NA,NA,25,506,0.5
C,+ (1|judge): captures lambda,0.35285154498740945,0.17689662786337235,0.006134154375199652,0.6995689355996193,TRUE,0.8989257910291972,NA,NA,NA,25,506,0.5
D,+ (1|temp): captures tau,0.6168341628976318,0.2354922517012169,0.15526934956324667,1.078398976232017,TRUE,1.1966879255904408,NA,NA,NA,25,506,0.5
E,+ interactions: lumps eps into residual,0.6168341628976318,0.21757005632933032,0.19039685249214439,1.0432714733031192,TRUE,1.1056136985334037,NA,NA,0.2237458011248292,25,506,0.5
F,+ (1|item:variant:judge:temp): splits eps/rho,0.616834162897632,0.2139416487986596,0.19750853125225926,1.0361597945430048,TRUE,1.0871754210541764,0.04256372723596097,0.0974317710911636,NA,25,506,0.5
A,"1 obs/item, naive SE",0.4891659664404553,0.10039315866022189,0.29239537546642036,0.6859365574144902,TRUE,0.5101623510441474,NA,NA,NA,25,507,0.5
B,+ (1|variant): captures phi,0.5780749507187586,0.15604388260266489,0.2722289408175354,0.8839209606199818,TRUE,0.7929595509995133,NA,NA,NA,25,507,0.5
C,+ (1|judge): captures lambda,0.5818707096545923,0.15043460858411525,0.28701887682972643,0.8767225424794582,TRUE,0.7644552140591917,NA,NA,NA,25,507,0.5
D,+ (1|temp): captures tau,0.42046488181627467,0.20911800598131236,0.01059359009290245,0.8303361735396468,TRUE,1.0626633826529968,NA,NA,NA,25,507,0.5
E,+ interactions: lumps eps into residual,0.42046488181627467,0.19849311512150453,0.03141837617812582,0.8095113874544235,TRUE,1.00867146355249,NA,NA,0.2135123836777161,25,507,0.5
F,+ (1|item:variant:judge:temp): splits eps/rho,0.42046488181627484,0.1950041625702021,0.03825672317867873,0.8026730404538709,TRUE,0.9909418467139756,0.035609870027018674,0.10277127192947176,NA,25,507,0.5
A,"1 obs/item, naive SE",0.06294195319935769,0.12905914485753942,-0.19001397072141957,0.31589787712013495,FALSE,0.6558327045681179,NA,NA,NA,25,508,0.5
B,+ (1|variant): captures phi,0.1397693340151947,0.11170066769911555,-0.07916397467507177,0.35870264270546115,FALSE,0.5676230931178065,NA,NA,NA,25,508,0.5
C,+ (1|judge): captures lambda,0.19314989851455883,0.1405052847360341,-0.08224045956806803,0.4685402565971857,FALSE,0.7139979192971044,NA,NA,NA,25,508,0.5
D,+ (1|temp): captures tau,0.5471905191224837,0.28328356808104166,-0.008045274316357931,1.1024263125613254,TRUE,1.439546409666473,NA,NA,NA,25,508,0.5
E,+ interactions: lumps eps into residual,0.5471905191224837,0.27180595462806406,0.014450848051478227,1.0799301901934892,TRUE,1.381221257418155,NA,NA,0.2226626714621212,25,508,0.5
F,+ (1|item:variant:judge:temp): splits eps/rho,0.5471905191224838,0.269078069859546,0.019797502197773653,1.074583536047194,TRUE,1.3673591165565975,0.041522581310693994,0.10053264747715056,NA,25,508,0.5
A,"1 obs/item, naive SE",0.16862695644674067,0.14350065162208403,-0.11263432073254401,0.44988823362602537,FALSE,0.7292193092127153,NA,NA,NA,25,509,0.5
B,+ (1|variant): captures phi,0.2174659972889226,0.16705497927782187,-0.10996176209560823,0.5448937566734534,TRUE,0.848914030790159,NA,NA,NA,25,509,0.5
C,+ (1|judge): captures lambda,0.05538864850910383,0.15156305788636545,-0.24167494494817246,0.35245224196638014,FALSE,0.7701895923450518,NA,NA,NA,25,509,0.5
D,+ (1|temp): captures tau,0.3150285395566565,0.18301521233557114,-0.043681276621062914,0.6737383557343759,TRUE,0.9300182626782236,NA,NA,NA,25,509,0.5
E,+ interactions: lumps eps into residual,0.3150285395566565,0.1752923005157667,-0.02854436945424621,0.6586014485675592,TRUE,0.8907731696511908,NA,NA,0.20879047655133853,25,509,0.5
F,+ (1|item:variant:judge:temp): splits eps/rho,0.31502853955665666,0.17145726401427527,-0.021027697911322862,0.6510847770246362,TRUE,0.8712848771813555,0.03855435019829536,0.09637290000742958,NA,25,509,0.5
A,"1 obs/item, naive SE",0.1883026184612582,0.1334260252318204,-0.07321239099310975,0.4498176279156262,FALSE,0.678023638574007,NA,NA,NA,25,510,0.5
B,+ (1|variant): captures phi,0.0635537804322126,0.11026527166061449,-0.1525661520225918,0.27967371288701703,FALSE,0.5603289206118934,NA,NA,NA,25,510,0.5
C,+ (1|judge): captures lambda,0.25075028040400354,0.22315724040196322,-0.18663791078384434,0.6881384715918515,TRUE,1.1340057822196818,NA,NA,NA,25,510,0.5
D,+ (1|temp): captures tau,0.4566405289082955,0.22091970446680595,0.023637908153355813,0.8896431496632351,TRUE,1.1226354198517738,NA,NA,NA,25,510,0.5
E,+ interactions: lumps eps into residual,0.4566405289082955,0.21332842958389853,0.038516806923854396,0.8747642508927366,TRUE,1.084059258952267,NA,NA,0.21762708751273804,25,510,0.5
F,+ (1|item:variant:judge:temp): splits eps/rho,0.45664052890829554,0.20994070014821,0.04515675661780394,0.8681243011987871,TRUE,1.066844022011056,0.039372714907159156,0.10023933331345054,NA,25,510,0.5
A,"1 obs/item, naive SE",0.06315727128316699,0.1371004840324758,-0.20555967742048553,0.33187421998681954,FALSE,0.6966959322399694,NA,NA,NA,25,511,0.5
B,+ (1|variant): captures phi,0.014603714352290756,0.20340246137445794,-0.38406510994164683,0.4132725386462283,FALSE,1.0336190163531058,NA,NA,NA,25,511,0.5
C,+ (1|judge): captures lambda,-0.004692412425057744,0.20456731979467446,-0.4056443592226197,0.3962595343725042,FALSE,1.0395384128361125,NA,NA,NA,25,511,0.5
D,+ (1|temp): captures tau,0.28903135129649504,0.2962897702309926,-0.2916965983562505,0.8697593009492406,TRUE,1.5056393063889613,NA,NA,NA,25,511,0.5
E,+ interactions: lumps eps into residual,0.28903135129649504,0.2908598403897315,-0.2810539358673787,0.8591166384603688,TRUE,1.478046332815951,NA,NA,0.1957382047940888,25,511,0.5
F,+ (1|item:variant:judge:temp): splits eps/rho,0.2890313512964948,0.2889776801015876,-0.27736490170261685,0.8554276042956065,TRUE,1.4684818631802137,0.03709921116174936,0.09973215083433437,NA,25,511,0.5
A,"1 obs/item, naive SE",0.12457555762002055,0.12647759736071393,-0.12332053320697874,0.37247164844701985,FALSE,0.6427141977107931,NA,NA,NA,25,512,0.5
B,+ (1|variant): captures phi,0.3822423386354358,0.12485923741184526,0.13751823330821905,0.6269664439626526,TRUE,0.6344902676405695,NA,NA,NA,25,512,0.5
C,+ (1|judge): captures lambda,0.3100840115578636,0.23369048861973343,-0.14794934613681393,0.7681173692525411,TRUE,1.1875320059845529,NA,NA,NA,25,512,0.5
D,+ (1|temp): captures tau,0.4882803034538126,0.19343014761061791,0.10915721413700152,0.8674033927706237,TRUE,0.982943262118407,NA,NA,NA,25,512,0.5
E,+ interactions: lumps eps into residual,0.4882803034538126,0.17831647164893283,0.1387800190219043,0.837780587885721,TRUE,0.9061409325131753,NA,NA,0.20275577915823859,25,512,0.5
F,+ (1|item:variant:judge:temp): splits eps/rho,0.4882803034538125,0.17599387042544382,0.14333231741994262,0.8332282894876823,TRUE,0.8943382985834726,0.04368770518922327,0.1017495389830848,NA,25,512,0.5
A,"1 obs/item, naive SE",0.6444916299278975,0.11408362334462833,0.42088772817242603,0.8680955316833691,TRUE,0.5797324267693474,NA,NA,NA,25,513,0.5
B,+ (1|variant): captures phi,0.7233478476554989,0.11322042621989822,0.5014358122644984,0.9452598830464993,FALSE,0.5753459657749556,NA,NA,NA,25,513,0.5
C,+ (1|judge): captures lambda,0.77335324737139155,0.1984467124553768,0.38439769095885307,1.16230880378393,TRUE,1.0084356616954475,NA,NA,NA,25,513,0.5
D,+ (1|temp): captures tau,0.4967373417287679,0.22093070188060412,0.06371316604278382,0.929761517414752,TRUE,1.1226913048000469,NA,NA,NA,25,513,0.5
E,+ interactions: lumps eps into residual,0.4967373417287679,0.20921993472580402,0.08666626966619201,0.9068084137913437,TRUE,1.0631813483054655,NA,NA,0.20843837101050774,25,513,0.5
F,+ (1|item:variant:judge:temp): splits eps/rho,0.4967373417287679,0.20607913133681163,0.09282224430861707,0.9006524391489187,TRUE,1.0472209017722631,0.03877557794658845,0.09790289976264686,NA,25,513,0.5
A,"1 obs/item, naive SE",0.3589470486800593,0.09050573426475336,0.1815558095211427,0.5363382878389759,TRUE,0.45991797440853,NA,NA,NA,25,514,0.5
B,+ (1|variant): captures phi,0.3997248238815671,0.14202345666975094,0.12135884880885528,0.6780907989542789,TRUE,0.7217127294826824,NA,NA,NA,25,514,0.5
C,+ (1|judge): captures lambda,0.656671066313909,0.22548116142952393,0.21472798991204212,1.098614142715776,TRUE,1.1458151229245983,NA,NA,NA,25,514,0.5
D,+ (1|temp): captures tau,0.36393612970534767,0.2572457151914904,-0.14026547206997358,0.8681377314806689,TRUE,1.3072312955337173,NA,NA,NA,25,514,0.5
E,+ interactions: lumps eps into residual,0.36393612970534767,0.24445716577425006,-0.11519991521218242,0.8430721746228778,TRUE,1.2422444326417477,NA,NA,0.20151512828081355,25,514,0.5
F,+ (1|item:variant:judge:temp): splits eps/rho,0.3639361297053477,0.24204089825687145,-0.11046403087812029,0.8383362902888157,TRUE,1.229965819896934,0.03828338750453374,0.09948015701932067,NA,25,514,0.5
A,"1 obs/item, naive SE",0.8229670637154224,0.12819729715405898,0.5717003612934668,1.074233766137378,FALSE,0.6514531008529119,NA,NA,NA,25,515,0.5
B,+ (1|variant): captures phi,1.0415844188897634,0.15375798355239936,0.7402187711270607,1.342950066652466,FALSE,0.7813434244696175,NA,NA,NA,25,515,0.5
C,+ (1|judge): captures lambda,1.0457396784872164,0.1016604314103817,0.8464852329228683,1.2449941240515645,FALSE,0.5166021807523034,NA,NA,NA,25,515,0.5
D,+ (1|temp): captures tau,0.7627343592089457,0.20934644458541915,0.3524153278215242,1.1730533905963672,TRUE,1.0638242264484867,NA,NA,NA,25,515,0.5
E,+ interactions: lumps eps into residual,0.7627343592089457,0.19650490378271102,0.37758474779483214,1.1478839706230592,TRUE,0.9985680801695204,NA,NA,0.204515905015401,25,515,0.5
F,+ (1|item:variant:judge:temp): splits eps/rho,0.7627343592089458,0.1931482612393365,0.3841637671798463,1.1413049512380453,TRUE,0.9815108157662911,0.03640820728404075,0.09804686395706133,NA,25,515,0.5
A,"1 obs/item, naive SE",0.8245391627191829,0.15604661485629293,0.5186877976008488,1.130390527837517,FALSE,0.7929734353413662,NA,NA,NA,25,516,0.5
B,+ (1|variant): captures phi,0.6044694253649894,0.17681792338007804,0.2579062955400364,0.9510325551899423,TRUE,0.8985258428178751,NA,NA,NA,25,516,0.5
C,+ (1|judge): captures lambda,0.6026131682922808,0.19290180255122458,0.2245256352918807,0.9807007012926809,TRUE,0.980258400308501,NA,NA,NA,25,516,0.5
D,+ (1|temp): captures tau,0.4283036991983778,0.19800177146326398,0.040220227130380426,0.8163871712663752,TRUE,1.0061746297123775,NA,NA,NA,25,516,0.5
E,+ interactions: lumps eps into residual,0.4283036991983778,0.1929020486491667,0.05021568384601105,0.8063917145507445,TRUE,0.9802596508907759,NA,NA,0.2175941375483511,25,516,0.5
F,+ (1|item:variant:judge:temp): splits eps/rho,0.4283036991983778,0.19017280940348133,0.05556499276755439,0.8010424056292011,TRUE,0.966390627057656,0.03629399932278056,0.10102076312564326,NA,25,516,0.5
A,"1 obs/item, naive SE",0.10630616109994025,0.09325193645327942,-0.07646763434848743,0.28907995654836793,FALSE,0.4738731978882764,NA,NA,NA,25,517,0.5
B,+ (1|variant): captures phi,-0.28723628226641995,0.1383152258569313,-0.5583341249460052,-0.01613843958683464,FALSE,0.702868818453992,NA,NA,NA,25,517,0.5
C,+ (1|judge): captures lambda,0.1106882476028086,0.2505978676408885,-0.3804835729733328,0.60186006817895,TRUE,1.2734492970284552,NA,NA,NA,25,517,0.5
D,+ (1|temp): captures tau,0.48767439448362937,0.3055303440967533,-0.1111650799460071,1.0865138689132658,TRUE,1.5525966185331945,NA,NA,NA,25,517,0.5
E,+ interactions: lumps eps into residual,0.48767439448362937,0.29660717505633516,-0.09367566862678756,1.0690244575940464,TRUE,1.507252244900813,NA,NA,0.21670293290026726,25,517,0.5
F,+ (1|item:variant:judge:temp): splits eps/rho,0.4876743944836293,0.2941926258948186,-0.08894315227021515,1.0642919412374738,TRUE,1.4949823642297604,0.040384143917789765,0.09903502491946331,NA,25,517,0.5
A,"1 obs/item, naive SE",0.9193147748827283,0.09394815683792633,0.7351763874803927,1.1034531622850638,FALSE,0.47741114243565785,NA,NA,NA,25,518,0.5
B,+ (1|variant): captures phi,0.9600293079559088,0.08031991744413342,0.8026022697654073,1.1174563461464102,FALSE,0.40815727352153386,NA,NA,NA,25,518,0.5
C,+ (1|judge): captures lambda,0.6394844755846327,0.19857079960691823,0.250285708355073,1.0286832428141923,TRUE,1.009066228497106,NA,NA,NA,25,518,0.5
D,+ (1|temp): captures tau,0.4074325142780506,0.1948788904310169,0.02546988903325753,0.7893951395228437,TRUE,0.9903052582262744,NA,NA,NA,25,518,0.5
E,+ interactions: lumps eps into residual,0.4074325142780506,0.1895357125938321,0.035942517594139745,0.7789225109619615,TRUE,0.9631531275049882,NA,NA,0.19958638083779412,25,518,0.5
F,+ (1|item:variant:judge:temp): splits eps/rho,0.4074325142780506,0.18750002633685517,0.03993246265781447,0.7749325658982867,TRUE,0.9528084934611237,0.038781602588067524,0.10109582065100461,NA,25,518,0.5
A,"1 obs/item, naive SE",0.6541846689305153,0.12182960658295523,0.41539864002792304,0.8929706978331076,TRUE,0.6190947605453757,NA,NA,NA,25,519,0.5
B,+ (1|variant): captures phi,0.1642310299895565,0.18293007717967447,-0.19431192128260547,0.5227739812617185,TRUE,0.9295856360742958,NA,NA,NA,25,519,0.5
C,+ (1|judge): captures lambda,0.3484667508478073,0.2463724353862883,-0.13442322250931776,0.8313567242049325,TRUE,1.2519771520939547,NA,NA,NA,25,519,0.5
D,+ (1|temp): captures tau,0.6538693308938942,0.24957143409069416,0.16470932007613365,1.1430293417116548,TRUE,1.2682333265365813,NA,NA,NA,25,519,0.5
E,+ interactions: lumps eps into residual,0.6538693308938942,0.24268993496318786,0.178197058366046,1.1295416034217425,TRUE,1.2332639937608423,NA,NA,0.20003484119330542,25,519,0.5
F,+ (1|item:variant:judge:temp): splits eps/rho,0.6538693308938943,0.24126289110119745,0.18099406433554732,1.1267445974522414,TRUE,1.2260122640474649,0.03943754693363463,0.10166304281642444,NA,25,519,0.5
A,"1 obs/item, naive SE",-0.3484799648110721,0.09111773873499898,-0.52707073273167,-0.16988919689047408,FALSE,0.46302796361055065,NA,NA,NA,25,520,0.5
B,+ (1|variant): captures phi,-0.03195480547024583,0.13318830054307884,-0.29300387453468035,0.22909426359418872,FALSE,0.6768156061968199,NA,NA,NA,25,520,0.5
C,+ (1|judge): captures lambda,0.510561216193234,0.3043628310741713,-0.08598993271214173,1.1071123650986099,TRUE,1.546663732304453,NA,NA,NA,25,520,0.5
D,+ (1|temp): captures tau,0.4872945849340622,0.2543568330605553,-0.011244807864626172,0.9858339777327505,TRUE,1.292551023297286,NA,NA,NA,25,520,0.5
E,+ interactions: lumps eps into residual,0.4872945849340622,0.24647919902067275,0.004195354853543609,0.9703938150145808,TRUE,1.2525196869384645,NA,NA,0.220281813117395,25,520,0.5
F,+ (1|item:variant:judge:temp): splits eps/rho,0.4872945849340623,0.244499794159529,0.008074988381385484,0.9665141814867391,TRUE,1.2424610549449537,0.03366325897366198,0.10309269549436183,NA,25,520,0.5
A,"1 obs/item, naive SE",0.140024898011725,0.10231698255693537,-0.06051638779986834,0.3405661838233183,FALSE,0.51993854033075,NA,NA,NA,25,521,0.5
B,+ (1|variant): captures phi,-0.1276335548951715,0.2645054878798831,-0.6460643111397423,0.3907972013493993,FALSE,1.3441228801016605,NA,NA,NA,25,521,0.5
C,+ (1|judge): captures lambda,0.0630423177085951,0.22139667676631536,-0.370895168753383,0.4969798041705732,FALSE,1.125059223554616,NA,NA,NA,25,521,0.5
D,+ (1|temp): captures tau,0.1647500421767347,0.22136825464307447,-0.2691317369236913,0.5986318212771606,TRUE,1.124914792425964,NA,NA,NA,25,521,0.5
E,+ interactions: lumps eps into residual,0.1647500421767347,0.21166019857231824,-0.25010394702500904,0.5796040313784785,TRUE,1.075581901866283,NA,NA,0.21331123435660296,25,521,0.5
F,+ (1|item:variant:judge:temp): splits eps/rho,0.16475004217673447,0.20844641975921388,-0.2438049405513247,0.5733050249047936,TRUE,1.0592506201643277,0.04106579690597968,0.10057452393029952,NA,25,521,0.5
A,"1 obs/item, naive SE",0.27761151937899314,0.11119739739927077,0.05966462047642243,0.4955584182815639,FALSE,0.5650656523239723,NA,NA,NA,25,522,0.5
B,+ (1|variant): captures phi,0.05271888814688706,0.11758450652897119,-0.17774674464989648,0.2831845209436706,FALSE,0.5975226708446436,NA,NA,NA,25,522,0.5
C,+ (1|judge): captures lambda,0.5871638516942862,0.3155893034873414,-0.031391183140902834,1.2057188865294752,TRUE,1.6037126750478434,NA,NA,NA,25,522,0.5
D,+ (1|temp): captures tau,0.3938078291354806,0.25200525689942616,-0.10012247438739463,0.8877381326583559,TRUE,1.2806011490326332,NA,NA,NA,25,522,0.5
E,+ interactions: lumps eps into residual,0.3938078291354806,0.22865920294994602,-0.05436420864641356,0.8419798669173748,TRUE,1.161964800406724,NA,NA,0.20404565041607198,25,522,0.5
F,+ (1|item:variant:judge:temp): splits eps/rho,0.39380782913548057,0.22581185459769662,-0.048783405876004826,0.836399064146966,TRUE,1.1474955880718323,0.032550897736886714,0.10185758913606237,NA,25,522,0.5
A,"1 obs/item, naive SE",0.4545635496364938,0.1262013507071737,0.20720890225043337,0.7019181970225543,TRUE,0.6413104103997957,NA,NA,NA,25,523,0.5
B,+ (1|variant): captures phi,0.4305971054877911,0.10738739344914006,0.22011781432747662,0.6410763966481057,TRUE,0.5457045663831998,NA,NA,NA,25,523,0.5
C,+ (1|judge): captures lambda,0.2233723977817744,0.20259216635354935,-0.17370824827118234,0.6204530438347311,TRUE,1.0295013850481165,NA,NA,NA,25,523,0.5
D,+ (1|temp): captures tau,0.42083162846175454,0.21657322414561606,-0.003651890863652918,0.845315147787162,TRUE,1.1005481516652023,NA,NA,NA,25,523,0.5
E,+ interactions: lumps eps into residual,0.42083162846175454,0.2060723002625227,0.016929919947210048,0.824733336976299,TRUE,1.0471861886805953,NA,NA,0.22985167670437542,25,523,0.5
F,+ (1|item:variant:judge:temp): splits eps/rho,0.4208316284617545,0.20195744462355975,0.02499503699957739,0.8166682199239316,TRUE,1.0262759548061393,0.03958184003339121,0.10110951066376556,NA,25,523,0.5
A,"1 obs/item, naive SE",-0.17174853012207114,0.11361437391604279,-0.394432702997515,0.05093564275337273,FALSE,0.5773478679517139,NA,NA,NA,25,524,0.5
B,+ (1|variant): captures phi,-0.03919049653669371,0.17494800724716406,-0.38208859074113527,0.30370759766774785,FALSE,0.8890235936272561,NA,NA,NA,25,524,0.5
C,+ (1|judge): captures lambda,0.09050094662845576,0.1918496438160017,-0.2855243552509076,0.4665262485078191,FALSE,0.974911703569437,NA,NA,NA,25,524,0.5
D,+ (1|temp): captures tau,0.33182050199114693,0.21248493574597677,-0.08464997207096753,0.7482909760532614,TRUE,1.079772923058585,NA,NA,NA,25,524,0.5
E,+ interactions: lumps eps into residual,0.33182050199114693,0.20442384236515448,-0.06885022904455584,0.7324912330268497,TRUE,1.0388093115333692,NA,NA,0.20459501114144346,25,524,0.5
F,+ (1|item:variant:judge:temp): splits eps/rho,0.33182050199114704,0.20232895909699095,-0.06474425783895521,0.7283852618212493,TRUE,1.0281638593181792,0.04000819146256318,0.09918595445306487,NA,25,524,0.5
A,"1 obs/item, naive SE",0.709584252744599,0.13292590035756294,0.44904948804377565,0.9701190174454224,TRUE,0.6754821817150752,NA,NA,NA,25,525,0.5
B,+ (1|variant): captures phi,0.7138233193943924,0.14855482711378554,0.4226558582513727,1.004990780537412,TRUE,0.754902832730118,NA,NA,NA,25,525,0.5
C,+ (1|judge): captures lambda,0.5623185590742306,0.17833882654131397,0.2127744590532552,0.9118626590952059,TRUE,0.906254532130985,NA,NA,NA,25,525,0.5
D,+ (1|temp): captures tau,0.32921955382497514,0.26828404332411493,-0.1966171710902901,0.8550562787402404,TRUE,1.3633241559127358,NA,NA,NA,25,525,0.5
E,+ interactions: lumps eps into residual,0.32921955382497514,0.2586406613589004,-0.17771614243846967,0.83615525008842,TRUE,1.3143199161712495,NA,NA,0.20270628758432524,25,525,0.5
F,+ (1|item:variant:judge:temp): splits eps/rho,0.3292195538249751,0.2563654992385544,-0.17325682468259157,0.8316959323325417,TRUE,1.3027583509031353,0.03799260218185871,0.10017278186327755,NA,25,525,0.5
A,"1 obs/item, naive SE",0.8064021633737677,0.12775603135441743,0.5560003419191095,1.0568039848284259,FALSE,0.6492107448917611,NA,NA,NA,25,526,0.5
B,+ (1|variant): captures phi,0.7694539664910753,0.1542325731107306,0.4671581231940434,1.0717498097881073,TRUE,0.7837551199286548,NA,NA,NA,25,526,0.5
C,+ (1|judge): captures lambda,0.7003679243329081,0.1381296714772442,0.42963376823750943,0.9711020804283067,TRUE,0.7019258970452923,NA,NA,NA,25,526,0.5
D,+ (1|temp): captures tau,0.6753933509858843,0.23082326301098802,0.22297975548434779,1.1278069464874207,TRUE,1.1729617844968299,NA,NA,NA,25,526,0.5
E,+ interactions: lumps eps into residual,0.6753933509858843,0.21208802802165638,0.25970081606343776,1.0910858859083308,TRUE,1.0777559790706768,NA,NA,0.20738219052363613,25,526,0.5
F,+ (1|item:variant:judge:temp): splits eps/rho,0.6753933509858843,0.20989882023627313,0.26399166332278895,1.0867950386489795,TRUE,1.0666312031833554,0.036523330753682304,0.09999051129385515,NA,25,526,0.5
A,"1 obs/item, naive SE",0.5374630827992222,0.12075041990987254,0.300792259775872,0.7741339058225724,TRUE,0.6136107174322514,NA,NA,NA,25,527,0.5
B,+ (1|variant): captures phi,0.3723105653532518,0.11481900411267959,0.1472653172923998,0.5973558134141038,TRUE,0.5834693704669893,NA,NA,NA,25,527,0.5
C,+ (1|judge): captures lambda,0.5417268206915673,0.15475220123541733,0.23841250627014932,0.8450411351129853,TRUE,0.786395685374514,NA,NA,NA,25,527,0.5
D,+ (1|temp): captures tau,0.38623731006350204,0.15217572027273238,0.08797289832894656,0.6845017217980576,TRUE,0.7733029248429675,NA,NA,NA,25,527,0.5
E,+ interactions: lumps eps into residual,0.38623731006350204,0.1400359114451235,0.11176692363105994,0.6607076964959442,TRUE,0.7116127310551575,NA,NA,0.20354803262518964,25,527,0.5
F,+ (1|item:variant:judge:temp): splits eps/rho,0.3862373100635019,0.13718025641306653,0.11736400749389153,0.6551106126331123,TRUE,0.6971013071258049,0.03757877956558597,0.10129251608783446,NA,25,527,0.5
A,"1 obs/item, naive SE",0.4969044161386373,0.1075181038385576,0.2861689326150644,0.7076398996622102,TRUE,0.5463687901257442,NA,NA,NA,25,528,0.5
B,+ (1|variant): captures phi,0.4342324897766847,0.1375494019266276,0.16463566200049462,0.7038293175528748,TRUE,0.6989771734257496,NA,NA,NA,25,528,0.5
C,+ (1|judge): captures lambda,0.44074941954784047,0.1438503141604533,0.158802803793352,0.722696035302329,TRUE,0.7309961699572832,NA,NA,NA,25,528,0.5
D,+ (1|temp): captures tau,0.7938462252686874,0.21720421615146726,0.3681259616118116,1.2195664889255633,TRUE,1.1037546287747093,NA,NA,NA,25,528,0.5
E,+ interactions: lumps eps into residual,0.7938462252686874,0.20546316017763258,0.39113843132052756,1.1965540192168473,TRUE,1.0440907552669048,NA,NA,0.21287744906151093,25,528,0.5
F,+ (1|item:variant:judge:temp): splits eps/rho,0.7938462252686875,0.20234524040082283,0.3972495540830748,1.1904428964543003,TRUE,1.028246595117628,0.042250082522010984,0.10288359204259685,NA,25,528,0.5
A,"1 obs/item, naive SE",0.5415205640545531,0.13777357317028194,0.27148436064080045,0.8115567674683057,TRUE,0.7001163320121055,NA,NA,NA,25,529,0.5
B,+ (1|variant): captures phi,0.20206074895081644,0.12749633588672094,-0.04783206938715659,0.45195356728878944,FALSE,0.6478910648246765,NA,NA,NA,25,529,0.5
C,+ (1|judge): captures lambda,0.46100849785394205,0.22105720849815344,0.027736369197561284,0.8942806265103228,TRUE,1.1233341664680419,NA,NA,NA,25,529,0.5
D,+ (1|temp): captures tau,0.3400238293085598,0.3213023495196905,-0.28972877575003353,0.9697764343671531,TRUE,1.6327443444801302,NA,NA,NA,25,529,0.5
E,+ interactions: lumps eps into residual,0.3400238293085598,0.3173849452085099,-0.28205066330011963,0.9620983219172392,TRUE,1.6128374880762362,NA,NA,0.2019599901692814,25,529,0.5
F,+ (1|item:variant:judge:temp): splits eps/rho,0.34002382930855984,0.31539171830389817,-0.2781439385670806,0.9581915971842003,TRUE,1.6027086173703873,0.036598347024827504,0.10075397121466745,NA,25,529,0.5
A,"1 obs/item, naive SE",0.23176633199419935,0.09648362712427123,0.042658422830627735,0.42087424115777095,FALSE,0.49029550128586713,NA,NA,NA,25,530,0.5
B,+ (1|variant): captures phi,-0.007407357395252411,0.17363414933451177,-0.34773029009089546,0.3329155753003907,FALSE,0.882347034680394,NA,NA,NA,25,530,0.5
C,+ (1|judge): captures lambda,0.47591195649425155,0.28733158115909896,-0.08725794257758235,1.0390818555660855,TRUE,1.460116973403277,NA,NA,NA,25,530,0.5
D,+ (1|temp): captures tau,0.4556028311047242,0.27682059605327436,-0.08696553715969357,0.998171199369142,TRUE,1.4067038828606624,NA,NA,NA,25,530,0.5
E,+ interactions: lumps eps into residual,0.4556028311047242,0.26035234363557913,-0.05468776242101092,0.9658934246304594,TRUE,1.3230180771432185,NA,NA,0.2105804911475771,25,530,0.5
F,+ (1|item:variant:judge:temp): splits eps/rho,0.4556028311047242,0.25798954990065864,-0.05005668670056673,0.9612623489100152,TRUE,1.3110111991554554,0.040407061696362656,0.10203120916342301,NA,25,530,0.5
A,"1 obs/item, naive SE",0.5862755457657348,0.1439950660659335,0.30404521627650516,0.8685058752549645,TRUE,0.7317317476938882,NA,NA,NA,25,531,0.5
B,+ (1|variant): captures phi,0.40450810520903285,0.11006165894832767,0.18878725367031063,0.620228956747755,TRUE,0.55929423317513,NA,NA,NA,25,531,0.5
C,+ (1|judge): captures lambda,0.35182784610182477,0.11959401822254552,0.11742357038563556,0.586232121818014,TRUE,0.6077342950601369,NA,NA,NA,25,531,0.5
D,+ (1|temp): captures tau,0.6395556975308523,0.22342149382808413,0.2016495696278074,1.0774618254338972,TRUE,1.135348624211511,NA,NA,NA,25,531,0.5
E,+ interactions: lumps eps into residual,0.6395556975308523,0.21321137580504992,0.22166140095295445,1.05744999410875,TRUE,1.0834644332508654,NA,NA,0.1985487901893849,25,531,0.5
F,+ (1|item:variant:judge:temp): splits eps/rho,0.6395556975308524,0.21067375793672072,0.22663513197487978,1.052476263086825,TRUE,1.0705691611522954,0.04189182484637119,0.09921155528123109,NA,25,531,0.5
A,"1 obs/item, naive SE",1.3350903848879327,0.11032559089528386,1.1188522267331764,1.551328543042689,FALSE,0.5606354415241027,NA,NA,NA,25,532,0.5
B,+ (1|variant): captures phi,1.1440682990220832,0.14732086349747262,0.8553194065670369,1.4328171914771295,FALSE,0.7486322682015953,NA,NA,NA,25,532,0.5
C,+ (1|judge): captures lambda,0.6761742356923076,0.2703170406580851,0.14635283600246085,1.2059956353821544,TRUE,1.3736551258055643,NA,NA,NA,25,532,0.5
D,+ (1|temp): captures tau,0.7273469791511881,0.23320633416143102,0.2702625641947833,1.1844313941075928,TRUE,1.1850717051033741,NA,NA,NA,25,532,0.5
E,+ interactions: lumps eps into residual,0.7273469791511881,0.22235466284961955,0.29153183996593374,1.1631621183364425,TRUE,1.1299273683470328,NA,NA,0.21498543685599059,25,532,0.5
F,+ (1|item:variant:judge:temp): splits eps/rho,0.7273469791511882,0.21945903760775,0.29720726543999815,1.1574866928623782,TRUE,1.115212830017438,0.04495597995254093,0.1010930606857664,NA,25,532,0.5
A,"1 obs/item, naive SE",1.5079272793643779,0.0979891108744007,1.3158686220505524,1.6999859366782033,FALSE,0.4979458346320289,NA,NA,NA,25,533,0.5
B,+ (1|variant): captures phi,0.8406188579381864,0.2412819502200528,0.36770623550688286,1.3135314803694897,TRUE,1.226109115715585,NA,NA,NA,25,533,0.5
C,+ (1|judge): captures lambda,0.5133918434703245,0.2508730717483457,0.02168062284356692,1.0051030640970822,TRUE,1.2748477864907957,NA,NA,NA,25,533,0.5
D,+ (1|temp): captures tau,0.298671835144254,0.27992521257528796,-0.2499815815033104,0.8473252517918184,TRUE,1.4224804405972458,NA,NA,NA,25,533,0.5
E,+ interactions: lumps eps into residual,0.298671835144254,0.2656223498071352,-0.22194797047773107,0.8192916407662391,TRUE,1.349798375466111,NA,NA,0.21049295539925092,25,533,0.5
F,+ (1|item:variant:judge:temp): splits eps/rho,0.29867183514425416,0.26309949082108297,-0.21700316686506843,0.8143468371535767,TRUE,1.3369781027617396,0.03979754807382563,0.09998219855501808,NA,25,533,0.5
A,"1 obs/item, naive SE",0.6130624089674229,0.12267401177093666,0.37262134589638707,0.8535034720384588,TRUE,0.6233857275961531,NA,NA,NA,25,534,0.5
B,+ (1|variant): captures phi,0.4045889435553976,0.23687717719498214,-0.05969032374676736,0.8688682108575625,TRUE,1.2037256247260115,NA,NA,NA,25,534,0.5
C,+ (1|judge): captures lambda,0.44814359759649847,0.24135167966347917,-0.02490569454392072,0.9211928897369177,TRUE,1.226463455964165,NA,NA,NA,25,534,0.5
D,+ (1|temp): captures tau,0.40492431277779756,0.20888778901134852,-0.004495753684445547,0.8143443792400407,TRUE,1.0614935018342797,NA,NA,NA,25,534,0.5
E,+ interactions: lumps eps into residual,0.40492431277779756,0.1932417248305056,0.026170532110006584,0.7836780934455885,TRUE,0.9819857645182198,NA,NA,0.2028518742983575,25,534,0.5
F,+ (1|item:variant:judge:temp): splits eps/rho,0.40492431277779756,0.19021552051958499,0.03210189255941098,0.7777467329961841,TRUE,0.9666076697695095,0.03730241586611423,0.10188239136815672,NA,25,534,0.5
A,"1 obs/item, naive SE",1.3228456870669612,0.12188578077547488,1.0839495567470303,1.561741817386892,FALSE,0.6193802178265916,NA,NA,NA,25,535,0.5
B,+ (1|variant): captures phi,1.251264601163271,0.12271394602320401,1.0107452669577912,1.491783935368751,FALSE,0.6235886592729305,NA,NA,NA,25,535,0.5
C,+ (1|judge): captures lambda,0.9548030172344604,0.2188186565208157,0.5259184504536616,1.3836875840152592,FALSE,1.1119586409348898,NA,NA,NA,25,535,0.5
D,+ (1|temp): captures tau,0.642587362492253,0.29804017128462124,0.05842862677439542,1.2267460982101106,TRUE,1.5145342224241427,NA,NA,NA,25,535,0.5
E,+ interactions: lumps eps into residual,0.642587362492253,0.29340692146911546,0.06750979641278676,1.2176649285717192,TRUE,1.4909896935897309,NA,NA,0.2063290493224997,25,535,0.5
F,+ (1|item:variant:judge:temp): splits eps/rho,0.642587362492253,0.2920532723822101,0.07016294862312122,1.2150117763613848,TRUE,1.484110930037708,0.041906437683574334,0.09835063568617053,NA,25,535,0.5
A,"1 obs/item, naive SE",0.15012962181286899,0.10668566759073501,-0.05897428666497165,0.3592335302907096,FALSE,0.5421386449749093,NA,NA,NA,25,536,0.5
B,+ (1|variant): captures phi,-0.07527589096242893,0.13729730093489706,-0.3443786007948272,0.19382681886996933,FALSE,0.6976960857863309,NA,NA,NA,25,536,0.5
C,+ (1|judge): captures lambda,0.1998406812200737,0.23618883454075332,-0.2630894344798028,0.6627707969199502,TRUE,1.2002277120047486,NA,NA,NA,25,536,0.5
D,+ (1|temp): captures tau,0.3714423523330451,0.24932145112854262,-0.11722769187889842,0.8601123965449886,TRUE,1.266963001970703,NA,NA,NA,25,536,0.5
E,+ interactions: lumps eps into residual,0.3714423523330451,0.2356674335805359,-0.09046581748480526,0.8333505221508954,TRUE,1.1975781376388155,NA,NA,0.2345045021165807,25,536,0.5
F,+ (1|item:variant:judge:temp): splits eps/rho,0.3714423523330453,0.23172990807418847,-0.08274826749236414,0.8256329721584548,TRUE,1.1775690324724648,0.036570771190902907,0.10095251820616924,NA,25,536,0.5
A,"1 obs/item, naive SE",0.5001465635692359,0.12057667844245686,0.2638162738220205,0.7364768533164514,TRUE,0.612727825045225,NA,NA,NA,25,537,0.5
B,+ (1|variant): captures phi,0.38956751061851774,0.1049374659980012,0.1838900772624354,0.5952449439746001,TRUE,0.5332549058182731,NA,NA,NA,25,537,0.5
C,+ (1|judge): captures lambda,0.5240019501165954,0.1487202777621531,0.23251020570277536,0.8154936945304155,TRUE,0.755743594121426,NA,NA,NA,25,537,0.5
D,+ (1|temp): captures tau,0.4021220990392449,0.2214536312238813,-0.03192701815956239,0.8361712162380521,TRUE,1.125348645865479,NA,NA,NA,25,537,0.5
E,+ interactions: lumps eps into residual,0.4021220990392449,0.21359207497975072,-0.01651836792106648,0.8207625659995563,TRUE,1.085399011150374,NA,NA,0.2032182690418579,25,537,0.5
F,+ (1|item:variant:judge:temp): splits eps/rho,0.4021220990392449,0.21097828161901735,-0.011395332934029112,0.8156395310125188,TRUE,1.0721166422733435,0.04331460124504197,0.10140294136064154,NA,25,537,0.5
A,"1 obs/item, naive SE",0.2563765222558207,0.11504697634129576,0.030884448626881,0.4818685958847604,FALSE,0.5846278443079931,NA,NA,NA,25,538,0.5
B,+ (1|variant): captures phi,0.5982629762747914,0.1955620383094101,0.21496138118834762,0.9815645713612352,TRUE,0.9937767729430436,NA,NA,NA,25,538,0.5
C,+ (1|judge): captures lambda,0.7013408533379605,0.2083158725227537,0.29304174319336324,1.1096399634825578,TRUE,1.0585872255071254,NA,NA,NA,25,538,0.5
D,+ (1|temp): captures tau,0.3432102307896855,0.2423191311111074,-0.131735266188085,0.818155727767456,TRUE,1.231379700373941,NA,NA,NA,25,538,0.5
E,+ interactions: lumps eps into residual,0.3432102307896855,0.23333519337101033,-0.11412674821749474,0.8005472097968658,TRUE,1.1857265218079183,NA,NA,0.22291631320460942,25,538,0.5
F,+ (1|item:variant:judge:temp): splits eps/rho,0.34321023078968566,0.2301308130172982,-0.10784616272421882,0.7942666243035901,TRUE,1.1694429997362377,0.04028053406986731,0.10014297638549068,NA,25,538,0.5
A,"1 obs/item, naive SE",0.5369565213458868,0.12701166347684062,0.28801366093127917,0.7858993817604945,TRUE,0.6454281318976668,NA,NA,NA,25,539,0.5
B,+ (1|variant): captures phi,0.5837143667513707,0.13601074897361043,0.31713329876309426,0.8502954347396471,TRUE,0.6911582859793556,NA,NA,NA,25,539,0.5
C,+ (1|judge): captures lambda,0.2899832638973223,0.2067753150613337,-0.11529635362289176,0.6952628814175363,TRUE,1.0507586600259196,NA,NA,NA,25,539,0.5
D,+ (1|temp): captures tau,0.45787157156599023,0.2751812734581233,-0.08148372441193141,0.9972268675439119,TRUE,1.3983734280724776,NA,NA,NA,25,539,0.5
E,+ interactions: lumps eps into residual,0.45787157156599023,0.26769531035256483,-0.06681123672503686,0.9825543798570173,TRUE,1.3603324241960386,NA,NA,0.21328505099466,25,539,0.5
F,+ (1|item:variant:judge:temp): splits eps/rho,0.4578715715659905,0.2654060756437886,-0.06232433669583509,0.9780674798278162,TRUE,1.3486993470351354,0.04777068046523576,0.09961295016789848,NA,25,539,0.5
A,"1 obs/item, naive SE",-0.2513715817596037,0.11239626451356026,-0.4716682602061818,-0.03107490331302562,FALSE,0.5711578689030467,NA,NA,NA,25,540,0.5
B,+ (1|variant): captures phi,-0.1332523742885833,0.1629132687903653,-0.4525623811176993,0.18605763254053267,FALSE,0.8278673301202832,NA,NA,NA,25,540,0.5
C,+ (1|judge): captures lambda,0.10255204758339759,0.2061307737386942,-0.30146426894444306,0.5065683641112382,TRUE,1.0474833301041293,NA,NA,NA,25,540,0.5
D,+ (1|temp): captures tau,0.3542966246475186,0.2765830038039757,-0.18780606280827378,0.8963993121033109,TRUE,1.4054965234936532,NA,NA,NA,25,540,0.5
E,+ interactions: lumps eps into residual,0.3542966246475186,0.268385481144949,-0.17173891839658134,0.8803321676916185,TRUE,1.3638396268656583,NA,NA,0.2173827266358085,25,540,0.5
F,+ (1|item:variant:judge:temp): splits eps/rho,0.3542966246475186,0.2665915294476185,-0.16822277306981365,0.8768160223648509,TRUE,1.35472340193775,0.03936180470628647,0.09921635351707929,NA,25,540,0.5
A,"1 obs/item, naive SE",0.2647099394613093,0.1518076051073492,-0.03283296654909512,0.5622528454717137,TRUE,0.7714322944062612,NA,NA,NA,25,541,0.5
B,+ (1|variant): captures phi,0.21611431390407995,0.11277046897761836,-0.004915805292052017,0.4371444331002119,FALSE,0.5730594429913888,NA,NA,NA,25,541,0.5
C,+ (1|judge): captures lambda,0.38154815721327867,0.18333617964374477,0.022209245111538933,0.7408870693150185,TRUE,0.9316493044616618,NA,NA,NA,25,541,0.5
D,+ (1|temp): captures tau,0.675227587924781,0.26949725992763607,0.14701295846661433,1.2034422173829475,TRUE,1.369489291496057,NA,NA,NA,25,541,0.5
E,+ interactions: lumps eps into residual,0.675227587924781,0.2604751505200752,0.16469629290543364,1.1857588829441283,TRUE,1.3236421380827788,NA,NA,0.2073209799111386,25,541,0.5
F,+ (1|item:variant:judge:temp): splits eps/rho,0.6752275879247811,0.25875694980403247,0.16806396630887743,1.1823912095406848,TRUE,1.3149108527187152,0.03734927862224942,0.10052591861776308,NA,25,541,0.5
A,"1 obs/item, naive SE",0.4761355861298947,0.14135759218318747,0.19907470545084727,0.7531964668089421,TRUE,0.7183290428204097,NA,NA,NA,25,542,0.5
B,+ (1|variant): captures phi,0.5538358118088506,0.102641600784692,0.3526582742708542,0.7550133493468469,TRUE,0.5215881347899164,NA,NA,NA,25,542,0.5
C,+ (1|judge): captures lambda,0.6611197139287794,0.1670879224352119,0.33362738595576413,0.9886120419017947,TRUE,0.8490814362075122,NA,NA,NA,25,542,0.5
D,+ (1|temp): captures tau,0.509290409495429,0.22143551786958687,0.07527679447103874,0.9433040245198193,TRUE,1.1252566002367184,NA,NA,NA,25,542,0.5
E,+ interactions: lumps eps into residual,0.509290409495429,0.21401197968805866,0.08982692930683406,0.928753889684024,TRUE,1.0875328176374266,NA,NA,0.2093750774598177,25,542,0.5
F,+ (1|item:variant:judge:temp): splits eps/rho,0.5092904094954294,0.21088850107794474,0.09594894738265769,0.922631871608201,TRUE,1.0716604094729927,0.04001454959055314,0.09671582328960039,NA,25,542,0.5
A,"1 obs/item, naive SE",0.03211047175643087,0.11268864890969714,-0.18875928010657553,0.2529802236194373,FALSE,0.5726436624863191,NA,NA,NA,25,543,0.5
B,+ (1|variant): captures phi,0.1956547628017983,0.13927760969253314,-0.07732935219556666,0.46863887779916324,FALSE,0.707759311060557,NA,NA,NA,25,543,0.5
C,+ (1|judge): captures lambda,0.24764053040164788,0.2135534694726115,-0.17092426976467065,0.6662053305679664,TRUE,1.0852028316840814,NA,NA,NA,25,543,0.5
D,+ (1|temp): captures tau,0.49790938578536464,0.18064036882401957,0.1438542628902863,0.851964508680443,TRUE,0.9179501520082967,NA,NA,NA,25,543,0.5
E,+ interactions: lumps eps into residual,0.49790938578536464,0.16357045490286562,0.17731129417574804,0.8185074773949812,TRUE,0.8312069163699941,NA,NA,0.2141717966550624,25,543,0.5
F,+ (1|item:variant:judge:temp): splits eps/rho,0.4979093857853646,0.15931894565020838,0.18564425231095616,0.810174519259773,TRUE,0.8096022573995323,0.0356729646999899,0.10113371390174677,NA,25,543,0.5
A,"1 obs/item, naive SE",0.5195953914583705,0.14321001914605316,0.23890375393210633,0.8002870289846347,TRUE,0.7277424182647623,NA,NA,NA,25,544,0.5
B,+ (1|variant): captures phi,0.5799239571588934,0.21143241294080756,0.16551642779491066,0.9943314865228763,TRUE,1.07442437624545,NA,NA,NA,25,544,0.5
C,+ (1|judge): captures lambda,0.501500124386585,0.23584496145406525,0.03924399993661709,0.9637562488365529,TRUE,1.1984802711959648,NA,NA,NA,25,544,0.5
D,+ (1|temp): captures tau,0.30456325602248907,0.21872732881795634,-0.12414230846070534,0.7332688205056834,TRUE,1.1114945460082237,NA,NA,NA,25,544,0.5
E,+ interactions: lumps eps into residual,0.30456325602248907,0.2083123044388943,-0.10372886067774378,0.7128553727227219,TRUE,1.0585690937731038,NA,NA,0.21725044241438798,25,544,0.5
F,+ (1|item:variant:judge:temp): splits eps/rho,0.30456325602248896,0.2048078693334922,-0.09686016787115576,0.7059866799161336,TRUE,1.0407608000973918,0.04006696295248134,0.09779904240304209,NA,25,544,0.5
A,"1 obs/item, naive SE",0.6150710905493798,0.11500070439693799,0.38966970993138134,0.8404724711673783,TRUE,0.584392706732525,NA,NA,NA,25,545,0.5
B,+ (1|variant): captures phi,0.5157241875265801,0.13993429071321073,0.24145297772868707,0.7899953973244731,TRUE,0.7110963306131423,NA,NA,NA,25,545,0.5
C,+ (1|judge): captures lambda,0.28163612074457023,0.22864728604000434,-0.16651255989383829,0.7297848013829787,TRUE,1.1619042429058528,NA,NA,NA,25,545,0.5
D,+ (1|temp): captures tau,0.20831265397661977,0.2082953485167067,-0.19994622911612533,0.61657153706936485,TRUE,1.0584829298029408,NA,NA,NA,25,545,0.5
E,+ interactions: lumps eps into residual,0.20831265397661977,0.19960151674495705,-0.18290631884349604,0.5995316267967356,TRUE,1.0143039666599527,NA,NA,0.20371289885643015,25,545,0.5
F,+ (1|item:variant:judge:temp): splits eps/rho,0.2083126539766198,0.1967967326736621,-0.1774089420637579,0.5940342500169975,TRUE,1.0000510508728737,0.04399745274726481,0.10040663568420352,NA,25,545,0.5
A,"1 obs/item, naive SE",1.2439782524742924,0.12015894477123737,1.0084667207226672,1.4794897842259176,FALSE,0.610605050997036,NA,NA,NA,25,546,0.5
B,+ (1|variant): captures phi,0.9333723732033427,0.1547532951523196,0.6300559147047963,1.2366888317018891,FALSE,0.7864012442714164,NA,NA,NA,25,546,0.5
C,+ (1|judge): captures lambda,0.6076628411997744,0.22476268869492014,0.16712797135773094,1.048197711041818,TRUE,1.1421640998435623,NA,NA,NA,25,546,0.5
D,+ (1|temp): captures tau,0.5679483943198941,0.19085663770944164,0.19386938440938845,0.9420274042303998,TRUE,0.9698655994654868,NA,NA,NA,25,546,0.5
E,+ interactions: lumps eps into residual,0.5679483943198941,0.17756733921177342,0.21991640946481816,0.91598037917497,TRUE,0.9023341077206798,NA,NA,0.2180558546440299,25,546,0.5
F,+ (1|item:variant:judge:temp): splits eps/rho,0.5679483943198943,0.17357535562872276,0.22774069728759772,0.9081560913521909,TRUE,0.8820482659637583,0.041350427441788795,0.10203455497079522,NA,25,546,0.5
A,"1 obs/item, naive SE",0.40825234661511295,0.09333827883060433,0.22530932010712845,0.5911953731230974,TRUE,0.47431195916243757,NA,NA,NA,25,547,0.5
B,+ (1|variant): captures phi,0.37596939549056607,0.20277073983771113,-0.021461254591347734,0.7734000455724799,TRUE,1.0304088320268738,NA,NA,NA,25,547,0.5
C,+ (1|judge): captures lambda,0.06396166487526583,0.27473733744370554,-0.474523516514397,0.6024468462649286,TRUE,1.3961175030288693,NA,NA,NA,25,547,0.5
D,+ (1|temp): captures tau,0.2078110249963391,0.19783811795681694,-0.1799516861990221,0.5955737361917003,TRUE,1.0053430007575779,NA,NA,NA,25,547,0.5
E,+ interactions: lumps eps into residual,0.2078110249963391,0.17437855694468363,-0.1339709466152408,0.549592996607919,TRUE,0.8861298495814148,NA,NA,0.21126338333695302,25,547,0.5
F,+ (1|item:variant:judge:temp): splits eps/rho,0.20781102499633905,0.17095841214712765,-0.12726746281203113,0.5428895128047092,TRUE,0.8687498892921096,0.0439550513355989,0.10106756743876145,NA,25,547,0.5
A,"1 obs/item, naive SE",0.07520725145472647,0.12612068954450753,-0.1719893000525083,0.32240380296196125,FALSE,0.6409005190393396,NA,NA,NA,25,548,0.5
B,+ (1|variant): captures phi,-0.06338465569606914,0.10091019927650734,-0.2611686462780235,0.13439933488588524,FALSE,0.5127897676919514,NA,NA,NA,25,548,0.5
C,+ (1|judge): captures lambda,0.27259788240125116,0.22945163641848101,-0.1771273249789716,0.7223230897814739,TRUE,1.1659916656508202,NA,NA,NA,25,548,0.5
D,+ (1|temp): captures tau,0.45775202678354737,0.26037531542094294,-0.052583591441500765,0.9680876450085956,TRUE,1.3231348115919128,NA,NA,NA,25,548,0.5
E,+ interactions: lumps eps into residual,0.45775202678354737,0.24114894988071683,-0.014899914982657636,0.9304039685497524,TRUE,1.2254332552614384,NA,NA,0.19975963667312427,25,548,0.5
F,+ (1|item:variant:judge:temp): splits eps/rho,0.45775202678354737,0.23889182934896763,-0.01047595874042917,0.9259800123075239,TRUE,1.213963370934316,0.04152763130437917,0.10033394019935611,NA,25,548,0.5
A,"1 obs/item, naive SE",-0.7143474580703475,0.10905287276254409,-0.928091088684934,-0.500603827455761,FALSE,0.5541679403170479,NA,NA,NA,25,549,0.5
B,+ (1|variant): captures phi,-0.08554587006732733,0.23230613352275747,-0.540865891771932,0.3697741516372773,FALSE,1.1804972054027376,NA,NA,NA,25,549,0.5
C,+ (1|judge): captures lambda,0.4602660788977295,0.351467359854204,-0.22860994641651033,1.1491421042119694,TRUE,1.78603220589318,NA,NA,NA,25,549,0.5
D,+ (1|temp): captures tau,0.5014285762961146,0.2761918703055567,-0.03990748950277656,1.0427646420950056,TRUE,1.4035089220695272,NA,NA,NA,25,549,0.5
E,+ interactions: lumps eps into residual,0.5014285762961146,0.27297774919186035,-0.03360781211993169,1.0364649647121609,TRUE,1.387175900917622,NA,NA,0.19897187501723337,25,549,0.5
F,+ (1|item:variant:judge:temp): splits eps/rho,0.5014285762961146,0.2713960352714636,-0.030507652835954024,1.0333648054281832,TRUE,1.3791381929395328,0.03989599916085098,0.09881539658774317,NA,25,549,0.5
A,"1 obs/item, naive SE",0.0031120728464502758,0.12691005362311447,-0.2456316322548541,0.25185577794775466,FALSE,0.6449117867347296,NA,NA,NA,25,550,0.5
B,+ (1|variant): captures phi,0.3619233467353842,0.17237997315946202,0.024058599342838605,0.6997880941279297,TRUE,0.8759737571122239,NA,NA,NA,25,550,0.5
C,+ (1|judge): captures lambda,0.4934893679579557,0.19704450249616995,0.10728214306546263,0.8796965928504488,TRUE,1.0013101290496667,NA,NA,NA,25,550,0.5
D,+ (1|temp): captures tau,0.507795209871326,0.19538228332496652,0.12484593455439164,0.8907444851882603,TRUE,0.9928633219997774,NA,NA,NA,25,550,0.5
E,+ interactions: lumps eps into residual,0.507795209871326,0.17680355240901927,0.1612602471496482,0.8543301725930037,TRUE,0.8984528146506178,NA,NA,0.20290088315293472,25,550,0.5
F,+ (1|item:variant:judge:temp): splits eps/rho,0.5077952098713261,0.17480066004981198,0.1651859161736946,0.8504045035689576,TRUE,0.8882748275397649,0.03992519474448471,0.09740960467643184,NA,25,550,0.5
A,"1 obs/item, naive SE",0.6695012385671131,0.12206520984376479,0.4302534272733341,0.9087490498608921,TRUE,0.6202920125798004,NA,NA,NA,25,551,0.5
B,+ (1|variant): captures phi,0.7172600565365865,0.09726118884502681,0.526628126400334,0.9078919866728391,FALSE,0.49424679359339535,NA,NA,NA,25,551,0.5
C,+ (1|judge): captures lambda,0.5193085193819912,0.21557898609142556,0.09677370664279711,0.9418433321211852,TRUE,1.0954957872412472,NA,NA,NA,25,551,0.5
D,+ (1|temp): captures tau,0.5247427300494791,0.232600824942586,0.06884511316201058,0.9806403469369477,TRUE,1.1819947224604592,NA,NA,NA,25,551,0.5
E,+ interactions: lumps eps into residual,0.5247427300494791,0.22967142720847633,0.07458673272086552,0.9748987273780927,TRUE,1.1671085643285615,NA,NA,0.2055442241886196,25,551,0.5
F,+ (1|item:variant:judge:temp): splits eps/rho,0.5247427300494791,0.22760173005991924,0.07864333913203742,0.9708421209669209,TRUE,1.1565910990216788,0.039450974301186784,0.10073684233215517,NA,25,551,0.5
A,"1 obs/item, naive SE",0.5836971712418162,0.11315425139595377,0.3619148385057468,0.8054795039778856,TRUE,0.5750096888392164,NA,NA,NA,25,552,0.5
B,+ (1|variant): captures phi,0.42266701361229014,0.22701882588732933,-0.022289885126875353,0.8676239123514556,TRUE,1.1536289871896526,NA,NA,NA,25,552,0.5
C,+ (1|judge): captures lambda,0.5791253282200729,0.23050243229318662,0.12734056092542712,1.0309100955147188,TRUE,1.1713314368171168,NA,NA,NA,25,552,0.5
D,+ (1|temp): captures tau,0.45528470875702337,0.24161281992606232,-0.01827641829805876,0.9288458358121054,TRUE,1.2277904779653612,NA,NA,NA,25,552,0.5
E,+ interactions: lumps eps into residual,0.45528470875702337,0.23100813781314058,0.0025087586432678277,0.9080606588707789,TRUE,1.1739012525340313,NA,NA,0.22809225780747913,25,552,0.5
F,+ (1|item:variant:judge:temp): splits eps/rho,0.4552847087570233,0.22768647317361662,0.009019221336734773,0.9015501961773118,TRUE,1.1570217334064874,0.04425700007585013,0.10012786465185303,NA,25,552,0.5
A,"1 obs/item, naive SE",0.676014285001809,0.10609813788160904,0.4680619347538553,0.8839666352497628,TRUE,0.5391530278101936,NA,NA,NA,25,553,0.5
B,+ (1|variant): captures phi,0.6198897757225127,0.0862934153726677,0.450754681592084,0.7890248698529414,TRUE,0.4385124669216382,NA,NA,NA,25,553,0.5
C,+ (1|judge): captures lambda,0.4152603761374017,0.1906339043359334,0.04161792363897221,0.7889028286358312,TRUE,0.9687337476241722,NA,NA,NA,25,553,0.5
D,+ (1|temp): captures tau,0.15444404530810313,0.20123766931140022,-0.23998178654224128,0.5488698771584475,TRUE,1.022618312488921,NA,NA,NA,25,553,0.5
E,+ interactions: lumps eps into residual,0.15444404530810313,0.1893343798723467,-0.21665133924169638,0.5255394298579026,TRUE,0.962130026171134,NA,NA,0.2129484330010073,25,553,0.5
F,+ (1|item:variant:judge:temp): splits eps/rho,0.1544440453081031,0.1859259316289549,-0.2099707806846485,0.5188588713008547,TRUE,0.9448095036129566,0.04264965059843153,0.10090169411621787,NA,25,553,0.5
A,"1 obs/item, naive SE",-0.1287148915272555,0.16437681317955233,-0.4508934453591781,0.19346366230466708,FALSE,0.8353045425400272,NA,NA,NA,25,554,0.5
B,+ (1|variant): captures phi,0.5514880932660947,0.2042247500176525,0.1512075832314958,0.9517686033006936,TRUE,1.0377975949838354,NA,NA,NA,25,554,0.5
C,+ (1|judge): captures lambda,0.5317668040610727,0.23208325619577258,0.07688362191735842,0.9866499862047869,TRUE,1.1793646220410179,NA,NA,NA,25,554,0.5
D,+ (1|temp): captures tau,0.5655581999838195,0.26806494123919256,0.04015091515500213,1.0909654848126369,TRUE,1.362210756989399,NA,NA,NA,25,554,0.5
E,+ interactions: lumps eps into residual,0.5655581999838195,0.2578701772732649,0.06013265252822031,1.0709837474394188,TRUE,1.3104045898899015,NA,NA,0.22735259805400806,25,554,0.5
F,+ (1|item:variant:judge:temp): splits eps/rho,0.5655581999838198,0.25545563061052035,0.06486516398719999,1.0662512359804397,TRUE,1.2981347219167203,0.04172485791805477,0.09974226169586048,NA,25,554,0.5
A,"1 obs/item, naive SE",0.657102168032621,0.11534836881680818,0.43101936515167694,0.8831849709135651,TRUE,0.5861594137490426,NA,NA,NA,25,555,0.5
B,+ (1|variant): captures phi,0.5832531016724638,0.11997087895790591,0.3481101789149682,0.8183960244299594,TRUE,0.6096493673751577,NA,NA,NA,25,555,0.5
C,+ (1|judge): captures lambda,0.41499534890540996,0.18151652792182624,0.05922295417863055,0.7707677436321894,TRUE,0.9224024811429797,NA,NA,NA,25,555,0.5
D,+ (1|temp): captures tau,0.5351294229298359,0.1721616899663728,0.19769251059574522,0.8725663352639266,TRUE,0.8748645195061364,NA,NA,NA,25,555,0.5
E,+ interactions: lumps eps into residual,0.5351294229298359,0.1616702368595775,0.21825575868506403,0.8520030871746078,TRUE,0.821550683640617,NA,NA,0.19882256910287177,25,555,0.5
F,+ (1|item:variant:judge:temp): splits eps/rho,0.5351294229298358,0.15839721991258807,0.2246708719011632,0.8455879739585084,TRUE,0.8049183747963984,0.04097087683099602,0.09895100802943656,NA,25,555,0.5
A,"1 obs/item, naive SE",0.05862321264222531,0.09968741875698481,-0.1367641281214649,0.2540105534059155,FALSE,0.5065760316866735,NA,NA,NA,25,556,0.5
B,+ (1|variant): captures phi,0.318644272427964,0.14602752347561287,0.03243032641576277,0.6048582184401652,TRUE,0.7420599738833682,NA,NA,NA,25,556,0.5
C,+ (1|judge): captures lambda,0.0666948330166053,0.2707388190499008,-0.4639532523212003,0.5973429183544109,TRUE,1.3757984536862677,NA,NA,NA,25,556,0.5
D,+ (1|temp): captures tau,0.5603436493952135,0.3460417462216506,-0.11789817319922169,1.2385854719896487,TRUE,1.7584611657587754,NA,NA,NA,25,556,0.5
E,+ interactions: lumps eps into residual,0.5603436493952135,0.33436429368267034,-0.09501036622282033,1.2156976650132474,TRUE,1.6991205023012654,NA,NA,0.20779975484592278,25,556,0.5
F,+ (1|item:variant:judge:temp): splits eps/rho,0.5603436493952135,0.3325725344871018,-0.09149851819950594,1.2121858169899329,TRUE,1.6900154188880627,0.043580216445270735,0.0990612651356277,NA,25,556,0.5
A,"1 obs/item, naive SE",0.44802690930684413,0.11881570677566222,0.21514812402654618,0.6809056945871421,TRUE,0.6037791929108918,NA,NA,NA,25,557,0.5
B,+ (1|variant): captures phi,0.5438161169703173,0.28157794744719394,-0.008076660026182791,1.0957088939668174,TRUE,1.4308790518089707,NA,NA,NA,25,557,0.5
C,+ (1|judge): captures lambda,0.3875297503704074,0.30266214424150845,-0.20568805234294918,0.9807475530837639,TRUE,1.5380214462710236,NA,NA,NA,25,557,0.5
D,+ (1|temp): captures tau,0.5436711021482974,0.282824606784951,-0.010665127150206621,1.0980073314468015,TRUE,1.4372141314816185,NA,NA,NA,25,557,0.5
E,+ interactions: lumps eps into residual,0.5436711021482974,0.2692292292023219,0.015981812911746496,1.0713603913848484,TRUE,1.3681272546122376,NA,NA,0.2175647632477405,25,557,0.5
F,+ (1|item:variant:judge:temp): splits eps/rho,0.5436711021482976,0.26645028230671736,0.021428548827131633,1.0659136554694637,TRUE,1.3540056341690891,0.03886155555433797,0.10013647822270298,NA,25,557,0.5
A,"1 obs/item, naive SE",-0.3440354503385476,0.09932146985182012,-0.538705531248115,-0.14936536942898015,FALSE,0.5047164094144756,NA,NA,NA,25,558,0.5
B,+ (1|variant): captures phi,0.48822458775680755,0.2684370089002361,-0.03791194968765521,1.0143611252012703,TRUE,1.3641014726042735,NA,NA,NA,25,558,0.5
C,+ (1|judge): captures lambda,0.3373615341433983,0.29504294544552373,-0.24092263892982824,0.9156457072166249,TRUE,1.4993033859698446,NA,NA,NA,25,558,0.5
D,+ (1|temp): captures tau,0.472410048696343,0.2902156021132771,-0.09641253144568013,1.0412326288383662,TRUE,1.474772542867166,NA,NA,NA,25,558,0.5
E,+ interactions: lumps eps into residual,0.472410048696343,0.2848925274295345,-0.08597930506554469,1.0307994024582308,TRUE,1.4477225692267042,NA,NA,0.216370436461593,25,558,0.5
F,+ (1|item:variant:judge:temp): splits eps/rho,0.47241004869634295,0.2823803407741138,-0.08105541922092008,1.025875516613606,TRUE,1.4349565295134923,0.036089976227499765,0.10335256485644359,NA,25,558,0.5
A,"1 obs/item, naive SE",0.22204392966073785,0.08526434484370815,0.05492581376706987,0.3891620455544058,FALSE,0.4332830962409021,NA,NA,NA,25,559,0.5
B,+ (1|variant): captures phi,0.5965486755309547,0.13949258286190602,0.3231432131216189,0.8699541379402904,TRUE,0.7088517283025512,NA,NA,NA,25,559,0.5
C,+ (1|judge): captures lambda,0.7590129794167135,0.16767155345492293,0.4303767346450646,1.0876492241883624,TRUE,0.8520472416182752,NA,NA,NA,25,559,0.5
D,+ (1|temp): captures tau,0.39924603768229494,0.25395193242565794,-0.09849974987199461,0.8969918252365845,TRUE,1.2904934621786286,NA,NA,NA,25,559,0.5
E,+ interactions: lumps eps into residual,0.39924603768229494,0.24630607839146407,-0.08351387596497462,0.8820059513295645,TRUE,1.2516399494305508,NA,NA,0.19915665045927072,25,559,0.5
F,+ (1|item:variant:judge:temp): splits eps/rho,0.3992460376822949,0.2438773121462521,-0.07875349412435922,0.8772455694889489,TRUE,1.2392978225931277,0.0355772540381656,0.09958196876627684,NA,25,559,0.5
A,"1 obs/item, naive SE",0.5737986535659433,0.11056953697037086,0.35708236110401637,0.7905149460278702,TRUE,0.5618750887755214,NA,NA,NA,25,560,0.5
B,+ (1|variant): captures phi,0.5640896547602122,0.09659617258478652,0.37476115649403063,0.7534181530263938,TRUE,0.4908674173158244,NA,NA,NA,25,560,0.5
C,+ (1|judge): captures lambda,0.5869195898629626,0.10388539256205856,0.3833042204413278,0.7905349592845974,TRUE,0.5279086425398346,NA,NA,NA,25,560,0.5
D,+ (1|temp): captures tau,0.5121573760544722,0.1624523290603406,0.19375081109620462,0.8305639410127398,TRUE,0.8255249982373416,NA,NA,NA,25,560,0.5
E,+ interactions: lumps eps into residual,0.5121573760544722,0.14677573004892125,0.22447694515858657,0.7998378069503578,TRUE,0.745862093764839,NA,NA,0.22032675350382203,25,560,0.5
F,+ (1|item:variant:judge:temp): splits eps/rho,0.5121573760544721,0.14309867141732632,0.23168398007651253,0.7926307720324317,TRUE,0.7271765886820617,0.0463245089064285,0.09974026273405029,NA,25,560,0.5
A,"1 obs/item, naive SE",1.1387311436215124,0.10068289863698762,0.9413926622930167,1.3360696249500081,FALSE,0.5116347066280429,NA,NA,NA,25,561,0.5
B,+ (1|variant): captures phi,0.7788450948522766,0.16915004823245472,0.4473110003166654,1.1103791893878878,TRUE,0.85956042659799,NA,NA,NA,25,561,0.5
C,+ (1|judge): captures lambda,0.5606679970543557,0.15398001496550628,0.25886716772196333,0.8624688263867479,TRUE,0.7824717091976601,NA,NA,NA,25,561,0.5
D,+ (1|temp): captures tau,0.413223471555673,0.1835597749758908,0.05344631260292709,0.7730006305084189,TRUE,0.9327855364704204,NA,NA,NA,25,561,0.5
E,+ interactions: lumps eps into residual,0.413223471555673,0.1772038499159026,0.06590392572050391,0.7605430173908421,TRUE,0.9004869843087304,NA,NA,0.1981123864763365,25,561,0.5
F,+ (1|item:variant:judge:temp): splits eps/rho,0.413223471555673,0.17477739864660413,0.07065977020832892,0.7557871729030171,TRUE,0.8881566213561217,0.033110916067921756,0.10062631137816626,NA,25,561,0.5
A,"1 obs/item, naive SE",0.8169015471720007,0.10964118064534505,0.6020048331071244,1.031798261236877,FALSE,0.557157511883805,NA,NA,NA,25,562,0.5
B,+ (1|variant): captures phi,1.0061307839636562,0.11106079487737602,0.7884516260039992,1.2238099419233133,FALSE,0.5643714868583329,NA,NA,NA,25,562,0.5
C,+ (1|judge): captures lambda,0.7671083838174806,0.1868230575784448,0.40093519096372876,1.1332815766712323,TRUE,0.9493683788359535,NA,NA,NA,25,562,0.5
D,+ (1|temp): captures tau,0.5464392804564379,0.1992089879451179,0.15598966408400677,0.9368888968288689,TRUE,1.0123092748099212,NA,NA,NA,25,562,0.5
E,+ interactions: lumps eps into residual,0.5464392804564379,0.1900865495580258,0.17386964332270727,0.9190089175901685,TRUE,0.9659522851811221,NA,NA,0.19187160110893697,25,562,0.5
F,+ (1|item:variant:judge:temp): splits eps/rho,0.5464392804564379,0.18739360825681584,0.1791478082730788,0.9137307526397969,TRUE,0.9522677146009804,0.0397338596241227,0.09931811096485137,NA,25,562,0.5
A,"1 obs/item, naive SE",0.03640186068129982,0.12528151819942784,-0.20914991498957874,0.2819536363521784,FALSE,0.6366361485180009,NA,NA,NA,25,563,0.5
B,+ (1|variant): captures phi,0.4107593234009837,0.1546694164737545,0.10760726711242485,0.7139113796895425,TRUE,0.7859750026387164,NA,NA,NA,25,563,0.5
C,+ (1|judge): captures lambda,0.43728521027474176,0.25447622890759647,-0.06148819838414732,0.9360586189336308,TRUE,1.2931577505568357,NA,NA,NA,25,563,0.5
D,+ (1|temp): captures tau,0.25147247045347487,0.28068612822148775,-0.2986723408606411,0.8016172817675908,TRUE,1.4263471434701516,NA,NA,NA,25,563,0.5
E,+ interactions: lumps eps into residual,0.25147247045347487,0.2740837877198755,-0.28573175347748114,0.7886766943844309,TRUE,1.3927963956139524,NA,NA,0.20667320628496738,25,563,0.5
F,+ (1|item:variant:judge:temp): splits eps/rho,0.25147247045347487,0.27163307028289235,-0.28092834730099414,0.7838732882079439,TRUE,1.380342720621738,0.0358065398222171,0.10054032280437321,NA,25,563,0.5
A,"1 obs/item, naive SE",0.456466369382004,0.14299840282678805,0.17618949984149945,0.7367432389225086,TRUE,0.7266670593419399,NA,NA,NA,25,564,0.5
B,+ (1|variant): captures phi,0.3627281832620352,0.11728331249648928,0.1328528907689162,0.5926034757551542,TRUE,0.5959921098205454,NA,NA,NA,25,564,0.5
C,+ (1|judge): captures lambda,0.5115440415832375,0.17566059425320998,0.16724927684694596,0.855838806319529,TRUE,0.8926447075276392,NA,NA,NA,25,564,0.5
D,+ (1|temp): captures tau,0.5726195672894034,0.13401834261426726,0.3099436157654396,0.8352955188133673,TRUE,0.681033584992927,NA,NA,NA,25,564,0.5
E,+ interactions: lumps eps into residual,0.5726195672894034,0.12632889376508255,0.3250149355098416,0.8202241990689653,TRUE,0.6419585388893312,NA,NA,0.20561097946972992,25,564,0.5
F,+ (1|item:variant:judge:temp): splits eps/rho,0.5726195672894034,0.12432440173406997,0.3289437398906263,0.8162953946881806,TRUE,0.6317724228149116,0.03797603261063821,0.10084043490162078,NA,25,564,0.5
A,"1 obs/item, naive SE",0.09795769058850201,0.13880059498453565,-0.17409147558118787,0.3700068567581919,FALSE,0.7053352918528512,NA,NA,NA,25,565,0.5
B,+ (1|variant): captures phi,0.31435479961355284,0.14714424892657646,0.025952071717463,0.6027575275096426,TRUE,0.7477347757238262,NA,NA,NA,25,565,0.5
C,+ (1|judge): captures lambda,0.8788538053885291,0.3565976629791786,0.17992238594933907,1.577785224827719,TRUE,1.812102582985949,NA,NA,NA,25,565,0.5
D,+ (1|temp): captures tau,0.6748662124892207,0.26510467057943116,0.15526105815353564,1.1944713668249058,TRUE,1.34716771362205,NA,NA,NA,25,565,0.5
E,+ interactions: lumps eps into residual,0.6748662124892207,0.24861022836891314,0.187590164886151,1.1621422600922906,TRUE,1.2633488206857342,NA,NA,0.21069583450649793,25,565,0.5
F,+ (1|item:variant:judge:temp): splits eps/rho,0.674866212489221,0.246002757270711,0.1927008082386274,1.1570316167398145,TRUE,1.2500985792998582,0.03971772612595655,0.10208511092281752,NA,25,565,0.5
A,"1 obs/item, naive SE",0.26297802577394236,0.0890152073793348,0.08850821931044617,0.43744783223743855,FALSE,0.4523436465329301,NA,NA,NA,25,566,0.5
B,+ (1|variant): captures phi,0.34787640650626683,0.15948721037409128,0.035281474173047944,0.6604713388394857,TRUE,0.8104573189224437,NA,NA,NA,25,566,0.5
C,+ (1|judge): captures lambda,0.37411396049676443,0.2217187297908346,-0.060454749893271376,0.8086826708868002,TRUE,1.1266957825626425,NA,NA,NA,25,566,0.5
D,+ (1|temp): captures tau,0.7237727382220763,0.24805902789896864,0.2375770435400978,1.2099684329040548,TRUE,1.2605478158025702,NA,NA,NA,25,566,0.5
E,+ interactions: lumps eps into residual,0.7237727382220763,0.23629774970748768,0.2606291487954005,1.1869163276487522,TRUE,1.2007811801719734,NA,NA,0.21660091159690203,25,566,0.5
F,+ (1|item:variant:judge:temp): splits eps/rho,0.7237727382220764,0.23336227847199134,0.26638267241697344,1.1811628040271795,TRUE,1.1858641586646437,0.03992438772811832,0.10089168560981558,NA,25,566,0.5
A,"1 obs/item, naive SE",0.07935948549508225,0.11799637829802614,-0.151913415969049,0.31063238695921347,FALSE,0.5996156567894423,NA,NA,NA,25,567,0.5
B,+ (1|variant): captures phi,0.16997610371781,0.20031629075517104,-0.22264382616232523,0.5625960335979452,TRUE,1.0179361941382232,NA,NA,NA,25,567,0.5
C,+ (1|judge): captures lambda,0.2891483631423061,0.1442431379895102,0.006431812682866134,0.571864913601746,TRUE,0.7329923610409416,NA,NA,NA,25,567,0.5
D,+ (1|temp): captures tau,0.49646398413662485,0.21293153105756082,0.07911818326380565,0.913809785009444,TRUE,1.0820423617052375,NA,NA,NA,25,567,0.5
E,+ interactions: lumps eps into residual,0.49646398413662485,0.1873125786925964,0.12933132989913593,0.8635966383741138,TRUE,0.9518559511547661,NA,NA,0.21565001268388112,25,567,0.5
F,+ (1|item:variant:judge:temp): splits eps/rho,0.4964639841366248,0.18350040627447653,0.1368031878386508,0.8561247804345988,TRUE,0.9324838458303794,0.040456473126327386,0.10012291582112379,NA,25,567,0.5
A,"1 obs/item, naive SE",-0.03187741076310196,0.10840436847599481,-0.2443499729760518,0.18059515144984786,FALSE,0.5508724720211661,NA,NA,NA,25,568,0.5
B,+ (1|variant): captures phi,0.385618185087967,0.21273594280903965,-0.03134426281775071,0.8025806329936848,TRUE,1.081048451741314,NA,NA,NA,25,568,0.5
C,+ (1|judge): captures lambda,0.8253216370448437,0.3038586268928209,0.22975872833491484,1.4208845457547725,TRUE,1.544101545856723,NA,NA,NA,25,568,0.5
D,+ (1|temp): captures tau,0.6965277066076472,0.2839044477639576,0.14007498899029025,1.252980424225004,TRUE,1.4427014995448977,NA,NA,NA,25,568,0.5
E,+ interactions: lumps eps into residual,0.6965277066076472,0.27201959723589847,0.16336929602528616,1.2296861171900082,TRUE,1.3823069132193126,NA,NA,0.21681713870560873,25,568,0.5
F,+ (1|item:variant:judge:temp): splits eps/rho,0.6965277066076472,0.2693622051343471,0.16857778454432681,1.2244776286709675,TRUE,1.3688029910371058,0.038876133692866896,0.09963459106670793,NA,25,568,0.5
A,"1 obs/item, naive SE",-0.04349749918028297,0.10078509513208252,-0.2410362856391647,0.15404128727859875,FALSE,0.5121540328939146,NA,NA,NA,25,569,0.5
B,+ (1|variant): captures phi,0.07956540490868966,0.22120301572488968,-0.3539925059120941,0.5131233157294735,TRUE,1.1240751069721926,NA,NA,NA,25,569,0.5
C,+ (1|judge): captures lambda,0.042417142467869075,0.18727293032936365,-0.32463780097768363,0.4094720859134218,FALSE,0.9516544722644531,NA,NA,NA,25,569,0.5
D,+ (1|temp): captures tau,0.33722683565031886,0.24113405327480755,-0.13539590876830393,0.8098495800689416,TRUE,1.2253575560046894,NA,NA,NA,25,569,0.5
E,+ interactions: lumps eps into residual,0.33722683565031886,0.22635271506693241,-0.10642448588086867,0.7808781571815064,TRUE,1.1502440487463892,NA,NA,0.22728565699370573,25,569,0.5
F,+ (1|item:variant:judge:temp): splits eps/rho,0.33722683565031875,0.2228235206687784,-0.09950726486048689,0.7739609361611244,TRUE,1.132309937144744,0.03955923594437433,0.09959241029419677,NA,25,569,0.5
A,"1 obs/item, naive SE",0.24766935499639509,0.14584574824400218,-0.03818831156184915,0.5335270215546393,TRUE,0.7411362567620255,NA,NA,NA,25,570,0.5
B,+ (1|variant): captures phi,0.6087595018977986,0.15269508963307982,0.30947712621696216,0.908041877578635,TRUE,0.7759421753404232,NA,NA,NA,25,570,0.5
C,+ (1|judge): captures lambda,0.3456018750631657,0.2536397740710578,-0.15153208211610758,0.842735832242439,TRUE,1.2889071843664137,NA,NA,NA,25,570,0.5
D,+ (1|temp): captures tau,0.5745290862839401,0.2833640857824034,0.019135478150429375,1.1299226944174507,TRUE,1.4399555720075685,NA,NA,NA,25,570,0.5
E,+ interactions: lumps eps into residual,0.5745290862839401,0.2759235760535135,0.033718877219053645,1.1153392953488264,TRUE,1.4021455460365324,NA,NA,0.20711632758011347,25,570,0.5
F,+ (1|item:variant:judge:temp): splits eps/rho,0.57452908628394,0.273656216480148,0.038162901982849884,1.1108952705850301,TRUE,1.3906236305390283,0.04077441023532559,0.10081125698775226,NA,25,570,0.5
A,"1 obs/item, naive SE",0.4295241548376851,0.1114021295129635,0.21117598099227664,0.6478723286830935,TRUE,0.5661060281608281,NA,NA,NA,25,571,0.5
B,+ (1|variant): captures phi,0.5037798721350548,0.12343870166847638,0.26184001686484115,0.7457197274052685,TRUE,0.6272716098729416,NA,NA,NA,25,571,0.5
C,+ (1|judge): captures lambda,0.2637152467364624,0.17308195576137003,-0.07552538655582286,0.6029558800287477,TRUE,0.8795409831997459,NA,NA,NA,25,571,0.5
D,+ (1|temp): captures tau,0.3611893080146987,0.1569046585412423,0.05365617727386379,0.6687224387555335,TRUE,0.7973337083864038,NA,NA,NA,25,571,0.5
E,+ interactions: lumps eps into residual,0.3611893080146987,0.14895154581819797,0.06924427821103063,0.6531343378183667,TRUE,0.7569188161860347,NA,NA,0.2029828379072497,25,571,0.5
F,+ (1|item:variant:judge:temp): splits eps/rho,0.36118930801469873,0.14484487158130843,0.07729335971533419,0.6450852563140632,TRUE,0.7360501572891202,0.03880129739657386,0.10093077113497463,NA,25,571,0.5
A,"1 obs/item, naive SE",-0.2691622259824848,0.09536046514189012,-0.4560687376605894,-0.08225571430438017,FALSE,0.48458799128038715,NA,NA,NA,25,572,0.5
B,+ (1|variant): captures phi,0.29554661067401794,0.21102829997087214,-0.11806885726889144,0.7091620786169273,TRUE,1.0723708177601807,NA,NA,NA,25,572,0.5
C,+ (1|judge): captures lambda,0.42630466264647754,0.19151899155122426,0.05092743920607801,0.8016818860868771,TRUE,0.9732314462787202,NA,NA,NA,25,572,0.5
D,+ (1|temp): captures tau,0.46489619492655154,0.19620349798880693,0.08033733886848998,0.849455050984613,TRUE,0.997036443049138,NA,NA,NA,25,572,0.5
E,+ interactions: lumps eps into residual,0.46489619492655154,0.18155627756533532,0.10904589089849431,0.8207464989546087,TRUE,0.9226044747036605,NA,NA,0.20135779809098583,25,572,0.5
F,+ (1|item:variant:judge:temp): splits eps/rho,0.4648961949265516,0.17887471358142076,0.11430175630696693,0.8154906335461363,TRUE,0.9089777196063412,0.03731900068145937,0.09741568655565225,NA,25,572,0.5
A,"1 obs/item, naive SE",1.7809420651362173,0.1497504384186325,1.4874312058356978,2.074452924436737,FALSE,0.7609785044427699,NA,NA,NA,25,573,0.5
B,+ (1|variant): captures phi,1.38616944940682,0.23226204352190216,0.9309358441038917,1.8414030547097482,FALSE,1.1802731556886528,NA,NA,NA,25,573,0.5
C,+ (1|judge): captures lambda,1.1094337977720201,0.23161989146601003,0.6554588104986405,1.5634087850453997,FALSE,1.1770099671712906,NA,NA,NA,25,573,0.5
D,+ (1|temp): captures tau,0.774628326008278,0.2740379536825531,0.23751393679047395,1.311742715226082,TRUE,1.3925634833263993,NA,NA,NA,25,573,0.5
E,+ interactions: lumps eps into residual,0.774628326008278,0.2600909367453328,0.26485008998742576,1.2844065620291303,TRUE,1.3216897002350014,NA,NA,0.21127838387631193,25,573,0.5
F,+ (1|item:variant:judge:temp): splits eps/rho,0.774628326008278,0.25777809273560065,0.2693832642465007,1.2798733877700554,TRUE,1.3099366489977478,0.042343652240352955,0.10305778738419116,NA,25,573,0.5
A,"1 obs/item, naive SE",0.8931842843770557,0.1374370340738031,0.6238076975924016,1.1625608711617097,FALSE,0.6984061599349524,NA,NA,NA,25,574,0.5
B,+ (1|variant): captures phi,0.6520205275955568,0.24040233462423727,0.1808319517320518,1.1232091034590619,TRUE,1.221639221886513,NA,NA,NA,25,574,0.5
C,+ (1|judge): captures lambda,0.5458272774070143,0.23417627548208006,0.08684177746213739,1.0048127773518911,TRUE,1.1900006021629028,NA,NA,NA,25,574,0.5
D,+ (1|temp): captures tau,0.5221088824721336,0.20497542845407263,0.12035704270215125,0.923860722242116,TRUE,1.041612275995102,NA,NA,NA,25,574,0.5
E,+ interactions: lumps eps into residual,0.5221088824721336,0.2004230346846498,0.12927973449022,0.9149380304540472,TRUE,1.0184786288494059,NA,NA,0.20892752217371383,25,574,0.5
F,+ (1|item:variant:judge:temp): splits eps/rho,0.5221088824721337,0.1981799225433972,0.1336762342870752,0.9105415306571922,TRUE,1.0070799301839906,0.039425355310756666,0.09911241224813977,NA,25,574,0.5
A,"1 obs/item, naive SE",-0.24122392266907702,0.13357659278993705,-0.5030340445373537,0.0205861991991996,FALSE,0.6787887693903383,NA,NA,NA,25,575,0.5
B,+ (1|variant): captures phi,-0.040863423268555965,0.18375511292923424,-0.40102344460985506,0.31929659807274313,FALSE,0.9337781745232097,NA,NA,NA,25,575,0.5
C,+ (1|judge): captures lambda,0.23436126474256952,0.2322603692817913,-0.2208690590497414,0.6895915885348805,TRUE,1.18026464779546,NA,NA,NA,25,575,0.5
D,+ (1|temp): captures tau,0.3285591068383962,0.19632816219461388,-0.05624409106304701,0.7133623047398394,TRUE,0.9976699422354797,NA,NA,NA,25,575,0.5
E,+ interactions: lumps eps into residual,0.3285591068383962,0.19096396149170192,-0.04573025768533956,0.7028484713621319,TRUE,0.9704109807824165,NA,NA,0.20120975944094363,25,575,0.5
F,+ (1|item:variant:judge:temp): splits eps/rho,0.3285591068383964,0.18857532882190198,-0.04104853765253147,0.6981667513293243,TRUE,0.9582727985111495,0.041169833748815055,0.09981996097621301,NA,25,575,0.5
A,"1 obs/item, naive SE",0.32797476940556736,0.10081554959637633,0.13037629219666977,0.5255732466144649,TRUE,0.5123087916574725,NA,NA,NA,25,576,0.5
B,+ (1|variant): captures phi,0.22709989253135696,0.13366310764179817,-0.03487979844656744,0.4890795835092814,FALSE,0.6792284071187923,NA,NA,NA,25,576,0.5
C,+ (1|judge): captures lambda,0.2483042409733077,0.12030488564378115,0.012506665111496645,0.48410181683511877,FALSE,0.6113466706416809,NA,NA,NA,25,576,0.5
D,+ (1|temp): captures tau,0.45212805497545816,0.1905335873625875,0.07868222374478667,0.8255738862061297,TRUE,0.968223972419818,NA,NA,NA,25,576,0.5
E,+ interactions: lumps eps into residual,0.45212805497545816,0.18008403067484777,0.09916335485275657,0.8050927550981597,TRUE,0.9151230392653096,NA,NA,0.22275563779152116,25,576,0.5
F,+ (1|item:variant:judge:temp): splits eps/rho,0.4521280549754582,0.17779921997198575,0.10364158383036615,0.8006145261205503,TRUE,0.903512443330103,0.04024736220693924,0.10298481692646397,NA,25,576,0.5
A,"1 obs/item, naive SE",0.07737622591711404,0.11773265853603801,-0.15337978481352044,0.3081322366477485,FALSE,0.5982755266890635,NA,NA,NA,25,577,0.5
B,+ (1|variant): captures phi,0.39909242708462633,0.12480470707427703,0.15447520121904335,0.6437096529502093,TRUE,0.6342131638459654,NA,NA,NA,25,577,0.5
C,+ (1|judge): captures lambda,0.6744919399048045,0.17501521942151205,0.3314621098386409,1.0175217699709682,TRUE,0.8893651420090558,NA,NA,NA,25,577,0.5
D,+ (1|temp): captures tau,0.4177686648131068,0.26934222699163535,-0.11014210009049841,0.945679429716712,TRUE,1.3687014692163826,NA,NA,NA,25,577,0.5
E,+ interactions: lumps eps into residual,0.4177686648131068,0.257922111039035,-0.08775867282340177,0.9232960024496154,TRUE,1.310668498829489,NA,NA,0.1993701422997636,25,577,0.5
F,+ (1|item:variant:judge:temp): splits eps/rho,0.4177686648131067,0.2558172233681076,-0.08363309298838417,0.9191704226145976,TRUE,1.2999722077951712,0.04347999594478427,0.09805510629104623,NA,25,577,0.5
A,"1 obs/item, naive SE",0.846962340997898,0.12698171708170714,0.598078175517752,1.095846506478044,FALSE,0.6452759549610061,NA,NA,NA,25,578,0.5
B,+ (1|variant): captures phi,0.6167092515484592,0.12199531514468617,0.37759843386487435,0.8558200692320441,TRUE,0.61993683256073,NA,NA,NA,25,578,0.5
C,+ (1|judge): captures lambda,0.5274252285531573,0.20778117926444173,0.12017411719485155,0.934676339911463,TRUE,1.0558701044065621,NA,NA,NA,25,578,0.5
D,+ (1|temp): captures tau,0.6898163403600738,0.18486905665635445,0.32747298931361907,1.0521596914065285,TRUE,0.9394388406317629,NA,NA,NA,25,578,0.5
E,+ interactions: lumps eps into residual,0.6898163403600738,0.1708830347686614,0.3548855922134974,1.02474708850665,TRUE,0.8683668482450196,NA,NA,0.20295309309750245,25,578,0.5
F,+ (1|item:variant:judge:temp): splits eps/rho,0.6898163403600737,0.16728904120572485,0.36192981959685294,1.0177028611232943,TRUE,0.8501034503185659,0.0369080738343845,0.10014126853402372,NA,25,578,0.5
A,"1 obs/item, naive SE",0.4161936881052155,0.11304534260045525,0.19462481660832323,0.6377625596021078,TRUE,0.5744562530483478,NA,NA,NA,25,579,0.5
B,+ (1|variant): captures phi,0.5365843161888183,0.11053645970687763,0.31993285516333814,0.7532357772142985,TRUE,0.5617070018786151,NA,NA,NA,25,579,0.5
C,+ (1|judge): captures lambda,0.6740701496897755,0.16228307036394166,0.3559953317764499,0.9921449676031011,TRUE,0.8246648856993767,NA,NA,NA,25,579,0.5
D,+ (1|temp): captures tau,0.49826591113396995,0.20471787783954587,0.09701887056846004,0.8995129516994799,TRUE,1.0403034953095125,NA,NA,NA,25,579,0.5
E,+ interactions: lumps eps into residual,0.49826591113396995,0.19814075281347346,0.10991003561956197,0.8866217866483779,TRUE,1.0068808835380403,NA,NA,0.22290407362610185,25,579,0.5
F,+ (1|item:variant:judge:temp): splits eps/rho,0.49826591113397006,0.19446988547265714,0.11710493560756208,0.879426886660378,TRUE,0.9882268403945204,0.041578769401862364,0.10203800337933212,NA,25,579,0.5
A,"1 obs/item, naive SE",-0.1168391869882152,0.1588479462679568,-0.4281811616734106,0.19450278769698015,FALSE,0.8072088059393283,NA,NA,NA,25,580,0.5
B,+ (1|variant): captures phi,0.13924112000877542,0.14625963891570543,-0.14742777226600723,0.42591001228355807,FALSE,0.743239502052534,NA,NA,NA,25,580,0.5
C,+ (1|judge): captures lambda,0.43381649558963664,0.2090461507454267,0.024086040128600328,0.843546951050673,TRUE,1.062298239882678,NA,NA,NA,25,580,0.5
D,+ (1|temp): captures tau,0.3302994030828252,0.1689316776869262,-8.066851835502042e-4,0.6614054913492006,TRUE,0.8584507450978526,NA,NA,NA,25,580,0.5
E,+ interactions: lumps eps into residual,0.3302994030828252,0.15639753670723147,0.02376023113665149,0.6368385750289989,TRUE,0.7947566954648322,NA,NA,0.2310186356417179,25,580,0.5
F,+ (1|item:variant:judge:temp): splits eps/rho,0.3302994030828253,0.15371192305909137,0.029024033887006195,0.6315747722786444,TRUE,0.7811093614132314,0.04188704457433028,0.09966361266262343,NA,25,580,0.5
A,"1 obs/item, naive SE",0.6485419368300928,0.1381272874888183,0.37781245335200886,0.9192714203081767,TRUE,0.701913782463418,NA,NA,NA,25,581,0.5
B,+ (1|variant): captures phi,0.26962243921462714,0.17459847131788828,-0.07259056456843388,0.6118354429976882,TRUE,0.8872473762651024,NA,NA,NA,25,581,0.5
C,+ (1|judge): captures lambda,0.4270156272132617,0.16689465531654074,0.09990210279284184,0.7541291516336815,TRUE,0.8480993214005211,NA,NA,NA,25,581,0.5
D,+ (1|temp): captures tau,0.3389350138556837,0.17984105164013622,-0.013553447358983284,0.6914234750703507,TRUE,0.9138883061693781,NA,NA,NA,25,581,0.5
E,+ interactions: lumps eps into residual,0.3389350138556837,0.16676012501184875,0.012085168832460136,0.6657848588789073,TRUE,0.8474156862062084,NA,NA,0.2107542801446456,25,581,0.5
F,+ (1|item:variant:judge:temp): splits eps/rho,0.3389350138556838,0.16499779370593146,0.01553933819205816,0.6623306895193095,TRUE,0.8384601448690904,0.04165806902048633,0.0979530768079189,NA,25,581,0.5
A,"1 obs/item, naive SE",0.9755722314028387,0.08585288030586127,0.8073005860033506,1.1438438768023267,FALSE,0.4362738242850418,NA,NA,NA,25,582,0.5
B,+ (1|variant): captures phi,0.6631929481198344,0.175358508233732,0.3194902719817197,1.0068956242579492,TRUE,0.8911096137426529,NA,NA,NA,25,582,0.5
C,+ (1|judge): captures lambda,0.5956699724365129,0.13434108585530738,0.33236144416011043,0.8589785007129154,TRUE,0.682673651435999,NA,NA,NA,25,582,0.5
D,+ (1|temp): captures tau,0.6283547124613825,0.18470400526796113,0.26633486213617874,0.9903745627865863,TRUE,0.9386001081377409,NA,NA,NA,25,582,0.5
E,+ interactions: lumps eps into residual,0.6283547124613825,0.16813793450981612,0.29880436082214296,0.95790506410062215,TRUE,0.8544172243802682,NA,NA,0.19989936055528434,25,582,0.5
F,+ (1|item:variant:judge:temp): splits eps/rho,0.6283547124613826,0.1659773693195272,0.3030390685951093,0.953670356327656,TRUE,0.843437999981199,0.035201903584029935,0.0985635118225993,NA,25,582,0.5
A,"1 obs/item, naive SE",0.025316788730935492,0.12022334277896114,-0.21032096311582835,0.26095454057769935,FALSE,0.6109322987842494,NA,NA,NA,25,583,0.5
B,+ (1|variant): captures phi,0.06917791861819253,0.15624531881952028,-0.23706290626806722,0.37541874350445226,FALSE,0.7939831782600539,NA,NA,NA,25,583,0.5
C,+ (1|judge): captures lambda,0.11392811034110943,0.18716270297412088,-0.2529107874881675,0.48076700817038637,FALSE,0.9510943360216007,NA,NA,NA,25,583,0.5
D,+ (1|temp): captures tau,0.39321702103014294,0.2038758517466096,-0.0063796483932118675,0.7928136904534977,TRUE,1.0360246179741877,NA,NA,NA,25,583,0.5
E,+ interactions: lumps eps into residual,0.39321702103014294,0.19131628660512698,0.01823709928409406,0.7681969427761919,TRUE,0.9722013717870981,NA,NA,0.2244069517831576,25,583,0.5
F,+ (1|item:variant:judge:temp): splits eps/rho,0.3932170210301428,0.18749233580914393,0.025732042844220704,0.7607019992160649,TRUE,0.9527694129326266,0.04252902309901817,0.10219591447385472,NA,25,583,0.5
A,"1 obs/item, naive SE",1.0689456640436834,0.11478514059538521,0.8439667884767283,1.2939245396106385,FALSE,0.5832972881077123,NA,NA,NA,25,584,0.5
B,+ (1|variant): captures phi,1.0873256670307958,0.09763209903328701,0.8959667529255533,1.2786845811360383,FALSE,0.4961316273429687,NA,NA,NA,25,584,0.5
C,+ (1|judge): captures lambda,0.8598325839363027,0.15702808624604642,0.5520575348940517,1.1676076329785536,FALSE,0.7979609241141206,NA,NA,NA,25,584,0.5
D,+ (1|temp): captures tau,0.624477896734937,0.24366017759284853,0.14690394865295392,1.10205184481692,TRUE,1.2381944219656784,NA,NA,NA,25,584,0.5
E,+ interactions: lumps eps into residual,0.624477896734937,0.23456977237930496,0.1647211428714993,1.0842346505983746,TRUE,1.1920002135397723,NA,NA,0.20466319518574566,25,584,0.5
F,+ (1|item:variant:judge:temp): splits eps/rho,0.6244778967349371,0.23267607894670972,0.1684327819993861,1.0805230114704882,TRUE,1.1823771365629898,0.037795761649375356,0.10163077547817366,NA,25,584,0.5
A,"1 obs/item, naive SE",0.018425428949827335,0.12096876041120978,-0.2186733414561438,0.2555241993557985,FALSE,0.6147202462584871,NA,NA,NA,25,585,0.5
B,+ (1|variant): captures phi,0.3962679835729764,0.16594612540771947,0.0710135777738462,0.7215223893721066,TRUE,0.8432792295259571,NA,NA,NA,25,585,0.5
C,+ (1|judge): captures lambda,0.3249730087087922,0.20084704877382584,-0.06868720688790642,0.7186332243054908,TRUE,1.0206333177494933,NA,NA,NA,25,585,0.5
D,+ (1|temp): captures tau,0.4807655728274013,0.23849513338092992,0.013315111400778623,0.948216034254024,TRUE,1.2119475030165747,NA,NA,NA,25,585,0.5
E,+ interactions: lumps eps into residual,0.4807655728274013,0.22818351092931416,0.03352589140594553,0.928005254248857,TRUE,1.159547502626107,NA,NA,0.22499763764273972,25,585,0.5
F,+ (1|item:variant:judge:temp): splits eps/rho,0.4807655728274013,0.2249003203538082,0.03996094493393726,0.9215702007208653,TRUE,1.1428634950176306,0.04280899728506868,0.10197337371333343,NA,25,585,0.5
A,"1 obs/item, naive SE",0.4032433242555097,0.09910387096150054,0.20899973717096862,0.5974869113400507,TRUE,0.5036106491918518,NA,NA,NA,25,586,0.5
B,+ (1|variant): captures phi,0.6074260668309623,0.16621863010939594,0.2816375518165463,0.9332145818453783,TRUE,0.8446640015675299,NA,NA,NA,25,586,0.5
C,+ (1|judge): captures lambda,0.7869092509310157,0.1541142218565776,0.4848453760921236,1.0889731257699078,TRUE,0.7831537009188987,NA,NA,NA,25,586,0.5
D,+ (1|temp): captures tau,0.5405637427340898,0.22213212312139355,0.10518478141615845,0.9759427040520212,TRUE,1.128796500542218,NA,NA,NA,25,586,0.5
E,+ interactions: lumps eps into residual,0.5405637427340898,0.20685873035476723,0.13512063123874601,0.9460068542294335,TRUE,1.0511825469000753,NA,NA,0.20562717669812655,25,586,0.5
F,+ (1|item:variant:judge:temp): splits eps/rho,0.5405637427340898,0.2038292443885385,0.14105842373255434,0.9400690617356253,TRUE,1.0357877759454397,0.03735361283211023,0.10207964652605135,NA,25,586,0.5
A,"1 obs/item, naive SE",0.4105792714763116,0.09948081557145191,0.21559687295626587,0.6055616699963574,TRUE,0.5055261477277336,NA,NA,NA,25,587,0.5
B,+ (1|variant): captures phi,0.5186590897909928,0.16753196639590104,0.1902964356550268,0.847021743926959,TRUE,0.8513379097957059,NA,NA,NA,25,587,0.5
C,+ (1|judge): captures lambda,0.7397474800347558,0.20267128178375118,0.3425117677386035,1.136983192330908,TRUE,1.029903421545566,NA,NA,NA,25,587,0.5
D,+ (1|temp): captures tau,0.7722058552861978,0.2300716541944943,0.32126541306498896,1.2231462975074066,TRUE,1.1691423756247004,NA,NA,NA,25,587,0.5
E,+ interactions: lumps eps into residual,0.7722058552861978,0.2231015632739907,0.334926791269176,1.2094849193032196,TRUE,1.13372285084383,NA,NA,0.2365231883181114,25,587,0.5
F,+ (1|item:variant:judge:temp): splits eps/rho,0.7722058552861978,0.21927176509983518,0.34243319569052083,1.2019785148818747,TRUE,1.114261177691734,0.04561914044770611,0.10252403246279732,NA,25,587,0.5
A,"1 obs/item, naive SE",0.024838261331014442,0.10884800004751176,-0.18850381876210862,0.2381803414241375,FALSE,0.5531268499941561,NA,NA,NA,25,588,0.5
B,+ (1|variant): captures phi,0.2250399856787756,0.1899850341469801,-0.14733068124930537,0.5974106526068566,TRUE,0.9654364199423204,NA,NA,NA,25,588,0.5
C,+ (1|judge): captures lambda,0.02844193998555509,0.170561790752197,-0.305859169888751,0.3627430498598612,FALSE,0.866734400328394,NA,NA,NA,25,588,0.5
D,+ (1|temp): captures tau,0.312497825537782,0.22298680888085515,-0.12455631986869409,0.7495519709442581,TRUE,1.133139709803385,NA,NA,NA,25,588,0.5
E,+ interactions: lumps eps into residual,0.312497825537782,0.21146550247372511,-0.10197455931071925,0.7269702103862832,TRUE,1.0745925254912099,NA,NA,0.1938612746981671,25,588,0.5
F,+ (1|item:variant:judge:temp): splits eps/rho,0.31249782553778216,0.2089274410904146,-0.09699995899943048,0.7219956100749948,TRUE,1.061694999607137,0.03598646503307121,0.10140726181902651,NA,25,588,0.5
A,"1 obs/item, naive SE",0.2285873532842395,0.1285118532234962,-0.023295879033813055,0.48047058560229206,FALSE,0.6530515629997442,NA,NA,NA,25,589,0.5
B,+ (1|variant): captures phi,0.5911105897557368,0.18875902576914586,0.22114289924821096,0.9610782802632627,TRUE,0.9592062811083328,NA,NA,NA,25,589,0.5
C,+ (1|judge): captures lambda,0.558099810309544,0.2457105644709306,0.0765071039465201,1.039692516672568,TRUE,1.248613759341173,NA,NA,NA,25,589,0.5
D,+ (1|temp): captures tau,0.6102930222950842,0.2506696385744579,0.11898053068914671,1.1016055139010217,TRUE,1.2738140114043652,NA,NA,NA,25,589,0.5
E,+ interactions: lumps eps into residual,0.6102930222950842,0.23986818261380954,0.14015138437201752,1.080434660218151,TRUE,1.2189248512153297,NA,NA,0.2017894153308518,25,589,0.5
F,+ (1|item:variant:judge:temp): splits eps/rho,0.6102930222950841,0.23742024713191948,0.14494933791652193,1.0756367066736463,TRUE,1.206485313130149,0.04080079900049059,0.0977681933505139,NA,25,589,0.5
A,"1 obs/item, naive SE",0.9171453706477786,0.11968979565396545,0.6825533711660063,1.1517373701295508,FALSE,0.608221001925846,NA,NA,NA,25,590,0.5
B,+ (1|variant): captures phi,0.9449181836660409,0.10627059680386443,0.7366278139304666,1.1532085534016152,FALSE,0.5400294027585515,NA,NA,NA,25,590,0.5
C,+ (1|judge): captures lambda,0.6848427778687163,0.20100124427328,0.29088033909308747,1.0788052166443451,TRUE,1.0214168844742757,NA,NA,NA,25,590,0.5
D,+ (1|temp): captures tau,0.5301724514794132,0.16861109241216615,0.1996947103515675,0.8606501926072588,TRUE,0.8568216446724415,NA,NA,NA,25,590,0.5
E,+ interactions: lumps eps into residual,0.5301724514794132,0.1554802127477897,0.22543123449374536,0.834913668465081,TRUE,0.7900951811339422,NA,NA,0.19582416418896853,25,590,0.5
F,+ (1|item:variant:judge:temp): splits eps/rho,0.5301724514794132,0.15284104623154318,0.23060400086558852,0.8297409020932378,TRUE,0.7766838748986021,0.03737365333284434,0.09957055233210808,NA,25,590,0.5
A,"1 obs/item, naive SE",0.10146935118974984,0.1214512746615835,-0.13657514714695382,0.33951384952645347,FALSE,0.6171722121859272,NA,NA,NA,25,591,0.5
B,+ (1|variant): captures phi,0.26287271524329126,0.15359584951461058,-0.038175149805345476,0.563920580291928,TRUE,0.7805195169144966,NA,NA,NA,25,591,0.5
C,+ (1|judge): captures lambda,0.398054619121677,0.15887105460160547,0.08666735210253029,0.7094418861408237,TRUE,0.8073262342778749,NA,NA,NA,25,591,0.5
D,+ (1|temp): captures tau,0.5801783110593878,0.1939216290004746,0.20009191821845757,0.960264703900318,TRUE,0.9854407958616408,NA,NA,NA,25,591,0.5
E,+ interactions: lumps eps into residual,0.5801783110593878,0.18361385306412034,0.2202951590537119,0.9400614630650637,TRUE,0.9330603420946216,NA,NA,0.20056209097903546,25,591,0.5
F,+ (1|item:variant:judge:temp): splits eps/rho,0.5801783110593877,0.180268899270812,0.22685126848859616,0.9335053536301792,TRUE,0.9160624757648678,0.034700149370710906,0.0993831975855862,NA,25,591,0.5
A,"1 obs/item, naive SE",-0.3266116592923531,0.0998729669535407,-0.5223626745212928,-0.13086064406341333,FALSE,0.507518921674898,NA,NA,NA,25,592,0.5
B,+ (1|variant): captures phi,0.2725584468444543,0.20819660930327447,-0.13550690738996363,0.6806238010788722,TRUE,1.0579811722137078,NA,NA,NA,25,592,0.5
C,+ (1|judge): captures lambda,0.44497779326139186,0.21679583972069225,0.020057947408835042,0.8698976391139487,TRUE,1.1016794048967526,NA,NA,NA,25,592,0.5
D,+ (1|temp): captures tau,0.5902081351845082,0.22413636358590064,0.150900862556143,1.0295154078128734,TRUE,1.1389813382450673,NA,NA,NA,25,592,0.5
E,+ interactions: lumps eps into residual,0.5902081351845082,0.20748864159656183,0.18353039765524704,0.9968858727137694,TRUE,1.0543835319507666,NA,NA,0.22340654329340642,25,592,0.5
F,+ (1|item:variant:judge:temp): splits eps/rho,0.590208135184508,0.2036498337195706,0.19105446109414964,0.9893618092748664,TRUE,1.034876074691046,0.03817020116342357,0.10052963097626469,NA,25,592,0.5
A,"1 obs/item, naive SE",0.6837083808570338,0.10471092536134192,0.4784749671488036,0.888941794565264,TRUE,0.5321037068187846,NA,NA,NA,25,593,0.5
B,+ (1|variant): captures phi,0.3996445358147767,0.2518927943611191,-0.09406534113301673,0.8933544127625701,TRUE,1.2800296543838663,NA,NA,NA,25,593,0.5
C,+ (1|judge): captures lambda,0.4798413281264781,0.23097870332798598,0.027123069603625594,0.9325595866493306,TRUE,1.1737516769419427,NA,NA,NA,25,593,0.5
D,+ (1|temp): captures tau,0.5019211619722656,0.26972284064235813,-0.02673560568675637,1.0305779296312876,TRUE,1.3706356125134314,NA,NA,NA,25,593,0.5
E,+ interactions: lumps eps into residual,0.5019211619722656,0.2529398448879306,0.0061590659919216195,0.9976832579526095,TRUE,1.285350393023319,NA,NA,0.21230411399012242,25,593,0.5
F,+ (1|item:variant:judge:temp): splits eps/rho,0.5019211619722654,0.2501539614985158,0.011619397435174428,0.9922229265093565,TRUE,1.271193523783963,0.037245244136583755,0.09886290678418733,NA,25,593,0.5
A,"1 obs/item, naive SE",0.4940322409953699,0.11034792872091018,0.27775030070238593,0.7103141812883539,TRUE,0.5607489544147302,NA,NA,NA,25,594,0.5
B,+ (1|variant): captures phi,0.6194916723361896,0.1250400417063744,0.3744131905916958,0.8645701540806834,TRUE,0.6354090508047495,NA,NA,NA,25,594,0.5
C,+ (1|judge): captures lambda,0.509479848216538,0.15053403946924226,0.2144331308568232,0.8045265655762528,TRUE,0.7649604864781467,NA,NA,NA,25,594,0.5
D,+ (1|temp): captures tau,0.40858889491267486,0.21916213810326224,-0.02096889576971911,0.8381466855950688,TRUE,1.1137040922582648,NA,NA,NA,25,594,0.5
E,+ interactions: lumps eps into residual,0.40858889491267486,0.20504752832227774,0.006695739401010481,0.8104820504243393,TRUE,1.0419786618999225,NA,NA,0.19065334030485973,25,594,0.5
F,+ (1|item:variant:judge:temp): splits eps/rho,0.4085888949126748,0.20295674130568736,0.01079368195352759,0.806384107871822,TRUE,1.031354025379357,0.03673890869063348,0.10005045464621523,NA,25,594,0.5
A,"1 obs/item, naive SE",0.5132061539261836,0.1348448178892509,0.24891031086325188,0.7775019969891154,TRUE,0.6852334385984156,NA,NA,NA,25,595,0.5
B,+ (1|variant): captures phi,0.7861039234538275,0.20667793880885885,0.3810151633884642,1.1911926835191908,TRUE,1.050263828519855,NA,NA,NA,25,595,0.5
C,+ (1|judge): captures lambda,0.6365042686154768,0.21355012892308592,0.21794601592622842,1.055062521304725,TRUE,1.0851858561986747,NA,NA,NA,25,595,0.5
D,+ (1|temp): captures tau,0.44968021172856926,0.23917163286016166,-0.01909618867734758,0.91845661213448615,TRUE,1.215385232931748,NA,NA,NA,25,595,0.5
E,+ interactions: lumps eps into residual,0.44968021172856926,0.2264875210489629,0.005764670472601985,0.8935957529845365,TRUE,1.150929084834956,NA,NA,0.20811195739348504,25,595,0.5
F,+ (1|item:variant:judge:temp): splits eps/rho,0.4496802117285693,0.22465930304843879,0.009347977753629277,0.8900124457035093,TRUE,1.1416387307329872,0.03710867776980674,0.10073890096925026,NA,25,595,0.5
A,"1 obs/item, naive SE",0.34781532214253646,0.14646954960476266,0.06073500491720163,0.6348956393678713,TRUE,0.7443061935688471,NA,NA,NA,25,596,0.5
B,+ (1|variant): captures phi,0.4616367838586888,0.13938206153300858,0.18844794325399195,0.7348256244633856,TRUE,0.7082900981900684,NA,NA,NA,25,596,0.5
C,+ (1|judge): captures lambda,0.3194598961662166,0.14055158245421998,0.043978794555945444,0.5949409977764878,TRUE,0.7142331878460065,NA,NA,NA,25,596,0.5
D,+ (1|temp): captures tau,0.46089493825198885,0.17527623457405647,0.11735351848683817,0.8044363580171395,TRUE,0.8906915282455014,NA,NA,NA,25,596,0.5
E,+ interactions: lumps eps into residual,0.46089493825198885,0.15586484523363928,0.1553998415940559,0.7663900349099217,TRUE,0.7920497467227499,NA,NA,0.2255792346142172,25,596,0.5
F,+ (1|item:variant:judge:temp): splits eps/rho,0.4608949382519888,0.1508027623796918,0.16532152398779287,0.7564683525161847,TRUE,0.7663260408008109,0.0385453568418726,0.10236700087845411,NA,25,596,0.5
A,"1 obs/item, naive SE",1.012306138412524,0.12519536386891503,0.7669232252294506,1.2576890515955974,FALSE,0.6361983428309042,NA,NA,NA,25,597,0.5
B,+ (1|variant): captures phi,0.8254803209953878,0.10351449647487847,0.622591907904626,1.0283687340861496,FALSE,0.5260238804469387,NA,NA,NA,25,597,0.5
C,+ (1|judge): captures lambda,0.5948992662879287,0.1543387492169244,0.29239531782275685,0.8974032147531005,TRUE,0.7842946691637164,NA,NA,NA,25,597,0.5
D,+ (1|temp): captures tau,0.5056730120753119,0.2085805194070889,0.09685519403741766,0.9144908301132062,TRUE,1.0599320669137586,NA,NA,NA,25,597,0.5
E,+ interactions: lumps eps into residual,0.5056730120753119,0.19238994813250151,0.12858871373560893,0.8827573104150148,TRUE,0.9776573380734549,NA,NA,0.2271905452279586,25,597,0.5
F,+ (1|item:variant:judge:temp): splits eps/rho,0.5056730120753119,0.18943702607587887,0.13437644096658935,0.8769695831840345,TRUE,0.9626516376954507,0.0423523302161923,0.10074675634944756,NA,25,597,0.5
A,"1 obs/item, naive SE",-0.18371450862442473,0.11918638146286117,-0.4173198162916326,0.04989079904278315,FALSE,0.6056628299277724,NA,NA,NA,25,598,0.5
B,+ (1|variant): captures phi,0.28714553660114256,0.2862361294639104,-0.2738772771481219,0.8481683503504069,TRUE,1.454550277228649,NA,NA,NA,25,598,0.5
C,+ (1|judge): captures lambda,-0.027337141699237136,0.35449277405567653,-0.7221429788483632,0.6674686954498888,TRUE,1.801406285586492,NA,NA,NA,25,598,0.5
D,+ (1|temp): captures tau,0.16731117270918872,0.35378878376143713,-0.526114843463228,0.8607371888816054,TRUE,1.7978288571201064,NA,NA,NA,25,598,0.5
E,+ interactions: lumps eps into residual,0.16731117270918872,0.34802206073776076,-0.5148120663368224,0.8494344117551998,TRUE,1.7685244202955201,NA,NA,0.20380746320702192,25,598,0.5
F,+ (1|item:variant:judge:temp): splits eps/rho,0.16731117270918888,0.3461716953503922,-0.5111853501775798,0.8458076955959577,TRUE,1.7591215210451285,0.03880349693654527,0.09638269072918808,NA,25,598,0.5
A,"1 obs/item, naive SE",0.5078237409722949,0.1079579120332714,0.2962262333870829,0.7194212485575069,TRUE,0.5486037390567073,NA,NA,NA,25,599,0.5
B,+ (1|variant): captures phi,0.4957748801484555,0.1535983671346775,0.1947220805644876,0.7968276797324234,TRUE,0.7805323105648759,NA,NA,NA,25,599,0.5
C,+ (1|judge): captures lambda,0.6469004349137613,0.14754293427710255,0.35771628373064024,0.9360845860968823,TRUE,0.7497607529763164,NA,NA,NA,25,599,0.5
D,+ (1|temp): captures tau,0.5366799106583928,0.262838560562221,0.02151633195643965,1.0518434893603459,TRUE,1.3356521479248158,NA,NA,NA,25,599,0.5
E,+ interactions: lumps eps into residual,0.5366799106583928,0.24828691077021087,0.05003756554877953,1.0233222557680062,TRUE,1.2617058355611586,NA,NA,0.20068815179528826,25,599,0.5
F,+ (1|item:variant:judge:temp): splits eps/rho,0.5366799106583928,0.24584842657685596,0.05481699456775513,1.0185428267490306,TRUE,1.2493143255651806,0.03897783976174723,0.09667757066773737,NA,25,599,0.5
A,"1 obs/item, naive SE",0.21276033530639085,0.09874055116491409,0.01922885502315924,0.40629181558962246,FALSE,0.501764387115023,NA,NA,NA,25,600,0.5
B,+ (1|variant): captures phi,0.7894424712757542,0.2135508155130405,0.3708828728701948,1.2080020696813136,TRUE,1.0851893452047994,NA,NA,NA,25,600,0.5
C,+ (1|judge): captures lambda,0.6556452400773423,0.2755945625534085,0.11547989747266163,1.195810582682023,TRUE,1.4004736163654388,NA,NA,NA,25,600,0.5
D,+ (1|temp): captures tau,0.6420737744925819,0.22796855755593834,0.1952554016829427,1.088892147302221,TRUE,1.158455185980334,NA,NA,NA,25,600,0.5
E,+ interactions: lumps eps into residual,0.6420737744925819,0.21487513266286237,0.22091851447337163,1.063229034511792,TRUE,1.091919054277584,NA,NA,0.21645819127434773,25,600,0.5
F,+ (1|item:variant:judge:temp): splits eps/rho,0.6420737744925817,0.21180495477943725,0.22693606312488473,1.0572114858602788,TRUE,1.0763175014622874,0.04520688442119397,0.10058923872991003,NA,25,600,0.5
A,"1 obs/item, naive SE",-0.1768878862604837,0.1544947394545158,-0.47969757559133464,0.12592180307036724,FALSE,0.7850873561098349,NA,NA,NA,25,601,0.5
B,+ (1|variant): captures phi,-0.3284221401284198,0.16448176765336847,-0.6508064047290221,-0.006037875527817593,FALSE,0.8358378838735324,NA,NA,NA,25,601,0.5
C,+ (1|judge): captures lambda,0.22629105604728988,0.2986453671609566,-0.359053863588185,0.8116359756827647,TRUE,1.51760961277179,NA,NA,NA,25,601,0.5
D,+ (1|temp): captures tau,0.31896579790457236,0.29019377285356285,-0.24981399688841077,0.8877455926975555,TRUE,1.4746616143277516,NA,NA,NA,25,601,0.5
E,+ interactions: lumps eps into residual,0.31896579790457236,0.2755451752245801,-0.2211027455356046,0.8590343413447493,TRUE,1.4002226475133466,NA,NA,0.211998008629116,25,601,0.5
F,+ (1|item:variant:judge:temp): splits eps/rho,0.3189657979045723,0.27313513644015985,-0.21637906951814095,0.8543106653272856,TRUE,1.3879756869756403,0.04261816826167783,0.09806512491867368,NA,25,601,0.5
A,"1 obs/item, naive SE",-0.08873832866647294,0.13238209414771024,-0.348207233195985,0.1707305758630391,FALSE,0.6727187518336646,NA,NA,NA,25,602,0.5
B,+ (1|variant): captures phi,0.11537608691416233,0.17289104989157886,-0.22349037087333223,0.4542425447016569,FALSE,0.8785708674203389,NA,NA,NA,25,602,0.5
C,+ (1|judge): captures lambda,0.37019397478601895,0.23310522864063038,-0.0866922733496166,0.8270802229216545,TRUE,1.1845579227811167,NA,NA,NA,25,602,0.5
D,+ (1|temp): captures tau,0.5348341191127427,0.2309360726496697,0.08219941671939007,0.9874688215060954,TRUE,1.1735350429863358,NA,NA,NA,25,602,0.5
E,+ interactions: lumps eps into residual,0.5348341191127427,0.21956812662549968,0.10448059092676332,0.9651876472987221,TRUE,1.1157671816337331,NA,NA,0.2071259754937245,25,602,0.5
F,+ (1|item:variant:judge:temp): splits eps/rho,0.5348341191127425,0.2165278710006428,0.11043949195148262,0.9592287462740023,TRUE,1.100317683101651,0.03680015518551858,0.09821567132161789,NA,25,602,0.5
A,"1 obs/item, naive SE",0.07339831963995051,0.10429055371829213,-0.13101116564790205,0.2778078049278031,FALSE,0.5299675275353296,NA,NA,NA,25,603,0.5
B,+ (1|variant): captures phi,0.28998963300215236,0.0938640252571749,0.10601614349808958,0.47396312250621514,FALSE,0.47698361564393216,NA,NA,NA,25,603,0.5
C,+ (1|judge): captures lambda,0.7032180500938406,0.2116375386548744,0.2884084743302868,1.1180276258573945,TRUE,1.0754667522195154,NA,NA,NA,25,603,0.5
D,+ (1|temp): captures tau,0.4740890775669774,0.2618555214742993,-0.03914774452264924,0.987325899656604,TRUE,1.3306566926671546,NA,NA,NA,25,603,0.5
E,+ interactions: lumps eps into residual,0.4740890775669774,0.25452512480459766,-0.024780167050033997,0.9729583221839888,TRUE,1.2934062221270446,NA,NA,0.2270510412534318,25,603,0.5
F,+ (1|item:variant:judge:temp): splits eps/rho,0.4740890775669776,0.2514141441747514,-0.018682645015535126,0.9668608001494903,TRUE,1.277597324256357,0.04123490076663913,0.10081686449064961,NA,25,603,0.5
A,"1 obs/item, naive SE",0.644031246530126,0.14796519791578439,0.35401945861518863,0.9340430344450634,TRUE,0.7519065467091292,NA,NA,NA,25,604,0.5
B,+ (1|variant): captures phi,0.7469831840396626,0.1973331194447722,0.3602102699279091,1.133756098151416,TRUE,1.0027767778035765,NA,NA,NA,25,604,0.5
C,+ (1|judge): captures lambda,0.7539128317120141,0.17559730599716566,0.4097421119575694,1.0980835514664586,TRUE,0.8923230991040381,NA,NA,NA,25,604,0.5
D,+ (1|temp): captures tau,0.47892434827016284,0.2905717086792503,-0.09059620074116781,1.0484448972814935,TRUE,1.476582149869711,NA,NA,NA,25,604,0.5
E,+ interactions: lumps eps into residual,0.47892434827016284,0.28511145870762483,-0.07989411079678177,1.0377428073371076,TRUE,1.4488351001704278,NA,NA,0.20548773402490178,25,604,0.5
F,+ (1|item:variant:judge:temp): splits eps/rho,0.4789243482701628,0.2828920526232541,-0.07554407487141529,1.0333927714117408,TRUE,1.4375568672605903,0.035056081896692716,0.10208677259812665,NA,25,604,0.5
A,"1 obs/item, naive SE",1.007409879195247,0.12328864382380891,0.7657641373005816,1.2490556210899126,FALSE,0.6265090692391991,NA,NA,NA,25,605,0.5
B,+ (1|variant): captures phi,0.875294411663382,0.24312652998094617,0.39876641290072745,1.3518224104260366,TRUE,1.23548261446853,NA,NA,NA,25,605,0.5
C,+ (1|judge): captures lambda,0.5014849633538689,0.3170308076872943,-0.11989541971322792,1.1228653464209657,TRUE,1.6110378870593207,NA,NA,NA,25,605,0.5
D,+ (1|temp): captures tau,0.448049895650398,0.3376351703238438,-0.2137150381843359,1.1098148294851318,TRUE,1.715741934872025,NA,NA,NA,25,605,0.5
E,+ interactions: lumps eps into residual,0.448049895650398,0.32942789085533475,-0.1976287704260581,1.093728561726854,TRUE,1.6740354576059606,NA,NA,0.21476335476273414,25,605,0.5
F,+ (1|item:variant:judge:temp): splits eps/rho,0.44804989565039793,0.3273678302752932,-0.19359105168917673,1.0896908429899725,TRUE,1.6635669619152897,0.03873427434054474,0.10046783185804214,NA,25,605,0.5
A,"1 obs/item, naive SE",0.3609794937243862,0.11342624734382685,0.1386640489304856,0.5832949385182868,TRUE,0.5763918755747792,NA,NA,NA,25,606,0.5
B,+ (1|variant): captures phi,0.5675527250063904,0.12205337323825002,0.32832811345942037,0.8067773365533605,TRUE,0.6202318631574854,NA,NA,NA,25,606,0.5
C,+ (1|judge): captures lambda,0.7586457157898147,0.16661100498963932,0.4320881460101216,1.0852032855695077,TRUE,0.8466579112528813,NA,NA,NA,25,606,0.5
D,+ (1|temp): captures tau,0.4876866851659824,0.2232100375486648,0.05019501157059941,0.9251783587613653,TRUE,1.1342740785543042,NA,NA,NA,25,606,0.5
E,+ interactions: lumps eps into residual,0.4876866851659824,0.21834540977899833,0.05972968199914569,0.9156436883328192,TRUE,1.1095537691921185,NA,NA,0.2071702031347819,25,606,0.5
F,+ (1|item:variant:judge:temp): splits eps/rho,0.48768668516598257,0.21537645318839793,0.06554883691672264,0.9098245334152425,TRUE,1.0944665870113583,0.036389247453584746,0.09952807205585651,NA,25,606,0.5
A,"1 obs/item, naive SE",0.6800153496723347,0.1149192557488915,0.4547736084045073,0.905257090940162,TRUE,0.5839788136512505,NA,NA,NA,25,607,0.5
B,+ (1|variant): captures phi,0.9607667840125694,0.14704543837300138,0.6725577248014867,1.2489758432236522,FALSE,0.7472326556093426,NA,NA,NA,25,607,0.5
C,+ (1|judge): captures lambda,0.6192720827612318,0.20844935196783754,0.21071135290427023,1.0278328126181933,TRUE,1.0592655206064012,NA,NA,NA,25,607,0.5
D,+ (1|temp): captures tau,0.5344716809639729,0.2703325117552646,0.0046199579236542165,1.0643234040042917,TRUE,1.3737337444227655,NA,NA,NA,25,607,0.5
E,+ interactions: lumps eps into residual,0.5344716809639729,0.26183998987874985,0.021265300801623255,1.0476780611263226,TRUE,1.3305777666187393,NA,NA,0.2212393098920321,25,607,0.5
F,+ (1|item:variant:judge:temp): splits eps/rho,0.5344716809639728,0.2591125999184991,0.026610985123714515,1.042332376804231,TRUE,1.3167181401969337,0.046197634830761544,0.09722105996708842,NA,25,607,0.5
A,"1 obs/item, naive SE",0.6286978115577685,0.1181667957999853,0.3970908917897973,0.8603047313257397,TRUE,0.6004816579654069,NA,NA,NA,25,608,0.5
B,+ (1|variant): captures phi,0.7468371041415737,0.16684919818397834,0.41981267570097613,1.0738615325821712,TRUE,0.8478683244090005,NA,NA,NA,25,608,0.5
C,+ (1|judge): captures lambda,0.5385964962124241,0.19472333198708006,0.15693876551774721,0.920254226907101,TRUE,0.9895147655020423,NA,NA,NA,25,608,0.5
D,+ (1|temp): captures tau,0.7601623528473744,0.28522774664843975,0.2011159694164325,1.3192087362783163,TRUE,1.449426034155133,NA,NA,NA,25,608,0.5
E,+ interactions: lumps eps into residual,0.7601623528473744,0.2753811196172877,0.2204153583974906,1.2999093472972583,TRUE,1.3993889752249633,NA,NA,0.21855613564666965,25,608,0.5
F,+ (1|item:variant:judge:temp): splits eps/rho,0.7601623528473744,0.27295695536616643,0.2251667203296882,1.2951579853650608,TRUE,1.38707023408589,0.04706101551929878,0.1006029329727518,NA,25,608,0.5
A,"1 obs/item, naive SE",-0.10631237741502328,0.09983492192337987,-0.3019888243848478,0.08936406955480125,FALSE,0.5073255903534074,NA,NA,NA,25,609,0.5
B,+ (1|variant): captures phi,-0.11985946326383295,0.11609845632637901,-0.3474124376635358,0.10769351113586989,FALSE,0.5899710918800857,NA,NA,NA,25,609,0.5
C,+ (1|judge): captures lambda,0.10396462886259406,0.1518146402652903,-0.1935920660573749,0.401521323782563,FALSE,0.7714680445785149,NA,NA,NA,25,609,0.5
D,+ (1|temp): captures tau,0.260869882046184,0.1356654930354305,-0.005034484303259756,0.5267742483956277,TRUE,0.6894038180107765,NA,NA,NA,25,609,0.5
E,+ interactions: lumps eps into residual,0.260869882046184,0.12974681248142841,0.00656612958258429,0.5151736345097837,TRUE,0.6593271870251098,NA,NA,0.2058555501213334,25,609,0.5
F,+ (1|item:variant:judge:temp): splits eps/rho,0.26086988204618405,0.1267596507540779,0.01242096656819136,0.5093187975241767,TRUE,0.6441474928097705,0.039634272578325275,0.10027030131445352,NA,25,609,0.5
A,"1 obs/item, naive SE",0.5915526364991511,0.1379916892871063,0.32108892549642276,0.8620163475018795,TRUE,0.7012247205959965,NA,NA,NA,25,610,0.5
B,+ (1|variant): captures phi,0.5733641445989553,0.13030753603731468,0.3179613739658186,0.8287669152320921,TRUE,0.6621765848463791,NA,NA,NA,25,610,0.5
C,+ (1|judge): captures lambda,0.6561018956740144,0.18777735266283463,0.2880582844548586,1.0241455068931704,TRUE,0.9542177672837251,NA,NA,NA,25,610,0.5
D,+ (1|temp): captures tau,0.5336443560109932,0.19635825987440741,0.1487821666571547,0.9185065453648318,TRUE,0.9978228879470137,NA,NA,NA,25,610,0.5
E,+ interactions: lumps eps into residual,0.5336443560109932,0.18284438114808277,0.17526936896075102,0.8920193430612355,TRUE,0.9291501592994297,NA,NA,0.21275218741153973,25,610,0.5
F,+ (1|item:variant:judge:temp): splits eps/rho,0.5336443560109931,0.17901779212987007,0.18276948343644783,0.8845192285855384,TRUE,0.9097047939372518,0.03663947181974018,0.1008239780804001,NA,25,610,0.5
A,"1 obs/item, naive SE",0.8790345990367503,0.1358250069942925,0.612817585327937,1.1452516127455636,FALSE,0.6902144112560078,NA,NA,NA,25,611,0.5
B,+ (1|variant): captures phi,0.8187442999266068,0.15049351673729214,0.5237770071215142,1.1137115927316994,FALSE,0.7647545643567761,NA,NA,NA,25,611,0.5
C,+ (1|judge): captures lambda,0.7250475352966326,0.1474603838257174,0.43602518299822646,1.0140698875950387,TRUE,0.7493412609220725,NA,NA,NA,25,611,0.5
D,+ (1|temp): captures tau,0.3669804048919928,0.2478030823832974,-0.11871363657927009,0.8526744463632556,TRUE,1.2592471916588877,NA,NA,NA,25,611,0.5
E,+ interactions: lumps eps into residual,0.3669804048919928,0.23186172396353377,-0.08746857407653341,0.821429383860519,TRUE,1.1782388739727305,NA,NA,0.21105232449013636,25,611,0.5
F,+ (1|item:variant:judge:temp): splits eps/rho,0.36698040489199285,0.2290023718731039,-0.08186424397929082,0.8158250537632765,TRUE,1.1637086629067181,0.04369095994790601,0.09798985053178033,NA,25,611,0.5
A,"1 obs/item, naive SE",0.16989905356186624,0.13103541322383053,-0.0869303563568416,0.4267284634805741,FALSE,0.6658753980095459,NA,NA,NA,25,612,0.5
B,+ (1|variant): captures phi,0.6722067452173857,0.20942314044213434,0.26173738995080237,1.082676100483969,TRUE,1.0642139675334306,NA,NA,NA,25,612,0.5
C,+ (1|judge): captures lambda,0.8171494989363086,0.2424033152387052,0.3420390010684464,1.2922599968041708,TRUE,1.231807494190064,NA,NA,NA,25,612,0.5
D,+ (1|temp): captures tau,0.5484901580146622,0.27676465373572984,0.006031436692631731,1.0909488793366926,TRUE,1.4064196038856582,NA,NA,NA,25,612,0.5
E,+ interactions: lumps eps into residual,0.5484901580146622,0.26844936859736906,0.022329395563818855,1.0746509204655055,TRUE,1.3641642801922775,NA,NA,0.21567154777600897,25,612,0.5
F,+ (1|item:variant:judge:temp): splits eps/rho,0.5484901580146622,0.2658502165294053,0.027423733617027768,1.0695565824122966,TRUE,1.3509563131613624,0.040793684593239156,0.09960207372395119,NA,25,612,0.5
A,"1 obs/item, naive SE",1.0903084753055425,0.10219814280148316,0.8900001154146355,1.2906168351964495,FALSE,0.5193346389310123,NA,NA,NA,25,613,0.5
B,+ (1|variant): captures phi,1.117450853218342,0.10229759533290524,0.9169475663658477,1.3179541400708363,FALSE,0.5198400213487454,NA,NA,NA,25,613,0.5
C,+ (1|judge): captures lambda,0.9123690650662506,0.184117929684486,0.551497922884658,1.2732402072478433,FALSE,0.9356218803227642,NA,NA,NA,25,613,0.5
D,+ (1|temp): captures tau,0.8492058251037699,0.18463698613240384,0.48731733228425833,1.2110943179232814,TRUE,0.9382595407104665,NA,NA,NA,25,613,0.5
E,+ interactions: lumps eps into residual,0.8492058251037699,0.17159703439147397,0.5128756376964809,1.1855360125110588,FALSE,0.8719951405617452,NA,NA,0.21516219090802108,25,613,0.5
F,+ (1|item:variant:judge:temp): splits eps/rho,0.84920582510377,0.1689007727441578,0.5181603105252207,1.1802513396823193,FALSE,0.8582936971627938,0.03502807983015747,0.10293745011037643,NA,25,613,0.5
A,"1 obs/item, naive SE",0.22940449108461894,0.10437571873431124,0.024828082365368903,0.433980899803869,FALSE,0.530400305877787,NA,NA,NA,25,614,0.5
B,+ (1|variant): captures phi,0.4160418195891394,0.15293344918316473,0.11629225919013653,0.7157913799881422,TRUE,0.7771534338573178,NA,NA,NA,25,614,0.5
C,+ (1|judge): captures lambda,0.24784492558095503,0.1828549748338567,-0.11055082509340411,0.6062406762553142,TRUE,0.9292039926453746,NA,NA,NA,25,614,0.5
D,+ (1|temp): captures tau,0.38744823708505755,0.26002244542234304,-0.12219575594273485,0.8970922301128499,TRUE,1.3213416516744332,NA,NA,NA,25,614,0.5
E,+ interactions: lumps eps into residual,0.38744823708505755,0.25304630836262315,-0.10852252730568385,0.883419001475799,TRUE,1.2858914025629562,NA,NA,0.21146274071580193,25,614,0.5
F,+ (1|item:variant:judge:temp): splits eps/rho,0.38744823708505755,0.2505017918218489,-0.1035352748857663,0.8784317490558814,TRUE,1.2729610738629145,0.03917257562599163,0.10041234987764096,NA,25,614,0.5
A,"1 obs/item, naive SE",0.8179812271224306,0.09855884482364616,0.6248058912680842,1.0111565629767771,FALSE,0.5008410200699177,NA,NA,NA,25,615,0.5
B,+ (1|variant): captures phi,0.6697009960030988,0.14260830037894387,0.39018872726036885,0.9492132647458289,TRUE,0.724684697350384,NA,NA,NA,25,615,0.5
C,+ (1|judge): captures lambda,0.511104055939748,0.1531413286660821,0.210947051754227,0.8112610601252689,TRUE,0.7782098035059499,NA,NA,NA,25,615,0.5
D,+ (1|temp): captures tau,0.4732072218785517,0.15888183087091035,0.16179883337156742,0.784615610385536,TRUE,0.807380995448431,NA,NA,NA,25,615,0.5
E,+ interactions: lumps eps into residual,0.4732072218785517,0.15013630772158296,0.17894005874424912,0.7674743850128543,TRUE,0.7629393550965005,NA,NA,0.2186311662737591,25,615,0.5
F,+ (1|item:variant:judge:temp): splits eps/rho,0.47320722187855185,0.14667903570391988,0.1857163118988689,0.7606981318582349,TRUE,0.7453707274701941,0.03827000852554324,0.10321955060617291,NA,25,615,0.5
A,"1 obs/item, naive SE",0.47343725075666376,0.12034075245206247,0.23756937595062133,0.7093051255627062,TRUE,0.6115289330137532,NA,NA,NA,25,616,0.5
B,+ (1|variant): captures phi,0.14039622313773323,0.2006647619163018,-0.2529067102182183,0.5336991564936847,TRUE,1.0197070007270987,NA,NA,NA,25,616,0.5
C,+ (1|judge): captures lambda,0.2514653677950176,0.18251841024920584,-0.10627071629342583,0.609201451883461,TRUE,0.9274936910463901,NA,NA,NA,25,616,0.5
D,+ (1|temp): captures tau,0.48172499141796415,0.2299464531443073,0.031029943255121817,0.9324200395808064,TRUE,1.1685061483860222,NA,NA,NA,25,616,0.5
E,+ interactions: lumps eps into residual,0.48172499141796415,0.22032548430791649,0.04988704217444784,0.9135629406614805,TRUE,1.1196158041992486,NA,NA,0.23193414081059457,25,616,0.5
F,+ (1|item:variant:judge:temp): splits eps/rho,0.481724991417964,0.21666226683660544,0.0570669484182173,0.9063830344177106,TRUE,1.1010006349736734,0.040909401766744694,0.10411588534994598,NA,25,616,0.5
A,"1 obs/item, naive SE",-0.38288748734134936,0.13139761188891913,-0.6404268066436308,-0.1253481680390679,FALSE,0.66771596289457,NA,NA,NA,25,617,0.5
B,+ (1|variant): captures phi,-0.39247290765719817,0.15425094173789053,-0.6948047534634636,-0.09014106185093274,FALSE,0.7838484627633899,NA,NA,NA,25,617,0.5
C,+ (1|judge): captures lambda,0.007306831947233426,0.2814266646227705,-0.5442894307133966,0.5589030946078636,TRUE,1.430110286263485,NA,NA,NA,25,617,0.5
D,+ (1|temp): captures tau,0.42679618679959824,0.33687446894085943,-0.23347777232448624,1.0870701459236827,TRUE,1.7118763208086276,NA,NA,NA,25,617,0.5
E,+ interactions: lumps eps into residual,0.42679618679959824,0.33211500974217023,-0.2241492322950554,1.077741605894252,TRUE,1.6876904407456264,NA,NA,0.21663231040382597,25,617,0.5
F,+ (1|item:variant:judge:temp): splits eps/rho,0.42679618679959835,0.33005619100781547,-0.22011394757571995,1.0737063211749167,TRUE,1.6772282556733649,0.04311262472983711,0.09949805723785672,NA,25,617,0.5
A,"1 obs/item, naive SE",1.4020542993434597,0.11277778322932441,1.1810098442139838,1.6230987544729356,FALSE,0.5730966114189617,NA,NA,NA,25,618,0.5
B,+ (1|variant): captures phi,0.9999415764833712,0.21566627373230612,0.5772356799680513,1.4226474729986913,FALSE,1.095939352008837,NA,NA,NA,25,618,0.5
C,+ (1|judge): captures lambda,0.8290331388773078,0.29732569527378666,0.24627477614068594,1.4117915016139295,TRUE,1.510903509272805,NA,NA,NA,25,618,0.5
D,+ (1|temp): captures tau,0.7585133499959609,0.2376783118501707,0.29266385876962636,1.2243628412222953,TRUE,1.2077967063081458,NA,NA,NA,25,618,0.5
E,+ interactions: lumps eps into residual,0.7585133499959609,0.22046386219594463,0.3264041800919094,1.1906225199000122,TRUE,1.1203189914445855,NA,NA,0.2181918740004613,25,618,0.5
F,+ (1|item:variant:judge:temp): splits eps/rho,0.7585133499959611,0.2172618585913121,0.33268010715698937,1.1843465928349328,TRUE,1.1040475471669944,0.044797110276442134,0.09733520198416601,NA,25,618,0.5
A,"1 obs/item, naive SE",0.8083249440577465,0.1066021809128301,0.5993846694685995,1.0172652186468936,FALSE,0.5417143953502412,NA,NA,NA,25,619,0.5
B,+ (1|variant): captures phi,0.6326984878698625,0.13677084595227715,0.3646276298033993,0.9007693459363257,TRUE,0.6950208286748252,NA,NA,NA,25,619,0.5
C,+ (1|judge): captures lambda,0.7157353961875411,0.15048088862534917,0.42079285448185677,1.0106779378932256,TRUE,0.7646903927801065,NA,NA,NA,25,619,0.5
D,+ (1|temp): captures tau,0.688642136961271,0.26556785883661566,0.16812913364150428,1.2091551402810377,TRUE,1.3495214717208566,NA,NA,NA,25,619,0.5
E,+ interactions: lumps eps into residual,0.688642136961271,0.25814682634054176,0.1826743573338091,1.1946099165887327,TRUE,1.3118104221244844,NA,NA,0.2063373978591345,25,619,0.5
F,+ (1|item:variant:judge:temp): splits eps/rho,0.6886421369612712,0.2557748091160623,0.18732351109378909,1.1899607628287532,TRUE,1.2997566736409525,0.039957986459306025,0.10148662721959166,NA,25,619,0.5
A,"1 obs/item, naive SE",0.6471127204283559,0.10955033457935923,0.4323940646528118,0.8618313762038999,TRUE,0.5566958644645491,NA,NA,NA,25,620,0.5
B,+ (1|variant): captures phi,0.4379390607321422,0.15111265666910903,0.14175825366068856,0.7341198678035958,TRUE,0.7679008134384496,NA,NA,NA,25,620,0.5
C,+ (1|judge): captures lambda,0.43547545880437055,0.31291330069067635,-0.17783461054935512,1.0487855281580962,TRUE,1.590114179927595,NA,NA,NA,25,620,0.5
D,+ (1|temp): captures tau,0.4142683044580793,0.23789970389761475,-0.05201511518124563,0.8805517240974041,TRUE,1.20892174200713,NA,NA,NA,25,620,0.5
E,+ interactions: lumps eps into residual,0.4142683044580793,0.22558024377576508,-0.027868973342420278,0.8564055822585788,TRUE,1.1463186241928116,NA,NA,0.19080197917106984,25,620,0.5
F,+ (1|item:variant:judge:temp): splits eps/rho,0.4142683044580792,0.22352452567325923,-0.023839765861508877,0.8523763747776674,TRUE,1.135872195429594,0.03954639343408185,0.10148014037423496,NA,25,620,0.5
A,"1 obs/item, naive SE",0.5347177152569285,0.1020470911554688,0.33470541659220965,0.7347300139216473,TRUE,0.518567048152037,NA,NA,NA,25,621,0.5
B,+ (1|variant): captures phi,0.4920518100348538,0.16970803299440726,0.1594240653658156,0.8246795547038921,TRUE,0.8623959068418975,NA,NA,NA,25,621,0.5
C,+ (1|judge): captures lambda,0.30226423195862584,0.16267260848136264,-0.016574080664844948,0.6211025445820966,TRUE,0.8266443799642936,NA,NA,NA,25,621,0.5
D,+ (1|temp): captures tau,0.4489532743715338,0.17248670758522902,0.11087932750448493,0.7870272212385827,TRUE,0.8765161435289213,NA,NA,NA,25,621,0.5
E,+ interactions: lumps eps into residual,0.4489532743715338,0.15521610723934134,0.1447297041824248,0.7531768445606428,TRUE,0.7887530908071527,NA,NA,0.19818241548891727,25,621,0.5
F,+ (1|item:variant:judge:temp): splits eps/rho,0.44895327437153393,0.15256218302642416,0.14993139563974256,0.7479751531033253,TRUE,0.7752667912024439,0.03909586090589951,0.09788058230347069,NA,25,621,0.5
A,"1 obs/item, naive SE",0.20669199852487682,0.12523928476990745,-0.03877699962414177,0.4521609966738954,FALSE,0.6364215332395863,NA,NA,NA,25,622,0.5
B,+ (1|variant): captures phi,0.5427541381427675,0.2083666279595683,0.13435554734201366,0.9511527289435213,TRUE,1.0588451465977573,NA,NA,NA,25,622,0.5
C,+ (1|judge): captures lambda,0.712140518271547,0.2569111004359343,0.20859476141711586,1.2156862751259783,TRUE,1.3055309022731931,NA,NA,NA,25,622,0.5
D,+ (1|temp): captures tau,0.618891390828195,0.24311163033817929,0.14239259536536358,1.0953901862910265,TRUE,1.23540689977955,NA,NA,NA,25,622,0.5
E,+ interactions: lumps eps into residual,0.618891390828195,0.23339800028508972,0.16143131026941915,1.0763514713869708,TRUE,1.18604568422273,NA,NA,0.21706713701933453,25,622,0.5
F,+ (1|item:variant:judge:temp): splits eps/rho,0.6188913908281951,0.23066517370620132,0.16678765036404053,1.0709951312923498,TRUE,1.1721584308372655,0.04650727432974713,0.10052207184285085,NA,25,622,0.5
A,"1 obs/item, naive SE",-0.15542274025975716,0.1217703564458873,-0.3940926388936963,0.08324715837418192,FALSE,0.6187936724072032,NA,NA,NA,25,623,0.5
B,+ (1|variant): captures phi,0.1690621778132661,0.14653578705077464,-0.11814796480625217,0.4562723204327844,FALSE,0.7446427887276765,NA,NA,NA,25,623,0.5
C,+ (1|judge): captures lambda,0.28124471706282744,0.19071502740736307,-0.09255673665560415,0.655046170781259,TRUE,0.969145986240795,NA,NA,NA,25,623,0.5
D,+ (1|temp): captures tau,0.4536924536118638,0.20771292187751825,0.04657512673192804,0.8608097804917996,TRUE,1.0555232446259384,NA,NA,NA,25,623,0.5
E,+ interactions: lumps eps into residual,0.4536924536118638,0.19795801432577864,0.06569474553333765,0.8416901616903899,TRUE,1.0059522714916342,NA,NA,0.20282908150047285,25,623,0.5
F,+ (1|item:variant:judge:temp): splits eps/rho,0.4536924536118638,0.19466645840746521,0.07214619513323195,0.8352387120904956,TRUE,0.9892257541841815,0.035013210934881564,0.09917620387554263,NA,25,623,0.5
A,"1 obs/item, naive SE",0.9981747203934994,0.10478238136476573,0.7928012529185586,1.2035481878684402,FALSE,0.5324668208316257,NA,NA,NA,25,624,0.5
B,+ (1|variant): captures phi,0.8382083972481216,0.12037369950323887,0.6022759462217734,1.0741408482744697,FALSE,0.6116963582179448,NA,NA,NA,25,624,0.5
C,+ (1|judge): captures lambda,1.0805789075222014,0.20763301178847687,0.6736182044167868,1.487539610627616,FALSE,1.0551171699547004,NA,NA,NA,25,624,0.5
D,+ (1|temp): captures tau,0.8369858389739305,0.2926150596485924,0.26346032206268943,1.4105113558851716,TRUE,1.486965733257659,NA,NA,NA,25,624,0.5
E,+ interactions: lumps eps into residual,0.8369858389739305,0.2872111232724897,0.27405203735985073,1.3999196405880103,TRUE,1.4595048492361078,NA,NA,0.2213547379468132,25,624,0.5
F,+ (1|item:variant:judge:temp): splits eps/rho,0.8369858389739305,0.28450204189273093,0.2793618368641779,1.3946098410836831,TRUE,1.4457382605132123,0.04149164558374169,0.09628625586155823,NA,25,624,0.5
A,"1 obs/item, naive SE",0.2102092621309246,0.12109981612362612,-0.02714637747138257,0.4475649017332318,FALSE,0.6153862248097783,NA,NA,NA,25,625,0.5
B,+ (1|variant): captures phi,0.2407319159789993,0.18560007601948822,-0.12304423301919759,0.6045080649771961,TRUE,0.9431536212197242,NA,NA,NA,25,625,0.5
C,+ (1|judge): captures lambda,0.502290322036289,0.17402770009136972,0.16119602985720433,0.8433846142153736,TRUE,0.884346919752776,NA,NA,NA,25,625,0.5
D,+ (1|temp): captures tau,0.5175156152615299,0.2120670931012411,0.10186411278309732,0.9331671177399625,TRUE,1.077649595245718,NA,NA,NA,25,625,0.5
E,+ interactions: lumps eps into residual,0.5175156152615299,0.20548718977212346,0.11476072330816789,0.9202705072148919,TRUE,1.0442128651256213,NA,NA,0.21498715939682686,25,625,0.5
F,+ (1|item:variant:judge:temp): splits eps/rho,0.5175156152615298,0.2022242658195876,0.12115605425513809,0.9138751762679215,TRUE,1.0276318452920108,0.04427154215253806,0.09740683157326624,NA,25,625,0.5
A,"1 obs/item, naive SE",-0.37110775147551733,0.12140473044988309,-0.6090610231572882,-0.13315447979374648,FALSE,0.6169356910445919,NA,NA,NA,25,626,0.5
B,+ (1|variant): captures phi,-0.14263186197270147,0.10134316522169998,-0.34126446580723346,0.05600074186183049,FALSE,0.5149899467426884,NA,NA,NA,25,626,0.5
C,+ (1|judge): captures lambda,-0.0035526522047646114,0.17403702630570028,-0.34466522376393716,0.337559919354408,FALSE,0.8843943122593244,NA,NA,NA,25,626,0.5
D,+ (1|temp): captures tau,0.2875801768527464,0.20562793564587992,-0.11545057701317823,0.690610930718671,TRUE,1.0449280856328111,NA,NA,NA,25,626,0.5
E,+ interactions: lumps eps into residual,0.2875801768527464,0.1962043589755121,-0.09698036673925736,0.6721407204447502,TRUE,0.9970408182775657,NA,NA,0.2053844136981713,25,626,0.5
F,+ (1|item:variant:judge:temp): splits eps/rho,0.28758017685274667,0.1929102659537095,-0.09052394441652395,0.6656842981220172,TRUE,0.9803014083119064,0.035799789686451346,0.10146064195793743,NA,25,626,0.5
A,"1 obs/item, naive SE",0.8659504628621385,0.14719460652216892,0.5774490340786874,1.1544518916455897,FALSE,0.7479906751267659,NA,NA,NA,25,627,0.5
B,+ (1|variant): captures phi,1.2542165750744867,0.2087152758389004,0.845134634430242,1.6632985157187314,FALSE,1.0606168512057237,NA,NA,NA,25,627,0.5
C,+ (1|judge): captures lambda,0.8500751012294117,0.25180835512463157,0.3565307251851338,1.3436194772736896,TRUE,1.2796005641950352,NA,NA,NA,25,627,0.5
D,+ (1|temp): captures tau,0.7896988717226782,0.24773421201351356,0.30413981617619157,1.2752579272691649,TRUE,1.258897216917231,NA,NA,NA,25,627,0.5
E,+ interactions: lumps eps into residual,0.7896988717226782,0.22575993764341107,0.3472093939415925,1.2321883495037638,TRUE,1.1472317645622343,NA,NA,0.2084382261406682,25,627,0.5
F,+ (1|item:variant:judge:temp): splits eps/rho,0.7896988717226784,0.2229613865403174,0.35269455410365624,1.2267031893417006,TRUE,1.1330105225042617,0.03893635394923817,0.10162606351367076,NA,25,627,0.5
A,"1 obs/item, naive SE",0.29936575510274854,0.10916067028652095,0.0854108413411675,0.5133206688643296,TRUE,0.5547157290210062,NA,NA,NA,25,628,0.5
B,+ (1|variant): captures phi,0.08343910807790013,0.11714173538573645,-0.1461586932781433,0.3130369094339436,FALSE,0.5952726652623743,NA,NA,NA,25,628,0.5
C,+ (1|judge): captures lambda,0.24617704967747117,0.13908622511490043,-0.026431951547733645,0.518786050902676,TRUE,0.7067867626580394,NA,NA,NA,25,628,0.5
D,+ (1|temp): captures tau,0.4444061632329755,0.1633004556611398,0.12433727013714152,0.7644750563288094,TRUE,0.8298348761854117,NA,NA,NA,25,628,0.5
E,+ interactions: lumps eps into residual,0.4444061632329755,0.15148750368128797,0.1474906560176511,0.7413216704482999,TRUE,0.7698056527279704,NA,NA,0.2062331154420755,25,628,0.5
F,+ (1|item:variant:judge:temp): splits eps/rho,0.4444061632329756,0.14736095684392508,0.15557868781888246,0.7332336386470688,TRUE,0.748836008338477,0.04022226472064325,0.09969560853308765,NA,25,628,0.5
A,"1 obs/item, naive SE",0.2529018618021527,0.13945843899957625,-0.02043667863701676,0.5262404022413221,TRUE,0.7086782213294431,NA,NA,NA,25,629,0.5
B,+ (1|variant): captures phi,0.4566933338747642,0.13734902459979484,0.1874892456591663,0.725897422090362,TRUE,0.6979589270679583,NA,NA,NA,25,629,0.5
C,+ (1|judge): captures lambda,0.6730986370468384,0.1768000682680312,0.32657050324149717,1.0196267708521796,TRUE,0.8984351094844336,NA,NA,NA,25,629,0.5
D,+ (1|temp): captures tau,0.5188381223483343,0.2520091255461641,0.024900236277852594,1.012776008418816,TRUE,1.2806208081203792,NA,NA,NA,25,629,0.5
E,+ interactions: lumps eps into residual,0.5188381223483343,0.2463748266869184,0.035943462041974183,1.0017327826546945,TRUE,1.2519893038338519,NA,NA,0.19563442458103855,25,629,0.5
F,+ (1|item:variant:judge:temp): splits eps/rho,0.5188381223483339,0.24426562618054024,0.04007749503447505,0.9975987496621928,TRUE,1.2412710965026212,0.0395111289048847,0.09968301474306832,NA,25,629,0.5
A,"1 obs/item, naive SE",0.3155311595988555,0.11997978888458534,0.08037077338506826,0.5506915458126428,TRUE,0.6096946444558181,NA,NA,NA,25,630,0.5
B,+ (1|variant): captures phi,0.2786517621140245,0.11060390583391183,0.061868106679557305,0.49543541754849163,FALSE,0.5620497391248157,NA,NA,NA,25,630,0.5
C,+ (1|judge): captures lambda,0.2200826025291517,0.1619698998216788,-0.09737840112133875,0.5375436061796421,TRUE,0.8230734643092069,NA,NA,NA,25,630,0.5
D,+ (1|temp): captures tau,0.3160659343828318,0.15403849308241735,0.01415048794129381,0.6179813808243698,TRUE,0.7827688742037832,NA,NA,NA,25,630,0.5
E,+ interactions: lumps eps into residual,0.3160659343828318,0.1422024794086979,0.03734907474178395,0.5947827940238797,TRUE,0.7226224594145859,NA,NA,0.2276527939933665,25,630,0.5
F,+ (1|item:variant:judge:temp): splits eps/rho,0.3160659343828318,0.13628965618048042,0.04893820826909018,0.5831936604965735,TRUE,0.6925755932767733,0.03768219492946144,0.09979723324851028,NA,25,630,0.5
A,"1 obs/item, naive SE",0.26041067111089555,0.12403096785825521,0.017309974108715348,0.5035113681130757,TRUE,0.6302812961489174,NA,NA,NA,25,631,0.5
B,+ (1|variant): captures phi,0.33616578305212036,0.17247312053645478,-0.001881533199330987,0.6742130993035718,TRUE,0.8764470989760959,NA,NA,NA,25,631,0.5
C,+ (1|judge): captures lambda,0.5644875247564101,0.25067223985864345,0.07316993463346888,1.0558051148793512,TRUE,1.27382723020606,NA,NA,NA,25,631,0.5
D,+ (1|temp): captures tau,0.705338887560244,0.23185138951567558,0.2509101641095199,1.159767611010968,TRUE,1.1781863579817362,NA,NA,NA,25,631,0.5
E,+ interactions: lumps eps into residual,0.705338887560244,0.2140563967898243,0.2857883498521884,1.1248894252682997,TRUE,1.0877585295620809,NA,NA,0.2104012793472233,25,631,0.5
F,+ (1|item:variant:judge:temp): splits eps/rho,0.705338887560244,0.21089846244702626,0.2919779011640725,1.1186998739564156,TRUE,1.0717110296102417,0.04087875328382552,0.09946420901860616,NA,25,631,0.5
A,"1 obs/item, naive SE",0.7740609565119266,0.10627938468073934,0.5657533625376775,0.9823685504861758,FALSE,0.5400740596254837,NA,NA,NA,25,632,0.5
B,+ (1|variant): captures phi,0.8489633181384652,0.13139367947263364,0.5914317063721033,1.106494929904827,FALSE,0.6676959797526482,NA,NA,NA,25,632,0.5
C,+ (1|judge): captures lambda,0.7762981660893941,0.13875226514655295,0.5043437264021503,1.048252605776638,FALSE,0.7050896967933882,NA,NA,NA,25,632,0.5
D,+ (1|temp): captures tau,0.4424022983581458,0.2030295144873352,0.04446444996296883,0.8403401467533228,TRUE,1.0317238328237872,NA,NA,NA,25,632,0.5
E,+ interactions: lumps eps into residual,0.4424022983581458,0.1959990946611401,0.058244072822311255,0.8265605238939804,TRUE,0.9959977379860102,NA,NA,0.20720837363306885,25,632,0.5
F,+ (1|item:variant:judge:temp): splits eps/rho,0.44240229835814576,0.19404473986982193,0.0620746082132948,0.8227299885029967,TRUE,0.9860664015441744,0.03978544849847487,0.0995681250777079,NA,25,632,0.5
A,"1 obs/item, naive SE",0.3963970230727867,0.11096503698664321,0.17890555057896598,0.6138884955666074,TRUE,0.5638848792914507,NA,NA,NA,25,633,0.5
B,+ (1|variant): captures phi,0.5443850443367954,0.16581646902001934,0.21938476505755744,0.8693853236160333,TRUE,0.8426203618455322,NA,NA,NA,25,633,0.5
C,+ (1|judge): captures lambda,0.44941452943928833,0.17598909141712668,0.10447591026172004,0.7943531486168567,TRUE,0.8943140133617377,NA,NA,NA,25,633,0.5
D,+ (1|temp): captures tau,0.572238801116816,0.21913392665293444,0.1427363048770645,1.0017412973565676,TRUE,1.1135607316944807,NA,NA,NA,25,633,0.5
E,+ interactions: lumps eps into residual,0.572238801116816,0.207517040772574,0.165505401202571,0.9789722010310611,TRUE,1.054527846469758,NA,NA,0.19769113047420056,25,633,0.5
F,+ (1|item:variant:judge:temp): splits eps/rho,0.5722388011168161,0.2049711249684744,0.17049539617860632,0.973982206055026,TRUE,1.0415904072108166,0.04144445212785139,0.10004675757001542,NA,25,633,0.5
A,"1 obs/item, naive SE",0.9564580731009406,0.1211047861605284,0.7190926922263049,1.1938234539755763,FALSE,0.6154114807708885,NA,NA,NA,25,634,0.5
B,+ (1|variant): captures phi,0.951884166174616,0.17283060862071428,0.6131361732780161,1.290632159071216,FALSE,0.8782637263635591,NA,NA,NA,25,634,0.5
C,+ (1|judge): captures lambda,0.8511534199322639,0.21944859536415423,0.42103417301852164,1.2812726668460062,TRUE,1.1151597662468176,NA,NA,NA,25,634,0.5
D,+ (1|temp): captures tau,0.4830088323845606,0.2611702657626301,-0.02888488851019433,0.9949025532793155,TRUE,1.327174466690833,NA,NA,NA,25,634,0.5
E,+ interactions: lumps eps into residual,0.4830088323845606,0.24688734231806891,-8.903585588544427e-4,0.9669080233279757,TRUE,1.2545937261154492,NA,NA,0.20926369083692925,25,634,0.5
F,+ (1|item:variant:judge:temp): splits eps/rho,0.48300883238456066,0.24429245246870937,0.0041956255458903136,0.9618220392232311,TRUE,1.2414074181646229,0.03945674490962593,0.09966450867368752,NA,25,634,0.5
A,"1 obs/item, naive SE",0.37591326331258124,0.09408538552653382,0.19150590768057493,0.5603206189445875,TRUE,0.47810848985798216,NA,NA,NA,25,635,0.5
B,+ (1|variant): captures phi,0.2626185456377449,0.10762866496039375,0.05166636231537314,0.47357072896011665,FALSE,0.5469306224517985,NA,NA,NA,25,635,0.5
C,+ (1|judge): captures lambda,0.5886329756579036,0.19672714132880362,0.20304777865344853,0.9742181726623587,TRUE,0.9996974123921333,NA,NA,NA,25,635,0.5
D,+ (1|temp): captures tau,0.7268691496491092,0.17988265730209058,0.3742991413370117,1.0794391579612066,TRUE,0.9140997313561403,NA,NA,NA,25,635,0.5
E,+ interactions: lumps eps into residual,0.7268691496491092,0.1668768266845589,0.3997905693473738,1.0539477299508446,TRUE,0.8480087226293584,NA,NA,0.1967273562637015,25,635,0.5
F,+ (1|item:variant:judge:temp): splits eps/rho,0.7268691496491092,0.16356476290616456,0.4062822143530267,1.0474560849451917,TRUE,0.8311779916657822,0.03856842263183203,0.0982232521643379,NA,25,635,0.5
A,"1 obs/item, naive SE",0.8959984555446494,0.11094653370154661,0.6785432494896181,1.1134536615996808,FALSE,0.5637908521729408,NA,NA,NA,25,636,0.5
B,+ (1|variant): captures phi,0.7711533661041577,0.07799352484104861,0.6182860574157025,0.924020674792613,FALSE,0.3963353731482397,NA,NA,NA,25,636,0.5
C,+ (1|judge): captures lambda,0.6118315493216101,0.1440532935075046,0.32948709404690113,0.8941760045963191,TRUE,0.7320276388570274,NA,NA,NA,25,636,0.5
D,+ (1|temp): captures tau,0.6534664229745275,0.21461139909953852,0.232828080739432,1.074104765209623,TRUE,1.0905788540437225,NA,NA,NA,25,636,0.5
E,+ interactions: lumps eps into residual,0.6534664229745275,0.19051957225717794,0.28004806135045873,1.0268847845985962,TRUE,0.9681527526353099,NA,NA,0.21730522561117113,25,636,0.5
F,+ (1|item:variant:judge:temp): splits eps/rho,0.6534664229745275,0.18620295122702846,0.2885086385695517,1.0184242073795033,TRUE,0.946217218753356,0.034220042020536204,0.09741339145240581,NA,25,636,0.5
A,"1 obs/item, naive SE",0.793210218034924,0.12998902389846873,0.5384317311939253,1.0479887048759227,FALSE,0.6605580193608592,NA,NA,NA,25,637,0.5
B,+ (1|variant): captures phi,0.6671303063505813,0.2762098314042089,0.1257590367983319,1.2085015759028308,TRUE,1.403600193989228,NA,NA,NA,25,637,0.5
C,+ (1|judge): captures lambda,0.7394438641029035,0.2661110213250417,0.21786626230582173,1.2610214658999852,TRUE,1.3522816304387655,NA,NA,NA,25,637,0.5
D,+ (1|temp): captures tau,0.5344749541849391,0.24392234572511362,0.0563871565637164,1.0125627518061617,TRUE,1.2395266672352778,NA,NA,NA,25,637,0.5
E,+ interactions: lumps eps into residual,0.5344749541849391,0.2351119316609475,0.07365556812948199,0.9952943402403962,TRUE,1.1947552743173624,NA,NA,0.21090431293098882,25,637,0.5
F,+ (1|item:variant:judge:temp): splits eps/rho,0.534474954184939,0.23333247349171268,0.07714330614118209,0.9918066022286958,TRUE,1.1857127003480143,0.04281748345140285,0.10032081475554774,NA,25,637,0.5
A,"1 obs/item, naive SE",0.5553207447508932,0.1457887873292461,0.26957472158557083,0.8410667679162156,TRUE,0.7408468016380172,NA,NA,NA,25,638,0.5
B,+ (1|variant): captures phi,0.20112070712620092,0.1456260114441415,-0.08430627530431642,0.48654768955671823,FALSE,0.7400196324429598,NA,NA,NA,25,638,0.5
C,+ (1|judge): captures lambda,0.10599257981067675,0.1402451007065066,-0.16888781757407614,0.3808729771954297,FALSE,0.712675756532437,NA,NA,NA,25,638,0.5
D,+ (1|temp): captures tau,0.26226160245328356,0.2661562618408402,-0.25940467075476314,0.7839278756613303,TRUE,1.3525115266608807,NA,NA,NA,25,638,0.5
E,+ interactions: lumps eps into residual,0.26226160245328356,0.2575168861010741,-0.24247149430482162,0.7669946992113887,TRUE,1.3086092897179247,NA,NA,0.22959326279783163,25,638,0.5
F,+ (1|item:variant:judge:temp): splits eps/rho,0.2622616024532835,0.2542235350092112,-0.23601652616477042,0.7605397310713374,TRUE,1.2918736499765255,0.0427229732940032,0.09642714322702418,NA,25,638,0.5
A,"1 obs/item, naive SE",0.6255885013264252,0.12395808968804192,0.382630645537863,0.8685463571149874,TRUE,0.6299109551899119,NA,NA,NA,25,639,0.5
B,+ (1|variant): captures phi,0.6170803028926704,0.13239756298126037,0.35758107944940004,0.8765795263359406,TRUE,0.6727973589479058,NA,NA,NA,25,639,0.5
C,+ (1|judge): captures lambda,0.7620082557110008,0.23097769577164842,0.30929197199856995,1.2147245394234316,TRUE,1.1737465568987362,NA,NA,NA,25,639,0.5
D,+ (1|temp): captures tau,0.7861907373135691,0.22315458745092318,0.3488077459097597,1.2235737287173785,TRUE,1.1339923008653958,NA,NA,NA,25,639,0.5
E,+ interactions: lumps eps into residual,0.7861907373135691,0.21232559879588503,0.3700325636736345,1.2023489109535037,TRUE,1.0789632293090128,NA,NA,0.2118140361653141,25,639,0.5
F,+ (1|item:variant:judge:temp): splits eps/rho,0.7861907373135691,0.20935257636466764,0.37585968763882055,1.1965217869883178,TRUE,1.0638553859712994,0.04513013798303871,0.10095645322621156,NA,25,639,0.5
A,"1 obs/item, naive SE",0.20802803104454257,0.10424996606412026,0.003698097558866853,0.4123579645302183,FALSE,0.5297612755023025,NA,NA,NA,25,640,0.5
B,+ (1|variant): captures phi,0.13153564182521738,0.1659571859902107,-0.1937404427155956,0.45681172636603035,FALSE,0.84333543547507706,NA,NA,NA,25,640,0.5
C,+ (1|judge): captures lambda,0.19145958844786665,0.14411714659380231,-0.09101001887598587,0.47392919577171916,FALSE,0.732352117547227,NA,NA,NA,25,640,0.5
D,+ (1|temp): captures tau,0.4482025447688445,0.21355140223455635,0.029641796389114072,0.8667632931485749,TRUE,1.085192326715013,NA,NA,NA,25,640,0.5
E,+ interactions: lumps eps into residual,0.4482025447688445,0.20237205585660542,0.05155331528989793,0.8448517742477911,TRUE,1.0283828617332913,NA,NA,0.19463328894836726,25,640,0.5
F,+ (1|item:variant:judge:temp): splits eps/rho,0.44820254476884486,0.20057395122259378,0.05507760037256104,0.8413274891651287,TRUE,1.0192455330571868,0.03468429270859964,0.10106401934821785,NA,25,640,0.5
A,"1 obs/item, naive SE",0.026367400530758176,0.10481272008029378,-0.17906553082661764,0.23180033188813398,FALSE,0.5326209914010949,NA,NA,NA,25,641,0.5
B,+ (1|variant): captures phi,0.19278378901678336,0.17828051433303937,-0.15664601907597378,0.5422135971095405,TRUE,0.9059582102135859,NA,NA,NA,25,641,0.5
C,+ (1|judge): captures lambda,0.42012770738884037,0.2367658088105414,-0.043933277879820765,0.8841886926575016,TRUE,1.2031596901783141,NA,NA,NA,25,641,0.5
D,+ (1|temp): captures tau,0.42626065480435904,0.3130889358823625,-0.18739365952507137,1.0399149691337894,TRUE,1.5910066955483053,NA,NA,NA,25,641,0.5
E,+ interactions: lumps eps into residual,0.42626065480435904,0.3065760228977602,-0.1746283500752509,1.0271496596839689,TRUE,1.5579103865496409,NA,NA,0.20485026258843386,25,641,0.5
F,+ (1|item:variant:judge:temp): splits eps/rho,0.4262606548043587,0.30462928787221927,-0.1708127494251911,1.0233340590339086,TRUE,1.5480177710493035,0.04082834451175732,0.09925959722821827,NA,25,641,0.5
A,"1 obs/item, naive SE",0.7631513600033504,0.103253889369662,0.5607737368388128,0.9655289831678879,FALSE,0.5246995677619876,NA,NA,NA,25,642,0.5
B,+ (1|variant): captures phi,0.9290995988201493,0.10586964921530323,0.721595086358155,1.1366041112821437,FALSE,0.537991929616401,NA,NA,NA,25,642,0.5
C,+ (1|judge): captures lambda,0.6873639296257295,0.184938729747687,0.32488401932026295,1.049843839931196,TRUE,0.9397928945190305,NA,NA,NA,25,642,0.5
D,+ (1|temp): captures tau,0.6525756274938143,0.16274626782204565,0.3335929425626048,0.9715583124250238,TRUE,0.8270186905539861,NA,NA,NA,25,642,0.5
E,+ interactions: lumps eps into residual,0.6525756274938143,0.15158646694696476,0.35546615227776335,0.9496851027098652,TRUE,0.7703085488710786,NA,NA,0.21927594956764818,25,642,0.5
F,+ (1|item:variant:judge:temp): splits eps/rho,0.6525756274938143,0.14882811586091493,0.360872520406421,0.9442787345812076,TRUE,0.7562915890120208,0.04485641932085862,0.09922549088202066,NA,25,642,0.5
A,"1 obs/item, naive SE",0.9083196206966758,0.12030764256674698,0.6725166412658518,1.1441226001275,FALSE,0.6113606803443405,NA,NA,NA,25,643,0.5
B,+ (1|variant): captures phi,0.5922119358536044,0.1472933505236503,0.3035169688272498,0.880906902879959,TRUE,0.7484924570471628,NA,NA,NA,25,643,0.5
C,+ (1|judge): captures lambda,0.6423677459521778,0.18054250167534155,0.2885044426685084,0.9962310492358473,TRUE,0.9174528259421995,NA,NA,NA,25,643,0.5
D,+ (1|temp): captures tau,0.5833509371742812,0.1331027183720586,0.3224696091650464,0.844232265183516,TRUE,0.6763807080209101,NA,NA,NA,25,643,0.5
E,+ interactions: lumps eps into residual,0.5833509371742812,0.11955080148352423,0.3490313662665737,0.8176705080819887,TRUE,0.607514682952322,NA,NA,0.21221663932110887,25,643,0.5
F,+ (1|item:variant:judge:temp): splits eps/rho,0.5833509371742812,0.11605268661153383,0.3558876714156749,0.8108142029328875,TRUE,0.5897385064565005,0.03982763830190461,0.10004183946072076,NA,25,643,0.5
A,"1 obs/item, naive SE",0.36611533729550355,0.12092546243323699,0.12910143092635906,0.603129243664648,TRUE,0.6145002213231943,NA,NA,NA,25,644,0.5
B,+ (1|variant): captures phi,0.2751441396815375,0.10731177316088152,0.06481306428620973,0.4854752150768653,FALSE,0.5453202909548792,NA,NA,NA,25,644,0.5
C,+ (1|judge): captures lambda,0.3335120012805319,0.12818156064215191,0.08227614242191411,0.5847478601391496,TRUE,0.6513731334923977,NA,NA,NA,25,644,0.5
D,+ (1|temp): captures tau,0.4192751831534727,0.19012078703750482,0.046638440559963246,0.7919119257469821,TRUE,0.9661262678833095,NA,NA,NA,25,644,0.5
E,+ interactions: lumps eps into residual,0.4192751831534727,0.18052665264931153,0.06544294396082206,0.7731074223461233,TRUE,0.9173722868249016,NA,NA,0.21256427517762588,25,644,0.5
F,+ (1|item:variant:judge:temp): splits eps/rho,0.41927518315347273,0.1782164686433213,0.069970904612563,0.7685794616943824,TRUE,0.9056327527812583,0.04479163673877358,0.10154209727279236,NA,25,644,0.5
A,"1 obs/item, naive SE",0.6520994792681278,0.09948221466074081,0.4571143385330758,0.8470846200031799,TRUE,0.5055332574022421,NA,NA,NA,25,645,0.5
B,+ (1|variant): captures phi,0.14725847588375424,0.16711589587823603,-0.18028868003758836,0.47480563180509683,FALSE,0.8492235873027705,NA,NA,NA,25,645,0.5
C,+ (1|judge): captures lambda,0.5833568303341554,0.35207188949814144,-0.10670407308220176,1.2734177337505126,TRUE,1.7891042106845703,NA,NA,NA,25,645,0.5
D,+ (1|temp): captures tau,0.44525960575897894,0.3035600437481585,-0.1497180799874117,1.0402372915053695,TRUE,1.5425842524365743,NA,NA,NA,25,645,0.5
E,+ interactions: lumps eps into residual,0.44525960575897894,0.2896845828100354,-0.12252217654869046,1.0130413880666485,TRUE,1.4720740915004897,NA,NA,0.22290788548570795,25,645,0.5
F,+ (1|item:variant:judge:temp): splits eps/rho,0.4452596057589791,0.28709002096197556,-0.11743683532649302,1.0079560468444513,TRUE,1.4588894503356917,0.04475694413330781,0.10009649312860634,NA,25,645,0.5
A,"1 obs/item, naive SE",0.017973097062920756,0.12705143410243264,-0.23104771377784722,0.2669939079036887,FALSE,0.6456302320818356,NA,NA,NA,25,646,0.5
B,+ (1|variant): captures phi,-0.018307686678008087,0.1749057481174108,-0.36112295298813324,0.32450757963211707,FALSE,0.8888088477493924,NA,NA,NA,25,646,0.5
C,+ (1|judge): captures lambda,0.30478265989893405,0.2533824679843265,-0.1918469773503459,0.801412297148214,TRUE,1.2875996462841715,NA,NA,NA,25,646,0.5
D,+ (1|temp): captures tau,0.25493488674408116,0.21861631401293055,-0.17355308872126274,0.683422862209425,TRUE,1.1109304082254456,NA,NA,NA,25,646,0.5
E,+ interactions: lumps eps into residual,0.25493488674408116,0.20085238140052056,-0.13873578080093912,0.6486055542891014,TRUE,1.0206604162630586,NA,NA,0.20158910507731873,25,646,0.5
F,+ (1|item:variant:judge:temp): splits eps/rho,0.2549348867440812,0.1987560436671659,-0.13462695884356396,0.6444967323317263,TRUE,1.0100075729727067,0.03976439392609678,0.10165698191379066,NA,25,646,0.5
A,"1 obs/item, naive SE",0.7504890729949621,0.09635307942845231,0.5616370373151957,0.9393411086747286,FALSE,0.48963210429436704,NA,NA,NA,25,647,0.5
B,+ (1|variant): captures phi,0.9632423655546948,0.13976623646768108,0.6893005420780398,1.2371841890313497,FALSE,0.7102423386664148,NA,NA,NA,25,647,0.5
C,+ (1|judge): captures lambda,0.7527203610415024,0.21116354131251808,0.338839820068967,1.1666009020140378,TRUE,1.0730580661915798,NA,NA,NA,25,647,0.5
D,+ (1|temp): captures tau,0.6361711530247355,0.17531638180099587,0.29255104469478355,0.9797912613546874,TRUE,0.8908955421838677,NA,NA,NA,25,647,0.5
E,+ interactions: lumps eps into residual,0.6361711530247355,0.16652286088170937,0.30978634569658514,0.9625559603528858,TRUE,0.846209994224148,NA,NA,0.21869840156501688,25,647,0.5
F,+ (1|item:variant:judge:temp): splits eps/rho,0.6361711530247353,0.16210842201728046,0.31843864587086557,0.953903660178605,TRUE,0.8237773848743434,0.04264060734741187,0.09858346980442645,NA,25,647,0.5
A,"1 obs/item, naive SE",0.0017634705564730435,0.11624055877571138,-0.22606802464392126,0.22959496575686736,FALSE,0.5906932060222045,NA,NA,NA,25,648,0.5
B,+ (1|variant): captures phi,0.07708028585874513,0.11160151045967896,-0.14165867464222565,0.2958192463597159,FALSE,0.5671192112689921,NA,NA,NA,25,648,0.5
C,+ (1|judge): captures lambda,0.1588860720630559,0.1896583108110314,-0.21284421712656562,0.5306163612526774,TRUE,0.9637761280715098,NA,NA,NA,25,648,0.5
D,+ (1|temp): captures tau,0.5268442719541885,0.2715596389849266,-0.005412620456267558,1.0591011643646446,TRUE,1.3799695688640847,NA,NA,NA,25,648,0.5
E,+ interactions: lumps eps into residual,0.5268442719541885,0.26240118414143454,0.012537951036976747,1.0411505928714002,TRUE,1.3334295564046617,NA,NA,0.21225451924026015,25,648,0.5
F,+ (1|item:variant:judge:temp): splits eps/rho,0.5268442719541885,0.25986640531532257,0.017506117536156274,1.0361824263722208,TRUE,1.3205487113096006,0.038885601987198024,0.09988511044709783,NA,25,648,0.5
A,"1 obs/item, naive SE",0.40168574270322266,0.13264292689495732,0.1417056059891063,0.661665879417339,TRUE,0.6740442111512186,NA,NA,NA,25,649,0.5
B,+ (1|variant): captures phi,0.5140929210275637,0.1179222822930327,0.28296524773321957,0.7452205943219077,TRUE,0.5992391272269212,NA,NA,NA,25,649,0.5
C,+ (1|judge): captures lambda,0.36178063924498427,0.13650619016619678,0.09422850651923859,0.62933277197073,TRUE,0.6936759420326869,NA,NA,NA,25,649,0.5
D,+ (1|temp): captures tau,0.3937251753864993,0.16855870536618486,0.06335011286877701,0.7241002379042216,TRUE,0.8565554323239236,NA,NA,NA,25,649,0.5
E,+ interactions: lumps eps into residual,0.3937251753864993,0.15117793294527557,0.09741642681375923,0.6900339239592395,TRUE,0.7682325242737391,NA,NA,0.22446671397878787,25,649,0.5
F,+ (1|item:variant:judge:temp): splits eps/rho,0.3937251753864993,0.14623518654968234,0.10710420974912194,0.6803461410238767,TRUE,0.7431152438191503,0.03862510675969104,0.10092654021894984,NA,25,649,0.5
A,"1 obs/item, naive SE",0.6188258312710108,0.12304224389561084,0.3776630332356135,0.8599886293064081,TRUE,0.6252569523784071,NA,NA,NA,25,650,0.5
B,+ (1|variant): captures phi,0.6122854382463244,0.1440657025480153,0.32991666125221447,0.8946542152404344,TRUE,0.7320906971905395,NA,NA,NA,25,650,0.5
C,+ (1|judge): captures lambda,0.8125807392806709,0.17530897821845962,0.46897514197249,1.1561863365888518,TRUE,0.890857919808765,NA,NA,NA,25,650,0.5
D,+ (1|temp): captures tau,0.6741763538222004,0.21537712698522624,0.252037184931157,1.096315522713244,TRUE,1.094470011007362,NA,NA,NA,25,650,0.5
E,+ interactions: lumps eps into residual,0.6741763538222004,0.20478204614950757,0.2728035433691656,1.0755491642752353,TRUE,1.0406295758543371,NA,NA,0.21610039356482516,25,650,0.5
F,+ (1|item:variant:judge:temp): splits eps/rho,0.6741763538222004,0.2013663893447417,0.2794982307065067,1.068854476937894,TRUE,1.0232724219492897,0.04056106604822728,0.1011945506977437,NA,25,650,0.5
A,"1 obs/item, naive SE",0.5914020713020327,0.11267770009982507,0.37055377910637555,0.8122503634976899,TRUE,0.57258802452592406,NA,NA,NA,25,651,0.5
B,+ (1|variant): captures phi,0.6156201097471605,0.17115099254212332,0.28016416436459884,0.9510760551297222,TRUE,0.869728514413454,NA,NA,NA,25,651,0.5
C,+ (1|judge): captures lambda,0.5946965281599125,0.19355606078193624,0.21532664902731746,0.9740664072925075,TRUE,0.9835831081035761,NA,NA,NA,25,651,0.5
D,+ (1|temp): captures tau,0.4524771334363591,0.20250070435426512,0.05557575290199945,0.8493785139707187,TRUE,1.0290366076747504,NA,NA,NA,25,651,0.5
E,+ interactions: lumps eps into residual,0.4524771334363591,0.1926599000532875,0.0748637293319156,0.8300905375408025,TRUE,0.9790291377898397,NA,NA,0.21074072954084402,25,651,0.5
F,+ (1|item:variant:judge:temp): splits eps/rho,0.45247713343635904,0.18928307809948333,0.08148230036137172,0.8234719665113464,TRUE,0.9618693287948786,0.03946645763851424,0.10171226575123968,NA,25,651,0.5
A,"1 obs/item, naive SE",0.34171002531650396,0.11727332581765301,0.11185430671390406,0.5715657439191039,TRUE,0.5959413610681182,NA,NA,NA,25,652,0.5
B,+ (1|variant): captures phi,0.46216142415363837,0.14374105292227987,0.18042896042596984,0.7438938878813068,TRUE,0.7304409431780043,NA,NA,NA,25,652,0.5
C,+ (1|judge): captures lambda,0.4905603403364544,0.14433739132599083,0.2076590533375124,0.7734616273353965,TRUE,0.7334713229978559,NA,NA,NA,25,652,0.5
D,+ (1|temp): captures tau,0.46079562657999323,0.2299815368929426,0.010031814269825745,0.9115594388901607,TRUE,1.1686844315272846,NA,NA,NA,25,652,0.5
E,+ interactions: lumps eps into residual,0.46079562657999323,0.2186936525344509,0.032156067612469474,0.889435185547517,TRUE,1.1113234151045162,NA,NA,0.2007313278622676,25,652,0.5
F,+ (1|item:variant:judge:temp): splits eps/rho,0.4607956265799938,0.2160123479320487,0.037411424633178314,0.8841798285268092,TRUE,1.0976979780918548,0.03559338725782878,0.0999271802760403,NA,25,652,0.5
A,"1 obs/item, naive SE",-0.18279694755604808,0.088738384256196165,-0.35672418069819256,-0.008869714413903607,FALSE,0.4509369298083198,NA,NA,NA,25,653,0.5
B,+ (1|variant): captures phi,-0.03220167007612859,0.23108759052901834,-0.4851333475130045,0.4207300073607474,FALSE,1.1743050029974091,NA,NA,NA,25,653,0.5
C,+ (1|judge): captures lambda,0.12891570507493838,0.26286423028826117,-0.38629818629005347,0.6441295964399303,TRUE,1.3357825923491378,NA,NA,NA,25,653,0.5
D,+ (1|temp): captures tau,0.4534484085953633,0.30358456758588254,-0.1415773438729665,1.0484741610636932,TRUE,1.54270887386374,NA,NA,NA,25,653,0.5
E,+ interactions: lumps eps into residual,0.4534484085953633,0.2944649590204654,-0.12370291108474885,1.0305997282754755,TRUE,1.4963662643829312,NA,NA,0.20763442032158688,25,653,0.5
F,+ (1|item:variant:judge:temp): splits eps/rho,0.4534484085953632,0.2923013521828588,-0.1194622416830401,1.0263590588737665,TRUE,1.4853715834132415,0.039125180731715774,0.09805311446659491,NA,25,653,0.5
A,"1 obs/item, naive SE",0.4256166514809286,0.1041568942659293,0.22146913871970714,0.6297641642421501,TRUE,0.5292883177030394,NA,NA,NA,25,654,0.5
B,+ (1|variant): captures phi,0.44956511458097415,0.13822666969921768,0.1786408419705075,0.7204893871914408,TRUE,0.702418807534707,NA,NA,NA,25,654,0.5
C,+ (1|judge): captures lambda,0.7297255456861497,0.22949067858664793,0.27992381565631974,1.1795272757159796,TRUE,1.1661900640732596,NA,NA,NA,25,654,0.5
D,+ (1|temp): captures tau,0.7848610574616068,0.3014792416710967,0.1939617437862573,1.3757603711369564,TRUE,1.5320103558298923,NA,NA,NA,25,654,0.5
E,+ interactions: lumps eps into residual,0.7848610574616068,0.292971058061082,0.21063778366188612,1.3590843312613274,TRUE,1.4887747906626394,NA,NA,0.21237063059609484,25,654,0.5
F,+ (1|item:variant:judge:temp): splits eps/rho,0.7848610574616068,0.2905895681584139,0.21530550387111558,1.354416611052098,TRUE,1.4766729053952878,0.03681208342604472,0.09857643277243608,NA,25,654,0.5
A,"1 obs/item, naive SE",0.6962886772341067,0.10922993641376837,0.4821980018631207,0.9103793526050927,TRUE,0.5550677148614345,NA,NA,NA,25,655,0.5
B,+ (1|variant): captures phi,0.7226106276254222,0.11481125122720487,0.49758057522010063,0.9476406800307438,TRUE,0.5834299730585012,NA,NA,NA,25,655,0.5
C,+ (1|judge): captures lambda,0.6804042303130716,0.17191058725018987,0.3434594793026995,1.0173489813234438,TRUE,0.8735885047482483,NA,NA,NA,25,655,0.5
D,+ (1|temp): captures tau,0.5698873368898376,0.20810675796594294,0.16199809127658948,0.9777765825030857,TRUE,1.0575245796519313,NA,NA,NA,25,655,0.5
E,+ interactions: lumps eps into residual,0.5698873368898376,0.198404510062731,0.1810144971668849,0.9587601766127903,TRUE,1.0082212041353986,NA,NA,0.20607204718928354,25,655,0.5
F,+ (1|item:variant:judge:temp): splits eps/rho,0.5698873368898377,0.19533914998640628,0.18702260291648143,0.952752070863194,TRUE,0.9926441337034639,0.04157908164517597,0.09941483732796531,NA,25,655,0.5
A,"1 obs/item, naive SE",0.8063460693127811,0.08943256413690534,0.6310582436044466,0.9816338950211155,FALSE,0.454464505239916,NA,NA,NA,25,656,0.5
B,+ (1|variant): captures phi,0.5806849022773134,0.13605957855940048,0.3140081283008885,0.8473616762537384,TRUE,0.6914064205795575,NA,NA,NA,25,656,0.5
C,+ (1|judge): captures lambda,0.7770500893394965,0.14499435196587313,0.49286115948638515,1.0612390191926078,TRUE,0.7368097634758585,NA,NA,NA,25,656,0.5
D,+ (1|temp): captures tau,0.5464597267071742,0.17637671703633828,0.20076136131595124,0.8921580920983972,TRUE,0.8962837889904857,NA,NA,NA,25,656,0.5
E,+ interactions: lumps eps into residual,0.5464597267071742,0.16956214683317988,0.21411791891414167,0.8788015345002068,TRUE,0.8616545652207173,NA,NA,0.2147179656302355,25,656,0.5
F,+ (1|item:variant:judge:temp): splits eps/rho,0.5464597267071744,0.16636801880977456,0.22037840984001622,0.8725410435743325,TRUE,0.8454231418478205,0.04105721062350812,0.09905239779967587,NA,25,656,0.5
A,"1 obs/item, naive SE",0.6027647084507441,0.11530658120215102,0.37676380929452813,0.8287656076069602,TRUE,0.5859470639433135,NA,NA,NA,25,657,0.5
B,+ (1|variant): captures phi,0.8749152936598446,0.1696844306059915,0.5423338096721012,1.207496777647588,FALSE,0.8622759678926191,NA,NA,NA,25,657,0.5
C,+ (1|judge): captures lambda,0.7106013146633819,0.18482891638898416,0.348336638540973,1.072865990785791,TRUE,0.9392348620594532,NA,NA,NA,25,657,0.5
D,+ (1|temp): captures tau,0.5782266757394169,0.1804405230381147,0.2245632505847121,0.9318901008941216,TRUE,0.9169346067525831,NA,NA,NA,25,657,0.5
E,+ interactions: lumps eps into residual,0.5782266757394169,0.16910503863668352,0.2467808000115172,0.9096725514673165,TRUE,0.859331703829381,NA,NA,0.20728808002409926,25,657,0.5
F,+ (1|item:variant:judge:temp): splits eps/rho,0.5782266757394168,0.16535153240286932,0.25413767222979294,0.9023156792490405,TRUE,0.8402577192027747,0.04010746653342517,0.10027106969137037,NA,25,657,0.5
A,"1 obs/item, naive SE",0.11513921755385656,0.1530776080834193,-0.18489289428964525,0.41517132939735835,FALSE,0.7778859981521291,NA,NA,NA,25,658,0.5
B,+ (1|variant): captures phi,0.43029184936099996,0.2078098450640806,0.022984553035401978,0.8375991456865979,TRUE,1.0560157738120624,NA,NA,NA,25,658,0.5
C,+ (1|judge): captures lambda,0.4751756864372657,0.3201803999072641,-0.15237789738097196,1.1027292702555034,TRUE,1.6270429953078651,NA,NA,NA,25,658,0.5
D,+ (1|temp): captures tau,0.6029761362954384,0.2812097486004032,0.05180502903864814,1.1541472435522286,TRUE,1.4290079961330928,NA,NA,NA,25,658,0.5
E,+ interactions: lumps eps into residual,0.6029761362954384,0.2741012748882746,0.06573763751442019,1.1402146350764566,TRUE,1.3928852591885492,NA,NA,0.220839620212866,25,658,0.5
F,+ (1|item:variant:judge:temp): splits eps/rho,0.6029761362954384,0.27141787400742373,0.07099710324088793,1.1349551693499889,TRUE,1.3792491696338607,0.04245914336989167,0.09814448995051635,NA,25,658,0.5
A,"1 obs/item, naive SE",0.8490146483675699,0.1218362686045027,0.6102155619027446,1.087813734832395,FALSE,0.6191286145710954,NA,NA,NA,25,659,0.5
B,+ (1|variant): captures phi,1.0566906119778836,0.10725724899926087,0.8464664039393324,1.2669148200164349,FALSE,0.5450432185442456,NA,NA,NA,25,659,0.5
C,+ (1|judge): captures lambda,0.8676313421856136,0.2120141793788782,0.4520835506030123,1.2831791337682148,TRUE,1.0773807065150174,NA,NA,NA,25,659,0.5
D,+ (1|temp): captures tau,0.7016980602997722,0.2081729277943991,0.29367912182274997,1.1097169987767945,TRUE,1.0578608312023745,NA,NA,NA,25,659,0.5
E,+ interactions: lumps eps into residual,0.7016980602997722,0.19919903408332082,0.3112679534964634,1.092128167103081,TRUE,1.0122586928220232,NA,NA,0.1960581220495631,25,659,0.5
F,+ (1|item:variant:judge:temp): splits eps/rho,0.7016980602997722,0.1973770658865979,0.3148390111620403,1.0885571094375042,TRUE,1.003000098001696,0.03851632895046632,0.10233394265845665,NA,25,659,0.5
A,"1 obs/item, naive SE",0.36780621871270114,0.13381585038421617,0.10552715195963747,0.6300852854657648,TRUE,0.6800045914486491,NA,NA,NA,25,660,0.5
B,+ (1|variant): captures phi,0.36821022148880167,0.1255884442176997,0.12205687082211022,0.6143635721554931,TRUE,0.638195837456648,NA,NA,NA,25,660,0.5
C,+ (1|judge): captures lambda,0.25382802028277224,0.1287163098472983,0.0015440529820676119,0.5061119875834769,TRUE,0.6540905388948891,NA,NA,NA,25,660,0.5
D,+ (1|temp): captures tau,0.44005865101448727,0.16419606612465787,0.11823436141015786,0.7618829406188167,TRUE,0.8343860502473267,NA,NA,NA,25,660,0.5
E,+ interactions: lumps eps into residual,0.44005865101448727,0.15573290033875017,0.13482216635053695,0.7452951356784376,TRUE,0.7913792496621611,NA,NA,0.2364127621857078,25,660,0.5
F,+ (1|item:variant:judge:temp): splits eps/rho,0.44005865101448727,0.1521668588028617,0.1418116077608783,0.7383056942680962,TRUE,0.7732578940025869,0.04446419167302252,0.10650535608158428,NA,25,660,0.5
A,"1 obs/item, naive SE",-0.09208736578893821,0.11108982360377626,-0.30982342005233965,0.12564868847446325,FALSE,0.5645190005286447,NA,NA,NA,25,661,0.5
B,+ (1|variant): captures phi,0.12322015336111004,0.13047419610518188,-0.13250927100504645,0.3789495777272665,FALSE,0.663023492077738,NA,NA,NA,25,661,0.5
C,+ (1|judge): captures lambda,0.12018894066652044,0.17534922327041688,-0.22349553694349664,0.4638734182765375,FALSE,0.8910624308591037,NA,NA,NA,25,661,0.5
D,+ (1|temp): captures tau,0.4471473923399096,0.23492144037955312,-0.013298630804014555,0.9075934154838337,TRUE,1.1937872653288368,NA,NA,NA,25,661,0.5
E,+ interactions: lumps eps into residual,0.4471473923399096,0.22937416166001592,-0.0024259645137216235,0.8967207491935407,TRUE,1.165597966464017,NA,NA,0.2216113343081227,25,661,0.5
F,+ (1|item:variant:judge:temp): splits eps/rho,0.4471473923399096,0.22618698705345583,0.0038208977151361623,0.890473886964683,TRUE,1.1494018778841768,0.04002067069545497,0.10175340538951023,NA,25,661,0.5
A,"1 obs/item, naive SE",1.546799073828489,0.11770585145902787,1.3160956049687944,1.7775025426881834,FALSE,0.5981393026513439,NA,NA,NA,25,662,0.5
B,+ (1|variant): captures phi,1.044968629694416,0.2271982593763446,0.5996600413167806,1.4902772180720514,FALSE,1.1545408044074166,NA,NA,NA,25,662,0.5
C,+ (1|judge): captures lambda,0.8578779005794608,0.21711894230818296,0.4323247736554222,1.2834310275034992,TRUE,1.1033212974107693,NA,NA,NA,25,662,0.5
D,+ (1|temp): captures tau,0.7181177365331096,0.22636891228722847,0.2744346684501418,1.1618008046160775,TRUE,1.1503263572631934,NA,NA,NA,25,662,0.5
E,+ interactions: lumps eps into residual,0.7181177365331096,0.21270913834737093,0.3012078253722626,1.1350276476939567,TRUE,1.0809122409938299,NA,NA,0.22312708761174865,25,662,0.5
F,+ (1|item:variant:judge:temp): splits eps/rho,0.7181177365331095,0.20916686140217597,0.3081506881848446,1.1280847848813744,TRUE,1.0629116485378605,0.040404244109644105,0.10345777061649473,NA,25,662,0.5
A,"1 obs/item, naive SE",0.7703016171575305,0.13098451097680214,0.5135719756429984,1.0270312586720627,FALSE,0.6656167308815863,NA,NA,NA,25,663,0.5
B,+ (1|variant): captures phi,0.9809169674141929,0.16055157331887263,0.6662358837092026,1.2955980511191831,FALSE,0.8158660331169207,NA,NA,NA,25,663,0.5
C,+ (1|judge): captures lambda,0.8295924912261026,0.2652832293345845,0.309637361730317,1.3495476207218882,TRUE,1.348075085753221,NA,NA,NA,25,663,0.5
D,+ (1|temp): captures tau,0.5182660673968258,0.23826741188327677,0.05126194010560331,0.9852701946880482,TRUE,1.2107903033012115,NA,NA,NA,25,663,0.5
E,+ interactions: lumps eps into residual,0.5182660673968258,0.22346784613152465,0.0802690889790375,0.9562630458146141,TRUE,1.1355841701432767,NA,NA,0.19890152178419235,25,663,0.5
F,+ (1|item:variant:judge:temp): splits eps/rho,0.5182660673968258,0.2209526193288617,0.08519893351225688,0.9513332012813946,TRUE,1.122802681482295,0.03839821937499183,0.10091878665327257,NA,25,663,0.5
A,"1 obs/item, naive SE",-0.0017319506444161937,0.10360017007597841,-0.20478828399333387,0.20132438270450148,FALSE,0.5264592432380178,NA,NA,NA,25,664,0.5
B,+ (1|variant): captures phi,0.34332390804459284,0.19017000891064584,-0.029409309420272978,0.7160571255094587,TRUE,0.9663763959484041,NA,NA,NA,25,664,0.5
C,+ (1|judge): captures lambda,0.42296116542094664,0.25041416056580745,-0.06785058928803595,0.9137729201299292,TRUE,1.272515762965203,NA,NA,NA,25,664,0.5
D,+ (1|temp): captures tau,0.38376043504511714,0.15568375937177115,0.07862026667644573,0.6889006034137886,TRUE,0.7911295327334265,NA,NA,NA,25,664,0.5
E,+ interactions: lumps eps into residual,0.38376043504511714,0.14424544111766746,0.10103937045448891,0.6664814996357453,TRUE,0.7330040647196697,NA,NA,0.20863374177218236,25,664,0.5
F,+ (1|item:variant:judge:temp): splits eps/rho,0.3837604350451172,0.14098508025858855,0.10742967773828366,0.6600911923519508,TRUE,0.7164360696160447,0.04057336426381612,0.10023252314574801,NA,25,664,0.5
A,"1 obs/item, naive SE",0.5242370995786724,0.14515616511560517,0.23973101595208623,0.8087431832052585,TRUE,0.7376320403919235,NA,NA,NA,25,665,0.5
B,+ (1|variant): captures phi,0.7952554378642858,0.19591489843380636,0.4112622369340253,1.1792486387945462,TRUE,0.9955698826833296,NA,NA,NA,25,665,0.5
C,+ (1|judge): captures lambda,0.6329782326893632,0.20520121786208972,0.2307838456796673,1.035172619699059,TRUE,1.0427596575176292,NA,NA,NA,25,665,0.5
D,+ (1|temp): captures tau,0.6164090513310516,0.22946921220403121,0.16664939541115042,1.0661687072509527,TRUE,1.1660809795462828,NA,NA,NA,25,665,0.5
E,+ interactions: lumps eps into residual,0.6164090513310516,0.2147725870298142,0.1954547807526158,1.0373633219094875,TRUE,1.0913979538167227,NA,NA,0.20948714577764274,25,665,0.5
F,+ (1|item:variant:judge:temp): splits eps/rho,0.6164090513310515,0.21172471692235723,0.20142860616323133,1.0313894964988717,TRUE,1.0759097611903707,0.03974732756716666,0.10204548398841051,NA,25,665,0.5
A,"1 obs/item, naive SE",0.43314713924987025,0.12229588930467658,0.19344719621270415,0.6728470822870364,TRUE,0.6214642436131386,NA,NA,NA,25,666,0.5
B,+ (1|variant): captures phi,0.5260325395751889,0.2157354303222679,0.10319109614354383,0.948873983006834,TRUE,1.096290781219711,NA,NA,NA,25,666,0.5
C,+ (1|judge): captures lambda,0.33341283427241936,0.2679842927343055,-0.19183637948681947,0.8586620480316582,TRUE,1.3618009299512777,NA,NA,NA,25,666,0.5
D,+ (1|temp): captures tau,0.4038630435965702,0.23069627491567982,-0.04830165523816221,0.8560277424313026,TRUE,1.1723164761299887,NA,NA,NA,25,666,0.5
E,+ interactions: lumps eps into residual,0.4038630435965702,0.22125843250435037,-0.02980348411195649,0.837529571305097,TRUE,1.1243567153494392,NA,NA,0.2070345786143857,25,666,0.5
F,+ (1|item:variant:judge:temp): splits eps/rho,0.40386304359657016,0.21921144945585297,-0.025791397336901667,0.8335174845300419,TRUE,1.1139546750261207,0.042927165267935816,0.09889785526139791,NA,25,666,0.5
A,"1 obs/item, naive SE",0.17267592226978623,0.13058461619396738,-0.08326992547038986,0.4286217700099623,FALSE,0.6635846077239542,NA,NA,NA,25,667,0.5
B,+ (1|variant): captures phi,0.5183696285431147,0.16920995083813517,0.18671812490036982,0.8500211321858597,TRUE,0.859864830349754,NA,NA,NA,25,667,0.5
C,+ (1|judge): captures lambda,0.7006761255136228,0.17086665778712415,0.3657774762508595,1.0355747747763862,TRUE,0.8682836262454775,NA,NA,NA,25,667,0.5
D,+ (1|temp): captures tau,0.46756613366966937,0.17771803809404002,0.11923877900535096,0.8158934883339878,TRUE,0.9030999058796664,NA,NA,NA,25,667,0.5
E,+ interactions: lumps eps into residual,0.46756613366966937,0.16709815621174037,0.14005374749465827,0.7950785198446805,TRUE,0.8491334406225889,NA,NA,0.21552609371185572,25,667,0.5
F,+ (1|item:variant:judge:temp): splits eps/rho,0.4675661336696695,0.16259201019550054,0.1488857936864884,0.7862464736528505,TRUE,0.8262348081214084,0.037114014635799844,0.09807140915342855,NA,25,667,0.5
A,"1 obs/item, naive SE",0.4106450816993857,0.09939030436485241,0.21584008514427497,0.6054500782544964,TRUE,0.5050662019448648,NA,NA,NA,25,668,0.5
B,+ (1|variant): captures phi,0.3679646738790261,0.12647794758674014,0.12006789660901543,0.6158614511490368,TRUE,0.6427159774349825,NA,NA,NA,25,668,0.5
C,+ (1|judge): captures lambda,0.6942808725198537,0.20581094772653,0.2908914149758549,1.0976703300638526,TRUE,1.0458580879813768,NA,NA,NA,25,668,0.5
D,+ (1|temp): captures tau,0.5774769441535098,0.2371542213666496,0.11265467027487658,1.042299218032143,TRUE,1.2051334647406813,NA,NA,NA,25,668,0.5
E,+ interactions: lumps eps into residual,0.5774769441535098,0.2258640442265569,0.13478341746945832,1.0201704708375612,TRUE,1.1477607972167063,NA,NA,0.20946912733611942,25,668,0.5
F,+ (1|item:variant:judge:temp): splits eps/rho,0.5774769441535098,0.22297146188946312,0.1404528788501621,1.0145010094568576,TRUE,1.1330617218476868,0.03890098847404872,0.09867027254183175,NA,25,668,0.5
A,"1 obs/item, naive SE",0.8739067189581929,0.1457573673412937,0.5882222789692573,1.1595911589471286,FALSE,0.7406871364263883,NA,NA,NA,25,669,0.5
B,+ (1|variant): captures phi,0.5705285950876229,0.13272417565100933,0.3103892108116446,0.83066797936360115,TRUE,0.6744570884524219,NA,NA,NA,25,669,0.5
C,+ (1|judge): captures lambda,0.31096820082285526,0.2771846154430299,-0.23231364544548339,0.8542500470911939,TRUE,1.4085537000213306,NA,NA,NA,25,669,0.5
D,+ (1|temp): captures tau,0.5372972882595773,0.2576695232520401,0.03226502268557874,1.042329553833576,TRUE,1.3093849374695514,NA,NA,NA,25,669,0.5
E,+ interactions: lumps eps into residual,0.5372972882595773,0.2501170730954668,0.04706782499246237,1.0275267515266924,TRUE,1.2710060700303718,NA,NA,0.24441480890273035,25,669,0.5
F,+ (1|item:variant:judge:temp): splits eps/rho,0.5372972882595775,0.24653935117773507,0.05408015995121673,1.0205144165679383,TRUE,1.252825358821657,0.04523545602543345,0.10200777231537606,NA,25,669,0.5
A,"1 obs/item, naive SE",0.678437255023707,0.132186366918161,0.41935197586411144,0.9375225341833026,TRUE,0.6717241356175522,NA,NA,NA,25,670,0.5
B,+ (1|variant): captures phi,0.8790650814726119,0.15467540667261184,0.5759012843942927,1.182228878550931,FALSE,0.7860054427003009,NA,NA,NA,25,670,0.5
C,+ (1|judge): captures lambda,0.9277154445356284,0.25453350749960346,0.4288297698364056,1.4266011192348511,TRUE,1.2934488200037257,NA,NA,NA,25,670,0.5
D,+ (1|temp): captures tau,0.6289523049890895,0.2888745196141866,0.06275824654528384,1.1951463634328952,TRUE,1.4679576382480601,NA,NA,NA,25,670,0.5
E,+ interactions: lumps eps into residual,0.6289523049890895,0.28233108047603567,0.07558338725605962,1.1823212227221194,TRUE,1.4347062061865241,NA,NA,0.20968270073338308,25,670,0.5
F,+ (1|item:variant:judge:temp): splits eps/rho,0.6289523049890896,0.2801208764170018,0.07991538721176616,1.177989222766413,TRUE,1.4234747346989076,0.041775373212746124,0.10052878393419747,NA,25,670,0.5
A,"1 obs/item, naive SE",1.0351432367653288,0.12235360409928753,0.7953301727307253,1.2749563007999325,FALSE,0.6217575296866289,NA,NA,NA,25,671,0.5
B,+ (1|variant): captures phi,1.128768285354264,0.10354618600075821,0.9258177607927779,1.33171880991575,FALSE,0.5261849153545164,NA,NA,NA,25,671,0.5
C,+ (1|judge): captures lambda,0.8692199574315629,0.19199247618094767,0.49291470411690547,1.2455252107462202,TRUE,0.975637526883281,NA,NA,NA,25,671,0.5
D,+ (1|temp): captures tau,0.5363952986786211,0.2896604388713116,-0.031339161509149616,1.1041297588663919,TRUE,1.4719514005850212,NA,NA,NA,25,671,0.5
E,+ interactions: lumps eps into residual,0.5363952986786211,0.27939216989945526,-0.011213354324311142,1.0840039516815534,TRUE,1.4197717071701998,NA,NA,0.21018172929782095,25,671,0.5
F,+ (1|item:variant:judge:temp): splits eps/rho,0.5363952986786211,0.27706904073173716,-0.0066600211555837285,1.0794506185128259,TRUE,1.4079663904155644,0.04011290954680946,0.10214830886421312,NA,25,671,0.5
A,"1 obs/item, naive SE",0.9307648219691548,0.0999383909908276,0.7348855756271326,1.126644068311177,FALSE,0.5078513833796846,NA,NA,NA,25,672,0.5
B,+ (1|variant): captures phi,0.8031151974450023,0.11709253316213473,0.5736138324472182,1.0326165624427863,FALSE,0.5950226370492547,NA,NA,NA,25,672,0.5
C,+ (1|judge): captures lambda,0.7661828359284382,0.17342611567645771,0.42626764920258103,1.1060980226542954,TRUE,0.8812898815685135,NA,NA,NA,25,672,0.5
D,+ (1|temp): captures tau,0.6659121222047647,0.18917416019259775,0.29513076822727313,1.0366934761822564,TRUE,0.9613158467031794,NA,NA,NA,25,672,0.5
E,+ interactions: lumps eps into residual,0.6659121222047647,0.18194617377031122,0.3092976216149547,1.0225266227945746,TRUE,0.9245857886422616,NA,NA,0.2326127586374127,25,672,0.5
F,+ (1|item:variant:judge:temp): splits eps/rho,0.6659121222047647,0.17840247197090947,0.31624327714178213,1.0155809672677472,TRUE,0.9065779555836283,0.04419877388665894,0.10201542616486624,NA,25,672,0.5
A,"1 obs/item, naive SE",1.101835264977268,0.11769666929634459,0.8711497931564326,1.3325207367981033,FALSE,0.5980926421640688,NA,NA,NA,25,673,0.5
B,+ (1|variant): captures phi,0.8608321453058084,0.29509202606186524,0.2824517742245526,1.4392125163870642,TRUE,1.499552796218089,NA,NA,NA,25,673,0.5
C,+ (1|judge): captures lambda,0.505754594062206,0.3216465742120092,-0.12467269139333204,1.136181879517744,TRUE,1.634493572023763,NA,NA,NA,25,673,0.5
D,+ (1|temp): captures tau,0.2811289572304106,0.2826166869557244,-0.2727997492028092,0.8350576636636304,TRUE,1.4361575568073826,NA,NA,NA,25,673,0.5
E,+ interactions: lumps eps into residual,0.2811289572304106,0.273083067735199,-0.25411385553057947,0.8163717699914006,TRUE,1.3877110923230451,NA,NA,0.20839783697190156,25,673,0.5
F,+ (1|item:variant:judge:temp): splits eps/rho,0.28112895723041054,0.27080158474866245,-0.2496421488769679,0.811900063337789,TRUE,1.376117406659483,0.04125368025090289,0.09898800326121698,NA,25,673,0.5
A,"1 obs/item, naive SE",0.07596659159441013,0.11568117531446978,-0.15076851202195063,0.3027016952107709,FALSE,0.5878506180856293,NA,NA,NA,25,674,0.5
B,+ (1|variant): captures phi,0.2449057644010451,0.21881111477437254,-0.18396402055672506,0.6737755493588153,TRUE,1.1119203164599178,NA,NA,NA,25,674,0.5
C,+ (1|judge): captures lambda,0.2929381338928924,0.21928748608330076,-0.13686533883037705,0.7227416066161618,TRUE,1.1143410661422275,NA,NA,NA,25,674,0.5
D,+ (1|temp): captures tau,0.2230116881234242,0.1764335407967574,-0.12279805183822029,0.5688214280850687,TRUE,0.8965725471449004,NA,NA,NA,25,674,0.5
E,+ interactions: lumps eps into residual,0.2230116881234242,0.1689220074724871,-0.1080754465226505,0.554098822769499,TRUE,0.8584016045050153,NA,NA,0.20863117911450998,25,674,0.5
F,+ (1|item:variant:judge:temp): splits eps/rho,0.22301168812342426,0.16766099006843216,-0.10560385241070275,0.5516272286575512,TRUE,0.8519935622425185,0.03644624330702659,0.10175811323767567,NA,25,674,0.5
A,"1 obs/item, naive SE",0.10333335176722362,0.13084547169659855,-0.1531237727581095,0.3597904762925568,FALSE,0.6649101826762827,NA,NA,NA,25,675,0.5
B,+ (1|variant): captures phi,0.38717275989967037,0.147924104875121,0.09724151434443323,0.6771040054549076,TRUE,0.7516977264815742,NA,NA,NA,25,675,0.5
C,+ (1|judge): captures lambda,0.6471651650882184,0.20009119253946106,0.25498642771087476,1.039343902465562,TRUE,1.0167923250093405,NA,NA,NA,25,675,0.5
D,+ (1|temp): captures tau,0.4673358297866409,0.19583182244502945,0.08350545779438318,0.8511662017788986,TRUE,0.9951477200348449,NA,NA,NA,25,675,0.5
E,+ interactions: lumps eps into residual,0.4673358297866409,0.18045252621555255,0.11364887840415788,0.821022781169124,TRUE,0.916995602634209,NA,NA,0.21352915207113723,25,675,0.5
F,+ (1|item:variant:judge:temp): splits eps/rho,0.46733582978664095,0.17921162112000055,0.1160810523914399,0.8185906071818421,TRUE,0.9106897639753014,0.03964315981734237,0.0982289691498072,NA,25,675,0.5
A,"1 obs/item, naive SE",0.5266450782994205,0.11693696118506133,0.2974486343767003,0.7558415222221407,TRUE,0.5942320755544325,NA,NA,NA,25,676,0.5
B,+ (1|variant): captures phi,0.21613502661583697,0.3340799718962213,-0.43866171830075673,0.8709317715324306,TRUE,1.6976756800348516,NA,NA,NA,25,676,0.5
C,+ (1|judge): captures lambda,0.45858739642741025,0.29815103689159905,-0.12578863588012384,1.0429634287349443,TRUE,1.5150976020354683,NA,NA,NA,25,676,0.5
D,+ (1|temp): captures tau,0.5186874379898968,0.28459448617539135,-0.03911775491387026,1.076492630893664,TRUE,1.4462080295015778,NA,NA,NA,25,676,0.5
E,+ interactions: lumps eps into residual,0.5186874379898968,0.26777919337704154,-0.006159781029104638,1.0435346570088981,TRUE,1.3607586879131168,NA,NA,0.21762447173965987,25,676,0.5
F,+ (1|item:variant:judge:temp): splits eps/rho,0.5186874379898968,0.2649435822125871,-6.019831467739545e-4,1.0379768591265677,TRUE,1.3463491197950226,0.03410818524042806,0.10073009262060201,NA,25,676,0.5
A,"1 obs/item, naive SE",0.26198305844781744,0.1262628860871596,0.014507801716984625,0.5094583151786503,TRUE,0.6416231113302671,NA,NA,NA,25,677,0.5
B,+ (1|variant): captures phi,0.05725378421806531,0.2525463079523958,-0.43773697936863043,0.5522445478047611,TRUE,1.283350578185989,NA,NA,NA,25,677,0.5
C,+ (1|judge): captures lambda,0.3917833718903588,0.2677836563150572,-0.1330725944871533,0.9166393382678708,TRUE,1.3607813669779156,NA,NA,NA,25,677,0.5
D,+ (1|temp): captures tau,0.4910993739463187,0.2594329997249987,-0.01738930551467882,0.9995880534073163,TRUE,1.3183462981385634,NA,NA,NA,25,677,0.5
E,+ interactions: lumps eps into residual,0.4910993739463187,0.2513810242995691,-0.0016074336808367118,0.9838061815734741,TRUE,1.2774290208219918,NA,NA,0.2076294350541882,25,677,0.5
F,+ (1|item:variant:judge:temp): splits eps/rho,0.49109937394631875,0.24968240976264852,0.0017218508115276476,0.9804768970811099,TRUE,1.268797265458999,0.03987519275225806,0.09869243030178576,NA,25,677,0.5
A,"1 obs/item, naive SE",1.0361901266977358,0.10976967323695827,0.8210415671532976,1.251338686242174,FALSE,0.5578104655661472,NA,NA,NA,25,678,0.5
B,+ (1|variant): captures phi,0.7963652800197504,0.12637106309410748,0.5486779963552997,1.044052563684201,FALSE,0.6421728284318101,NA,NA,NA,25,678,0.5
C,+ (1|judge): captures lambda,0.7606012267687611,0.1460153308292056,0.4744111783435181,1.046791275194004,TRUE,0.7419980151877797,NA,NA,NA,25,678,0.5
D,+ (1|temp): captures tau,0.7731718981304182,0.14861923849745945,0.48187819067539767,1.0644656055854387,TRUE,0.7552301484891559,NA,NA,NA,25,678,0.5
E,+ interactions: lumps eps into residual,0.7731718981304182,0.1385667897608558,0.5015809901991408,1.0447628060616956,FALSE,0.7041471768040697,NA,NA,0.22878619395131758,25,678,0.5
F,+ (1|item:variant:judge:temp): splits eps/rho,0.7731718981304182,0.1329144866588155,0.5126595042791398,1.0336842919816966,FALSE,0.6754241813546442,0.04309737358166629,0.10068057258537878,NA,25,678,0.5
A,"1 obs/item, naive SE",0.8014364768438953,0.15086310456520896,0.5057447918960858,1.0971281617917048,FALSE,0.7666326783410715,NA,NA,NA,25,679,0.5
B,+ (1|variant): captures phi,1.0193913544761668,0.21437375519169638,0.5992187943004419,1.4395639146518917,FALSE,1.0893712321663553,NA,NA,NA,25,679,0.5
C,+ (1|judge): captures lambda,0.7586968179252946,0.22540594237096984,0.31690117087819375,1.2004924649723956,TRUE,1.1454328864030325,NA,NA,NA,25,679,0.5
D,+ (1|temp): captures tau,0.5903732147459149,0.2050438901903522,0.18848718997282454,0.9922592395190052,TRUE,1.0419601742065248,NA,NA,NA,25,679,0.5
E,+ interactions: lumps eps into residual,0.5903732147459149,0.17150598657432303,0.2542214810602417,0.9265249484315881,TRUE,0.8715324679147737,NA,NA,0.23005815955064043,25,679,0.5
F,+ (1|item:variant:judge:temp): splits eps/rho,0.5903732147459149,0.1682536598300082,0.2605960414790988,0.9201503880127309,TRUE,0.8550052993269321,0.0389526738583951,0.0998286313907537,NA,25,679,0.5
A,"1 obs/item, naive SE",1.5805903595857163,0.10852533048001727,1.3678807118448824,1.7933000073265501,FALSE,0.5514871579338583,NA,NA,NA,25,680,0.5
B,+ (1|variant): captures phi,1.1077020494259895,0.17159220385113483,0.7713813298777652,1.4440227689742138,FALSE,0.8719705934725898,NA,NA,NA,25,680,0.5
C,+ (1|judge): captures lambda,0.9466532171337224,0.24743275200816364,0.4616850231977217,1.4316214110697232,TRUE,1.2573653043135484,NA,NA,NA,25,680,0.5
D,+ (1|temp): captures tau,0.7942604274024349,0.2023001894868427,0.39775205600822316,1.1907687987966464,TRUE,1.0280176623845663,NA,NA,NA,25,680,0.5
E,+ interactions: lumps eps into residual,0.7942604274024349,0.1864387314001278,0.4288405138581844,1.1596803409466854,TRUE,0.94741536979316,NA,NA,0.1920235462103115,25,680,0.5
F,+ (1|item:variant:judge:temp): splits eps/rho,0.7942604274024347,0.18400457100602338,0.4336114682306289,1.1549093865742406,TRUE,0.9350458318082286,0.0439823765771569,0.09813291215385216,NA,25,680,0.5
A,"1 obs/item, naive SE",0.03751950003400092,0.1461943530132929,-0.24902143187205314,0.32406043194005496,FALSE,0.7429077423000837,NA,NA,NA,25,681,0.5
B,+ (1|variant): captures phi,0.13232604327154082,0.18963810382230784,-0.23936464022018253,0.5040167267632641,TRUE,0.9636734433366901,NA,NA,NA,25,681,0.5
C,+ (1|judge): captures lambda,-0.08610248667772676,0.29650939781343644,-0.6672609063920623,0.4950559330366087,FALSE,1.5067553757039323,NA,NA,NA,25,681,0.5
D,+ (1|temp): captures tau,0.20649350873278527,0.27466357153491744,-0.33184709147565294,0.7448341089412235,TRUE,1.3957426508979425,NA,NA,NA,25,681,0.5
E,+ interactions: lumps eps into residual,0.20649350873278527,0.26155605019688305,-0.30615634965310545,0.719143367118676,TRUE,1.3291348860720065,NA,NA,0.23266541230688897,25,681,0.5
F,+ (1|item:variant:judge:temp): splits eps/rho,0.20649350873278494,0.2582781223382195,-0.29973161105012525,0.7127186285156951,TRUE,1.312477621720073,0.04222641945231449,0.10148203049369174,NA,25,681,0.5
A,"1 obs/item, naive SE",0.25657112128626225,0.11557232036111509,0.030049373378476685,0.4830928691940478,FALSE,0.5872974559013994,NA,NA,NA,25,682,0.5
B,+ (1|variant): captures phi,0.31174933124086873,0.15673369643619933,0.00455128622591805,0.6189473762558194,TRUE,0.7964649397311276,NA,NA,NA,25,682,0.5
C,+ (1|judge): captures lambda,0.3057185754085179,0.15097691793417445,0.009803816257535958,0.6016333345594997,TRUE,0.7672110374311386,NA,NA,NA,25,682,0.5
D,+ (1|temp): captures tau,0.5613336270581849,0.1995146771100287,0.17028485992252862,0.9523823941938412,TRUE,1.0138626784993838,NA,NA,NA,25,682,0.5
E,+ interactions: lumps eps into residual,0.5613336270581849,0.184657812136528,0.19940431527059005,0.9232629388457798,TRUE,0.9383653710615444,NA,NA,0.2076439825989425,25,682,0.5
F,+ (1|item:variant:judge:temp): splits eps/rho,0.5613336270581846,0.18112955189114818,0.20631970535153416,0.9163475487648349,TRUE,0.9204360064922856,0.04031176886903204,0.09921838496445981,NA,25,682,0.5
A,"1 obs/item, naive SE",0.4276385892157823,0.11659651079845876,0.19910942805080314,0.6561677503807615,TRUE,0.5925020276910029,NA,NA,NA,25,683,0.5
B,+ (1|variant): captures phi,0.48898871323992293,0.12707595220976653,0.23991984690878054,0.7380575795710653,TRUE,0.6457548243891953,NA,NA,NA,25,683,0.5
C,+ (1|judge): captures lambda,0.6111511444046752,0.25223758783781697,0.11676547224255396,1.1055368165667965,TRUE,1.2817817722875593,NA,NA,NA,25,683,0.5
D,+ (1|temp): captures tau,0.5328207070878442,0.2968541201199186,-0.04901336834719616,1.1146547825228845,TRUE,1.5085071319458838,NA,NA,NA,25,683,0.5
E,+ interactions: lumps eps into residual,0.5328207070878442,0.28787793132213346,-0.031420038303537345,1.0970614524792257,TRUE,1.4628933307505976,NA,NA,0.20316351185507517,25,683,0.5
F,+ (1|item:variant:judge:temp): splits eps/rho,0.5328207070878441,0.28564677430358626,-0.027046970547184968,1.0926883847228732,TRUE,1.4515553837697373,0.037291635475806294,0.09836335775920102,NA,25,683,0.5
A,"1 obs/item, naive SE",0.05005481034213933,0.11757255178960527,-0.180387391165487,0.28049701184976567,FALSE,0.5974619211080835,NA,NA,NA,25,684,0.5
B,+ (1|variant): captures phi,0.18440836342146755,0.1335391863631751,-0.07732844185035564,0.44614516869329074,FALSE,0.6785986832243514,NA,NA,NA,25,684,0.5
C,+ (1|judge): captures lambda,0.40291960499386303,0.21879598964467703,-0.025920534709703957,0.8317597446974301,TRUE,1.1118434559265082,NA,NA,NA,25,684,0.5
D,+ (1|temp): captures tau,0.5974137074867862,0.22103448517564714,0.16418611654251786,1.0306412984310547,TRUE,1.123218694619282,NA,NA,NA,25,684,0.5
E,+ interactions: lumps eps into residual,0.5974137074867862,0.20321765489315327,0.19910710389620584,0.9957203110773667,TRUE,1.032679895498171,NA,NA,0.2259495443167626,25,684,0.5
F,+ (1|item:variant:judge:temp): splits eps/rho,0.5974137074867863,0.1993765333385422,0.20663570214324367,0.988191712830329,TRUE,1.013160680951103,0.03907029648119435,0.10107455819002295,NA,25,684,0.5
A,"1 obs/item, naive SE",0.4054007780910371,0.11554730675703054,0.17892805684725724,0.631873499334817,TRUE,0.58717034565566,NA,NA,NA,25,685,0.5
B,+ (1|variant): captures phi,0.20201030428164168,0.1823063601381271,-0.1553101615890874,0.5593307701523708,TRUE,0.926416127747747,NA,NA,NA,25,685,0.5
C,+ (1|judge): captures lambda,0.3339514044597813,0.15998867906068406,0.020373593500840503,0.647529215418722,TRUE,0.813005604558052,NA,NA,NA,25,685,0.5
D,+ (1|temp): captures tau,0.5481779257121374,0.23570710991901522,0.0861919902708676,1.0101638611534072,TRUE,1.1977797586893886,NA,NA,NA,25,685,0.5
E,+ interactions: lumps eps into residual,0.5481779257121374,0.22579919772110724,0.10561149817876725,0.9907443532455076,TRUE,1.1474312703234528,NA,NA,0.22008984419649674,25,685,0.5
F,+ (1|item:variant:judge:temp): splits eps/rho,0.5481779257121375,0.22245896427657222,0.112158355730056,0.984197495694219,TRUE,1.1304573911284808,0.03787389748200165,0.10267572258315834,NA,25,685,0.5
A,"1 obs/item, naive SE",1.2003506624749503,0.133875964486276,0.9379537720818493,1.4627475528680511,FALSE,0.6803100699498441,NA,NA,NA,25,686,0.5
B,+ (1|variant): captures phi,1.2025671109075589,0.14166801427554637,0.9248978029274879,1.4802364188876298,FALSE,0.7199064975650088,NA,NA,NA,25,686,0.5
C,+ (1|judge): captures lambda,0.832937974618556,0.24376265849837483,0.35516316396174136,1.3107127852753706,TRUE,1.2387151935042788,NA,NA,NA,25,686,0.5
D,+ (1|temp): captures tau,0.481163685024037,0.2723961400850557,-0.0527327495426721,1.015060119590746,TRUE,1.3842203701496305,NA,NA,NA,25,686,0.5
E,+ interactions: lumps eps into residual,0.481163685024037,0.26292415155425497,-0.03416765202230271,0.9964950220703768,TRUE,1.336087090925982,NA,NA,0.19412345798081898,25,686,0.5
F,+ (1|item:variant:judge:temp): splits eps/rho,0.48116368502403684,0.26089332383900576,-0.03018722970041443,0.9925145997484881,TRUE,1.3257671462643779,0.038556400393701354,0.09833945262756234,NA,25,686,0.5
A,"1 obs/item, naive SE",-0.3056129191268278,0.12683245581301336,-0.554204532520334,-0.05702130573332162,FALSE,0.6445174622432467,NA,NA,NA,25,687,0.5
B,+ (1|variant): captures phi,-0.22287121982092162,0.13968524308908067,-0.4966542962755197,0.05091185663367648,FALSE,0.7098307591026555,NA,NA,NA,25,687,0.5
C,+ (1|judge): captures lambda,0.07193206130545078,0.2344561280602212,-0.38760194969258277,0.5314660723034843,TRUE,1.1914227135011213,NA,NA,NA,25,687,0.5
D,+ (1|temp): captures tau,0.26216173826439343,0.3077207450879536,-0.3409709221079957,0.8652943986367825,TRUE,1.5637274578683946,NA,NA,NA,25,687,0.5
E,+ interactions: lumps eps into residual,0.26216173826439343,0.3016969395948788,-0.32916426334156906,0.853487739870356,TRUE,1.533116619305375,NA,NA,0.21509899784151032,25,687,0.5
F,+ (1|item:variant:judge:temp): splits eps/rho,0.26216173826439354,0.29917900672664915,-0.3242291149198388,0.8485525914486258,TRUE,1.52032137938096,0.033070276961121706,0.09964665755187672,NA,25,687,0.5
A,"1 obs/item, naive SE",0.21438588434104594,0.13959999409045654,-0.059230104076248846,0.4880018727583407,FALSE,0.7093975539904482,NA,NA,NA,25,688,0.5
B,+ (1|variant): captures phi,0.4867674465290639,0.22077702774940972,0.054044472140220845,0.9194904209179069,TRUE,1.1219103874834582,NA,NA,NA,25,688,0.5
C,+ (1|judge): captures lambda,0.32532589009146673,0.21001462306311086,-0.08630277111223056,0.7369545512951641,TRUE,1.0672196719912455,NA,NA,NA,25,688,0.5
D,+ (1|temp): captures tau,0.5435617113919721,0.2258642237830571,0.1008678327771802,0.986255590006764,TRUE,1.1477617096590231,NA,NA,NA,25,688,0.5
E,+ interactions: lumps eps into residual,0.5435617113919721,0.21897335200923293,0.11437394145387553,0.9727494813300686,TRUE,1.1127447484258788,NA,NA,0.21782488963825727,25,688,0.5
F,+ (1|item:variant:judge:temp): splits eps/rho,0.543561711391972,0.2155576488133968,0.12106871971771421,0.9660547030662296,TRUE,1.0953873587779008,0.03903949266935068,0.09816816840276933,NA,25,688,0.5
A,"1 obs/item, naive SE",0.7175258391929968,0.10289020929069718,0.5158610289832304,0.9191906494027633,FALSE,0.5228514748581617,NA,NA,NA,25,689,0.5
B,+ (1|variant): captures phi,0.5609046139030183,0.15788448661855667,0.2514510201306472,0.8703582076753893,TRUE,0.802312846429401,NA,NA,NA,25,689,0.5
C,+ (1|judge): captures lambda,0.4095425839270554,0.16177132195606753,0.09247079289316307,0.7266143749609477,TRUE,0.822064362173787,NA,NA,NA,25,689,0.5
D,+ (1|temp): captures tau,0.6117125337055489,0.17157384248016835,0.27542780244441895,0.9479972649666788,TRUE,0.8718772875112508,NA,NA,NA,25,689,0.5
E,+ interactions: lumps eps into residual,0.6117125337055489,0.16324396063977778,0.29175437085158445,0.9316706965595134,TRUE,0.8295477885660464,NA,NA,0.19036776641414982,25,689,0.5
F,+ (1|item:variant:judge:temp): splits eps/rho,0.611712533705549,0.16001082471462427,0.29809131726488547,0.9253337501462126,TRUE,0.8131181409004714,0.03743134257753496,0.0971298623630152,NA,25,689,0.5
A,"1 obs/item, naive SE",0.6833337006200508,0.11025392337506441,0.4672360108049246,0.8994313904351771,TRUE,0.5602712526580825,NA,NA,NA,25,690,0.5
B,+ (1|variant): captures phi,0.5133407171109704,0.11362992459556127,0.29062606490367027,0.7360553693182705,TRUE,0.577426890978077,NA,NA,NA,25,690,0.5
C,+ (1|judge): captures lambda,0.8655184456297612,0.22512687259016181,0.42426977535304405,1.3067671159064784,TRUE,1.144014752962643,NA,NA,NA,25,690,0.5
D,+ (1|temp): captures tau,0.6280331925543797,0.2191363464112093,0.19852595358840952,1.05754043152035,TRUE,1.1135730280460145,NA,NA,NA,25,690,0.5
E,+ interactions: lumps eps into residual,0.6280331925543797,0.20821182894040066,0.21993800783119444,1.036128377277565,TRUE,1.0580585130002909,NA,NA,0.21200332529108845,25,690,0.5
F,+ (1|item:variant:judge:temp): splits eps/rho,0.62803319255438,0.20503662843157044,0.2261614008285019,1.029904984280258,TRUE,1.0419232725293361,0.03827310915440412,0.10192741948007872,NA,25,690,0.5
A,"1 obs/item, naive SE",0.5127874226846552,0.10590489527350408,0.3052138279485872,0.7203610174207231,TRUE,0.5381710375571884,NA,NA,NA,25,691,0.5
B,+ (1|variant): captures phi,0.3345922741988888,0.14127576240889886,0.05769177987744706,0.6114927685203306,TRUE,0.7179132129910307,NA,NA,NA,25,691,0.5
C,+ (1|judge): captures lambda,0.6356175279980006,0.25560610738853573,0.13462955751647065,1.1366054984795306,TRUE,1.2988993914208415,NA,NA,NA,25,691,0.5
D,+ (1|temp): captures tau,0.5838775164103636,0.23742063119549298,0.11853307926719736,1.0492219535535297,TRUE,1.2064872648047273,NA,NA,NA,25,691,0.5
E,+ interactions: lumps eps into residual,0.5838775164103636,0.22022008836333856,0.15224614321822,1.015508889602507,TRUE,1.1190802194682374,NA,NA,0.20240526544521253,25,691,0.5
F,+ (1|item:variant:judge:temp): splits eps/rho,0.5838775164103636,0.21835526229777583,0.15590120230672294,1.0118538305140041,TRUE,1.1096038361908094,0.04031153734622381,0.09965443376510047,NA,25,691,0.5
A,"1 obs/item, naive SE",0.20880113990768964,0.09011792275287395,0.03217001131205671,0.3854322685033226,FALSE,0.4579472541393133,NA,NA,NA,25,692,0.5
B,+ (1|variant): captures phi,0.37152317015355096,0.10225871423017661,0.1710960902624048,0.5719502500446971,TRUE,0.5196424414036184,NA,NA,NA,25,692,0.5
C,+ (1|judge): captures lambda,0.35683445302233324,0.10639800796156647,0.14829435741766298,0.5653745486270035,TRUE,0.5406768609781153,NA,NA,NA,25,692,0.5
D,+ (1|temp): captures tau,0.4873332083879124,0.18047121049563883,0.1336096358164603,0.8410567809593645,TRUE,0.917090549504928,NA,NA,NA,25,692,0.5
E,+ interactions: lumps eps into residual,0.4873332083879124,0.16218959413492995,0.1694416038834497,0.8052248128923751,TRUE,0.8241898727264235,NA,NA,0.21930667119622302,25,692,0.5
F,+ (1|item:variant:judge:temp): splits eps/rho,0.48733320838791244,0.1602733857768148,0.17319737226535542,0.8014690445104695,TRUE,0.8144523829002984,0.04137487259909217,0.09888551287700878,NA,25,692,0.5
A,"1 obs/item, naive SE",-0.3914385118962081,0.10488974129614075,-0.5970224048366439,-0.18585461895577224,FALSE,0.5330123858455087,NA,NA,NA,25,693,0.5
B,+ (1|variant): captures phi,-0.28065531615415035,0.1257827448377545,-0.5271894960361492,-0.03412113627215152,FALSE,0.6391832041503485,NA,NA,NA,25,693,0.5
C,+ (1|judge): captures lambda,0.27486112733562196,0.3198073946382502,-0.35196136615534845,0.9016836208265924,TRUE,1.6251475151025254,NA,NA,NA,25,693,0.5
D,+ (1|temp): captures tau,0.641070954513426,0.24740694725515838,0.1561533378933156,1.1259885711335365,TRUE,1.2572341737301804,NA,NA,NA,25,693,0.5
E,+ interactions: lumps eps into residual,0.641070954513426,0.22865317129169785,0.19291073878169823,1.0892311702451538,TRUE,1.1619341496632505,NA,NA,0.23300239239906145,25,693,0.5
F,+ (1|item:variant:judge:temp): splits eps/rho,0.641070954513426,0.2262495423424424,0.19762185152223888,1.084520057504613,TRUE,1.1497197616296984,0.0378883844176195,0.1013017708110866,NA,25,693,0.5
A,"1 obs/item, naive SE",0.36611717640077013,0.12020302442763672,0.13051924852260216,0.6017151042789382,TRUE,0.6108290481442722,NA,NA,NA,25,694,0.5
B,+ (1|variant): captures phi,0.5643566248073386,0.1186678139077789,0.331767709548092,0.7969455400665852,TRUE,0.6030276539197004,NA,NA,NA,25,694,0.5
C,+ (1|judge): captures lambda,0.47830734030117644,0.1980041735201912,0.0902191602016017,0.8663955204007512,TRUE,1.0061868361119537,NA,NA,NA,25,694,0.5
D,+ (1|temp): captures tau,0.6837707012826982,0.21291273586444892,0.2664617389883784,1.1010796635770181,TRUE,1.0819468512139425,NA,NA,NA,25,694,0.5
E,+ interactions: lumps eps into residual,0.6837707012826982,0.19915239181971908,0.29343201331604885,1.0741093892493476,TRUE,1.0120216734157745,NA,NA,0.2054429393775035,25,694,0.5
F,+ (1|item:variant:judge:temp): splits eps/rho,0.6837707012826983,0.19590028585601144,0.2998061410049159,1.0677352615604807,TRUE,0.9954956267565099,0.03863644561358386,0.09818526623252564,NA,25,694,0.5
A,"1 obs/item, naive SE",1.1369235078604605,0.12941149393835102,0.8832769797412925,1.3905700359796285,FALSE,0.6576232173665395,NA,NA,NA,25,695,0.5
B,+ (1|variant): captures phi,1.1306666077736742,0.1076577364919961,0.9196574442493619,1.3416757712979865,FALSE,0.5470783536429338,NA,NA,NA,25,695,0.5
C,+ (1|judge): captures lambda,0.8432268504703688,0.2829298331891306,0.2886843774196728,1.3977693235210649,TRUE,1.4377488546685826,NA,NA,NA,25,695,0.5
D,+ (1|temp): captures tau,0.590166560384431,0.2898069764273312,0.022144886586861867,1.1581882341820002,TRUE,1.47269605236302,NA,NA,NA,25,695,0.5
E,+ interactions: lumps eps into residual,0.590166560384431,0.27660714266948716,0.04801656075223626,1.1323165600166258,TRUE,1.4056191886288596,NA,NA,0.18323385835591136,25,695,0.5
F,+ (1|item:variant:judge:temp): splits eps/rho,0.5901665603844314,0.27501592867970426,0.051135340172211,1.1291977805966518,TRUE,1.39753320467462,0.038075470156520165,0.09914870736278521,NA,25,695,0.5
A,"1 obs/item, naive SE",0.05669264763397385,0.14247020493949358,-0.22254895404743358,0.3359342493153813,FALSE,0.7239829454083331,NA,NA,NA,25,696,0.5
B,+ (1|variant): captures phi,0.45224175667513983,0.15062874872033702,0.15700940918327927,0.7474741041670003,TRUE,0.7654417652310911,NA,NA,NA,25,696,0.5
C,+ (1|judge): captures lambda,0.7486650479932121,0.21962041407280966,0.3182090364105052,1.179121059575919,TRUE,1.1160328878572023,NA,NA,NA,25,696,0.5
D,+ (1|temp): captures tau,0.6084536453386954,0.18784407734844166,0.24027925373574976,0.976628036941641,TRUE,0.95455683842100425,NA,NA,NA,25,696,0.5
E,+ interactions: lumps eps into residual,0.6084536453386954,0.167483738421763,0.2801855180320399,0.936721772645351,TRUE,0.8510928323720975,NA,NA,0.21586871765683194,25,696,0.5
F,+ (1|item:variant:judge:temp): splits eps/rho,0.6084536453386954,0.16483695048440725,0.2853732223892572,0.9315340682881336,TRUE,0.8376427967834501,0.03703398020178734,0.10213731018138032,NA,25,696,0.5
A,"1 obs/item, naive SE",0.4448813335365583,0.12785479379432144,0.19428593769968827,0.6954767293734283,TRUE,0.6497126205096686,NA,NA,NA,25,697,0.5
B,+ (1|variant): captures phi,0.33426609575265737,0.2474954733291226,-0.15082503197242292,0.8193572234777377,TRUE,1.2576840317745432,NA,NA,NA,25,697,0.5
C,+ (1|judge): captures lambda,0.4739985548706863,0.2555764973278688,-0.026931379891936502,0.9749284896333091,TRUE,1.2987489236164016,NA,NA,NA,25,697,0.5
D,+ (1|temp): captures tau,0.5669169633289807,0.249626748740183,0.07764853579822201,1.0561853908597394,TRUE,1.2685144159256097,NA,NA,NA,25,697,0.5
E,+ interactions: lumps eps into residual,0.5669169633289807,0.24271612046437563,0.09119336721880444,1.0426405594391568,TRUE,1.2333970591711503,NA,NA,0.21994644287669604,25,697,0.5
F,+ (1|item:variant:judge:temp): splits eps/rho,0.5669169633289808,0.23976176843547695,0.09698389719544598,1.0368500294625156,TRUE,1.2183840921822733,0.03728608750069861,0.1033642266996951,NA,25,697,0.5
A,"1 obs/item, naive SE",-0.020200149516775893,0.10883373646025488,-0.23351427297887545,0.19311397394532365,FALSE,0.5530543675132141,NA,NA,NA,25,698,0.5
B,+ (1|variant): captures phi,0.22356618579225962,0.12194869379108048,-0.015453254038258118,0.4625856256227774,FALSE,0.6196999194116494,NA,NA,NA,25,698,0.5
C,+ (1|judge): captures lambda,0.0720712576612638,0.19758245536921246,-0.31519035486239266,0.4593328701849202,FALSE,1.0040438143537735,NA,NA,NA,25,698,0.5
D,+ (1|temp): captures tau,0.3566834001952572,0.24869991839273825,-0.13076843985450975,0.8441352402450242,TRUE,1.2638045935096043,NA,NA,NA,25,698,0.5
E,+ interactions: lumps eps into residual,0.3566834001952572,0.2377712814486683,-0.10934831144413265,0.822715111834647,TRUE,1.2082691447648908,NA,NA,0.20958047264459015,25,698,0.5
F,+ (1|item:variant:judge:temp): splits eps/rho,0.3566834001952574,0.23519063803868523,-0.10429025036056566,0.8176570507510805,TRUE,1.1951552321555727,0.0406835678133994,0.1008191296750252,NA,25,698,0.5
A,"1 obs/item, naive SE",-0.13441922721430635,0.14319225843505828,-0.4150760537470206,0.14623759931840788,FALSE,0.7276521646439152,NA,NA,NA,25,699,0.5
B,+ (1|variant): captures phi,0.15791236911308584,0.17679766871986285,-0.18861106157784532,0.504435799804017,TRUE,0.8984229158334782,NA,NA,NA,25,699,0.5
C,+ (1|judge): captures lambda,0.34454487512892856,0.1870404962018071,-0.022054497426613362,0.7111442476844705,TRUE,0.9504733246388617,NA,NA,NA,25,699,0.5
D,+ (1|temp): captures tau,0.6037877606935491,0.2271047996367578,0.15866235340550383,1.0489131679815944,TRUE,1.15406587522786,NA,NA,NA,25,699,0.5
E,+ interactions: lumps eps into residual,0.6037877606935491,0.2156093056361114,0.18119352164677083,1.0263819997403274,TRUE,1.0956498603913098,NA,NA,0.21612429000727454,25,699,0.5
F,+ (1|item:variant:judge:temp): splits eps/rho,0.6037877606935491,0.21234062907839987,0.18760012769988538,1.019975393687213,TRUE,1.0790396078627604,0.03848678126205512,0.10235509248031215,NA,25,699,0.5
A,"1 obs/item, naive SE",0.6245265141310247,0.10623967512918964,0.416296750877813,0.8327562773842363,TRUE,0.5398722697978913,NA,NA,NA,25,700,0.5
B,+ (1|variant): captures phi,0.6542782807350428,0.1767679087093318,0.30781317966475247,1.000743381805333,TRUE,0.8982716860371232,NA,NA,NA,25,700,0.5
C,+ (1|judge): captures lambda,0.6265557046896659,0.1751028814612648,0.2833540570255869,0.9697573523537449,TRUE,0.889810609338647,NA,NA,NA,25,700,0.5
D,+ (1|temp): captures tau,0.6085601162834362,0.22983144531206975,0.1580904834717795,1.0590297490950928,TRUE,1.1679217194581368,NA,NA,NA,25,700,0.5
E,+ interactions: lumps eps into residual,0.6085601162834362,0.22167202633341326,0.17408294466994623,1.0430372878969263,TRUE,1.1264584521911516,NA,NA,0.2011581550783494,25,700,0.5
F,+ (1|item:variant:judge:temp): splits eps/rho,0.6085601162834362,0.21920393805796073,0.1789203976898332,1.0381998348770392,TRUE,1.1139165047716981,0.03874823353125957,0.10351542795339817,NA,25,700,0.5
A,"1 obs/item, naive SE",0.9327454823866583,0.10699470926824764,0.723035852220893,1.1424551125524238,FALSE,0.5437090849418802,NA,NA,NA,25,701,0.5
B,+ (1|variant): captures phi,1.1093417427040233,0.07287270241362533,0.9665112459733176,1.252172239434729,FALSE,0.3703131735908412,NA,NA,NA,25,701,0.5
C,+ (1|judge): captures lambda,0.7555844351947092,0.1955207359465411,0.37236379273948866,1.1388050776499297,TRUE,0.993566889014436,NA,NA,NA,25,701,0.5
D,+ (1|temp): captures tau,0.7085559536266981,0.18358043300536267,0.3487383049361873,1.0683736023172088,TRUE,0.9328905132340162,NA,NA,NA,25,701,0.5
E,+ interactions: lumps eps into residual,0.7085559536266981,0.17007411008945725,0.3752106978513619,1.0419012094020343,TRUE,0.8642561805295318,NA,NA,0.2162798184648641,25,701,0.5
F,+ (1|item:variant:judge:temp): splits eps/rho,0.7085559536266981,0.16800359184567892,0.3792689136091674,1.0378429936442288,TRUE,0.8537345427085646,0.04365665983571156,0.09946865667422981,NA,25,701,0.5
A,"1 obs/item, naive SE",0.5194984981902577,0.10763989727839349,0.30852429952460647,0.730472696855909,TRUE,0.5469877010997352,NA,NA,NA,25,702,0.5
B,+ (1|variant): captures phi,0.6354410701364807,0.12407872013743641,0.3922467786671053,0.878635361605856,TRUE,0.6305239562598244,NA,NA,NA,25,702,0.5
C,+ (1|judge): captures lambda,0.8614792793747612,0.1709070700594963,0.5265014220581485,1.1964571366913739,FALSE,0.8684889870505319,NA,NA,NA,25,702,0.5
D,+ (1|temp): captures tau,0.9013991568111698,0.20698866755829942,0.49570136839690293,1.3070969452254366,TRUE,1.0518428415867525,NA,NA,NA,25,702,0.5
E,+ interactions: lumps eps into residual,0.9013991568111698,0.1884984195203406,0.5319422545513022,1.2708560590710374,FALSE,0.9578819727753591,NA,NA,0.20381360817892807,25,702,0.5
F,+ (1|item:variant:judge:temp): splits eps/rho,0.9013991568111697,0.18637892829670766,0.5360964573496227,1.2667018562727166,FALSE,0.9471114716765182,0.04323692715845671,0.09817735180047349,NA,25,702,0.5
A,"1 obs/item, naive SE",0.4069169224401571,0.10758566185182097,0.19604902521058798,0.6177848196697262,TRUE,0.5467120959379954,NA,NA,NA,25,703,0.5
B,+ (1|variant): captures phi,0.4945360254494049,0.11767778934805675,0.26388755832721367,0.7251844925715961,TRUE,0.597996700977093,NA,NA,NA,25,703,0.5
C,+ (1|judge): captures lambda,0.2723352328103653,0.2100716597403123,-0.13940522028064678,0.6840756859013775,TRUE,1.067509512113074,NA,NA,NA,25,703,0.5
D,+ (1|temp): captures tau,0.5532286520429506,0.2700175451355964,0.023994263577181707,1.0824630405087194,TRUE,1.3721331960055752,NA,NA,NA,25,703,0.5
E,+ interactions: lumps eps into residual,0.5532286520429506,0.26361755062938114,0.036538252809363514,1.0699190512765377,TRUE,1.3396106985811158,NA,NA,0.22589379447064412,25,703,0.5
F,+ (1|item:variant:judge:temp): splits eps/rho,0.5532286520429505,0.26053323145212526,0.04258351839678498,1.063873785689116,TRUE,1.3239372847366038,0.033460247560313856,0.10352080167708545,NA,25,703,0.5
A,"1 obs/item, naive SE",0.6856722878132931,0.13555753736161757,0.4199795145845227,0.9513650610420636,TRUE,0.6888552256455601,NA,NA,NA,25,704,0.5
B,+ (1|variant): captures phi,0.7303168938444242,0.17047513356317243,0.39618563206060625,1.0644481556282421,TRUE,0.8662940392930641,NA,NA,NA,25,704,0.5
C,+ (1|judge): captures lambda,0.6308560953016193,0.19402665700988891,0.2505638475622371,1.0111483430410015,TRUE,0.9859745108769202,NA,NA,NA,25,704,0.5
D,+ (1|temp): captures tau,0.42272079585231837,0.22406356605938257,-0.016443793624071446,0.8618853853287082,TRUE,1.138611407088659,NA,NA,NA,25,704,0.5
E,+ interactions: lumps eps into residual,0.42272079585231837,0.21091226978769936,0.009332747068427627,0.836108844636209,TRUE,1.0717811936082018,NA,NA,0.21904543212236383,25,704,0.5
F,+ (1|item:variant:judge:temp): splits eps/rho,0.4227207958523185,0.20830515579683742,0.014442690490517163,0.8309989012141198,TRUE,1.0585327669149076,0.03744998928463028,0.0974435110243494,NA,25,704,0.5
A,"1 obs/item, naive SE",-0.3242492700275432,0.12350101138685862,-0.566311252345786,-0.08218728770930034,FALSE,0.6275882457159313,NA,NA,NA,25,705,0.5
B,+ (1|variant): captures phi,0.15186847772995798,0.1874159890958212,-0.21546686089785155,0.5192038163577675,TRUE,0.9523814460703124,NA,NA,NA,25,705,0.5
C,+ (1|judge): captures lambda,0.3921778559152862,0.1893254344077465,0.021100004476103107,0.7632557073544692,TRUE,0.962084568499391,NA,NA,NA,25,705,0.5
D,+ (1|temp): captures tau,0.5723852053386629,0.19806027779885343,0.18418706085291014,0.9605833498244156,TRUE,1.006471938115795,NA,NA,NA,25,705,0.5
E,+ interactions: lumps eps into residual,0.5723852053386629,0.18294193661316427,0.2138190095768609,0.9309514011004649,TRUE,0.9296459015002666,NA,NA,0.21341700635431615,25,705,0.5
F,+ (1|item:variant:judge:temp): splits eps/rho,0.572385205338663,0.1793970564366002,0.2207669747229266,0.9240034359543994,TRUE,0.9116320803477076,0.042327551652112674,0.10242889372080179,NA,25,705,0.5
A,"1 obs/item, naive SE",1.034517638259214,0.09897499086103223,0.840526656171591,1.2285086203468372,FALSE,0.5029557263272346,NA,NA,NA,25,706,0.5
B,+ (1|variant): captures phi,0.871423969302941,0.11534141861897357,0.6453547888097528,1.097493149796129,FALSE,0.5861240953138539,NA,NA,NA,25,706,0.5
C,+ (1|judge): captures lambda,0.4472575391188871,0.2503382940502623,-0.04340551721962704,0.9379205954574013,TRUE,1.272130236297325,NA,NA,NA,25,706,0.5
D,+ (1|temp): captures tau,0.37966161278794514,0.2547746748190787,-0.11969674985744905,0.8790199754333393,TRUE,1.2946743466067376,NA,NA,NA,25,706,0.5
E,+ interactions: lumps eps into residual,0.37966161278794514,0.24421157063366528,-0.09899306565403881,0.8583162912299291,TRUE,1.2409964054255724,NA,NA,0.20623470083397316,25,706,0.5
F,+ (1|item:variant:judge:temp): splits eps/rho,0.37966161278794514,0.2415265706033535,-0.09373046559462772,0.853053691170518,TRUE,1.2273521895616861,0.03791561767733234,0.09632252624570972,NA,25,706,0.5
A,"1 obs/item, naive SE",0.6337005570990737,0.12024167383791373,0.3980268763767628,0.8693742378213846,TRUE,0.6110254507107072,NA,NA,NA,25,707,0.5
B,+ (1|variant): captures phi,0.4776002184706209,0.19261366116441292,0.10007744258837159,0.8551229943528702,TRUE,0.9787941681905887,NA,NA,NA,25,707,0.5
C,+ (1|judge): captures lambda,0.4867018657142711,0.17013353087446081,0.15324014520032792,0.8201635862282143,TRUE,0.8645581358398623,NA,NA,NA,25,707,0.5
D,+ (1|temp): captures tau,0.5423019525023921,0.21933304435559367,0.1124091855654285,0.9721947194393556,TRUE,1.114572577089912,NA,NA,NA,25,707,0.5
E,+ interactions: lumps eps into residual,0.5423019525023921,0.2052102365008183,0.14008988896078828,0.944514016043996,TRUE,1.0428054870342853,NA,NA,0.20322608136567055,25,707,0.5
F,+ (1|item:variant:judge:temp): splits eps/rho,0.5423019525023922,0.20260872995286647,0.14518884179477393,0.9394150632100104,TRUE,1.029585555372889,0.0434082701154668,0.10080796558453216,NA,25,707,0.5
A,"1 obs/item, naive SE",0.5077434632339098,0.09198629795318616,0.327450319245665,0.6880366072221547,TRUE,0.4674416728581212,NA,NA,NA,25,708,0.5
B,+ (1|variant): captures phi,0.7100863122929794,0.11837793052747113,0.47806556845913595,0.9421070561268228,TRUE,0.6015545696099721,NA,NA,NA,25,708,0.5
C,+ (1|judge): captures lambda,0.6072737773498976,0.18466275494374162,0.24533477766016404,0.9692127770396313,TRUE,0.9383904886510547,NA,NA,NA,25,708,0.5
D,+ (1|temp): captures tau,0.7088473736559043,0.21354365426344715,0.2903018112995479,1.1273929360122608,TRUE,1.085152954279584,NA,NA,NA,25,708,0.5
E,+ interactions: lumps eps into residual,0.7088473736559043,0.19115083844649586,0.3341917303007725,1.0835030170110362,TRUE,0.9713606230477457,NA,NA,0.21327466488502064,25,708,0.5
F,+ (1|item:variant:judge:temp): splits eps/rho,0.7088473736559042,0.18902145151083555,0.33836532869466657,1.0793294186171418,TRUE,0.9605398354574696,0.04917987631490041,0.1009258172250922,NA,25,708,0.5
A,"1 obs/item, naive SE",0.8771783354145244,0.1214271183925234,0.6391811833651785,1.1151754874638702,FALSE,0.617049458612072,NA,NA,NA,25,709,0.5
B,+ (1|variant): captures phi,0.7205502828142354,0.21251959194125386,0.30401188260937784,1.137088683019093,TRUE,1.0799490335256405,NA,NA,NA,25,709,0.5
C,+ (1|judge): captures lambda,0.6813553180616845,0.2664865012630089,0.15904177558618704,1.203668860537182,TRUE,1.3541896860321905,NA,NA,NA,25,709,0.5
D,+ (1|temp): captures tau,0.5152448208099704,0.23364673152149587,0.05729722702783846,0.9731924145921023,TRUE,1.1873096479632528,NA,NA,NA,25,709,0.5
E,+ interactions: lumps eps into residual,0.5152448208099704,0.2204319620920695,0.08319817510951416,0.9472914665104266,TRUE,1.1201568864544778,NA,NA,0.21778053004571252,25,709,0.5
F,+ (1|item:variant:judge:temp): splits eps/rho,0.5152448208099705,0.2170933564775895,0.08974184211389502,0.9407477995060459,TRUE,1.1031912793132896,0.036024636256743583,0.0995282610916201,NA,25,709,0.5
A,"1 obs/item, naive SE",0.6192399106352678,0.09502657067248835,0.4329878321171907,0.805491989153345,TRUE,0.48289125825809864,NA,NA,NA,25,710,0.5
B,+ (1|variant): captures phi,0.709852589657798,0.2228875672904364,0.2729929577685426,1.1467122215470533,TRUE,1.132635399312859,NA,NA,NA,25,710,0.5
C,+ (1|judge): captures lambda,0.7845972904447746,0.18780431877744647,0.4165008256409795,1.1526937552485697,TRUE,0.9543547994940121,NA,NA,NA,25,710,0.5
D,+ (1|temp): captures tau,0.5203322446543831,0.2677996686702922,-0.00455510593938957,1.0452195952481558,TRUE,1.3608627360761836,NA,NA,NA,25,710,0.5
E,+ interactions: lumps eps into residual,0.5203322446543831,0.25656989413056763,0.017455252158470547,1.0232092371502957,TRUE,1.3037970130992698,NA,NA,0.20168412498308003,25,710,0.5
F,+ (1|item:variant:judge:temp): splits eps/rho,0.5203322446543832,0.25436626307920684,0.021774369019137818,1.0188901202896286,TRUE,1.2925989433005,0.04002523572220283,0.09992772804703486,NA,25,710,0.5
A,"1 obs/item, naive SE",0.9517592242865579,0.12123122901508787,0.7141460154169856,1.1893724331561302,FALSE,0.6160540184180314,NA,NA,NA,25,711,0.5
B,+ (1|variant): captures phi,0.9907524622082006,0.14158832651341516,0.7132393422419069,1.2682655821744944,FALSE,0.7195015526801098,NA,NA,NA,25,711,0.5
C,+ (1|judge): captures lambda,0.8908450240216684,0.15962769983015887,0.577974732354557,1.2037153156887799,FALSE,0.8111712364060735,NA,NA,NA,25,711,0.5
D,+ (1|temp): captures tau,0.6828699486593043,0.1796325170463337,0.3307902152484902,1.0349496820701183,TRUE,0.9128286074800641,NA,NA,NA,25,711,0.5
E,+ interactions: lumps eps into residual,0.6828699486593043,0.16582112658351952,0.357860540555606,1.0078793567630027,TRUE,0.8426440299278707,NA,NA,0.2136107116046881,25,711,0.5
F,+ (1|item:variant:judge:temp): splits eps/rho,0.6828699486593046,0.16278656894884536,0.36380827351956774,1.0019316237990414,TRUE,0.8272234865567442,0.03962362926146513,0.10342236917540577,NA,25,711,0.5
A,"1 obs/item, naive SE",0.7312029463396101,0.09001998273595557,0.5547637801771372,0.907642112502083,FALSE,0.45744955778271706,NA,NA,NA,25,712,0.5
B,+ (1|variant): captures phi,0.3403938605039803,0.1756429663785321,-0.003866353597942629,0.6846540746059032,TRUE,0.8925551289337431,NA,NA,NA,25,712,0.5
C,+ (1|judge): captures lambda,0.611238411733775,0.22012887245723683,0.17978582171759083,1.0426910017499593,TRUE,1.1186166926529593,NA,NA,NA,25,712,0.5
D,+ (1|temp): captures tau,0.5167146467900419,0.20374865985190863,0.11736727348030096,0.9160620200997828,TRUE,1.035378273971266,NA,NA,NA,25,712,0.5
E,+ interactions: lumps eps into residual,0.5167146467900419,0.19784784972096564,0.1289328613369492,0.9044964322431346,TRUE,1.0053924541241634,NA,NA,0.19881121489543652,25,712,0.5
F,+ (1|item:variant:judge:temp): splits eps/rho,0.5167146467900419,0.19573797853910677,0.1330682088533926,0.9003610847266912,TRUE,0.9946708386585081,0.04029455684860977,0.09645728874247146,NA,25,712,0.5
A,"1 obs/item, naive SE",0.2167915627645781,0.14150828154312386,-0.060564669059944704,0.49414779458910085,FALSE,0.7190947925902986,NA,NA,NA,25,713,0.5
B,+ (1|variant): captures phi,0.0979903721909685,0.11725428186662297,-0.13182802026761253,0.3278087646495495,FALSE,0.5958445864774956,NA,NA,NA,25,713,0.5
C,+ (1|judge): captures lambda,-0.013759774285063349,0.14286142509751235,-0.29376816747618756,0.26624861890606083,FALSE,0.7259709872057449,NA,NA,NA,25,713,0.5
D,+ (1|temp): captures tau,0.29916264516308755,0.28808853035822,-0.26549087433902363,0.8638161646651987,TRUE,1.4639635202018646,NA,NA,NA,25,713,0.5
E,+ interactions: lumps eps into residual,0.29916264516308755,0.28088252136699887,-0.25136709671623025,0.8496923870424054,TRUE,1.4273451436345055,NA,NA,0.21404839143744758,25,713,0.5
F,+ (1|item:variant:judge:temp): splits eps/rho,0.2991626451630876,0.27848506990907546,-0.24666809185870026,0.8449933821848754,TRUE,1.4151621474163274,0.041985809329672066,0.1006018581468573,NA,25,713,0.5
A,"1 obs/item, naive SE",0.6605193081980371,0.15009878616132327,0.36632568732184345,0.9547129290742307,TRUE,0.7627486838629983,NA,NA,NA,25,714,0.5
B,+ (1|variant): captures phi,0.38037180891766625,0.22129178218740092,-0.053360084169639554,0.8141037020049721,TRUE,1.1245261865857137,NA,NA,NA,25,714,0.5
C,+ (1|judge): captures lambda,0.3346781426028084,0.2095513697283618,-0.07604254206478073,0.7453988272703975,TRUE,1.0648655831913851,NA,NA,NA,25,714,0.5
D,+ (1|temp): captures tau,0.37870148708721746,0.21413737125233742,-0.04100776056736388,0.7984107347417988,TRUE,1.0881700130010077,NA,NA,NA,25,714,0.5
E,+ interactions: lumps eps into residual,0.37870148708721746,0.20935382000304786,-0.03163200011875633,0.7890349742931912,TRUE,1.0638617056995394,NA,NA,0.21491376765193027,25,714,0.5
F,+ (1|item:variant:judge:temp): splits eps/rho,0.3787014870872175,0.20656649432229615,-0.02616884178448292,0.783571815958918,TRUE,1.0496975072482215,0.0372795866685705,0.09924815797235333,NA,25,714,0.5
A,"1 obs/item, naive SE",0.5741422137448032,0.10589148003461886,0.36659491287695023,0.7816895146126562,TRUE,0.5381028660811552,NA,NA,NA,25,715,0.5
B,+ (1|variant): captures phi,0.24838044183680244,0.18556720200527999,-0.11533127409354635,0.6120921577671512,TRUE,0.9429865671634464,NA,NA,NA,25,715,0.5
C,+ (1|judge): captures lambda,0.24694530182104493,0.22470862932381608,-0.19348361165363456,0.6873742152957244,TRUE,1.1418893893331403,NA,NA,NA,25,715,0.5
D,+ (1|temp): captures tau,0.3514735054383313,0.23249423946833422,-0.10421520391960382,0.8071622147962664,TRUE,1.1814530929624227,NA,NA,NA,25,715,0.5
E,+ interactions: lumps eps into residual,0.3514735054383313,0.22153151472608967,-0.0827282634248045,0.785675274301467,TRUE,1.1257444221427118,NA,NA,0.21586634566396148,25,715,0.5
F,+ (1|item:variant:judge:temp): splits eps/rho,0.35147350543833134,0.21831641417749062,-0.07642666634955025,0.779373677226213,TRUE,1.1094064238507373,0.03460430984302261,0.1028031808998989,NA,25,715,0.5
A,"1 obs/item, naive SE",0.4974105714031742,0.12661795880351473,0.24923937214828532,0.7455817706580631,TRUE,0.6434274646764989,NA,NA,NA,25,716,0.5
B,+ (1|variant): captures phi,0.6664783592095878,0.15968552346017423,0.3534947332276463,0.9794619851915292,TRUE,0.8114650755424073,NA,NA,NA,25,716,0.5
C,+ (1|judge): captures lambda,0.4035293036407128,0.2840845045311584,-0.1532763252403576,0.9603349325217833,TRUE,1.4436164840408776,NA,NA,NA,25,716,0.5
D,+ (1|temp): captures tau,0.4713603035837171,0.29926653658631747,-0.11520210812546511,1.0579227152928994,TRUE,1.520766175018341,NA,NA,NA,25,716,0.5
E,+ interactions: lumps eps into residual,0.4713603035837171,0.2867874896893125,-0.09074317620733535,1.0334637833747695,TRUE,1.4573520939322686,NA,NA,0.21061736029447445,25,716,0.5
F,+ (1|item:variant:judge:temp): splits eps/rho,0.4713603035837171,0.28448825447969356,-0.0862366751964822,1.0289572823639164,TRUE,1.4456681977804142,0.03846772488847116,0.09886201238076797,NA,25,716,0.5
A,"1 obs/item, naive SE",0.8589461829278252,0.14295866071540445,0.5787472079256325,1.139145157930018,FALSE,0.7264651040568438,NA,NA,NA,25,717,0.5
B,+ (1|variant): captures phi,0.615049378274865,0.1636726261966229,0.2942510309294842,0.935847725620246,TRUE,0.831726114571625,NA,NA,NA,25,717,0.5
C,+ (1|judge): captures lambda,0.6100542811943155,0.29210192527891643,0.037534507647639326,1.1825740547409915,TRUE,1.4843581667667842,NA,NA,NA,25,717,0.5
D,+ (1|temp): captures tau,0.6709585811287602,0.26191464568774314,0.15760587558078365,1.1843112866767367,TRUE,1.3309571409062246,NA,NA,NA,25,717,0.5
E,+ interactions: lumps eps into residual,0.6709585811287602,0.25153216716095156,0.17795553349329513,1.1639616287642252,TRUE,1.2781970751250482,NA,NA,0.2271663850610781,25,717,0.5
F,+ (1|item:variant:judge:temp): splits eps/rho,0.6709585811287602,0.24830236527279098,0.18428594519408986,1.1576312170634304,TRUE,1.2617843698505036,0.034076701349037335,0.1018484566818159,NA,25,717,0.5
A,"1 obs/item, naive SE",0.4178949478199868,0.09124459443417007,0.23905554272901347,0.5967343529109601,TRUE,0.4636725991872786,NA,NA,NA,25,718,0.5
B,+ (1|variant): captures phi,0.3171252052674897,0.14174157296904377,0.03931172224816393,0.5949386882868155,TRUE,0.7202802967014756,NA,NA,NA,25,718,0.5
C,+ (1|judge): captures lambda,0.4166088520146007,0.10093915161222261,0.21876811485464437,0.6144495891745569,TRUE,0.5129368931719527,NA,NA,NA,25,718,0.5
D,+ (1|temp): captures tau,0.4441396095922612,0.16806761726043104,0.11472707976181634,0.7735521394227061,TRUE,0.8540598971107213,NA,NA,NA,25,718,0.5
E,+ interactions: lumps eps into residual,0.4441396095922612,0.15372622322483356,0.14283621207158742,0.745443007112935,TRUE,0.7811820297730352,NA,NA,0.20626614831416434,25,718,0.5
F,+ (1|item:variant:judge:temp): splits eps/rho,0.44413960959226106,0.15081972036693403,0.1485329576730704,0.7397462615114517,TRUE,0.7664122152648473,0.03760936952709758,0.09784636383842629,NA,25,718,0.5
A,"1 obs/item, naive SE",1.199616489133808,0.13957159406784198,0.9260561647608376,1.4731768135067782,FALSE,0.7092532351693243,NA,NA,NA,25,719,0.5
B,+ (1|variant): captures phi,0.8155611057751062,0.16950712395579226,0.4833271428217534,1.147795068728459,TRUE,0.8613749585138072,NA,NA,NA,25,719,0.5
C,+ (1|judge): captures lambda,0.5217211498225748,0.24880382336077891,0.034065656035448144,1.0093766436097014,TRUE,1.264332601627769,NA,NA,NA,25,719,0.5
D,+ (1|temp): captures tau,0.34028985400175715,0.21259470533809133,-0.07639576846090185,0.7569754764644161,TRUE,1.080330733111916,NA,NA,NA,25,719,0.5
E,+ interactions: lumps eps into residual,0.34028985400175715,0.19767661577784604,-0.047156312922821075,0.7277360209263354,TRUE,1.0045223040843971,NA,NA,0.20672976590239017,25,719,0.5
F,+ (1|item:variant:judge:temp): splits eps/rho,0.34028985400175726,0.1943282133771076,-0.0405934442173736,0.7211731522208882,TRUE,0.9875069131573714,0.03716915757747637,0.09752055580036698,NA,25,719,0.5
A,"1 obs/item, naive SE",-0.014592513243914973,0.13280014836682724,-0.2748808040428964,0.24569577755506644,FALSE,0.674843154792341,NA,NA,NA,25,720,0.5
B,+ (1|variant): captures phi,0.14189756566125372,0.16234493490273355,-0.17629850674810404,0.4600936380706115,FALSE,0.8249792592979119,NA,NA,NA,25,720,0.5
C,+ (1|judge): captures lambda,0.37340958466474683,0.21519742831309271,-0.04837737482891491,0.7951965441584086,TRUE,1.0935568462232415,NA,NA,NA,25,720,0.5
D,+ (1|temp): captures tau,0.339277564252922,0.2564880874818426,-0.16343908721148948,0.8419942157173335,TRUE,1.3033813007857857,NA,NA,NA,25,720,0.5
E,+ interactions: lumps eps into residual,0.339277564252922,0.25025388178885477,-0.15122004405323336,0.8297751725590774,TRUE,1.2717012831862633,NA,NA,0.2241613918869686,25,720,0.5
F,+ (1|item:variant:judge:temp): splits eps/rho,0.3392775642529218,0.24830574648882303,-0.1474016988651713,0.825956827371015,TRUE,1.2618015519886425,0.039866451242262006,0.10276454066390772,NA,25,720,0.5
A,"1 obs/item, naive SE",0.6766466654839405,0.11189051215499776,0.4573412616601449,0.8959520693077361,TRUE,0.5685878151689708,NA,NA,NA,25,721,0.5
B,+ (1|variant): captures phi,0.833579052312278,0.14959551776285898,0.5403718374970744,1.1267862671274815,FALSE,0.7601912527313042,NA,NA,NA,25,721,0.5
C,+ (1|judge): captures lambda,0.8122216464250083,0.24776545247290468,0.3266013595781151,1.2978419332719016,TRUE,1.2590559698285186,NA,NA,NA,25,721,0.5
D,+ (1|temp): captures tau,0.45469164682538965,0.26484966998082615,-0.06441370633702959,0.9737969999878089,TRUE,1.3458718912110599,NA,NA,NA,25,721,0.5
E,+ interactions: lumps eps into residual,0.45469164682538965,0.25276908414477695,-0.040735758098373154,0.9501190517491525,TRUE,1.2844826476175972,NA,NA,0.21361995115323948,25,721,0.5
F,+ (1|item:variant:judge:temp): splits eps/rho,0.45469164682538965,0.25083399084188324,-0.03694297522470147,0.9463262688754808,TRUE,1.2746491912141062,0.04111658827947958,0.10212580476667305,NA,25,721,0.5
A,"1 obs/item, naive SE",0.16638012053514384,0.12735575299258434,-0.08323715533032144,0.4159973964006091,FALSE,0.6471766725219893,NA,NA,NA,25,722,0.5
B,+ (1|variant): captures phi,0.4659087002391312,0.15934061622793694,0.15360109243237485,0.7782163080458876,TRUE,0.8097123795734934,NA,NA,NA,25,722,0.5
C,+ (1|judge): captures lambda,0.5314171484097852,0.23985714270712258,0.06129714870382491,1.0015371481157453,TRUE,1.2188687503332987,NA,NA,NA,25,722,0.5
D,+ (1|temp): captures tau,0.3724139440772637,0.2577641919537986,-0.1328038721521816,0.877631760306709,TRUE,1.3098660101651807,NA,NA,NA,25,722,0.5
E,+ interactions: lumps eps into residual,0.3724139440772637,0.2449462120242015,-0.10768063149017126,0.8525085196446986,TRUE,1.244729591869469,NA,NA,0.21139428561544174,25,722,0.5
F,+ (1|item:variant:judge:temp): splits eps/rho,0.3724139440772639,0.24222558315315426,-0.10234819890291841,0.8471760870574463,TRUE,1.230904322900001,0.0387333231657553,0.1016213268833626,NA,25,722,0.5
A,"1 obs/item, naive SE",0.6571966798288973,0.11929370922732677,0.4233810097433368,0.8910123499144578,TRUE,0.6062082314808543,NA,NA,NA,25,723,0.5
B,+ (1|variant): captures phi,0.8736019741358013,0.15011528186401937,0.5793760216823234,1.1678279265892793,FALSE,0.7628325091612743,NA,NA,NA,25,723,0.5
C,+ (1|judge): captures lambda,0.7012481018515802,0.17829932451620975,0.35178142579980903,1.0507147779033512,TRUE,0.9060537968790304,NA,NA,NA,25,723,0.5
D,+ (1|temp): captures tau,0.5172394141467431,0.21184642020803893,0.10202043053898685,0.9324583977544993,TRUE,1.0765282140329924,NA,NA,NA,25,723,0.5
E,+ interactions: lumps eps into residual,0.5172394141467431,0.19562533161191425,0.13381376418739122,0.900665064106095,TRUE,0.99409840701096,NA,NA,0.21239035828665861,25,723,0.5
F,+ (1|item:variant:judge:temp): splits eps/rho,0.517239414146743,0.19203560268920933,0.14084963287589275,0.8936291954175932,TRUE,0.9758566804704448,0.03744389686348721,0.09915558768013978,NA,25,723,0.5
A,"1 obs/item, naive SE",0.846669214924671,0.11216300797829368,0.6268297192872153,1.0665087105621265,FALSE,0.5699725420937691,NA,NA,NA,25,724,0.5
B,+ (1|variant): captures phi,0.8935698147809431,0.15021168964934037,0.5991549030682359,1.1879847264936503,FALSE,0.7633224192614713,NA,NA,NA,25,724,0.5
C,+ (1|judge): captures lambda,0.6224504234004851,0.16739115396724333,0.29436376162468814,0.950537085176282,TRUE,0.8506223510801625,NA,NA,NA,25,724,0.5
D,+ (1|temp): captures tau,0.47778432384266906,0.3008755153929803,-0.11193168632757228,1.0675003340129103,TRUE,1.5289424334580761,NA,NA,NA,25,724,0.5
E,+ interactions: lumps eps into residual,0.47778432384266906,0.2950362890390774,-0.10048680267392268,1.0560554503592607,TRUE,1.4992695604780732,NA,NA,0.2173758042181589,25,724,0.5
F,+ (1|item:variant:judge:temp): splits eps/rho,0.4777843238426691,0.29303738548486147,-0.09656895170765933,1.0521375993929976,TRUE,1.489111843056504,0.037355887626588556,0.10199675710976665,NA,25,724,0.5
A,"1 obs/item, naive SE",0.5442846968063991,0.10431463295160473,0.33982801622125386,0.7487413773915443,TRUE,0.5300898896408958,NA,NA,NA,25,725,0.5
B,+ (1|variant): captures phi,0.7178835412486968,0.1629506337090141,0.3985002991790291,1.0372667833183644,TRUE,0.8280572053567917,NA,NA,NA,25,725,0.5
C,+ (1|judge): captures lambda,0.709293191154254,0.13930591678057708,0.436253594264323,0.9823327880441851,TRUE,0.7079031576212234,NA,NA,NA,25,725,0.5
D,+ (1|temp): captures tau,0.654497124303363,0.2172617454124944,0.22866410329487402,1.0803301453118521,TRUE,1.1040469720324684,NA,NA,NA,25,725,0.5
E,+ interactions: lumps eps into residual,0.654497124303363,0.20320245712454105,0.25622030833926257,1.0527739402674636,TRUE,1.0326026658396037,NA,NA,0.20762237178290224,25,725,0.5
F,+ (1|item:variant:judge:temp): splits eps/rho,0.654497124303363,0.19982774066269804,0.2628347526044749,1.046159496002251,TRUE,1.0154535562064653,0.040036478363979146,0.0991389337412709,NA,25,725,0.5
A,"1 obs/item, naive SE",0.06989166800889761,0.08452493814443422,-0.09577721075419347,0.23556054677198868,FALSE,0.42952569419166425,NA,NA,NA,25,726,0.5
B,+ (1|variant): captures phi,0.09301161207991752,0.12462390314334844,-0.1512512380810454,0.3372744622408805,FALSE,0.6332943825294741,NA,NA,NA,25,726,0.5
C,+ (1|judge): captures lambda,0.4153674604282982,0.23462951042767632,-0.04450638000994739,0.8752413008665438,TRUE,1.1923037810697776,NA,NA,NA,25,726,0.5
D,+ (1|temp): captures tau,0.25454903466541084,0.2408816395032396,-0.21757897876093873,0.7266770480917604,TRUE,1.2240748789293037,NA,NA,NA,25,726,0.5
E,+ interactions: lumps eps into residual,0.25454903466541084,0.23134685501825247,-0.198890801170364,0.7079888705011856,TRUE,1.1756224929851244,NA,NA,0.1988955244219189,25,726,0.5
F,+ (1|item:variant:judge:temp): splits eps/rho,0.2545490346654108,0.22884967650873703,-0.19399633129171379,0.7030944006225354,TRUE,1.162932719335278,0.03796237551254052,0.09976720855590508,NA,25,726,0.5
A,"1 obs/item, naive SE",0.0936047796382563,0.125250180283789,-0.15188557371797018,0.33909513299448274,FALSE,0.6364769003686997,NA,NA,NA,25,727,0.5
B,+ (1|variant): captures phi,0.11423510543937451,0.09400025584745561,-0.0700053960216385,0.29847560690038755,FALSE,0.47767589108529923,NA,NA,NA,25,727,0.5
C,+ (1|judge): captures lambda,0.41350060471880534,0.19133803624655527,0.03847805367555701,0.7885231557620537,TRUE,0.9723118957346807,NA,NA,NA,25,727,0.5
D,+ (1|temp): captures tau,0.48732451116477693,0.20341705240290697,0.08862708845507927,0.8860219338744746,TRUE,1.0336931627738088,NA,NA,NA,25,727,0.5
E,+ interactions: lumps eps into residual,0.48732451116477693,0.1895957200671922,0.11571689983308026,0.8589321224964737,TRUE,0.9634580641570285,NA,NA,0.21467646348713493,25,727,0.5
F,+ (1|item:variant:judge:temp): splits eps/rho,0.48732451116477693,0.18669549863590748,0.1214013338383983,0.8532476884911555,TRUE,0.9487201696263818,0.039658146394477053,0.10126588981618931,NA,25,727,0.5
A,"1 obs/item, naive SE",0.4886545805222467,0.10873057561248611,0.2755426523217739,0.7017665087227195,TRUE,0.5525301407497994,NA,NA,NA,25,728,0.5
B,+ (1|variant): captures phi,0.5660884591005558,0.1578746465724249,0.25665415181860307,0.8755227663825086,TRUE,0.8022628428122626,NA,NA,NA,25,728,0.5
C,+ (1|judge): captures lambda,0.4239682947590613,0.17589093462745573,0.07922206288924805,0.7687145266288745,TRUE,0.8938152154430572,NA,NA,NA,25,728,0.5
D,+ (1|temp): captures tau,0.5948772202383924,0.19902935926139567,0.2047796760860569,0.9849747643907278,TRUE,1.0113964656820316,NA,NA,NA,25,728,0.5
E,+ interactions: lumps eps into residual,0.5948772202383924,0.19056660049854116,0.22136668326125175,0.968387757215533,TRUE,0.96839173344336,NA,NA,0.2020565899481654,25,728,0.5
F,+ (1|item:variant:judge:temp): splits eps/rho,0.5948772202383923,0.18772221703348846,0.2269416748527549,0.9628127656240297,TRUE,0.9539375876114355,0.04288160624892075,0.09854673325295704,NA,25,728,0.5
A,"1 obs/item, naive SE",0.2062190296704816,0.13068789547350673,-0.04992924545759159,0.4623673047985548,FALSE,0.6641094363155345,NA,NA,NA,25,729,0.5
B,+ (1|variant): captures phi,-0.04849586891847447,0.13922299951531839,-0.32137294796849847,0.22438121013154955,FALSE,0.7074818015492456,NA,NA,NA,25,729,0.5
C,+ (1|judge): captures lambda,0.2024810290494357,0.19679912368578767,-0.1832452533747081,0.5882073114735795,TRUE,1.0000632011466934,NA,NA,NA,25,729,0.5
D,+ (1|temp): captures tau,0.47393096204331203,0.22802974724818034,0.026992657436878564,0.9208692666497456,TRUE,1.1587661302485537,NA,NA,NA,25,729,0.5
E,+ interactions: lumps eps into residual,0.47393096204331203,0.2190012132148152,0.04468858414227428,0.9031733399443498,TRUE,1.1128863291703486,NA,NA,0.2083815594193091,25,729,0.5
F,+ (1|item:variant:judge:temp): splits eps/rho,0.4739309620433119,0.21633255395675713,0.04991915628806798,0.8979427677985559,TRUE,1.0993251513032947,0.041762643543837165,0.10317082489037809,NA,25,729,0.5
A,"1 obs/item, naive SE",0.7243891597159149,0.12105490552775933,0.4871215448815066,0.9616567745503232,TRUE,0.6151580051234973,NA,NA,NA,25,730,0.5
B,+ (1|variant): captures phi,0.8180181893837919,0.09403946129883034,0.6337008452380845,1.0023355335294994,FALSE,0.4778751192549674,NA,NA,NA,25,730,0.5
C,+ (1|judge): captures lambda,0.8520719711672471,0.12719531132968234,0.6027691609610697,1.1013747813734245,FALSE,0.6463613650145471,NA,NA,NA,25,730,0.5
D,+ (1|temp): captures tau,0.48635638417425575,0.24886272582364966,-0.0014145584400975797,0.974127326788609,TRUE,1.2646319230092402,NA,NA,NA,25,730,0.5
E,+ interactions: lumps eps into residual,0.48635638417425575,0.2428296989936882,0.010410174146626872,0.9623025942018846,TRUE,1.2339742248895669,NA,NA,0.20545291939539842,25,730,0.5
F,+ (1|item:variant:judge:temp): splits eps/rho,0.4863563841742557,0.24124008597293653,0.0135258156673001,0.9591869526812113,TRUE,1.225896376490935,0.03441698372074058,0.10076592628581757,NA,25,730,0.5
A,"1 obs/item, naive SE",0.9725827857148301,0.12953393965345167,0.7186962639940648,1.2264693074355955,FALSE,0.6582454429715974,NA,NA,NA,25,731,0.5
B,+ (1|variant): captures phi,0.7623791585029699,0.15055912256389187,0.46728327827774185,1.057475038728198,TRUE,0.7650879498502399,NA,NA,NA,25,731,0.5
C,+ (1|judge): captures lambda,0.7483264013243976,0.11478303617561737,0.5233516504201876,0.9733011522286077,FALSE,0.5832865941943952,NA,NA,NA,25,731,0.5
D,+ (1|temp): captures tau,0.41215790090987303,0.24693354294900136,-0.07183184327016962,0.8961476450899157,TRUE,1.2548285013014355,NA,NA,NA,25,731,0.5
E,+ interactions: lumps eps into residual,0.41215790090987303,0.2350158548768373,-0.04847317464872808,0.8727889764684742,TRUE,1.1942670462476759,NA,NA,0.20195567382545734,25,731,0.5
F,+ (1|item:variant:judge:temp): splits eps/rho,0.41215790090987287,0.23270351240122444,-0.04394098339652702,0.8682567852162728,TRUE,1.1825165436285634,0.04262565632004415,0.09890548965496215,NA,25,731,0.5
A,"1 obs/item, naive SE",0.3167910049494426,0.09896265806931077,0.12282419513359352,0.5107578147652917,TRUE,0.5028930554629694,NA,NA,NA,25,732,0.5
B,+ (1|variant): captures phi,0.14112760985891146,0.11558275320075401,-0.0854145864145664,0.3676698061323893,FALSE,0.5873504718844533,NA,NA,NA,25,732,0.5
C,+ (1|judge): captures lambda,0.15696059171213197,0.18527453253774526,-0.20617749206184874,0.5200986754861127,TRUE,0.9414993249486489,NA,NA,NA,25,732,0.5
D,+ (1|temp): captures tau,0.31827080242955147,0.20220641233936673,-0.0780537657556073,0.7145953706147102,TRUE,1.0275411202509288,NA,NA,NA,25,732,0.5
E,+ interactions: lumps eps into residual,0.31827080242955147,0.18877372577660254,-0.05172570009258948,0.6882673049516924,TRUE,0.9592809813216198,NA,NA,0.22071258181830467,25,732,0.5
F,+ (1|item:variant:judge:temp): splits eps/rho,0.31827080242955147,0.1849782764328617,-0.04428661937885742,0.6808282242379604,TRUE,0.9399938567175903,0.044371279440175576,0.09738316897332094,NA,25,732,0.5
A,"1 obs/item, naive SE",0.47251597663830797,0.12216494743264741,0.23307267967031903,0.711959273606297,TRUE,0.6207988435582343,NA,NA,NA,25,733,0.5
B,+ (1|variant): captures phi,0.22994554602481382,0.12976031358186096,-0.024384668595633652,0.4842757606452613,FALSE,0.6593957948190101,NA,NA,NA,25,733,0.5
C,+ (1|judge): captures lambda,0.11007322167348739,0.14468840208338543,-0.17351604640994805,0.3936624897569228,FALSE,0.7352550349123329,NA,NA,NA,25,733,0.5
D,+ (1|temp): captures tau,0.2624796019275315,0.16733867953412465,-0.0655042099593528,0.5904634138144158,TRUE,0.850355694661271,NA,NA,NA,25,733,0.5
E,+ interactions: lumps eps into residual,0.2624796019275315,0.14994797214157465,-0.031418423469954826,0.5563776273250178,TRUE,0.7619823006162496,NA,NA,0.22270853110241276,25,733,0.5
F,+ (1|item:variant:judge:temp): splits eps/rho,0.26247960192753117,0.14703058911921443,-0.02570035274612914,0.5506595566011915,TRUE,0.7471571969792496,0.043631931191148894,0.09968403157037141,NA,25,733,0.5
A,"1 obs/item, naive SE",0.7201812672736704,0.11569256916277518,0.493423831714631,0.9469387028327098,TRUE,0.5879085175731691,NA,NA,NA,25,734,0.5
B,+ (1|variant): captures phi,0.3782512671509569,0.1468029502614252,0.09051748463856352,0.6659850496633504,TRUE,0.7460004172103034,NA,NA,NA,25,734,0.5
C,+ (1|judge): captures lambda,0.4851255324246199,0.11249565570012507,0.2646340472523748,0.705617017596865,TRUE,0.5716629395880182,NA,NA,NA,25,734,0.5
D,+ (1|temp): captures tau,0.3902790559826273,0.13262201521578165,0.13033990615969526,0.6502182058055593,TRUE,0.6739379454299791,NA,NA,NA,25,734,0.5
E,+ interactions: lumps eps into residual,0.3902790559826273,0.13007191416901212,0.13533810421136355,0.645220007753891,TRUE,0.6609792382552884,NA,NA,0.22249839799556015,25,734,0.5
F,+ (1|item:variant:judge:temp): splits eps/rho,0.39027905598262724,0.1286047015537394,0.138213840937298,0.6423442710279565,TRUE,0.6535233852143207,0.035083999176447375,0.10089898208209008,NA,25,734,0.5
A,"1 obs/item, naive SE",0.4434630455761475,0.13616912437812073,0.17657156179503086,0.7103545293572642,TRUE,0.691963093496031,NA,NA,NA,25,735,0.5
B,+ (1|variant): captures phi,0.28838267668549217,0.27185716538671356,-0.24445736747246644,0.8212227208434508,TRUE,1.3814814922925234,NA,NA,NA,25,735,0.5
C,+ (1|judge): captures lambda,0.48700714864318817,0.24537302215335763,0.006076025222607251,0.967938272063769,TRUE,1.2468984892509798,NA,NA,NA,25,735,0.5
D,+ (1|temp): captures tau,0.5062460309744262,0.30158629836340134,-0.0848631138178404,1.0973551757666928,TRUE,1.5325543798905956,NA,NA,NA,25,735,0.5
E,+ interactions: lumps eps into residual,0.5062460309744262,0.29915069863163585,-0.08008933834358001,1.0925814002924326,TRUE,1.5201775277032332,NA,NA,0.2008247902144855,25,735,0.5
F,+ (1|item:variant:judge:temp): splits eps/rho,0.5062460309744261,0.29706337195944243,-0.075998178066081,1.0884902400149332,TRUE,1.5095704754230337,0.03649404996429799,0.10025292150624346,NA,25,735,0.5
A,"1 obs/item, naive SE",0.40580681963714366,0.12098953424563397,0.1686673325157011,0.6429463067585862,TRUE,0.6148258115016917,NA,NA,NA,25,736,0.5
B,+ (1|variant): captures phi,0.27041250061802713,0.13803426051568177,-1.346499927091238e-4,0.5409596512287633,TRUE,0.70144105244915,NA,NA,NA,25,736,0.5
C,+ (1|judge): captures lambda,0.4703123415016989,0.2665822051688473,-0.05218878062924176,0.9928134636326396,TRUE,1.3546760192670264,NA,NA,NA,25,736,0.5
D,+ (1|temp): captures tau,0.4814329974914859,0.2781070216181195,-0.0636567648800283,1.026522759863,TRUE,1.4132410403658455,NA,NA,NA,25,736,0.5
E,+ interactions: lumps eps into residual,0.4814329974914859,0.271451705024589,-0.05061234435670853,1.0134783393396802,TRUE,1.3794210868390326,NA,NA,0.21015626653393676,25,736,0.5
F,+ (1|item:variant:judge:temp): splits eps/rho,0.4814329974914859,0.26901898906588384,-0.04584422107764646,1.0087102160606183,TRUE,1.367058888961426,0.038448614437806714,0.09928116022198337,NA,25,736,0.5
A,"1 obs/item, naive SE",0.4117554225862555,0.11032564007328201,0.19551716804262279,0.6279936771298883,TRUE,0.5606356914292107,NA,NA,NA,25,737,0.5
B,+ (1|variant): captures phi,0.3765328705386967,0.14982912347107583,0.08286778853538812,0.6701979525420053,TRUE,0.7613783539134135,NA,NA,NA,25,737,0.5
C,+ (1|judge): captures lambda,0.4755224972639707,0.2196628466665699,0.044983317797493705,0.9060616767304477,TRUE,1.1162485152174977,NA,NA,NA,25,737,0.5
D,+ (1|temp): captures tau,0.7282213626609402,0.25352924315408676,0.23130404607893013,1.2251386792429502,TRUE,1.2883455055307484,NA,NA,NA,25,737,0.5
E,+ interactions: lumps eps into residual,0.7282213626609402,0.23497226386640596,0.2676757254827845,1.1887669998390957,TRUE,1.194045532225577,NA,NA,0.21700586073353725,25,737,0.5
F,+ (1|item:variant:judge:temp): splits eps/rho,0.7282213626609402,0.2316861776159151,0.2741164545337466,1.1823262707881337,TRUE,1.1773468098259945,0.037709371903398826,0.09995567027447001,NA,25,737,0.5
A,"1 obs/item, naive SE",0.08791176243533977,0.12732901845500158,-0.16165311373646332,0.33747663860714283,FALSE,0.6470408171038581,NA,NA,NA,25,738,0.5
B,+ (1|variant): captures phi,0.07566611534949061,0.12187995954962817,-0.1632186053677806,0.3145508360667618,FALSE,0.6193506364257916,NA,NA,NA,25,738,0.5
C,+ (1|judge): captures lambda,0.3016107748353221,0.20078970242592883,-0.09193704191949842,0.6951585915901426,TRUE,1.0203419039912516,NA,NA,NA,25,738,0.5
D,+ (1|temp): captures tau,0.41301900091305216,0.2626724026895887,-0.10181890835854163,0.9278569101846459,TRUE,1.3348077926711526,NA,NA,NA,25,738,0.5
E,+ interactions: lumps eps into residual,0.41301900091305216,0.25642053365237577,-0.08956524504560431,0.9156032468717086,TRUE,1.3030380162341015,NA,NA,0.22909396531271786,25,738,0.5
F,+ (1|item:variant:judge:temp): splits eps/rho,0.41301900091305205,0.25345310406191457,-0.08374908304830048,0.9097870848744045,TRUE,1.2879585937253295,0.0460556002084923,0.10123079476362695,NA,25,738,0.5
A,"1 obs/item, naive SE",0.6743263655433166,0.09794131796719083,0.4823613823276226,0.8662913487590106,TRUE,0.49770296806392,NA,NA,NA,25,739,0.5
B,+ (1|variant): captures phi,0.5008269676026277,0.11998050162208583,0.2656651844233394,0.735988750781916,TRUE,0.6096982663344778,NA,NA,NA,25,739,0.5
C,+ (1|judge): captures lambda,0.33730777592295863,0.1172293431940492,0.10753826326262222,0.5670772885832951,TRUE,0.595717857007062,NA,NA,NA,25,739,0.5
D,+ (1|temp): captures tau,0.5583206595387312,0.1752048233872287,0.21491920569976297,0.9017221133776995,TRUE,0.8903286419746728,NA,NA,NA,25,739,0.5
E,+ interactions: lumps eps into residual,0.5583206595387312,0.1682315159581861,0.22858688826068646,0.8880544308167759,TRUE,0.8548927720406037,NA,NA,0.20300187568064543,25,739,0.5
F,+ (1|item:variant:judge:temp): splits eps/rho,0.5583206595387312,0.16545834974895957,0.23402229403077046,0.882619025046692,TRUE,0.8408005269910835,0.03816491960158402,0.09901628093035018,NA,25,739,0.5
A,"1 obs/item, naive SE",0.44711412354628444,0.12521961395619446,0.20168368019214328,0.6925445669004255,TRUE,0.6363215731556056,NA,NA,NA,25,740,0.5
B,+ (1|variant): captures phi,0.624154045604811,0.11598336739141643,0.3968266455176348,0.8514814456919872,TRUE,0.589386250816977,NA,NA,NA,25,740,0.5
C,+ (1|judge): captures lambda,0.5013359966795737,0.11364241331732944,0.27859686657760807,0.7240751267815394,TRUE,0.5774903542234197,NA,NA,NA,25,740,0.5
D,+ (1|temp): captures tau,0.6265730576565668,0.12269717061882093,0.3860866032436778,0.8670595120694558,TRUE,0.6235034126300915,NA,NA,NA,25,740,0.5
E,+ interactions: lumps eps into residual,0.6265730576565668,0.11000209303509823,0.4109689553077743,0.8421771600053594,TRUE,0.5589915403747364,NA,NA,0.21820643203401216,25,740,0.5
F,+ (1|item:variant:judge:temp): splits eps/rho,0.6265730576565668,0.10795509711401015,0.4149810673131069,0.8381650480000267,TRUE,0.5485894346374871,0.043758637140373424,0.10168673926140068,NA,25,740,0.5
A,"1 obs/item, naive SE",0.2608017700045267,0.11356298746011029,0.03821831458271055,0.4833852254263429,FALSE,0.5770867402461988,NA,NA,NA,25,741,0.5
B,+ (1|variant): captures phi,0.47296772385352126,0.24297524892130298,-0.0032637640322325523,0.9491992117392751,TRUE,1.2347138578910304,NA,NA,NA,25,741,0.5
C,+ (1|judge): captures lambda,0.7033789169393602,0.25248268328180473,0.20851285770702288,1.1982449761716976,TRUE,1.2830272602232282,NA,NA,NA,25,741,0.5
D,+ (1|temp): captures tau,0.835987729917508,0.2659518438758447,0.3147221159208524,1.3572533439141636,TRUE,1.351472747216051,NA,NA,NA,25,741,0.5
E,+ interactions: lumps eps into residual,0.835987729917508,0.2591284777909324,0.3280959134472805,1.3438795463877355,TRUE,1.3167988259014005,NA,NA,0.22403778181484532,25,741,0.5
F,+ (1|item:variant:judge:temp): splits eps/rho,0.835987729917508,0.2561654840280527,0.3339033812225247,1.3380720786124913,TRUE,1.3017419446918368,0.04002690477779582,0.09968886591868185,NA,25,741,0.5
A,"1 obs/item, naive SE",-0.3976345817019061,0.14792594065895376,-0.6875694253934554,-0.1076997380103567,FALSE,0.7517070552825466,NA,NA,NA,25,742,0.5
B,+ (1|variant): captures phi,-0.30476775394860367,0.24341773964252747,-0.7818665236479575,0.17233101575075016,FALSE,1.2369624384683098,NA,NA,NA,25,742,0.5
C,+ (1|judge): captures lambda,0.17924469811282825,0.33316434626402525,-0.4737574205646612,0.8322468167903178,TRUE,1.6930227959994129,NA,NA,NA,25,742,0.5
D,+ (1|temp): captures tau,0.39885209567669716,0.2771891041514804,-0.14443854846020437,0.9421427398135986,TRUE,1.4085765100423202,NA,NA,NA,25,742,0.5
E,+ interactions: lumps eps into residual,0.39885209567669716,0.26292381899173667,-0.11647858954710671,0.914182780900501,TRUE,1.336085400961462,NA,NA,0.2041547797547206,25,742,0.5
F,+ (1|item:variant:judge:temp): splits eps/rho,0.39885209567669705,0.26062050773002804,-0.11196409947415792,0.909668290827552,TRUE,1.324380791761579,0.038951362000229965,0.09989050548100968,NA,25,742,0.5
A,"1 obs/item, naive SE",1.0271141813261138,0.12988171522198483,0.7725460194910235,1.2816823431612039,FALSE,0.6600127148061162,NA,NA,NA,25,743,0.5
B,+ (1|variant): captures phi,1.1157383464113735,0.1117264932833373,0.8967544195760324,1.3347222732467146,FALSE,0.5677543295580129,NA,NA,NA,25,743,0.5
C,+ (1|judge): captures lambda,0.8540896190603801,0.160811873106478,0.5388983477716832,1.1692808903490768,FALSE,0.8171887841229976,NA,NA,NA,25,743,0.5
D,+ (1|temp): captures tau,0.3923194762021445,0.3227736516477222,-0.24031688102739096,1.02495583343168,TRUE,1.6402209789714635,NA,NA,NA,25,743,0.5
E,+ interactions: lumps eps into residual,0.3923194762021445,0.3177861184882293,-0.23054131603478484,1.0151802684390738,TRUE,1.6148761081006386,NA,NA,0.21700822145631524,25,743,0.5
F,+ (1|item:variant:judge:temp): splits eps/rho,0.3923194762021446,0.31562408634997585,-0.22630373304380813,1.0109426854480974,TRUE,1.6038894291933894,0.03998799499474101,0.10149633153035378,NA,25,743,0.5
A,"1 obs/item, naive SE",0.018527676522629564,0.14118971271782862,-0.25820416040431454,0.29525951344957363,FALSE,0.7174759390443908,NA,NA,NA,25,744,0.5
B,+ (1|variant): captures phi,0.4436861809722501,0.2107629215958936,0.030590854644298615,0.8567815073002016,TRUE,1.0710222591780811,NA,NA,NA,25,744,0.5
C,+ (1|judge): captures lambda,0.5522595271397637,0.20855123013335997,0.14349911607837812,0.9610199382011493,TRUE,1.0597832292345248,NA,NA,NA,25,744,0.5
D,+ (1|temp): captures tau,0.4385391849990644,0.2826143871109432,-0.11538501373838428,0.9924633837365131,TRUE,1.4361458698136047,NA,NA,NA,25,744,0.5
E,+ interactions: lumps eps into residual,0.4385391849990644,0.27628008056899406,-0.10296977291616394,0.9800481429142928,TRUE,1.4039571752770363,NA,NA,0.21405543209954747,25,744,0.5
F,+ (1|item:variant:judge:temp): splits eps/rho,0.4385391849990645,0.27392897355118845,-0.09836160316126485,0.9754399731593939,TRUE,1.392009685032013,0.04373634303909715,0.10124499124784439,NA,25,744,0.5
A,"1 obs/item, naive SE",0.8017726237168373,0.13467524801526692,0.5378091376069142,1.0657361098267604,FALSE,0.6843717447665608,NA,NA,NA,25,745,0.5
B,+ (1|variant): captures phi,0.34700340132138235,0.22223855931750877,-0.08858417494093485,0.7825909775836996,TRUE,1.1293373714618204,NA,NA,NA,25,745,0.5
C,+ (1|judge): captures lambda,0.404154633503553,0.29372209970643903,-0.17154068192106747,0.9798499489281736,TRUE,1.4925913173726337,NA,NA,NA,25,745,0.5
D,+ (1|temp): captures tau,0.18364688248724406,0.32963266067449387,-0.4624331324347639,0.829726897409252,TRUE,1.6750760250485954,NA,NA,NA,25,745,0.5
E,+ interactions: lumps eps into residual,0.18364688248724406,0.32212521517529247,-0.4477185392563292,0.8150123042308173,TRUE,1.636925855282835,NA,NA,0.22730953146090213,25,745,0.5
F,+ (1|item:variant:judge:temp): splits eps/rho,0.183646882487244,0.3195293104896114,-0.44263056607239437,0.8099243310468824,TRUE,1.6237343902945112,0.038476475945162736,0.09826364693301351,NA,25,745,0.5
A,"1 obs/item, naive SE",1.0414714557552274,0.11647554476764994,0.8131793880106335,1.2697635234998212,FALSE,0.5918873213156136,NA,NA,NA,25,746,0.5
B,+ (1|variant): captures phi,0.3839097871259009,0.24048566525363582,-0.08744211677122532,0.8552616910230271,TRUE,1.2220626785281339,NA,NA,NA,25,746,0.5
C,+ (1|judge): captures lambda,0.477055298642558,0.2670109465962839,-0.04628615668615843,1.0003967539712746,TRUE,1.3568547308199854,NA,NA,NA,25,746,0.5
D,+ (1|temp): captures tau,0.4567246924215095,0.25410038529515727,-0.04131206275699878,0.9547614476000177,TRUE,1.2912478468989992,NA,NA,NA,25,746,0.5
E,+ interactions: lumps eps into residual,0.4567246924215095,0.24606558704577478,-0.025563858188209054,0.939013243031228,TRUE,1.2504178578860674,NA,NA,0.20590014082202077,25,746,0.5
F,+ (1|item:variant:judge:temp): splits eps/rho,0.45672469242150954,0.24333097917979646,-0.020204026770891503,0.9336534116139106,TRUE,1.2365215526327087,0.03685010370085868,0.09625096749139822,NA,25,746,0.5
A,"1 obs/item, naive SE",0.09834154514093732,0.11871549799182635,-0.1343408309230423,0.33102392120491697,FALSE,0.6032699674871753,NA,NA,NA,25,747,0.5
B,+ (1|variant): captures phi,0.1143186345211341,0.2709277334624443,-0.4166997230652567,0.6453369921075249,TRUE,1.3767584495877363,NA,NA,NA,25,747,0.5
C,+ (1|judge): captures lambda,0.3156036490760899,0.28167126815029164,-0.23647203649848175,0.8676793346506615,TRUE,1.431353274454505,NA,NA,NA,25,747,0.5
D,+ (1|temp): captures tau,0.492361640139001,0.3118110167386571,-0.1187879526687668,1.103511232946769,TRUE,1.584512764652042,NA,NA,NA,25,747,0.5
E,+ interactions: lumps eps into residual,0.492361640139001,0.30815038471536244,-0.1116131139031093,1.0963363941811113,TRUE,1.5659107337543785,NA,NA,0.21640369774657797,25,747,0.5
F,+ (1|item:variant:judge:temp): splits eps/rho,0.49236164013900074,0.30602823919384836,-0.10745370868094206,1.0921769889589434,TRUE,1.555126744457084,0.0430059764729869,0.10019756990910615,NA,25,747,0.5
A,"1 obs/item, naive SE",0.4368926358950999,0.08742765948326095,0.26553442330790844,0.6082508484822914,TRUE,0.444276292363934,NA,NA,NA,25,748,0.5
B,+ (1|variant): captures phi,0.5348471979318346,0.19960648737939626,0.14361848266821786,0.9260759131954512,TRUE,1.0143292256575331,NA,NA,NA,25,748,0.5
C,+ (1|judge): captures lambda,0.495925496452223,0.21421742590231438,0.07605934168368683,0.9157916512207591,TRUE,1.0885768222795411,NA,NA,NA,25,748,0.5
D,+ (1|temp): captures tau,0.35402132220968946,0.14449341378837705,0.07081423118447044,0.6372284132349084,TRUE,0.7342641736989285,NA,NA,NA,25,748,0.5
E,+ interactions: lumps eps into residual,0.35402132220968946,0.12819118010867459,0.10276660919668729,0.6052760352226916,TRUE,0.6514220162023601,NA,NA,0.20628726868472008,25,748,0.5
F,+ (1|item:variant:judge:temp): splits eps/rho,0.3540213222096894,0.12488734062106321,0.1092421345924055,0.5988005098269733,TRUE,0.6346330781615039,0.04216347566243307,0.09762681939467585,NA,25,748,0.5
A,"1 obs/item, naive SE",0.7777952710220514,0.11822483648635244,0.5460745915088006,1.0095159505353022,FALSE,0.6007766001049752,NA,NA,NA,25,749,0.5
B,+ (1|variant): captures phi,0.9548980987179115,0.1588063072633088,0.6436377364818263,1.2661584609539966,FALSE,0.8069972113168474,NA,NA,NA,25,749,0.5
C,+ (1|judge): captures lambda,0.6868939190227222,0.29065844449573713,0.11720336781107743,1.2565844702343671,TRUE,1.4770229104618586,NA,NA,NA,25,749,0.5
D,+ (1|temp): captures tau,0.754863595554571,0.26667803219650177,0.2321746524494276,1.2775525386597146,TRUE,1.3551629781631724,NA,NA,NA,25,749,0.5
E,+ interactions: lumps eps into residual,0.754863595554571,0.2621969973752637,0.2409574806990542,1.268769710410088,TRUE,1.3323919518300873,NA,NA,0.21155948119247606,25,749,0.5
F,+ (1|item:variant:judge:temp): splits eps/rho,0.7548635955545709,0.2602585617717992,0.2447568144818446,1.2649703766272973,TRUE,1.3225415110430003,0.03668054126373764,0.10036769743138277,NA,25,749,0.5
A,"1 obs/item, naive SE",-0.4114007961903174,0.10311190682476576,-0.6135001335668583,-0.20930145881377651,FALSE,0.5239780629315972,NA,NA,NA,25,750,0.5
B,+ (1|variant): captures phi,-0.20632692778156284,0.20867397800464552,-0.615327924670668,0.20267406910754235,FALSE,1.0604069902899234,NA,NA,NA,25,750,0.5
C,+ (1|judge): captures lambda,0.08864255329430887,0.27675375201000246,-0.4537948006452959,0.6310799072339137,TRUE,1.4063642051901522,NA,NA,NA,25,750,0.5
D,+ (1|temp): captures tau,0.3301817817732752,0.2551284958388283,-0.16987007007082833,0.8302336336173787,TRUE,1.2964723392756925,NA,NA,NA,25,750,0.5
E,+ interactions: lumps eps into residual,0.3301817817732752,0.2491898830943532,-0.1582303890916571,0.8185939526382074,TRUE,1.266294419982248,NA,NA,0.22831685401872873,25,750,0.5
F,+ (1|item:variant:judge:temp): splits eps/rho,0.3301817817732752,0.24612699937471164,-0.15222713700115964,0.81259070054771,TRUE,1.2507299335148419,0.04486282796480233,0.10117627030828467,NA,25,750,0.5
A,"1 obs/item, naive SE",0.377285536709865,0.11762501696984666,0.14674050344896553,0.6078305699707645,TRUE,0.5977285305071413,NA,NA,NA,25,751,0.5
B,+ (1|variant): captures phi,-0.16191413719031456,0.20863637307167027,-0.5708414284107883,0.24701315403015917,FALSE,1.0602158953859127,NA,NA,NA,25,751,0.5
C,+ (1|judge): captures lambda,0.2444361176525801,0.28468068223509063,-0.3135380195281975,0.8024102548333577,TRUE,1.446646047241569,NA,NA,NA,25,751,0.5
D,+ (1|temp): captures tau,0.5061445816144593,0.2725957993282695,-0.02814318506894886,1.0404323482978675,TRUE,1.3852349674616884,NA,NA,NA,25,751,0.5
E,+ interactions: lumps eps into residual,0.5061445816144593,0.26417607474840343,-0.011640524892411408,1.02392968812133,TRUE,1.342448919645956,NA,NA,0.20925677106119214,25,751,0.5
F,+ (1|item:variant:judge:temp): splits eps/rho,0.5061445816144591,0.2618085772677626,-0.007000229830355531,1.0192893930592737,TRUE,1.3304181388942253,0.04086941464721751,0.10182653945757686,NA,25,751,0.5
A,"1 obs/item, naive SE",0.9449933393347845,0.09705056120128822,0.7547742393802596,1.1352124392893095,FALSE,0.49317645876820826,NA,NA,NA,25,752,0.5
B,+ (1|variant): captures phi,0.7713891888525086,0.15842977569303052,0.4608668284941688,1.0819115492108484,TRUE,0.8050838117017836,NA,NA,NA,25,752,0.5
C,+ (1|judge): captures lambda,0.6844763720519097,0.16953694061155508,0.3521839684532617,1.0167687756505577,TRUE,0.8615264761610975,NA,NA,NA,25,752,0.5
D,+ (1|temp): captures tau,0.5172390641179602,0.1877353807788317,0.14927771779145005,0.8852004104444703,TRUE,0.954004481086673,NA,NA,NA,25,752,0.5
E,+ interactions: lumps eps into residual,0.5172390641179602,0.17393783328254495,0.17632091088417207,0.8581572173517482,TRUE,0.8838902485703696,NA,NA,0.19654276553286906,25,752,0.5
F,+ (1|item:variant:judge:temp): splits eps/rho,0.5172390641179602,0.17097815307683842,0.18212188408735686,0.8523562441485635,TRUE,0.8688502056806708,0.03913264861924322,0.10168053160264359,NA,25,752,0.5
A,"1 obs/item, naive SE",0.7745937673745645,0.12600155744862915,0.5276307147752515,1.0215568199738776,FALSE,0.6402951320694582,NA,NA,NA,25,753,0.5
B,+ (1|variant): captures phi,0.8031023207151142,0.11561066874688745,0.5765054099712148,1.0296992314590137,FALSE,0.5874923287682906,NA,NA,NA,25,753,0.5
C,+ (1|judge): captures lambda,0.6229687449634542,0.14992196143139935,0.3291217005579115,0.916815789368997,TRUE,0.7618501234317437,NA,NA,NA,25,753,0.5
D,+ (1|temp): captures tau,0.7491499935402406,0.18013812982392433,0.3960792590853489,1.1022207279951322,TRUE,0.91539795191325,NA,NA,NA,25,753,0.5
E,+ interactions: lumps eps into residual,0.7491499935402406,0.17604898333573002,0.40409398620220977,1.0942060008782715,TRUE,0.8946183628055742,NA,NA,0.23072031062499662,25,753,0.5
F,+ (1|item:variant:judge:temp): splits eps/rho,0.7491499935402406,0.17143125203795495,0.4131447395458489,1.0851552475346322,TRUE,0.8711526935627506,0.04317231202744598,0.09792815343506636,NA,25,753,0.5
A,"1 obs/item, naive SE",0.9656042098660046,0.1199217187138786,0.7305576411868026,1.2006507785452067,FALSE,0.609399552487315,NA,NA,NA,25,754,0.5
B,+ (1|variant): captures phi,0.681953125430283,0.10698852871031307,0.47225560915806936,0.8916506417024965,TRUE,0.5436776775431218,NA,NA,NA,25,754,0.5
C,+ (1|judge): captures lambda,0.8166716992042607,0.18509369182722757,0.4538880632228947,1.1794553351856267,TRUE,0.9405803567313578,NA,NA,NA,25,754,0.5
D,+ (1|temp): captures tau,0.5004281326215376,0.2567144398253695,-0.0027321694361865934,1.0035884346792618,TRUE,1.3045315429464976,NA,NA,NA,25,754,0.5
E,+ interactions: lumps eps into residual,0.5004281326215376,0.24708447643994977,0.016142558799236095,0.9847137064438392,TRUE,1.2555954916583598,NA,NA,0.24322602565081133,25,754,0.5
F,+ (1|item:variant:judge:temp): splits eps/rho,0.5004281326215376,0.24460618301749354,0.021000013907250314,0.9798562513358249,TRUE,1.243001685308899,0.0413444322018544,0.09934714931826323,NA,25,754,0.5
A,"1 obs/item, naive SE",1.3520622752619273,0.0906788671038713,1.1743316957383396,1.529792854785515,FALSE,0.4607977739628631,NA,NA,NA,25,755,0.5
B,+ (1|variant): captures phi,0.9715672291523455,0.20042320405960137,0.5787377491955268,1.3643967091091642,FALSE,1.0184794895527112,NA,NA,NA,25,755,0.5
C,+ (1|judge): captures lambda,0.677197944029146,0.2666167857006017,0.15462904405596667,1.1997668440023253,TRUE,1.3548517452389515,NA,NA,NA,25,755,0.5
D,+ (1|temp): captures tau,0.4738441842292789,0.2197367409837346,0.04316017190115906,0.9045281965573987,TRUE,1.116624019874156,NA,NA,NA,25,755,0.5
E,+ interactions: lumps eps into residual,0.4738441842292789,0.20297712415063143,0.07600902089404127,0.8716793475645165,TRUE,1.0314576037529872,NA,NA,0.21790556642599082,25,755,0.5
F,+ (1|item:variant:judge:temp): splits eps/rho,0.4738441842292788,0.2004649976012772,0.08093278893077549,0.8667555795277821,TRUE,1.0186918694774427,0.03698735811081756,0.09760297947413661,NA,25,755,0.5
A,"1 obs/item, naive SE",0.4188148359413668,0.10162583486208003,0.21962819961168994,0.6180014722710436,TRUE,0.5164263733899778,NA,NA,NA,25,756,0.5
B,+ (1|variant): captures phi,0.4689220091417727,0.14858471768804046,0.1776959624732134,0.760148055810332,TRUE,0.7550547260049134,NA,NA,NA,25,756,0.5
C,+ (1|judge): captures lambda,0.4223580451406225,0.11054319004246313,0.20569339265739475,0.6390226976238502,TRUE,0.5617412030519962,NA,NA,NA,25,756,0.5
D,+ (1|temp): captures tau,0.343668292086642,0.13209116629214218,0.08476960615404333,0.6025669780192406,TRUE,0.671240359871886,NA,NA,NA,25,756,0.5
E,+ interactions: lumps eps into residual,0.343668292086642,0.11017057489308428,0.12773396529619682,0.5596026188770872,TRUE,0.5598477052959873,NA,NA,0.2154168088521129,25,756,0.5
F,+ (1|item:variant:judge:temp): splits eps/rho,0.34366829208664185,0.10723574703911322,0.13348622788997994,0.5538503562833037,TRUE,0.5449339532249015,0.03781880370963489,0.09919744518009656,NA,25,756,0.5
A,"1 obs/item, naive SE",0.16123864311958205,0.116719508273607,-0.06753159309668766,0.39000887933585177,FALSE,0.5931270571445186,NA,NA,NA,25,757,0.5
B,+ (1|variant): captures phi,0.05769819316850331,0.13285392197191154,-0.20269549389644329,0.3180918802334499,FALSE,0.6751164131414161,NA,NA,NA,25,757,0.5
C,+ (1|judge): captures lambda,0.13165987031927415,0.16134498096764602,-0.18457629237731202,0.44789603301586034,FALSE,0.8198978487987498,NA,NA,NA,25,757,0.5
D,+ (1|temp): captures tau,0.3244849728230805,0.21590022615174254,-0.09867947043433489,0.7476494160804958,TRUE,1.0971282150541377,NA,NA,NA,25,757,0.5
E,+ interactions: lumps eps into residual,0.3244849728230805,0.19120757634471378,-0.050281876812558524,0.6992518224587194,TRUE,0.9716489448809706,NA,NA,0.21367261080161767,25,757,0.5
F,+ (1|item:variant:judge:temp): splits eps/rho,0.3244849728230805,0.1874702194034004,-0.04295665720758429,0.6919266028537452,TRUE,0.9526570252191475,0.03707399043243196,0.10055040111754565,NA,25,757,0.5
A,"1 obs/item, naive SE",0.1656205784441804,0.12192036427007176,-0.07334333552516023,0.404584492413521,FALSE,0.619555958854629,NA,NA,NA,25,758,0.5
B,+ (1|variant): captures phi,0.476245697244068,0.2614549677043315,-0.03620603945642181,0.9886974339445578,TRUE,1.3286212207711265,NA,NA,NA,25,758,0.5
C,+ (1|judge): captures lambda,0.7666439428330832,0.3389839809622707,0.10223534014703262,1.4310525455191339,TRUE,1.7225961111485393,NA,NA,NA,25,758,0.5
D,+ (1|temp): captures tau,0.3791869019277612,0.3688179616680606,-0.3436963029416375,1.1020701067971599,TRUE,1.8742017976414187,NA,NA,NA,25,758,0.5
E,+ interactions: lumps eps into residual,0.3791869019277612,0.35740187565677956,-0.3213207743595267,1.079694578215049,TRUE,1.8161893059840069,NA,NA,0.21019905873146702,25,758,0.5
F,+ (1|item:variant:judge:temp): splits eps/rho,0.379186901927761,0.3555529890911175,-0.31769695669082926,1.0760707605463513,TRUE,1.8067939215799318,0.039694672368918854,0.10005860510908773,NA,25,758,0.5
A,"1 obs/item, naive SE",0.6014514013954032,0.10921490142954163,0.38739019459350166,0.8155126081973048,TRUE,0.554991312415258,NA,NA,NA,25,759,0.5
B,+ (1|variant): captures phi,0.5640714356193756,0.09018242398030674,0.38731388461797434,0.7408289866207768,TRUE,0.45827502645240203,NA,NA,NA,25,759,0.5
C,+ (1|judge): captures lambda,0.5582961954169201,0.10430374883781475,0.3538608476948032,0.762731543139037,TRUE,0.5300345804429959,NA,NA,NA,25,759,0.5
D,+ (1|temp): captures tau,0.5400427212843191,0.13749828117829088,0.27054609017486897,0.8095393523937692,TRUE,0.6987173959517998,NA,NA,NA,25,759,0.5
E,+ interactions: lumps eps into residual,0.5400427212843191,0.11196466583455986,0.32059197624858177,0.7594934663200563,TRUE,0.5689646378131513,NA,NA,0.2211455476503858,25,759,0.5
F,+ (1|item:variant:judge:temp): splits eps/rho,0.540042721284319,0.10947349285602459,0.32547467528651075,0.7546107672821272,TRUE,0.5563053821372885,0.04260784128638241,0.1002181022108987,NA,25,759,0.5
A,"1 obs/item, naive SE",0.7760322008996778,0.11129414502974706,0.5578956766413736,0.994168725157982,FALSE,0.5655572893964623,NA,NA,NA,25,760,0.5
B,+ (1|variant): captures phi,0.6040439359437247,0.13977398519565387,0.33008692496024317,0.8780009469272063,TRUE,0.7102817149479559,NA,NA,NA,25,760,0.5
C,+ (1|judge): captures lambda,0.5130788203808158,0.22528625056068155,0.07151776928187992,0.9546398714797516,TRUE,1.144824655163451,NA,NA,NA,25,760,0.5
D,+ (1|temp): captures tau,0.5605920695910971,0.18253035133116252,0.20283258098201856,0.9183515582001756,TRUE,0.9275543713808504,NA,NA,NA,25,760,0.5
E,+ interactions: lumps eps into residual,0.5605920695910971,0.17668074984928753,0.21429779988649356,0.9068863392957006,TRUE,0.8978287756879727,NA,NA,0.215591886957377,25,760,0.5
F,+ (1|item:variant:judge:temp): splits eps/rho,0.5605920695910971,0.17279104196790349,0.22192162733400628,0.8992625118481878,TRUE,0.8780626626965694,0.03832178082511813,0.10058842390589222,NA,25,760,0.5
A,"1 obs/item, naive SE",0.7693092596951044,0.1245069974481513,0.5252755446967279,1.013342974693481,FALSE,0.632700309336558,NA,NA,NA,25,761,0.5
B,+ (1|variant): captures phi,0.7804907290259623,0.10158486704804183,0.5813843896118003,0.9795970684401243,FALSE,0.5162181895196245,NA,NA,NA,25,761,0.5
C,+ (1|judge): captures lambda,0.8490668874247468,0.23555865710899723,0.3873719194911122,1.3107618553583813,TRUE,1.1970253742712809,NA,NA,NA,25,761,0.5
D,+ (1|temp): captures tau,0.8410664925774318,0.19494888281376352,0.45896668226245535,1.2231663028924082,TRUE,0.9906609346390274,NA,NA,NA,25,761,0.5
E,+ interactions: lumps eps into residual,0.8410664925774318,0.18332435875374534,0.481750749420091,1.2003822357347727,TRUE,0.9315892349000102,NA,NA,0.21302715743765485,25,761,0.5
F,+ (1|item:variant:judge:temp): splits eps/rho,0.8410664925774317,0.17955907557478895,0.4891307044508454,1.1930022807040181,TRUE,0.9124554040238981,0.040964022518989465,0.09884749074118794,NA,25,761,0.5
A,"1 obs/item, naive SE",0.7107744042053953,0.09721827419348816,0.5202265867861585,0.901322221624632,FALSE,0.49402871658680075,NA,NA,NA,25,762,0.5
B,+ (1|variant): captures phi,0.4700156098178129,0.12984497270955017,0.21551946330709454,0.7245117563285313,TRUE,0.6598260024167752,NA,NA,NA,25,762,0.5
C,+ (1|judge): captures lambda,0.6441207886564632,0.1669279143629829,0.31694207650501666,0.9712995008079097,TRUE,0.8482683320537654,NA,NA,NA,25,762,0.5
D,+ (1|temp): captures tau,0.6428124256722935,0.1428080148099995,0.3629087166446945,0.9227161346998924,TRUE,0.7256995751074393,NA,NA,NA,25,762,0.5
E,+ interactions: lumps eps into residual,0.6428124256722935,0.13226936104180298,0.38356447803035965,0.9020603733142273,TRUE,0.6721458822565173,NA,NA,0.21217039010360642,25,762,0.5
F,+ (1|item:variant:judge:temp): splits eps/rho,0.6428124256722935,0.12861329413964143,0.39073036915859627,0.8948944821859907,TRUE,0.6535670496819381,0.04005217908689816,0.09887869393422669,NA,25,762,0.5
A,"1 obs/item, naive SE",1.420208990069929,0.11758236486205029,1.1897475549403105,1.6506704251995477,FALSE,0.5975117876545328,NA,NA,NA,25,763,0.5
B,+ (1|variant): captures phi,0.9523656272596388,0.26073824889363734,0.44131865942810966,1.4634125950911678,TRUE,1.3249791105080275,NA,NA,NA,25,763,0.5
C,+ (1|judge): captures lambda,0.7337525915326328,0.32892158969225854,0.08906627573580606,1.3784389073294596,TRUE,1.6714626150423997,NA,NA,NA,25,763,0.5
D,+ (1|temp): captures tau,0.4349322186832471,0.30971306980915186,-0.1721053981426905,1.0419698355091846,TRUE,1.5738517439987862,NA,NA,NA,25,763,0.5
E,+ interactions: lumps eps into residual,0.4349322186832471,0.3026322648869351,-0.15822702049514575,1.02809145786164,TRUE,1.5378696100106624,NA,NA,0.21992050740041336,25,763,0.5
F,+ (1|item:variant:judge:temp): splits eps/rho,0.4349322186832471,0.3000690152598481,-0.1532030512260551,1.0230674885925493,TRUE,1.5248440864240052,0.03669886544721318,0.10066334108512849,NA,25,763,0.5
A,"1 obs/item, naive SE",-0.05347157516267751,0.10391415102043047,-0.25714331116272127,0.15020016083736623,FALSE,0.5280547828040838,NA,NA,NA,25,764,0.5
B,+ (1|variant): captures phi,-0.0024604411544900066,0.10001231285369239,-0.1984845743477271,0.19356369203874707,FALSE,0.5082270280138005,NA,NA,NA,25,764,0.5
C,+ (1|judge): captures lambda,0.22203169205196402,0.13572905915754396,-0.04399726389682215,0.4880606480007502,FALSE,0.6897268384509833,NA,NA,NA,25,764,0.5
D,+ (1|temp): captures tau,0.4016402936374039,0.19749336750085902,0.014553293335720197,0.7887272939390876,TRUE,1.003591101469995,NA,NA,NA,25,764,0.5
E,+ interactions: lumps eps into residual,0.4016402936374039,0.186952596260418,0.03521320496698466,0.7680673823078231,TRUE,0.9500266483777084,NA,NA,0.2037526425872188,25,764,0.5
F,+ (1|item:variant:judge:temp): splits eps/rho,0.4016402936374042,0.18384700111227953,0.04130017145733633,0.7619804158174721,TRUE,0.9342451176109773,0.04127234105761355,0.10007689164634581,NA,25,764,0.5
A,"1 obs/item, naive SE",-0.055512888626534404,0.11486082918377541,-0.2806401138267342,0.16961433657366537,FALSE,0.5836819106130271,NA,NA,NA,25,765,0.5
B,+ (1|variant): captures phi,0.18507158716432334,0.1559982800062516,-0.12068504164792979,0.49082821597657644,FALSE,0.7927278148124026,NA,NA,NA,25,765,0.5
C,+ (1|judge): captures lambda,0.4170950252621215,0.21039297060903334,0.004724802868416145,0.8294652476558269,TRUE,1.0691422997491073,NA,NA,NA,25,765,0.5
D,+ (1|temp): captures tau,0.44782746439117205,0.16408192921273554,0.12622688313421038,0.7694280456481337,TRUE,0.833806047026945,NA,NA,NA,25,765,0.5
E,+ interactions: lumps eps into residual,0.44782746439117205,0.15753553420792435,0.1390578173436403,0.7565971114387038,TRUE,0.800539594301602,NA,NA,0.19783853453616163,25,765,0.5
F,+ (1|item:variant:judge:temp): splits eps/rho,0.4478274643911721,0.1551277709494955,0.1437770333301609,0.7518778954521833,TRUE,0.7883041971782273,0.04222421969423118,0.09966210356988546,NA,25,765,0.5
A,"1 obs/item, naive SE",0.6759248698071314,0.1132958916747299,0.4538649221246608,0.897984817489602,TRUE,0.575729454394831,NA,NA,NA,25,766,0.5
B,+ (1|variant): captures phi,0.4945755589479813,0.23918534297039612,0.0257722867260049,0.9633788311699576,TRUE,1.2154549028391763,NA,NA,NA,25,766,0.5
C,+ (1|judge): captures lambda,0.6380235400294394,0.23573386583786982,0.17598516298721456,1.1000619170716641,TRUE,1.197915722759544,NA,NA,NA,25,766,0.5
D,+ (1|temp): captures tau,0.5657576524005505,0.17372170904615442,0.22526310267008787,0.9062522021310132,TRUE,0.8827919820148986,NA,NA,NA,25,766,0.5
E,+ interactions: lumps eps into residual,0.5657576524005505,0.16803693057083338,0.2364052684817171,0.895110036319384,TRUE,0.8539039582607058,NA,NA,0.19952910517177216,25,766,0.5
F,+ (1|item:variant:judge:temp): splits eps/rho,0.5657576524005505,0.16543285496514595,0.24150925666886447,0.8900060481322366,TRUE,0.8406709715609796,0.03751653936330067,0.10083708539786124,NA,25,766,0.5
A,"1 obs/item, naive SE",0.42979369926907046,0.12426394111320145,0.18623637468719562,0.6733510238509453,TRUE,0.6314651834282891,NA,NA,NA,25,767,0.5
B,+ (1|variant): captures phi,0.43969658344937046,0.11858422052661517,0.20727151121720472,0.6721216556815361,TRUE,0.602602862066995,NA,NA,NA,25,767,0.5
C,+ (1|judge): captures lambda,0.5862507281303094,0.14738946995847102,0.29736736701170624,0.8751340892489126,TRUE,0.7489809018526016,NA,NA,NA,25,767,0.5
D,+ (1|temp): captures tau,0.6124243532956825,0.16283707402269343,0.29326368821120335,0.9315850183801615,TRUE,0.8274801353917629,NA,NA,NA,25,767,0.5
E,+ interactions: lumps eps into residual,0.6124243532956825,0.1535917275675726,0.31138456726324015,0.9134641393281248,TRUE,0.7804985706446528,NA,NA,0.2261651493179477,25,767,0.5
F,+ (1|item:variant:judge:temp): splits eps/rho,0.6124243532956823,0.14943883757079449,0.3195242316569252,0.9053244749344396,TRUE,0.7593950596817737,0.036930355854936495,0.10053886971591883,NA,25,767,0.5
A,"1 obs/item, naive SE",1.3692964987266283,0.0816824361638554,1.2091989238454717,1.529394073607785,FALSE,0.41508110939512755,NA,NA,NA,25,768,0.5
B,+ (1|variant): captures phi,1.1188836452097317,0.15028362451626778,0.8243277411578469,1.4134395492616165,FALSE,0.7636879666884423,NA,NA,NA,25,768,0.5
C,+ (1|judge): captures lambda,0.8608229707901852,0.21197098244054746,0.4453598452067122,1.2762860963736582,TRUE,1.0771611950272744,NA,NA,NA,25,768,0.5
D,+ (1|temp): captures tau,0.6369370632430369,0.24605212568133222,0.15467489690762576,1.119199229578448,TRUE,1.2503494520163456,NA,NA,NA,25,768,0.5
E,+ interactions: lumps eps into residual,0.6369370632430369,0.23440584083676255,0.1775016152029823,1.0963725112830915,TRUE,1.1911671717043542,NA,NA,0.2284180990822006,25,768,0.5
F,+ (1|item:variant:judge:temp): splits eps/rho,0.6369370632430367,0.23096275367766259,0.18425006603481803,1.0896240604512553,TRUE,1.1736706264877494,0.040970733560491954,0.10144286881387583,NA,25,768,0.5
A,"1 obs/item, naive SE",0.7379635050499536,0.16168645692830508,0.4210580494704756,1.0548689606294315,TRUE,0.8216331082650297,NA,NA,NA,25,769,0.5
B,+ (1|variant): captures phi,0.4579868004065267,0.21038303430841918,0.04563605316202507,0.8703375476510282,TRUE,1.0690918070008997,NA,NA,NA,25,769,0.5
C,+ (1|judge): captures lambda,0.3518710450278246,0.16283218796813712,0.03271995661027588,0.6710221334453734,TRUE,0.8274553061990864,NA,NA,NA,25,769,0.5
D,+ (1|temp): captures tau,0.6042613698300778,0.20596173827022488,0.20057636282043706,1.0079463768397185,TRUE,1.0466243519311642,NA,NA,NA,25,769,0.5
E,+ interactions: lumps eps into residual,0.6042613698300778,0.19356870188363984,0.22486671413814374,0.9836560255220119,TRUE,0.9836473456895924,NA,NA,0.23150082434261726,25,769,0.5
F,+ (1|item:variant:judge:temp): splits eps/rho,0.6042613698300777,0.1891844276001732,0.23345989173373827,0.9750628479264172,TRUE,0.9613680220192838,0.041050972670896,0.1010151129183728,NA,25,769,0.5
A,"1 obs/item, naive SE",0.4420137816744993,0.10863706070495431,0.22908514269278885,0.6549424206562098,TRUE,0.5520549312263541,NA,NA,NA,25,770,0.5
B,+ (1|variant): captures phi,0.547574146223049,0.15604395335282759,0.24172799765150693,0.853420294794591,TRUE,0.7929599105266945,NA,NA,NA,25,770,0.5
C,+ (1|judge): captures lambda,0.13337793946659182,0.2421487801453969,-0.3412336696183861,0.6079895485515697,TRUE,1.230514037311544,NA,NA,NA,25,770,0.5
D,+ (1|temp): captures tau,0.3956009587797225,0.21328362907839593,-0.02243495421393349,0.8136368717733785,TRUE,1.0838315987060891,NA,NA,NA,25,770,0.5
E,+ interactions: lumps eps into residual,0.3956009587797225,0.19473866627104583,0.013913172888472713,0.7772887446709723,TRUE,0.9895926888831168,NA,NA,0.21630441688594643,25,770,0.5
F,+ (1|item:variant:judge:temp): splits eps/rho,0.3956009587797225,0.19102875858462365,0.021184591953860188,0.7700173256055849,TRUE,0.970740256578765,0.03617086613914929,0.10176807653985122,NA,25,770,0.5
A,"1 obs/item, naive SE",0.502508020341593,0.10436873096587632,0.2979453076484755,0.7070707330347106,TRUE,0.5303647965221606,NA,NA,NA,25,771,0.5
B,+ (1|variant): captures phi,0.3986235362706496,0.11155362832652846,0.17997842475065384,0.6172686477906454,TRUE,0.5668758912863652,NA,NA,NA,25,771,0.5
C,+ (1|judge): captures lambda,0.5988749902782879,0.14677909168286127,0.31118797057987985,0.886562009976696,TRUE,0.7458791763937459,NA,NA,NA,25,771,0.5
D,+ (1|temp): captures tau,0.5318557038414121,0.1935136725263482,0.1525689056897696,0.9111425019930546,TRUE,0.9833677060541133,NA,NA,NA,25,771,0.5
E,+ interactions: lumps eps into residual,0.5318557038414121,0.18586332260057306,0.1675635915442889,0.8961478161385353,TRUE,0.9444913467829282,NA,NA,0.2189953958036635,25,771,0.5
F,+ (1|item:variant:judge:temp): splits eps/rho,0.5318557038414122,0.18186441652730312,0.17540144744789815,0.8883099602349263,TRUE,0.9241703273910715,0.04196503094697112,0.09877752739158778,NA,25,771,0.5
A,"1 obs/item, naive SE",0.4040291269700726,0.11187523790203788,0.18475366068207835,0.6233045932580669,TRUE,0.5685101968441323,NA,NA,NA,25,772,0.5
B,+ (1|variant): captures phi,0.4944300713892012,0.0818367860023478,0.3340299708245995,0.6548301719538029,TRUE,0.41586546041604794,NA,NA,NA,25,772,0.5
C,+ (1|judge): captures lambda,0.5311372421532189,0.05515586573996257,0.4230317453028922,0.6392427390035456,TRUE,0.28028250645054914,NA,NA,NA,25,772,0.5
D,+ (1|temp): captures tau,0.31260916317219806,0.1742265054827775,-0.028874787574045824,0.6540931139184419,TRUE,0.8853571780934275,NA,NA,NA,25,772,0.5
E,+ interactions: lumps eps into residual,0.31260916317219806,0.15811979842232624,0.0026943582644386455,0.6225239680799575,TRUE,0.8035086173827368,NA,NA,0.2013177162524665,25,772,0.5
F,+ (1|item:variant:judge:temp): splits eps/rho,0.31260916317219806,0.15582067858343143,0.007200633148672475,0.6180176931957236,TRUE,0.7918253075038979,0.0406409336445661,0.10005909340714908,NA,25,772,0.5
A,"1 obs/item, naive SE",0.6441757790292738,0.14782429231607844,0.3544401660897601,0.9339113919687876,TRUE,0.7511905145314329,NA,NA,NA,25,773,0.5
B,+ (1|variant): captures phi,0.6954517706593307,0.11337873280018333,0.4732294543709714,0.91767408694769,TRUE,0.5761504235513798,NA,NA,NA,25,773,0.5
C,+ (1|judge): captures lambda,0.8558692969677568,0.1346869491800637,0.5918828765748321,1.1198557173606816,FALSE,0.6844312059272847,NA,NA,NA,25,773,0.5
D,+ (1|temp): captures tau,0.7381933151868685,0.22751412560030598,0.29226562901026876,1.1841210013634682,TRUE,1.1561459242938916,NA,NA,NA,25,773,0.5
E,+ interactions: lumps eps into residual,0.7381933151868685,0.21918373683424883,0.30859319099174076,1.1677934393819962,TRUE,1.1138138493326186,NA,NA,0.19969431982834668,25,773,0.5
F,+ (1|item:variant:judge:temp): splits eps/rho,0.7381933151868683,0.21754752714720232,0.3118001619783517,1.1645864683953848,TRUE,1.1054992132370458,0.04046800271081024,0.09981748880683171,NA,25,773,0.5
A,"1 obs/item, naive SE",1.303915075042185,0.13210028088663492,1.0449985245043807,1.5628316255799894,FALSE,0.6712866770016315,NA,NA,NA,25,774,0.5
B,+ (1|variant): captures phi,0.6887331063901462,0.24741801325391352,0.2037938004124757,1.1736724123678166,TRUE,1.2572904072028284,NA,NA,NA,25,774,0.5
C,+ (1|judge): captures lambda,0.763944302938876,0.23526138025254936,0.3028319976438793,1.2250566082338727,TRUE,1.1955147189435633,NA,NA,NA,25,774,0.5
D,+ (1|temp): captures tau,0.5961389129206063,0.21661559655269272,0.17157234367732854,1.020705482163884,TRUE,1.100763473178163,NA,NA,NA,25,774,0.5
E,+ interactions: lumps eps into residual,0.5961389129206063,0.2028113200904878,0.19862872554325017,0.9936491002979624,TRUE,1.0306150464486412,NA,NA,0.22820390220288786,25,774,0.5
F,+ (1|item:variant:judge:temp): splits eps/rho,0.5961389129206063,0.2002928940841597,0.20356484051565327,0.9887129853255593,TRUE,1.0178173005716789,0.04064971959653478,0.09948682474558077,NA,25,774,0.5
A,"1 obs/item, naive SE",0.3243895125379354,0.13168719389231107,0.06628261250900574,0.582496412566865,TRUE,0.669187515713926,NA,NA,NA,25,775,0.5
B,+ (1|variant): captures phi,0.5016581457540698,0.1355843569717366,0.23591280608946602,0.7674034854186735,TRUE,0.6889915133720845,NA,NA,NA,25,775,0.5
C,+ (1|judge): captures lambda,0.26963634697377514,0.22193037336560978,-0.16534718482282001,0.7046198787703704,TRUE,1.12777127998828,NA,NA,NA,25,775,0.5
D,+ (1|temp): captures tau,0.5175524822924688,0.21211974283339874,0.10179778633900721,0.9333071782459303,TRUE,1.0779171424720213,NA,NA,NA,25,775,0.5
E,+ interactions: lumps eps into residual,0.5175524822924688,0.20628491569187007,0.11323404753640343,0.9218709170485341,TRUE,1.0482666247257566,NA,NA,0.22095633029731712,25,775,0.5
F,+ (1|item:variant:judge:temp): splits eps/rho,0.5175524822924688,0.2035078151859177,0.11867716452807003,0.9164278000568675,TRUE,1.0341543869785852,0.034224059664481506,0.10153740416845906,NA,25,775,0.5
A,"1 obs/item, naive SE",-0.27275465461374837,0.1154319269909169,-0.49900123151594544,-0.04650807771155127,FALSE,0.5865840266920075,NA,NA,NA,25,776,0.5
B,+ (1|variant): captures phi,0.22726645777191531,0.21192744883660916,-0.18811134194783866,0.6426442574916693,TRUE,1.07693997272457,NA,NA,NA,25,776,0.5
C,+ (1|judge): captures lambda,0.17751090235863445,0.285768104263673,-0.38259458199816465,0.7376163867154335,TRUE,1.4521719395043708,NA,NA,NA,25,776,0.5
D,+ (1|temp): captures tau,0.5966349844832058,0.33220515904619263,-0.054487127247331735,1.2477570962137434,TRUE,1.688148547468224,NA,NA,NA,25,776,0.5
E,+ interactions: lumps eps into residual,0.5966349844832058,0.3231236153937561,-0.03668730168855616,1.229957270654968,TRUE,1.6419993703463294,NA,NA,0.21882282373735795,25,776,0.5
F,+ (1|item:variant:judge:temp): splits eps/rho,0.596634984483206,0.32101411276579245,-0.03255267653774718,1.225822645504159,TRUE,1.6312796277405797,0.044583173589948025,0.10030702727985963,NA,25,776,0.5
A,"1 obs/item, naive SE",0.8157627457948818,0.08432729895827239,0.650481239836668,0.9810442517530957,FALSE,0.42852136209158537,NA,NA,NA,25,777,0.5
B,+ (1|variant): captures phi,0.9760129034094824,0.13959500219108237,0.702406699114961,1.249619107704004,FALSE,0.7093721869320262,NA,NA,NA,25,777,0.5
C,+ (1|judge): captures lambda,0.7102998557547044,0.19375254843038447,0.33054486083115087,1.090054850678258,TRUE,0.9845815884982686,NA,NA,NA,25,777,0.5
D,+ (1|temp): captures tau,0.47369604809108823,0.24421567559118704,-0.004966676067638343,0.9523587722498148,TRUE,1.2410172653607332,NA,NA,NA,25,777,0.5
E,+ interactions: lumps eps into residual,0.47369604809108823,0.22824631561486453,0.02633326948595377,0.9210588266962227,TRUE,1.1598666537163262,NA,NA,0.21854275357685207,25,777,0.5
F,+ (1|item:variant:judge:temp): splits eps/rho,0.47369604809108834,0.2250357565289545,0.03262596529433753,0.9147661308878392,TRUE,1.143551733523632,0.039413371443275245,0.10260994034852466,NA,25,777,0.5
A,"1 obs/item, naive SE",-0.22451755479499444,0.10751961484188748,-0.4352559998850939,-0.013779109704894987,FALSE,0.5463764685076329,NA,NA,NA,25,778,0.5
B,+ (1|variant): captures phi,0.3711072981608736,0.23789199956174653,-0.09516102098014956,0.8373756173018968,TRUE,1.208882591310487,NA,NA,NA,25,778,0.5
C,+ (1|judge): captures lambda,0.5279147405577257,0.2597340428691343,0.0188360165342224,1.0369934645812289,TRUE,1.3198760924017137,NA,NA,NA,25,778,0.5
D,+ (1|temp): captures tau,0.6107881541111819,0.2613792516556658,0.09848482086607702,1.123091487356287,TRUE,1.3282364587224513,NA,NA,NA,25,778,0.5
E,+ interactions: lumps eps into residual,0.6107881541111819,0.2562132220410266,0.10861023891076982,1.112966069311594,TRUE,1.3019845323069488,NA,NA,0.23961559599241963,25,778,0.5
F,+ (1|item:variant:judge:temp): splits eps/rho,0.6107881541111819,0.2525729154149503,0.11574523989787933,1.1058310683244845,TRUE,1.2834857878539911,0.042654679264234836,0.09520110385447798,NA,25,778,0.5
A,"1 obs/item, naive SE",0.33410068763341316,0.06758470448016717,0.2016346668522855,0.46656670841454084,FALSE,0.34344144752851025,NA,NA,NA,25,779,0.5
B,+ (1|variant): captures phi,0.6500280066420323,0.17938581369653542,0.2984318117968229,1.0016242014872416,TRUE,0.9115749487385404,NA,NA,NA,25,779,0.5
C,+ (1|judge): captures lambda,0.4725519188013078,0.1260478718180848,0.22549809003786161,0.719605747564754,TRUE,0.6405304852341952,NA,NA,NA,25,779,0.5
D,+ (1|temp): captures tau,0.4622916684352237,0.2060391839444248,0.05845486790415105,0.86612846896629625,TRUE,1.0470179033220688,NA,NA,NA,25,779,0.5
E,+ interactions: lumps eps into residual,0.4622916684352237,0.1921825900859913,0.08561379186668072,0.8389695450037666,TRUE,0.9766036181793175,NA,NA,0.21901705767802843,25,779,0.5
F,+ (1|item:variant:judge:temp): splits eps/rho,0.4622916684352236,0.1897099595557892,0.09046014770587679,0.8341231891645704,TRUE,0.9640385886356135,0.04254368712252695,0.09871600813421409,NA,25,779,0.5
A,"1 obs/item, naive SE",1.1000388062032445,0.09021874471574949,0.9232100665603755,1.2768675458461134,FALSE,0.45845959552097615,NA,NA,NA,25,780,0.5
B,+ (1|variant): captures phi,0.35704673257098124,0.24431989322482942,-0.12182025814968439,0.8359137232916469,TRUE,1.2415468623343597,NA,NA,NA,25,780,0.5
C,+ (1|judge): captures lambda,0.12580328201749638,0.2875416703639202,-0.43777839189578727,0.68938495593078,TRUE,1.4611845720732555,NA,NA,NA,25,780,0.5
D,+ (1|temp): captures tau,0.4605896355601455,0.2612248542740239,-0.05141107881694135,0.9725903499372324,TRUE,1.3274518661041428,NA,NA,NA,25,780,0.5
E,+ interactions: lumps eps into residual,0.4605896355601455,0.24475130243835003,-0.01912291721902054,0.9403021883393115,TRUE,1.2437391306280257,NA,NA,0.22077183262519115,25,780,0.5
F,+ (1|item:variant:judge:temp): splits eps/rho,0.4605896355601455,0.24166163916496888,-0.013067177203193503,0.9342464483234845,TRUE,1.2280385599863788,0.03939352102088427,0.10162498368118492,NA,25,780,0.5
A,"1 obs/item, naive SE",0.6441695891825155,0.10524850713171614,0.4378825152043519,0.8504566631606791,TRUE,0.5348355063110268,NA,NA,NA,25,781,0.5
B,+ (1|variant): captures phi,0.4666208772523566,0.14312949980866563,0.186087057627372,0.7471546968773413,TRUE,0.7273332476099653,NA,NA,NA,25,781,0.5
C,+ (1|judge): captures lambda,0.5938225871051918,0.22773814959826505,0.14745581389259227,1.0401893603177912,TRUE,1.1572843346299575,NA,NA,NA,25,781,0.5
D,+ (1|temp): captures tau,0.5706176281920442,0.2459816259606653,0.08849364130914023,1.0527416150749482,TRUE,1.2499911974925975,NA,NA,NA,25,781,0.5
E,+ interactions: lumps eps into residual,0.5706176281920442,0.2367540303959741,0.10657972861593501,1.0346555277681535,TRUE,1.2030998364617123,NA,NA,0.2048382718123166,25,781,0.5
F,+ (1|item:variant:judge:temp): splits eps/rho,0.5706176281920445,0.23415171467176552,0.11168026743538412,1.029554988948705,TRUE,1.1898757928541728,0.04295450114331183,0.09608407771728736,NA,25,781,0.5
A,"1 obs/item, naive SE",0.3923867548829101,0.1149688912657515,0.16704772800203715,0.617725781763783,TRUE,0.5842310437067096,NA,NA,NA,25,782,0.5
B,+ (1|variant): captures phi,0.5639356705654245,0.14106133881618307,0.28745544648570565,0.8404158946451433,TRUE,0.71682358850228,NA,NA,NA,25,782,0.5
C,+ (1|judge): captures lambda,0.3996049911573182,0.14676038738816433,0.11195463187651611,0.6872553504381202,TRUE,0.7457841278158891,NA,NA,NA,25,782,0.5
D,+ (1|temp): captures tau,0.640769608690377,0.15426399836212903,0.33841217190060413,0.9431270454801499,TRUE,0.7839148118872457,NA,NA,NA,25,782,0.5
E,+ interactions: lumps eps into residual,0.640769608690377,0.1449958297935119,0.35657778229509374,0.9249614350856603,TRUE,0.7368172732706761,NA,NA,0.19599046507107948,25,782,0.5
F,+ (1|item:variant:judge:temp): splits eps/rho,0.6407696086903771,0.1436539664798326,0.3592078343899052,0.922331382990849,TRUE,0.7299984008293436,0.04021973675543074,0.09933944174533288,NA,25,782,0.5
A,"1 obs/item, naive SE",0.5309034809009718,0.1356254488870618,0.26507760108233075,0.7967293607196129,TRUE,0.6892003278810708,NA,NA,NA,25,783,0.5
B,+ (1|variant): captures phi,-0.007277583842370158,0.2048521888297621,-0.40878787394870386,0.39423270626396356,FALSE,1.0409860160256073,NA,NA,NA,25,783,0.5
C,+ (1|judge): captures lambda,0.47902832077005697,0.3179241491285707,-0.1441030115219416,1.1021596530620554,TRUE,1.615577530756649,NA,NA,NA,25,783,0.5
D,+ (1|temp): captures tau,0.5472535932888088,0.26393263881004225,0.029945621221126095,1.0645615653564917,TRUE,1.3412118647280675,NA,NA,NA,25,783,0.5
E,+ interactions: lumps eps into residual,0.5472535932888088,0.24961500431773825,0.058008184826041864,1.0364990017515758,TRUE,1.2684547349448931,NA,NA,0.21504810803307164,25,783,0.5
F,+ (1|item:variant:judge:temp): splits eps/rho,0.5472535932888087,0.24775534079411507,0.061653125332343184,1.0328540612452743,TRUE,1.2590045858707555,0.04498130828852634,0.09869517418276312,NA,25,783,0.5
A,"1 obs/item, naive SE",0.4391159599594947,0.10938689514041729,0.22471764548427683,0.6535142744347125,TRUE,0.5558653233247275,NA,NA,NA,25,784,0.5
B,+ (1|variant): captures phi,0.5845392718205223,0.15083438856546347,0.288903870232214,0.8801746734088307,TRUE,0.7664867538364714,NA,NA,NA,25,784,0.5
C,+ (1|judge): captures lambda,0.5148621635631685,0.1592337973812232,0.20276392069597104,0.826960406430366,TRUE,0.8091695641595493,NA,NA,NA,25,784,0.5
D,+ (1|temp): captures tau,0.48458326084410475,0.16383417590816474,0.16346827606410186,0.8056982456241076,TRUE,0.8325470527884375,NA,NA,NA,25,784,0.5
E,+ interactions: lumps eps into residual,0.48458326084410475,0.1466390372766042,0.19717074778196048,0.7719957739062491,TRUE,0.7451674696786299,NA,NA,0.2013772131590105,25,784,0.5
F,+ (1|item:variant:judge:temp): splits eps/rho,0.4845832608441047,0.14348486194267654,0.20335293143645866,0.7658135902517507,TRUE,0.7291390716738605,0.03942976456577924,0.10098174987434316,NA,25,784,0.5
A,"1 obs/item, naive SE",-0.3059517983988135,0.12279907956808538,-0.5466379943522608,-0.06526560244536614,FALSE,0.6240212776902511,NA,NA,NA,25,785,0.5
B,+ (1|variant): captures phi,0.18376895846671298,0.227709434659225,-0.262541533465368,0.630079450398794,TRUE,1.1571384155154854,NA,NA,NA,25,785,0.5
C,+ (1|judge): captures lambda,0.5474461714385827,0.23316079738705534,0.0904510085599542,1.0044413343172112,TRUE,1.1848403034004642,NA,NA,NA,25,785,0.5
D,+ (1|temp): captures tau,0.3287986776874921,0.26199722592083724,-0.18471588511734888,0.842313240492333,TRUE,1.3313767843005284,NA,NA,NA,25,785,0.5
E,+ interactions: lumps eps into residual,0.3287986776874921,0.25108230903087725,-0.16332264801302732,0.8209200033880115,TRUE,1.2759110559944842,NA,NA,0.19717381820442836,25,785,0.5
F,+ (1|item:variant:judge:temp): splits eps/rho,0.3287986776874921,0.24894049339205496,-0.1591246893609356,0.8167220447359198,TRUE,1.2650271101520902,0.037090566056181676,0.09919891825647746,NA,25,785,0.5
A,"1 obs/item, naive SE",0.6262341794897982,0.12885841365327638,0.3736716887293765,0.8787966702502199,TRUE,0.6548126599309994,NA,NA,NA,25,786,0.5
B,+ (1|variant): captures phi,0.6854663659609963,0.11238323548446051,0.46519522441145367,0.9057375075105389,TRUE,0.5710916600078784,NA,NA,NA,25,786,0.5
C,+ (1|judge): captures lambda,0.729072204452875,0.12402616011865535,0.48598093062031056,0.9721634782854395,TRUE,0.6302568649250152,NA,NA,NA,25,786,0.5
D,+ (1|temp): captures tau,0.3733008429030869,0.2306880709722552,-0.07884777620253325,0.8254494620087071,TRUE,1.172274786605312,NA,NA,NA,25,786,0.5
E,+ interactions: lumps eps into residual,0.3733008429030869,0.21669936466901735,-0.05142991184818707,0.7980315976543608,TRUE,1.1011891529728526,NA,NA,0.2194226359691402,25,786,0.5
F,+ (1|item:variant:judge:temp): splits eps/rho,0.3733008429030869,0.21430722410548433,-0.04674131634366241,0.7933430021498362,TRUE,1.0890331448323933,0.041895255844904694,0.09780375410132733,NA,25,786,0.5
A,"1 obs/item, naive SE",0.18811006963391796,0.14474761208588388,-0.09559525005441444,0.47181538932225037,FALSE,0.7355559191008878,NA,NA,NA,25,787,0.5
B,+ (1|variant): captures phi,0.41354203645902393,0.12326827625146786,0.17193621500614695,0.6551478579119009,TRUE,0.6264055684755092,NA,NA,NA,25,787,0.5
C,+ (1|judge): captures lambda,0.41212612310481966,0.07416856446611488,0.26675573675123454,0.5574965094584048,TRUE,0.3768982839723607,NA,NA,NA,25,787,0.5
D,+ (1|temp): captures tau,0.5098758955004908,0.18134818499747457,0.1544334529054407,0.8653183380955409,TRUE,0.9215470222330797,NA,NA,NA,25,787,0.5
E,+ interactions: lumps eps into residual,0.5098758955004908,0.16502290002860498,0.1864310114444251,0.8333207795565566,TRUE,0.8385877262777454,NA,NA,0.19965705240084133,25,787,0.5
F,+ (1|item:variant:judge:temp): splits eps/rho,0.5098758955004908,0.16262871297634057,0.19112361806686334,0.8286281729341183,TRUE,0.8264213186089067,0.038593992872838705,0.09719702824305272,NA,25,787,0.5
A,"1 obs/item, naive SE",0.5892885799654667,0.09480317194434032,0.40347436295455963,0.7751027969763737,TRUE,0.48175602532098194,NA,NA,NA,25,788,0.5
B,+ (1|variant): captures phi,0.3983154893056744,0.08918167274462556,0.22351941072620832,0.5731115678851405,TRUE,0.45318956435499586,NA,NA,NA,25,788,0.5
C,+ (1|judge): captures lambda,0.6190114805177965,0.16020340980145942,0.3050127973069361,0.933010163728657,TRUE,0.8140967898640764,NA,NA,NA,25,788,0.5
D,+ (1|temp): captures tau,0.43278096370489944,0.22107658702242183,-5.291468590473691e-4,0.8660910742688462,TRUE,1.1234326412409494,NA,NA,NA,25,788,0.5
E,+ interactions: lumps eps into residual,0.43278096370489944,0.20144947278877665,0.03793999703889722,0.8276219303709016,TRUE,1.0236946224827461,NA,NA,0.22454495503659425,25,788,0.5
F,+ (1|item:variant:judge:temp): splits eps/rho,0.43278096370489966,0.1974291351910428,0.0458198587304558,0.8197420686793435,TRUE,1.0032646957006561,0.03928717672822022,0.09946954571247073,NA,25,788,0.5
A,"1 obs/item, naive SE",0.4384907915866972,0.11371356494226084,0.21561220429986594,0.6613693788735284,TRUE,0.5778519214929432,NA,NA,NA,25,789,0.5
B,+ (1|variant): captures phi,0.7861640792532884,0.18186660172208666,0.42970553987799853,1.1426226186285782,TRUE,0.9241814317743098,NA,NA,NA,25,789,0.5
C,+ (1|judge): captures lambda,0.5695879698679629,0.2102599987418239,0.15747837233398804,0.9816975674019377,TRUE,1.0684665839801886,NA,NA,NA,25,789,0.5
D,+ (1|temp): captures tau,0.5299203384892733,0.25299901801850644,0.03404226317300074,1.0257984138055458,TRUE,1.285651089841868,NA,NA,NA,25,789,0.5
E,+ interactions: lumps eps into residual,0.5299203384892733,0.23524336222055275,0.06884334853698992,0.9909973284415567,TRUE,1.1954231577088412,NA,NA,0.2060532924600774,25,789,0.5
F,+ (1|item:variant:judge:temp): splits eps/rho,0.5299203384892731,0.23257155144032615,0.07408009766623386,0.9857605793123123,TRUE,1.181845964926226,0.039553081117142425,0.09922461436949287,NA,25,789,0.5
A,"1 obs/item, naive SE",0.2506608193195571,0.12344307196308084,0.008712398271918637,0.49260924036719556,FALSE,0.6272938181568517,NA,NA,NA,25,790,0.5
B,+ (1|variant): captures phi,0.45880526682539174,0.11874389371939148,0.22606723513538446,0.6915432985153991,TRUE,0.6034142644823846,NA,NA,NA,25,790,0.5
C,+ (1|judge): captures lambda,0.4478740512305371,0.1402840236559868,0.17291736486480297,0.7228307375962713,TRUE,0.7128735491278827,NA,NA,NA,25,790,0.5
D,+ (1|temp): captures tau,0.5669783541851217,0.23265725764897974,0.11097012919312138,1.022986579177122,TRUE,1.1822814934173036,NA,NA,NA,25,790,0.5
E,+ interactions: lumps eps into residual,0.5669783541851217,0.21957576970698484,0.1366098455594314,0.997346862810812,TRUE,1.1158060210573724,NA,NA,0.20537041221940824,25,790,0.5
F,+ (1|item:variant:judge:temp): splits eps/rho,0.5669783541851217,0.21692358502908837,0.14180812752810845,0.9921485808421349,TRUE,1.1023285611513813,0.04378241257908529,0.09798209494813624,NA,25,790,0.5
A,"1 obs/item, naive SE",0.37078737585650096,0.1212026112544023,0.13323025779787243,0.6083444939151295,TRUE,0.615908593129418,NA,NA,NA,25,791,0.5
B,+ (1|variant): captures phi,0.4443588182232446,0.18975251908437824,0.07244388081786324,0.8162737556286259,TRUE,0.9642548610335944,NA,NA,NA,25,791,0.5
C,+ (1|judge): captures lambda,0.21760700270021816,0.22569073263399508,-0.22474683326241218,0.6599608386628485,TRUE,1.146880089300903,NA,NA,NA,25,791,0.5
D,+ (1|temp): captures tau,0.5501512145726937,0.27255551054724864,0.015942413900086327,1.084360015245301,TRUE,1.3850302341957905,NA,NA,NA,25,791,0.5
E,+ interactions: lumps eps into residual,0.5501512145726937,0.26231422584568254,0.036015331915155935,1.0642870972302314,TRUE,1.332987665251961,NA,NA,0.20006364072155122,25,791,0.5
F,+ (1|item:variant:judge:temp): splits eps/rho,0.5501512145726936,0.25997342357242653,0.04060330437073756,1.0596991247746494,TRUE,1.3210925400562743,0.03739142870370237,0.09875072306362924,NA,25,791,0.5
A,"1 obs/item, naive SE",1.148362254266108,0.1395795272881146,0.8747863807814035,1.4219381277508125,FALSE,0.7092935489751616,NA,NA,NA,25,792,0.5
B,+ (1|variant): captures phi,0.8658118735078063,0.2231398713409721,0.428457725679501,1.3031660213361116,TRUE,1.1339175188249555,NA,NA,NA,25,792,0.5
C,+ (1|judge): captures lambda,0.7874056682434102,0.25363298325035755,0.2902850210727094,1.2845263154141109,TRUE,1.2888726758291766,NA,NA,NA,25,792,0.5
D,+ (1|temp): captures tau,0.7248903299353036,0.20740951700171795,0.3183676766119364,1.1314129832586708,TRUE,1.0539814488818637,NA,NA,NA,25,792,0.5
E,+ interactions: lumps eps into residual,0.7248903299353036,0.2046767095099411,0.32372397929581903,1.126056680574788,TRUE,1.0400942924903163,NA,NA,0.223901060080983,25,792,0.5
F,+ (1|item:variant:judge:temp): splits eps/rho,0.7248903299353037,0.20189455401139145,0.32917700407297645,1.1206036557976309,TRUE,1.0259563670673872,0.0442489896227854,0.09913666342194437,NA,25,792,0.5
A,"1 obs/item, naive SE",0.4756087277835566,0.11749873108824023,0.24531121485060578,0.7059062407165074,TRUE,0.597086790540755,NA,NA,NA,25,793,0.5
B,+ (1|variant): captures phi,0.27272055220797614,0.12142431295742018,0.034728898811432596,0.5107122056045197,TRUE,0.617035202387972,NA,NA,NA,25,793,0.5
C,+ (1|judge): captures lambda,0.8107217679735176,0.3487599510966645,0.1271522638240551,1.4942912721229802,TRUE,1.7722741168419274,NA,NA,NA,25,793,0.5
D,+ (1|temp): captures tau,0.6031984138537072,0.29320950946088276,0.02850777531037696,1.1778890523970373,TRUE,1.4899865159271453,NA,NA,NA,25,793,0.5
E,+ interactions: lumps eps into residual,0.6031984138537072,0.2872470794980548,0.04019413803751981,1.1662026896698947,TRUE,1.4596875659950357,NA,NA,0.20464740344749613,25,793,0.5
F,+ (1|item:variant:judge:temp): splits eps/rho,0.6031984138537072,0.2849688920324991,0.04465938547000903,1.1617374422374054,TRUE,1.44811062699782,0.0371119032838051,0.09955866650113544,NA,25,793,0.5
A,"1 obs/item, naive SE",0.8698232687306016,0.09513757360301181,0.6833536244686984,1.0562929129925047,FALSE,0.4834553356988763,NA,NA,NA,25,794,0.5
B,+ (1|variant): captures phi,0.7473269639170844,0.10650911784859494,0.5385690929338384,0.9560848349003305,FALSE,0.5412414819338374,NA,NA,NA,25,794,0.5
C,+ (1|judge): captures lambda,0.5409657313388075,0.13777372641325475,0.27092922756882826,0.8110022351087869,TRUE,0.7001171107384285,NA,NA,NA,25,794,0.5
D,+ (1|temp): captures tau,0.6930510217801529,0.1714732460514881,0.35696345951923625,1.0291385840410694,TRUE,0.87136609221421,NA,NA,NA,25,794,0.5
E,+ interactions: lumps eps into residual,0.6930510217801529,0.16287296794886014,0.373820004600387,1.0122820389599188,TRUE,0.8276625355672906,NA,NA,0.2037449564757803,25,794,0.5
F,+ (1|item:variant:judge:temp): splits eps/rho,0.6930510217801529,0.159953472291228,0.379542216089346,1.0065598274709597,TRUE,0.8128266962687017,0.04103188460112733,0.09899682578881948,NA,25,794,0.5
A,"1 obs/item, naive SE",-0.18529476734207248,0.10627626008506894,-0.3935962371088076,0.02300670242466263,FALSE,0.5400581815408159,NA,NA,NA,25,795,0.5
B,+ (1|variant): captures phi,0.42958057046482184,0.22448719171578901,-0.010414325298124638,0.8695754662277684,TRUE,1.1407641221114664,NA,NA,NA,25,795,0.5
C,+ (1|judge): captures lambda,0.21052716353334527,0.2443338563605974,-0.26836719493342565,0.6894215220001162,TRUE,1.24161781802762,NA,NA,NA,25,795,0.5
D,+ (1|temp): captures tau,0.4296176474096939,0.16406105077955635,0.10805798788176346,0.7511773069376243,TRUE,0.8336999502500435,NA,NA,NA,25,795,0.5
E,+ interactions: lumps eps into residual,0.4296176474096939,0.13588321473379794,0.16328654653144992,0.6959487482879378,TRUE,0.6905102023002517,NA,NA,0.20491545641542191,25,795,0.5
F,+ (1|item:variant:judge:temp): splits eps/rho,0.4296176474096939,0.13295153521298061,0.16903263839225185,0.690202656427136,TRUE,0.6756124489392874,0.03854097846346045,0.09707440937698107,NA,25,795,0.5
A,"1 obs/item, naive SE",0.7534284122037542,0.13189659541034884,0.4949110851994705,1.011945739208038,TRUE,0.6702516198040854,NA,NA,NA,25,796,0.5
B,+ (1|variant): captures phi,0.2742742862254109,0.1991017292175271,-0.11596510304094226,0.664513675491764,TRUE,1.0117642240777,NA,NA,NA,25,796,0.5
C,+ (1|judge): captures lambda,0.5329197156781785,0.22670953031270535,0.08856903626527607,0.977270395091081,TRUE,1.1520572570078007,NA,NA,NA,25,796,0.5
D,+ (1|temp): captures tau,0.23284419517157967,0.27474094514569586,-0.3056480573139842,0.7713364476571436,TRUE,1.3961358360881515,NA,NA,NA,25,796,0.5
E,+ interactions: lumps eps into residual,0.23284419517157967,0.26732647423344325,-0.2911156943259691,0.7568040846691284,TRUE,1.3584581301286718,NA,NA,0.23216100202209827,25,796,0.5
F,+ (1|item:variant:judge:temp): splits eps/rho,0.2328441951715798,0.2641279309659104,-0.2848465495216046,0.7505349398647643,TRUE,1.3422042700543644,0.042729830182476,0.10008507584395714,NA,25,796,0.5
A,"1 obs/item, naive SE",0.9848310145657629,0.12229058721931618,0.7451414636159033,1.2245205655156226,FALSE,0.6214373002997794,NA,NA,NA,25,797,0.5
B,+ (1|variant): captures phi,0.5435513106863719,0.18312678283244563,0.18462281633477845,0.9024798050379652,TRUE,0.9305852242894753,NA,NA,NA,25,797,0.5
C,+ (1|judge): captures lambda,0.5307599811834858,0.19208412315194856,0.15427509980566662,0.907244862561305,TRUE,0.9761032442171695,NA,NA,NA,25,797,0.5
D,+ (1|temp): captures tau,0.5160416121264304,0.15181253483783833,0.21848904384426732,0.8135941804085935,TRUE,0.7714573455445052,NA,NA,NA,25,797,0.5
E,+ interactions: lumps eps into residual,0.5160416121264304,0.14250154429813178,0.23673858530209213,0.7953446389507687,TRUE,0.7241422008904441,NA,NA,0.21182062198635265,25,797,0.5
F,+ (1|item:variant:judge:temp): splits eps/rho,0.5160416121264304,0.13931536275094344,0.24298350113458128,0.7890997231182795,TRUE,0.7079511586853826,0.04085716655323818,0.0986800513818408,NA,25,797,0.5
A,"1 obs/item, naive SE",0.5010609792529903,0.14462630011219046,0.21759343103309703,0.7845285274728836,TRUE,0.7349394547667124,NA,NA,NA,25,798,0.5
B,+ (1|variant): captures phi,0.6755420547409757,0.14203668333683983,0.39715015540076964,0.9539339540811818,TRUE,0.721779942703868,NA,NA,NA,25,798,0.5
C,+ (1|judge): captures lambda,0.4896072770805978,0.18826845908424136,0.12060109727548474,0.8586134568857109,TRUE,0.9567133955705659,NA,NA,NA,25,798,0.5
D,+ (1|temp): captures tau,0.5454621862764218,0.21527839745157717,0.12351652727133061,0.9674078452815131,TRUE,1.0939683026073468,NA,NA,NA,25,798,0.5
E,+ interactions: lumps eps into residual,0.5454621862764218,0.19403365944478582,0.16515621376464168,0.9257681587882021,TRUE,0.9860100947622936,NA,NA,0.20700411708970365,25,798,0.5
F,+ (1|item:variant:judge:temp): splits eps/rho,0.5454621862764217,0.1908912625764833,0.17131531162651448,0.919609060926329,TRUE,0.9700415507335841,0.03895984991751732,0.1029877534777086,NA,25,798,0.5
A,"1 obs/item, naive SE",0.7876676898720955,0.1014858305403813,0.5887554620129481,0.9865799177312428,FALSE,0.5157149211867862,NA,NA,NA,25,799,0.5
B,+ (1|variant): captures phi,0.8424822194464288,0.1322310352690138,0.5833093903191617,1.1016550485736958,FALSE,0.6719511243007698,NA,NA,NA,25,799,0.5
C,+ (1|judge): captures lambda,0.884079189374152,0.18481642149328667,0.5218390032473101,1.2463193755009938,FALSE,0.939171367440396,NA,NA,NA,25,799,0.5
D,+ (1|temp): captures tau,0.7028827737890444,0.19082505187004548,0.3288656721237553,1.0768998754543335,TRUE,0.9697050914557668,NA,NA,NA,25,799,0.5
E,+ interactions: lumps eps into residual,0.7028827737890444,0.18714737215914645,0.33607392435711736,1.0696916232209714,TRUE,0.9510164302687072,NA,NA,0.20976563898201178,25,799,0.5
F,+ (1|item:variant:judge:temp): splits eps/rho,0.7028827737890444,0.1848128922988705,0.34064950488325824,1.0651160426948305,TRUE,0.9391534333287027,0.038814142540642076,0.10151286017172047,NA,25,799,0.5
A,"1 obs/item, naive SE",0.6194252042467387,0.10308363674921842,0.41738127621827065,0.8214691322752068,TRUE,0.5238344044552837,NA,NA,NA,25,800,0.5
B,+ (1|variant): captures phi,0.7123422663139444,0.17514090269750407,0.3690660970268364,1.0556184356010523,TRUE,0.8900038197478849,NA,NA,NA,25,800,0.5
C,+ (1|judge): captures lambda,0.627272728893043,0.2138795660173828,0.20806877949897268,1.0464766782871133,TRUE,1.0868599384248996,NA,NA,NA,25,800,0.5
D,+ (1|temp): captures tau,0.5105278541924322,0.22029125208181613,0.0787570001120726,0.9422987082727918,TRUE,1.1194418481928643,NA,NA,NA,25,800,0.5
E,+ interactions: lumps eps into residual,0.5105278541924322,0.21247462679731824,0.09407758566968843,0.9269781227151759,TRUE,1.0797205366454607,NA,NA,0.2146997781053727,25,800,0.5
F,+ (1|item:variant:judge:temp): splits eps/rho,0.5105278541924322,0.2093565903054052,0.10018893719383798,0.9208667711910263,TRUE,1.0638757833915116,0.04318130086639002,0.10157909690109748,NA,25,800,0.5
A,"1 obs/item, naive SE",-0.21697153390467513,0.08976815927700539,-0.3929171260876057,-0.04102594172174456,FALSE,0.45616988046624873,NA,NA,NA,25,801,0.5
B,+ (1|variant): captures phi,0.12730556335212145,0.16521951545293606,-0.19652468693563324,0.45113581363987615,FALSE,0.839586855984061,NA,NA,NA,25,801,0.5
C,+ (1|judge): captures lambda,0.5660374514086205,0.2909231006299375,-0.0041718258260569074,1.136246728643298,TRUE,1.4783677988730188,NA,NA,NA,25,801,0.5
D,+ (1|temp): captures tau,0.354147639563079,0.29795213992587555,-0.2298385546916371,0.9381338338177951,TRUE,1.5140868783466912,NA,NA,NA,25,801,0.5
E,+ interactions: lumps eps into residual,0.354147639563079,0.2930580865120415,-0.2202462100005224,0.9285414891266803,TRUE,1.4892170383191707,NA,NA,0.21483972681434477,25,801,0.5
F,+ (1|item:variant:judge:temp): splits eps/rho,0.354147639563079,0.2907908160368831,-0.21580235986921187,0.9240976389953699,TRUE,1.4776955755870882,0.041025847079285735,0.10163997746390555,NA,25,801,0.5
A,"1 obs/item, naive SE",-0.1735599728304505,0.11051575663641447,-0.39017085583782285,0.043050910176921864,FALSE,0.5616017962327098,NA,NA,NA,25,802,0.5
B,+ (1|variant): captures phi,0.23652522871856801,0.15107091280361673,-0.05957376037652079,0.5326242178136569,TRUE,0.7676886859504273,NA,NA,NA,25,802,0.5
C,+ (1|judge): captures lambda,0.42631094133633196,0.19324145185999395,0.04755769569074386,0.8050641869819201,TRUE,0.9819843773790975,NA,NA,NA,25,802,0.5
D,+ (1|temp): captures tau,0.4673053187043774,0.18969713004006525,0.09549894382584956,0.8391116935829053,TRUE,0.9639733935965109,NA,NA,NA,25,802,0.5
E,+ interactions: lumps eps into residual,0.4673053187043774,0.1779169528067039,0.11858809120323782,0.8160225462055171,TRUE,0.9041107197520869,NA,NA,0.20886249440734217,25,802,0.5
F,+ (1|item:variant:judge:temp): splits eps/rho,0.4673053187043775,0.17565248498692967,0.12302644812999536,0.8115841892787596,TRUE,0.8926034991185602,0.04153219433148686,0.09998191573463891,NA,25,802,0.5
A,"1 obs/item, naive SE",0.14705031629555593,0.1076021394893398,-0.06384987710355008,0.3579505096946619,FALSE,0.5467958294354612,NA,NA,NA,25,803,0.5
B,+ (1|variant): captures phi,0.42951334851827144,0.1591314128702216,0.11761577929263711,0.7414109177439058,TRUE,0.8086492824636633,NA,NA,NA,25,803,0.5
C,+ (1|judge): captures lambda,0.47531497671239176,0.1633277445445183,0.1551925974051359,0.7954373560196476,TRUE,0.8299735485918539,NA,NA,NA,25,803,0.5
D,+ (1|temp): captures tau,0.6122143403690948,0.20878245338342039,0.20300073173759087,1.0214279490005989,TRUE,1.0609582236110453,NA,NA,NA,25,803,0.5
E,+ interactions: lumps eps into residual,0.6122143403690948,0.19086079352009688,0.23812718506970493,0.9863014956684848,TRUE,0.9698867178181979,NA,NA,0.20517227395839585,25,803,0.5
F,+ (1|item:variant:judge:temp): splits eps/rho,0.612214340369095,0.18724772512216348,0.24520879912965454,0.9792198816085353,TRUE,0.9515263883597788,0.035396344455124115,0.09752058598051583,NA,25,803,0.5
A,"1 obs/item, naive SE",0.34175594976681545,0.11501911213887006,0.11631848997463012,0.5671934095590008,TRUE,0.5844862483346303,NA,NA,NA,25,804,0.5
B,+ (1|variant): captures phi,0.2647199793162657,0.11647340596011416,0.03643210363444194,0.4930078549980894,FALSE,0.5918764526558817,NA,NA,NA,25,804,0.5
C,+ (1|judge): captures lambda,0.38902582958615545,0.14109191290920356,0.11248568028411648,0.6655659788881945,TRUE,0.7169789551765089,NA,NA,NA,25,804,0.5
D,+ (1|temp): captures tau,0.361299166130502,0.2475150793359978,-0.12383038936805368,0.8464287216290577,TRUE,1.2577836625332077,NA,NA,NA,25,804,0.5
E,+ interactions: lumps eps into residual,0.361299166130502,0.2374844884420143,-0.10417043121584602,0.82676876347685,TRUE,1.2068117646357048,NA,NA,0.21505594125995714,25,804,0.5
F,+ (1|item:variant:judge:temp): splits eps/rho,0.3612991661305024,0.23460989133150778,-0.09853622087925284,0.8211345531402576,TRUE,1.1922040837959766,0.03989524090852478,0.0998935172011923,NA,25,804,0.5
A,"1 obs/item, naive SE",0.9333450682695821,0.10724012047823994,0.7231544321322319,1.1435357044069323,FALSE,0.5449561774881562,NA,NA,NA,25,805,0.5
B,+ (1|variant): captures phi,0.8245161265968896,0.13240221343129718,0.5650077882715471,1.0840244649222321,FALSE,0.6728209908821517,NA,NA,NA,25,805,0.5
C,+ (1|judge): captures lambda,0.8564308661543846,0.222412055685263,0.42050323701126907,1.2923584952975,TRUE,1.1302190183394796,NA,NA,NA,25,805,0.5
D,+ (1|temp): captures tau,0.4536207144572662,0.28902359922331516,-0.11286554002043153,1.020106968934964,TRUE,1.4687152078364738,NA,NA,NA,25,805,0.5
E,+ interactions: lumps eps into residual,0.4536207144572662,0.27522322037939456,-0.08581679748634713,0.9930582264008796,TRUE,1.3985865874177994,NA,NA,0.19149634628804552,25,805,0.5
F,+ (1|item:variant:judge:temp): splits eps/rho,0.4536207144572661,0.2738376027271828,-0.08310098688801221,0.9903424158025445,TRUE,1.3915453709790073,0.04023057130011945,0.10031099594070737,NA,25,805,0.5
A,"1 obs/item, naive SE",0.3134813744802306,0.11939098501119919,0.07947504385828022,0.547487705102181,TRUE,0.6067025524411896,NA,NA,NA,25,806,0.5
B,+ (1|variant): captures phi,0.5557527618080732,0.1718084090766848,0.219008280017771,0.8924972435983753,TRUE,0.8730692715861842,NA,NA,NA,25,806,0.5
C,+ (1|judge): captures lambda,0.5195601259920577,0.15247208657929823,0.2207148362966332,0.8184054156874823,TRUE,0.7748089530798079,NA,NA,NA,25,806,0.5
D,+ (1|temp): captures tau,0.6017761153942195,0.23550341092501592,0.14018942998118827,1.0633628008072507,TRUE,1.1967446327996283,NA,NA,NA,25,806,0.5
E,+ interactions: lumps eps into residual,0.6017761153942195,0.2229178687158815,0.16485709271109172,1.0386951380773473,TRUE,1.1327893803873803,NA,NA,0.2092072053903276,25,806,0.5
F,+ (1|item:variant:judge:temp): splits eps/rho,0.6017761153942197,0.22004360729768316,0.17049064509076073,1.0330615856976788,TRUE,1.118183405416652,0.04018823827375213,0.09994569340470709,NA,25,806,0.5
A,"1 obs/item, naive SE",0.1093340284119523,0.13298828090572942,-0.15132300216327735,0.369991058987182,FALSE,0.6757991774898545,NA,NA,NA,25,807,0.5
B,+ (1|variant): captures phi,0.4234231194890714,0.17561795749071293,0.07921192280727407,0.7676343161708687,TRUE,0.892428042654388,NA,NA,NA,25,807,0.5
C,+ (1|judge): captures lambda,0.5727586694059682,0.18857667256079724,0.2031483911868056,0.9423689476251308,TRUE,0.95827962691463,NA,NA,NA,25,807,0.5
D,+ (1|temp): captures tau,0.4692735667085923,0.22598262871417824,0.026347614428803012,0.9121995189883816,TRUE,1.1483634014360538,NA,NA,NA,25,807,0.5
E,+ interactions: lumps eps into residual,0.4692735667085923,0.2130070410852352,0.05177976618153135,0.8867673672356533,TRUE,1.0824260768284577,NA,NA,0.21803845060566496,25,807,0.5
F,+ (1|item:variant:judge:temp): splits eps/rho,0.4692735667085923,0.20975097340606813,0.058161658832698804,0.8803854745844859,TRUE,1.0658798981392827,0.04315571426451008,0.10232406782936819,NA,25,807,0.5
A,"1 obs/item, naive SE",0.5929884537572229,0.12876260806316783,0.34061374195341393,0.8453631655610319,TRUE,0.6543258099728426,NA,NA,NA,25,808,0.5
B,+ (1|variant): captures phi,0.6922590831782852,0.2044491801449896,0.2915386900941056,1.0929794762624647,TRUE,1.038938069125056,NA,NA,NA,25,808,0.5
C,+ (1|judge): captures lambda,0.43279134358010857,0.2490463542172795,-0.05533951068575926,0.9209221978459764,TRUE,1.2655650572413217,NA,NA,NA,25,808,0.5
D,+ (1|temp): captures tau,0.29330624717944015,0.27955133690004796,-0.2546143731446539,0.8412268675035341,TRUE,1.4205805372968208,NA,NA,NA,25,808,0.5
E,+ interactions: lumps eps into residual,0.29330624717944015,0.26435398446953623,-0.22482756238085083,0.8114400567397311,TRUE,1.3433529936169115,NA,NA,0.2001971017984841,25,808,0.5
F,+ (1|item:variant:judge:temp): splits eps/rho,0.29330624717944026,0.262132545360587,-0.2204735417273102,0.8070860360861907,TRUE,1.332064429598734,0.03753586695091807,0.09628372160051617,NA,25,808,0.5
A,"1 obs/item, naive SE",0.523715084181729,0.11806918921197469,0.2922994733262586,0.7551306950371993,TRUE,0.5999856559760142,NA,NA,NA,25,809,0.5
B,+ (1|variant): captures phi,0.2476021228902726,0.13883080969252032,-0.02450626410706719,0.5197105098876125,TRUE,0.705488832260059,NA,NA,NA,25,809,0.5
C,+ (1|judge): captures lambda,0.2616032041686677,0.13923603727101277,-0.011299428882517282,0.5345058372198528,TRUE,0.7075480547898663,NA,NA,NA,25,809,0.5
D,+ (1|temp): captures tau,0.44479237214264383,0.22559300953335998,0.0026300734572582973,0.8869546708280294,TRUE,1.146383495235763,NA,NA,NA,25,809,0.5
E,+ interactions: lumps eps into residual,0.44479237214264383,0.19922540911697387,0.05431057027337505,0.8352741740119126,TRUE,1.012392721368957,NA,NA,0.21482042880009827,25,809,0.5
F,+ (1|item:variant:judge:temp): splits eps/rho,0.4447923721426436,0.19569978789003037,0.06122078787818408,0.8283639564071031,TRUE,0.9944767673534438,0.03721106946308415,0.09908010120248133,NA,25,809,0.5
A,"1 obs/item, naive SE",0.4507873960454951,0.10357860057806834,0.24777333891248118,0.653801453178509,TRUE,0.5263496347157689,NA,NA,NA,25,810,0.5
B,+ (1|variant): captures phi,0.42278468157923493,0.12330931115543438,0.18109843171458356,0.6644709314438864,TRUE,0.6266140932730333,NA,NA,NA,25,810,0.5
C,+ (1|judge): captures lambda,0.5954293561950483,0.16674606040436182,0.26860707780249915,0.9222516345875975,TRUE,0.8473442148697369,NA,NA,NA,25,810,0.5
D,+ (1|temp): captures tau,0.5217062348466426,0.20968930451588316,0.1107151979955116,0.9326972716977735,TRUE,1.0655665187574312,NA,NA,NA,25,810,0.5
E,+ interactions: lumps eps into residual,0.5217062348466426,0.2006374339546123,0.12845686429560244,0.9149556053976827,TRUE,1.019568129738569,NA,NA,0.18538398295110536,25,810,0.5
F,+ (1|item:variant:judge:temp): splits eps/rho,0.5217062348466427,0.19894274468447903,0.13177845526506377,0.9116340144282216,TRUE,1.0109563211862893,0.03687115047788913,0.09651628984260695,NA,25,810,0.5
A,"1 obs/item, naive SE",0.627341942583987,0.10986840952469609,0.41199985991558263,0.8426840252523914,TRUE,0.5583122082880411,NA,NA,NA,25,811,0.5
B,+ (1|variant): captures phi,0.8990677217094252,0.18814000056781977,0.5303133205964985,1.2678221228223518,FALSE,0.9560606150462366,NA,NA,NA,25,811,0.5
C,+ (1|judge): captures lambda,0.8793762434822529,0.1918843811173586,0.50328285649223,1.2554696304722757,FALSE,0.9750882261887635,NA,NA,NA,25,811,0.5
D,+ (1|temp): captures tau,0.5979959174180435,0.2675804456021533,0.07353824403782294,1.122453590798264,TRUE,1.3597487223591398,NA,NA,NA,25,811,0.5
E,+ interactions: lumps eps into residual,0.5979959174180435,0.2584565822121467,0.09142101628223598,1.104570818553851,TRUE,1.313384491371997,NA,NA,0.22743724505138904,25,811,0.5
F,+ (1|item:variant:judge:temp): splits eps/rho,0.5979959174180435,0.25538974343250326,0.09743202029033715,1.0985598145457498,TRUE,1.2977999066953503,0.04046116596641498,0.0989515542845941,NA,25,811,0.5
A,"1 obs/item, naive SE",0.2234307736274814,0.11762461238175836,-0.007113466640764982,0.4539750138957278,FALSE,0.5977264745342733,NA,NA,NA,25,812,0.5
B,+ (1|variant): captures phi,0.37217076609455224,0.1815518776403972,0.01632908591937371,0.7280124462697308,TRUE,0.9225821158489258,NA,NA,NA,25,812,0.5
C,+ (1|judge): captures lambda,0.3809701776435922,0.17637685950941528,0.035271533005138245,0.7266688222820461,TRUE,0.8962845129880259,NA,NA,NA,25,812,0.5
D,+ (1|temp): captures tau,0.41810673089094685,0.29442346578494555,-0.1589632620475464,0.9951767238294401,TRUE,1.4961554105073511,NA,NA,NA,25,812,0.5
E,+ interactions: lumps eps into residual,0.41810673089094685,0.28999495009611,-0.15028337129742875,0.9864968330793225,TRUE,1.473651267739031,NA,NA,0.21863237445142247,25,812,0.5
F,+ (1|item:variant:judge:temp): splits eps/rho,0.41810673089094696,0.2874852605361032,-0.1453643797598153,0.9815778415417092,TRUE,1.4608979173772068,0.04010179926965545,0.1018622093201736,NA,25,812,0.5
A,"1 obs/item, naive SE",0.4697525766575055,0.14640973091752343,0.1827895040591596,0.7567156492558514,TRUE,0.7440022162607755,NA,NA,NA,25,813,0.5
B,+ (1|variant): captures phi,0.5476131983480749,0.2555124230580284,0.04680884915433925,1.0484175475418105,TRUE,1.2984233209500502,NA,NA,NA,25,813,0.5
C,+ (1|judge): captures lambda,0.310853231010806,0.28433606576485626,-0.2464454578883123,0.8681519199099242,TRUE,1.4448948288218126,NA,NA,NA,25,813,0.5
D,+ (1|temp): captures tau,0.46052741658803537,0.2633259585263519,-0.055591462123614266,0.976646295299685,TRUE,1.338128931149823,NA,NA,NA,25,813,0.5
E,+ interactions: lumps eps into residual,0.46052741658803537,0.24821064707155865,-0.025965451672219586,0.9470202848482903,TRUE,1.2613182905498952,NA,NA,0.21277043435556908,25,813,0.5
F,+ (1|item:variant:judge:temp): splits eps/rho,0.4605274165880353,0.2454074504568948,-0.02047118630747846,0.9415260194835491,TRUE,1.247073441653209,0.04184340572211013,0.09900516736593647,NA,25,813,0.5
A,"1 obs/item, naive SE",0.9164740621382927,0.15525618275318093,0.6121719439420581,1.2207761803345274,FALSE,0.7889567403250337,NA,NA,NA,25,814,0.5
B,+ (1|variant): captures phi,1.026359467114262,0.1689941834097497,0.6951308676311525,1.3575880665973714,FALSE,0.8587683769657497,NA,NA,NA,25,814,0.5
C,+ (1|judge): captures lambda,0.6715379368352051,0.2326021260527769,0.21563776977176247,1.1274381038986478,TRUE,1.1820013342400149,NA,NA,NA,25,814,0.5
D,+ (1|temp): captures tau,0.5458794449902,0.20192536188229748,0.15010573570089697,0.941653154279503,TRUE,1.0261129217177423,NA,NA,NA,25,814,0.5
E,+ interactions: lumps eps into residual,0.5458794449902,0.1856301942240379,0.18204426431108572,0.9097146256693143,TRUE,0.9433066712307743,NA,NA,0.22297311846729378,25,814,0.5
F,+ (1|item:variant:judge:temp): splits eps/rho,0.5458794449901999,0.1826929405710648,0.1878012814709129,0.9039576085094869,TRUE,0.9283805921113263,0.042487089135040214,0.09963295258690562,NA,25,814,0.5
A,"1 obs/item, naive SE",0.7400988643668954,0.13037384688406511,0.4845661244741278,0.9956316042596631,TRUE,0.6625135530016737,NA,NA,NA,25,815,0.5
B,+ (1|variant): captures phi,0.8493902958585751,0.14902204952969134,0.55730707878038,1.1414735129367701,FALSE,0.7572770909897445,NA,NA,NA,25,815,0.5
C,+ (1|judge): captures lambda,0.7487010920892135,0.17571547271296187,0.40429876557180827,1.0931034186066189,TRUE,0.8929235803554527,NA,NA,NA,25,815,0.5
D,+ (1|temp): captures tau,0.7408942366656983,0.19561820517824074,0.3574825545163465,1.1243059188150502,TRUE,0.994062193007875,NA,NA,NA,25,815,0.5
E,+ interactions: lumps eps into residual,0.7408942366656983,0.1898989488148765,0.36869229698854034,1.1130961763428564,TRUE,0.9649989648806163,NA,NA,0.19823643244297595,25,815,0.5
F,+ (1|item:variant:judge:temp): splits eps/rho,0.7408942366656982,0.18740582526945174,0.3735788191375728,1.1082096541938236,TRUE,0.9523297971170825,0.03668821265648154,0.10049072395410531,NA,25,815,0.5
A,"1 obs/item, naive SE",-0.12749841026702394,0.12643568720786222,-0.3753123571944339,0.120315536660386,FALSE,0.6425012252095113,NA,NA,NA,25,816,0.5
B,+ (1|variant): captures phi,0.21740577461733526,0.16889510805875904,-0.11362863717783248,0.548440186412503,TRUE,0.8582649112449133,NA,NA,NA,25,816,0.5
C,+ (1|judge): captures lambda,0.3199128479715337,0.26523634577595995,-0.1999503897493478,0.8397760856924152,TRUE,1.3478368401714265,NA,NA,NA,25,816,0.5
D,+ (1|temp): captures tau,0.4157168667212075,0.2533853720359401,-0.08091846246923506,0.9123521959116501,TRUE,1.2876144036423274,NA,NA,NA,25,816,0.5
E,+ interactions: lumps eps into residual,0.4157168667212075,0.24273865148164928,-0.060050890182825056,0.8914846236252401,TRUE,1.233511553793066,NA,NA,0.21251343275906032,25,816,0.5
F,+ (1|item:variant:judge:temp): splits eps/rho,0.41571686672120767,0.24051070143651954,-0.05568410809437063,0.887117841536786,TRUE,1.2221899035113057,0.04220599160397931,0.09995344726391649,NA,25,816,0.5
A,"1 obs/item, naive SE",0.9940035247380133,0.10223137204899964,0.7936300355219741,1.1943770139540526,FALSE,0.5195034981567072,NA,NA,NA,25,817,0.5
B,+ (1|variant): captures phi,0.8970749147432828,0.16677172785077626,0.5702023281557613,1.2239475013308043,FALSE,0.8474746477098113,NA,NA,NA,25,817,0.5
C,+ (1|judge): captures lambda,0.6604515800288376,0.2203085653833239,0.2286467918775228,1.0922563681801525,TRUE,1.1195298282377142,NA,NA,NA,25,817,0.5
D,+ (1|temp): captures tau,0.8297439595491218,0.23817096787292516,0.3629288625181885,1.296559056580055,TRUE,1.2103002091182837,NA,NA,NA,25,817,0.5
E,+ interactions: lumps eps into residual,0.8297439595491218,0.2301134054800277,0.37872168480826757,1.2807662342899762,TRUE,1.1693545408187345,NA,NA,0.2075938704891806,25,817,0.5
F,+ (1|item:variant:judge:temp): splits eps/rho,0.8297439595491217,0.22740955130591972,0.38402123898951906,1.2754666801087244,TRUE,1.1556145148971275,0.04005151156162161,0.09988820119021476,NA,25,817,0.5
A,"1 obs/item, naive SE",1.1553173190666821,0.13567879193541227,0.889386886873274,1.4212477512600903,FALSE,0.6894713982938511,NA,NA,NA,25,818,0.5
B,+ (1|variant): captures phi,0.7450384331796124,0.2523635237432623,0.25040592664281824,1.2396709397164065,TRUE,1.2824217337994819,NA,NA,NA,25,818,0.5
C,+ (1|judge): captures lambda,0.5082461278817486,0.25607916780508017,0.006330958983791546,1.0101612967797058,TRUE,1.3013033163247987,NA,NA,NA,25,818,0.5
D,+ (1|temp): captures tau,0.4119338981413828,0.295400073081273,-0.16705024509791222,0.9909180413806778,TRUE,1.5011181816860875,NA,NA,NA,25,818,0.5
E,+ interactions: lumps eps into residual,0.4119338981413828,0.2847663830474535,-0.14620821263162598,0.9700760089143916,TRUE,1.447081548310615,NA,NA,0.21116562604365724,25,818,0.5
F,+ (1|item:variant:judge:temp): splits eps/rho,0.41193389814138326,0.28248698648602455,-0.14174059537122485,0.9656083916539914,TRUE,1.4354984651179024,0.03988516715488259,0.10197797874878196,NA,25,818,0.5
A,"1 obs/item, naive SE",-0.3334061021696199,0.1430670436954138,-0.6138175078126309,-0.052994696526608875,FALSE,0.7270158678402793,NA,NA,NA,25,819,0.5
B,+ (1|variant): captures phi,0.09240734547624153,0.18504462502655047,-0.2702801195757974,0.45509481052828044,FALSE,0.9403310166894097,NA,NA,NA,25,819,0.5
C,+ (1|judge): captures lambda,0.5564059372049999,0.3282173996810383,-0.0869001661698352,1.199712040579835,TRUE,1.6678841716853001,NA,NA,NA,25,819,0.5
D,+ (1|temp): captures tau,0.4749146659778035,0.26846071601430144,-0.051268337410227294,1.0010976693658344,TRUE,1.364221943732082,NA,NA,NA,25,819,0.5
E,+ interactions: lumps eps into residual,0.4749146659778035,0.26077684281889235,-0.03620794594722543,0.9860372779028325,TRUE,1.325175231119301,NA,NA,0.2036121244495122,25,819,0.5
F,+ (1|item:variant:judge:temp): splits eps/rho,0.4749146659778034,0.25920676787630736,-0.033130599059759014,0.9829599310153658,TRUE,1.31719666828978,0.042330617295239015,0.09810534795469858,NA,25,819,0.5
A,"1 obs/item, naive SE",0.8015806881631804,0.14072142624779121,0.5257666927175096,1.0773946836088513,FALSE,0.7150962736398485,NA,NA,NA,25,820,0.5
B,+ (1|variant): captures phi,0.3573859892950183,0.24275324154519587,-0.1184103641335656,0.8331823427236023,TRUE,1.2335856953104776,NA,NA,NA,25,820,0.5
C,+ (1|judge): captures lambda,0.5073705900163661,0.2676805335647332,-0.01728325577051093,1.032024435803243,TRUE,1.360257333812175,NA,NA,NA,25,820,0.5
D,+ (1|temp): captures tau,0.4826870249216423,0.28434320341464064,-0.07462565377105335,1.0399997036143378,TRUE,1.4449310998211866,NA,NA,NA,25,820,0.5
E,+ interactions: lumps eps into residual,0.4826870249216423,0.2758519227183262,-0.05798274360627709,1.0233567934495618,TRUE,1.401781429253804,NA,NA,0.20160697271272532,25,820,0.5
F,+ (1|item:variant:judge:temp): splits eps/rho,0.4826870249216422,0.27378236915651166,-0.05392641862512065,1.019300468468405,TRUE,1.391264693603714,0.039925870305618255,0.10076670861921119,NA,25,820,0.5
A,"1 obs/item, naive SE",0.18527054550198968,0.109713687016428,-0.029768281050209205,0.4003093720541886,FALSE,0.5575259634917732,NA,NA,NA,25,821,0.5
B,+ (1|variant): captures phi,0.65837722393769,0.1486421919057421,0.36703852780243557,0.9497159200729446,TRUE,0.7553467895520554,NA,NA,NA,25,821,0.5
C,+ (1|judge): captures lambda,0.5650674297527802,0.24967401905401973,0.0757063524069016,1.0544285070986588,TRUE,1.268754626859934,NA,NA,NA,25,821,0.5
D,+ (1|temp): captures tau,0.40276223343105166,0.24743523189485853,-0.08221082108287103,0.8877352879449744,TRUE,1.2573779062163422,NA,NA,NA,25,821,0.5
E,+ interactions: lumps eps into residual,0.40276223343105166,0.24067400301453237,-0.0689588124774318,0.8744832793395352,TRUE,1.2230197440908837,NA,NA,0.21980140225280023,25,821,0.5
F,+ (1|item:variant:judge:temp): splits eps/rho,0.4027622334310516,0.23755893539567174,-0.06285327994446499,0.8683777468065682,TRUE,1.2071900775946036,0.04055317531103207,0.09913686674023646,NA,25,821,0.5
A,"1 obs/item, naive SE",0.4991416598604978,0.11508550393625543,0.27357407214543716,0.7247092475755584,TRUE,0.5848236278522804,NA,NA,NA,25,822,0.5
B,+ (1|variant): captures phi,0.6027019200101785,0.17049088888765584,0.2685397777903731,0.936864062229984,TRUE,0.8663741022524051,NA,NA,NA,25,822,0.5
C,+ (1|judge): captures lambda,0.4842738106207736,0.15601885529167372,0.17847685424909315,0.790070766992454,TRUE,0.792832371100146,NA,NA,NA,25,822,0.5
D,+ (1|temp): captures tau,0.48806548086713536,0.14103670271951502,0.2116335435368859,0.7644974181973848,TRUE,0.7166983966150593,NA,NA,NA,25,822,0.5
E,+ interactions: lumps eps into residual,0.48806548086713536,0.12556610597181467,0.2419559131623786,0.7341750485718921,TRUE,0.6380823224304152,NA,NA,0.21311590459893084,25,822,0.5
F,+ (1|item:variant:judge:temp): splits eps/rho,0.48806548086713536,0.12194381217549148,0.24905560900317206,0.7270753527310987,TRUE,0.6196751127762271,0.04602087995433888,0.0975742535753032,NA,25,822,0.5
A,"1 obs/item, naive SE",0.24173230000267693,0.0757058392348373,0.09334885510239582,0.39011574490295803,FALSE,0.3847101679759967,NA,NA,NA,25,823,0.5
B,+ (1|variant): captures phi,0.15904234985735774,0.08579420472020605,-0.009114291394246105,0.32719899110896156,FALSE,0.4359756558129443,NA,NA,NA,25,823,0.5
C,+ (1|judge): captures lambda,0.5218466252773839,0.23405394805617338,0.06310088708728406,0.9805923634674838,TRUE,1.189378977661487,NA,NA,NA,25,823,0.5
D,+ (1|temp): captures tau,0.41532070862898185,0.2773235943482656,-0.12823353629361867,0.9588749535515824,TRUE,1.4092599414225055,NA,NA,NA,25,823,0.5
E,+ interactions: lumps eps into residual,0.41532070862898185,0.2649795777535817,-0.10403926376803829,0.934680681026002,TRUE,1.3465320363409903,NA,NA,0.2196225250488657,25,823,0.5
F,+ (1|item:variant:judge:temp): splits eps/rho,0.4153207086289816,0.2621020653226862,-0.09839933940348333,0.9290407566614466,TRUE,1.3319095408791948,0.03721208393278638,0.10139700343497492,NA,25,823,0.5
A,"1 obs/item, naive SE",0.7060653234928486,0.10130525214286334,0.5075070292928364,0.9046236176928607,FALSE,0.5147972859509298,NA,NA,NA,25,824,0.5
B,+ (1|variant): captures phi,0.5696171605721748,0.1781760330720596,0.22039213575093802,0.9188421853934117,TRUE,0.905427273579528,NA,NA,NA,25,824,0.5
C,+ (1|judge): captures lambda,0.7220849229314331,0.16441879786205604,0.3998240791218033,1.044345766741063,TRUE,0.8355178937745115,NA,NA,NA,25,824,0.5
D,+ (1|temp): captures tau,0.6430710023082175,0.24684155296598956,0.15926155849487794,1.126880446121557,TRUE,1.2543610409024193,NA,NA,NA,25,824,0.5
E,+ interactions: lumps eps into residual,0.6430710023082175,0.23883074043382152,0.1749627510579273,1.1111792535585077,TRUE,1.21365293877948,NA,NA,0.21695228658804716,25,824,0.5
F,+ (1|item:variant:judge:temp): splits eps/rho,0.6430710023082175,0.23598521718115675,0.18053997663315025,1.1056020279832848,TRUE,1.1991930009520089,0.04029276176654022,0.10479254188588756,NA,25,824,0.5
A,"1 obs/item, naive SE",0.5517117872974848,0.10050242352821928,0.354727037182175,0.7486965374127946,TRUE,0.5107175962689016,NA,NA,NA,25,825,0.5
B,+ (1|variant): captures phi,0.633094914590482,0.09992656013190236,0.4372388567319533,0.8289509724490106,TRUE,0.5077912631594951,NA,NA,NA,25,825,0.5
C,+ (1|judge): captures lambda,0.5445183875679468,0.17716703144636578,0.19727100593306984,0.8917657692028238,TRUE,0.9002998859323926,NA,NA,NA,25,825,0.5
D,+ (1|temp): captures tau,0.5313575701169797,0.2006223626302399,0.13813773936170953,0.9245774008722498,TRUE,1.019491542624688,NA,NA,NA,25,825,0.5
E,+ interactions: lumps eps into residual,0.5313575701169797,0.19399321377638065,0.15113087111527362,0.9115842691186857,TRUE,0.985804564250469,NA,NA,0.20692410704867678,25,825,0.5
F,+ (1|item:variant:judge:temp): splits eps/rho,0.53135757011698,0.19104717550019987,0.1569051061365883,0.9058100340973718,TRUE,0.9708338447980692,0.0427252768534218,0.10046980097880408,NA,25,825,0.5
A,"1 obs/item, naive SE",0.6635783483271857,0.11799517702351563,0.43230780136109503,0.8948488952932763,TRUE,0.5996095523393311,NA,NA,NA,25,826,0.5
B,+ (1|variant): captures phi,0.2772648057182873,0.12995171684473802,0.022559440702600797,0.5319701707339739,TRUE,0.6603684381732985,NA,NA,NA,25,826,0.5
C,+ (1|judge): captures lambda,0.45678547376907064,0.2602106173844169,-0.053227336304386474,0.9667982838425278,TRUE,1.3222978747064937,NA,NA,NA,25,826,0.5
D,+ (1|temp): captures tau,0.347498559298788,0.23202370804196265,-0.1072679084634588,0.8022650270610348,TRUE,1.1790620194876822,NA,NA,NA,25,826,0.5
E,+ interactions: lumps eps into residual,0.347498559298788,0.22414381245483261,-0.09182331311268394,0.7868204317102598,TRUE,1.1390191907495375,NA,NA,0.19962494211930074,25,826,0.5
F,+ (1|item:variant:judge:temp): splits eps/rho,0.347498559298788,0.22226806630178988,-0.08814685065272021,0.7831439692502962,TRUE,1.1294873154687026,0.035542010915024694,0.10024639434480062,NA,25,826,0.5
A,"1 obs/item, naive SE",0.5100956557830361,0.10563201065444508,0.3030569149003237,0.7171343966657484,TRUE,0.5367843349105061,NA,NA,NA,25,827,0.5
B,+ (1|variant): captures phi,0.6273636476012581,0.10190517768883571,0.4276294993311401,0.8270977958713761,TRUE,0.5178458943528286,NA,NA,NA,25,827,0.5
C,+ (1|judge): captures lambda,0.7190994642702059,0.1702417058587714,0.3854257207870139,1.0527732077533978,TRUE,0.8651078426630816,NA,NA,NA,25,827,0.5
D,+ (1|temp): captures tau,0.6156602518478151,0.21751824870433004,0.1893244843873283,1.041996019308302,TRUE,1.1053504305963762,NA,NA,NA,25,827,0.5
E,+ interactions: lumps eps into residual,0.6156602518478151,0.21008532847684058,0.2038930080332076,1.0274274956624228,TRUE,1.0675789717740323,NA,NA,0.2121827863194001,25,827,0.5
F,+ (1|item:variant:judge:temp): splits eps/rho,0.6156602518478149,0.2083600735126866,0.2072745077629492,1.0240459959326806,TRUE,1.0588118392282553,0.0421702394097831,0.1005181226947956,NA,25,827,0.5
A,"1 obs/item, naive SE",1.3879438390945678,0.12066008605122858,1.1514500704341597,1.6244376077549758,FALSE,0.6131516728686606,NA,NA,NA,25,828,0.5
B,+ (1|variant): captures phi,0.87403849051104,0.23424230660500803,0.41492356956522425,1.3331534114568557,TRUE,1.1903361488611497,NA,NA,NA,25,828,0.5
C,+ (1|judge): captures lambda,0.6242196746985292,0.301976439173838,0.032345853917806755,1.2160934954792517,TRUE,1.5345369368272117,NA,NA,NA,25,828,0.5
D,+ (1|temp): captures tau,0.7178013499584082,0.33503443470571126,0.061133857935214087,1.3744688419816022,TRUE,1.70252592080197,NA,NA,NA,25,828,0.5
E,+ interactions: lumps eps into residual,0.7178013499584082,0.3312168366075724,0.06861635020756629,1.36698634970925,TRUE,1.6831262441000967,NA,NA,0.20517764775214603,25,828,0.5
F,+ (1|item:variant:judge:temp): splits eps/rho,0.717801349958408,0.3293349288761711,0.07230488936111268,1.3632978105557034,TRUE,1.673563057867963,0.038083405447681504,0.09809654087861475,NA,25,828,0.5
A,"1 obs/item, naive SE",0.8894272558649535,0.10352646357297157,0.6865153872619293,1.0923391244679779,FALSE,0.5260846929861578,NA,NA,NA,25,829,0.5
B,+ (1|variant): captures phi,0.44830650424910123,0.2461660064414448,-0.034178868376130545,0.9307918768743331,TRUE,1.2509281535642705,NA,NA,NA,25,829,0.5
C,+ (1|judge): captures lambda,0.33417026045907944,0.307572244295796,-0.26867133836068074,0.9370118592788397,TRUE,1.562972829622107,NA,NA,NA,25,829,0.5
D,+ (1|temp): captures tau,0.4508092926818257,0.2824957874518149,-0.10288245072373159,1.004501036087383,TRUE,1.435543188498051,NA,NA,NA,25,829,0.5
E,+ interactions: lumps eps into residual,0.4508092926818257,0.2690436157519023,-0.07651619419190281,0.9781347795555542,TRUE,1.36718403302707,NA,NA,0.21750018092852555,25,829,0.5
F,+ (1|item:variant:judge:temp): splits eps/rho,0.4508092926818257,0.26646948917516095,-0.07147090610148976,0.9730894914651411,TRUE,1.354103236648104,0.04280427508610977,0.10318559363209188,NA,25,829,0.5
A,"1 obs/item, naive SE",0.7686263332986707,0.06832335406739211,0.6347125593265821,0.9025401072707593,FALSE,0.34719500220340443,NA,NA,NA,25,830,0.5
B,+ (1|variant): captures phi,0.2827000527389173,0.19124052911267705,-0.09213138432192974,0.6575314897997644,TRUE,0.9718163991358413,NA,NA,NA,25,830,0.5
C,+ (1|judge): captures lambda,0.1444995520321554,0.22823916234660183,-0.30284920616718414,0.591848310231495,TRUE,1.1598303033493964,NA,NA,NA,25,830,0.5
D,+ (1|temp): captures tau,0.3328628282689205,0.2382292012968692,-0.13406640627294314,0.7997920628107842,TRUE,1.2105961306817161,NA,NA,NA,25,830,0.5
E,+ interactions: lumps eps into residual,0.3328628282689205,0.23109328732163212,-0.12008001488147846,0.7858056714193195,TRUE,1.174333952072745,NA,NA,0.2082108826245886,25,830,0.5
F,+ (1|item:variant:judge:temp): splits eps/rho,0.3328628282689204,0.22844886628328348,-0.11489694964631525,0.780622606184156,TRUE,1.1608959442236197,0.035517922705440554,0.10385168217937767,NA,25,830,0.5
A,"1 obs/item, naive SE",0.3255927961994358,0.11990531729853364,0.0905783742943099,0.5606072181045617,TRUE,0.6093162063238463,NA,NA,NA,25,831,0.5
B,+ (1|variant): captures phi,0.3056073954585887,0.14944872686173724,0.012687890809583713,0.5985269001075937,TRUE,0.7594453135435393,NA,NA,NA,25,831,0.5
C,+ (1|judge): captures lambda,0.29199420653779107,0.22100519156329623,-0.14117596892626955,0.7251643820018516,TRUE,1.1230698348927133,NA,NA,NA,25,831,0.5
D,+ (1|temp): captures tau,0.5711107031012508,0.19700862229860022,0.18497380339599434,0.9572476028065072,TRUE,1.0011277986379894,NA,NA,NA,25,831,0.5
E,+ interactions: lumps eps into residual,0.5711107031012508,0.1873648386554912,0.20387561933648807,0.9383457868660134,TRUE,0.9521215177122058,NA,NA,0.21908726026530226,25,831,0.5
F,+ (1|item:variant:judge:temp): splits eps/rho,0.5711107031012509,0.183487988472609,0.21147424569493728,0.9307471605075646,TRUE,0.9324207429747656,0.040359976322080215,0.10134128910232204,NA,25,831,0.5
A,"1 obs/item, naive SE",0.5910628345885405,0.1404708656312502,0.31573993795129013,0.8663857312257908,TRUE,0.7138230136396699,NA,NA,NA,25,832,0.5
B,+ (1|variant): captures phi,0.6120955159175652,0.16081090989668673,0.2969061325200592,0.9272848993150711,TRUE,0.8171838894331779,NA,NA,NA,25,832,0.5
C,+ (1|judge): captures lambda,0.5143493860904649,0.22392824171836603,0.07545003232246744,0.9532487398584624,TRUE,1.1379237368839576,NA,NA,NA,25,832,0.5
D,+ (1|temp): captures tau,0.6334593262885457,0.22217364374359264,0.19799898455110415,1.0689196680259874,TRUE,1.1290074935871683,NA,NA,NA,25,832,0.5
E,+ interactions: lumps eps into residual,0.6334593262885457,0.2080305756504554,0.22571939801365315,1.0411992545634383,TRUE,1.057137448200986,NA,NA,0.20368301478996437,25,832,0.5
F,+ (1|item:variant:judge:temp): splits eps/rho,0.633459326288546,0.20499930738828753,0.23166068380750238,1.0352579687695895,TRUE,1.041733620251843,0.03166867801623494,0.10147021712989036,NA,25,832,0.5
A,"1 obs/item, naive SE",0.8587957739701789,0.11537443472848172,0.6326618819023547,1.084929666038003,FALSE,0.586291871447943,NA,NA,NA,25,833,0.5
B,+ (1|variant): captures phi,0.6915073149120914,0.14947965621126094,0.39852718873801996,0.9844874410861628,TRUE,0.7596024855050538,NA,NA,NA,25,833,0.5
C,+ (1|judge): captures lambda,0.5984143724638663,0.2554574689129055,0.09771773339457157,1.099111011533161,TRUE,1.2981440635160808,NA,NA,NA,25,833,0.5
D,+ (1|temp): captures tau,0.4725193883267024,0.22639561309306136,0.028783986664302152,0.9162547899891027,TRUE,1.1504620412685604,NA,NA,NA,25,833,0.5
E,+ interactions: lumps eps into residual,0.4725193883267024,0.2117280068335116,0.05753249493301971,0.8875062817203851,TRUE,1.0759264793495724,NA,NA,0.2159283269404517,25,833,0.5
F,+ (1|item:variant:judge:temp): splits eps/rho,0.4725193883267025,0.20860434657903654,0.06365486903179085,0.8813839076216141,TRUE,1.0600531481330544,0.04117895167264567,0.10146780229807219,NA,25,833,0.5
A,"1 obs/item, naive SE",-0.11703052054234617,0.11222906201037897,-0.33699948208268893,0.1029384409979966,FALSE,0.5703082052082113,NA,NA,NA,25,834,0.5
B,+ (1|variant): captures phi,-0.002418523939869061,0.11475744380122548,-0.22734311379027097,0.22250606591053287,FALSE,0.5831565428436577,NA,NA,NA,25,834,0.5
C,+ (1|judge): captures lambda,0.40314731342823246,0.2527414738503061,-0.09222597531836746,0.8985206021748324,TRUE,1.2843423419142181,NA,NA,NA,25,834,0.5
D,+ (1|temp): captures tau,0.6051342715158762,0.20755834804145554,0.19831990935462335,1.011948633677129,TRUE,1.0547377553289778,NA,NA,NA,25,834,0.5
E,+ interactions: lumps eps into residual,0.6051342715158762,0.1909252636206019,0.23092075481949648,0.9793477882122559,TRUE,0.9702143319553026,NA,NA,0.20567501630004026,25,834,0.5
F,+ (1|item:variant:judge:temp): splits eps/rho,0.605134271515876,0.18780934981380662,0.237027945880815,0.9732405971509369,TRUE,0.954380365432687,0.04064158787498017,0.10009976992754309,NA,25,834,0.5
A,"1 obs/item, naive SE",0.17810163967094556,0.1050548134942065,-0.027805794777699205,0.3840090741195903,FALSE,0.5338512240868899,NA,NA,NA,25,835,0.5
B,+ (1|variant): captures phi,0.3424533289480726,0.19823026199631133,-0.04607798456469758,0.7309846424608428,TRUE,1.007335737392287,NA,NA,NA,25,835,0.5
C,+ (1|judge): captures lambda,0.6117273966731307,0.24685446064209887,0.1278926538146169,1.0955621395316446,TRUE,1.254426633124821,NA,NA,NA,25,835,0.5
D,+ (1|temp): captures tau,0.5684731876897579,0.25002856820547026,0.07841719400703617,1.0585291813724795,TRUE,1.2705563196354035,NA,NA,NA,25,835,0.5
E,+ interactions: lumps eps into residual,0.5684731876897579,0.23618891674013823,0.10554291087908696,1.0314034645004289,TRUE,1.200228129712808,NA,NA,0.23367914099679674,25,835,0.5
F,+ (1|item:variant:judge:temp): splits eps/rho,0.568473187689758,0.23268601007404294,0.11240860794463381,1.0245377674348821,TRUE,1.1824276030224223,0.04085315842645273,0.10230215285665706,NA,25,835,0.5
A,"1 obs/item, naive SE",-0.4709325579111507,0.11968206002470697,-0.7055093955595764,-0.23635572026272503,FALSE,0.6081816922073157,NA,NA,NA,25,836,0.5
B,+ (1|variant): captures phi,0.10742921393151675,0.21598657857555817,-0.31590448007657723,0.5307629079396108,TRUE,1.0975670273809939,NA,NA,NA,25,836,0.5
C,+ (1|judge): captures lambda,0.4585722703407598,0.26722295319024897,-0.06518471791212815,0.9823292585936478,TRUE,1.3579320729801236,NA,NA,NA,25,836,0.5
D,+ (1|temp): captures tau,0.5855518226978019,0.2978804397999238,0.0017061606899513304,1.1693974847056525,TRUE,1.5137225237899279,NA,NA,NA,25,836,0.5
E,+ interactions: lumps eps into residual,0.5855518226978019,0.29286841173702716,0.011529735693228682,1.1595739097023752,TRUE,1.4882531785258695,NA,NA,0.20164981445908792,25,836,0.5
F,+ (1|item:variant:judge:temp): splits eps/rho,0.5855518226978019,0.29092952867578864,0.015329946493256252,1.1557736989023475,TRUE,1.4784004639174084,0.03946648366203786,0.1006174835480833,NA,25,836,0.5
A,"1 obs/item, naive SE",0.4833244747570738,0.1281200106399528,0.2322092539027663,0.7344396956113812,TRUE,0.6510603582570358,NA,NA,NA,25,837,0.5
B,+ (1|variant): captures phi,0.1279493328621644,0.18931597494945834,-0.24310997803877396,0.4990086437631027,FALSE,0.962036498894407,NA,NA,NA,25,837,0.5
C,+ (1|judge): captures lambda,0.3302832224928323,0.2651557769602604,-0.18942210034927803,0.8499885453349427,TRUE,1.3474274180854329,NA,NA,NA,25,837,0.5
D,+ (1|temp): captures tau,0.3653033979896147,0.2963878685072025,-0.21561682428450218,0.9462236202637315,TRUE,1.5061378069630291,NA,NA,NA,25,837,0.5
E,+ interactions: lumps eps into residual,0.3653033979896147,0.2898777046185309,-0.20285690306270582,0.9334636990419352,TRUE,1.4730554678928136,NA,NA,0.2100611083020153,25,837,0.5
F,+ (1|item:variant:judge:temp): splits eps/rho,0.36530339798961475,0.28756542676917246,-0.19832483847796323,0.9289316344571927,TRUE,1.461305293681357,0.0366978001326941,0.10036563125796098,NA,25,837,0.5
A,"1 obs/item, naive SE",0.8239489034804677,0.12212756471987467,0.5845788766295134,1.063318930331422,FALSE,0.6206088778983122,NA,NA,NA,25,838,0.5
B,+ (1|variant): captures phi,0.7013306861757851,0.1768107391516147,0.3547816374386203,1.0478797349129498,TRUE,0.8984893351222092,NA,NA,NA,25,838,0.5
C,+ (1|judge): captures lambda,0.3120731017838952,0.24167610128724257,-0.16161205673910023,0.7857582603068907,TRUE,1.2281120513517136,NA,NA,NA,25,838,0.5
D,+ (1|temp): captures tau,0.3929417753179905,0.19080397584705097,0.018965982657770608,0.7669175679782104,TRUE,0.9695979905976503,NA,NA,NA,25,838,0.5
E,+ interactions: lumps eps into residual,0.3929417753179905,0.1867944506390243,0.026824652065502885,0.7590588985704781,TRUE,0.9492230085371632,NA,NA,0.22009197713082337,25,838,0.5
F,+ (1|item:variant:judge:temp): splits eps/rho,0.3929417753179905,0.1838940091409487,0.03250951740173108,0.75337403323425,TRUE,0.9344839957053003,0.04424913111941112,0.10049824362296186,NA,25,838,0.5
A,"1 obs/item, naive SE",0.6886078499970284,0.12720285312242335,0.43929025787707865,0.9379254421169781,TRUE,0.6463996897247882,NA,NA,NA,25,839,0.5
B,+ (1|variant): captures phi,0.8939218391702869,0.14847403819613958,0.6029127243058533,1.1849309540347206,FALSE,0.7544922921642606,NA,NA,NA,25,839,0.5
C,+ (1|judge): captures lambda,0.6059836039869546,0.2051214648741188,0.20394553283368178,1.0080216751402276,TRUE,1.0423543811781952,NA,NA,NA,25,839,0.5
D,+ (1|temp): captures tau,0.4813940868325353,0.3119507159020983,-0.1300293163355773,1.092817490000648,TRUE,1.5852226661494266,NA,NA,NA,25,839,0.5
E,+ interactions: lumps eps into residual,0.4813940868325353,0.3056368636205063,-0.11765416586365701,1.0804423395287277,TRUE,1.5531379128942362,NA,NA,0.2094940845960677,25,839,0.5
F,+ (1|item:variant:judge:temp): splits eps/rho,0.4813940868325352,0.30357640928506374,-0.11361567536618972,1.0764038490312602,TRUE,1.542667416278564,0.04235170966459763,0.09887752894957538,NA,25,839,0.5
A,"1 obs/item, naive SE",-0.10162188829264822,0.1176966455544383,-0.3323073135793473,0.12906353699405088,FALSE,0.5980925215161392,NA,NA,NA,25,840,0.5
B,+ (1|variant): captures phi,0.29028714966606645,0.2009191653680111,-0.10351441445523529,0.6840887137873681,TRUE,1.0209997886498,NA,NA,NA,25,840,0.5
C,+ (1|judge): captures lambda,0.663263661725977,0.2575117292776922,0.15854067234170022,1.1679866511102537,TRUE,1.308583084574312,NA,NA,NA,25,840,0.5
D,+ (1|temp): captures tau,0.7995323673079696,0.21562302826316046,0.3769112319121751,1.222153502703764,TRUE,1.0957195939047413,NA,NA,NA,25,840,0.5
E,+ interactions: lumps eps into residual,0.7995323673079696,0.1963688701028699,0.4146493819063446,1.1844153527095946,TRUE,0.9978768053570223,NA,NA,0.20784764466271113,25,840,0.5
F,+ (1|item:variant:judge:temp): splits eps/rho,0.7995323673079696,0.19321182805142298,0.4208371843271806,1.1782275502887587,TRUE,0.9818338397126953,0.04196834028711832,0.10038973981502805,NA,25,840,0.5
A,"1 obs/item, naive SE",0.1841157917185884,0.14006150879758691,-0.09040476552468193,0.4586363489618588,FALSE,0.7117428077026852,NA,NA,NA,25,841,0.5
B,+ (1|variant): captures phi,0.3918486726984275,0.1284583678058608,0.14007027179894033,0.6436270735979146,TRUE,0.6527797691168583,NA,NA,NA,25,841,0.5
C,+ (1|judge): captures lambda,0.5413636014712726,0.14637517144326478,0.25446826544247364,0.8282589375000715,TRUE,0.7438265972955598,NA,NA,NA,25,841,0.5
D,+ (1|temp): captures tau,0.33159039661391665,0.24104791578964863,-0.14086351833379462,0.8040443115616279,TRUE,1.224919835919694,NA,NA,NA,25,841,0.5
E,+ interactions: lumps eps into residual,0.33159039661391665,0.23203947734951974,-0.12320697899114202,0.7863877722189754,TRUE,1.1791421535040338,NA,NA,0.21456230772310617,25,841,0.5
F,+ (1|item:variant:judge:temp): splits eps/rho,0.3315903966139166,0.22891949969268705,-0.11709182278375002,0.7802726160115832,TRUE,1.1632875359398824,0.03694344685326251,0.09998781260228093,NA,25,841,0.5
A,"1 obs/item, naive SE",0.850237503605553,0.1245939745662051,0.6060333134557909,1.094441693755315,FALSE,0.6331422961375067,NA,NA,NA,25,842,0.5
B,+ (1|variant): captures phi,0.675191250894218,0.1467843356117217,0.38749395309524354,0.9628885486931926,TRUE,0.7459058241764419,NA,NA,NA,25,842,0.5
C,+ (1|judge): captures lambda,0.5757564762994516,0.14676873274468494,0.28808976011986914,0.8634231924790341,TRUE,0.7458265359516592,NA,NA,NA,25,842,0.5
D,+ (1|temp): captures tau,0.6839423727493783,0.22610975163300884,0.240767259548681,1.1271174859500757,TRUE,1.1490093949281173,NA,NA,NA,25,842,0.5
E,+ interactions: lumps eps into residual,0.6839423727493783,0.2132257237529349,0.26601995419362595,1.1018647913051307,TRUE,1.0835373444225362,NA,NA,0.20885021164142287,25,842,0.5
F,+ (1|item:variant:judge:temp): splits eps/rho,0.6839423727493783,0.21021341161116572,0.2719240859914935,1.095960659507263,TRUE,1.0682298447399636,0.03857601052814789,0.10062274662282548,NA,25,842,0.5
A,"1 obs/item, naive SE",0.13375106646363458,0.12807331019796073,-0.11727262152436843,0.38477475445163756,FALSE,0.6508230432088848,NA,NA,NA,25,843,0.5
B,+ (1|variant): captures phi,0.16563782563384508,0.18463647680903786,-0.1962496689118691,0.5275253201795592,TRUE,0.938256952510142,NA,NA,NA,25,843,0.5
C,+ (1|judge): captures lambda,0.2753044532357584,0.2722714973475822,-0.25834768156550275,0.8089565880370195,TRUE,1.3835869800577294,NA,NA,NA,25,843,0.5
D,+ (1|temp): captures tau,0.553605612686445,0.291045916694047,-0.016844384033887105,1.1240556094067773,TRUE,1.478991906460112,NA,NA,NA,25,843,0.5
E,+ interactions: lumps eps into residual,0.553605612686445,0.27480818873471197,0.014981562766409606,1.0922296626064805,TRUE,1.3964775441081294,NA,NA,0.21942766416204154,25,843,0.5
F,+ (1|item:variant:judge:temp): splits eps/rho,0.5536056126864451,0.27218154284960155,0.02012978870122606,1.0870814366716641,TRUE,1.3831298632701987,0.04207590976712388,0.10009540474769281,NA,25,843,0.5
A,"1 obs/item, naive SE",0.5268794663776436,0.12335138146905304,0.2851107586982996,0.7686481740569876,TRUE,0.6268278796544092,NA,NA,NA,25,844,0.5
B,+ (1|variant): captures phi,0.37369741743871837,0.186497681281287,0.008161962127395894,0.7392328727500408,TRUE,0.9477149321375199,NA,NA,NA,25,844,0.5
C,+ (1|judge): captures lambda,0.24156377469073279,0.21266050013520799,-0.1752508055742749,0.6583783549557405,TRUE,1.0806650788863839,NA,NA,NA,25,844,0.5
D,+ (1|temp): captures tau,0.5741280422649425,0.27785567242330467,0.029530924315265383,1.1187251602146198,TRUE,1.4119637730911523,NA,NA,NA,25,844,0.5
E,+ interactions: lumps eps into residual,0.5741280422649425,0.271170995608262,0.04263289087274902,1.1056231936571361,TRUE,1.3779946213536873,NA,NA,0.21847722327823163,25,844,0.5
F,+ (1|item:variant:judge:temp): splits eps/rho,0.5741280422649424,0.2685098192871244,0.047848796462178544,1.1004072880677063,TRUE,1.3644714691125128,0.04358486255981477,0.10031973547988303,NA,25,844,0.5
A,"1 obs/item, naive SE",0.3287226670733558,0.12690328854193136,0.07999222153117033,0.5774531126155412,TRUE,0.6448774089965706,NA,NA,NA,25,845,0.5
B,+ (1|variant): captures phi,0.6536072374128117,0.3043341191475484,0.057112363883616846,1.2501021109420065,TRUE,1.5465178284980141,NA,NA,NA,25,845,0.5
C,+ (1|judge): captures lambda,0.611621177986001,0.2631837590974436,0.0957810101550115,1.1274613458169904,TRUE,1.3374063241919676,NA,NA,NA,25,845,0.5
D,+ (1|temp): captures tau,0.6480384563278928,0.28558535015269754,0.08829117002860565,1.20778574262718,TRUE,1.4512432480660054,NA,NA,NA,25,845,0.5
E,+ interactions: lumps eps into residual,0.6480384563278928,0.2740011940937401,0.11099611590416225,1.1850807967516235,TRUE,1.3923766841609726,NA,NA,0.2048594871181565,25,845,0.5
F,+ (1|item:variant:judge:temp): splits eps/rho,0.6480384563278928,0.2716572134962603,0.11559031787522256,1.1804865947805632,TRUE,1.380465407851206,0.0390518265696744,0.09630651034181552,NA,25,845,0.5
A,"1 obs/item, naive SE",0.43536988951533623,0.11804459283921043,0.2040024875504838,0.6667372914801887,TRUE,0.599860665951554,NA,NA,NA,25,846,0.5
B,+ (1|variant): captures phi,0.15498120846308777,0.13555748401313297,-0.11071146020265282,0.42067387712882837,FALSE,0.6888549545475223,NA,NA,NA,25,846,0.5
C,+ (1|judge): captures lambda,0.12646647843099867,0.16567128627774308,-0.19824924267337773,0.4511821995353751,FALSE,0.8418825947494558,NA,NA,NA,25,846,0.5
D,+ (1|temp): captures tau,0.44869121671362844,0.2152287875168696,0.02684279318056404,0.8705396402466928,TRUE,1.093716202551294,NA,NA,NA,25,846,0.5
E,+ interactions: lumps eps into residual,0.44869121671362844,0.20650567223955116,0.04394009912410818,0.8534423343031488,TRUE,1.049388431040812,NA,NA,0.20553519183908697,25,846,0.5
F,+ (1|item:variant:judge:temp): splits eps/rho,0.4486912167136284,0.20412931310494925,0.04859776302792784,0.8487846703993289,TRUE,1.0373126185132189,0.035310216130879736,0.10109798477536076,NA,25,846,0.5
A,"1 obs/item, naive SE",-0.007312730824152518,0.12312959310535117,-0.2486467333106408,0.23402127166233577,FALSE,0.6257008300170597,NA,NA,NA,25,847,0.5
B,+ (1|variant): captures phi,-0.030486021352759917,0.13812645493159956,-0.301213873018695,0.2402418303131752,FALSE,0.7019095517035359,NA,NA,NA,25,847,0.5
C,+ (1|judge): captures lambda,0.12952952013997232,0.15853348539455106,-0.18119611123334778,0.4402551515132924,FALSE,0.8056108275448938,NA,NA,NA,25,847,0.5
D,+ (1|temp): captures tau,0.28826770300677346,0.1471464566102187,-1.3935194925518424e-4,0.5766747579628021,TRUE,0.7477459943874514,NA,NA,NA,25,847,0.5
E,+ interactions: lumps eps into residual,0.28826770300677346,0.13836266839610398,0.01707687295040966,0.5594585330631372,TRUE,0.7031099045762621,NA,NA,0.20443693440406066,25,847,0.5
F,+ (1|item:variant:judge:temp): splits eps/rho,0.2882677030067732,0.13719012670397374,0.019375054666984637,0.5571603513465617,TRUE,0.6971514644361426,0.050414350579220384,0.09939448839461991,NA,25,847,0.5
A,"1 obs/item, naive SE",1.1031502261238244,0.15192704554682787,0.8053732168520418,1.400927235395607,FALSE,0.7720392482687293,NA,NA,NA,25,848,0.5
B,+ (1|variant): captures phi,1.0808863487261036,0.2845230275406602,0.5232212147464096,1.6385514827057976,FALSE,1.445844902117368,NA,NA,NA,25,848,0.5
C,+ (1|judge): captures lambda,0.6178011978202146,0.3606054915722221,-0.08898556566134075,1.32458796130177,TRUE,1.8324689434520947,NA,NA,NA,25,848,0.5
D,+ (1|temp): captures tau,0.5267614369092487,0.3388937724290718,-0.13747035705173205,1.1909932308702293,TRUE,1.7221377034443177,NA,NA,NA,25,848,0.5
E,+ interactions: lumps eps into residual,0.5267614369092487,0.3340309315293822,-0.12793918888834033,1.1814620627068377,TRUE,1.6974264743202732,NA,NA,0.20201465286840198,25,848,0.5
F,+ (1|item:variant:judge:temp): splits eps/rho,0.5267614369092487,0.3326497790882833,-0.12523213010378653,1.178755003922284,TRUE,1.6904079484973522,0.04217650494395673,0.09833626456605317,NA,25,848,0.5
A,"1 obs/item, naive SE",1.0139179123725204,0.09323465695967684,0.8311779847315538,1.196657840013487,FALSE,0.47378538964318495,NA,NA,NA,25,849,0.5
B,+ (1|variant): captures phi,0.751409660886349,0.19016433048664236,0.37868757313253,1.1241317486401678,TRUE,0.9663475402158173,NA,NA,NA,25,849,0.5
C,+ (1|judge): captures lambda,0.48059479590152376,0.24217158886885817,0.005938481718561761,0.9552511100844858,TRUE,1.2306299431376044,NA,NA,NA,25,849,0.5
D,+ (1|temp): captures tau,0.7303213845525375,0.3146594913347203,0.11358878153648566,1.3470539875685894,TRUE,1.5989877001577115,NA,NA,NA,25,849,0.5
E,+ interactions: lumps eps into residual,0.7303213845525375,0.3059597885136365,0.13064019906581004,1.330002570039265,TRUE,1.554778902428668,NA,NA,0.22206486537325934,25,849,0.5
F,+ (1|item:variant:judge:temp): splits eps/rho,0.7303213845525375,0.30371063013987454,0.1350485494783834,1.3255942196266917,TRUE,1.5433494789585638,0.04598407534585152,0.10167462450722957,NA,25,849,0.5
A,"1 obs/item, naive SE",0.27660498733520444,0.09023663908292533,0.0997411747326708,0.4534687999377381,FALSE,0.4585505283350314,NA,NA,NA,25,850,0.5
B,+ (1|variant): captures phi,0.68358887096970955,0.17142550040309648,0.34759489017964046,1.0195828517597787,TRUE,0.871123465798619,NA,NA,NA,25,850,0.5
C,+ (1|judge): captures lambda,0.9189189054938348,0.20492886979248495,0.5172583207005643,1.3205794902871053,FALSE,1.0413756814245754,NA,NA,NA,25,850,0.5
D,+ (1|temp): captures tau,0.6786091993845909,0.2173649642064827,0.25257386953988475,1.104644529229297,TRUE,1.1045714932579758,NA,NA,NA,25,850,0.5
E,+ interactions: lumps eps into residual,0.6786091993845909,0.19840124005895216,0.28974276886904465,1.0674756299001371,TRUE,1.008204587138404,NA,NA,0.2074841001851138,25,850,0.5
F,+ (1|item:variant:judge:temp): splits eps/rho,0.6786091993845909,0.19531237296200682,0.2957969483790575,1.0614214503901243,TRUE,0.9925080623824306,0.040895818777682946,0.10014885193502271,NA,25,850,0.5
A,"1 obs/item, naive SE",0.6139846425290364,0.10341936927765796,0.4112826787448268,0.816686606313246,TRUE,0.5255404778403278,NA,NA,NA,25,851,0.5
B,+ (1|variant): captures phi,0.339114416853109,0.18671226465181057,-0.026841621864439724,0.7050704555706577,TRUE,0.9488053685603023,NA,NA,NA,25,851,0.5
C,+ (1|judge): captures lambda,0.6084160734110062,0.21399284067694835,0.18899010568418745,1.027842041137825,TRUE,1.0874355599852619,NA,NA,NA,25,851,0.5
D,+ (1|temp): captures tau,0.3934236148029689,0.19670351783134818,0.007884719853526456,0.7789625097524113,TRUE,0.9995773661742178,NA,NA,NA,25,851,0.5
E,+ interactions: lumps eps into residual,0.3934236148029689,0.185520910634363,0.02980262995961741,0.7570445996463204,TRUE,0.9427513308691089,NA,NA,0.21359726828623846,25,851,0.5
F,+ (1|item:variant:judge:temp): splits eps/rho,0.3934236148029689,0.18197993907860974,0.036742934208893796,0.750104295397044,TRUE,0.9247573719383267,0.043589971438930245,0.09985051793602852,NA,25,851,0.5
A,"1 obs/item, naive SE",1.4392278755714907,0.10473341680919904,1.2339503786254606,1.6445053725175207,FALSE,0.5322180003629892,NA,NA,NA,25,852,0.5
B,+ (1|variant): captures phi,1.0238666241156615,0.20716459120401987,0.6178240253557826,1.4299092228755406,FALSE,1.052736823028344,NA,NA,NA,25,852,0.5
C,+ (1|judge): captures lambda,0.8980144572248084,0.23359115616758336,0.4401757911363451,1.3558531233132718,TRUE,1.1870272337670018,NA,NA,NA,25,852,0.5
D,+ (1|temp): captures tau,0.6279932179429032,0.2437343108075249,0.15027396876015442,1.105712467125652,TRUE,1.2385711406145832,NA,NA,NA,25,852,0.5
E,+ interactions: lumps eps into residual,0.6279932179429032,0.23940329914279504,0.15876275162302494,1.0972236842627814,TRUE,1.216562478642344,NA,NA,0.20517764560221316,25,852,0.5
F,+ (1|item:variant:judge:temp): splits eps/rho,0.6279932179429034,0.23804961311117598,0.16141597624499848,1.0945704596408083,TRUE,1.2096835273504165,0.040533907334167237,0.10153038106451921,NA,25,852,0.5
A,"1 obs/item, naive SE",0.17977191098194564,0.10552527912894512,-0.027057636110786792,0.38660145807467805,FALSE,0.5362419632319352,NA,NA,NA,25,853,0.5
B,+ (1|variant): captures phi,0.012371053484103509,0.11377326109766217,-0.21062453826731434,0.23536664523552134,FALSE,0.5781552761377643,NA,NA,NA,25,853,0.5
C,+ (1|judge): captures lambda,0.317395604897149,0.1854086382438312,-0.04600532606076013,0.6807965358550582,TRUE,0.9421808024837545,NA,NA,NA,25,853,0.5
D,+ (1|temp): captures tau,0.4736172558841911,0.2207458064500053,0.04095547524218074,0.9062790365262015,TRUE,1.1217517319364132,NA,NA,NA,25,853,0.5
E,+ interactions: lumps eps into residual,0.4736172558841911,0.20522396118587868,0.07137829195986889,0.8758562198085134,TRUE,1.042875231005799,NA,NA,0.20649252921737613,25,853,0.5
F,+ (1|item:variant:judge:temp): splits eps/rho,0.473617255884191,0.20288591085670002,0.07596087060505896,0.8712736411633231,TRUE,1.0309940902118302,0.041866657488190816,0.09748764351643868,NA,25,853,0.5
A,"1 obs/item, naive SE",0.9404946096418959,0.1096073707799918,0.725664162913112,1.1553250563706798,FALSE,0.5569857021646241,NA,NA,NA,25,854,0.5
B,+ (1|variant): captures phi,0.9126163090384056,0.1278541311088104,0.6620222120651373,1.163210406011674,FALSE,0.64970925297743,NA,NA,NA,25,854,0.5
C,+ (1|judge): captures lambda,0.8029655633761648,0.21964866278215267,0.37245418432314553,1.233476942429184,TRUE,1.1161764377580592,NA,NA,NA,25,854,0.5
D,+ (1|temp): captures tau,0.6546761961181796,0.2633124919219164,0.13858371195122343,1.1707686802851358,TRUE,1.3380604986523197,NA,NA,NA,25,854,0.5
E,+ interactions: lumps eps into residual,0.6546761961181796,0.2542264663259725,0.1563923221192735,1.1529600701170857,TRUE,1.2918885458864717,NA,NA,0.19713686202629432,25,854,0.5
F,+ (1|item:variant:judge:temp): splits eps/rho,0.6546761961181797,0.2521083935407264,0.16054374477835603,1.1488086474580035,TRUE,1.281125252787378,0.03852675164155528,0.09998097546859058,NA,25,854,0.5
A,"1 obs/item, naive SE",0.6782493225861501,0.12517658315702843,0.4329032195983744,0.9235954255739258,TRUE,0.6361029059280492,NA,NA,NA,25,855,0.5
B,+ (1|variant): captures phi,0.4317012431699821,0.19744844673237752,0.04470228757452216,0.8187001987654421,TRUE,1.0033628300901014,NA,NA,NA,25,855,0.5
C,+ (1|judge): captures lambda,0.37501457625765156,0.19606584660606785,-0.009274483090241425,0.7593036356055445,TRUE,0.9963369476454689,NA,NA,NA,25,855,0.5
D,+ (1|temp): captures tau,0.2818439780398201,0.2073484343086722,-0.1245589532051774,0.6882469092848176,TRUE,1.0536710483455305,NA,NA,NA,25,855,0.5
E,+ interactions: lumps eps into residual,0.2818439780398201,0.1981798262485626,-0.1065884814073626,0.6702764374870027,TRUE,1.0070794408478656,NA,NA,0.2135335995990143,25,855,0.5
F,+ (1|item:variant:judge:temp): splits eps/rho,0.2818439780398201,0.19465375580524347,-0.0996773833384571,0.6633653394180973,TRUE,0.98916120407439,0.04054250839563167,0.0980639891547093,NA,25,855,0.5
A,"1 obs/item, naive SE",0.28198863948205405,0.12905233085537313,0.0290460710055227,0.5349312079585854,TRUE,0.6557980782309096,NA,NA,NA,25,856,0.5
B,+ (1|variant): captures phi,0.5379952025712988,0.20355491957370217,0.1390275602068426,0.9369628449357551,TRUE,1.0343937547356847,NA,NA,NA,25,856,0.5
C,+ (1|judge): captures lambda,0.3551298997358825,0.21345653479701027,-0.06324490846625763,0.7735047079380226,TRUE,1.084710244114745,NA,NA,NA,25,856,0.5
D,+ (1|temp): captures tau,0.5337660103884202,0.2643152522638651,0.01570811595124466,1.0518239048255957,TRUE,1.3431561703137103,NA,NA,NA,25,856,0.5
E,+ interactions: lumps eps into residual,0.5337660103884202,0.25819532918787075,0.027703165180193556,1.0398288555966468,TRUE,1.3120568963559551,NA,NA,0.20633231094366264,25,856,0.5
F,+ (1|item:variant:judge:temp): splits eps/rho,0.5337660103884201,0.2557376378499341,0.03252024020254929,1.0350117805742909,TRUE,1.2995677824777263,0.03712967932654293,0.10057756943243756,NA,25,856,0.5
A,"1 obs/item, naive SE",0.261826740966329,0.14366779154051515,-0.019762130453080673,0.5434156123857388,TRUE,0.7300686548740938,NA,NA,NA,25,857,0.5
B,+ (1|variant): captures phi,0.036562978370385045,0.16588204636941503,-0.2885658325136684,0.36169178925443846,FALSE,0.8429536026279663,NA,NA,NA,25,857,0.5
C,+ (1|judge): captures lambda,0.09572315943639814,0.21458146154980928,-0.32485650520122805,0.5163028240740244,TRUE,1.0904267220562622,NA,NA,NA,25,857,0.5
D,+ (1|temp): captures tau,0.28652331937344366,0.2129127522715955,-0.1307856750788835,0.7038323138257708,TRUE,1.08194693458923,NA,NA,NA,25,857,0.5
E,+ interactions: lumps eps into residual,0.28652331937344366,0.20102645784783174,-0.10748853800830654,0.6805351767551939,TRUE,1.0215450108988569,NA,NA,0.2165113266942203,25,857,0.5
F,+ (1|item:variant:judge:temp): splits eps/rho,0.2865233193734438,0.19762892488110267,-0.10082937339351744,0.673876012140405,TRUE,1.0042799558972229,0.042182102449264645,0.10011847181230242,NA,25,857,0.5
A,"1 obs/item, naive SE",0.6568053128936376,0.10115278357275195,0.4585458570910438,0.8550647686962315,TRUE,0.5140224948672901,NA,NA,NA,25,858,0.5
B,+ (1|variant): captures phi,0.8302652223341442,0.13650227471648255,0.5627207638898384,1.09780968077845,FALSE,0.69365604510885,NA,NA,NA,25,858,0.5
C,+ (1|judge): captures lambda,0.49976449104263376,0.200739992796323,0.10631410516184064,0.8932148769234269,TRUE,1.0200892973211588,NA,NA,NA,25,858,0.5
D,+ (1|temp): captures tau,0.3113630976987437,0.21121706234758178,-0.10262234450251656,0.7253485399000039,TRUE,1.0733300410695776,NA,NA,NA,25,858,0.5
E,+ interactions: lumps eps into residual,0.3113630976987437,0.1975607868629817,-0.0758560445527004,0.6985822399501878,TRUE,1.003933702706428,NA,NA,0.2173763670816405,25,858,0.5
F,+ (1|item:variant:judge:temp): splits eps/rho,0.3113630976987438,0.19402633382446266,-0.068928516597203,0.6916547119946906,TRUE,0.9859728685634491,0.04145702365004531,0.10034071927941268,NA,25,858,0.5
A,"1 obs/item, naive SE",0.09913036494760556,0.1106936122164692,-0.11782911499667408,0.3160898448918852,FALSE,0.5625055950779492,NA,NA,NA,25,859,0.5
B,+ (1|variant): captures phi,0.16841959225282732,0.12259375366777446,-0.07186416493601061,0.40870334944166525,FALSE,0.6229778844408426,NA,NA,NA,25,859,0.5
C,+ (1|judge): captures lambda,0.05231749752520759,0.14219371689207894,-0.2263821875832671,0.3310171826336823,FALSE,0.722577931419461,NA,NA,NA,25,859,0.5
D,+ (1|temp): captures tau,0.22206440531561802,0.24490366935533697,-0.25794678662084247,0.7020755972520785,TRUE,1.244513405146616,NA,NA,NA,25,859,0.5
E,+ interactions: lumps eps into residual,0.22206440531561802,0.23536348574600155,-0.23924802674654502,0.6833768373777811,TRUE,1.1960335827714301,NA,NA,0.20452157420619238,25,859,0.5
F,+ (1|item:variant:judge:temp): splits eps/rho,0.22206440531561808,0.23279025691936175,-0.23420449824633097,0.6783333088775672,TRUE,1.1829573484394063,0.037444612501350574,0.09755308433169411,NA,25,859,0.5
A,"1 obs/item, naive SE",-0.2422932756528847,0.10029270766536587,-0.4388669826770018,-0.04571956862876758,FALSE,0.5096518947901121,NA,NA,NA,25,860,0.5
B,+ (1|variant): captures phi,-0.09447580576019361,0.15919624217529896,-0.40650044042377953,0.21754882890339233,FALSE,0.80897872195073806,NA,NA,NA,25,860,0.5
C,+ (1|judge): captures lambda,0.039018498238018035,0.2088873096951593,-0.3704006287644942,0.4484376252405303,FALSE,1.0614910661197625,NA,NA,NA,25,860,0.5
D,+ (1|temp): captures tau,0.2543274551175681,0.22461883491613296,-0.1859254613180525,0.6945803715531886,TRUE,1.1414330860676034,NA,NA,NA,25,860,0.5
E,+ interactions: lumps eps into residual,0.2543274551175681,0.21248185045054752,-0.162136971765505,0.6707918820006412,TRUE,1.0797572446837749,NA,NA,0.21231704300708718,25,860,0.5
F,+ (1|item:variant:judge:temp): splits eps/rho,0.25432745511756805,0.20956223205956684,-0.15641451971918297,0.6650694299543191,TRUE,1.06492078169793,0.047835943361657134,0.10005025306900668,NA,25,860,0.5
A,"1 obs/item, naive SE",-0.5346146475540331,0.1296849041582273,-0.7887970597041587,-0.28043223540390755,FALSE,0.6590125909297687,NA,NA,NA,25,861,0.5
B,+ (1|variant): captures phi,0.1237363025817388,0.24008544065655868,-0.3468311611051162,0.5943037662685938,TRUE,1.220028879371743,NA,NA,NA,25,861,0.5
C,+ (1|judge): captures lambda,0.467418549443509,0.38134244297205666,-0.280012638781722,1.21484973766874,TRUE,1.9378467602357352,NA,NA,NA,25,861,0.5
D,+ (1|temp): captures tau,0.48308441112311734,0.2883668211313242,-0.0821145582942781,1.0482833805405127,TRUE,1.4653776950019748,NA,NA,NA,25,861,0.5
E,+ interactions: lumps eps into residual,0.48308441112311734,0.2795472306692132,-0.06482816098854055,1.0309969832347752,TRUE,1.4205596708911359,NA,NA,0.21204173160785947,25,861,0.5
F,+ (1|item:variant:judge:temp): splits eps/rho,0.48308441112311723,0.27787069129177355,-0.06154214380875894,1.0277109660549935,TRUE,1.412040093642775,0.03841011173335027,0.09985557071164047,NA,25,861,0.5
A,"1 obs/item, naive SE",0.25813037354453106,0.1132569073278276,0.03614683518198897,0.48011391190707314,FALSE,0.5755313497995078,NA,NA,NA,25,862,0.5
B,+ (1|variant): captures phi,0.37962266636402237,0.1311923622300684,0.12248563639308835,0.6367596963349564,TRUE,0.6666729570771647,NA,NA,NA,25,862,0.5
C,+ (1|judge): captures lambda,0.4076327216955886,0.25321125211607953,-0.08866133245192725,0.9039267758431044,TRUE,1.2867295880944838,NA,NA,NA,25,862,0.5
D,+ (1|temp): captures tau,0.4349052759407907,0.2084848225423957,0.026275023757695137,0.8435355281238863,TRUE,1.0594457694595198,NA,NA,NA,25,862,0.5
E,+ interactions: lumps eps into residual,0.4349052759407907,0.19704396715443712,0.048699100318093935,0.8211114515634874,TRUE,1.001307408633249,NA,NA,0.20235470056608118,25,862,0.5
F,+ (1|item:variant:judge:temp): splits eps/rho,0.43490527594079076,0.19424008104645568,0.05419471708973761,0.8156158347918439,TRUE,0.9870590559765793,0.038551759588340465,0.10070693457288098,NA,25,862,0.5
A,"1 obs/item, naive SE",0.93792408735069,0.1452469061835858,0.6532401512308619,1.2226080234705181,FALSE,0.738093154248635,NA,NA,NA,25,863,0.5
B,+ (1|variant): captures phi,0.846622061326426,0.12645760025017824,0.5987651648360767,1.0944789578167753,FALSE,0.6426125795023303,NA,NA,NA,25,863,0.5
C,+ (1|judge): captures lambda,0.8032481803969507,0.19066486913325986,0.42954503689576135,1.17695132389814,TRUE,0.9688910997188218,NA,NA,NA,25,863,0.5
D,+ (1|temp): captures tau,0.7882167179832805,0.2647445413593517,0.26931741691895117,1.3071160190476099,TRUE,1.3453376649210498,NA,NA,NA,25,863,0.5
E,+ interactions: lumps eps into residual,0.7882167179832805,0.2597413049517876,0.27912376027777686,1.2973096756887843,TRUE,1.3199129957247022,NA,NA,0.21730504882234516,25,863,0.5
F,+ (1|item:variant:judge:temp): splits eps/rho,0.7882167179832805,0.25712579980192535,0.2842501503715068,1.2921832855950544,TRUE,1.3066219281437148,0.04403474563718487,0.09894543794002049,NA,25,863,0.5
A,"1 obs/item, naive SE",0.08122769792949308,0.1282621897306293,-0.17016619394254034,0.3326215898015265,FALSE,0.6517828618632261,NA,NA,NA,25,864,0.5
B,+ (1|variant): captures phi,0.38495479617796874,0.17434780379335948,0.04323310074298414,0.7266764916129533,TRUE,0.8859735729965268,NA,NA,NA,25,864,0.5
C,+ (1|judge): captures lambda,0.2550904620069231,0.189308047613711,-0.11595331131595049,0.6261342353297967,TRUE,0.9619962149916357,NA,NA,NA,25,864,0.5
D,+ (1|temp): captures tau,0.5486322454435344,0.23910547723404846,0.07998551006479943,1.0172789808222693,TRUE,1.2150490535525642,NA,NA,NA,25,864,0.5
E,+ interactions: lumps eps into residual,0.5486322454435344,0.2328096316946411,0.09232536732203783,1.004939123565031,TRUE,1.1830558041612838,NA,NA,0.22660870159550273,25,864,0.5
F,+ (1|item:variant:judge:temp): splits eps/rho,0.5486322454435343,0.2293074071299655,0.09918972746880189,0.9980747634182667,TRUE,1.1652587436678838,0.039086487010203924,0.09831151379856769,NA,25,864,0.5
A,"1 obs/item, naive SE",1.071992780528261,0.10902148686615865,0.85831066627059,1.285674894785932,FALSE,0.5540084483466455,NA,NA,NA,25,865,0.5
B,+ (1|variant): captures phi,0.6041766643904687,0.23966134754196952,0.13444042320820843,1.073912905572729,TRUE,1.217873788892593,NA,NA,NA,25,865,0.5
C,+ (1|judge): captures lambda,0.8516003140178732,0.2529111300409728,0.35589449913756643,1.3473061288981798,TRUE,1.2852044743767763,NA,NA,NA,25,865,0.5
D,+ (1|temp): captures tau,0.5023856523600768,0.2946449443976491,-0.07511843865931545,1.0798897433794692,TRUE,1.4972808861002174,NA,NA,NA,25,865,0.5
E,+ interactions: lumps eps into residual,0.5023856523600768,0.2722427127248803,-0.031210064580688646,1.0359813693008424,TRUE,1.3834407068356545,NA,NA,0.2047713433606138,25,865,0.5
F,+ (1|item:variant:judge:temp): splits eps/rho,0.5023856523600767,0.2698831795805137,-0.02658537961773022,1.0313566843378836,TRUE,1.3714503980102224,0.032016677179025246,0.10442265018619454,NA,25,865,0.5
A,"1 obs/item, naive SE",0.2054135764252813,0.11905645893160455,-0.027937083080663616,0.4387642359312262,FALSE,0.6050026098003849,NA,NA,NA,25,866,0.5
B,+ (1|variant): captures phi,0.6170312626468043,0.17972609973390072,0.2647681071683589,0.9692944181252496,TRUE,0.9133041614375583,NA,NA,NA,25,866,0.5
C,+ (1|judge): captures lambda,0.9177180938761034,0.22921571641874727,0.4684552896953587,1.366980898056848,TRUE,1.1647928040617568,NA,NA,NA,25,866,0.5
D,+ (1|temp): captures tau,0.559246721918789,0.34384877329114644,-0.114696873731858,1.233190317569436,TRUE,1.7473172567421398,NA,NA,NA,25,866,0.5
E,+ interactions: lumps eps into residual,0.559246721918789,0.3344716030362055,-0.0963176200321737,1.2148110638697518,TRUE,1.6996658102965423,NA,NA,0.20900945788611006,25,866,0.5
F,+ (1|item:variant:judge:temp): splits eps/rho,0.5592467219187889,0.3325697166082127,-0.09258992263330801,1.2110833664708858,TRUE,1.6900010994290657,0.04252881534570761,0.09945560953147496,NA,25,866,0.5
A,"1 obs/item, naive SE",-0.013435678550879886,0.10089845140057388,-0.21119664329600468,0.18432528619424493,FALSE,0.5127300691618327,NA,NA,NA,25,867,0.5
B,+ (1|variant): captures phi,0.3720425889454661,0.14545761663077603,0.08694566034914508,0.6571395175417871,TRUE,0.7391639098515337,NA,NA,NA,25,867,0.5
C,+ (1|judge): captures lambda,0.16685421926795888,0.21443403710415057,-0.25343649345617625,0.5871449319920939,TRUE,1.089677563420332,NA,NA,NA,25,867,0.5
D,+ (1|temp): captures tau,0.36658025812633044,0.2639269441220066,-0.15071655235280257,0.8838770686054634,TRUE,1.3411829263474497,NA,NA,NA,25,867,0.5
E,+ interactions: lumps eps into residual,0.36658025812633044,0.251870494584757,-0.1270859112597933,0.8602464275124542,TRUE,1.2799163348460765,NA,NA,0.21907883505614867,25,867,0.5
F,+ (1|item:variant:judge:temp): splits eps/rho,0.3665802581263304,0.24894691462800297,-0.12135569454455541,0.8545162107972162,TRUE,1.2650597405909725,0.037735631546764695,0.10436773176544098,NA,25,867,0.5
A,"1 obs/item, naive SE",0.060829058076563025,0.09618711473087081,-0.12769768679594376,0.2493558029490698,FALSE,0.4887887306876548,NA,NA,NA,25,868,0.5
B,+ (1|variant): captures phi,0.2417714964576186,0.10641550407264946,0.03319710847522567,0.45034588444001156,FALSE,0.540765769996253,NA,NA,NA,25,868,0.5
C,+ (1|judge): captures lambda,0.6017380027947908,0.22812206646453267,0.1546187525243068,1.0488572530652749,TRUE,1.159235263694392,NA,NA,NA,25,868,0.5
D,+ (1|temp): captures tau,0.5528079335749925,0.21511480355464982,0.13118291860787884,0.9744329485421062,TRUE,1.09313697656694,NA,NA,NA,25,868,0.5
E,+ interactions: lumps eps into residual,0.5528079335749925,0.19878352656070136,0.1631922215160178,0.9424236456339672,TRUE,1.0101472312698123,NA,NA,0.20784142793332236,25,868,0.5
F,+ (1|item:variant:judge:temp): splits eps/rho,0.5528079335749927,0.19549755737915595,0.16963272111184707,0.9359831460381383,TRUE,0.9934491037730028,0.03351839175297397,0.10162985395838522,NA,25,868,0.5
A,"1 obs/item, naive SE",0.8316455700175569,0.11326955574059036,0.6096372407659998,1.053653899269114,FALSE,0.5755956245377285,NA,NA,NA,25,869,0.5
B,+ (1|variant): captures phi,1.2180322836948418,0.17484938183477214,0.8753274952986885,1.5607370720909952,FALSE,0.8885224143344633,NA,NA,NA,25,869,0.5
C,+ (1|judge): captures lambda,0.9781775532465213,0.2315606059257364,0.524318765632078,1.4320363408609647,FALSE,1.1767086991266096,NA,NA,NA,25,869,0.5
D,+ (1|temp): captures tau,0.8132385922545052,0.21417753335501177,0.39345062687868215,1.2330265576303283,TRUE,1.088374102532572,NA,NA,NA,25,869,0.5
E,+ interactions: lumps eps into residual,0.8132385922545052,0.20066408706682642,0.41993698160352544,1.206540202905485,TRUE,1.0197035713819167,NA,NA,0.21056494968922632,25,869,0.5
F,+ (1|item:variant:judge:temp): splits eps/rho,0.8132385922545051,0.19724988200969146,0.42662882351550985,1.1998483609935005,TRUE,1.0023537947423564,0.036713044236680856,0.10175994331655284,NA,25,869,0.5
A,"1 obs/item, naive SE",0.6256256474670945,0.11738774426912238,0.3955456686996146,0.8557056262345744,TRUE,0.5965227949724144,NA,NA,NA,25,870,0.5
B,+ (1|variant): captures phi,0.5612688451777794,0.16558439786978213,0.23672342535300644,0.8858142650025524,TRUE,0.84144105874167,NA,NA,NA,25,870,0.5
C,+ (1|judge): captures lambda,0.656469725510114,0.23392720845448509,0.19797239693932317,1.1149670540809047,TRUE,1.1887349320509037,NA,NA,NA,25,870,0.5
D,+ (1|temp): captures tau,0.659133360126733,0.20928024236433862,0.24894408509262927,1.0693226351608367,TRUE,1.0634878102902394,NA,NA,NA,25,870,0.5
E,+ interactions: lumps eps into residual,0.659133360126733,0.20595134972614618,0.2554687146634865,1.0627980055899795,TRUE,1.046571561042404,NA,NA,0.20289507401064708,25,870,0.5
F,+ (1|item:variant:judge:temp): splits eps/rho,0.659133360126733,0.20406380799694424,0.25916829645272227,1.0590984238007437,TRUE,1.0369797448358566,0.03544874836969093,0.10006545353104129,NA,25,870,0.5
A,"1 obs/item, naive SE",0.9910140455555136,0.10828526422862543,0.7787749276674079,1.2032531634436194,FALSE,0.5502672265675097,NA,NA,NA,25,871,0.5
B,+ (1|variant): captures phi,0.21850385403807857,0.33703994203575416,-0.4420944323519995,0.8791021404281567,TRUE,1.7127171962652088,NA,NA,NA,25,871,0.5
C,+ (1|judge): captures lambda,0.435147638431996,0.342055640920548,-0.23528141777227807,1.10557669463627,TRUE,1.7382051953414825,NA,NA,NA,25,871,0.5
D,+ (1|temp): captures tau,0.5282634700196687,0.28756332578003635,-0.03536064850920262,1.09188758854854,TRUE,1.461294617201291,NA,NA,NA,25,871,0.5
E,+ interactions: lumps eps into residual,0.5282634700196687,0.27579068748377633,-0.012286277448532945,1.0688132174878704,TRUE,1.4014702535557624,NA,NA,0.20825746565117556,25,871,0.5
F,+ (1|item:variant:judge:temp): splits eps/rho,0.5282634700196688,0.27342385302150035,-0.007647281902471881,1.0641742219418093,TRUE,1.3894428420277152,0.037610973221185146,0.09880756701694175,NA,25,871,0.5
A,"1 obs/item, naive SE",0.29904194401734224,0.1376229323686339,0.02930099657481977,0.5687828914598647,TRUE,0.6993508289981797,NA,NA,NA,25,872,0.5
B,+ (1|variant): captures phi,0.4849088648940205,0.13969781144662452,0.21110115445863648,0.7587165753294045,TRUE,0.7098946270287064,NA,NA,NA,25,872,0.5
C,+ (1|judge): captures lambda,0.3888825150891424,0.20803611774762976,-0.01886827569621191,0.7966333058744968,TRUE,1.05716561116908,NA,NA,NA,25,872,0.5
D,+ (1|temp): captures tau,0.5003512177935326,0.30373090683042403,-0.09496135959409846,1.0956637951811636,TRUE,1.5434525178932899,NA,NA,NA,25,872,0.5
E,+ interactions: lumps eps into residual,0.5003512177935326,0.2996721857371106,-0.08700626625120411,1.0877087018382694,TRUE,1.5228275398287467,NA,NA,0.1967481108977955,25,872,0.5
F,+ (1|item:variant:judge:temp): splits eps/rho,0.5003512177935326,0.297918517394051,-0.08356907629880728,1.0842715118858726,TRUE,1.513916020589922,0.04169784431236711,0.10000496856532444,NA,25,872,0.5
A,"1 obs/item, naive SE",0.814656661067381,0.11111910884325774,0.5968632077345959,1.032450114400166,FALSE,0.5646678177072667,NA,NA,NA,25,873,0.5
B,+ (1|variant): captures phi,0.41304403840099113,0.15043869126600404,0.11818420351962322,0.707903873282359,TRUE,0.7644759607975028,NA,NA,NA,25,873,0.5
C,+ (1|judge): captures lambda,0.5205814194984986,0.31597588451555286,-0.098731314151985,1.1398941531489821,TRUE,1.6056771424363925,NA,NA,NA,25,873,0.5
D,+ (1|temp): captures tau,0.41839613371655376,0.2662355781963117,-0.10342559954821723,0.9402178669813248,TRUE,1.3529145841891388,NA,NA,NA,25,873,0.5
E,+ interactions: lumps eps into residual,0.41839613371655376,0.2583261453958211,-0.08792311125925562,0.9247153786923632,TRUE,1.3127216578306737,NA,NA,0.21468078404342855,25,873,0.5
F,+ (1|item:variant:judge:temp): splits eps/rho,0.4183961337165539,0.25582755777461136,-0.08302587952168433,0.9198181469547921,TRUE,1.300024723576017,0.04123877657631882,0.10015540116068453,NA,25,873,0.5
A,"1 obs/item, naive SE",1.0442417653825604,0.10875457715099021,0.8310827941666196,1.2574007365985012,FALSE,0.5526521080379627,NA,NA,NA,25,874,0.5
B,+ (1|variant): captures phi,1.0825867374939866,0.1125748572182854,0.8619400173461472,1.303233457641826,FALSE,0.5720654135538756,NA,NA,NA,25,874,0.5
C,+ (1|judge): captures lambda,0.7675772649967372,0.23888718142629517,0.29935838940119863,1.2357961405922757,TRUE,1.2139397518432375,NA,NA,NA,25,874,0.5
D,+ (1|temp): captures tau,0.43081977725525045,0.24653339829582882,-0.05238568340457406,0.914025237915075,TRUE,1.2527951083915547,NA,NA,NA,25,874,0.5
E,+ interactions: lumps eps into residual,0.43081977725525045,0.2355478807176106,-0.0308540689512663,0.8924936234617672,TRUE,1.1969706124803488,NA,NA,0.20877469862422662,25,874,0.5
F,+ (1|item:variant:judge:temp): splits eps/rho,0.4308197772552506,0.23281784411543807,-0.025503197211008022,0.8871427517215092,TRUE,1.1830975367649537,0.04001453981053805,0.10219897768262697,NA,25,874,0.5
A,"1 obs/item, naive SE",0.8502096908033255,0.1341002362728937,0.5873732277084539,1.113046153898197,FALSE,0.6814497394598052,NA,NA,NA,25,875,0.5
B,+ (1|variant): captures phi,0.8192776769724804,0.1532447291605717,0.51891800781776,1.119637346127201,FALSE,0.7787352480688257,NA,NA,NA,25,875,0.5
C,+ (1|judge): captures lambda,0.5179785514756816,0.23210761787268488,0.06304762044521922,0.972909482506144,TRUE,1.179488419424573,NA,NA,NA,25,875,0.5
D,+ (1|temp): captures tau,0.5792536808447699,0.23077502034868355,0.12693464096135015,1.0315727207281897,TRUE,1.17271663243318,NA,NA,NA,25,875,0.5
E,+ interactions: lumps eps into residual,0.5792536808447699,0.2218502611161722,0.14442716905707242,1.0140801926324674,TRUE,1.1273641780097594,NA,NA,0.2065455193744187,25,875,0.5
F,+ (1|item:variant:judge:temp): splits eps/rho,0.57925368084477,0.21900871963065477,0.14999659036868668,1.0085107713208534,TRUE,1.11292447410775,0.037980305251378556,0.09998941557602693,NA,25,875,0.5
A,"1 obs/item, naive SE",0.07787121266801542,0.12393987471417804,-0.16505094177177354,0.3207933671078044,FALSE,0.6298183931666166,NA,NA,NA,25,876,0.5
B,+ (1|variant): captures phi,0.09508820518568036,0.12472553079397995,-0.14937383517052033,0.33955024554188107,FALSE,0.633810818129959,NA,NA,NA,25,876,0.5
C,+ (1|judge): captures lambda,0.18389324455908043,0.14899080398133954,-0.10812873124434505,0.4759152203625059,FALSE,0.7571183122181674,NA,NA,NA,25,876,0.5
D,+ (1|temp): captures tau,0.3782760790753392,0.16702969122087893,0.05089788428241654,0.7056542738682618,TRUE,0.8487855258725381,NA,NA,NA,25,876,0.5
E,+ interactions: lumps eps into residual,0.3782760790753392,0.1623008862193254,0.060166342085461455,0.696385816065217,TRUE,0.8247554195444089,NA,NA,0.21222256566790357,25,876,0.5
F,+ (1|item:variant:judge:temp): splits eps/rho,0.3782760790753392,0.1593335865955631,0.06598224934803554,0.6905699088026429,TRUE,0.8096766574802087,0.042243590841864236,0.09870475440278782,NA,25,876,0.5
A,"1 obs/item, naive SE",0.07217950661661318,0.1186674348635213,-0.16040866571588855,0.30476767894911494,FALSE,0.6030257277515014,NA,NA,NA,25,877,0.5
B,+ (1|variant): captures phi,0.37842366614750694,0.14237199151794697,0.09937456277233092,0.657472769522683,TRUE,0.7234838597065884,NA,NA,NA,25,877,0.5
C,+ (1|judge): captures lambda,0.4824632284080286,0.18992253476441018,0.11021506026978461,0.8547113965462725,TRUE,0.9651188202933385,NA,NA,NA,25,877,0.5
D,+ (1|temp): captures tau,0.40959568830333887,0.16582204001370388,0.08458448987647926,0.7346068867301985,TRUE,0.8426486716554206,NA,NA,NA,25,877,0.5
E,+ interactions: lumps eps into residual,0.40959568830333887,0.14223411054610724,0.1308168316329687,0.6883745449737091,TRUE,0.7227831976127093,NA,NA,0.20464736245836035,25,877,0.5
F,+ (1|item:variant:judge:temp): splits eps/rho,0.40959568830333887,0.1376714787158284,0.13975959002031518,0.6794317865863626,TRUE,0.6995975242805065,0.037551650117903734,0.09988646593616818,NA,25,877,0.5
A,"1 obs/item, naive SE",0.0039836196243961015,0.13006460944938775,-0.2509430148964039,0.2589102541451961,FALSE,0.6609421182663666,NA,NA,NA,25,878,0.5
B,+ (1|variant): captures phi,0.05024604438251642,0.1036135743457363,-0.15283656133512671,0.25332865010015954,FALSE,0.5265273589728445,NA,NA,NA,25,878,0.5
C,+ (1|judge): captures lambda,0.16078141692269887,0.17739527192296264,-0.1869133160463079,0.5084761498917056,TRUE,0.9014597229142948,NA,NA,NA,25,878,0.5
D,+ (1|temp): captures tau,0.43500538970272684,0.1860598845942322,0.07032801589803173,0.799682763507422,TRUE,0.9454902049735592,NA,NA,NA,25,878,0.5
E,+ interactions: lumps eps into residual,0.43500538970272684,0.17268710876597163,0.09653865652142246,0.7734721228840312,TRUE,0.8775345111038043,NA,NA,0.20488669180105,25,878,0.5
F,+ (1|item:variant:judge:temp): splits eps/rho,0.4350053897027269,0.1690683241997646,0.10363147427118824,0.7663793051342656,TRUE,0.8591451341098326,0.03867639123665764,0.1000292662946478,NA,25,878,0.5
A,"1 obs/item, naive SE",0.06189934166653713,0.10621764396476858,-0.1462872405044093,0.27008592383748353,FALSE,0.5397603152505169,NA,NA,NA,25,879,0.5
B,+ (1|variant): captures phi,0.31312066513993486,0.1268830574698717,0.06442987249898635,0.5618114577808834,TRUE,0.6447746018787964,NA,NA,NA,25,879,0.5
C,+ (1|judge): captures lambda,0.5778963966973487,0.23611668059867974,0.11510770272393644,1.040685090670761,TRUE,1.1998610513157475,NA,NA,NA,25,879,0.5
D,+ (1|temp): captures tau,0.3130657598527422,0.2580432173237116,-0.19269894610173255,0.818830465807217,TRUE,1.311283917925186,NA,NA,NA,25,879,0.5
E,+ interactions: lumps eps into residual,0.3130657598527422,0.2509275429981864,-0.1787522244237032,0.8048837441291876,TRUE,1.2751245900225692,NA,NA,0.20885885623285103,25,879,0.5
F,+ (1|item:variant:judge:temp): splits eps/rho,0.3130657598527422,0.24831669762702768,-0.17363496749623203,0.7997664872017165,TRUE,1.261857201780796,0.039795972385708395,0.09896467987461519,NA,25,879,0.5
A,"1 obs/item, naive SE",0.9368085510154052,0.097994163364392,0.7447399908211969,1.1288771112096134,FALSE,0.49797150959043235,NA,NA,NA,25,880,0.5
B,+ (1|variant): captures phi,0.9406753900532359,0.08957937572618944,0.7650998136299045,1.1162509664765672,FALSE,0.4552105495575691,NA,NA,NA,25,880,0.5
C,+ (1|judge): captures lambda,0.5793149512480582,0.21886802197264335,0.15033362818167723,1.0082962743144392,TRUE,1.1122094986158397,NA,NA,NA,25,880,0.5
D,+ (1|temp): captures tau,0.38430373982267085,0.2232230362581495,-0.053213411243302144,0.8218208908886439,TRUE,1.1343401333759648,NA,NA,NA,25,880,0.5
E,+ interactions: lumps eps into residual,0.38430373982267085,0.21269996884644532,-0.03258819911636196,0.8011956787617036,TRUE,1.0808656448491072,NA,NA,0.20911528534655077,25,880,0.5
F,+ (1|item:variant:judge:temp): splits eps/rho,0.38430373982267085,0.2093634733572961,-0.0260486679576295,0.7946561476029712,TRUE,1.063910760614879,0.03601694609942556,0.09939284239986307,NA,25,880,0.5
A,"1 obs/item, naive SE",0.39540025855701977,0.13191816659099376,0.13684065203867202,0.6539598650753675,TRUE,0.6703612368773947,NA,NA,NA,25,881,0.5
B,+ (1|variant): captures phi,0.35438699549880415,0.10430114421021121,0.1499567528467902,0.5588172381508181,TRUE,0.5300213446512393,NA,NA,NA,25,881,0.5
C,+ (1|judge): captures lambda,0.6254886233394746,0.18251784483174052,0.2677536474692632,0.983223599209686,TRUE,0.9274908177957893,NA,NA,NA,25,881,0.5
D,+ (1|temp): captures tau,0.44603409487940576,0.17751814386952386,0.09809853289513898,0.7939696568636725,TRUE,0.902084114476146,NA,NA,NA,25,881,0.5
E,+ interactions: lumps eps into residual,0.44603409487940576,0.1678319869943617,0.11708340037045684,0.7749847893883547,TRUE,0.8528625078451645,NA,NA,0.24105269371352817,25,881,0.5
F,+ (1|item:variant:judge:temp): splits eps/rho,0.4460340948794057,0.16212082328397923,0.1282772812428064,0.7637909085160051,TRUE,0.8238404037041063,0.039714368796770684,0.09907613180607518,NA,25,881,0.5
A,"1 obs/item, naive SE",0.22664326006291155,0.1205232005709275,-0.009582213056106348,0.46286873318192945,FALSE,0.6124560695089679,NA,NA,NA,25,882,0.5
B,+ (1|variant): captures phi,0.1742742489124377,0.16111756981199846,-0.14151618791907927,0.4900646857439547,FALSE,0.8187422261311587,NA,NA,NA,25,882,0.5
C,+ (1|judge): captures lambda,0.4350962188147174,0.23223380828495493,-0.02008204542379427,0.890274483053229,TRUE,1.180129674249723,NA,NA,NA,25,882,0.5
D,+ (1|temp): captures tau,0.3350957048464185,0.19475881291331099,-0.04663156846367106,0.7168229781565081,TRUE,0.9896950669586829,NA,NA,NA,25,882,0.5
E,+ interactions: lumps eps into residual,0.3350957048464185,0.18857353793844803,-0.03450842951293964,0.7046998392057766,TRUE,0.9582636978779441,NA,NA,0.21348565796212027,25,882,0.5
F,+ (1|item:variant:judge:temp): splits eps/rho,0.3350957048464181,0.18544047745502626,-0.028367630965433377,0.6985590406582696,TRUE,0.9423425980389042,0.038546347540767564,0.10018521652881075,NA,25,882,0.5
A,"1 obs/item, naive SE",0.6289984910778977,0.10340545173307147,0.42632380568107764,0.8316731764747178,TRUE,0.5254697538252479,NA,NA,NA,25,883,0.5
B,+ (1|variant): captures phi,0.721514727132718,0.10886714970036004,0.5081351137200123,0.9348943405454238,FALSE,0.553224161723851,NA,NA,NA,25,883,0.5
C,+ (1|judge): captures lambda,0.7154875035192224,0.17302662122123774,0.37635532592559645,1.0546196811128483,TRUE,0.8792597927335372,NA,NA,NA,25,883,0.5
D,+ (1|temp): captures tau,0.6048877666200911,0.19611924052206675,0.2204940551968403,0.989281478043342,TRUE,0.9966082765495592,NA,NA,NA,25,883,0.5
E,+ interactions: lumps eps into residual,0.6048877666200911,0.1873854123605572,0.23761235839339906,0.9721631748467832,TRUE,0.95222606596914106,NA,NA,0.2184446806489602,25,883,0.5
F,+ (1|item:variant:judge:temp): splits eps/rho,0.604887766620091,0.18385908716786648,0.24452395577107272,0.9652515774691093,TRUE,0.9343065346499008,0.046888633045941604,0.1030333871661863,NA,25,883,0.5
A,"1 obs/item, naive SE",0.3162346006225968,0.12193908936595341,0.07723398546532811,0.5552352157798655,TRUE,0.6196511131367135,NA,NA,NA,25,884,0.5
B,+ (1|variant): captures phi,0.4168019517558105,0.1356319187855035,0.15096339093622357,0.6826405125753974,TRUE,0.6892332056054505,NA,NA,NA,25,884,0.5
C,+ (1|judge): captures lambda,0.260946088514028,0.13152643989991997,0.0031542663101848945,0.5187379107178711,TRUE,0.6683706210590269,NA,NA,NA,25,884,0.5
D,+ (1|temp): captures tau,0.5134097794149026,0.2231945452174496,0.07594847078870137,0.9508710880411039,TRUE,1.1341953520332806,NA,NA,NA,25,884,0.5
E,+ interactions: lumps eps into residual,0.5134097794149026,0.20876510766927334,0.10423016838312688,0.9225893904466784,TRUE,1.0608700788566827,NA,NA,0.2242471618165862,25,884,0.5
F,+ (1|item:variant:judge:temp): splits eps/rho,0.5134097794149026,0.2052456753713867,0.1111282556869847,0.9156913031428205,TRUE,1.0429855747789962,0.04135067699729601,0.1038310300083892,NA,25,884,0.5
A,"1 obs/item, naive SE",0.4841434551112774,0.1181772013846802,0.2525161403973042,0.7157707698252506,TRUE,0.6005345354485221,NA,NA,NA,25,885,0.5
B,+ (1|variant): captures phi,0.923773824073646,0.2151807381473177,0.5020195773049034,1.3455280708423887,FALSE,1.0934720327327134,NA,NA,NA,25,885,0.5
C,+ (1|judge): captures lambda,0.5516710940697175,0.2816687161446118,-3.9958957372165926e-4,1.1037417777131566,TRUE,1.431340306068662,NA,NA,NA,25,885,0.5
D,+ (1|temp): captures tau,0.4024216273810377,0.2675322226723196,-0.12194152905670863,0.926784783818784,TRUE,1.359503670568893,NA,NA,NA,25,885,0.5
E,+ interactions: lumps eps into residual,0.4024216273810377,0.2541641159872177,-0.095740039953909,0.9005832947159844,TRUE,1.2915717036251857,NA,NA,0.20345907104171054,25,885,0.5
F,+ (1|item:variant:judge:temp): splits eps/rho,0.40242162738103787,0.252375375628587,-0.09223410885099259,0.8970773636130683,TRUE,1.28248196086836,0.03798823560957004,0.09898237398289536,NA,25,885,0.5
A,"1 obs/item, naive SE",0.9810060637358714,0.13639300042077535,0.7136757829111517,1.248336344560591,FALSE,0.6931007519758253,NA,NA,NA,25,886,0.5
B,+ (1|variant): captures phi,0.4273850548820873,0.1874608387320236,0.059961810967321005,0.7948082987968536,TRUE,0.9526093559812451,NA,NA,NA,25,886,0.5
C,+ (1|judge): captures lambda,0.5351843276332733,0.1739367110162349,0.19426837404145292,0.8761002812250936,TRUE,0.8838845456118526,NA,NA,NA,25,886,0.5
D,+ (1|temp): captures tau,0.2963522264739607,0.19904311380589682,-0.09377227658559706,0.6864767295335185,TRUE,1.0114663613886106,NA,NA,NA,25,886,0.5
E,+ interactions: lumps eps into residual,0.2963522264739607,0.1877223775989623,-0.07158363362000536,0.6642880865679268,TRUE,0.9539384035481061,NA,NA,0.20847528813563287,25,886,0.5
F,+ (1|item:variant:judge:temp): splits eps/rho,0.2963522264739606,0.1844398803700774,-0.06514993905139116,0.6578543919993123,TRUE,0.9372579192807321,0.04226886405296927,0.09980676554904079,NA,25,886,0.5
A,"1 obs/item, naive SE",0.8602040190779616,0.11414770249910214,0.6364745221797214,1.0839335159762018,FALSE,0.5800580542576699,NA,NA,NA,25,887,0.5
B,+ (1|variant): captures phi,0.6220352928268126,0.16259073696778528,0.30335744836995343,0.9407131372836717,TRUE,0.8262283380306841,NA,NA,NA,25,887,0.5
C,+ (1|judge): captures lambda,0.4596935080404622,0.13913836953008962,0.18698230376148656,0.7324047123194379,TRUE,0.7070517420431066,NA,NA,NA,25,887,0.5
D,+ (1|temp): captures tau,0.2670216541048658,0.1837335767171614,-0.09309615626077056,0.6271394644705022,TRUE,0.9336687351477552,NA,NA,NA,25,887,0.5
E,+ interactions: lumps eps into residual,0.2670216541048658,0.17262925217597533,-0.07133168016004587,0.6053749883697774,TRUE,0.8772405044765619,NA,NA,0.20293220998105996,25,887,0.5
F,+ (1|item:variant:judge:temp): splits eps/rho,0.2670216541048658,0.1688437496868405,-0.06391209528134156,0.5979554034910731,TRUE,0.8580039262523756,0.031102554213731377,0.10060855206342077,NA,25,887,0.5
A,"1 obs/item, naive SE",0.4201732452534528,0.13490875008790787,0.15575209508115334,0.6845943954257523,TRUE,0.6855583193095071,NA,NA,NA,25,888,0.5
B,+ (1|variant): captures phi,0.612211832300884,0.10668466887953348,0.40310988129699843,0.8213137833047697,TRUE,0.5421335698795404,NA,NA,NA,25,888,0.5
C,+ (1|judge): captures lambda,0.39892477514020597,0.17436738738617694,0.0571646958632992,0.7406848544171127,TRUE,0.8860730898549161,NA,NA,NA,25,888,0.5
D,+ (1|temp): captures tau,0.6011970337275374,0.22508924931034724,0.16002210507925685,1.0423719623758179,TRUE,1.1438235648265156,NA,NA,NA,25,888,0.5
E,+ interactions: lumps eps into residual,0.6011970337275374,0.2098229848206905,0.189943983478984,1.0124500839760908,TRUE,1.0662458345544332,NA,NA,0.23061798679879644,25,888,0.5
F,+ (1|item:variant:judge:temp): splits eps/rho,0.6011970337275375,0.207703724262796,0.19409773417245735,1.0082963332826176,TRUE,1.055476505616893,0.04438526309935925,0.10074767779227135,NA,25,888,0.5
A,"1 obs/item, naive SE",0.5949789782703996,0.1549210492147118,0.29133372180956446,0.8986242347312348,TRUE,0.7872537107941291,NA,NA,NA,25,889,0.5
B,+ (1|variant): captures phi,0.6269622197833681,0.10134516415975951,0.42832569803023945,0.8255987415364967,TRUE,0.5150001046354536,NA,NA,NA,25,889,0.5
C,+ (1|judge): captures lambda,0.7506328362508911,0.14949684392940663,0.4576190221492541,1.0436466503525281,TRUE,0.7596898273798918,NA,NA,NA,25,889,0.5
D,+ (1|temp): captures tau,0.6218786859429588,0.1426140297272616,0.3423551876775261,0.9014021842083915,TRUE,0.7247138118622364,NA,NA,NA,25,889,0.5
E,+ interactions: lumps eps into residual,0.6218786859429588,0.13170710077722575,0.36373276841959634,0.8800246034663213,TRUE,0.6692886754278504,NA,NA,0.21167734921265954,25,889,0.5
F,+ (1|item:variant:judge:temp): splits eps/rho,0.6218786859429589,0.1268717080360074,0.37321013819238447,0.8705472336935334,TRUE,0.6447169280896607,0.04251403800097871,0.09879655823435926,NA,25,889,0.5
A,"1 obs/item, naive SE",0.5379933398212461,0.10524636049200449,0.33171047325691727,0.7442762063855749,TRUE,0.5348245978509608,NA,NA,NA,25,890,0.5
B,+ (1|variant): captures phi,0.8367710916863281,0.1268332627630135,0.5881778966708218,1.0853642867018345,FALSE,0.6445215628763449,NA,NA,NA,25,890,0.5
C,+ (1|judge): captures lambda,0.5573530894026063,0.3084779119211055,-0.04726361796276046,1.161969796767973,TRUE,1.5675751106057767,NA,NA,NA,25,890,0.5
D,+ (1|temp): captures tau,0.4454196327463789,0.2561225302041837,-0.05658052645382111,0.947419791946579,TRUE,1.3015236686253817,NA,NA,NA,25,890,0.5
E,+ interactions: lumps eps into residual,0.4454196327463789,0.24413833018945233,-0.03309149442494763,0.9239307599177055,TRUE,1.2406242235188585,NA,NA,0.2111289859793028,25,890,0.5
F,+ (1|item:variant:judge:temp): splits eps/rho,0.4454196327463789,0.24142656592204703,-0.027776436460833276,0.9186157019535911,TRUE,1.2268440013144828,0.03950803708139572,0.10024245769978135,NA,25,890,0.5
A,"1 obs/item, naive SE",0.14073954383131562,0.10743607692340454,-0.06983516693855726,0.3513142546011885,FALSE,0.5459519584965591,NA,NA,NA,25,891,0.5
B,+ (1|variant): captures phi,0.084865744493745,0.20558705867056007,-0.3180848905005527,0.48781637948804274,FALSE,1.0447203633725393,NA,NA,NA,25,891,0.5
C,+ (1|judge): captures lambda,0.23883521642135408,0.1980431183566874,-0.1493292955577532,0.6269997284004614,TRUE,1.0063847399294357,NA,NA,NA,25,891,0.5
D,+ (1|temp): captures tau,0.3073242368464689,0.22675033191447275,-0.13710641370589766,0.7517548873988356,TRUE,1.1522645962464682,NA,NA,NA,25,891,0.5
E,+ interactions: lumps eps into residual,0.3073242368464689,0.22121207504094775,-0.12625143023378865,0.7408999039267266,TRUE,1.12412114319658,NA,NA,0.21431221207251772,25,891,0.5
F,+ (1|item:variant:judge:temp): splits eps/rho,0.3073242368464688,0.21799051729740362,-0.1199371770564423,0.73458565074938,TRUE,1.1077503317348807,0.03945394626596523,0.09792985553074247,NA,25,891,0.5
A,"1 obs/item, naive SE",0.572563061426356,0.15591210699396996,0.26697533171817495,0.8781507911345372,TRUE,0.7922899141911964,NA,NA,NA,25,892,0.5
B,+ (1|variant): captures phi,0.6549236912122274,0.21249272663290356,0.23843794701173643,1.0714094354127184,TRUE,1.0798125135769465,NA,NA,NA,25,892,0.5
C,+ (1|judge): captures lambda,0.6175932547517806,0.3042067157943274,0.021348091794898938,1.2138384177086623,TRUE,1.5458704099380494,NA,NA,NA,25,892,0.5
D,+ (1|temp): captures tau,0.31789462523138634,0.31478677610831984,-0.29908745594092057,0.9348767064036932,TRUE,1.599634516138185,NA,NA,NA,25,892,0.5
E,+ interactions: lumps eps into residual,0.31789462523138634,0.3082765628005427,-0.28632743785767734,0.92211668832045,TRUE,1.5665519259376397,NA,NA,0.20861855579457883,25,892,0.5
F,+ (1|item:variant:judge:temp): splits eps/rho,0.3178946252313864,0.30627203214776655,-0.282398557778236,0.9181878082410089,TRUE,1.5563656136011443,0.0410273306511051,0.10154091525053104,NA,25,892,0.5
A,"1 obs/item, naive SE",0.24364668832152617,0.10122051629972553,0.04525447637406413,0.4420389002689882,FALSE,0.5143666885125207,NA,NA,NA,25,893,0.5
B,+ (1|variant): captures phi,0.29388317590723173,0.15371079132648852,-0.007389975092685741,0.5951563269071491,TRUE,0.7811036103503789,NA,NA,NA,25,893,0.5
C,+ (1|judge): captures lambda,0.22562266718999374,0.2621196686462301,-0.28813188335661727,0.7393772177366047,TRUE,1.3319989947129538,NA,NA,NA,25,893,0.5
D,+ (1|temp): captures tau,0.5383936500736006,0.29884880324603225,-0.04735000428862257,1.1241373044358238,TRUE,1.5186434026518423,NA,NA,NA,25,893,0.5
E,+ interactions: lumps eps into residual,0.5383936500736006,0.2920579754731424,-0.03403998185375845,1.1108272820009597,TRUE,1.484134829474275,NA,NA,0.23427609658893175,25,893,0.5
F,+ (1|item:variant:judge:temp): splits eps/rho,0.5383936500736008,0.28929177013396035,-0.028618219388961474,1.1054055195361632,TRUE,1.4700779570923213,0.040244489119497136,0.10506357235518166,NA,25,893,0.5
A,"1 obs/item, naive SE",0.4629489289822638,0.09382993111046291,0.2790422640057565,0.6468555939587711,TRUE,0.4768103613079241,NA,NA,NA,25,894,0.5
B,+ (1|variant): captures phi,0.5025699832617605,0.18326529329751615,0.14337000839862885,0.8617699581248921,TRUE,0.9312890852442218,NA,NA,NA,25,894,0.5
C,+ (1|judge): captures lambda,0.4219508618985864,0.20538040054996962,0.019405276820645967,0.8244964469765268,TRUE,1.0436702002531615,NA,NA,NA,25,894,0.5
D,+ (1|temp): captures tau,0.2892084040186598,0.20864668610413878,-0.11973910074545219,0.6981559087827718,TRUE,1.0602683025515078,NA,NA,NA,25,894,0.5
E,+ interactions: lumps eps into residual,0.2892084040186598,0.19390581082873723,-0.09084698520566514,0.6692637932429848,TRUE,0.9853604135348921,NA,NA,0.2086587353982429,25,894,0.5
F,+ (1|item:variant:judge:temp): splits eps/rho,0.2892084040186597,0.19066775635601876,-0.08450039843913704,0.6629172064764565,TRUE,0.9689057715587193,0.03880455684648662,0.10274042002919942,NA,25,894,0.5
A,"1 obs/item, naive SE",0.1635633836685914,0.12776649619758823,-0.08685894887868151,0.41398571621586433,FALSE,0.6492639235053894,NA,NA,NA,25,895,0.5
B,+ (1|variant): captures phi,0.37346077608670614,0.21293407421600602,-0.04389000937666565,0.7908115615500779,TRUE,1.0820552851325786,NA,NA,NA,25,895,0.5
C,+ (1|judge): captures lambda,0.6144047294438373,0.202413606337049,0.21767406102322123,1.0111353978644533,TRUE,1.028594006507228,NA,NA,NA,25,895,0.5
D,+ (1|temp): captures tau,0.38776843758213403,0.1898683492718589,0.015626473009290598,0.7599104021549774,TRUE,0.9648434688785473,NA,NA,NA,25,895,0.5
E,+ interactions: lumps eps into residual,0.38776843758213403,0.1757202838192822,0.043356681296340904,0.7321801938679271,TRUE,0.8929480286878317,NA,NA,0.21696675375652427,25,895,0.5
F,+ (1|item:variant:judge:temp): splits eps/rho,0.387768437582134,0.17265378999150102,0.049367009198792,0.726169865965476,TRUE,0.8773651969339478,0.04232521918013804,0.10376064816324534,NA,25,895,0.5
A,"1 obs/item, naive SE",0.45082408951062947,0.14405411124852083,0.16847803146352863,0.7331701475577304,TRUE,0.7320317943262342,NA,NA,NA,25,896,0.5
B,+ (1|variant): captures phi,0.42654448547179546,0.11858146799296025,0.19412480820559339,0.6589641627379975,TRUE,0.6025888746692534,NA,NA,NA,25,896,0.5
C,+ (1|judge): captures lambda,0.2131462072920253,0.12903108628855686,-0.03975472183354614,0.46604713641759676,FALSE,0.655690120892994,NA,NA,NA,25,896,0.5
D,+ (1|temp): captures tau,0.35534545086516156,0.20011533133933837,-0.036880598559941635,0.7475715002902648,TRUE,1.0169149898110175,NA,NA,NA,25,896,0.5
E,+ interactions: lumps eps into residual,0.35534545086516156,0.189284442683432,-0.015652056794365155,0.7263429585246883,TRUE,0.9618762631255117,NA,NA,0.21527603871233436,25,896,0.5
F,+ (1|item:variant:judge:temp): splits eps/rho,0.3553454508651615,0.18728400182423005,-0.011731192710329408,0.7224220944406524,TRUE,0.9517107336663853,0.0366667317265847,0.0993264509036252,NA,25,896,0.5
A,"1 obs/item, naive SE",1.4914463353946494,0.14136034649106077,1.2143800562721703,1.7685126145171286,FALSE,0.7183430392340986,NA,NA,NA,25,897,0.5
B,+ (1|variant): captures phi,1.0072995920421564,0.18975276161008178,0.6353841792863961,1.3792150047979166,FALSE,0.9642560934630224,NA,NA,NA,25,897,0.5
C,+ (1|judge): captures lambda,0.7277635195352561,0.22837369269600455,0.28015108185108717,1.175375957219425,TRUE,1.1605139387709131,NA,NA,NA,25,897,0.5
D,+ (1|temp): captures tau,0.5889304182913387,0.17853961465538598,0.23899277356678222,0.9388680630158952,TRUE,0.9072748659635261,NA,NA,NA,25,897,0.5
E,+ interactions: lumps eps into residual,0.5889304182913387,0.16467455252283897,0.2661682953465744,0.9116925412361031,TRUE,0.8368175480614845,NA,NA,0.2074271854130172,25,897,0.5
F,+ (1|item:variant:judge:temp): splits eps/rho,0.5889304182913387,0.16057444428788636,0.2742045074870815,0.903656329095596,TRUE,0.8159822552527556,0.03489095978319179,0.0984433031754183,NA,25,897,0.5
A,"1 obs/item, naive SE",0.5761115085531007,0.12922293051562084,0.32283456474248384,0.8293884523637175,TRUE,0.6566650050705548,NA,NA,NA,25,898,0.5
B,+ (1|variant): captures phi,0.40247571956311806,0.216407295257571,-0.02168257914172106,0.8266340182679572,TRUE,1.099704960029827,NA,NA,NA,25,898,0.5
C,+ (1|judge): captures lambda,0.6406187297034814,0.20726450479683173,0.23438030030169127,1.0468571591052716,TRUE,1.0532445483961919,NA,NA,NA,25,898,0.5
D,+ (1|temp): captures tau,0.5108227802177621,0.20382965335715808,0.11131665963773224,0.9103289007977919,TRUE,1.0357898541786106,NA,NA,NA,25,898,0.5
E,+ interactions: lumps eps into residual,0.5108227802177621,0.1957512108581951,0.12715040693569968,0.8944951534998244,TRUE,0.9947380806011461,NA,NA,0.21318427813581015,25,898,0.5
F,+ (1|item:variant:judge:temp): splits eps/rho,0.5108227802177621,0.19216458568735048,0.1341801922705551,0.887465368164969,TRUE,0.976512126224464,0.040870066409299556,0.10021898757033211,NA,25,898,0.5
A,"1 obs/item, naive SE",0.25721099720378615,0.13659887212417535,-0.010522792159597505,0.5249447865671698,TRUE,0.6941469188025459,NA,NA,NA,25,899,0.5
B,+ (1|variant): captures phi,0.3167444609053157,0.15896735476316867,0.005168445569505131,0.6283204762411263,TRUE,0.8078155974723858,NA,NA,NA,25,899,0.5
C,+ (1|judge): captures lambda,0.4073959088966565,0.20918167821250153,-0.0026001803998464967,0.8173919981931594,TRUE,1.0629869423018135,NA,NA,NA,25,899,0.5
D,+ (1|temp): captures tau,0.39240479963284464,0.22927913694094054,-0.056982308771398815,0.8417919080370881,TRUE,1.1651150846149174,NA,NA,NA,25,899,0.5
E,+ interactions: lumps eps into residual,0.39240479963284464,0.2154630900228516,-0.02990285681194449,0.8147124560776338,TRUE,1.0949068446119932,NA,NA,0.20701979345753346,25,899,0.5
F,+ (1|item:variant:judge:temp): splits eps/rho,0.39240479963284436,0.2124841356480823,-0.024064106237396965,0.8088737055030857,TRUE,1.0797688572454525,0.043963985222914725,0.09582491889458541,NA,25,899,0.5
A,"1 obs/item, naive SE",0.5748360895323338,0.13259160372537065,0.3149565462306073,0.8347156328340603,TRUE,0.6737834050444201,NA,NA,NA,25,900,0.5
B,+ (1|variant): captures phi,0.4596692607984331,0.1573620716622318,0.1512396003404588,0.7680989212564074,TRUE,0.7996581192956395,NA,NA,NA,25,900,0.5
C,+ (1|judge): captures lambda,0.34945560773089274,0.22773744881893923,-0.09690979195422816,0.7958210074160137,TRUE,1.1572807735184913,NA,NA,NA,25,900,0.5
D,+ (1|temp): captures tau,0.3843283281505631,0.22440525602953273,-0.05550597366732102,0.8241626299684472,TRUE,1.1403477540751104,NA,NA,NA,25,900,0.5
E,+ interactions: lumps eps into residual,0.3843283281505631,0.21701316780897384,-0.04101748075502559,0.8096741370561518,TRUE,1.1027837889996666,NA,NA,0.21610301393823708,25,900,0.5
F,+ (1|item:variant:judge:temp): splits eps/rho,0.3843283281505629,0.21370245615467023,-0.03452848591259078,0.8031851422137166,TRUE,1.0859599290501538,0.04263686931356132,0.09708073784214005,NA,25,900,0.5
A,"1 obs/item, naive SE",-0.2637041745381561,0.14189994487320978,-0.5418280664896473,0.014419717413335087,FALSE,0.7210850864306455,NA,NA,NA,25,901,0.5
B,+ (1|variant): captures phi,-0.1461310197555035,0.19156977052385166,-0.5216077699822528,0.22934573047124576,FALSE,0.9734894869699875,NA,NA,NA,25,901,0.5
C,+ (1|judge): captures lambda,0.10718637260192464,0.21992053397703026,-0.32385787399305466,0.538230619196904,TRUE,1.117557990543238,NA,NA,NA,25,901,0.5
D,+ (1|temp): captures tau,0.3486457245436334,0.23676571265146246,-0.115415072253233,0.8127065213404998,TRUE,1.2031592015320514,NA,NA,NA,25,901,0.5
E,+ interactions: lumps eps into residual,0.3486457245436334,0.21977363076503034,-0.08211059175582608,0.7794020408430928,TRUE,1.1168114806315073,NA,NA,0.2160820344767159,25,901,0.5
F,+ (1|item:variant:judge:temp): splits eps/rho,0.3486457245436333,0.21650798679304903,-0.0757099295707428,0.7730013786580094,TRUE,1.1002166386258114,0.03963892000067456,0.10221394243934016,NA,25,901,0.5
A,"1 obs/item, naive SE",0.6589668647495946,0.12351152825378442,0.41688426937217715,0.9010494601270121,TRUE,0.6276416886957925,NA,NA,NA,25,902,0.5
B,+ (1|variant): captures phi,0.1327835728864195,0.1884033800785649,-0.2364870520675677,0.5020541978404067,TRUE,0.9573990161107291,NA,NA,NA,25,902,0.5
C,+ (1|judge): captures lambda,0.268732712645144,0.2252579462365856,-0.17277286197856379,0.7102382872688517,TRUE,1.1446808226481862,NA,NA,NA,25,902,0.5
D,+ (1|temp): captures tau,0.509637930027095,0.2801718057189532,-0.039498809182053285,1.0587746692362434,TRUE,1.4237335393103705,NA,NA,NA,25,902,0.5
E,+ interactions: lumps eps into residual,0.509637930027095,0.27135317158019584,-0.022214286270088812,1.041490146324279,TRUE,1.3789203748949228,NA,NA,0.19956163207667102,25,902,0.5
F,+ (1|item:variant:judge:temp): splits eps/rho,0.5096379300270952,0.2690816073723602,-0.017762020422730784,1.0370378804769214,TRUE,1.3673770929394329,0.03232341473722289,0.10014063080941017,NA,25,902,0.5
A,"1 obs/item, naive SE",0.6036572713280947,0.1019107437958237,0.4039122134882802,0.8034023291679091,TRUE,0.5178741793302618,NA,NA,NA,25,903,0.5
B,+ (1|variant): captures phi,0.7396469868182667,0.08923569771662414,0.5647450192936834,0.91454895434285,FALSE,0.45346410006138965,NA,NA,NA,25,903,0.5
C,+ (1|judge): captures lambda,0.735416234153964,0.10726820999120855,0.5251705425711952,0.9456619257367327,FALSE,0.5450989184096193,NA,NA,NA,25,903,0.5
D,+ (1|temp): captures tau,0.6209672617247857,0.1707670851843315,0.2862637747634959,0.9556707486860754,TRUE,0.8677776336677143,NA,NA,NA,25,903,0.5
E,+ interactions: lumps eps into residual,0.6209672617247857,0.15708114041153104,0.31308822651818485,0.9288462969313864,TRUE,0.79823052652685,NA,NA,0.2074486220156658,25,903,0.5
F,+ (1|item:variant:judge:temp): splits eps/rho,0.6209672617247857,0.1528749175687665,0.32133242329000333,0.920602100159568,TRUE,0.7768559969959787,0.041786192594248726,0.09632755376704422,NA,25,903,0.5
A,"1 obs/item, naive SE",0.1967318327444954,0.1070277611641333,-0.013042579137205856,0.40650624462619667,FALSE,0.5438770429296209,NA,NA,NA,25,904,0.5
B,+ (1|variant): captures phi,0.7884843797879741,0.2235612624017417,0.3503043054805604,1.226664454095388,TRUE,1.1360588784269459,NA,NA,NA,25,904,0.5
C,+ (1|judge): captures lambda,0.5174820891635913,0.2783368196758678,-0.02805807740110966,1.0630222557282922,TRUE,1.4144087924215711,NA,NA,NA,25,904,0.5
D,+ (1|temp): captures tau,0.4091994664807776,0.2392958775686139,-0.05982045355370563,0.8782193865152608,TRUE,1.216016600381629,NA,NA,NA,25,904,0.5
E,+ interactions: lumps eps into residual,0.4091994664807776,0.22941348688849125,-0.04045096782066526,0.8588499007822205,TRUE,1.1657978032983398,NA,NA,0.2114674083818278,25,904,0.5
F,+ (1|item:variant:judge:temp): splits eps/rho,0.4091994664807776,0.22657795251313836,-0.03489332044497356,0.8532922534065288,TRUE,1.1513886253951677,0.04099683302578896,0.09807985378340538,NA,25,904,0.5
A,"1 obs/item, naive SE",0.8450031367893194,0.08805732393780494,0.6724107818712217,1.017595491707417,FALSE,0.4474760233295299,NA,NA,NA,25,905,0.5
B,+ (1|variant): captures phi,0.4537940597761029,0.17211829209478657,0.11644220727032117,0.7911459122818846,TRUE,0.874643986947004,NA,NA,NA,25,905,0.5
C,+ (1|judge): captures lambda,0.42602928141226337,0.17732478615353744,0.07847270055132999,0.7735858622731968,TRUE,0.9011015392857985,NA,NA,NA,25,905,0.5
D,+ (1|temp): captures tau,0.38060952050324903,0.16276714004610998,0.06158592601287349,0.6996331149936246,TRUE,0.8271247557783727,NA,NA,NA,25,905,0.5
E,+ interactions: lumps eps into residual,0.38060952050324903,0.15577694784861018,0.07528670271997306,0.685932338286525,TRUE,0.7916030834521096,NA,NA,0.2061008531556405,25,905,0.5
F,+ (1|item:variant:judge:temp): splits eps/rho,0.3806095205032487,0.1528818240149161,0.08096114543401317,0.6802578955724843,TRUE,0.7768910931006542,0.04046833658944707,0.10019800672896054,NA,25,905,0.5
A,"1 obs/item, naive SE",0.7196854818114534,0.11419416207981295,0.49586492413502004,0.9435060394878868,TRUE,0.5802941453343952,NA,NA,NA,25,906,0.5
B,+ (1|variant): captures phi,0.7626533584182417,0.0929327608181874,0.5805051472145943,0.944801569621889,FALSE,0.4722512607506508,NA,NA,NA,25,906,0.5
C,+ (1|judge): captures lambda,0.6806861505069427,0.2236970009278393,0.24224002868837763,1.1191322723255077,TRUE,1.1367486533730216,NA,NA,NA,25,906,0.5
D,+ (1|temp): captures tau,0.718505889044682,0.2524987914415975,0.223608257819151,1.2134035202702131,TRUE,1.283109116166208,NA,NA,NA,25,906,0.5
E,+ interactions: lumps eps into residual,0.718505889044682,0.24265075848769738,0.2429104024087952,1.194101375680569,TRUE,1.2330649128363196,NA,NA,0.2165311980144502,25,906,0.5
F,+ (1|item:variant:judge:temp): splits eps/rho,0.7185058890446819,0.23978499656978955,0.24852729576789445,1.1884844823214693,TRUE,1.218502129305215,0.0418777512179527,0.09887026856689266,NA,25,906,0.5
A,"1 obs/item, naive SE",-0.22653624456213306,0.15396457049459306,-0.5283068027315354,0.07523431360726934,FALSE,0.7823932258856806,NA,NA,NA,25,907,0.5
B,+ (1|variant): captures phi,0.26901449480929435,0.2826310199365598,-0.28494230426636286,0.8229712938849516,TRUE,1.436230391921827,NA,NA,NA,25,907,0.5
C,+ (1|judge): captures lambda,0.5040355963427572,0.24089856306115864,0.03187441274288627,0.9761967799426281,TRUE,1.2241608784357565,NA,NA,NA,25,907,0.5
D,+ (1|temp): captures tau,0.6193743297604978,0.20544373704974492,0.21670460514299772,1.0220440543779978,TRUE,1.043992053834257,NA,NA,NA,25,907,0.5
E,+ interactions: lumps eps into residual,0.6193743297604978,0.1933853571490609,0.24033902974833837,0.9984096297726572,TRUE,0.9827156529119907,NA,NA,0.20316421489116437,25,907,0.5
F,+ (1|item:variant:judge:temp): splits eps/rho,0.6193743297604978,0.19016003501842674,0.2466606611243814,0.9920879983966142,TRUE,0.9663257121730208,0.037979181533886436,0.09939387779832048,NA,25,907,0.5
A,"1 obs/item, naive SE",0.27804462858734214,0.10988175402699463,0.06267639069443268,0.4934128664802516,FALSE,0.5583800203058816,NA,NA,NA,25,908,0.5
B,+ (1|variant): captures phi,0.6046627531298004,0.15638518887105907,0.2981477829425247,0.9111777233170761,TRUE,0.7946939481500143,NA,NA,NA,25,908,0.5
C,+ (1|judge): captures lambda,0.5762649449514844,0.1768793752601066,0.22958136944167545,0.9229485204612933,TRUE,0.8988381194312404,NA,NA,NA,25,908,0.5
D,+ (1|temp): captures tau,0.38461653873562074,0.2659105363231893,-0.1365681124578303,0.9058011899290718,TRUE,1.3512628369147934,NA,NA,NA,25,908,0.5
E,+ interactions: lumps eps into residual,0.38461653873562074,0.25709886688125483,-0.11929724035163869,0.8885303178228802,TRUE,1.30648506461324,NA,NA,0.21118134728113794,25,908,0.5
F,+ (1|item:variant:judge:temp): splits eps/rho,0.3846165387356208,0.25458328641513145,-0.11436670263803683,0.8835997801092784,TRUE,1.2937017787602496,0.04248996356463438,0.10069186817361155,NA,25,908,0.5
A,"1 obs/item, naive SE",0.6494851060236932,0.11517003534765151,0.42375183674229633,0.8752183753050902,TRUE,0.5852531864412363,NA,NA,NA,25,909,0.5
B,+ (1|variant): captures phi,0.33707422423585304,0.186853711115578,-0.029159049550679828,0.7033074980223859,TRUE,0.9495241492169275,NA,NA,NA,25,909,0.5
C,+ (1|judge): captures lambda,0.5172594218850619,0.25488549650151787,0.017683848742086894,1.0168349950280369,TRUE,1.2952375030091694,NA,NA,NA,25,909,0.5
D,+ (1|temp): captures tau,0.48351228679395747,0.2042867303690813,0.08311029527055813,0.8839142783173568,TRUE,1.0381125571010297,NA,NA,NA,25,909,0.5
E,+ interactions: lumps eps into residual,0.48351228679395747,0.19038587662705117,0.11035596860493718,0.8566686049829777,TRUE,0.9674733589604814,NA,NA,0.20791569686359485,25,909,0.5
F,+ (1|item:variant:judge:temp): splits eps/rho,0.4835122867939575,0.18706147604327958,0.11687179374912954,0.8501527798387856,TRUE,0.9505799367366676,0.0377814239189387,0.10038049768401261,NA,25,909,0.5
A,"1 obs/item, naive SE",0.5568352134765953,0.11063864107733759,0.3399834769650136,0.7736869499881769,TRUE,0.5622262512864676,NA,NA,NA,25,910,0.5
B,+ (1|variant): captures phi,0.6314506641154489,0.12300597825199122,0.39035894674154614,0.8725423814893517,TRUE,0.6250726632668976,NA,NA,NA,25,910,0.5
C,+ (1|judge): captures lambda,0.5943131102589532,0.21903316944767562,0.16500809814150896,1.0236181223763974,TRUE,1.1130487193880103,NA,NA,NA,25,910,0.5
D,+ (1|temp): captures tau,0.371703805569223,0.2500038983800715,-0.11830383525571708,0.8617114463941631,TRUE,1.270430956350761,NA,NA,NA,25,910,0.5
E,+ interactions: lumps eps into residual,0.371703805569223,0.23492664028892168,-0.08875240939706347,0.8321600205355095,TRUE,1.1938136894201203,NA,NA,0.2153683278780815,25,910,0.5
F,+ (1|item:variant:judge:temp): splits eps/rho,0.3717038055692227,0.2322195493733852,-0.08344651120261226,0.8268541223410577,TRUE,1.1800572155289613,0.035624422273006204,0.10205574369206505,NA,25,910,0.5
A,"1 obs/item, naive SE",0.14343357824349376,0.13110195541832556,-0.11352625437642436,0.40039341086341185,FALSE,0.666213541791854,NA,NA,NA,25,911,0.5
B,+ (1|variant): captures phi,0.5626793557401908,0.19090382545931717,0.18850785783992913,0.9368508536404525,TRUE,0.9701053908391047,NA,NA,NA,25,911,0.5
C,+ (1|judge): captures lambda,0.5825674773217447,0.22140455489318053,0.14861454973111088,1.0165204049123786,TRUE,1.1250992573953378,NA,NA,NA,25,911,0.5
D,+ (1|temp): captures tau,0.565172201678916,0.25515066393092856,0.06507690037429603,1.0652675029835361,TRUE,1.2965849896408663,NA,NA,NA,25,911,0.5
E,+ interactions: lumps eps into residual,0.565172201678916,0.24335400049121536,0.0881983607161339,1.0421460426416982,TRUE,1.2366385387552128,NA,NA,0.2106361649299854,25,911,0.5
F,+ (1|item:variant:judge:temp): splits eps/rho,0.5651722016789159,0.24074357451572415,0.09331479562809658,1.0370296077297352,TRUE,1.2233732817331626,0.04099007577022721,0.10182281918485063,NA,25,911,0.5
A,"1 obs/item, naive SE",0.16473888396472314,0.1520483661591704,-0.13327591370725084,0.4627536816366971,FALSE,0.772655756501449,NA,NA,NA,25,912,0.5
B,+ (1|variant): captures phi,0.26197337541817173,0.11225263928997789,0.04195820240981507,0.4819885484265284,FALSE,0.5704280165634066,NA,NA,NA,25,912,0.5
C,+ (1|judge): captures lambda,0.2762662388496043,0.1968698880974485,-0.10959874182139473,0.6621312195206033,TRUE,1.0004228007359974,NA,NA,NA,25,912,0.5
D,+ (1|temp): captures tau,0.5405914790042889,0.22415052576826627,0.10125644849848708,0.9799265095100909,TRUE,1.1390533054223928,NA,NA,NA,25,912,0.5
E,+ interactions: lumps eps into residual,0.5405914790042889,0.20320518648998237,0.1423093134839235,0.9388736445246544,TRUE,1.032616535504718,NA,NA,0.21875674190776503,25,912,0.5
F,+ (1|item:variant:judge:temp): splits eps/rho,0.5405914790042889,0.20050287163433447,0.1476058506009934,0.9335771074075845,TRUE,1.0188843318524279,0.040624177453923264,0.09611267986254952,NA,25,912,0.5
A,"1 obs/item, naive SE",0.3667176906780067,0.13593792408369573,0.10027935947396305,0.6331560218820503,TRUE,0.690788215771891,NA,NA,NA,25,913,0.5
B,+ (1|variant): captures phi,0.4407782699596591,0.0967886981370691,0.2510724216110036,0.6304841183083145,TRUE,0.49184576374599276,NA,NA,NA,25,913,0.5
C,+ (1|judge): captures lambda,0.6787910165784122,0.21951861822781432,0.24853452485189614,1.1090475083049283,TRUE,1.1155155975527393,NA,NA,NA,25,913,0.5
D,+ (1|temp): captures tau,0.7388112730437494,0.1945757535671996,0.35744279605203816,1.1201797500354607,TRUE,0.988764824423842,NA,NA,NA,25,913,0.5
E,+ interactions: lumps eps into residual,0.7388112730437494,0.17833659840535465,0.38927154016925425,1.0883510059182444,TRUE,0.9062432095359534,NA,NA,0.20491380905807963,25,913,0.5
F,+ (1|item:variant:judge:temp): splits eps/rho,0.7388112730437494,0.17503909895624142,0.3957346390895162,1.0818879069979825,TRUE,0.8894864893173979,0.03681119596803785,0.10406620234905214,NA,25,913,0.5
A,"1 obs/item, naive SE",0.6026367408739546,0.11066916048226501,0.38572518632871516,0.8195482954191939,TRUE,0.5623813400552445,NA,NA,NA,25,914,0.5
B,+ (1|variant): captures phi,0.9363596989655069,0.17791596477915855,0.587644407998356,1.2850749899326577,FALSE,0.9041056989472617,NA,NA,NA,25,914,0.5
C,+ (1|judge): captures lambda,0.509605098641878,0.2958066654396747,-0.07017596561988448,1.0893861629036405,TRUE,1.50318433954233,NA,NA,NA,25,914,0.5
D,+ (1|temp): captures tau,0.34495720774133415,0.24971241443295636,-0.1444791245472603,0.8343935400299286,TRUE,1.2689497385293838,NA,NA,NA,25,914,0.5
E,+ interactions: lumps eps into residual,0.34495720774133415,0.23820678481779795,-0.12192809050154979,0.811842505984218,TRUE,1.210482218102236,NA,NA,0.22528514974346406,25,914,0.5
F,+ (1|item:variant:judge:temp): splits eps/rho,0.34495720774133404,0.23486366887299723,-0.11537558324974051,0.8052899987324086,TRUE,1.1934936910653986,0.041089501674182766,0.09761538126684062,NA,25,914,0.5
A,"1 obs/item, naive SE",0.3281090777196987,0.1263231475352262,0.08051570855065537,0.5757024468887421,TRUE,0.6419293385914993,NA,NA,NA,25,915,0.5
B,+ (1|variant): captures phi,0.4785243838957336,0.22822258387332423,0.03120811950401814,0.925840648287449,TRUE,1.159746057440443,NA,NA,NA,25,915,0.5
C,+ (1|judge): captures lambda,0.6198091309126093,0.1895903895539872,0.24821196738679435,0.9914062944384241,TRUE,0.9634309763834668,NA,NA,NA,25,915,0.5
D,+ (1|temp): captures tau,0.6524308927095902,0.22057112974086937,0.22011147841748624,1.0847503070016942,TRUE,1.1208640869833637,NA,NA,NA,25,915,0.5
E,+ interactions: lumps eps into residual,0.6524308927095902,0.20003903344585267,0.260354387155719,1.0445073982634614,TRUE,1.0165272710337638,NA,NA,0.19531718394620634,25,915,0.5
F,+ (1|item:variant:judge:temp): splits eps/rho,0.6524308927095902,0.19728346801120134,0.2657552954076356,1.0391064900115448,TRUE,1.00252446686505,0.03516735422748967,0.10099138772622691,NA,25,915,0.5
A,"1 obs/item, naive SE",0.5429791278308783,0.11766057648045944,0.3123643979291778,0.7735938577325788,TRUE,0.5979092313016803,NA,NA,NA,25,916,0.5
B,+ (1|variant): captures phi,0.2626875058925686,0.17622098055789018,-0.0827056160008961,0.6080806277860333,TRUE,0.8954923915581434,NA,NA,NA,25,916,0.5
C,+ (1|judge): captures lambda,0.06665105264784991,0.2128933356803423,-0.350619885285621,0.48392199058132085,FALSE,1.0818482663734355,NA,NA,NA,25,916,0.5
D,+ (1|temp): captures tau,0.2947202106960247,0.20615807814253936,-0.10934962246335245,0.6987900438554019,TRUE,1.0476220813800667,NA,NA,NA,25,916,0.5
E,+ interactions: lumps eps into residual,0.2947202106960247,0.197647675859578,-0.0926692339887481,0.6821096553807975,TRUE,1.0043752417054492,NA,NA,0.21870228438598077,25,916,0.5
F,+ (1|item:variant:judge:temp): splits eps/rho,0.29472021069602466,0.19396488204217124,-0.08545095810663095,0.6748913794986803,TRUE,0.9856605924467493,0.03911866174854793,0.10020374365546231,NA,25,916,0.5
A,"1 obs/item, naive SE",0.1437371876821966,0.13425444494687708,-0.11940152441368249,0.4068758997780757,FALSE,0.6822333731328629,NA,NA,NA,25,917,0.5
B,+ (1|variant): captures phi,0.4038948084535682,0.14063616205793392,0.12824793082001773,0.6795416860871186,TRUE,0.7146629913311935,NA,NA,NA,25,917,0.5
C,+ (1|judge): captures lambda,0.42902080619473687,0.13932657379255423,0.1559407215613306,0.7021008908281432,TRUE,0.7080081292142727,NA,NA,NA,25,917,0.5
D,+ (1|temp): captures tau,0.6282442848144464,0.2001962024961807,0.23585972792193222,1.0206288417069604,TRUE,1.0173259482872419,NA,NA,NA,25,917,0.5
E,+ interactions: lumps eps into residual,0.6282442848144464,0.18875917974070824,0.2582762925226582,0.9982122771062345,TRUE,0.959207063537089,NA,NA,0.20865833052646238,25,917,0.5
F,+ (1|item:variant:judge:temp): splits eps/rho,0.6282442848144465,0.18524382986183538,0.26516637828524914,0.9913221913436439,TRUE,0.9413433048618763,0.04066014007956446,0.09674745537022705,NA,25,917,0.5
A,"1 obs/item, naive SE",0.06048739492016959,0.1465428910545698,-0.22673667154678723,0.3477114613871264,FALSE,0.7446788887500917,NA,NA,NA,25,918,0.5
B,+ (1|variant): captures phi,0.32833201096746023,0.17856119623133512,-0.02164793364595663,0.6783119555808771,TRUE,0.9073845358620768,NA,NA,NA,25,918,0.5
C,+ (1|judge): captures lambda,0.3423856854060065,0.16927469509388213,0.010607283021997538,0.6741640877900155,TRUE,0.8601938376463594,NA,NA,NA,25,918,0.5
D,+ (1|temp): captures tau,0.28421585845978947,0.1943792871617659,-0.09676754437727164,0.6651992612968506,TRUE,0.987766451978599,NA,NA,NA,25,918,0.5
E,+ interactions: lumps eps into residual,0.28421585845978947,0.1850419723594675,-0.07846640736476684,0.6468981242843458,TRUE,0.9403175367780926,NA,NA,0.21296579879763175,25,918,0.5
F,+ (1|item:variant:judge:temp): splits eps/rho,0.28421585845978953,0.18159309068910331,-0.07170659929085299,0.640138316210432,TRUE,0.9227915459147011,0.03867022679453621,0.1004689709569047,NA,25,918,0.5
A,"1 obs/item, naive SE",-0.15979020580528885,0.13904050638134113,-0.4323095983127175,0.11272918670213977,FALSE,0.7065544363032296,NA,NA,NA,25,919,0.5
B,+ (1|variant): captures phi,0.021993828750443863,0.14652707303730028,-0.2651992344026647,0.3091868919035524,FALSE,0.7445985072082938,NA,NA,NA,25,919,0.5
C,+ (1|judge): captures lambda,0.360683805865448,0.19811569126017467,-0.027622949004494357,0.7489905607353904,TRUE,1.006753529631436,NA,NA,NA,25,919,0.5
D,+ (1|temp): captures tau,0.7240350546457581,0.2754906647682294,0.18407335170002848,1.2639967575914879,TRUE,1.3999456447480239,NA,NA,NA,25,919,0.5
E,+ interactions: lumps eps into residual,0.7240350546457581,0.2688872947410226,0.19701595695335383,1.2510541523381624,TRUE,1.3663896652086622,NA,NA,0.22666562779458613,25,919,0.5
F,+ (1|item:variant:judge:temp): splits eps/rho,0.7240350546457578,0.26700324775324713,0.20070868904939343,1.2473614202421222,TRUE,1.3568156080359595,0.03859605332548055,0.10150642478158803,NA,25,919,0.5
A,"1 obs/item, naive SE",0.8938596651038593,0.0959320335715686,0.7058328793035848,1.0818864509041337,FALSE,0.48749249889583407,NA,NA,NA,25,920,0.5
B,+ (1|variant): captures phi,0.8453869392761233,0.1048480448022121,0.6398847714637876,1.050889107088459,FALSE,0.5328004990829363,NA,NA,NA,25,920,0.5
C,+ (1|judge): captures lambda,0.7169944605509702,0.12133833995245899,0.47917131424415055,0.9548176068577898,TRUE,0.6165983181328828,NA,NA,NA,25,920,0.5
D,+ (1|temp): captures tau,0.6070099653247399,0.17845057852641516,0.2572468314129662,0.9567730992365137,TRUE,0.9068224160009011,NA,NA,NA,25,920,0.5
E,+ interactions: lumps eps into residual,0.6070099653247399,0.16495272661813332,0.28370262115319866,0.9303173094962812,TRUE,0.8382311299464339,NA,NA,0.2004042121748755,25,920,0.5
F,+ (1|item:variant:judge:temp): splits eps/rho,0.6070099653247399,0.16141260497871754,0.2906412595664536,0.9233786710830263,TRUE,0.8202414899884054,0.03762341976403383,0.10021768101613032,NA,25,920,0.5
A,"1 obs/item, naive SE",0.9922357733716001,0.13324629158911894,0.7310730418569269,1.2533985048862732,FALSE,0.6771102960818892,NA,NA,NA,25,921,0.5
B,+ (1|variant): captures phi,0.6813911161325674,0.12796985706070169,0.4305701962935921,0.9322120359715427,TRUE,0.6502973311341648,NA,NA,NA,25,921,0.5
C,+ (1|judge): captures lambda,0.355380568749144,0.22112864760310694,-0.07803158055294562,0.7887927180512335,TRUE,1.123697194608863,NA,NA,NA,25,921,0.5
D,+ (1|temp): captures tau,0.3682949263479022,0.19791798524992238,-0.019624324741945698,0.75621417743775,TRUE,1.0057488579550797,NA,NA,NA,25,921,0.5
E,+ interactions: lumps eps into residual,0.3682949263479022,0.18833297590022724,-8.377064165431825e-4,0.7374275591123476,TRUE,0.957041247099141,NA,NA,0.20373978035221374,25,921,0.5
F,+ (1|item:variant:judge:temp): splits eps/rho,0.3682949263479022,0.18520386144930626,0.005295357907261933,0.7312944947885425,TRUE,0.9411401995947897,0.04048681902863824,0.10009645647304152,NA,25,921,0.5
A,"1 obs/item, naive SE",0.7582475072164445,0.14343889127487103,0.4771072803176973,1.0393877341151918,TRUE,0.7289054650787526,NA,NA,NA,25,922,0.5
B,+ (1|variant): captures phi,0.32901767168552387,0.1628699457907818,0.009792577935591573,0.6482427654354561,TRUE,0.8276471780340577,NA,NA,NA,25,922,0.5
C,+ (1|judge): captures lambda,0.5245842013665041,0.1864913429316856,0.1590611692204003,0.8901072335126079,TRUE,0.9476827228975921,NA,NA,NA,25,922,0.5
D,+ (1|temp): captures tau,0.48751589270950096,0.1669276485377204,0.16033770157556898,0.8146940838434329,TRUE,0.8482669812242598,NA,NA,NA,25,922,0.5
E,+ interactions: lumps eps into residual,0.48751589270950096,0.15822748196264308,0.17739002806272053,0.7976417573562814,TRUE,0.8040558268622465,NA,NA,0.20952754352686953,25,922,0.5
F,+ (1|item:variant:judge:temp): splits eps/rho,0.487515892709501,0.155301908980008,0.18312415110868535,0.7919076343103166,TRUE,0.7891891047579672,0.03790981229833034,0.10169677406022996,NA,25,922,0.5
A,"1 obs/item, naive SE",-0.02513212848818906,0.11877194661020665,-0.25792514384419407,0.20766088686781597,FALSE,0.6035568193030799,NA,NA,NA,25,923,0.5
B,+ (1|variant): captures phi,0.42237776221661294,0.2725283603137829,-0.11177782399840153,0.9565333484316274,TRUE,1.3848922663589267,NA,NA,NA,25,923,0.5
C,+ (1|judge): captures lambda,0.46701014987461403,0.30093337753748767,-0.12281927009886179,1.05683956984809,TRUE,1.5292364683113697,NA,NA,NA,25,923,0.5
D,+ (1|temp): captures tau,0.5405187559058467,0.3484267635937634,-0.14239770073792946,1.223435212549623,TRUE,1.7705809763721285,NA,NA,NA,25,923,0.5
E,+ interactions: lumps eps into residual,0.5405187559058467,0.33925680151430954,-0.12442457506219995,1.2054620868738934,TRUE,1.7239824882293955,NA,NA,0.19243527173634165,25,923,0.5
F,+ (1|item:variant:judge:temp): splits eps/rho,0.5405187559058466,0.33779543398201944,-0.1215602946989115,1.2025978065106049,TRUE,1.7165563378227136,0.03903018902687454,0.10003901577408478,NA,25,923,0.5
A,"1 obs/item, naive SE",-0.15758296269585295,0.11610638391159149,-0.3851514751625723,0.06998554977086638,FALSE,0.5900113770505502,NA,NA,NA,25,924,0.5
B,+ (1|variant): captures phi,0.22807622163053415,0.16542408446983348,-0.09615498393033944,0.5523074271914077,TRUE,0.84062640302097,NA,NA,NA,25,924,0.5
C,+ (1|judge): captures lambda,0.5263053828119809,0.24305773129794364,0.04991222946801138,1.0026985361559504,TRUE,1.2351330040136175,NA,NA,NA,25,924,0.5
D,+ (1|temp): captures tau,0.4756110001974476,0.24122357653901347,0.0028127901809812395,0.948409210213914,TRUE,1.2258124814154439,NA,NA,NA,25,924,0.5
E,+ interactions: lumps eps into residual,0.4756110001974476,0.23426958644669513,0.016442610761925158,0.9347793896329701,TRUE,1.19047477532093,NA,NA,0.22120118169986966,25,924,0.5
F,+ (1|item:variant:judge:temp): splits eps/rho,0.4756110001974476,0.23206407165924567,0.02076541974532614,0.930456580649569,TRUE,1.1792671330448663,0.04610524846599085,0.09883405998824933,NA,25,924,0.5
A,"1 obs/item, naive SE",0.008664627903039606,0.13714997948035398,-0.2601493318784542,0.27747858768453343,FALSE,0.6969474505146456,NA,NA,NA,25,925,0.5
B,+ (1|variant): captures phi,0.1248142738859014,0.23287967812969637,-0.3316298952483035,0.5812584430201063,TRUE,1.1834117552486583,NA,NA,NA,25,925,0.5
C,+ (1|judge): captures lambda,0.4964927434327312,0.31626210614403305,-0.12338098460957359,1.116366471475036,TRUE,1.6071316190247757,NA,NA,NA,25,925,0.5
D,+ (1|temp): captures tau,0.2934297596043858,0.30425277809291296,-0.30290568545772356,0.8897652046664951,TRUE,1.5461044821682142,NA,NA,NA,25,925,0.5
E,+ interactions: lumps eps into residual,0.2934297596043858,0.2911457686442817,-0.27721594693840634,0.8640754661471779,TRUE,1.4794993185822916,NA,NA,0.20058073637700174,25,925,0.5
F,+ (1|item:variant:judge:temp): splits eps/rho,0.2934297596043857,0.28902931360821266,-0.27306769506771106,0.8599272142764824,TRUE,1.4687442463095428,0.035678973381836614,0.0987629933308163,NA,25,925,0.5
A,"1 obs/item, naive SE",-0.34493607844111207,0.11866352342101938,-0.57751658434631,-0.1123555725359141,FALSE,0.6030058511908932,NA,NA,NA,25,926,0.5
B,+ (1|variant): captures phi,0.0790934282294437,0.15122814267385914,-0.2173137314113202,0.3755005878702076,FALSE,0.7684876722690938,NA,NA,NA,25,926,0.5
C,+ (1|judge): captures lambda,0.4264790029264028,0.2261453083084396,-0.01676580135813882,0.8697238072109443,TRUE,1.1491900813152691,NA,NA,NA,25,926,0.5
D,+ (1|temp): captures tau,0.33636440933084016,0.21873720371750366,-0.09236050995546702,0.7650893286171474,TRUE,1.1115447267380325,NA,NA,NA,25,926,0.5
E,+ interactions: lumps eps into residual,0.33636440933084016,0.2104667475628935,-0.07615041589243104,0.7488792345541113,TRUE,1.0695172080071647,NA,NA,0.2098476652662486,25,926,0.5
F,+ (1|item:variant:judge:temp): splits eps/rho,0.3363644093308401,0.20846188130446938,-0.07222087802591987,0.7449496966876001,TRUE,1.0593291902420459,0.03785884766968456,0.09986354551979817,NA,25,926,0.5
A,"1 obs/item, naive SE",0.037216778076407206,0.11849579223669257,-0.19503497470751024,0.26946853086032463,FALSE,0.6021535009263778,NA,NA,NA,25,927,0.5
B,+ (1|variant): captures phi,-0.026701148061320866,0.2406034457204371,-0.49828390167337755,0.44488160555073586,FALSE,1.222661196999435,NA,NA,NA,25,927,0.5
C,+ (1|judge): captures lambda,0.12489595569190594,0.2600451850015865,-0.38479260691120365,0.6345845182950155,TRUE,1.3214572061341536,NA,NA,NA,25,927,0.5
D,+ (1|temp): captures tau,0.12234480314286489,0.2203509200826573,-0.30954300021914344,0.5542326065048733,TRUE,1.119745059766217,NA,NA,NA,25,927,0.5
E,+ interactions: lumps eps into residual,0.12234480314286489,0.2101019944069257,-0.28945510589470946,0.5341447121804392,TRUE,1.0676636621073978,NA,NA,0.2291800620444275,25,927,0.5
F,+ (1|item:variant:judge:temp): splits eps/rho,0.12234480314286489,0.2061985357742612,-0.28180432697468705,0.5264939332604168,TRUE,1.047827672685215,0.042163677608563134,0.09955866672250441,NA,25,927,0.5
A,"1 obs/item, naive SE",0.6219380167658197,0.0936274994977753,0.43842811775018015,0.8054479157814594,TRUE,0.475781675799543,NA,NA,NA,25,928,0.5
B,+ (1|variant): captures phi,0.44051115378945804,0.12960614320050873,0.18648311311646093,0.6945391944624552,TRUE,0.6586123557354943,NA,NA,NA,25,928,0.5
C,+ (1|judge): captures lambda,0.36014323039068485,0.14352263833326767,0.07883885925748024,0.6414476015238895,TRUE,0.7293310378645365,NA,NA,NA,25,928,0.5
D,+ (1|temp): captures tau,0.5989386032760905,0.25435626861960925,0.1004003167816564,1.0974768897705247,TRUE,1.2925481550090092,NA,NA,NA,25,928,0.5
E,+ interactions: lumps eps into residual,0.5989386032760905,0.23939045063905126,0.12973332002355004,1.068143886528631,TRUE,1.2164971871128731,NA,NA,0.21432758628867474,25,928,0.5
F,+ (1|item:variant:judge:temp): splits eps/rho,0.5989386032760905,0.2367928648354908,0.13482458819852855,1.0630526183536524,TRUE,1.2032971792809812,0.04436401495579773,0.10151065439540753,NA,25,928,0.5
A,"1 obs/item, naive SE",0.6189297789629576,0.14323600570235362,0.33818720778634453,0.8996723501395707,TRUE,0.7278744727078609,NA,NA,NA,25,929,0.5
B,+ (1|variant): captures phi,0.7845522521741931,0.14221852207392321,0.5058039489093036,1.0633005554390826,FALSE,0.7227039825374519,NA,NA,NA,25,929,0.5
C,+ (1|judge): captures lambda,0.6898198209199417,0.1681360405702579,0.36027318140223613,1.0193664604376471,TRUE,0.85440760005256855,NA,NA,NA,25,929,0.5
D,+ (1|temp): captures tau,0.8266797010243371,0.2001987300585354,0.43429019010960773,1.2190692119390665,TRUE,1.017338792460794,NA,NA,NA,25,929,0.5
E,+ interactions: lumps eps into residual,0.8266797010243371,0.18455503215875718,0.464951837993173,1.1884075640555012,TRUE,0.9378430797440923,NA,NA,0.2091467630814269,25,929,0.5
F,+ (1|item:variant:judge:temp): splits eps/rho,0.826679701024337,0.18225279600144673,0.4694642208615014,1.1838951811871725,TRUE,0.9261439338426524,0.03870362367276483,0.1020443545327221,NA,25,929,0.5
A,"1 obs/item, naive SE",0.08565432542367131,0.12103217338698738,-0.15156873441482394,0.3228773852621666,FALSE,0.6150424884634454,NA,NA,NA,25,930,0.5
B,+ (1|variant): captures phi,0.21002306752809616,0.16271802138057495,-0.10890425437783072,0.5289503894340231,TRUE,0.8268751521776503,NA,NA,NA,25,930,0.5
C,+ (1|judge): captures lambda,0.4518048269956794,0.17137769163961342,0.11590455138203715,0.7877051026093217,TRUE,0.8708805186545653,NA,NA,NA,25,930,0.5
D,+ (1|temp): captures tau,0.4347240043393648,0.17872475197347604,0.08442349047135178,0.7850245182073778,TRUE,0.9082156680134197,NA,NA,NA,25,930,0.5
E,+ interactions: lumps eps into residual,0.4347240043393648,0.162827959978843,0.11558120278083256,0.753866805897897,TRUE,0.8274338210601858,NA,NA,0.21839522450079715,25,930,0.5
F,+ (1|item:variant:judge:temp): splits eps/rho,0.434724004339365,0.15856465253433935,0.12393728537205984,0.7455107233066701,TRUE,0.8057692078720187,0.04191082477263831,0.10060707634916244,NA,25,930,0.5
A,"1 obs/item, naive SE",-0.09642829998781095,0.10712318325715611,-0.30638973917183693,0.11353313919621504,FALSE,0.5443619440918886,NA,NA,NA,25,931,0.5
B,+ (1|variant): captures phi,0.2048460152115111,0.23779056588588818,-0.2612234939248297,0.670915524347852,TRUE,1.2083671414208577,NA,NA,NA,25,931,0.5
C,+ (1|judge): captures lambda,0.08650476574601004,0.22899738739001776,-0.3623301135384248,0.5353396450304448,TRUE,1.163683333535236,NA,NA,NA,25,931,0.5
D,+ (1|temp): captures tau,0.453976006022826,0.2813903862622828,-0.09754915105124823,1.0055011630969002,TRUE,1.4299259325293716,NA,NA,NA,25,931,0.5
E,+ interactions: lumps eps into residual,0.453976006022826,0.27293639591168384,-0.08097932996407425,0.9889313420097263,TRUE,1.3869657582453547,NA,NA,0.20970798576353022,25,931,0.5
F,+ (1|item:variant:judge:temp): splits eps/rho,0.45397600602282595,0.27069924054976147,-0.07659450545470647,0.9845465175003584,TRUE,1.375597329815365,0.040877419943901906,0.10184711194691835,NA,25,931,0.5
A,"1 obs/item, naive SE",0.5702898141847635,0.10517908946565668,0.36413879883207645,0.7764408295374506,TRUE,0.534482750404215,NA,NA,NA,25,932,0.5
B,+ (1|variant): captures phi,0.6244383355631743,0.1837870544665178,0.2642157088087994,0.9846609623175492,TRUE,0.9339404900631728,NA,NA,NA,25,932,0.5
C,+ (1|judge): captures lambda,0.6134444884977026,0.17604206398097516,0.2684020430949913,0.9584869339004138,TRUE,0.8945832011039546,NA,NA,NA,25,932,0.5
D,+ (1|temp): captures tau,0.4616064686699115,0.26858292633604947,-0.06481606694874542,0.9880290042885684,TRUE,1.3648429731517844,NA,NA,NA,25,932,0.5
E,+ interactions: lumps eps into residual,0.4616064686699115,0.2616364099236985,-0.051200894780537576,0.9744138321203606,TRUE,1.3295432456426042,NA,NA,0.1802527324680393,25,932,0.5
F,+ (1|item:variant:judge:temp): splits eps/rho,0.4616064686699116,0.25996785401752087,-0.04793052520442931,0.9711434625442525,TRUE,1.3210642375577488,0.03393521096424797,0.09824388327531969,NA,25,932,0.5
A,"1 obs/item, naive SE",0.7617973850266099,0.11031983200878788,0.5455705142893856,0.9780242557638341,FALSE,0.5606061769097267,NA,NA,NA,25,933,0.5
B,+ (1|variant): captures phi,0.5364379609450192,0.1500131220623404,0.242412241702832,0.8304636801872063,TRUE,0.762313369358301,NA,NA,NA,25,933,0.5
C,+ (1|judge): captures lambda,0.3164104145731583,0.16339620243478709,-0.0038461421990243494,0.636666971345341,TRUE,0.8303214272592166,NA,NA,NA,25,933,0.5
D,+ (1|temp): captures tau,0.5411395887104574,0.22565931633345945,0.0988473286968769,0.9834318487240379,TRUE,1.1467204428274156,NA,NA,NA,25,933,0.5
E,+ interactions: lumps eps into residual,0.5411395887104574,0.21345880113298937,0.12276033848979828,0.9595188389311166,TRUE,1.0847217608287003,NA,NA,0.22811973384107725,25,933,0.5
F,+ (1|item:variant:judge:temp): splits eps/rho,0.5411395887104574,0.20974126266589085,0.13004671388531136,0.9522324635356034,TRUE,1.0658305516090476,0.03863235479538327,0.09701927101294686,NA,25,933,0.5
A,"1 obs/item, naive SE",0.7089343023252914,0.11292455900524931,0.4876021666750028,0.9302664379755801,TRUE,0.573842473745852,NA,NA,NA,25,934,0.5
B,+ (1|variant): captures phi,0.4968992397670775,0.1346206587492399,0.23304274861856733,0.7607557309155877,TRUE,0.6840943415184731,NA,NA,NA,25,934,0.5
C,+ (1|judge): captures lambda,0.4069420229428755,0.16438213620008504,0.08475303599070882,0.7291310098950422,TRUE,0.8353315922384913,NA,NA,NA,25,934,0.5
D,+ (1|temp): captures tau,0.4774462245926933,0.20389078076680967,0.07782029428974635,0.8770721548956403,TRUE,1.036100481948842,NA,NA,NA,25,934,0.5
E,+ interactions: lumps eps into residual,0.4774462245926933,0.1948863622648838,0.09546895455352111,0.8594234946318655,TRUE,0.9903432274303817,NA,NA,0.2282401138031978,25,934,0.5
F,+ (1|item:variant:judge:temp): splits eps/rho,0.47744622459269337,0.1906494487685561,0.10377330500632342,0.8511191441790633,TRUE,0.9688127389060313,0.04280099008310831,0.0977615171854659,NA,25,934,0.5
A,"1 obs/item, naive SE",0.571213836891025,0.12841756115928452,0.31951541701882735,0.8229122567632227,TRUE,0.652572404242265,NA,NA,NA,25,935,0.5
B,+ (1|variant): captures phi,0.47783155426945817,0.13307115704761796,0.21701208645612696,0.7386510220827893,TRUE,0.6762203245874812,NA,NA,NA,25,935,0.5
C,+ (1|judge): captures lambda,0.6467305194833886,0.20338639364528324,0.24809318793863339,1.0453678510281437,TRUE,1.0335373658641573,NA,NA,NA,25,935,0.5
D,+ (1|temp): captures tau,0.48293584003893,0.15998804169997596,0.1693592783069771,0.7965124017708829,TRUE,0.8130023657174612,NA,NA,NA,25,935,0.5
E,+ interactions: lumps eps into residual,0.48293584003893,0.14201229525621592,0.2045917413367468,0.7612799387411131,TRUE,0.7216560111460348,NA,NA,0.19794607280441404,25,935,0.5
F,+ (1|item:variant:judge:temp): splits eps/rho,0.4829358400389299,0.13841517635364414,0.2116420943857874,0.7542295856920724,TRUE,0.7033767313543484,0.0407824454874129,0.09811438088288937,NA,25,935,0.5
A,"1 obs/item, naive SE",0.34916024482006486,0.1238249958675578,0.10646325291965159,0.5918572367204782,TRUE,0.629234619697795,NA,NA,NA,25,936,0.5
B,+ (1|variant): captures phi,0.3526759727068391,0.11851583591007396,0.12038493432309413,0.584967011090584,TRUE,0.6022553557506733,NA,NA,NA,25,936,0.5
C,+ (1|judge): captures lambda,0.15090442774055443,0.19119453165124775,-0.22383685429589115,0.525645709777,TRUE,0.9715826563850604,NA,NA,NA,25,936,0.5
D,+ (1|temp): captures tau,0.2054053396997169,0.22501608566763587,-0.23562618820884942,0.6464368676082832,TRUE,1.1434517731977363,NA,NA,NA,25,936,0.5
E,+ interactions: lumps eps into residual,0.2054053396997169,0.2154596732587993,-0.21689561988752973,0.6277062992869635,TRUE,1.0948894818314499,NA,NA,0.2070814442256976,25,936,0.5
F,+ (1|item:variant:judge:temp): splits eps/rho,0.20540533969971697,0.21235672006290093,-0.21081383162356887,0.6216245110230028,TRUE,1.0791213765270125,0.03839368422498039,0.09883521942119836,NA,25,936,0.5
A,"1 obs/item, naive SE",0.8293893613123975,0.09791896827680185,0.6374681834898659,1.021310539134929,FALSE,0.4975893948807857,NA,NA,NA,25,937,0.5
B,+ (1|variant): captures phi,0.5975033863121679,0.13947233900072406,0.32413760187074875,0.8708691707535872,TRUE,0.7087488561950029,NA,NA,NA,25,937,0.5
C,+ (1|judge): captures lambda,0.392844866860075,0.25930730586090567,-0.11539745262730006,0.9010871863474501,TRUE,1.3177075665947682,NA,NA,NA,25,937,0.5
D,+ (1|temp): captures tau,0.37660889100927214,0.24218950138746545,-0.09808253171016013,0.8513003137287044,TRUE,1.230720968190783,NA,NA,NA,25,937,0.5
E,+ interactions: lumps eps into residual,0.37660889100927214,0.23934160887079683,-0.09250066237748966,0.8457184443960339,TRUE,1.216248990605717,NA,NA,0.2174693165950405,25,937,0.5
F,+ (1|item:variant:judge:temp): splits eps/rho,0.3766088910092721,0.237098505469727,-0.08810417971139284,0.841321961729937,TRUE,1.2048503363548042,0.041307241474243764,0.0984798440725658,NA,25,937,0.5
A,"1 obs/item, naive SE",0.7636626110766535,0.08146072951890851,0.6039995812195927,0.9233256409337142,FALSE,0.4139544750234467,NA,NA,NA,25,938,0.5
B,+ (1|variant): captures phi,0.6521490484020456,0.23798455432848398,0.18569932191821698,1.1185987748858741,TRUE,1.2093529217396641,NA,NA,NA,25,938,0.5
C,+ (1|judge): captures lambda,0.3572107554046297,0.2659129054309823,-0.1639785392400956,0.878400050049355,TRUE,1.3512748758785802,NA,NA,NA,25,938,0.5
D,+ (1|temp): captures tau,0.44255013468326837,0.21483845985999167,0.02146675335768472,0.863633516008852,TRUE,1.0917326961274714,NA,NA,NA,25,938,0.5
E,+ interactions: lumps eps into residual,0.44255013468326837,0.2005915234331032,0.049390748754386093,0.8357095206121506,TRUE,1.0193348287855628,NA,NA,0.219573926942642,25,938,0.5
F,+ (1|item:variant:judge:temp): splits eps/rho,0.44255013468326826,0.19789289769824092,0.05468005519471608,0.8304202141718204,TRUE,1.0056213719339349,0.04001124348381559,0.10193945137318955,NA,25,938,0.5
A,"1 obs/item, naive SE",0.7399877159965726,0.1310447108048856,0.48314008281899684,0.9968353491741484,TRUE,0.6659226450119651,NA,NA,NA,25,939,0.5
B,+ (1|variant): captures phi,0.8161277317058306,0.24573144734074076,0.33449409491797877,1.2977613684936826,TRUE,1.2487198786634564,NA,NA,NA,25,939,0.5
C,+ (1|judge): captures lambda,0.7374582106255514,0.23464023412734178,0.27756335173596153,1.1973530695151413,TRUE,1.1923582751001103,NA,NA,NA,25,939,0.5
D,+ (1|temp): captures tau,0.4854118137431268,0.21272718980010843,0.0684665217349143,0.9023571057513393,TRUE,1.0810039720608788,NA,NA,NA,25,939,0.5
E,+ interactions: lumps eps into residual,0.4854118137431268,0.20446309209786243,0.08466415323131649,0.8861594742549371,TRUE,1.0390087647250343,NA,NA,0.19917670641857155,25,939,0.5
F,+ (1|item:variant:judge:temp): splits eps/rho,0.4854118137431267,0.20289492491709418,0.08773776090562213,0.8830858665806313,TRUE,1.031039896463018,0.03810006438591562,0.1006939543900417,NA,25,939,0.5
A,"1 obs/item, naive SE",0.5320755648295404,0.08056193660923242,0.3741741690754449,0.689976960583636,TRUE,0.4093871289012468,NA,NA,NA,25,940,0.5
B,+ (1|variant): captures phi,0.570757173365305,0.11740250904850294,0.3406482556302392,0.8008660911003707,TRUE,0.5965978243335975,NA,NA,NA,25,940,0.5
C,+ (1|judge): captures lambda,0.595697219539419,0.22633707123123092,0.1520765599262064,1.0393178791526316,TRUE,1.1501645523334132,NA,NA,NA,25,940,0.5
D,+ (1|temp): captures tau,0.6239746251088026,0.2428317032159374,0.14802448680556535,1.09992476341204,TRUE,1.233984409634706,NA,NA,NA,25,940,0.5
E,+ interactions: lumps eps into residual,0.6239746251088026,0.2317311484286828,0.16978157418858436,1.0781676760290209,TRUE,1.1775753355131642,NA,NA,0.2149771771665317,25,940,0.5
F,+ (1|item:variant:judge:temp): splits eps/rho,0.6239746251088026,0.22956713841584347,0.17402303381374945,1.0739262164038559,TRUE,1.1665786057502363,0.04233651845200753,0.09999324614079977,NA,25,940,0.5
A,"1 obs/item, naive SE",0.38678262402761926,0.11466192455201811,0.16204525190566377,0.6115199961495748,TRUE,0.5826711479681909,NA,NA,NA,25,941,0.5
B,+ (1|variant): captures phi,0.2487147076658234,0.13558820300769978,-0.01703817022926815,0.514467585560915,TRUE,0.6890110575599093,NA,NA,NA,25,941,0.5
C,+ (1|judge): captures lambda,0.4810533724200199,0.2822295008423554,-0.07211644923099658,1.0342231940710365,TRUE,1.4341900145911193,NA,NA,NA,25,941,0.5
D,+ (1|temp): captures tau,0.4791610292480018,0.20326604603723603,0.08075957901501918,0.8775624794809844,TRUE,1.0329258020934455,NA,NA,NA,25,941,0.5
E,+ interactions: lumps eps into residual,0.4791610292480018,0.19824044075038538,0.09060976537724647,0.8677122931187571,TRUE,1.0073874622028063,NA,NA,0.22180799130164716,25,941,0.5
F,+ (1|item:variant:judge:temp): splits eps/rho,0.47916102924800175,0.19580350590170814,0.09538615768065378,0.8629359008153497,TRUE,0.9950038254258194,0.04026359595175702,0.10034413132737421,NA,25,941,0.5
A,"1 obs/item, naive SE",0.1458267316904667,0.12498673040366541,-0.09914725990071752,0.39080072328165094,FALSE,0.6351381417120364,NA,NA,NA,25,942,0.5
B,+ (1|variant): captures phi,0.2157208811625003,0.15973763037996563,-0.09736487438223232,0.5288066367072329,TRUE,0.8117298643891894,NA,NA,NA,25,942,0.5
C,+ (1|judge): captures lambda,0.2980223301955408,0.14610488917434455,0.011656747413825497,0.5843879129772561,TRUE,0.7424531188673676,NA,NA,NA,25,942,0.5
D,+ (1|temp): captures tau,0.4468758166608417,0.23503617732800153,-0.013795090902041285,0.9075467242237247,TRUE,1.1943703177215819,NA,NA,NA,25,942,0.5
E,+ interactions: lumps eps into residual,0.4468758166608417,0.22386327850883173,0.008103790783531517,0.8856478425381519,TRUE,1.1375936169420244,NA,NA,0.21706944346978324,25,942,0.5
F,+ (1|item:variant:judge:temp): splits eps/rho,0.44687581666084175,0.22048323383978558,0.014728678334862022,0.8790229549868215,TRUE,1.1204174312536062,0.03587945279167155,0.09882374639033976,NA,25,942,0.5
A,"1 obs/item, naive SE",0.4385680597330742,0.14711998655272301,0.1502128860897371,0.7269232333764113,TRUE,0.7476114829631224,NA,NA,NA,25,943,0.5
B,+ (1|variant): captures phi,0.4051625762875755,0.19533610713338928,0.022303806306132545,0.7880213462690184,TRUE,0.9926286710059081,NA,NA,NA,25,943,0.5
C,+ (1|judge): captures lambda,0.16844881234964987,0.22976039164528547,-0.28188155527510966,0.6187791799744093,TRUE,1.1675606499771012,NA,NA,NA,25,943,0.5
D,+ (1|temp): captures tau,0.43463458034540675,0.2731003712761217,-0.10064214735579174,0.9699113080466053,TRUE,1.3877990227680703,NA,NA,NA,25,943,0.5
E,+ interactions: lumps eps into residual,0.43463458034540675,0.2584330340985633,-0.0718941664877773,0.9411633271785909,TRUE,1.3132648282281265,NA,NA,0.21505054383519764,25,943,0.5
F,+ (1|item:variant:judge:temp): splits eps/rho,0.4346345803454067,0.2558710380339197,-0.06687265420107591,0.9361418148918893,TRUE,1.3002456748002715,0.042491290571712,0.10263691708788583,NA,25,943,0.5
A,"1 obs/item, naive SE",0.953294029575935,0.1357305573138412,0.6872621372408063,1.2193259219110637,FALSE,0.6897344515488181,NA,NA,NA,25,944,0.5
B,+ (1|variant): captures phi,0.8900187669970737,0.24107516884938074,0.41751143605228747,1.3625260979418599,TRUE,1.2250583262830974,NA,NA,NA,25,944,0.5
C,+ (1|judge): captures lambda,0.7778295776491753,0.24589144512855332,0.29588234519721074,1.2597768101011397,TRUE,1.2495329305554541,NA,NA,NA,25,944,0.5
D,+ (1|temp): captures tau,0.4841853089568521,0.26063762847581856,-0.026664442855752313,0.9950350607694565,TRUE,1.324467793306711,NA,NA,NA,25,944,0.5
E,+ interactions: lumps eps into residual,0.4841853089568521,0.25042299548372676,-0.006643762191252345,0.9750143801049564,TRUE,1.2725606588780038,NA,NA,0.20253532545964645,25,944,0.5
F,+ (1|item:variant:judge:temp): splits eps/rho,0.48418530895685213,0.2478670718305265,-0.001634151830979813,0.9700047697446841,TRUE,1.2595723632868758,0.035039030546443584,0.09783904317806952,NA,25,944,0.5
A,"1 obs/item, naive SE",0.23847208619541738,0.12992328124698446,-0.016177545048672137,0.4931217174395069,FALSE,0.660223938571962,NA,NA,NA,25,945,0.5
B,+ (1|variant): captures phi,-0.11295982845487619,0.1874963304173475,-0.4804526360728773,0.25453297916312495,FALSE,0.9527897121117722,NA,NA,NA,25,945,0.5
C,+ (1|judge): captures lambda,0.10056415447859213,0.20662909277307098,-0.304428867356627,0.5055571763138113,TRUE,1.0500156103266105,NA,NA,NA,25,945,0.5
D,+ (1|temp): captures tau,0.21952945935357862,0.23097093239803382,-0.23317356814656767,0.6722324868537249,TRUE,1.1737121878378334,NA,NA,NA,25,945,0.5
E,+ interactions: lumps eps into residual,0.21952945935357862,0.22307056190578312,-0.21768884198175628,0.6567477606889135,TRUE,1.1335653129089605,NA,NA,0.20891268434462293,25,945,0.5
F,+ (1|item:variant:judge:temp): splits eps/rho,0.2195294593535785,0.22025581063719551,-0.21217192949532468,0.6512308482024817,TRUE,1.1192617473677349,0.041997336488626934,0.09503418463087354,NA,25,945,0.5
A,"1 obs/item, naive SE",-0.04990474301240615,0.08811850590662437,-0.22261701458938993,0.12280752856457762,FALSE,0.44778692835006095,NA,NA,NA,25,946,0.5
B,+ (1|variant): captures phi,0.2559412694826949,0.16974048686298793,-0.07675008476876144,0.5886326237341513,TRUE,0.8625608258674221,NA,NA,NA,25,946,0.5
C,+ (1|judge): captures lambda,0.28509978748256365,0.18447549079482528,-0.07647217447529392,0.6466717494404213,TRUE,0.9374388788028102,NA,NA,NA,25,946,0.5
D,+ (1|temp): captures tau,0.5531281874048404,0.24222656429880204,0.07836412137918836,1.0278922534304924,TRUE,1.2309093087334688,NA,NA,NA,25,946,0.5
E,+ interactions: lumps eps into residual,0.5531281874048404,0.23474175356755747,0.09303435041242775,1.013222024397253,TRUE,1.1928741608137217,NA,NA,0.22270746529322846,25,946,0.5
F,+ (1|item:variant:judge:temp): splits eps/rho,0.5531281874048404,0.2314645240908986,0.09945772018667914,1.0067986546230017,TRUE,1.1762204453909204,0.041935002231072,0.0978000399612678,NA,25,946,0.5
A,"1 obs/item, naive SE",0.45424165807154443,0.08443068783821478,0.28875750990864346,0.6197258062344454,TRUE,0.42904674763346023,NA,NA,NA,25,947,0.5
B,+ (1|variant): captures phi,0.729012915569472,0.12255947623336794,0.48879634215207085,0.9692294889868731,TRUE,0.6228036987019141,NA,NA,NA,25,947,0.5
C,+ (1|judge): captures lambda,0.6936514658623388,0.10356695326781803,0.4906602374574155,0.8966426942672622,TRUE,0.5262904472247094,NA,NA,NA,25,947,0.5
D,+ (1|temp): captures tau,0.6316446837148713,0.1882242046676306,0.2627252425663153,1.0005641248634272,TRUE,0.9564885103540478,NA,NA,NA,25,947,0.5
E,+ interactions: lumps eps into residual,0.6316446837148713,0.17374207683265588,0.2911102131228657,0.9721791543068767,TRUE,0.8828954838668757,NA,NA,0.22009146328816195,25,947,0.5
F,+ (1|item:variant:judge:temp): splits eps/rho,0.6316446837148713,0.16941834781394138,0.29958472199954617,0.9637046454301963,TRUE,0.8609238297133224,0.03878611037047505,0.10034378670729552,NA,25,947,0.5
A,"1 obs/item, naive SE",0.3200067238567169,0.10275050248286446,0.11861573899030256,0.5213977087231313,TRUE,0.5221415345146964,NA,NA,NA,25,948,0.5
B,+ (1|variant): captures phi,0.6083235371023603,0.16766320352423159,0.2797036581948664,0.9369434160098542,TRUE,0.8520048102381951,NA,NA,NA,25,948,0.5
C,+ (1|judge): captures lambda,0.5563530326871782,0.16755333111570078,0.22794850370040465,0.8847575616739517,TRUE,0.8514464777083793,NA,NA,NA,25,948,0.5
D,+ (1|temp): captures tau,0.6045717986342927,0.21231441193880105,0.1884355512342426,1.0207080460343427,TRUE,1.0789063816772924,NA,NA,NA,25,948,0.5
E,+ interactions: lumps eps into residual,0.6045717986342927,0.2028047479953198,0.20707449256346583,1.0020691047051196,TRUE,1.0305816493968207,NA,NA,0.2227886085060385,25,948,0.5
F,+ (1|item:variant:judge:temp): splits eps/rho,0.6045717986342927,0.19918235509656887,0.2141743826450177,0.9949692146235676,TRUE,1.0121739361393174,0.04172917441652149,0.10358130651905981,NA,25,948,0.5
A,"1 obs/item, naive SE",0.7635457137679826,0.11554957978876643,0.5370685373820004,0.9900228901539648,FALSE,0.5871818963950715,NA,NA,NA,25,949,0.5
B,+ (1|variant): captures phi,0.7365097124796054,0.12959328913479265,0.4825068657754118,0.990512559183799,TRUE,0.658547035942057,NA,NA,NA,25,949,0.5
C,+ (1|judge): captures lambda,0.42865541765587467,0.19939958185909082,0.037832237212056696,0.8194785980996926,TRUE,1.0132778053407336,NA,NA,NA,25,949,0.5
D,+ (1|temp): captures tau,0.7368334710006151,0.2500535386148603,0.246728535315489,1.2269384066857412,TRUE,1.2706832103810575,NA,NA,NA,25,949,0.5
E,+ interactions: lumps eps into residual,0.7368334710006151,0.2416780485078952,0.26314449592514055,1.2105224460760897,TRUE,1.2281219464349984,NA,NA,0.19966351626472634,25,949,0.5
F,+ (1|item:variant:judge:temp): splits eps/rho,0.7368334710006151,0.23917407557721254,0.26805228286927857,1.2056146591319516,TRUE,1.2153976459516216,0.03741094501552001,0.09628632583534776,NA,25,949,0.5
A,"1 obs/item, naive SE",0.6280929118050004,0.14292660162302825,0.347956772623865,0.9082290509861357,TRUE,0.7263021911436808,NA,NA,NA,25,950,0.5
B,+ (1|variant): captures phi,0.5970526031108024,0.15203613681860578,0.2990617749463351,0.8950434312752698,TRUE,0.7725936113391948,NA,NA,NA,25,950,0.5
C,+ (1|judge): captures lambda,0.6191304187219161,0.18891220609444404,0.24886249477680578,0.9893983426670264,TRUE,0.959984689078863,NA,NA,NA,25,950,0.5
D,+ (1|temp): captures tau,0.7486494343308655,0.16425938475511304,0.426701040210844,1.070597828450887,TRUE,0.8347078130228883,NA,NA,NA,25,950,0.5
E,+ interactions: lumps eps into residual,0.7486494343308655,0.1508252366057916,0.45303197058351397,1.044266898078217,TRUE,0.7664402468301657,NA,NA,0.2140429604045377,25,950,0.5
F,+ (1|item:variant:judge:temp): splits eps/rho,0.7486494343308656,0.1461795183933478,0.4621375782799039,1.0351612903818272,TRUE,0.742832358033974,0.035575321103945665,0.10100733388986646,NA,25,950,0.5
A,"1 obs/item, naive SE",0.3459441769481852,0.11759091611069279,0.11546598137122732,0.5764223725251431,TRUE,0.5975552420608892,NA,NA,NA,25,951,0.5
B,+ (1|variant): captures phi,0.6234458359317361,0.137853553999009,0.35325287009367845,0.8936388017697937,TRUE,0.7005227661572843,NA,NA,NA,25,951,0.5
C,+ (1|judge): captures lambda,0.6387430569007293,0.1496309818881728,0.3454663323999106,0.9320197814015481,TRUE,0.7603714688116554,NA,NA,NA,25,951,0.5
D,+ (1|temp): captures tau,0.590174190450363,0.2119861649422304,0.17468130716359143,1.0056670737371345,TRUE,1.0772383471047333,NA,NA,NA,25,951,0.5
E,+ interactions: lumps eps into residual,0.590174190450363,0.19784479928478146,0.20239838385219133,0.9779499970485347,TRUE,1.0053769528916472,NA,NA,0.20693081357559207,25,951,0.5
F,+ (1|item:variant:judge:temp): splits eps/rho,0.590174190450363,0.1944840117807645,0.2089855273600646,0.9713628535406614,TRUE,0.9882986252716155,0.0387103785353711,0.0988333297540647,NA,25,951,0.5
A,"1 obs/item, naive SE",-0.10811985164495233,0.08311417720563313,-0.2710236389679933,0.05478393567808862,FALSE,0.4223567085067345,NA,NA,NA,25,952,0.5
B,+ (1|variant): captures phi,-0.10181454402768174,0.1562522925329765,-0.4080690373923157,0.2044399493369522,FALSE,0.7940186161932739,NA,NA,NA,25,952,0.5
C,+ (1|judge): captures lambda,-0.057845402813694644,0.20648654812113593,-0.46255903713112106,0.34686823150373175,FALSE,1.0492912490680304,NA,NA,NA,25,952,0.5
D,+ (1|temp): captures tau,0.27643280403834336,0.3062223421730667,-0.32376298662086733,0.876628594697554,TRUE,1.5561131068102982,NA,NA,NA,25,952,0.5
E,+ interactions: lumps eps into residual,0.27643280403834336,0.3021113900186315,-0.31570552039817446,0.8685711284748612,TRUE,1.535222709056854,NA,NA,0.2152426529334657,25,952,0.5
F,+ (1|item:variant:judge:temp): splits eps/rho,0.2764328040383433,0.299841767528692,-0.3112570603178931,0.8641226683945797,TRUE,1.523689294221596,0.0428612121326234,0.098509161053628,NA,25,952,0.5
A,"1 obs/item, naive SE",0.6775095757413293,0.09138600531796093,0.4983930053181259,0.8566261461645327,TRUE,0.4643911990391085,NA,NA,NA,25,953,0.5
B,+ (1|variant): captures phi,0.99214604050341,0.15616667163599987,0.6860593640968503,1.2982327169099697,FALSE,0.7935835212258175,NA,NA,NA,25,953,0.5
C,+ (1|judge): captures lambda,0.7502725064626464,0.23475934967829043,0.2901441810931972,1.2104008318320956,TRUE,1.1929635779945391,NA,NA,NA,25,953,0.5
D,+ (1|temp): captures tau,0.589023058019465,0.2722688786591639,0.055376055847503824,1.1226700601914261,TRUE,1.3835736728139094,NA,NA,NA,25,953,0.5
E,+ interactions: lumps eps into residual,0.589023058019465,0.26326880062923563,0.0730162087861631,1.1050299072527667,TRUE,1.337838475031471,NA,NA,0.22000345085728426,25,953,0.5
F,+ (1|item:variant:judge:temp): splits eps/rho,0.5890230580194646,0.26019839936211914,0.07903419526971112,1.0990119207692182,TRUE,1.3222357870596488,0.036647703508700134,0.09937273617551463,NA,25,953,0.5
A,"1 obs/item, naive SE",1.4161390752088272,0.11861448777145948,1.1836546791767666,1.6486234712408878,FALSE,0.6027566694478511,NA,NA,NA,25,954,0.5
B,+ (1|variant): captures phi,1.2362345458291464,0.12128487465999324,0.9985161914955596,1.4739529001627332,FALSE,0.6163266265189562,NA,NA,NA,25,954,0.5
C,+ (1|judge): captures lambda,0.8646147714130501,0.22089319477493727,0.43166410965417307,1.297565433171927,TRUE,1.122500707019648,NA,NA,NA,25,954,0.5
D,+ (1|temp): captures tau,0.7208935718125568,0.1771956214030819,0.37359015386251626,1.0681969897625971,TRUE,0.9004451699311151,NA,NA,NA,25,954,0.5
E,+ interactions: lumps eps into residual,0.7208935718125568,0.16692150310444318,0.39372742572784813,1.0480597178972655,TRUE,0.848235752316526,NA,NA,0.21211972750136487,25,954,0.5
F,+ (1|item:variant:judge:temp): splits eps/rho,0.7208935718125569,0.16372322812261847,0.39999604469222466,1.0417910989328891,TRUE,0.8319832555748347,0.03980832021226029,0.10283101052938164,NA,25,954,0.5
A,"1 obs/item, naive SE",0.5419888498355627,0.12197087380711569,0.302925937173616,0.7810517624975095,TRUE,0.6198126303700228,NA,NA,NA,25,955,0.5
B,+ (1|variant): captures phi,0.5560897637301899,0.14226712279209408,0.27724620305768555,0.8349333244026943,TRUE,0.7229509541137562,NA,NA,NA,25,955,0.5
C,+ (1|judge): captures lambda,0.720373391356066,0.21096433080903013,0.306883302970367,1.133863479741765,TRUE,1.07204574921532,NA,NA,NA,25,955,0.5
D,+ (1|temp): captures tau,0.4872612141255901,0.215826938100395,0.06424041544881592,0.9102820128023643,TRUE,1.096755791224886,NA,NA,NA,25,955,0.5
E,+ interactions: lumps eps into residual,0.4872612141255901,0.20560988168548275,0.0842658460220439,0.8902565822291363,TRUE,1.0448363418227269,NA,NA,0.20771829107413456,25,955,0.5
F,+ (1|item:variant:judge:temp): splits eps/rho,0.48726121412559015,0.20239401853695752,0.09056893779315345,0.8839534904580268,TRUE,1.0284944682689674,0.03549444720522671,0.10215629068000029,NA,25,955,0.5
A,"1 obs/item, naive SE",1.165578991217398,0.106175351232949,0.9574753028008179,1.373682679633978,FALSE,0.5395453986188948,NA,NA,NA,25,956,0.5
B,+ (1|variant): captures phi,1.1409105718181418,0.10218237939257283,0.940633108208699,1.3411880354275845,FALSE,0.519254534889487,NA,NA,NA,25,956,0.5
C,+ (1|judge): captures lambda,1.0180811891541075,0.16418534141014496,0.6962779199902234,1.3398844583179916,FALSE,0.8343315510599,NA,NA,NA,25,956,0.5
D,+ (1|temp): captures tau,0.7759726339004929,0.20401471083221837,0.3761038006693449,1.1758414671316408,TRUE,1.0367302504946045,NA,NA,NA,25,956,0.5
E,+ interactions: lumps eps into residual,0.7759726339004929,0.1932711008077204,0.3971612763173609,1.1547839914836249,TRUE,0.9821350427937529,NA,NA,0.23039078002429025,25,956,0.5
F,+ (1|item:variant:judge:temp): splits eps/rho,0.7759726339004928,0.18928258733523357,0.40497876272343497,1.1469665050775506,TRUE,0.9618668349053864,0.04387463316968786,0.10171952221744462,NA,25,956,0.5
A,"1 obs/item, naive SE",-0.5661022834310535,0.11215259989176743,-0.7859213792189177,-0.3462831876431893,FALSE,0.5699196518972361,NA,NA,NA,25,957,0.5
B,+ (1|variant): captures phi,-0.11142088008572056,0.1899836902965587,-0.4837889130669756,0.2609471528955345,FALSE,0.965429590972104,NA,NA,NA,25,957,0.5
C,+ (1|judge): captures lambda,0.021265330369433268,0.14207718447706058,-0.25720595120560547,0.29973661194447204,FALSE,0.721985755103744,NA,NA,NA,25,957,0.5
D,+ (1|temp): captures tau,0.1434015115390942,0.1901090593520136,-0.22921224479085245,0.5160152678690408,TRUE,0.9660666719538423,NA,NA,NA,25,957,0.5
E,+ interactions: lumps eps into residual,0.1434015115390942,0.15546640448433552,-0.1613126412502034,0.4481156643283918,FALSE,0.7900250124467365,NA,NA,0.21253142241627715,25,957,0.5
F,+ (1|item:variant:judge:temp): splits eps/rho,0.14340151153909414,0.1527994497021835,-0.15608540987718555,0.44288843295537383,FALSE,0.7764724961204403,0.03969638306796458,0.09903788203199748,NA,25,957,0.5
A,"1 obs/item, naive SE",0.7087665315191573,0.12252061624517026,0.46862612367862355,0.948906939359691,TRUE,0.6226062260533288,NA,NA,NA,25,958,0.5
B,+ (1|variant): captures phi,0.41649362651119154,0.14766445577039367,0.12707129320121996,0.7059159598211631,TRUE,0.7503782820146208,NA,NA,NA,25,958,0.5
C,+ (1|judge): captures lambda,0.553107215807591,0.17223324635262202,0.2155300529564519,0.8906843786587302,TRUE,0.8752281436288187,NA,NA,NA,25,958,0.5
D,+ (1|temp): captures tau,0.5388252930709821,0.19355324480575595,0.15946093325170052,0.9181896528902638,TRUE,0.9835687983134689,NA,NA,NA,25,958,0.5
E,+ interactions: lumps eps into residual,0.5388252930709821,0.17838476887496457,0.1891911460760516,0.8884594400659127,TRUE,0.9064879947419878,NA,NA,0.21042752064257073,25,958,0.5
F,+ (1|item:variant:judge:temp): splits eps/rho,0.538825293070982,0.1747339709882146,0.19634670993408143,0.8813038762078826,TRUE,0.8879359374310415,0.040238691612754944,0.09874489126036728,NA,25,958,0.5
A,"1 obs/item, naive SE",0.893970142915267,0.09648357279251274,0.704862340241942,1.083077945588592,FALSE,0.4902952251911808,NA,NA,NA,25,959,0.5
B,+ (1|variant): captures phi,0.7580777210869094,0.11229029834461697,0.5379887363314602,0.9781667058423587,FALSE,0.5706193864944772,NA,NA,NA,25,959,0.5
C,+ (1|judge): captures lambda,0.38889061371050004,0.19587389161444002,0.004977786146197594,0.7728034412748025,TRUE,0.9953615006017619,NA,NA,NA,25,959,0.5
D,+ (1|temp): captures tau,0.5821381371969415,0.20390257638824447,0.18248908747598236,0.9817871869179007,TRUE,1.0361604231046289,NA,NA,NA,25,959,0.5
E,+ interactions: lumps eps into residual,0.5821381371969415,0.18253824557439155,0.22436317587113408,0.939913098522749,TRUE,0.9275944871192053,NA,NA,0.20087128275145624,25,959,0.5
F,+ (1|item:variant:judge:temp): splits eps/rho,0.5821381371969415,0.17950060417957084,0.23031695300498267,0.9339593213889004,TRUE,0.9121582731750296,0.038746613298689656,0.10116529352532506,NA,25,959,0.5
A,"1 obs/item, naive SE",0.51772404356613,0.11380489756564396,0.2946664443374678,0.7407816427947922,TRUE,0.5783160414239622,NA,NA,NA,25,960,0.5
B,+ (1|variant): captures phi,0.69062417850661,0.11599206215826466,0.4632797366764112,0.9179686203368087,TRUE,0.5894304345318463,NA,NA,NA,25,960,0.5
C,+ (1|judge): captures lambda,0.6634766302062841,0.14826564213945845,0.37287597161294556,0.9540772887996227,TRUE,0.7534332974713593,NA,NA,NA,25,960,0.5
D,+ (1|temp): captures tau,0.6116901777098689,0.21816106813843592,0.18409448415853452,1.0392858712612032,TRUE,1.1086170104926243,NA,NA,NA,25,960,0.5
E,+ interactions: lumps eps into residual,0.6116901777098689,0.2143936970163693,0.1914785315577851,1.0319018238619526,TRUE,1.089472569431713,NA,NA,0.205848262091208,25,960,0.5
F,+ (1|item:variant:judge:temp): splits eps/rho,0.6116901777098689,0.21232796687367134,0.19552736263747306,1.0278529927822646,TRUE,1.0789752630386718,0.04078634556086666,0.09961059468379194,NA,25,960,0.5
A,"1 obs/item, naive SE",0.28006964859915395,0.11872103550288234,0.04737641901350459,0.5127628781848033,TRUE,0.6032981071502456,NA,NA,NA,25,961,0.5
B,+ (1|variant): captures phi,0.5773624890152469,0.1302434932374116,0.32208524226992014,0.8326397357605737,TRUE,0.6618511420990643,NA,NA,NA,25,961,0.5
C,+ (1|judge): captures lambda,1.0462550783195401,0.2836126741208056,0.4903742370427612,1.6021359195963192,TRUE,1.4412188095912233,NA,NA,NA,25,961,0.5
D,+ (1|temp): captures tau,0.7369367078874302,0.24723795537623589,0.25235031535000785,1.2215231004248523,TRUE,1.2563754170637997,NA,NA,NA,25,961,0.5
E,+ interactions: lumps eps into residual,0.7369367078874302,0.23639087760986155,0.2736105877721015,1.2002628280027587,TRUE,1.2012544230727538,NA,NA,0.21376863890522757,25,961,0.5
F,+ (1|item:variant:judge:temp): splits eps/rho,0.73693670788743,0.23334306981723352,0.27958429104565236,1.1942891247292078,TRUE,1.1857665471082148,0.04060475492435287,0.09751884059396136,NA,25,961,0.5
A,"1 obs/item, naive SE",1.1198144201575462,0.11416029177410822,0.8960602482802941,1.3435685920347984,FALSE,0.5801220284788294,NA,NA,NA,25,962,0.5
B,+ (1|variant): captures phi,1.117231421039708,0.1346168908270291,0.853382315018731,1.3810805270606852,FALSE,0.6840751942769752,NA,NA,NA,25,962,0.5
C,+ (1|judge): captures lambda,0.76996969922005,0.21082471608718018,0.3567532556891769,1.1831861427509232,TRUE,1.0713362768200902,NA,NA,NA,25,962,0.5
D,+ (1|temp): captures tau,0.573904325465996,0.24793369270053095,0.08795428777295539,1.0598543631590367,TRUE,1.2599109068701602,NA,NA,NA,25,962,0.5
E,+ interactions: lumps eps into residual,0.573904325465996,0.24152041427620827,0.10052431348462781,1.0472843374473642,TRUE,1.227320905295187,NA,NA,0.20560295435864887,25,962,0.5
F,+ (1|item:variant:judge:temp): splits eps/rho,0.5739043254659958,0.23919240053624521,0.10508722041495516,1.0427214305170365,TRUE,1.2154907668804544,0.040575340427123456,0.1007382612209195,NA,25,962,0.5
A,"1 obs/item, naive SE",0.8819306981518245,0.12504997094186315,0.6368327551057726,1.1270286411978763,FALSE,0.6354595076505009,NA,NA,NA,25,963,0.5
B,+ (1|variant): captures phi,0.3456251827285001,0.2397576316375222,-0.12429977528104336,0.8155501407380437,TRUE,1.2183630704453485,NA,NA,NA,25,963,0.5
C,+ (1|judge): captures lambda,0.44146077266828715,0.2767408230332789,-0.10095124047693954,0.9838727858135139,TRUE,1.4062985047255994,NA,NA,NA,25,963,0.5
D,+ (1|temp): captures tau,0.5941570220479487,0.2289347366699672,0.14544493817481302,1.0428691059210844,TRUE,1.163364964842965,NA,NA,NA,25,963,0.5
E,+ interactions: lumps eps into residual,0.5941570220479487,0.21336096747659847,0.17596952579381575,1.0123445183020818,TRUE,1.0842246049585025,NA,NA,0.2179611599251971,25,963,0.5
F,+ (1|item:variant:judge:temp): splits eps/rho,0.5941570220479487,0.20966854395983958,0.18320667588666317,1.0051073682092344,TRUE,1.0654610209902375,0.034182070573772066,0.10123327652560568,NA,25,963,0.5
A,"1 obs/item, naive SE",-0.27126138355759605,0.10435028854286814,-0.4757879491016176,-0.0667348180135745,FALSE,0.5302710786831528,NA,NA,NA,25,964,0.5
B,+ (1|variant): captures phi,0.2501374550529524,0.17492471294200362,-0.09271498231337472,0.5929898924192795,TRUE,0.8889052202475838,NA,NA,NA,25,964,0.5
C,+ (1|judge): captures lambda,0.4358735571540427,0.1897919161452476,0.0638814015093574,0.807865712798728,TRUE,0.9644550628946132,NA,NA,NA,25,964,0.5
D,+ (1|temp): captures tau,0.3942550912455243,0.20224612107888754,-0.002147306069095245,0.7906574885601438,TRUE,1.0277429059520788,NA,NA,NA,25,964,0.5
E,+ interactions: lumps eps into residual,0.3942550912455243,0.1924240130381492,0.017104025690751867,0.7714061568002968,TRUE,0.977830443816767,NA,NA,0.2026798673776793,25,964,0.5
F,+ (1|item:variant:judge:temp): splits eps/rho,0.3942550912455244,0.18994090421401572,0.021970918986053578,0.7665392635049952,TRUE,0.96521216730745,0.034727567295497544,0.0991469384599851,NA,25,964,0.5
A,"1 obs/item, naive SE",0.16994887897383631,0.10991364217417487,-0.04548185968754642,0.38537961763521905,FALSE,0.5585420645363154,NA,NA,NA,25,965,0.5
B,+ (1|variant): captures phi,0.1274265116371074,0.16202765570573463,-0.19014769354613248,0.44500071682034725,FALSE,0.8233669591846523,NA,NA,NA,25,965,0.5
C,+ (1|judge): captures lambda,0.4256406118320758,0.21085010335718965,0.012374409251984075,0.8389068144121675,TRUE,1.0714652859032536,NA,NA,NA,25,965,0.5
D,+ (1|temp): captures tau,0.3856422726467166,0.22832410387620192,-0.06187297095063915,0.8331575162440723,TRUE,1.1602619460133026,NA,NA,NA,25,965,0.5
E,+ interactions: lumps eps into residual,0.3856422726467166,0.21766018874413098,-0.04097169729178013,0.8122562425852133,TRUE,1.1060717194309793,NA,NA,0.21125624858690237,25,965,0.5
F,+ (1|item:variant:judge:temp): splits eps/rho,0.38564227264671647,0.21465161912967898,-0.03507490084745435,0.8063594461408873,TRUE,1.090783237942081,0.03877839027873839,0.09912476187444667,NA,25,965,0.5
A,"1 obs/item, naive SE",0.6800578971621852,0.09348744492938202,0.49682250510059645,0.863293289223774,TRUE,0.4750699682605083,NA,NA,NA,25,966,0.5
B,+ (1|variant): captures phi,0.4824367400460523,0.1344374242962089,0.21893938842548288,0.7459340916666217,TRUE,0.6831632091525023,NA,NA,NA,25,966,0.5
C,+ (1|judge): captures lambda,0.5223722899329283,0.1215942274676559,0.2840476040963227,0.7606969757695339,TRUE,0.6178986475387692,NA,NA,NA,25,966,0.5
D,+ (1|temp): captures tau,0.44689992467601153,0.1807660493003857,0.09259846804725558,0.8012013813047675,TRUE,0.918588815520422,NA,NA,NA,25,966,0.5
E,+ interactions: lumps eps into residual,0.44689992467601153,0.16290131128386287,0.1276133545596403,0.7661864947923828,TRUE,0.8278065663221189,NA,NA,0.22892485181041702,25,966,0.5
F,+ (1|item:variant:judge:temp): splits eps/rho,0.4468999246760116,0.15947894755090397,0.13432118747623983,0.7594786618757834,TRUE,0.8104153301917397,0.03890519498901192,0.10236466968931027,NA,25,966,0.5
A,"1 obs/item, naive SE",0.219070804437894,0.13855086326712363,-0.052488887565668274,0.4906304964414563,FALSE,0.7040662440234428,NA,NA,NA,25,967,0.5
B,+ (1|variant): captures phi,0.19518855724589892,0.13853939566203,-0.07634865825167989,0.4667257727434777,FALSE,0.7040079697301195,NA,NA,NA,25,967,0.5
C,+ (1|judge): captures lambda,0.5270833796415371,0.20474330198054794,0.1257865077596631,0.928380251523411,TRUE,1.0404326917579556,NA,NA,NA,25,967,0.5
D,+ (1|temp): captures tau,0.26217133457332575,0.2275803255988491,-0.18388610360041852,0.70822877274707,TRUE,1.1564823291579938,NA,NA,NA,25,967,0.5
E,+ interactions: lumps eps into residual,0.26217133457332575,0.22236871257638752,-0.1736713420763938,0.6980140112230453,TRUE,1.1299987640649793,NA,NA,0.2172527164763717,25,967,0.5
F,+ (1|item:variant:judge:temp): splits eps/rho,0.26217133457332586,0.21923476423790117,-0.16752880333296044,0.6918714724796122,TRUE,1.1140731524620586,0.04375539593071545,0.09982006744972935,NA,25,967,0.5
A,"1 obs/item, naive SE",0.5951792889887368,0.10037056135910252,0.3984529887248959,0.7919055892525778,TRUE,0.5100475195912859,NA,NA,NA,25,968,0.5
B,+ (1|variant): captures phi,0.6627193867508087,0.10537169611623086,0.4561908623629962,0.8692479111386211,TRUE,0.5354615089470777,NA,NA,NA,25,968,0.5
C,+ (1|judge): captures lambda,0.8329917235701227,0.10344150915950065,0.6302463656175015,1.035737081522744,FALSE,0.525652984850999,NA,NA,NA,25,968,0.5
D,+ (1|temp): captures tau,0.5541778566281294,0.2068745120628324,0.14870381298497787,0.9596519002712809,TRUE,1.0512627439314015,NA,NA,NA,25,968,0.5
E,+ interactions: lumps eps into residual,0.5541778566281294,0.18711998735111898,0.18742268141993618,0.9209330318363225,TRUE,0.9508772704072921,NA,NA,0.2054034014089349,25,968,0.5
F,+ (1|item:variant:judge:temp): splits eps/rho,0.5541778566281294,0.18402469618225606,0.19348945211090746,0.9148662611453513,TRUE,0.935148100801047,0.04316594174173151,0.10022526688518903,NA,25,968,0.5
A,"1 obs/item, naive SE",0.0826072737102748,0.10542670238595926,-0.12402906296620535,0.28924361038675495,FALSE,0.5357410312597661,NA,NA,NA,25,969,0.5
B,+ (1|variant): captures phi,0.6814397332822474,0.3094038748230955,0.07500813862898026,1.2878713279355145,TRUE,1.5722805249722842,NA,NA,NA,25,969,0.5
C,+ (1|judge): captures lambda,0.6544756148182856,0.2952282413653377,0.07582826174222379,1.2331229678943476,TRUE,1.5002449939773297,NA,NA,NA,25,969,0.5
D,+ (1|temp): captures tau,0.38173596707959845,0.27871458869051047,-0.1645446267538021,0.928016560912999,TRUE,1.4163284802890879,NA,NA,NA,25,969,0.5
E,+ interactions: lumps eps into residual,0.38173596707959845,0.2633957327196278,-0.13451966905087198,0.8979916032100689,TRUE,1.3384834988012337,NA,NA,0.21534474957002844,25,969,0.5
F,+ (1|item:variant:judge:temp): splits eps/rho,0.38173596707959867,0.2607018915384864,-0.12923974033583463,0.892711674495032,TRUE,1.3247943553511117,0.038864920852819625,0.10088604694145681,NA,25,969,0.5
A,"1 obs/item, naive SE",1.125677986181656,0.10627687908714259,0.9173753031708565,1.3339806691924554,FALSE,0.5400613270893514,NA,NA,NA,25,970,0.5
B,+ (1|variant): captures phi,0.7568463236387609,0.15838230037038248,0.44641701491281127,1.0672756323647106,TRUE,0.8048425589855435,NA,NA,NA,25,970,0.5
C,+ (1|judge): captures lambda,0.5304950448145092,0.18358428002413227,0.1706698559672099,0.8903202336618083,TRUE,0.93291006241611385,NA,NA,NA,25,970,0.5
D,+ (1|temp): captures tau,0.4400886901927703,0.15712981816566982,0.13211424658805748,0.7480631337974831,TRUE,0.7984778895725634,NA,NA,NA,25,970,0.5
E,+ interactions: lumps eps into residual,0.4400886901927703,0.13956297160814213,0.16654526584081175,0.7136321145447289,TRUE,0.7092094188936839,NA,NA,0.20485905020713427,25,970,0.5
F,+ (1|item:variant:judge:temp): splits eps/rho,0.4400886901927705,0.13525583751888362,0.17498724865575865,0.7051901317297824,TRUE,0.6873220942735339,0.04132764347655059,0.09737202299370691,NA,25,970,0.5
A,"1 obs/item, naive SE",0.5611646602396114,0.1317877210681002,0.3028607269461351,0.8194685935330878,TRUE,0.6696983590923875,NA,NA,NA,25,971,0.5
B,+ (1|variant): captures phi,0.1798356745633684,0.1542672220869951,-0.12252808072714194,0.48219942985387876,FALSE,0.7839311937112537,NA,NA,NA,25,971,0.5
C,+ (1|judge): captures lambda,0.4921216888646179,0.22335884840488873,0.054338345991035986,0.9299050317381998,TRUE,1.1350302824359755,NA,NA,NA,25,971,0.5
D,+ (1|temp): captures tau,0.4659665680797276,0.20649745497067712,0.061231556337200455,0.8707015798222547,TRUE,1.0493466738009374,NA,NA,NA,25,971,0.5
E,+ interactions: lumps eps into residual,0.4659665680797276,0.20045650654722436,0.07307181524716783,0.8588613209122873,TRUE,1.0186487209585968,NA,NA,0.2251363412517481,25,971,0.5
F,+ (1|item:variant:judge:temp): splits eps/rho,0.4659665680797274,0.1981209203793044,0.07764956413629082,0.8542835720231641,TRUE,1.0067801021563443,0.03620585548362115,0.10403671561172977,NA,25,971,0.5
A,"1 obs/item, naive SE",0.7168834431498771,0.11884558053773878,0.4839461052959091,0.949820781003845,TRUE,0.6039310007521719,NA,NA,NA,25,972,0.5
B,+ (1|variant): captures phi,0.8935456736467354,0.13774689500968335,0.623561759427756,1.1635295878657148,FALSE,0.6999807630817707,NA,NA,NA,25,972,0.5
C,+ (1|judge): captures lambda,0.6751263949418476,0.18746740130087805,0.3076902883921266,1.0425625014915685,TRUE,0.9526427046237258,NA,NA,NA,25,972,0.5
D,+ (1|temp): captures tau,0.57998210026429875,0.2138328677739587,0.1608696794273397,0.9990945211012578,TRUE,1.0866226345490897,NA,NA,NA,25,972,0.5
E,+ interactions: lumps eps into residual,0.57998210026429875,0.19794158142788718,0.1920166006656399,0.9679475998629576,TRUE,1.0058687653450535,NA,NA,0.21064041258668847,25,972,0.5
F,+ (1|item:variant:judge:temp): splits eps/rho,0.57998210026429875,0.19575778647717088,0.19629683876904386,0.9636673617595537,TRUE,0.9947714955597052,0.03669501187184611,0.1037824857056833,NA,25,972,0.5
A,"1 obs/item, naive SE",0.6464165252914822,0.11226179469299732,0.42638340769320743,0.866449642889757,TRUE,0.5704745410675808,NA,NA,NA,25,973,0.5
B,+ (1|variant): captures phi,0.3266437755123338,0.18054776949953072,-0.027229852706746382,0.680517403731414,TRUE,0.9174795951524634,NA,NA,NA,25,973,0.5
C,+ (1|judge): captures lambda,0.5877052504244833,0.3138539817964405,-0.027448553896539996,1.2028590547455065,TRUE,1.5948943869746077,NA,NA,NA,25,973,0.5
D,+ (1|temp): captures tau,0.8918163119106983,0.30842428286972967,0.28730471748602815,1.4963279063353685,TRUE,1.5673025868272714,NA,NA,NA,25,973,0.5
E,+ interactions: lumps eps into residual,0.8918163119106983,0.299769407114176,0.30426827396691336,1.4793643498544833,TRUE,1.523321584313026,NA,NA,0.2190884227323674,25,973,0.5
F,+ (1|item:variant:judge:temp): splits eps/rho,0.8918163119106983,0.2974023189580263,0.3089077667529667,1.47472485706843,TRUE,1.5112928836028794,0.03954993053161826,0.09931053443760511,NA,25,973,0.5
A,"1 obs/item, naive SE",1.2978184583540167,0.1069491190464179,1.0881981850230376,1.5074387316849958,FALSE,0.543477411638005,NA,NA,NA,25,974,0.5
B,+ (1|variant): captures phi,0.6861360013673712,0.20897214506991235,0.27655059703034296,1.0957214057043994,TRUE,1.0619221693424652,NA,NA,NA,25,974,0.5
C,+ (1|judge): captures lambda,0.7287845770259888,0.1703087100503615,0.3949795053272802,1.0625896487246973,TRUE,0.8654483341504259,NA,NA,NA,25,974,0.5
D,+ (1|temp): captures tau,0.6932819958370532,0.15550920610094351,0.3884839518792039,0.9980800397949025,TRUE,0.7902425150499879,NA,NA,NA,25,974,0.5
E,+ interactions: lumps eps into residual,0.6932819958370532,0.15240447147976113,0.39456923173672137,0.9919947599373851,TRUE,0.774465357175403,NA,NA,0.22330079122416194,25,974,0.5
F,+ (1|item:variant:judge:temp): splits eps/rho,0.6932819958370532,0.15100432218295554,0.39731352435846035,0.989250467315646,TRUE,0.7673502960835542,0.040603967896070105,0.10155482400900763,NA,25,974,0.5
A,"1 obs/item, naive SE",0.47274290448806816,0.1116549631811952,0.2538991766529256,0.6915866323232107,TRUE,0.5673908390018213,NA,NA,NA,25,975,0.5
B,+ (1|variant): captures phi,0.28512000381446817,0.18426036793548864,-0.07603031733908955,0.6462703249680259,TRUE,0.9363457008896222,NA,NA,NA,25,975,0.5
C,+ (1|judge): captures lambda,0.5636229110945074,0.24587095601802034,0.08171583729918752,1.0455299848898272,TRUE,1.2494288121778694,NA,NA,NA,25,975,0.5
D,+ (1|temp): captures tau,0.5887982812052183,0.2550710402967371,0.08885904222361357,1.088737520186823,TRUE,1.2961803706313653,NA,NA,NA,25,975,0.5
E,+ interactions: lumps eps into residual,0.5887982812052183,0.24389036305030684,0.11077316962661687,1.0668233927838195,TRUE,1.2393641426490425,NA,NA,0.23693063177161175,25,975,0.5
F,+ (1|item:variant:judge:temp): splits eps/rho,0.5887982812052184,0.24032256533390894,0.11776605315075683,1.05983050925968,TRUE,1.221233862704293,0.04134512735406624,0.0991279668199832,NA,25,975,0.5
A,"1 obs/item, naive SE",1.278653049487716,0.11778767255631475,1.047789211277339,1.509516887698093,FALSE,0.598555088387284,NA,NA,NA,25,976,0.5
B,+ (1|variant): captures phi,0.8646023340014032,0.1519605375607068,0.5667596803824179,1.1624449876203884,FALSE,0.772209442779687,NA,NA,NA,25,976,0.5
C,+ (1|judge): captures lambda,0.9059329848419431,0.24091719725171754,0.4337352782285767,1.3781306914553095,TRUE,1.2242555707693,NA,NA,NA,25,976,0.5
D,+ (1|temp): captures tau,0.6258524249912166,0.2704785474022368,0.09571447208283246,1.1559903778996008,TRUE,1.3744758456773714,NA,NA,NA,25,976,0.5
E,+ interactions: lumps eps into residual,0.6258524249912166,0.2545549749845831,0.1269246740214337,1.1247801759609994,TRUE,1.2935579101325192,NA,NA,0.22345919590702135,25,976,0.5
F,+ (1|item:variant:judge:temp): splits eps/rho,0.6258524249912165,0.25164218280368544,0.13263374669599304,1.11907110328644,TRUE,1.2787561355201764,0.04468982602486103,0.09947597215872317,NA,25,976,0.5
A,"1 obs/item, naive SE",1.0537638723728229,0.1050773955765785,0.847812177042729,1.2597155677029168,FALSE,0.5339659782034862,NA,NA,NA,25,977,0.5
B,+ (1|variant): captures phi,0.6476710983894066,0.14311875515879696,0.3671583382781646,0.9281838585006487,TRUE,0.7272786471181459,NA,NA,NA,25,977,0.5
C,+ (1|judge): captures lambda,0.6394824212524994,0.15979745499884276,0.32627940945476763,0.9526854330502312,TRUE,0.8120338718397366,NA,NA,NA,25,977,0.5
D,+ (1|temp): captures tau,0.5681294074832355,0.18325516441854578,0.20894928522288575,0.9273095297435852,TRUE,0.9312376138812531,NA,NA,NA,25,977,0.5
E,+ interactions: lumps eps into residual,0.5681294074832355,0.17563079725867334,0.22389304485623573,0.9123657701102352,TRUE,0.8924932897917125,NA,NA,0.22382283846869477,25,977,0.5
F,+ (1|item:variant:judge:temp): splits eps/rho,0.5681294074832355,0.1722090166122436,0.230599734923238,0.9056590800432329,TRUE,0.8751050166998368,0.04073994995031166,0.0947161663836231,NA,25,977,0.5
A,"1 obs/item, naive SE",0.590084552494079,0.10054128286294144,0.3930236380827138,0.7871454669054442,TRUE,0.5109150655967565,NA,NA,NA,25,978,0.5
B,+ (1|variant): captures phi,0.5269795696915008,0.12980266285241265,0.27256635050077205,0.7813927888822296,TRUE,0.659610998760374,NA,NA,NA,25,978,0.5
C,+ (1|judge): captures lambda,0.6474535343780388,0.19499206881787134,0.26526907949501094,1.0296379892610665,TRUE,0.9908803905629356,NA,NA,NA,25,978,0.5
D,+ (1|temp): captures tau,0.7615699084091481,0.21998315118124073,0.33040293209391625,1.19273688472438,TRUE,1.1178761889199218,NA,NA,NA,25,978,0.5
E,+ interactions: lumps eps into residual,0.7615699084091481,0.2093525808247198,0.3512388499926973,1.1719009668255989,TRUE,1.0638554086356993,NA,NA,0.21393327697576353,25,978,0.5
F,+ (1|item:variant:judge:temp): splits eps/rho,0.7615699084091481,0.2060289356558803,0.3577531945236227,1.1653866222946734,TRUE,1.0469658251620844,0.04135494265907052,0.10032621031074641,NA,25,978,0.5
A,"1 obs/item, naive SE",0.2822536488676195,0.10353575793165448,0.07932356332157672,0.48518373441366225,FALSE,0.5261319236136268,NA,NA,NA,25,979,0.5
B,+ (1|variant): captures phi,0.3187843000229004,0.10290587645174969,0.11708878217747104,0.5204798178683299,TRUE,0.5229310898022814,NA,NA,NA,25,979,0.5
C,+ (1|judge): captures lambda,0.356094208432103,0.13580288051482142,0.08992056262305298,0.622267854241153,TRUE,0.6901019723514256,NA,NA,NA,25,979,0.5
D,+ (1|temp): captures tau,0.294390289893831,0.17835311769543838,-0.05518182078922823,0.6439624005768902,TRUE,0.90632715469695,NA,NA,NA,25,979,0.5
E,+ interactions: lumps eps into residual,0.294390289893831,0.1641252045958798,-0.027295111114093384,0.6160756909017553,TRUE,0.8340259571433498,NA,NA,0.20978239145734578,25,979,0.5
F,+ (1|item:variant:judge:temp): splits eps/rho,0.294390289893831,0.16007145190055883,-0.019349755831264304,0.6081303356189263,TRUE,0.8134262267115598,0.041175903078285864,0.09802388603361753,NA,25,979,0.5
A,"1 obs/item, naive SE",1.552874068442082,0.12025522651844574,1.3171738244659283,1.7885743124182358,FALSE,0.6110943206163405,NA,NA,NA,25,980,0.5
B,+ (1|variant): captures phi,0.9912134578303362,0.24186636433834213,0.5171553837271856,1.4652715319334868,FALSE,1.2290789005549976,NA,NA,NA,25,980,0.5
C,+ (1|judge): captures lambda,0.6927621997988834,0.24005438609686744,0.22225560304902325,1.1632687965487436,TRUE,1.2198710711366585,NA,NA,NA,25,980,0.5
D,+ (1|temp): captures tau,0.5355998419582025,0.1969244406699568,0.14962793824508724,0.9215717456713178,TRUE,1.0007000175206642,NA,NA,NA,25,980,0.5
E,+ interactions: lumps eps into residual,0.5355998419582025,0.18148799932747575,0.17988336327635007,0.891316320640055,TRUE,0.9222575089659902,NA,NA,0.22734868065211908,25,980,0.5
F,+ (1|item:variant:judge:temp): splits eps/rho,0.5355998419582026,0.17748224082001346,0.18773464995097627,0.8834650339654291,TRUE,0.9019016679390282,0.047797383527424187,0.10007215204832667,NA,25,980,0.5
A,"1 obs/item, naive SE",0.4105389548912538,0.10518016029494351,0.20438584071316454,0.616692069069343,TRUE,0.5344881919780615,NA,NA,NA,25,981,0.5
B,+ (1|variant): captures phi,0.4992490855457199,0.10087088809172305,0.3015421448859427,0.696956026205497,TRUE,0.5125900022226753,NA,NA,NA,25,981,0.5
C,+ (1|judge): captures lambda,0.49077363535126495,0.12455510009735467,0.2466456391604498,0.7349016315420801,TRUE,0.6329447499033908,NA,NA,NA,25,981,0.5
D,+ (1|temp): captures tau,0.6070530227068983,0.1944185100269442,0.22599274305408767,0.988113302359709,TRUE,0.987965768639028,NA,NA,NA,25,981,0.5
E,+ interactions: lumps eps into residual,0.6070530227068983,0.18373037414165766,0.2469414893892493,0.9671645560245473,TRUE,0.9336524607972896,NA,NA,0.2260158655844071,25,981,0.5
F,+ (1|item:variant:judge:temp): splits eps/rho,0.6070530227068982,0.17932449718797647,0.25557700821846435,0.9585290371953321,TRUE,0.9112633600348706,0.04187766265834014,0.09742570687338911,NA,25,981,0.5
A,"1 obs/item, naive SE",0.12463353720803685,0.1313801201920253,-0.13287149836833276,0.38213857278440644,FALSE,0.6676270763077727,NA,NA,NA,25,982,0.5
B,+ (1|variant): captures phi,0.25795416826418066,0.2186430983534408,-0.17058630450856332,0.6864946410369246,TRUE,1.1110665167243536,NA,NA,NA,25,982,0.5
C,+ (1|judge): captures lambda,0.592345872864514,0.23909258924637566,0.12372439794161771,1.0609673477874102,TRUE,1.2149835613797995,NA,NA,NA,25,982,0.5
D,+ (1|temp): captures tau,0.5961620457577009,0.1808067386242288,0.24178083805421247,0.9505432534611894,TRUE,0.9187955842025834,NA,NA,NA,25,982,0.5
E,+ interactions: lumps eps into residual,0.5961620457577009,0.17107992704607994,0.2608453887473843,0.9314787027680176,TRUE,0.8693673848203279,NA,NA,0.2273497170056869,25,982,0.5
F,+ (1|item:variant:judge:temp): splits eps/rho,0.5961620457577009,0.1675124176105647,0.2678377072409941,0.9244863842744078,TRUE,0.8512385698165645,0.04304982470055712,0.09787352006272852,NA,25,982,0.5
A,"1 obs/item, naive SE",0.6893570230665866,0.11151002870914509,0.4707973667966623,0.907916679336511,TRUE,0.5666543335267951,NA,NA,NA,25,983,0.5
B,+ (1|variant): captures phi,0.7283405432832347,0.13805944486973437,0.45774403133855535,0.9989370552279141,TRUE,0.7015690303855399,NA,NA,NA,25,983,0.5
C,+ (1|judge): captures lambda,0.7042126505635067,0.20115929320695758,0.30994043587786985,1.0984848652491435,TRUE,1.022220032982212,NA,NA,NA,25,983,0.5
D,+ (1|temp): captures tau,0.6201240684717639,0.1727441356334171,0.2815455626302664,0.9587025743132614,TRUE,0.8778243013759396,NA,NA,NA,25,983,0.5
E,+ interactions: lumps eps into residual,0.6201240684717639,0.15948390536959844,0.307535613947351,0.9327125229961768,TRUE,0.8104405240642604,NA,NA,0.20510537457188105,25,983,0.5
F,+ (1|item:variant:judge:temp): splits eps/rho,0.6201240684717636,0.15712184836144724,0.312165245683327,0.9280828912602002,TRUE,0.7984373898600948,0.0377450920183514,0.09852603976613712,NA,25,983,0.5
A,"1 obs/item, naive SE",0.46372074028645727,0.12816334033020388,0.21252059323925765,0.7149208873336569,TRUE,0.6512805443428559,NA,NA,NA,25,984,0.5
B,+ (1|variant): captures phi,0.10321538203861641,0.20780518686422791,-0.3040827842152703,0.5105135482925032,TRUE,1.0559921024960066,NA,NA,NA,25,984,0.5
C,+ (1|judge): captures lambda,0.5547666174281164,0.3010690259465022,-0.035328673427027946,1.1448619082832607,TRUE,1.529925785314458,NA,NA,NA,25,984,0.5
D,+ (1|temp): captures tau,0.5144464924206028,0.25137843589403586,0.021744758068292513,1.007148226772913,TRUE,1.2774158674650309,NA,NA,NA,25,984,0.5
E,+ interactions: lumps eps into residual,0.5144464924206028,0.23594412360183772,0.05199601016100086,0.9768969746802048,TRUE,1.1989841779871975,NA,NA,0.21555042486628373,25,984,0.5
F,+ (1|item:variant:judge:temp): splits eps/rho,0.5144464924206028,0.2339926262055082,0.055820945057806715,0.973072039783399,TRUE,1.189067361811132,0.036320667862930554,0.10012500406997783,NA,25,984,0.5
A,"1 obs/item, naive SE",0.4657323759908424,0.11702276300870876,0.23636776049377323,0.6950969914879115,TRUE,0.5946680899269257,NA,NA,NA,25,985,0.5
B,+ (1|variant): captures phi,0.7381030322319069,0.14854937633342222,0.4469462546183993,1.0292598098454144,TRUE,0.7548751338016025,NA,NA,NA,25,985,0.5
C,+ (1|judge): captures lambda,0.9212161596019056,0.25161050334943996,0.4280595730370033,1.4143727461668079,TRUE,1.2785951517930645,NA,NA,NA,25,985,0.5
D,+ (1|temp): captures tau,0.6749483332336295,0.259294963586686,0.1667302046037249,1.183166461863534,TRUE,1.3176448475438174,NA,NA,NA,25,985,0.5
E,+ interactions: lumps eps into residual,0.6749483332336295,0.2503190069197799,0.18432307967086092,1.1655735867963979,TRUE,1.272032225955155,NA,NA,0.2203775236274954,25,985,0.5
F,+ (1|item:variant:judge:temp): splits eps/rho,0.6749483332336293,0.24724819506646364,0.19034187090336063,1.159554795563898,TRUE,1.2564274515301945,0.039045658096383336,0.10098508506355457,NA,25,985,0.5
A,"1 obs/item, naive SE",0.6860049143619168,0.08502009107352625,0.5193655358578053,0.8526442928660283,FALSE,0.43204188539237076,NA,NA,NA,25,986,0.5
B,+ (1|variant): captures phi,0.3570688454892628,0.22097753187132874,-0.0760471169785415,0.7901848079570671,TRUE,1.122929278168813,NA,NA,NA,25,986,0.5
C,+ (1|judge): captures lambda,0.5225142471354609,0.21390259624235408,0.10326515850044693,0.9417633357704749,TRUE,1.0869769698429088,NA,NA,NA,25,986,0.5
D,+ (1|temp): captures tau,0.4318907274825292,0.23588191851075696,-0.030437832798554443,0.8942192877636128,TRUE,1.1986680738229678,NA,NA,NA,25,986,0.5
E,+ interactions: lumps eps into residual,0.4318907274825292,0.2299757379999166,-0.01886171899730732,0.8826431739623657,TRUE,1.168654963613942,NA,NA,0.20449756794883417,25,986,0.5
F,+ (1|item:variant:judge:temp): splits eps/rho,0.4318907274825293,0.2272639903078221,-0.013546693520802011,0.8773281484858606,TRUE,1.1548748256394048,0.04025025913908489,0.09776077149346976,NA,25,986,0.5
A,"1 obs/item, naive SE",1.435855950725663,0.12115319284432342,1.198395692750789,1.6733162087005369,FALSE,0.6156574663334575,NA,NA,NA,25,987,0.5
B,+ (1|variant): captures phi,0.9283194655969886,0.18837390313619967,0.5591066154500373,1.29753231574394,FALSE,0.957249224766186,NA,NA,NA,25,987,0.5
C,+ (1|judge): captures lambda,0.840037625277524,0.1640546791483371,0.5184904541467833,1.1615847964082646,FALSE,0.8336675718847627,NA,NA,NA,25,987,0.5
D,+ (1|temp): captures tau,0.5815601131556761,0.2041281105065488,0.18146901656284048,0.9816512097485117,TRUE,1.0373065073355696,NA,NA,NA,25,987,0.5
E,+ interactions: lumps eps into residual,0.5815601131556761,0.18799857001499215,0.21308291592629153,0.9500373103850608,TRUE,0.9553419152433525,NA,NA,0.22177103007303017,25,987,0.5
F,+ (1|item:variant:judge:temp): splits eps/rho,0.5815601131556762,0.18479279398535192,0.2193662369443865,0.943753989366966,TRUE,0.93905130084265,0.03636041821991534,0.10402569778150586,NA,25,987,0.5
A,"1 obs/item, naive SE",0.11833731467189991,0.1019677967738748,-0.0815195670048947,0.3181941963486945,FALSE,0.5181641022872148,NA,NA,NA,25,988,0.5
B,+ (1|variant): captures phi,0.29145765474304325,0.21842977459919324,-0.1366647034713755,0.719580012957462,TRUE,1.109982481223799,NA,NA,NA,25,988,0.5
C,+ (1|judge): captures lambda,0.39489388725053814,0.21198469013904067,-0.020596105421981536,0.8103838799230578,TRUE,1.0772308526790908,NA,NA,NA,25,988,0.5
D,+ (1|temp): captures tau,0.3338236279749272,0.2576523541952336,-0.1711749862477306,0.838822242197585,TRUE,1.3092976904250064,NA,NA,NA,25,988,0.5
E,+ interactions: lumps eps into residual,0.3338236279749272,0.2486984695568663,-0.15362537235653073,0.8212726283063851,TRUE,1.2637972310406416,NA,NA,0.23615609546450966,25,988,0.5
F,+ (1|item:variant:judge:temp): splits eps/rho,0.3338236279749271,0.2451269777355826,-0.1466252483868148,0.814272504336669,TRUE,1.2456481789678038,0.03743703585840998,0.10088400732352519,NA,25,988,0.5
A,"1 obs/item, naive SE",0.4187427670604606,0.13002153748970713,0.16390055358063466,0.6735849805402865,TRUE,0.6607232418757042,NA,NA,NA,25,989,0.5
B,+ (1|variant): captures phi,0.6679893147300835,0.1801890347268919,0.3148188066653754,1.0211598227947916,TRUE,0.9156566325377486,NA,NA,NA,25,989,0.5
C,+ (1|judge): captures lambda,0.3043723163528883,0.22489880739368845,-0.13642934613874103,0.7451739788445176,TRUE,1.1428558066920314,NA,NA,NA,25,989,0.5
D,+ (1|temp): captures tau,0.3424932931066049,0.21400127691283274,-0.07694920964254726,0.7619357958557571,TRUE,1.0874784299376588,NA,NA,NA,25,989,0.5
E,+ interactions: lumps eps into residual,0.3424932931066049,0.2024973200265369,-0.05440145414540737,0.7393880403586173,TRUE,1.0290194097240772,NA,NA,0.2095547010967778,25,989,0.5
F,+ (1|item:variant:judge:temp): splits eps/rho,0.34249329310660476,0.20000729613796223,-0.049521007323801214,0.7345075935370107,TRUE,1.0163659933149902,0.038488444700659236,0.09810584410525125,NA,25,989,0.5
A,"1 obs/item, naive SE",0.46833533759618545,0.1470990792399584,0.18002114228586696,0.7566495329065039,TRUE,0.747505239430432,NA,NA,NA,25,990,0.5
B,+ (1|variant): captures phi,0.5937011171150837,0.22688019776849822,0.1490159294888272,1.0383863047413402,TRUE,1.152924528360311,NA,NA,NA,25,990,0.5
C,+ (1|judge): captures lambda,0.38586241992591996,0.2281837454889894,-0.06137772123249924,0.8331025610843392,TRUE,1.1595486945750104,NA,NA,NA,25,990,0.5
D,+ (1|temp): captures tau,0.7562719517962613,0.27622161611751134,0.21487758420593905,1.2976663193865834,TRUE,1.4036600797137633,NA,NA,NA,25,990,0.5
E,+ interactions: lumps eps into residual,0.7562719517962613,0.2688619776731382,0.2293024755569104,1.2832414280356121,TRUE,1.3662610128677475,NA,NA,0.2335735441162407,25,990,0.5
F,+ (1|item:variant:judge:temp): splits eps/rho,0.7562719517962613,0.26564616707537225,0.2356054643285317,1.2769384392639909,TRUE,1.3499194063582693,0.041308707970757065,0.1006865395405069,NA,25,990,0.5
A,"1 obs/item, naive SE",0.13286308260665292,0.11213097789904661,-0.08691363407547842,0.35263979928878425,FALSE,0.5698097766150165,NA,NA,NA,25,991,0.5
B,+ (1|variant): captures phi,0.21318882227846322,0.16968350862097262,-0.1193908546186431,0.5457684991755696,TRUE,0.8622712826924407,NA,NA,NA,25,991,0.5
C,+ (1|judge): captures lambda,0.040877355789107554,0.19857425255999087,-0.34832817922847453,0.43008289080668965,FALSE,1.0090837751773885,NA,NA,NA,25,991,0.5
D,+ (1|temp): captures tau,0.3627976051630689,0.26448628439909777,-0.15559551225916268,0.8811907225853005,TRUE,1.3440252948375206,NA,NA,NA,25,991,0.5
E,+ interactions: lumps eps into residual,0.3627976051630689,0.25806623372898335,-0.1430122129457384,0.8686074232718762,TRUE,1.3114008791163938,NA,NA,0.22500063758124045,25,991,0.5
F,+ (1|item:variant:judge:temp): splits eps/rho,0.36279760516306897,0.25532982038586605,-0.13764884279322848,0.8632440531193664,TRUE,1.297495399069909,0.04496481810575169,0.10312288173327724,NA,25,991,0.5
A,"1 obs/item, naive SE",0.2424190104470891,0.09594515565668757,0.05436650535998147,0.4304715155341967,FALSE,0.48755918066861853,NA,NA,NA,25,992,0.5
B,+ (1|variant): captures phi,0.8489317439726426,0.2015102640590065,0.4539716264169899,1.2438918615282952,TRUE,1.0240035421119051,NA,NA,NA,25,992,0.5
C,+ (1|judge): captures lambda,0.8342134113615015,0.19289086735179803,0.4561473113519774,1.2122795113710256,TRUE,0.9802028315115527,NA,NA,NA,25,992,0.5
D,+ (1|temp): captures tau,0.6266160138786155,0.24985272173227607,0.13690467928335442,1.1163273484738767,TRUE,1.2696627303571622,NA,NA,NA,25,992,0.5
E,+ interactions: lumps eps into residual,0.6266160138786155,0.2390870066266185,0.1580054808904433,1.0952265468667877,TRUE,1.2149551924903421,NA,NA,0.19093512287619147,25,992,0.5
F,+ (1|item:variant:judge:temp): splits eps/rho,0.6266160138786157,0.23680570708462126,0.16247682799275798,1.0907551997644733,TRUE,1.20336243902673,0.034912468460524954,0.09770003179699122,NA,25,992,0.5
A,"1 obs/item, naive SE",0.4932194694368274,0.11379491744368328,0.27018143124720817,0.7162575076264466,TRUE,0.5782653259912462,NA,NA,NA,25,993,0.5
B,+ (1|variant): captures phi,0.6567311497513417,0.10071782197429813,0.4593242186817174,0.854138080820966,TRUE,0.5118121746159656,NA,NA,NA,25,993,0.5
C,+ (1|judge): captures lambda,0.40919353759937704,0.15404033591907065,0.1072744791979986,0.7111125960007555,TRUE,0.7827782388446829,NA,NA,NA,25,993,0.5
D,+ (1|temp): captures tau,0.5692579711026085,0.20943566035623906,0.15876407680437987,0.979751865400837,TRUE,1.0642775892871414,NA,NA,NA,25,993,0.5
E,+ interactions: lumps eps into residual,0.5692579711026085,0.20182771130881816,0.17367565693732484,0.9648402852678921,TRUE,1.0256166962098308,NA,NA,0.20417381472430365,25,993,0.5
F,+ (1|item:variant:judge:temp): splits eps/rho,0.5692579711026085,0.19894840014595688,0.17931910681653296,0.9591968353886839,TRUE,1.010985060231482,0.0386054113319511,0.10047917682800793,NA,25,993,0.5
A,"1 obs/item, naive SE",0.36166274957943495,0.1057460264522632,0.15440053773299908,0.5689249614258708,TRUE,0.537363722672056,NA,NA,NA,25,994,0.5
B,+ (1|variant): captures phi,0.4533573941668321,0.15126241821266864,0.15688305447000156,0.7498317338636626,TRUE,0.768661848375272,NA,NA,NA,25,994,0.5
C,+ (1|judge): captures lambda,0.17021418016241782,0.25174408270455767,-0.32320422193851517,0.6636325822633509,TRUE,1.2792739545996228,NA,NA,NA,25,994,0.5
D,+ (1|temp): captures tau,0.3412118658169102,0.20670518016130077,-0.06393028729923927,0.7463540189330597,TRUE,1.0504022593909705,NA,NA,NA,25,994,0.5
E,+ interactions: lumps eps into residual,0.3412118658169102,0.1938649550024536,-0.038763445987898826,0.7211871776217192,TRUE,0.9851527987465055,NA,NA,0.20489037426799114,25,994,0.5
F,+ (1|item:variant:judge:temp): splits eps/rho,0.34121186581691026,0.1908163890802234,-0.03278825678032754,0.7152119884141481,TRUE,0.9696610702367792,0.04001911294726196,0.1014490712499837,NA,25,994,0.5
A,"1 obs/item, naive SE",0.44735068254564586,0.11615915298272232,0.21967874269951013,0.6750226223917816,TRUE,0.5902795307151005,NA,NA,NA,25,995,0.5
B,+ (1|variant): captures phi,0.41889614751480847,0.10972521881390676,0.20383471863955122,0.6339575763900658,TRUE,0.5575845639879826,NA,NA,NA,25,995,0.5
C,+ (1|judge): captures lambda,0.29556895098691166,0.11462921331909837,0.07089569288147887,0.5202422090923444,TRUE,0.5825049211085661,NA,NA,NA,25,995,0.5
D,+ (1|temp): captures tau,0.5254261666056502,0.1779468068970611,0.17665042508741047,0.87420190812389,TRUE,0.9042624276286811,NA,NA,NA,25,995,0.5
E,+ interactions: lumps eps into residual,0.5254261666056502,0.1623013625138353,0.207315496078533,0.8435368371327674,TRUE,0.8247578399038259,NA,NA,0.21218732953326824,25,995,0.5
F,+ (1|item:variant:judge:temp): splits eps/rho,0.5254261666056501,0.15831532765368198,0.21512812440443346,0.8357242088068668,TRUE,0.8045022274424014,0.041820077364880213,0.10073077639156214,NA,25,995,0.5
A,"1 obs/item, naive SE",0.06732201056303017,0.09384980527479231,-0.11662360777556274,0.2512676289016231,FALSE,0.4769113547474635,NA,NA,NA,25,996,0.5
B,+ (1|variant): captures phi,0.5716269260274915,0.2818639977559702,0.019173490425789974,1.124080361629193,TRUE,1.432332657811508,NA,NA,NA,25,996,0.5
C,+ (1|judge): captures lambda,0.6498678062677261,0.28005904606834203,0.10095207597377576,1.1987835365616766,TRUE,1.4231605348424723,NA,NA,NA,25,996,0.5
D,+ (1|temp): captures tau,0.7953859925371891,0.30381663819299703,0.19990538167891492,1.3908666033954633,TRUE,1.5438881742076458,NA,NA,NA,25,996,0.5
E,+ interactions: lumps eps into residual,0.7953859925371891,0.2986773478023575,0.20997839084456849,1.3807935942298097,TRUE,1.5177721270249793,NA,NA,0.2170403518829695,25,996,0.5
F,+ (1|item:variant:judge:temp): splits eps/rho,0.7953859925371894,0.29625596228075723,0.21472430646690532,1.3760476786074736,TRUE,1.5054675064017287,0.039276157407925866,0.09950724258456943,NA,25,996,0.5
A,"1 obs/item, naive SE",0.6143609354124068,0.08852637250863635,0.44084924529547953,0.787872625529334,TRUE,0.44985956145944495,NA,NA,NA,25,997,0.5
B,+ (1|variant): captures phi,0.4863091818386605,0.18038269052827172,0.13275910840324795,0.8398592552740731,TRUE,0.9166407224921213,NA,NA,NA,25,997,0.5
C,+ (1|judge): captures lambda,0.9253276849994725,0.2716932218976644,0.3928089700800502,1.4578463999188949,TRUE,1.3806483897492041,NA,NA,NA,25,997,0.5
D,+ (1|temp): captures tau,0.6168871903982871,0.28272317102143507,0.06274977519627434,1.1710246056002998,TRUE,1.4366986709832554,NA,NA,NA,25,997,0.5
E,+ interactions: lumps eps into residual,0.6168871903982871,0.2679638670354823,0.09167801100874184,1.1420963697878324,TRUE,1.3616971338094646,NA,NA,0.19855168458730169,25,997,0.5
F,+ (1|item:variant:judge:temp): splits eps/rho,0.616887190398287,0.26587343360692905,0.095775260528706,1.1379991202678679,TRUE,1.351074294097633,0.037149425825838134,0.10052316639198781,NA,25,997,0.5
A,"1 obs/item, naive SE",0.563291233722043,0.13343800692507946,0.3017527401488873,0.8248297272951988,TRUE,0.6780845252806721,NA,NA,NA,25,998,0.5
B,+ (1|variant): captures phi,0.2927649720124991,0.17939928680350362,-0.05885763012236794,0.6443875741473661,TRUE,0.9116434142796042,NA,NA,NA,25,998,0.5
C,+ (1|judge): captures lambda,0.0775059913650157,0.25355648691658594,-0.41946472299149273,0.5744767057215241,TRUE,1.2884839486489186,NA,NA,NA,25,998,0.5
D,+ (1|temp): captures tau,0.4076492679703917,0.2664813916782907,-0.11465425971905807,0.9299527956598415,TRUE,1.3541637209386774,NA,NA,NA,25,998,0.5
E,+ interactions: lumps eps into residual,0.4076492679703917,0.25645819757925525,-0.09500879928494854,0.9103073352257319,TRUE,1.3032294109241662,NA,NA,0.20808957116734778,25,998,0.5
F,+ (1|item:variant:judge:temp): splits eps/rho,0.40764926797039164,0.25399536986891885,-0.09018165697268932,0.9054801929134726,TRUE,1.2907141958269475,0.03727679097737707,0.10107237944826439,NA,25,998,0.5
A,"1 obs/item, naive SE",-0.10950421187871963,0.16168309116551968,-0.4264030705631382,0.20739464680569897,FALSE,0.821616004654798,NA,NA,NA,25,999,0.5
B,+ (1|variant): captures phi,0.11053189707650511,0.16323466795411626,-0.20940805211356273,0.430471846266573,FALSE,0.8295005664402774,NA,NA,NA,25,999,0.5
C,+ (1|judge): captures lambda,0.35101146842228176,0.19781698418891774,-0.03670982058799699,0.7387327574325605,TRUE,1.0052356064603791,NA,NA,NA,25,999,0.5
D,+ (1|temp): captures tau,0.49992286373802697,0.14379913856815202,0.21807655214444904,0.781769175331605,TRUE,0.730736113785798,NA,NA,NA,25,999,0.5
E,+ interactions: lumps eps into residual,0.49992286373802697,0.12950171221298865,0.24609950780056922,0.7537462196754847,TRUE,0.6580816745732905,NA,NA,0.233255480274192,25,999,0.5
F,+ (1|item:variant:judge:temp): splits eps/rho,0.4999228637380271,0.12699554073257577,0.2510116039021786,0.7488341235738756,TRUE,0.6453462018415832,0.04125643836522102,0.09866817968353718,NA,25,999,0.5
A,"1 obs/item, naive SE",1.2060682691425806,0.1127425661774927,0.985092839434695,1.4270436988504662,FALSE,0.572917650878233,NA,NA,NA,25,1000,0.5
B,+ (1|variant): captures phi,1.117749319727787,0.1380178337463005,0.8472343655850381,1.388264273870536,FALSE,0.7013575774454799,NA,NA,NA,25,1000,0.5
C,+ (1|judge): captures lambda,0.7540947398906493,0.21556817170739592,0.33158112334415335,1.1766083564371455,TRUE,1.0954408323852065,NA,NA,NA,25,1000,0.5
D,+ (1|temp): captures tau,0.4304425230820669,0.25320730608524755,-0.06584379684501834,0.926728843009152,TRUE,1.2867095357682756,NA,NA,NA,25,1000,0.5
E,+ interactions: lumps eps into residual,0.4304425230820669,0.23792641163867562,-0.035893243729737345,0.8967782898938711,TRUE,1.209057461254861,NA,NA,0.22168572777779594,25,1000,0.5
F,+ (1|item:variant:judge:temp): splits eps/rho,0.4304425230820669,0.2346745058069372,-0.029519508299529984,0.8904045544636637,TRUE,1.192532431595134,0.03873913386804891,0.10147338278298305,NA,25,1000,0.5
