scenario,label,theta_hat,se,ci_lo,ci_hi,covers,se_ratio,s2_eps_hat,s2_rho_hat,s2_resid_E,n_items,sim_id,theta_true
A,"1 obs/item, naive SE",0.4754819624943143,0.0871335871537323,0.304700131672999,0.6462637933156297,TRUE,0.4590484073845045,NA,NA,NA,50,1,0.5
B,+ (1|variant): captures phi,0.9097244798230193,0.16724399356598438,0.5819262524336899,1.2375227072123487,FALSE,0.8810963877297564,NA,NA,NA,50,1,0.5
C,+ (1|judge): captures lambda,0.820213218731534,0.1418383446572698,0.5422100632032851,1.0982163742597828,FALSE,0.7472510698555026,NA,NA,NA,50,1,0.5
D,+ (1|temp): captures tau,0.8160195771209174,0.2674608146555894,0.29179638039596223,1.3402427738458726,TRUE,1.4090715763691748,NA,NA,NA,50,1,0.5
E,+ interactions: lumps eps into residual,0.8160195771209174,0.2526064690899161,0.32091089770468195,1.311128256537153,TRUE,1.330813996285496,NA,NA,0.21991720339216558,50,1,0.5
F,+ (1|item:variant:judge:temp): splits eps/rho,0.8160195771209174,0.2519264304762701,0.32224377338742805,1.309795380854407,TRUE,1.327231329110284,0.041140594925598316,0.09961982759419623,NA,50,1,0.5
A,"1 obs/item, naive SE",0.11589532129686224,0.08615114259493209,-0.05296091818920466,0.2847515607829291,FALSE,0.4538725661871816,NA,NA,NA,50,2,0.5
B,+ (1|variant): captures phi,0.1746281460110897,0.09604089361750813,-0.013612005479226225,0.3628682975014056,FALSE,0.5059750286777133,NA,NA,NA,50,2,0.5
C,+ (1|judge): captures lambda,0.4770452173235207,0.2073244353597928,0.07068932401832678,0.8834011106287145,TRUE,1.092253343086747,NA,NA,NA,50,2,0.5
D,+ (1|temp): captures tau,0.6380335269743818,0.19846443369063754,0.24904323694073216,1.0270238170080312,TRUE,1.0455759390166728,NA,NA,NA,50,2,0.5
E,+ interactions: lumps eps into residual,0.6380335269743818,0.18851338304523646,0.2685472962057183,1.0075197577430453,TRUE,0.9931505299431954,NA,NA,0.21328242364028052,50,2,0.5
F,+ (1|item:variant:judge:temp): splits eps/rho,0.6380335269743819,0.18672212927083423,0.2720581536035468,1.0040089003452168,TRUE,0.9837136156691387,0.03898763341984804,0.09878961174556913,NA,50,2,0.5
A,"1 obs/item, naive SE",0.7091875278397645,0.07608137605174582,0.5600680307783427,0.8583070249011863,FALSE,0.4008217227021338,NA,NA,NA,50,3,0.5
B,+ (1|variant): captures phi,0.7635556539959327,0.10256295927440261,0.5625322538181037,0.9645790541737618,FALSE,0.5403354165654778,NA,NA,NA,50,3,0.5
C,+ (1|judge): captures lambda,0.6551027616458946,0.10900546871533762,0.4414520429638329,0.8687534803279564,TRUE,0.5742766761305521,NA,NA,NA,50,3,0.5
D,+ (1|temp): captures tau,0.43142269266122235,0.15257269899434603,0.13238020263230416,0.7304651826901405,TRUE,0.8038031805133813,NA,NA,NA,50,3,0.5
E,+ interactions: lumps eps into residual,0.43142269266122235,0.1400099062018929,0.15700327650551227,0.7058421088169324,TRUE,0.7376182544468993,NA,NA,0.21463758048121845,50,3,0.5
F,+ (1|item:variant:judge:temp): splits eps/rho,0.43142269266122235,0.1383635056015566,0.16023022168217138,0.7026151636402733,TRUE,0.7289444743560163,0.038555715357418974,0.10211435091532317,NA,50,3,0.5
A,"1 obs/item, naive SE",0.8629063626270574,0.08938094243308373,0.6877197154582133,1.0380930097959016,FALSE,0.47088821446134693,NA,NA,NA,50,4,0.5
B,+ (1|variant): captures phi,0.4818755889827467,0.18393886895156525,0.12135540583767879,0.8423957721278146,TRUE,0.9690504845089041,NA,NA,NA,50,4,0.5
C,+ (1|judge): captures lambda,0.514589682239685,0.21699207682369417,0.08928521166524445,0.9398941528141256,TRUE,1.143185659339702,NA,NA,NA,50,4,0.5
D,+ (1|temp): captures tau,0.5689701555125074,0.23838518194544298,0.10173519889943916,1.0362051121255758,TRUE,1.2558915762649576,NA,NA,NA,50,4,0.5
E,+ interactions: lumps eps into residual,0.5689701555125074,0.23035507446291362,0.11747420956519672,1.0204661014598182,TRUE,1.2135863278367274,NA,NA,0.20828101157212037,50,4,0.5
F,+ (1|item:variant:judge:temp): splits eps/rho,0.5689701555125072,0.22898160767115264,0.12016620447704801,1.0177741065479664,TRUE,1.2063504528550055,0.03966433790170981,0.09937968723453834,NA,50,4,0.5
A,"1 obs/item, naive SE",0.06500674261163188,0.07652767745462004,-0.0849875051994234,0.21500099042268717,FALSE,0.40317298534258283,NA,NA,NA,50,5,0.5
B,+ (1|variant): captures phi,0.36252054435837655,0.16654929441390498,0.03608392730712279,0.6889571614096304,TRUE,0.8774364840142034,NA,NA,NA,50,5,0.5
C,+ (1|judge): captures lambda,0.27584663304985224,0.17823961386173753,-0.07350301011915333,0.6251962762188579,TRUE,0.9390249334243659,NA,NA,NA,50,5,0.5
D,+ (1|temp): captures tau,0.2803243877617836,0.15150705854248764,-0.016629446981492157,0.5772782225050593,TRUE,0.7981890359768202,NA,NA,NA,50,5,0.5
E,+ interactions: lumps eps into residual,0.2803243877617836,0.1447369271865416,-0.003359989523837925,0.564008765047405,TRUE,0.762521756363418,NA,NA,0.21503230971945278,50,5,0.5
F,+ (1|item:variant:judge:temp): splits eps/rho,0.2803243877617839,0.14316198824034684,-2.731091892959059e-4,0.5609218847128637,TRUE,0.7542244597801502,0.040841092938094126,0.09842350505735951,NA,50,5,0.5
A,"1 obs/item, naive SE",0.15599777239514298,0.08217351000386736,-0.005062307212437028,0.31705785200272296,FALSE,0.4329170889052991,NA,NA,NA,50,6,0.5
B,+ (1|variant): captures phi,0.75775606962493,0.19164962588248108,0.3821228028952671,1.1333893363545928,TRUE,1.0096732891527769,NA,NA,NA,50,6,0.5
C,+ (1|judge): captures lambda,0.553143472921121,0.25031004122009715,0.0625357921297306,1.0437511537125115,TRUE,1.318715658655325,NA,NA,NA,50,6,0.5
D,+ (1|temp): captures tau,0.7803973625304566,0.23147894803329971,0.3266986243851891,1.234096100675724,TRUE,1.2195072636025996,NA,NA,NA,50,6,0.5
E,+ interactions: lumps eps into residual,0.7803973625304566,0.2098808723884765,0.3690308526490426,1.1917638724118704,TRUE,1.105721494518703,NA,NA,0.20718311796680605,50,6,0.5
F,+ (1|item:variant:judge:temp): splits eps/rho,0.7803973625304566,0.20842369072792505,0.3718869287037235,1.1889077963571897,TRUE,1.0980445820628224,0.03923232079437005,0.10145505186727906,NA,50,6,0.5
A,"1 obs/item, naive SE",-0.5025387132297389,0.07113204731057611,-0.641957525958468,-0.36311990050100973,FALSE,0.37474703037656953,NA,NA,NA,50,7,0.5
B,+ (1|variant): captures phi,-0.39151353293506413,0.1680362150238161,-0.7208645143817437,-0.062162551488384565,FALSE,0.8852700710405543,NA,NA,NA,50,7,0.5
C,+ (1|judge): captures lambda,-0.04748557847818964,0.2508212576125791,-0.5390952433988447,0.4441240864424654,FALSE,1.3214089148205241,NA,NA,NA,50,7,0.5
D,+ (1|temp): captures tau,0.2693163085472617,0.26292258052995565,-0.24601194929145137,0.7846445663859747,TRUE,1.3851626657439917,NA,NA,NA,50,7,0.5
E,+ interactions: lumps eps into residual,0.2693163085472617,0.2514646737098216,-0.22355445192398865,0.762187069018512,TRUE,1.324798642529124,NA,NA,0.20675440892376445,50,7,0.5
F,+ (1|item:variant:judge:temp): splits eps/rho,0.26931630854726163,0.2502520034884945,-0.22117761829018762,0.7598102353847109,TRUE,1.318409896788625,0.037074319318930085,0.1010917268376243,NA,50,7,0.5
A,"1 obs/item, naive SE",0.6153728179018584,0.09827454843237234,0.42275470297440865,0.8079909328293081,TRUE,0.517742657199664,NA,NA,NA,50,8,0.5
B,+ (1|variant): captures phi,0.3038640438169736,0.16812885573682673,-0.02566851342720683,0.633396601061154,TRUE,0.8857581327990064,NA,NA,NA,50,8,0.5
C,+ (1|judge): captures lambda,0.47716033742549013,0.2129963598775901,0.05968747206541353,0.8946332027855668,TRUE,1.1221349077250329,NA,NA,NA,50,8,0.5
D,+ (1|temp): captures tau,0.6084895781142103,0.15875717409536744,0.29732551688729014,0.9196536393411305,TRUE,0.8363850302726954,NA,NA,NA,50,8,0.5
E,+ interactions: lumps eps into residual,0.6084895781142103,0.13844065873746114,0.3371458869887865,0.8798332692396342,TRUE,0.7293509424622725,NA,NA,0.20916109829520826,50,8,0.5
F,+ (1|item:variant:judge:temp): splits eps/rho,0.6084895781142103,0.13604638010560796,0.3418386731072187,0.875140483121202,TRUE,0.7167370948210892,0.03875361636337665,0.09978644858154352,NA,50,8,0.5
A,"1 obs/item, naive SE",0.8295744296000142,0.06913754497210514,0.694064841454688,0.9650840177453403,FALSE,0.3642393357905037,NA,NA,NA,50,9,0.5
B,+ (1|variant): captures phi,0.7809642071961019,0.058457913707050085,0.6663866963302838,0.8955417180619201,FALSE,0.30797552428200103,NA,NA,NA,50,9,0.5
C,+ (1|judge): captures lambda,0.5023738788831956,0.16234469581968505,0.18417827507661294,0.8205694826897783,TRUE,0.8552852751472664,NA,NA,NA,50,9,0.5
D,+ (1|temp): captures tau,0.6587668770971893,0.1871827094057888,0.29188876666184327,1.0256449875325353,TRUE,0.9861401033684319,NA,NA,NA,50,9,0.5
E,+ interactions: lumps eps into residual,0.6587668770971893,0.16723453094216237,0.330987196450551,0.9865465577438275,TRUE,0.8810465355138996,NA,NA,0.22176881114773922,50,9,0.5
F,+ (1|item:variant:judge:temp): splits eps/rho,0.6587668770971892,0.16518716294038405,0.33500003773403647,0.9825337164603418,TRUE,0.87026032721872,0.0379068483923854,0.10141816892695366,NA,50,9,0.5
A,"1 obs/item, naive SE",1.160081917450831,0.10081269726894994,0.9624890308036891,1.357674804097973,FALSE,0.5311144604180957,NA,NA,NA,50,10,0.5
B,+ (1|variant): captures phi,0.6631351133066786,0.1829961546415424,0.30446265020925556,1.0218075764041017,TRUE,0.9640839553349007,NA,NA,NA,50,10,0.5
C,+ (1|judge): captures lambda,0.4638135725905258,0.21444267302289882,0.04350593346564413,0.8841212117154075,TRUE,1.1297545612664606,NA,NA,NA,50,10,0.5
D,+ (1|temp): captures tau,0.5858293741823062,0.20518065313379188,0.1836752940400741,0.9879834543245383,TRUE,1.080959192934422,NA,NA,NA,50,10,0.5
E,+ interactions: lumps eps into residual,0.5858293741823062,0.19205532735763242,0.20940093256134662,0.9622578158032657,TRUE,1.011810658015064,NA,NA,0.21955311861933363,50,10,0.5
F,+ (1|item:variant:judge:temp): splits eps/rho,0.5858293741823063,0.19066061704690632,0.2121345647703699,0.9595241835942427,TRUE,1.0044628651855094,0.03928668787921002,0.1005458515575479,NA,50,10,0.5
A,"1 obs/item, naive SE",0.9604925653521078,0.0917457668500664,0.7806708623259777,1.140314268378238,FALSE,0.4833468876070374,NA,NA,NA,50,11,0.5
B,+ (1|variant): captures phi,0.787789935908418,0.13934740444290744,0.5146690232003194,1.0609108486165164,FALSE,0.7341279771923299,NA,NA,NA,50,11,0.5
C,+ (1|judge): captures lambda,0.41484801456045384,0.28127007822560135,-0.13644133876172482,0.9661373678826325,TRUE,1.4818233206280509,NA,NA,NA,50,11,0.5
D,+ (1|temp): captures tau,0.4408542718484134,0.2533673320425818,-0.05574569895504694,0.9374542426518737,TRUE,1.3348224726729405,NA,NA,NA,50,11,0.5
E,+ interactions: lumps eps into residual,0.4408542718484134,0.24215748368183682,-0.03377439616798672,0.9154829398648135,TRUE,1.2757653030427862,NA,NA,0.20743790652491098,50,11,0.5
F,+ (1|item:variant:judge:temp): splits eps/rho,0.4408542718484135,0.24119985872848035,-0.03189745125940796,0.913605994956235,TRUE,1.2707202196935337,0.0366977704497898,0.10026912742796273,NA,50,11,0.5
A,"1 obs/item, naive SE",0.5914412850909664,0.0677121755315528,0.4587254210491229,0.7241571491328098,TRUE,0.35673002057700665,NA,NA,NA,50,12,0.5
B,+ (1|variant): captures phi,0.40100537538771597,0.13725126441087848,0.13199289714239415,0.6700178536330378,TRUE,0.7230848217939403,NA,NA,NA,50,12,0.5
C,+ (1|judge): captures lambda,0.41684366229113695,0.15214133657320134,0.11864664260766233,0.7150406819746116,TRUE,0.8015306213441756,NA,NA,NA,50,12,0.5
D,+ (1|temp): captures tau,0.41649249283105755,0.19972772255799326,0.02502615661739077,0.8079588290447244,TRUE,1.0522313604399074,NA,NA,NA,50,12,0.5
E,+ interactions: lumps eps into residual,0.41649249283105755,0.18516281634229304,0.05357337280016322,0.7794116128619519,TRUE,0.975498642088423,NA,NA,0.21811170618151668,50,12,0.5
F,+ (1|item:variant:judge:temp): splits eps/rho,0.4164924928310576,0.18323424280513784,0.057353376932987477,0.7756316087291277,TRUE,0.9653382821207676,0.04182994264017534,0.09849569289104967,NA,50,12,0.5
A,"1 obs/item, naive SE",0.6545698352345879,0.07087087435449257,0.5156629214997824,0.7934767489693934,FALSE,0.37337108530810215,NA,NA,NA,50,13,0.5
B,+ (1|variant): captures phi,0.38126185252695055,0.13896415249295932,0.1088921136407503,0.6536315914131507,TRUE,0.7321088798155596,NA,NA,NA,50,13,0.5
C,+ (1|judge): captures lambda,0.3837694222980105,0.13597092723589432,0.1172664049156576,0.6502724396803634,TRUE,0.7163395842765786,NA,NA,NA,50,13,0.5
D,+ (1|temp): captures tau,0.5781132201876804,0.19157612677418695,0.202624011710274,0.9536024286650868,TRUE,1.0092860716662861,NA,NA,NA,50,13,0.5
E,+ interactions: lumps eps into residual,0.5781132201876804,0.18165321818460325,0.22207291254585804,0.9341535278295028,TRUE,0.9570089242026596,NA,NA,0.21917746721802359,50,13,0.5
F,+ (1|item:variant:judge:temp): splits eps/rho,0.5781132201876806,0.1803906063642497,0.22454763171375125,0.93167880866161,TRUE,0.9503570696858067,0.03636410282661448,0.10097029304312868,NA,50,13,0.5
A,"1 obs/item, naive SE",0.8951339857462824,0.0960307321933496,0.7069137506473172,1.0833542208452476,FALSE,0.5059214949517516,NA,NA,NA,50,14,0.5
B,+ (1|variant): captures phi,0.601470210829205,0.1990177757504958,0.21139537035823325,0.9915450513001769,TRUE,1.0484911270585544,NA,NA,NA,50,14,0.5
C,+ (1|judge): captures lambda,0.39080469053716654,0.2804423875724405,-0.15886238910481681,0.9404717701791498,TRUE,1.4774627739255473,NA,NA,NA,50,14,0.5
D,+ (1|temp): captures tau,0.47988714360473245,0.22967037934494836,0.02973320008863367,0.9300410871208312,TRUE,1.2099791286645947,NA,NA,NA,50,14,0.5
E,+ interactions: lumps eps into residual,0.47988714360473245,0.21345452542857893,0.061516273764717744,0.8982580134447471,TRUE,1.1245486746015048,NA,NA,0.2250917569921766,50,14,0.5
F,+ (1|item:variant:judge:temp): splits eps/rho,0.47988714360473234,0.21170426796492947,0.06494677839347057,0.894827508815994,TRUE,1.1153277423818366,0.04228636590868917,0.10214256797154717,NA,50,14,0.5
A,"1 obs/item, naive SE",0.922310621278939,0.07313086530765987,0.7789741252759257,1.0656471172819524,FALSE,0.3852774612722231,NA,NA,NA,50,15,0.5
B,+ (1|variant): captures phi,0.7753195372988386,0.07657210349200688,0.6252382144545051,0.9254008601431721,FALSE,0.4034070363253899,NA,NA,NA,50,15,0.5
C,+ (1|judge): captures lambda,0.6888144926688509,0.12249162513930971,0.44873090739580385,0.9288980779418978,TRUE,0.645326185629571,NA,NA,NA,50,15,0.5
D,+ (1|temp): captures tau,0.6256619950710693,0.16905976955059024,0.2943048467519125,0.9570191433902262,TRUE,0.8906624930759042,NA,NA,NA,50,15,0.5
E,+ interactions: lumps eps into residual,0.6256619950710693,0.15648374296876646,0.31895385885228705,0.9323701312898516,TRUE,0.8244078470525984,NA,NA,0.19925924374531548,50,15,0.5
F,+ (1|item:variant:judge:temp): splits eps/rho,0.6256619950710693,0.1547823346244591,0.32228861920712953,0.9290353709350092,TRUE,0.8154442680668392,0.03770314706370693,0.10261015626701642,NA,50,15,0.5
A,"1 obs/item, naive SE",0.9852785401414612,0.08502214777239418,0.8186351305075686,1.151921949775354,FALSE,0.4479246499798873,NA,NA,NA,50,16,0.5
B,+ (1|variant): captures phi,1.018041282557149,0.18415350653938567,0.6571004097399531,1.3789821553743449,FALSE,0.9701812659454582,NA,NA,NA,50,16,0.5
C,+ (1|judge): captures lambda,0.8915151460733206,0.231399121802852,0.43797286733973073,1.3450574248069105,TRUE,1.2190867127547402,NA,NA,NA,50,16,0.5
D,+ (1|temp): captures tau,0.5175072412502322,0.26617641586549823,-0.0041985338461443256,1.0392130163466087,TRUE,1.4023049409270036,NA,NA,NA,50,16,0.5
E,+ interactions: lumps eps into residual,0.5175072412502322,0.2575995426185083,0.012612137717955885,1.0224023447825084,TRUE,1.357119150544898,NA,NA,0.20572633551904596,50,16,0.5
F,+ (1|item:variant:judge:temp): splits eps/rho,0.5175072412502323,0.25647816606093604,0.014810035770797647,1.020204446729667,TRUE,1.351211369864141,0.04195765136952119,0.09918476560606737,NA,50,16,0.5
A,"1 obs/item, naive SE",0.344387807724679,0.07702392726891384,0.19342091027760785,0.49535470517175006,FALSE,0.4057873926493141,NA,NA,NA,50,17,0.5
B,+ (1|variant): captures phi,0.31116110184337736,0.08957466072848641,0.135594766815544,0.48672743687121073,FALSE,0.47190878618220294,NA,NA,NA,50,17,0.5
C,+ (1|judge): captures lambda,0.5354962570188463,0.1442693712150792,0.25272828943729103,0.8182642246004015,TRUE,0.7600585176620863,NA,NA,NA,50,17,0.5
D,+ (1|temp): captures tau,0.42596593572136493,0.17725950719768643,0.07853730161389955,0.7733945698288303,TRUE,0.9338614090258375,NA,NA,NA,50,17,0.5
E,+ interactions: lumps eps into residual,0.42596593572136493,0.16072799461886517,0.11093906626838923,0.7409928051743406,TRUE,0.8467679612652659,NA,NA,0.20467285345389602,50,17,0.5
F,+ (1|item:variant:judge:temp): splits eps/rho,0.42596593572136515,0.15886862469838867,0.11458343131252335,0.737348440130207,TRUE,0.8369721887208914,0.039849674124244325,0.1008493884254834,NA,50,17,0.5
A,"1 obs/item, naive SE",0.6816980604191288,0.09498569180506501,0.4955261044812014,0.8678700163570563,TRUE,0.5004158783283005,NA,NA,NA,50,18,0.5
B,+ (1|variant): captures phi,0.6391740984507931,0.14738724270681064,0.35029510274544423,0.928053094156142,TRUE,0.7764844905786341,NA,NA,NA,50,18,0.5
C,+ (1|judge): captures lambda,0.36536565118523906,0.21048476573724623,-0.04718448965976352,0.7779157920302416,TRUE,1.1089030033838636,NA,NA,NA,50,18,0.5
D,+ (1|temp): captures tau,0.32877880528169373,0.25202935669684734,-0.16519873384412703,0.8227563444075146,TRUE,1.3277735783069193,NA,NA,NA,50,18,0.5
E,+ interactions: lumps eps into residual,0.32877880528169373,0.24239613069357102,-0.14631761087770545,0.8038752214410929,TRUE,1.2770225740245305,NA,NA,0.2231802511592334,50,18,0.5
F,+ (1|item:variant:judge:temp): splits eps/rho,0.32877880528169373,0.24081888873694415,-0.14322621664271679,0.8007838272061043,TRUE,1.2687131444245283,0.03812219697405847,0.1010693093572684,NA,50,18,0.5
A,"1 obs/item, naive SE",0.15889140653329759,0.08902929970378332,-0.015606020886117705,0.3333888339527129,FALSE,0.46903564485958255,NA,NA,NA,50,19,0.5
B,+ (1|variant): captures phi,0.5121074738922744,0.12842306398734682,0.26039826847707465,0.7638166793074741,TRUE,0.6765749571496287,NA,NA,NA,50,19,0.5
C,+ (1|judge): captures lambda,0.4694283455633733,0.21505987111035263,0.047910998187082166,0.8909456929396644,TRUE,1.133006163872773,NA,NA,NA,50,19,0.5
D,+ (1|temp): captures tau,0.3845271717776223,0.18517001497612812,0.021593942424411205,0.7474604011308335,TRUE,0.97553656686009,NA,NA,NA,50,19,0.5
E,+ interactions: lumps eps into residual,0.3845271717776223,0.1787937102410019,0.03409149970525854,0.734962843849986,TRUE,0.9419440954690785,NA,NA,0.21560004181933246,50,19,0.5
F,+ (1|item:variant:judge:temp): splits eps/rho,0.3845271717776224,0.17683506553422615,0.03793044333053919,0.7311239002247056,TRUE,0.9316253106853054,0.038829479653584006,0.09916029040666678,NA,50,19,0.5
A,"1 obs/item, naive SE",0.4310543291589597,0.08991600771995087,0.254818954027856,0.6072897042900633,TRUE,0.47370711444935887,NA,NA,NA,50,20,0.5
B,+ (1|variant): captures phi,0.6367962903106453,0.14169401667376147,0.35907601763007285,0.9145165629912178,TRUE,0.746490702548994,NA,NA,NA,50,20,0.5
C,+ (1|judge): captures lambda,0.4062013973423083,0.17771237762597641,0.057885137195394565,0.7545176574892221,TRUE,0.9362472794536356,NA,NA,NA,50,20,0.5
D,+ (1|temp): captures tau,0.5515806740910444,0.18402324278394425,0.19089511823451366,0.9122662299475751,TRUE,0.9694949936200711,NA,NA,NA,50,20,0.5
E,+ interactions: lumps eps into residual,0.5515806740910444,0.16981960020299944,0.2187342576931655,0.8844270904889233,TRUE,0.8946655309659313,NA,NA,0.2052807286723414,50,20,0.5
F,+ (1|item:variant:judge:temp): splits eps/rho,0.5515806740910444,0.16806705145802037,0.22216925323332448,0.8809920949487643,TRUE,0.8854325275223001,0.04022107592185694,0.0994625032651077,NA,50,20,0.5
A,"1 obs/item, naive SE",0.43749853894387514,0.08182136141616679,0.27712867056818824,0.597868407319562,TRUE,0.43106185427503607,NA,NA,NA,50,21,0.5
B,+ (1|variant): captures phi,0.5523419002711311,0.10906537455248895,0.33857376614825274,0.7661100343940094,TRUE,0.5745922797919604,NA,NA,NA,50,21,0.5
C,+ (1|judge): captures lambda,0.7168581675703302,0.23113393181970898,0.26383566120370056,1.1698806739369598,TRUE,1.217689604665969,NA,NA,NA,50,21,0.5
D,+ (1|temp): captures tau,0.7373966840110111,0.19687553006968259,0.35152064507443326,1.123272722947589,TRUE,1.03720507193186,NA,NA,NA,50,21,0.5
E,+ interactions: lumps eps into residual,0.7373966840110111,0.18981841678567574,0.36535258711108665,1.1094407809109357,TRUE,1.0000258770934825,NA,NA,0.21285197742879156,50,21,0.5
F,+ (1|item:variant:judge:temp): splits eps/rho,0.7373966840110113,0.18840235343127443,0.36812807128571345,1.1066652967363093,TRUE,0.9925655894038846,0.03974868856904455,0.09918698573565278,NA,50,21,0.5
A,"1 obs/item, naive SE",0.2423250633283648,0.09463156000538524,0.05684720571780971,0.42780292093891986,FALSE,0.4985501954847789,NA,NA,NA,50,22,0.5
B,+ (1|variant): captures phi,0.41136866374707615,0.09664194436953227,0.2219504527827929,0.6007868747113594,TRUE,0.5091415618078958,NA,NA,NA,50,22,0.5
C,+ (1|judge): captures lambda,0.2469240846081606,0.18804484786328568,-0.12164381720387932,0.6154919864202005,TRUE,0.9906821324388135,NA,NA,NA,50,22,0.5
D,+ (1|temp): captures tau,0.5016043751245702,0.23806089520594187,0.03500502052092419,0.9682037297282162,TRUE,1.2541831270186152,NA,NA,NA,50,22,0.5
E,+ interactions: lumps eps into residual,0.5016043751245702,0.22889247580898509,0.052975122538959474,0.950233627710181,TRUE,1.2058808768773397,NA,NA,0.20827340845523787,50,22,0.5
F,+ (1|item:variant:judge:temp): splits eps/rho,0.5016043751245708,0.22756303175568046,0.05558083288343707,0.9476279173657045,TRUE,1.1988769281669585,0.04083604622911524,0.0995033979940471,NA,50,22,0.5
A,"1 obs/item, naive SE",0.3852676019389439,0.08166615308059028,0.22520194190098694,0.5453332619769008,TRUE,0.4302441656937833,NA,NA,NA,50,23,0.5
B,+ (1|variant): captures phi,0.24791405742263856,0.17605320351167683,-0.09715022146024804,0.5929783363055252,TRUE,0.9275062042882228,NA,NA,NA,50,23,0.5
C,+ (1|judge): captures lambda,0.43319383294035013,0.21634273231509124,0.009162077602771324,0.8572255882779289,TRUE,1.1397646988093828,NA,NA,NA,50,23,0.5
D,+ (1|temp): captures tau,0.3834746168927123,0.266896230935882,-0.13964199574161645,0.9065912295270411,TRUE,1.406097163564275,NA,NA,NA,50,23,0.5
E,+ interactions: lumps eps into residual,0.3834746168927123,0.25391224541501306,-0.11419338412071328,0.8811426179061379,TRUE,1.337693255616098,NA,NA,0.21699160243998586,50,23,0.5
F,+ (1|item:variant:judge:temp): splits eps/rho,0.38347461689271256,0.25266938121875865,-0.11175737029605437,0.8787066040814795,TRUE,1.3311454380807177,0.04582012392124543,0.09962457778398409,NA,50,23,0.5
A,"1 obs/item, naive SE",0.7155520309450742,0.07905187313402239,0.5606103596023904,0.8704937022877581,FALSE,0.4164712787378968,NA,NA,NA,50,24,0.5
B,+ (1|variant): captures phi,0.7917487007786013,0.10146807599142851,0.5928712718354014,0.9906261297218011,FALSE,0.5345672111725973,NA,NA,NA,50,24,0.5
C,+ (1|judge): captures lambda,0.6737970999231613,0.1634490437719499,0.35343697413013947,0.994157225716183,TRUE,0.8611033435322061,NA,NA,NA,50,24,0.5
D,+ (1|temp): captures tau,0.48574487453195686,0.2340387272564917,0.027028969109233136,0.9444607799546806,TRUE,1.2329930228149344,NA,NA,NA,50,24,0.5
E,+ interactions: lumps eps into residual,0.48574487453195686,0.22085630689340147,0.052866513020890016,0.9186232360430238,TRUE,1.1635436948253381,NA,NA,0.21777593307048396,50,24,0.5
F,+ (1|item:variant:judge:temp): splits eps/rho,0.48574487453195675,0.2192527355284812,0.056009512896133595,0.9154802361677798,TRUE,1.1550955532390714,0.039778478782422605,0.09939160747426591,NA,50,24,0.5
A,"1 obs/item, naive SE",0.8257024712728697,0.08008994161910903,0.668726185699416,0.9826787568463233,FALSE,0.4219401650812804,NA,NA,NA,50,25,0.5
B,+ (1|variant): captures phi,0.8857407174179186,0.1916886237539379,0.5100310148602003,1.261450419975637,FALSE,1.0098787427713918,NA,NA,NA,50,25,0.5
C,+ (1|judge): captures lambda,0.8976357745038577,0.1765889679879603,0.5515213972474555,1.2437501517602598,FALSE,0.9303287878361399,NA,NA,NA,50,25,0.5
D,+ (1|temp): captures tau,0.7027154591792476,0.17904824581265352,0.3517808973864467,1.0536500209720485,TRUE,0.943285072612407,NA,NA,NA,50,25,0.5
E,+ interactions: lumps eps into residual,0.7027154591792476,0.15992669375703022,0.38925913941546836,1.016171778943027,TRUE,0.8425464446667104,NA,NA,0.20901103608259117,50,25,0.5
F,+ (1|item:variant:judge:temp): splits eps/rho,0.7027154591792476,0.15803640429850901,0.39296410675416993,1.0124668116043254,TRUE,0.8325877778222143,0.041221240591816935,0.09901456803185463,NA,50,25,0.5
A,"1 obs/item, naive SE",0.01792804640227158,0.07675577825386083,-0.13251327897529563,0.1683693717798388,FALSE,0.40437469540680726,NA,NA,NA,50,26,0.5
B,+ (1|variant): captures phi,-0.0036812074186027464,0.16761438467031034,-0.332205401372411,0.32484298653520555,FALSE,0.8830477299400827,NA,NA,NA,50,26,0.5
C,+ (1|judge): captures lambda,0.038926622269065125,0.20368149679136344,-0.3602891114420072,0.43814235598013745,FALSE,1.0730611440431492,NA,NA,NA,50,26,0.5
D,+ (1|temp): captures tau,0.27462515794498427,0.2324942779272627,-0.18106362679245064,0.7303139426824192,TRUE,1.2248563555660839,NA,NA,NA,50,26,0.5
E,+ interactions: lumps eps into residual,0.27462515794498427,0.2170801190178202,-0.15085187532994332,0.7001021912199119,TRUE,1.1436494945875828,NA,NA,0.2124487772349031,50,26,0.5
F,+ (1|item:variant:judge:temp): splits eps/rho,0.2746251579449844,0.21555757410644266,-0.14786768730364325,0.697118003193612,TRUE,1.135628227019359,0.039906823320861755,0.10055537141115324,NA,50,26,0.5
A,"1 obs/item, naive SE",1.0645622610212295,0.08548323004837993,0.8970151301264049,1.2321093919160542,FALSE,0.45035378312335633,NA,NA,NA,50,27,0.5
B,+ (1|variant): captures phi,0.90711821099964,0.15467456849780672,0.6039560567439388,1.210280365255341,FALSE,0.8148765206524871,NA,NA,NA,50,27,0.5
C,+ (1|judge): captures lambda,0.8475544439959366,0.1712269193992842,0.5119496819733396,1.1831592060185336,FALSE,0.902079751553411,NA,NA,NA,50,27,0.5
D,+ (1|temp): captures tau,0.5904548184534479,0.21019323548131608,0.17847607691006845,1.0024335599968275,TRUE,1.1073671260711,NA,NA,NA,50,27,0.5
E,+ interactions: lumps eps into residual,0.5904548184534479,0.20566724548668067,0.18734701729955383,0.993562619607342,TRUE,1.0835227215568002,NA,NA,0.22119231882489918,50,27,0.5
F,+ (1|item:variant:judge:temp): splits eps/rho,0.5904548184534483,0.20383692079412932,0.19093445369695483,0.9899751832099417,TRUE,1.0738799688301184,0.038480140541449465,0.09925920065684177,NA,50,27,0.5
A,"1 obs/item, naive SE",0.5106308810914814,0.08792435760136116,0.3382991401928135,0.6829626219901492,TRUE,0.4632144462961162,NA,NA,NA,50,28,0.5
B,+ (1|variant): captures phi,0.47970252204390046,0.13533554759377964,0.2144448487600924,0.7449601953277085,TRUE,0.7129921952578908,NA,NA,NA,50,28,0.5
C,+ (1|judge): captures lambda,0.02415638058344943,0.2967437392037107,-0.5574613482558236,0.6057741094227224,TRUE,1.5633436580827291,NA,NA,NA,50,28,0.5
D,+ (1|temp): captures tau,0.39382805864150466,0.2597623186236892,-0.11530608586092611,0.9029622031439355,TRUE,1.3685133661756175,NA,NA,NA,50,28,0.5
E,+ interactions: lumps eps into residual,0.39382805864150466,0.2444434200504618,-0.08528104465740044,0.8729371619404098,TRUE,1.2878083679925652,NA,NA,0.22119559951455733,50,28,0.5
F,+ (1|item:variant:judge:temp): splits eps/rho,0.3938280586415046,0.24296129560628427,-0.08237608074681252,0.8700321980298218,TRUE,1.2800000487454193,0.039157017712047486,0.10020052434109396,NA,50,28,0.5
A,"1 obs/item, naive SE",0.6493557094992871,0.09681468715327872,0.4595989226788608,0.8391124963197134,TRUE,0.5100516276316069,NA,NA,NA,50,29,0.5
B,+ (1|variant): captures phi,0.5575610492189279,0.0880459798097945,0.3849909287917307,0.7301311696461251,TRUE,0.4638551921084676,NA,NA,NA,50,29,0.5
C,+ (1|judge): captures lambda,0.5928861882611108,0.12427588875453617,0.34930544630221994,0.8364669302200017,TRUE,0.654726273445062,NA,NA,NA,50,29,0.5
D,+ (1|temp): captures tau,0.5689846985199654,0.15303419425643217,0.2690376777773583,0.8689317192625724,TRUE,0.8062344894035154,NA,NA,NA,50,29,0.5
E,+ interactions: lumps eps into residual,0.5689846985199654,0.13954620621210878,0.29547413434423214,0.8424952626956985,TRUE,0.7351753303258132,NA,NA,0.2176687147956992,50,29,0.5
F,+ (1|item:variant:judge:temp): splits eps/rho,0.5689846985199654,0.13868274218927068,0.29716652382899483,0.8408028732109358,TRUE,0.7306263177410528,0.03926499427526168,0.09957668208512573,NA,50,29,0.5
A,"1 obs/item, naive SE",0.3211039175541645,0.07494892050018712,0.17420403337379775,0.46800380173453127,FALSE,0.39485557423564666,NA,NA,NA,50,30,0.5
B,+ (1|variant): captures phi,0.4141491264967467,0.07255849703169315,0.2719344723146281,0.5563637806788653,TRUE,0.3822620368635347,NA,NA,NA,50,30,0.5
C,+ (1|judge): captures lambda,0.5223161237328869,0.21269654756644024,0.10543089050266408,0.9392013569631098,TRUE,1.1205553978202611,NA,NA,NA,50,30,0.5
D,+ (1|temp): captures tau,0.5976625903202586,0.2600547754099385,0.08795523051677911,1.1073699501237382,TRUE,1.370054124754966,NA,NA,NA,50,30,0.5
E,+ interactions: lumps eps into residual,0.5976625903202586,0.2502435024461364,0.10718532552583121,1.088139855114686,TRUE,1.3183651105003167,NA,NA,0.20956176245265057,50,30,0.5
F,+ (1|item:variant:judge:temp): splits eps/rho,0.5976625903202586,0.24897384498961828,0.10967385414060676,1.0856513264999104,TRUE,1.311676137253867,0.03948627331930428,0.09947181443374403,NA,50,30,0.5
A,"1 obs/item, naive SE",0.7561757999228037,0.09720336277651061,0.5656572088808429,0.9466943909647645,FALSE,0.5120992987038306,NA,NA,NA,50,31,0.5
B,+ (1|variant): captures phi,0.3200233637905758,0.19189610768247362,-0.0560930072670725,0.6961397348482241,TRUE,1.0109718363770088,NA,NA,NA,50,31,0.5
C,+ (1|judge): captures lambda,0.5101072224980842,0.16487082338657374,0.18696040866039965,0.8332540363357687,TRUE,0.8685937463615228,NA,NA,NA,50,31,0.5
D,+ (1|temp): captures tau,0.4706671391161672,0.3265322724017669,-0.16933611479129596,1.1106703930236304,TRUE,1.7202794525285843,NA,NA,NA,50,31,0.5
E,+ interactions: lumps eps into residual,0.4706671391161672,0.3186941256969851,-0.1539733472499235,1.095307625482258,TRUE,1.6789855166399126,NA,NA,0.2164722231108784,50,31,0.5
F,+ (1|item:variant:judge:temp): splits eps/rho,0.4706671391161673,0.31763173760780844,-0.15189106659513718,1.0932253448274718,TRUE,1.6733885066201097,0.03954425571903319,0.10039979015587182,NA,50,31,0.5
A,"1 obs/item, naive SE",0.2973506385165708,0.10156124877512959,0.09829059091731679,0.4964106861158248,FALSE,0.5350580760545183,NA,NA,NA,50,32,0.5
B,+ (1|variant): captures phi,0.442707753618394,0.16737780678332984,0.1146472523230675,0.7707682549137205,TRUE,0.8818013597883617,NA,NA,NA,50,32,0.5
C,+ (1|judge): captures lambda,0.39730820322443555,0.15701661290537497,0.08955564192990062,0.7050607645189705,TRUE,0.8272151812130942,NA,NA,NA,50,32,0.5
D,+ (1|temp): captures tau,0.5399713001388151,0.20202248567360367,0.14400722821855194,0.9359353720590783,TRUE,1.0643209275971404,NA,NA,NA,50,32,0.5
E,+ interactions: lumps eps into residual,0.5399713001388151,0.1873038141789594,0.17285582434805474,0.9070867759295755,TRUE,0.9867781231615634,NA,NA,0.21024996512264005,50,32,0.5
F,+ (1|item:variant:judge:temp): splits eps/rho,0.5399713001388154,0.18560076322116179,0.17619380422533837,0.9037487960522925,TRUE,0.9778058903474556,0.04031901316387648,0.10039527824837562,NA,50,32,0.5
A,"1 obs/item, naive SE",0.32591643227076367,0.08659935885461964,0.1561816889157092,0.4956511756258182,FALSE,0.4562339169233839,NA,NA,NA,50,33,0.5
B,+ (1|variant): captures phi,0.31912642430175425,0.08665965091716549,0.1492735085041099,0.4889793400993986,FALSE,0.4565515553472533,NA,NA,NA,50,33,0.5
C,+ (1|judge): captures lambda,0.6279967274578452,0.18573254331976208,0.2639609425511115,0.9920325123645788,TRUE,0.978500151267538,NA,NA,NA,50,33,0.5
D,+ (1|temp): captures tau,0.31976180730393394,0.23404956753891096,-0.1389753450723315,0.7784989596801994,TRUE,1.2330501329895835,NA,NA,NA,50,33,0.5
E,+ interactions: lumps eps into residual,0.31976180730393394,0.22905418172092917,-0.12918438886908723,0.7687080034769551,TRUE,1.2067327968288462,NA,NA,0.22133429429031837,50,33,0.5
F,+ (1|item:variant:judge:temp): splits eps/rho,0.319761807303934,0.22743618626477488,-0.12601311777502477,0.7655367323828928,TRUE,1.198208664383885,0.041658698752027684,0.09707422127585372,NA,50,33,0.5
A,"1 obs/item, naive SE",0.22383720803043652,0.0754424809776428,0.07596994531425663,0.3717044707466164,FALSE,0.39745581323102086,NA,NA,NA,50,34,0.5
B,+ (1|variant): captures phi,0.1313432768180312,0.14174479649112023,-0.14647652430456443,0.40916307794062684,FALSE,0.7467582273353279,NA,NA,NA,50,34,0.5
C,+ (1|judge): captures lambda,0.4295770053083436,0.21754167249001055,0.0031953272279229283,0.8559586833887642,TRUE,1.146081110147699,NA,NA,NA,50,34,0.5
D,+ (1|temp): captures tau,0.28096489134431984,0.19886388543957387,-0.10880832411724495,0.6707381068058846,TRUE,1.047680382264862,NA,NA,NA,50,34,0.5
E,+ interactions: lumps eps into residual,0.28096489134431984,0.1795642736397681,-0.07098108498962563,0.6329108676782653,TRUE,0.9460036769983953,NA,NA,0.22374201180756648,50,34,0.5
F,+ (1|item:variant:judge:temp): splits eps/rho,0.28096489134431996,0.17753618637069582,-0.06700603394224386,0.6289358166308838,TRUE,0.9353190459472044,0.04131854438011231,0.10128103419748191,NA,50,34,0.5
A,"1 obs/item, naive SE",0.8959972119917455,0.06578313564563013,0.7670622661263105,1.0249321578571806,FALSE,0.34656720373059774,NA,NA,NA,50,35,0.5
B,+ (1|variant): captures phi,0.6054512112442216,0.12111570873221426,0.3680644221290817,0.8428380003593616,TRUE,0.6380774052682505,NA,NA,NA,50,35,0.5
C,+ (1|judge): captures lambda,0.8747626801896863,0.20979340637740262,0.4635676036899771,1.2859577566893954,TRUE,1.1052606947927273,NA,NA,NA,50,35,0.5
D,+ (1|temp): captures tau,0.7628905794910509,0.21417325156181855,0.3431110064298865,1.1826701525522152,TRUE,1.128335160359599,NA,NA,NA,50,35,0.5
E,+ interactions: lumps eps into residual,0.7628905794910509,0.20156234643018833,0.36782838048788175,1.15795277849422,TRUE,1.0618967626595457,NA,NA,0.2179155133587624,50,35,0.5
F,+ (1|item:variant:judge:temp): splits eps/rho,0.7628905794910509,0.19989670338316176,0.37109304086005385,1.1546881181220479,TRUE,1.0531216070280027,0.04168782269234278,0.10121574365235499,NA,50,35,0.5
A,"1 obs/item, naive SE",0.5660443025959406,0.07642594055993732,0.4162494590984635,0.7158391460934177,TRUE,0.4026370019060929,NA,NA,NA,50,36,0.5
B,+ (1|variant): captures phi,0.9862111255522676,0.20220514158846215,0.5898890480388819,1.3825332030656534,FALSE,1.0652832190573462,NA,NA,NA,50,36,0.5
C,+ (1|judge): captures lambda,0.6091754437730164,0.264418210533755,0.09091575112685646,1.1274351364191761,TRUE,1.3930421367230672,NA,NA,NA,50,36,0.5
D,+ (1|temp): captures tau,0.43041191289119113,0.21163532842846963,0.015606669171390641,0.8452171566109916,TRUE,1.114964546220041,NA,NA,NA,50,36,0.5
E,+ interactions: lumps eps into residual,0.43041191289119113,0.19210597332946672,0.05388420516543635,0.8069396206169459,TRUE,1.0120774776591348,NA,NA,0.2153740200852459,50,36,0.5
F,+ (1|item:variant:judge:temp): splits eps/rho,0.4304119128911912,0.1902932163348026,0.05743720887497811,0.8033866169074042,TRUE,1.0025272773453624,0.03951175976676046,0.09974648016158912,NA,50,36,0.5
A,"1 obs/item, naive SE",0.8075973748645227,0.08538226191054496,0.6402481415198545,0.9749466082091908,FALSE,0.44982184975089057,NA,NA,NA,50,37,0.5
B,+ (1|variant): captures phi,0.8615032465558135,0.13889471565325995,0.5892696038754239,1.133736889236203,FALSE,0.7317430636966665,NA,NA,NA,50,37,0.5
C,+ (1|judge): captures lambda,0.5469143943586833,0.24369829873202561,0.06926572884391308,1.0245630598734534,TRUE,1.2838828237138373,NA,NA,NA,50,37,0.5
D,+ (1|temp): captures tau,0.32943216106700757,0.2550244721065821,-0.1704158042618933,0.8292801263959084,TRUE,1.3435528317920966,NA,NA,NA,50,37,0.5
E,+ interactions: lumps eps into residual,0.32943216106700757,0.24050519370259602,-0.14195801859008061,0.8008223407240957,TRUE,1.267060495766005,NA,NA,0.200897420865103,50,37,0.5
F,+ (1|item:variant:judge:temp): splits eps/rho,0.32943216106700757,0.2393577566125917,-0.13970904189367217,0.7985733640276873,TRUE,1.2610154196254915,0.03881893140419622,0.10128396629621796,NA,50,37,0.5
A,"1 obs/item, naive SE",0.7628181473899481,0.08285259650773551,0.6004270582347866,0.9252092365451097,FALSE,0.43649474005292127,NA,NA,NA,50,38,0.5
B,+ (1|variant): captures phi,0.6326623583168259,0.1134644931533436,0.4102719517362725,0.8550527648973794,TRUE,0.5977682840583172,NA,NA,NA,50,38,0.5
C,+ (1|judge): captures lambda,0.679784439801727,0.18401950162765965,0.31910621661151406,1.0404626629919398,TRUE,0.9694752839777814,NA,NA,NA,50,38,0.5
D,+ (1|temp): captures tau,0.7794771510797573,0.19212219813691075,0.4029176427314123,1.1560366594281024,TRUE,1.0121629552833278,NA,NA,NA,50,38,0.5
E,+ interactions: lumps eps into residual,0.7794771510797573,0.17755314041877032,0.43147299585896753,1.127481306300547,TRUE,0.9354083654509865,NA,NA,0.21710585763978144,50,38,0.5
F,+ (1|item:variant:judge:temp): splits eps/rho,0.779477151079757,0.17561279704906935,0.4352760688635811,1.123678233295933,TRUE,0.9251859981327581,0.04044353959152461,0.09906966095621664,NA,50,38,0.5
A,"1 obs/item, naive SE",0.8108976790061524,0.08373861338940763,0.6467699967629135,0.9750253612493913,FALSE,0.44116256851876623,NA,NA,NA,50,39,0.5
B,+ (1|variant): captures phi,1.1241998969224785,0.2014575286964816,0.7293431406773745,1.5190566531675824,FALSE,1.0613445483493642,NA,NA,NA,50,39,0.5
C,+ (1|judge): captures lambda,0.5812870250203841,0.3596733618759497,-0.12367276425647733,1.2862468142972454,TRUE,1.894877616555386,NA,NA,NA,50,39,0.5
D,+ (1|temp): captures tau,0.436283865015987,0.27355857445287607,-0.09989094091165013,0.972458670943624,TRUE,1.4411965813757865,NA,NA,NA,50,39,0.5
E,+ interactions: lumps eps into residual,0.436283865015987,0.25628325646438743,-0.06603131765421238,0.9385990476861863,TRUE,1.3501845219768651,NA,NA,0.2070478219599692,50,39,0.5
F,+ (1|item:variant:judge:temp): splits eps/rho,0.436283865015987,0.25541282591538095,-0.06432527377815972,0.9368930038101337,TRUE,1.345598807439998,0.041711253588879414,0.10040052288504152,NA,50,39,0.5
A,"1 obs/item, naive SE",0.4467953141024398,0.08109737523527083,0.2878444586413089,0.6057461695635706,TRUE,0.42724765685513283,NA,NA,NA,50,40,0.5
B,+ (1|variant): captures phi,0.5424657583974517,0.16870866311854202,0.21179677868510938,0.873134738109794,TRUE,0.8888127488645264,NA,NA,NA,50,40,0.5
C,+ (1|judge): captures lambda,0.24133685473119879,0.3050239798311891,-0.3565101457379318,0.8391838552003295,TRUE,1.6069666902218531,NA,NA,NA,50,40,0.5
D,+ (1|temp): captures tau,0.45634251096280054,0.2818117118024265,-0.09600844416995535,1.0086934660955564,TRUE,1.4846768245287785,NA,NA,NA,50,40,0.5
E,+ interactions: lumps eps into residual,0.45634251096280054,0.27511588478644955,-0.08288462321864054,0.9955696451442416,TRUE,1.4494010046272827,NA,NA,0.21864280606152237,50,40,0.5
F,+ (1|item:variant:judge:temp): splits eps/rho,0.4563425109628005,0.27380822402642624,-0.08032160812899497,0.9930066300545959,TRUE,1.4425118174734377,0.03826328363424995,0.09918571846383785,NA,50,40,0.5
A,"1 obs/item, naive SE",0.23870861967177226,0.07279101068843198,0.09603823872244557,0.381379000621099,FALSE,0.3834869953130565,NA,NA,NA,50,41,0.5
B,+ (1|variant): captures phi,0.43118800532322993,0.11866167845956492,0.19861111554248267,0.6637648951039772,TRUE,0.6251487663227944,NA,NA,NA,50,41,0.5
C,+ (1|judge): captures lambda,0.2714382386802469,0.15509030857755324,-0.032538766131757435,0.5754152434922513,TRUE,0.8170667761868636,NA,NA,NA,50,41,0.5
D,+ (1|temp): captures tau,0.4748298688698343,0.16790411575739272,0.14573780198534458,0.803921935754324,TRUE,0.8845741286393615,NA,NA,NA,50,41,0.5
E,+ interactions: lumps eps into residual,0.4748298688698343,0.15855424028285414,0.1640635579154402,0.7855961798242284,TRUE,0.8353159081754455,NA,NA,0.20012214753165675,50,41,0.5
F,+ (1|item:variant:judge:temp): splits eps/rho,0.47482986886983436,0.15682613747497584,0.16745063941888172,0.782209098320787,TRUE,0.8262116939721027,0.03877752058434869,0.10115481128418449,NA,50,41,0.5
A,"1 obs/item, naive SE",0.10929443237511624,0.07966734333171897,-0.04685356055505294,0.2654424253052854,FALSE,0.41971377825242695,NA,NA,NA,50,42,0.5
B,+ (1|variant): captures phi,-0.006967197462708236,0.10499186568171855,-0.21275125419887658,0.1988168592734601,FALSE,0.5531316947216519,NA,NA,NA,50,42,0.5
C,+ (1|judge): captures lambda,0.23070838571970875,0.16655015565653278,-0.09572991936709546,0.557146690806513,TRUE,0.8774410213237481,NA,NA,NA,50,42,0.5
D,+ (1|temp): captures tau,0.4674163559666668,0.24704234793299737,-0.01678664598200802,0.9516193579153416,TRUE,1.3015003752237173,NA,NA,NA,50,42,0.5
E,+ interactions: lumps eps into residual,0.4674163559666668,0.2379322951222352,0.0010690575270858038,0.9337636544062478,TRUE,1.253505619463338,NA,NA,0.21714510593563674,50,42,0.5
F,+ (1|item:variant:judge:temp): splits eps/rho,0.46741635596666675,0.23642087593809752,0.00403143912799564,0.9308012728053379,TRUE,1.2455429658870005,0.03576923892889506,0.10132452266718982,NA,50,42,0.5
A,"1 obs/item, naive SE",1.1001976605817376,0.09051948063561883,0.9227794785359247,1.2776158426275506,FALSE,0.4768864083346009,NA,NA,NA,50,43,0.5
B,+ (1|variant): captures phi,0.976272789704582,0.10035250737624524,0.7795818752471413,1.1729637041620227,FALSE,0.5286900286433792,NA,NA,NA,50,43,0.5
C,+ (1|judge): captures lambda,0.7956773824275376,0.1601578785742929,0.48176794042192356,1.1095868244331517,TRUE,0.8437644023526331,NA,NA,NA,50,43,0.5
D,+ (1|temp): captures tau,0.5037599364898194,0.20667256738853493,0.098681704408291,0.9088381685713478,TRUE,1.0888190881248463,NA,NA,NA,50,43,0.5
E,+ interactions: lumps eps into residual,0.5037599364898194,0.19689549337062928,0.11784476948338601,0.8896751034962529,TRUE,1.0373102451699312,NA,NA,0.20296012644687242,50,43,0.5
F,+ (1|item:variant:judge:temp): splits eps/rho,0.5037599364898193,0.19535145768290813,0.12087107943131942,0.8866487935483192,TRUE,1.029175757120648,0.038765856239507866,0.0979498663212842,NA,50,43,0.5
A,"1 obs/item, naive SE",0.1349540841335429,0.08559287821990826,-0.03280795717747728,0.30271612544456306,FALSE,0.4509314457693793,NA,NA,NA,50,44,0.5
B,+ (1|variant): captures phi,0.4499455768131771,0.122267092482331,0.21030207554780833,0.6895890780785459,TRUE,0.6441432737128374,NA,NA,NA,50,44,0.5
C,+ (1|judge): captures lambda,0.42304958615718963,0.15905771221816278,0.1112964702095906,0.7348027021047887,TRUE,0.8379683639920351,NA,NA,NA,50,44,0.5
D,+ (1|temp): captures tau,0.3167193584324434,0.18567668676942312,-0.047206947635625884,0.6806456645005128,TRUE,0.9782058805814264,NA,NA,NA,50,44,0.5
E,+ interactions: lumps eps into residual,0.3167193584324434,0.1678260615296105,-0.012219722165593139,0.64565843903048,TRUE,0.8841629132846,NA,NA,0.21027609401282987,50,44,0.5
F,+ (1|item:variant:judge:temp): splits eps/rho,0.31671935843244314,0.16653391201912926,-0.00968710912505022,0.6431258259899365,TRUE,0.8773554444971329,0.03952270390101014,0.0994258620862623,NA,50,44,0.5
A,"1 obs/item, naive SE",0.32571848886493426,0.08266655366844845,0.1636920436747753,0.4877449340550932,FALSE,0.43551460516039886,NA,NA,NA,50,45,0.5
B,+ (1|variant): captures phi,0.3199282940724562,0.10621334051960778,0.11175014665402497,0.5281064414908875,TRUE,0.5595668260792536,NA,NA,NA,50,45,0.5
C,+ (1|judge): captures lambda,0.5625559110987813,0.16880349729191085,0.23170105640663607,0.8934107657909266,TRUE,0.8893123664938773,NA,NA,NA,50,45,0.5
D,+ (1|temp): captures tau,0.5230496931933682,0.192048362181299,0.1466349033180222,0.8994644830687143,TRUE,1.011773963174332,NA,NA,NA,50,45,0.5
E,+ interactions: lumps eps into residual,0.5230496931933682,0.17763946097070166,0.17487634969079302,0.8712230366959435,TRUE,0.9358631305212999,NA,NA,0.214280606289923,50,45,0.5
F,+ (1|item:variant:judge:temp): splits eps/rho,0.5230496931933682,0.1757785547957895,0.17852372579362086,0.8675756605931156,TRUE,0.9260592644830723,0.040836863436641384,0.10136795975007169,NA,50,45,0.5
A,"1 obs/item, naive SE",-0.3460454895850153,0.09208892333638412,-0.5265397793243282,-0.16555119984570243,FALSE,0.4851547488884728,NA,NA,NA,50,46,0.5
B,+ (1|variant): captures phi,-0.180774478472759,0.18344943192119104,-0.5403353650382934,0.17878640809277543,FALSE,0.9664719691895257,NA,NA,NA,50,46,0.5
C,+ (1|judge): captures lambda,0.0836790092894286,0.19764807352707126,-0.30371121482363106,0.4710692334024883,FALSE,1.0412750850615147,NA,NA,NA,50,46,0.5
D,+ (1|temp): captures tau,0.389322839512328,0.2470846685833948,-0.09496311091112586,0.8736087899357818,TRUE,1.301723334335112,NA,NA,NA,50,46,0.5
E,+ interactions: lumps eps into residual,0.389322839512328,0.24036933536622773,-0.08180105780547836,0.8604467368301343,TRUE,1.2663447493474655,NA,NA,0.21549674735214247,50,46,0.5
F,+ (1|item:variant:judge:temp): splits eps/rho,0.3893228395123282,0.23896217976848244,-0.07904303283389735,0.8576887118585538,TRUE,1.258931390650922,0.039090862125429185,0.10059299580975123,NA,50,46,0.5
A,"1 obs/item, naive SE",0.5762287928641433,0.08385254240384465,0.4118778097526078,0.7405797759756788,TRUE,0.4417627840537921,NA,NA,NA,50,47,0.5
B,+ (1|variant): captures phi,0.8250248366284002,0.14649219190819554,0.537900140488337,1.1121495327684634,FALSE,0.7717690684658319,NA,NA,NA,50,47,0.5
C,+ (1|judge): captures lambda,0.7191135097910561,0.21420844982995751,0.2992649481243394,1.1389620714577728,TRUE,1.1285205964177218,NA,NA,NA,50,47,0.5
D,+ (1|temp): captures tau,0.49902118096139275,0.2439543891697317,0.020870578188718625,0.9771717837340669,TRUE,1.2852319924031506,NA,NA,NA,50,47,0.5
E,+ interactions: lumps eps into residual,0.49902118096139275,0.2355548277398898,0.03733371859120871,0.9607086433315768,TRUE,1.2409803390161012,NA,NA,0.21701904761405216,50,47,0.5
F,+ (1|item:variant:judge:temp): splits eps/rho,0.4990211809613927,0.23406440893136257,0.04025493945592207,0.9577874224668633,TRUE,1.2331283223284004,0.037593337898583996,0.10082497403361206,NA,50,47,0.5
A,"1 obs/item, naive SE",0.5662520078995908,0.09223952908162174,0.38546253089961224,0.7470414848995695,TRUE,0.4859481895093933,NA,NA,NA,50,48,0.5
B,+ (1|variant): captures phi,0.6865706317167656,0.13624283037405513,0.41953468418361756,0.9536065792499135,TRUE,0.7177720594748664,NA,NA,NA,50,48,0.5
C,+ (1|judge): captures lambda,0.5317005837247301,0.1571823227481885,0.2236232311382806,0.8397779363111795,TRUE,0.8280881951898662,NA,NA,NA,50,48,0.5
D,+ (1|temp): captures tau,0.7698020655838678,0.2069764219759467,0.3641282785110122,1.1754758526567233,TRUE,1.0904198940710284,NA,NA,NA,50,48,0.5
E,+ interactions: lumps eps into residual,0.7698020655838678,0.20406564384695478,0.36983340364383643,1.169770727523899,TRUE,1.075084957130972,NA,NA,0.21294771350907837,50,48,0.5
F,+ (1|item:variant:judge:temp): splits eps/rho,0.7698020655838678,0.20241943934705434,0.37305996446364126,1.1665441667040943,TRUE,1.0664122101617093,0.04064143830709227,0.09861281564231084,NA,50,48,0.5
A,"1 obs/item, naive SE",0.7460956882578977,0.08755347803228768,0.574490871314614,0.9177005052011815,FALSE,0.4612605306927765,NA,NA,NA,50,49,0.5
B,+ (1|variant): captures phi,0.6041587886477224,0.12693496542275914,0.3553662564191145,0.8529513208763304,TRUE,0.6687351642704498,NA,NA,NA,50,49,0.5
C,+ (1|judge): captures lambda,0.4225865864035575,0.22851712316407524,-0.025306974998029974,0.8704801478051449,TRUE,1.2039033956386824,NA,NA,NA,50,49,0.5
D,+ (1|temp): captures tau,0.5543942642662313,0.1671158767602605,0.22684714581612075,0.8819413827163418,TRUE,0.8804214262419093,NA,NA,NA,50,49,0.5
E,+ interactions: lumps eps into residual,0.5543942642662313,0.14810704298539737,0.26410446001485244,0.8446840685176101,TRUE,0.7802766352878515,NA,NA,0.22079026512996716,50,49,0.5
F,+ (1|item:variant:judge:temp): splits eps/rho,0.5543942642662315,0.14573216549425777,0.2687592198974863,0.8400293086349767,TRUE,0.7677649992396592,0.041121050833887826,0.10131508559284622,NA,50,49,0.5
A,"1 obs/item, naive SE",0.8474567797883936,0.07647495501132998,0.6975658679661869,0.9973476916106003,FALSE,0.40289522616364504,NA,NA,NA,50,50,0.5
B,+ (1|variant): captures phi,0.863928935225647,0.09245535940712998,0.6827164307876722,1.0451414396636216,FALSE,0.4870852546805429,NA,NA,NA,50,50,0.5
C,+ (1|judge): captures lambda,0.7786371970997618,0.07119751271192679,0.6390900721843853,0.9181843220151382,FALSE,0.37509192365148764,NA,NA,NA,50,50,0.5
D,+ (1|temp): captures tau,0.5254819672061019,0.17344526817202646,0.18552924158892997,0.8654346928232737,TRUE,0.9137667428091943,NA,NA,NA,50,50,0.5
E,+ interactions: lumps eps into residual,0.5254819672061019,0.16165177826072918,0.20864448181507267,0.842319452597131,TRUE,0.8516347574504998,NA,NA,0.22191076673703927,50,50,0.5
F,+ (1|item:variant:judge:temp): splits eps/rho,0.5254819672061019,0.1596693098608737,0.21253011987878945,0.8384338145334143,TRUE,0.841190461612683,0.038260593861491374,0.0992978912166822,NA,50,50,0.5
A,"1 obs/item, naive SE",0.7090992449901977,0.08838828354869091,0.5358582092347636,0.8823402807456319,FALSE,0.4656585608359013,NA,NA,NA,50,51,0.5
B,+ (1|variant): captures phi,0.8036386686438094,0.0947533772746944,0.6179220491854084,0.9893552881022104,FALSE,0.4991919689420066,NA,NA,NA,50,51,0.5
C,+ (1|judge): captures lambda,0.5861368311707914,0.14970191977487837,0.29272106841202983,0.879552593929553,TRUE,0.7886789709898588,NA,NA,NA,50,51,0.5
D,+ (1|temp): captures tau,0.6261263139643569,0.12474742665153812,0.3816213577273422,0.8706312702013717,TRUE,0.6572104902403407,NA,NA,NA,50,51,0.5
E,+ interactions: lumps eps into residual,0.6261263139643569,0.12141378422555596,0.38815529688226724,0.8640973310464466,TRUE,0.6396477650453298,NA,NA,0.21980808222778386,50,51,0.5
F,+ (1|item:variant:judge:temp): splits eps/rho,0.626126313964357,0.12016665591199412,0.39059966837684856,0.8616529595518655,TRUE,0.6330774827369173,0.03651939357360906,0.10067893223763567,NA,50,51,0.5
A,"1 obs/item, naive SE",0.3388498720289624,0.08683341877206796,0.16865637123570917,0.5090433728222156,TRUE,0.4574670215831017,NA,NA,NA,50,52,0.5
B,+ (1|variant): captures phi,0.3781055112309454,0.10181582283881552,0.17854649846686696,0.5776645239950238,TRUE,0.5363992559865489,NA,NA,NA,50,52,0.5
C,+ (1|judge): captures lambda,0.5380126031044834,0.1258961232613972,0.2912562015121449,0.7847690046968219,TRUE,0.6632622019458791,NA,NA,NA,50,52,0.5
D,+ (1|temp): captures tau,0.3166182335372827,0.1852800225769992,-0.046530610713635734,0.6797670777882011,TRUE,0.9761161230981565,NA,NA,NA,50,52,0.5
E,+ interactions: lumps eps into residual,0.3166182335372827,0.17843489673226545,-0.033114164057957585,0.6663506311325229,TRUE,0.9400537478417863,NA,NA,0.21219151541447592,50,52,0.5
F,+ (1|item:variant:judge:temp): splits eps/rho,0.31661823353728263,0.17717276561623838,-0.03064038707054456,0.6638768541451099,TRUE,0.9334044258334953,0.041669827252052524,0.09936822584411512,NA,50,52,0.5
A,"1 obs/item, naive SE",1.0865827965614383,0.08290500039106596,0.924088995794949,1.2490765973279276,FALSE,0.4367708209531735,NA,NA,NA,50,53,0.5
B,+ (1|variant): captures phi,1.1237840730935875,0.1033740445563957,0.9211709457630519,1.3263972004241231,FALSE,0.5446084807088721,NA,NA,NA,50,53,0.5
C,+ (1|judge): captures lambda,1.270393534387281,0.15941738385315887,0.9579354620350896,1.5828516067394722,FALSE,0.8398632325108192,NA,NA,NA,50,53,0.5
D,+ (1|temp): captures tau,0.9908558705104265,0.20044005298371964,0.5979933666623359,1.383718374358517,FALSE,1.0559841515063912,NA,NA,NA,50,53,0.5
E,+ interactions: lumps eps into residual,0.9908558705104265,0.19069435708594612,0.6170949306219721,1.3646168103988807,FALSE,1.004640618812925,NA,NA,0.1999494609356322,50,53,0.5
F,+ (1|item:variant:judge:temp): splits eps/rho,0.9908558705104266,0.18957919161946407,0.619280654936277,1.362431086084576,FALSE,0.9987655602037162,0.039791607260624626,0.09840012231822892,NA,50,53,0.5
A,"1 obs/item, naive SE",0.7253467253828226,0.07850046272275919,0.5714858184462146,0.8792076323194307,FALSE,0.41356626725639994,NA,NA,NA,50,54,0.5
B,+ (1|variant): captures phi,0.8208879575602279,0.16183703247272097,0.5036873739136949,1.138088541206761,FALSE,0.8526107375949423,NA,NA,NA,50,54,0.5
C,+ (1|judge): captures lambda,0.6481099081345798,0.19536357166202986,0.2651973076770013,1.0310225085921583,TRUE,1.0292395775486203,NA,NA,NA,50,54,0.5
D,+ (1|temp): captures tau,0.7559268172913027,0.24739416002046,0.27103426365120115,1.2408193709314044,TRUE,1.3033538370600055,NA,NA,NA,50,54,0.5
E,+ interactions: lumps eps into residual,0.7559268172913027,0.23745906368639288,0.2905070524659727,1.2213465821166327,TRUE,1.2510124805482097,NA,NA,0.203946942565139,50,54,0.5
F,+ (1|item:variant:judge:temp): splits eps/rho,0.7559268172913027,0.2362187408164471,0.29293808529106646,1.218915549291539,TRUE,1.2444780515560159,0.03924064390094138,0.09900112385175276,NA,50,54,0.5
A,"1 obs/item, naive SE",0.4082152809378621,0.078809202148888,0.2537492447260416,0.5626813171496825,TRUE,0.4151928081402405,NA,NA,NA,50,55,0.5
B,+ (1|variant): captures phi,0.4490007406776961,0.09518695655919437,0.2624343058216751,0.6355671755337171,TRUE,0.5014762072768001,NA,NA,NA,50,55,0.5
C,+ (1|judge): captures lambda,0.33646400748041266,0.12238237759967427,0.0965945473850511,0.5763334675757742,TRUE,0.6447506336441828,NA,NA,NA,50,55,0.5
D,+ (1|temp): captures tau,0.24465642567999174,0.1550544650444967,-0.05925032580722178,0.5485631771672053,TRUE,0.8168779406608383,NA,NA,NA,50,55,0.5
E,+ interactions: lumps eps into residual,0.24465642567999174,0.14567565313747538,-0.04086785446946001,0.5301807058294434,TRUE,0.7674672735494185,NA,NA,0.2171602696083043,50,55,0.5
F,+ (1|item:variant:judge:temp): splits eps/rho,0.24465642567999166,0.14404278135822177,-0.03766742578212298,0.5269802771421063,TRUE,0.7588647677394947,0.038002097934757034,0.10056760282105373,NA,50,55,0.5
A,"1 obs/item, naive SE",0.4435539828953138,0.09277895405322353,0.2617072329509956,0.6254007328396319,TRUE,0.48879005775108925,NA,NA,NA,50,56,0.5
B,+ (1|variant): captures phi,0.6599563233439238,0.11238925277029338,0.43967338791414884,0.8802392587736989,TRUE,0.5921035639254957,NA,NA,NA,50,56,0.5
C,+ (1|judge): captures lambda,0.43826923389258204,0.15269213356440337,0.13899265210635148,0.7375458156788126,TRUE,0.8044324011269519,NA,NA,NA,50,56,0.5
D,+ (1|temp): captures tau,0.5639587367647787,0.22209501691115607,0.12865250361891278,0.9992649699106446,TRUE,1.1700696267814992,NA,NA,NA,50,56,0.5
E,+ interactions: lumps eps into residual,0.5639587367647787,0.20809165272370506,0.15609909742631678,0.9718183761032406,TRUE,1.0962952966034807,NA,NA,0.2065077813555004,50,56,0.5
F,+ (1|item:variant:judge:temp): splits eps/rho,0.5639587367647786,0.2066425960316262,0.15893924854279123,0.968978224986766,TRUE,1.088661189154937,0.040571498776989456,0.1004413883528071,NA,50,56,0.5
A,"1 obs/item, naive SE",0.9589544761353481,0.07732328873607029,0.8074008302126503,1.110508122058046,FALSE,0.4073645273595838,NA,NA,NA,50,57,0.5
B,+ (1|variant): captures phi,0.7029561838676488,0.13638126550051596,0.43564890348663754,0.9702634642486601,TRUE,0.7185013812714751,NA,NA,NA,50,57,0.5
C,+ (1|judge): captures lambda,0.43786118795196866,0.21968087489167426,0.007286673164287105,0.8684357027396502,TRUE,1.1573511322784793,NA,NA,NA,50,57,0.5
D,+ (1|temp): captures tau,0.453253525048542,0.23858771570623052,-0.014378397735669846,0.9208854478327538,TRUE,1.256958590758084,NA,NA,NA,50,57,0.5
E,+ interactions: lumps eps into residual,0.453253525048542,0.22945719610432422,0.003517420684066519,0.9029896294130175,TRUE,1.208856009207606,NA,NA,0.21996200017235404,50,57,0.5
F,+ (1|item:variant:judge:temp): splits eps/rho,0.4532535250485421,0.22782956793311612,0.006707571899634501,0.8997994781974497,TRUE,1.2002811284502122,0.038200900322803315,0.09978383971014713,NA,50,57,0.5
A,"1 obs/item, naive SE",0.8971034477927643,0.08175076975975797,0.7368719390636387,1.05733495652189,FALSE,0.43068995420173906,NA,NA,NA,50,58,0.5
B,+ (1|variant): captures phi,1.0115442948733753,0.09399947590973438,0.827305322090296,1.1957832676564546,FALSE,0.4952201684892225,NA,NA,NA,50,58,0.5
C,+ (1|judge): captures lambda,0.7144557735298863,0.17388712012543486,0.373637018084034,1.0552745289757386,TRUE,0.9160945642858197,NA,NA,NA,50,58,0.5
D,+ (1|temp): captures tau,0.3572408408622385,0.23139396819467842,-0.09629133679933116,0.8107730185238082,TRUE,1.219059561851149,NA,NA,NA,50,58,0.5
E,+ interactions: lumps eps into residual,0.3572408408622385,0.21654033697598826,-0.06717821961069848,0.7816599013351755,TRUE,1.1408057451824247,NA,NA,0.20854518449387283,50,58,0.5
F,+ (1|item:variant:judge:temp): splits eps/rho,0.35724084086223845,0.21513909630520084,-0.06443178789595516,0.7789134696204321,TRUE,1.1334235482673307,0.041865263244589716,0.09941957665265905,NA,50,58,0.5
A,"1 obs/item, naive SE",0.38256356912715817,0.08938693214212053,0.20736518212860194,0.5577619561257143,TRUE,0.47091977021939446,NA,NA,NA,50,59,0.5
B,+ (1|variant): captures phi,0.4682832788010214,0.0955559863049777,0.28099354564326506,0.6555730119587777,TRUE,0.5034203774023852,NA,NA,NA,50,59,0.5
C,+ (1|judge): captures lambda,0.580162403359746,0.12915249325289785,0.3270235165840662,0.8333012901354258,TRUE,0.6804178305304763,NA,NA,NA,50,59,0.5
D,+ (1|temp): captures tau,0.5792999042360619,0.15968819718982313,0.2663110377440086,0.8922887707281153,TRUE,0.8412899662762371,NA,NA,NA,50,59,0.5
E,+ interactions: lumps eps into residual,0.5792999042360619,0.13998431864817873,0.3049306396856316,0.8536691687864922,TRUE,0.7374834507946563,NA,NA,0.20973306811808728,50,59,0.5
F,+ (1|item:variant:judge:temp): splits eps/rho,0.579299904236062,0.1384085212130469,0.30801920265849014,0.8505806058136339,TRUE,0.7291816314091925,0.04125710658630775,0.09960388874863284,NA,50,59,0.5
A,"1 obs/item, naive SE",0.533382576952296,0.08408303288085053,0.36857983250582893,0.698185321398763,TRUE,0.44297708372677774,NA,NA,NA,50,60,0.5
B,+ (1|variant): captures phi,0.543087416019948,0.09898000217235825,0.34908661176212585,0.7370882202777702,TRUE,0.5214592196229764,NA,NA,NA,50,60,0.5
C,+ (1|judge): captures lambda,0.6622738052004401,0.16836776145492438,0.3322729927487883,0.9922746176520919,TRUE,0.8870167667309974,NA,NA,NA,50,60,0.5
D,+ (1|temp): captures tau,0.3910686256836155,0.1899612436600685,0.01874458810988122,0.7633926632573498,TRUE,1.0007783360632483,NA,NA,NA,50,60,0.5
E,+ interactions: lumps eps into residual,0.3910686256836155,0.18275425332106932,0.03287028917431967,0.7492669621929113,TRUE,0.9628095395839291,NA,NA,0.211744712089743,50,60,0.5
F,+ (1|item:variant:judge:temp): splits eps/rho,0.39106862568361545,0.1808320263895727,0.03663785396005298,0.745499397407178,TRUE,0.9526826156231573,0.03487076301440392,0.1004975673418306,NA,50,60,0.5
A,"1 obs/item, naive SE",0.6833475223360378,0.07961719852680886,0.5272978132234925,0.8393972314485831,FALSE,0.4194495989206157,NA,NA,NA,50,61,0.5
B,+ (1|variant): captures phi,0.6413278449403563,0.15011523855147782,0.3471019773794598,0.9355537125012529,TRUE,0.7908564703025559,NA,NA,NA,50,61,0.5
C,+ (1|judge): captures lambda,0.7071905128021873,0.17552343520520272,0.36316457979998995,1.0512164458043847,TRUE,0.9247152105358291,NA,NA,NA,50,61,0.5
D,+ (1|temp): captures tau,0.38847898568327055,0.23276186375833474,-0.06773426728306553,0.8446922386496066,TRUE,1.22626608577007,NA,NA,NA,50,61,0.5
E,+ interactions: lumps eps into residual,0.38847898568327055,0.21792350722962917,-0.0386510884868026,0.8156090598533436,TRUE,1.1480927411941375,NA,NA,0.21064982671706506,50,61,0.5
F,+ (1|item:variant:judge:temp): splits eps/rho,0.3884789856832706,0.21637591482804905,-0.035617807379705546,0.8125757787462468,TRUE,1.1399395152059513,0.03567998948299155,0.10120571444127867,NA,50,61,0.5
A,"1 obs/item, naive SE",0.1511183518014864,0.08832588980991092,-0.022000392225939025,0.3242370958289118,FALSE,0.46532985009009914,NA,NA,NA,50,62,0.5
B,+ (1|variant): captures phi,0.17560948562180886,0.12649966289235995,-0.07232985364721664,0.42354882489083434,FALSE,0.6664418473092459,NA,NA,NA,50,62,0.5
C,+ (1|judge): captures lambda,0.2983059857879795,0.22421046822090618,-0.1411465319249966,0.7377585035009556,TRUE,1.1812145203450675,NA,NA,NA,50,62,0.5
D,+ (1|temp): captures tau,0.4429313595804433,0.2115580365457191,0.02827760795083384,0.8575851112100528,TRUE,1.114557347149747,NA,NA,NA,50,62,0.5
E,+ interactions: lumps eps into residual,0.4429313595804433,0.2015115604497495,0.04796870109893425,0.8378940180619523,TRUE,1.061629205404078,NA,NA,0.20701978071244556,50,62,0.5
F,+ (1|item:variant:judge:temp): splits eps/rho,0.44293135958044333,0.20000660492446548,0.050918413928491,0.8349443052323957,TRUE,1.0537006045093706,0.03923831748269252,0.099535795147189507,NA,50,62,0.5
A,"1 obs/item, naive SE",0.8371244102663662,0.08985211526227829,0.6610142643523007,1.0132345561804317,FALSE,0.4733705079592952,NA,NA,NA,50,63,0.5
B,+ (1|variant): captures phi,0.5160041488723368,0.14026767390437217,0.24107950801976735,0.7909287897249062,TRUE,0.7389762595189217,NA,NA,NA,50,63,0.5
C,+ (1|judge): captures lambda,0.46424724589877325,0.19639652409730388,0.07931005866805768,0.8491844331294889,TRUE,1.0346815108582161,NA,NA,NA,50,63,0.5
D,+ (1|temp): captures tau,0.39150964486852047,0.23891399385602888,-0.0767617830892961,0.8597810728263371,TRUE,1.2586775314091219,NA,NA,NA,50,63,0.5
E,+ interactions: lumps eps into residual,0.39150964486852047,0.23074896671019715,-0.06075832988346597,0.8437776196205069,TRUE,1.2156614818009226,NA,NA,0.2112684445142751,50,63,0.5
F,+ (1|item:variant:judge:temp): splits eps/rho,0.39150964486852025,0.22931914602459447,-0.05795588133968488,0.8409751710767254,TRUE,1.2081287159638716,0.03688907103696529,0.10074545132243398,NA,50,63,0.5
A,"1 obs/item, naive SE",0.6040597119635891,0.09158847347469987,0.4245463039531774,0.7835731199740008,TRUE,0.48251821435011355,NA,NA,NA,50,64,0.5
B,+ (1|variant): captures phi,0.4597898733114541,0.1438292863805861,0.1778844720055054,0.7416952746174028,TRUE,0.757740005949356,NA,NA,NA,50,64,0.5
C,+ (1|judge): captures lambda,0.4464960984818999,0.23101191605479043,-0.00628725698548932,0.8992794539492892,TRUE,1.2170467854685585,NA,NA,NA,50,64,0.5
D,+ (1|temp): captures tau,0.6747415227511209,0.28203077964535256,0.1219611946462299,1.2275218508560117,TRUE,1.4858309460069514,NA,NA,NA,50,64,0.5
E,+ interactions: lumps eps into residual,0.6747415227511209,0.2665465473691875,0.15231028990751339,1.1971727555947282,TRUE,1.4042549154757573,NA,NA,0.21242821852112187,50,64,0.5
F,+ (1|item:variant:judge:temp): splits eps/rho,0.6747415227511208,0.26533638464414,0.1546822088486064,1.1948008366536351,TRUE,1.3978793800507208,0.04085947014203117,0.10018091651541805,NA,50,64,0.5
A,"1 obs/item, naive SE",0.31695838904593526,0.08232390686434898,0.15560353159181126,0.47831324650005924,FALSE,0.433709429052594,NA,NA,NA,50,65,0.5
B,+ (1|variant): captures phi,0.5500967209629126,0.09208857331390757,0.36960311726765377,0.7305903246581715,TRUE,0.4851529048548957,NA,NA,NA,50,65,0.5
C,+ (1|judge): captures lambda,0.5069544002801086,0.1605857404166114,0.19220634906355033,0.8217024514966669,TRUE,0.846018519320759,NA,NA,NA,50,65,0.5
D,+ (1|temp): captures tau,0.40967213403759856,0.17247470970131243,0.07162170302302623,0.7477225650521708,TRUE,0.9086535214348839,NA,NA,NA,50,65,0.5
E,+ interactions: lumps eps into residual,0.40967213403759856,0.16627881938888506,0.08376564803538383,0.7355786200398133,TRUE,0.8760115325858452,NA,NA,0.21331979795596814,50,65,0.5
F,+ (1|item:variant:judge:temp): splits eps/rho,0.40967213403759856,0.16462023135211185,0.08701648058745937,0.7323277874877377,TRUE,0.8672735450696831,0.03752808364039041,0.09722204339722942,NA,50,65,0.5
A,"1 obs/item, naive SE",0.3560810300743391,0.08120864158111696,0.1969120925753499,0.5152499675733283,TRUE,0.4278338445759028,NA,NA,NA,50,66,0.5
B,+ (1|variant): captures phi,0.3616220764816468,0.07836199653670949,0.2080325632696962,0.5152115896935974,TRUE,0.41283678182765726,NA,NA,NA,50,66,0.5
C,+ (1|judge): captures lambda,0.6053264615265956,0.20355597994896313,0.20635674082662792,1.0042961822265632,TRUE,1.0723998800175774,NA,NA,NA,50,66,0.5
D,+ (1|temp): captures tau,0.6419360193179073,0.1885240660764585,0.2724288498080487,1.011443188827766,TRUE,0.993206811666796,NA,NA,NA,50,66,0.5
E,+ interactions: lumps eps into residual,0.6419360193179073,0.17666649786496547,0.29566968350257505,0.9882023551332396,TRUE,0.9307372407384764,NA,NA,0.21848073183339373,50,66,0.5
F,+ (1|item:variant:judge:temp): splits eps/rho,0.6419360193179073,0.17458165141043241,0.2997559825534598,0.9841160560823549,TRUE,0.9197535836223509,0.03576311830902014,0.09968036393889464,NA,50,66,0.5
A,"1 obs/item, naive SE",0.8763001679842265,0.0818772651820497,0.715820728227409,1.0367796077410438,FALSE,0.43135637370816887,NA,NA,NA,50,67,0.5
B,+ (1|variant): captures phi,0.7794564998287288,0.14405455001426035,0.4971095818007785,1.061803417856679,TRUE,0.7589267688918407,NA,NA,NA,50,67,0.5
C,+ (1|judge): captures lambda,0.7949645795239844,0.12476231384983204,0.5504304443783136,1.039498714669655,FALSE,0.6572889208994066,NA,NA,NA,50,67,0.5
D,+ (1|temp): captures tau,0.601644143442305,0.14286678490437227,0.32162524502973533,0.8816630418548747,TRUE,0.7526692314731296,NA,NA,NA,50,67,0.5
E,+ interactions: lumps eps into residual,0.601644143442305,0.1247121949972981,0.3572082412476007,0.8460800456370092,TRUE,0.6570248782932523,NA,NA,0.21940428183117247,50,67,0.5
F,+ (1|item:variant:judge:temp): splits eps/rho,0.601644143442305,0.12281537693127247,0.36092600465701097,0.842362282227599,TRUE,0.6470318165962632,0.038059836438599254,0.09996233371665043,NA,50,67,0.5
A,"1 obs/item, naive SE",0.9470344314444182,0.08906686307233656,0.7724633798226386,1.121605483066198,FALSE,0.46923354104489556,NA,NA,NA,50,68,0.5
B,+ (1|variant): captures phi,0.7003173929254046,0.10952167165797913,0.48565491647576553,0.9149798693750437,TRUE,0.576996203082756,NA,NA,NA,50,68,0.5
C,+ (1|judge): captures lambda,0.7116484538674439,0.1508132896242183,0.41605440620397605,1.0072425015309117,TRUE,0.7945340330390608,NA,NA,NA,50,68,0.5
D,+ (1|temp): captures tau,0.5576644585918862,0.21117775342392686,0.14375606188098955,0.9715728553027828,TRUE,1.112553890536559,NA,NA,NA,50,68,0.5
E,+ interactions: lumps eps into residual,0.5576644585918862,0.20284159715145225,0.16009492817503979,0.9552339890087326,TRUE,1.0686362763812245,NA,NA,0.21430479503081912,50,68,0.5
F,+ (1|item:variant:judge:temp): splits eps/rho,0.5576644585918863,0.20161307336399756,0.16250283479845107,0.9528260823853215,TRUE,1.06216400883794,0.04236647888525729,0.10092402253762199,NA,50,68,0.5
A,"1 obs/item, naive SE",0.6130341820766178,0.0765162648995392,0.4630623028735209,0.7630060612797146,TRUE,0.40311286024725296,NA,NA,NA,50,69,0.5
B,+ (1|variant): captures phi,0.6662503791737522,0.10101304999078906,0.46826480119180564,0.8642359571556988,TRUE,0.5321699844803971,NA,NA,NA,50,69,0.5
C,+ (1|judge): captures lambda,0.5272077290090289,0.19265698066951603,0.14960004689677747,0.9048154111212803,TRUE,1.0149803656288514,NA,NA,NA,50,69,0.5
D,+ (1|temp): captures tau,0.5245853281565107,0.1908719551854522,0.15047629599302442,0.898694360319997,TRUE,1.005576264037641,NA,NA,NA,50,69,0.5
E,+ interactions: lumps eps into residual,0.5245853281565107,0.1809965802517101,0.16983203086315896,0.8793386254498625,TRUE,0.9535495395133659,NA,NA,0.2125439621925158,50,69,0.5
F,+ (1|item:variant:judge:temp): splits eps/rho,0.5245853281565109,0.17917758525920702,0.1733972610484652,0.8757733952645567,TRUE,0.9439664753744398,0.040647365573556374,0.10010391051721405,NA,50,69,0.5
A,"1 obs/item, naive SE",0.20985348844693236,0.09887459564166325,0.016059280989272395,0.4036476959045923,FALSE,0.5209039033365243,NA,NA,NA,50,70,0.5
B,+ (1|variant): captures phi,0.17141019632520704,0.11102961966524358,-0.04620785821867038,0.38902825086908444,FALSE,0.5849405693571764,NA,NA,NA,50,70,0.5
C,+ (1|judge): captures lambda,0.317677017339985,0.23580401599812917,-0.14449885401634815,0.7798528886963181,TRUE,1.2422931447529049,NA,NA,NA,50,70,0.5
D,+ (1|temp): captures tau,0.1894824552675355,0.23908327842922764,-0.27912077045375067,0.6580856809888216,TRUE,1.2595693782417852,NA,NA,NA,50,70,0.5
E,+ interactions: lumps eps into residual,0.1894824552675355,0.2244251131083131,-0.25039076642475816,0.6293556769598292,TRUE,1.1823453402382451,NA,NA,0.2117217954152897,50,70,0.5
F,+ (1|item:variant:judge:temp): splits eps/rho,0.18948245526753538,0.22345157690092438,-0.24848263545827637,0.6274475459933471,TRUE,1.1772164311673439,0.038503908201331025,0.09779851329328834,NA,50,70,0.5
A,"1 obs/item, naive SE",0.2919141610210008,0.0879172459381455,0.11959635898223564,0.464231963059766,FALSE,0.46317697971428884,NA,NA,NA,50,71,0.5
B,+ (1|variant): captures phi,0.7203486223999872,0.1534025302849264,0.4196796630415315,1.0210175817584428,TRUE,0.8081750047981621,NA,NA,NA,50,71,0.5
C,+ (1|judge): captures lambda,0.5708716178657086,0.12099474070161287,0.3337219260905474,0.8080213096408698,TRUE,0.6374401058799671,NA,NA,NA,50,71,0.5
D,+ (1|temp): captures tau,0.464312524759851,0.1723333223697178,0.12653921291520415,0.8020858366044978,TRUE,0.9079086464502427,NA,NA,NA,50,71,0.5
E,+ interactions: lumps eps into residual,0.464312524759851,0.1561748295013195,0.1582098589372648,0.7704151905824372,TRUE,0.8227803892618275,NA,NA,0.21087266945687966,50,71,0.5
F,+ (1|item:variant:judge:temp): splits eps/rho,0.4643125247598509,0.1539823834682083,0.16250705316216263,0.7661179963575392,TRUE,0.8112298621614056,0.037260216724153056,0.09855782562308571,NA,50,71,0.5
A,"1 obs/item, naive SE",1.0268188180625908,0.07722570447466716,0.8754564372922431,1.1781811988329385,FALSE,0.4068504213615848,NA,NA,NA,50,72,0.5
B,+ (1|variant): captures phi,0.8831622965467248,0.18966341668493764,0.5114219998442471,1.2549025932492026,FALSE,0.9992092855618756,NA,NA,NA,50,72,0.5
C,+ (1|judge): captures lambda,0.8866947608592401,0.24334985919768634,0.4097290368317749,1.3636604848867053,TRUE,1.2820471295971008,NA,NA,NA,50,72,0.5
D,+ (1|temp): captures tau,0.5910230857235528,0.24697707626410625,0.10694801624590455,1.0750981552012009,TRUE,1.3011565025951415,NA,NA,NA,50,72,0.5
E,+ interactions: lumps eps into residual,0.5910230857235528,0.23740510251749206,0.12570908478926834,1.0563370866578372,TRUE,1.2507281953551668,NA,NA,0.20883497200700793,50,72,0.5
F,+ (1|item:variant:judge:temp): splits eps/rho,0.5910230857235526,0.23651436846574433,0.12745492353069365,1.0545912479164115,TRUE,1.2460355152852354,0.04185334874267495,0.09764610042811814,NA,50,72,0.5
A,"1 obs/item, naive SE",1.042332676712484,0.09078103923436066,0.8644018398131372,1.220263513611831,FALSE,0.47826438509548325,NA,NA,NA,50,73,0.5
B,+ (1|variant): captures phi,0.7638611667257564,0.22004267216542314,0.33257752928152706,1.1951448041699857,TRUE,1.159257199361629,NA,NA,NA,50,73,0.5
C,+ (1|judge): captures lambda,0.8648550593162703,0.21354935340225015,0.44629832664786,1.2834117919846806,TRUE,1.1250482595688087,NA,NA,NA,50,73,0.5
D,+ (1|temp): captures tau,0.6750211860089558,0.292343500848726,0.10202792434545283,1.2480144476724586,TRUE,1.5401617545831734,NA,NA,NA,50,73,0.5
E,+ interactions: lumps eps into residual,0.6750211860089558,0.27515996477923427,0.1357076550416566,1.2143347169762548,TRUE,1.449633232533264,NA,NA,0.21713451833232017,50,73,0.5
F,+ (1|item:variant:judge:temp): splits eps/rho,0.6750211860089558,0.2739411076527017,0.13809661500966053,1.211945757008251,TRUE,1.4432118921404156,0.041357449821763134,0.10034629890339748,NA,50,73,0.5
A,"1 obs/item, naive SE",0.42645997178770073,0.06634241394795329,0.2964288404497123,0.5564911031256892,TRUE,0.34951366585103344,NA,NA,NA,50,74,0.5
B,+ (1|variant): captures phi,0.35851161786378855,0.09194053821139625,0.1783081629694519,0.5387150727581251,TRUE,0.48437300722569643,NA,NA,NA,50,74,0.5
C,+ (1|judge): captures lambda,0.3378417636140903,0.1956181729859112,-0.045569855438295614,0.7212533826664762,TRUE,1.0305809010963298,NA,NA,NA,50,74,0.5
D,+ (1|temp): captures tau,0.3957492852552331,0.19257417396901025,0.01830390427597306,0.7731946662344932,TRUE,1.0145441126840382,NA,NA,NA,50,74,0.5
E,+ interactions: lumps eps into residual,0.3957492852552331,0.186038902522652,0.031113036310835174,0.7603855341996311,TRUE,0.9801141523521724,NA,NA,0.2144390020013883,50,74,0.5
F,+ (1|item:variant:judge:temp): splits eps/rho,0.3957492852552332,0.1842650908599544,0.03458970716972254,0.7569088633407438,TRUE,0.9707691288616926,0.041757685625350864,0.09961563401006558,NA,50,74,0.5
A,"1 obs/item, naive SE",0.6976474627699712,0.09000132270106892,0.5212448702758762,0.8740500552640663,FALSE,0.47415658184175696,NA,NA,NA,50,75,0.5
B,+ (1|variant): captures phi,0.3321298408585092,0.14162176271858867,0.05455118593007541,0.609708495786943,TRUE,0.7461100449388489,NA,NA,NA,50,75,0.5
C,+ (1|judge): captures lambda,0.48188939872816083,0.15470633487970922,0.17866498236393075,0.7851138150923909,TRUE,0.8150438764046952,NA,NA,NA,50,75,0.5
D,+ (1|temp): captures tau,0.47945671503653103,0.19099211045155087,0.10511217855149135,0.8538012515215707,TRUE,1.0062092815150938,NA,NA,NA,50,75,0.5
E,+ interactions: lumps eps into residual,0.47945671503653103,0.17998062276761678,0.12669469441200215,0.83221873566106,TRUE,0.9481971411985741,NA,NA,0.21302452316472104,50,75,0.5
F,+ (1|item:variant:judge:temp): splits eps/rho,0.47945671503653103,0.17810295272818752,0.1303749276892835,0.8285385023837786,TRUE,0.9383049576061224,0.03644601533987577,0.10072495114238195,NA,50,75,0.5
A,"1 obs/item, naive SE",0.5481209281289836,0.07494152781429717,0.40123553361296116,0.6950063226450061,TRUE,0.39481662713390403,NA,NA,NA,50,76,0.5
B,+ (1|variant): captures phi,0.7100289742020957,0.10447373717724544,0.5052604493346946,0.9147974990694967,FALSE,0.5504020232761363,NA,NA,NA,50,76,0.5
C,+ (1|judge): captures lambda,0.7091036837650821,0.13142123871262815,0.451518055888331,0.9666893116418334,TRUE,0.6923703281157363,NA,NA,NA,50,76,0.5
D,+ (1|temp): captures tau,0.6565020109866574,0.16105109867533737,0.3408418575829961,0.9721621643903187,TRUE,0.8484701797482642,NA,NA,NA,50,76,0.5
E,+ interactions: lumps eps into residual,0.6565020109866574,0.15096929534975131,0.3606021921011448,0.9524018298721699,TRUE,0.7953559225329759,NA,NA,0.2199444407242067,50,76,0.5
F,+ (1|item:variant:judge:temp): splits eps/rho,0.6565020109866572,0.14926155713942915,0.36394935899337605,0.9490546629799383,TRUE,0.7863589957302847,0.04209914124601134,0.1003605167925318,NA,50,76,0.5
A,"1 obs/item, naive SE",1.3453814044658357,0.09710378473864428,1.1550579863780928,1.5357048225535785,FALSE,0.5115746888353954,NA,NA,NA,50,77,0.5
B,+ (1|variant): captures phi,1.1893168215579755,0.1204472265869298,0.9532402574475931,1.4253933856683578,FALSE,0.634555621370884,NA,NA,NA,50,77,0.5
C,+ (1|judge): captures lambda,0.8872631566333448,0.1890852661647855,0.5166560349503653,1.2578702783163243,FALSE,0.9961633983882405,NA,NA,NA,50,77,0.5
D,+ (1|temp): captures tau,0.7072686852128575,0.2174447204063441,0.281077033216423,1.133460337209292,TRUE,1.1455703346700274,NA,NA,NA,50,77,0.5
E,+ interactions: lumps eps into residual,0.7072686852128575,0.19164314543269334,0.3316481201647785,1.0828892502609364,TRUE,1.009639148010981,NA,NA,0.2212610215496845,50,77,0.5
F,+ (1|item:variant:judge:temp): splits eps/rho,0.7072686852128576,0.1896224201111393,0.33560874179502453,1.0789286286306905,TRUE,0.9989933021216766,0.03689270257942467,0.09930501435933699,NA,50,77,0.5
A,"1 obs/item, naive SE",0.3332420550970048,0.08496266808785519,0.16671522564480862,0.49976888454920093,FALSE,0.4476112914306612,NA,NA,NA,50,78,0.5
B,+ (1|variant): captures phi,0.37578996730784664,0.10186287231444471,0.176138737571535,0.5754411970441583,TRUE,0.5366471281052274,NA,NA,NA,50,78,0.5
C,+ (1|judge): captures lambda,0.3538789569298017,0.24651357435331608,-0.12928764880269783,0.8370455626623012,TRUE,1.298714622019371,NA,NA,NA,50,78,0.5
D,+ (1|temp): captures tau,0.39982110064318505,0.19759300112193212,0.012538818444198074,0.7871033828421721,TRUE,1.0409849455103293,NA,NA,NA,50,78,0.5
E,+ interactions: lumps eps into residual,0.39982110064318505,0.19115258885065506,0.025162026495901157,0.7744801747904689,TRUE,1.0070547345250616,NA,NA,0.21236518452063097,50,78,0.5
F,+ (1|item:variant:judge:temp): splits eps/rho,0.3998211006431852,0.18987176414589238,0.02767244291723614,0.7719697583691343,TRUE,1.0003069285404107,0.03952240730227631,0.10036778713310437,NA,50,78,0.5
A,"1 obs/item, naive SE",0.13373248915028832,0.07049865591047356,-0.004444876434239853,0.2719098547348165,FALSE,0.37141011607100877,NA,NA,NA,50,79,0.5
B,+ (1|variant): captures phi,-0.09232217472911955,0.20487721237967846,-0.49388151099328936,0.3092371615350502,FALSE,1.0793605671982227,NA,NA,NA,50,79,0.5
C,+ (1|judge): captures lambda,0.26805851514779466,0.29426477819184893,-0.3087004501082292,0.8448174804038185,TRUE,1.5502836757999419,NA,NA,NA,50,79,0.5
D,+ (1|temp): captures tau,0.5336431551626898,0.3067692739903646,-0.06762462185842477,1.1349109321838045,TRUE,1.6161614741204366,NA,NA,NA,50,79,0.5
E,+ interactions: lumps eps into residual,0.5336431551626898,0.30109312560395246,-0.056499371021057065,1.1237856813464366,TRUE,1.5862576567524749,NA,NA,0.2145938650431363,50,79,0.5
F,+ (1|item:variant:judge:temp): splits eps/rho,0.5336431551626898,0.299962909916425,-0.05428414827350314,1.1215704585988826,TRUE,1.5803033086267044,0.040174876541611775,0.10086344796526035,NA,50,79,0.5
A,"1 obs/item, naive SE",0.7657862453345046,0.08662480640719532,0.5960016247764017,0.9355708658926074,FALSE,0.45636798300356357,NA,NA,NA,50,80,0.5
B,+ (1|variant): captures phi,0.5870496811832181,0.09778273504687887,0.39539552049133553,0.7787038418751007,TRUE,0.5151516224596064,NA,NA,NA,50,80,0.5
C,+ (1|judge): captures lambda,0.5930738711337559,0.21305001324752357,0.17549584516860967,1.010651897098902,TRUE,1.1224175713318383,NA,NA,NA,50,80,0.5
D,+ (1|temp): captures tau,0.4363877982065677,0.1740456551101295,0.09525831419071384,0.7775172822224216,TRUE,0.9169297787492207,NA,NA,NA,50,80,0.5
E,+ interactions: lumps eps into residual,0.4363877982065677,0.15712182148984297,0.1284290280864755,0.7443465683266599,TRUE,0.8277694546536908,NA,NA,0.22741763400479134,50,80,0.5
F,+ (1|item:variant:judge:temp): splits eps/rho,0.43638779820656776,0.1546734254462547,0.13322788433190852,0.739547712081227,TRUE,0.8148704986808036,0.04150122921854707,0.09877343905638858,NA,50,80,0.5
A,"1 obs/item, naive SE",0.4730394564554053,0.07253760921346875,0.33086574239700656,0.615213170513804,TRUE,0.3821519929642433,NA,NA,NA,50,81,0.5
B,+ (1|variant): captures phi,0.2054386898995014,0.13972483325731366,-0.06842198328483337,0.47929936308383614,FALSE,0.7361163963750329,NA,NA,NA,50,81,0.5
C,+ (1|judge): captures lambda,0.39436980067526783,0.13136884129830662,0.1368868717305869,0.6518527296199488,TRUE,0.6920942812963515,NA,NA,NA,50,81,0.5
D,+ (1|temp): captures tau,0.38206197209118625,0.14001542048161164,0.10763174794722746,0.6564921962351451,TRUE,0.7376473054868651,NA,NA,NA,50,81,0.5
E,+ interactions: lumps eps into residual,0.38206197209118625,0.13086103582993186,0.12557434186451982,0.6385496023178527,TRUE,0.6894189950016728,NA,NA,0.20859100753492982,50,81,0.5
F,+ (1|item:variant:judge:temp): splits eps/rho,0.3820619720911862,0.12901875265053797,0.12918521689613177,0.6349387272862406,TRUE,0.6797132410315082,0.038971265337658705,0.101417891643885,NA,50,81,0.5
A,"1 obs/item, naive SE",0.09749988751282455,0.07159629960845983,-0.04282885971975671,0.23782863474540583,FALSE,0.37719286423845466,NA,NA,NA,50,82,0.5
B,+ (1|variant): captures phi,0.25833008497368476,0.19092947976296326,-0.11589169536172322,0.6325518653090927,TRUE,1.0058793224397398,NA,NA,NA,50,82,0.5
C,+ (1|judge): captures lambda,0.2677723535376649,0.18478886088386332,-0.0944138137947072,0.6299585208700369,TRUE,0.9735285216878702,NA,NA,NA,50,82,0.5
D,+ (1|temp): captures tau,0.5383964548918152,0.22111059961357798,0.10501967964920234,0.9717732301344281,TRUE,1.1648833925471884,NA,NA,NA,50,82,0.5
E,+ interactions: lumps eps into residual,0.5383964548918152,0.20757345569417876,0.13155248173122486,0.9452404280524056,TRUE,1.0935652641454374,NA,NA,0.21370071728795645,50,82,0.5
F,+ (1|item:variant:judge:temp): splits eps/rho,0.5383964548918155,0.20588441098930566,0.13486300935277645,0.9419299004308546,TRUE,1.084666820880325,0.03804270360912232,0.09906544362503568,NA,50,82,0.5
A,"1 obs/item, naive SE",1.145225970700855,0.08313464084664461,0.9822820746414316,1.3081698667602784,FALSE,0.4379806424335912,NA,NA,NA,50,83,0.5
B,+ (1|variant): captures phi,0.9983724174223986,0.18885353916937286,0.6282194806504278,1.3685253541943694,FALSE,0.9949425843294266,NA,NA,NA,50,83,0.5
C,+ (1|judge): captures lambda,0.9292797010919795,0.13395681584618224,0.6667243420334623,1.1918350601504968,FALSE,0.7057285827564522,NA,NA,NA,50,83,0.5
D,+ (1|temp): captures tau,0.7677114797366866,0.17202817490700523,0.4305362569189564,1.104886702554417,TRUE,0.9063010292115712,NA,NA,NA,50,83,0.5
E,+ interactions: lumps eps into residual,0.7677114797366866,0.15212461837350397,0.4695472277246189,1.0658757317487544,TRUE,0.8014425443672474,NA,NA,0.21266347016757173,50,83,0.5
F,+ (1|item:variant:judge:temp): splits eps/rho,0.7677114797366865,0.1507168974735348,0.4723063606885583,1.0631165987848148,TRUE,0.7940262074725826,0.041962373380692065,0.1004645884428001,NA,50,83,0.5
A,"1 obs/item, naive SE",-0.04186267835880898,0.0971375152934973,-0.23225220833406368,0.14852685161644574,FALSE,0.5117523924969944,NA,NA,NA,50,84,0.5
B,+ (1|variant): captures phi,0.012114732214490912,0.1435373356166423,-0.26921844559412805,0.2934479100231098,FALSE,0.7562019132620134,NA,NA,NA,50,84,0.5
C,+ (1|judge): captures lambda,0.3424449456909809,0.22076008997395472,-0.09024483065797034,0.7751347220399321,TRUE,1.1630367924346727,NA,NA,NA,50,84,0.5
D,+ (1|temp): captures tau,0.5180410671545005,0.2608549353000897,0.006765393966324695,1.0293167403426762,TRUE,1.3742696303392685,NA,NA,NA,50,84,0.5
E,+ interactions: lumps eps into residual,0.5180410671545005,0.25106989502876953,0.025944072898112236,1.0101380614108888,TRUE,1.322718818540166,NA,NA,0.22736000389357142,50,84,0.5
F,+ (1|item:variant:judge:temp): splits eps/rho,0.5180410671545005,0.24946512053761358,0.02908943090077787,1.0069927034082231,TRUE,1.3142643384890154,0.04019966332900786,0.09936977710990189,NA,50,84,0.5
A,"1 obs/item, naive SE",0.33475381957360195,0.0979335205959332,0.14280411920557287,0.526703519941631,TRUE,0.5159460103461956,NA,NA,NA,50,85,0.5
B,+ (1|variant): captures phi,0.3678919946247331,0.09920903443175025,0.17344228713850263,0.5623417021109636,TRUE,0.5226658369257632,NA,NA,NA,50,85,0.5
C,+ (1|judge): captures lambda,0.46416938385545875,0.10360547988508616,0.2611026432806899,0.6672361244302276,TRUE,0.5458277581714243,NA,NA,NA,50,85,0.5
D,+ (1|temp): captures tau,0.41700696594196957,0.17757885769719903,0.0689524048554595,0.7650615270284796,TRUE,0.9355438525357099,NA,NA,NA,50,85,0.5
E,+ interactions: lumps eps into residual,0.41700696594196957,0.16374359521869358,0.09606951931333013,0.7379444125706089,TRUE,0.8626551374722619,NA,NA,0.21616751496988393,50,85,0.5
F,+ (1|item:variant:judge:temp): splits eps/rho,0.41700696594196957,0.16153919113226464,0.10039015132273088,0.7336237805612082,TRUE,0.8510416114123084,0.03675655245729038,0.09815624264531037,NA,50,85,0.5
A,"1 obs/item, naive SE",1.1812952230245297,0.06856594763973319,1.0469059656506527,1.3156844803984067,FALSE,0.3612279729663423,NA,NA,NA,50,86,0.5
B,+ (1|variant): captures phi,1.1176943667731962,0.12130056555834932,0.8799452582788315,1.3554434752675608,FALSE,0.6390512918532449,NA,NA,NA,50,86,0.5
C,+ (1|judge): captures lambda,0.7923794479125487,0.2040437570293337,0.3924536841350546,1.1923052116900428,TRUE,1.07496965017415,NA,NA,NA,50,86,0.5
D,+ (1|temp): captures tau,0.5406080258168974,0.2475006953978074,0.05550666283719491,1.0257093887965998,TRUE,1.303915100482056,NA,NA,NA,50,86,0.5
E,+ interactions: lumps eps into residual,0.5406080258168974,0.24271778567594532,0.06488116589204457,1.0163348857417502,TRUE,1.2787171583083807,NA,NA,0.21005058428620882,50,86,0.5
F,+ (1|item:variant:judge:temp): splits eps/rho,0.5406080258168974,0.2413889844900747,0.06748561621635096,1.0137304354174437,TRUE,1.2717165964351693,0.03970870614064895,0.0982576233592682,NA,50,86,0.5
A,"1 obs/item, naive SE",0.05818945418329666,0.0815630630987436,-0.10167414949024081,0.21805305785683413,FALSE,0.42970105374889667,NA,NA,NA,50,87,0.5
B,+ (1|variant): captures phi,0.1925578894168864,0.08550512517494935,0.024967844073985668,0.3601479347597871,FALSE,0.45046913385445203,NA,NA,NA,50,87,0.5
C,+ (1|judge): captures lambda,0.16016078269821998,0.09882484728202202,-0.03353591797454317,0.3538574833709831,FALSE,0.520641812608835,NA,NA,NA,50,87,0.5
D,+ (1|temp): captures tau,0.40288084212440833,0.1934673188561831,0.023684897166289465,0.7820767870825271,TRUE,1.0192494938282455,NA,NA,NA,50,87,0.5
E,+ interactions: lumps eps into residual,0.40288084212440833,0.18889930216771075,0.03263820987569527,0.7731234743731215,TRUE,0.9951836788624346,NA,NA,0.21192983515481403,50,87,0.5
F,+ (1|item:variant:judge:temp): splits eps/rho,0.4028808421244083,0.18707139503573178,0.036220907854373985,0.7695407763944426,TRUE,0.9855536626403173,0.03786877524659049,0.1022577891215185,NA,50,87,0.5
A,"1 obs/item, naive SE",0.6618873873602912,0.08054761337362633,0.5040140651479836,0.8197607095725987,FALSE,0.4243513304754626,NA,NA,NA,50,88,0.5
B,+ (1|variant): captures phi,0.44637132158797976,0.13075494203572124,0.19009163519796612,0.7026510079779934,TRUE,0.6888600579848846,NA,NA,NA,50,88,0.5
C,+ (1|judge): captures lambda,0.593204335897169,0.19984308812685456,0.20151188316853413,0.984896788625804,TRUE,1.0528391442163212,NA,NA,NA,50,88,0.5
D,+ (1|temp): captures tau,0.6298910401459735,0.21904976673100143,0.2005534973532107,1.0592285829387365,TRUE,1.1540262468295068,NA,NA,NA,50,88,0.5
E,+ interactions: lumps eps into residual,0.6298910401459735,0.20904538865852093,0.22016207837527252,1.0396200019166746,TRUE,1.1013198913234266,NA,NA,0.20366542407850055,50,88,0.5
F,+ (1|item:variant:judge:temp): splits eps/rho,0.6298910401459735,0.2076237376018907,0.22294851444626773,1.0368335658456793,TRUE,1.0938301657799208,0.039597079766829885,0.09866775098260498,NA,50,88,0.5
A,"1 obs/item, naive SE",0.684632995079617,0.08407937793733915,0.5198374143224322,0.8494285758368016,FALSE,0.44295782828174457,NA,NA,NA,50,89,0.5
B,+ (1|variant): captures phi,0.788421998515188,0.18807090142291724,0.4198030317262702,1.1570409653041058,TRUE,0.990819391163563,NA,NA,NA,50,89,0.5
C,+ (1|judge): captures lambda,0.652709097120398,0.15515314896783153,0.34860892514344827,0.9568092690973478,TRUE,0.8173978400397242,NA,NA,NA,50,89,0.5
D,+ (1|temp): captures tau,0.6023060022028154,0.24323686094103272,0.12556175475839126,1.0790502496472394,TRUE,1.2814518176003327,NA,NA,NA,50,89,0.5
E,+ interactions: lumps eps into residual,0.6023060022028154,0.23414652756710788,0.14337880817128396,1.0612331962343469,TRUE,1.2335609503216558,NA,NA,0.22319740288406809,50,89,0.5
F,+ (1|item:variant:judge:temp): splits eps/rho,0.6023060022028154,0.23254272653238525,0.14652225819934028,1.0580897462062904,TRUE,1.2251115987593002,0.03910144112382489,0.09948724096699664,NA,50,89,0.5
A,"1 obs/item, naive SE",0.34681337189051414,0.08389354594379697,0.1823820218406721,0.5112447219403562,TRUE,0.44197880419398244,NA,NA,NA,50,90,0.5
B,+ (1|variant): captures phi,0.20629467579531208,0.15386486145938505,-0.09528045266508262,0.5078698042557068,TRUE,0.8106107175497214,NA,NA,NA,50,90,0.5
C,+ (1|judge): captures lambda,0.08264541282315756,0.18966713554731515,-0.2891021728495801,0.45439299849589526,FALSE,0.9992288777525272,NA,NA,NA,50,90,0.5
D,+ (1|temp): captures tau,0.3183661212407566,0.22313462548973156,-0.11897774471911726,0.7557099872006304,TRUE,1.1755466268441312,NA,NA,NA,50,90,0.5
E,+ interactions: lumps eps into residual,0.3183661212407566,0.21048746441104582,-0.0941893090048932,0.7309215514864064,TRUE,1.1089172208854061,NA,NA,0.20711765782082325,50,90,0.5
F,+ (1|item:variant:judge:temp): splits eps/rho,0.3183661212407566,0.2089676348540444,-0.09121044307317044,0.7279426855546836,TRUE,1.1009102586974904,0.03716633749539672,0.09986360126329615,NA,50,90,0.5
A,"1 obs/item, naive SE",0.6828227056403343,0.08669643187560862,0.5128976991641414,0.8527477121165272,FALSE,0.4567453295386636,NA,NA,NA,50,91,0.5
B,+ (1|variant): captures phi,0.7614398941672025,0.1188679783429727,0.528458656614976,0.9944211317194289,FALSE,0.6262356219890814,NA,NA,NA,50,91,0.5
C,+ (1|judge): captures lambda,0.641415024320181,0.17692552272449225,0.29464099978017627,0.9881890488601859,TRUE,0.9321018689274775,NA,NA,NA,50,91,0.5
D,+ (1|temp): captures tau,0.7228462469140069,0.26147918391564073,0.2103470464393511,1.2353454473886627,TRUE,1.3775583774474887,NA,NA,NA,50,91,0.5
E,+ interactions: lumps eps into residual,0.7228462469140069,0.24897615110044125,0.23485299075714205,1.2108395030708716,TRUE,1.3116882866044803,NA,NA,0.2236856228364669,50,91,0.5
F,+ (1|item:variant:judge:temp): splits eps/rho,0.722846246914007,0.2474392403333007,0.23786533586073766,1.2078271579672764,TRUE,1.303591334981185,0.037870073407148486,0.10186847480676411,NA,50,91,0.5
A,"1 obs/item, naive SE",0.09355297931509154,0.07907038154652754,-0.061424968516102435,0.24853092714628552,FALSE,0.41656878714494444,NA,NA,NA,50,92,0.5
B,+ (1|variant): captures phi,0.09938691830830869,0.153327594505898,-0.2011351669232514,0.3999090035398688,FALSE,0.8077802184575239,NA,NA,NA,50,92,0.5
C,+ (1|judge): captures lambda,-0.06297364919103145,0.1204591674542422,-0.2990736174013462,0.17312631901928327,FALSE,0.6346185297888843,NA,NA,NA,50,92,0.5
D,+ (1|temp): captures tau,0.3842223302339062,0.2404774447836308,-0.08711346154201022,0.8555581220098225,TRUE,1.2669143053304484,NA,NA,NA,50,92,0.5
E,+ interactions: lumps eps into residual,0.3842223302339062,0.232515157952785,-0.07150737935355239,0.8399520398213647,TRUE,1.2249663584108565,NA,NA,0.21474765303932772,50,92,0.5
F,+ (1|item:variant:judge:temp): splits eps/rho,0.3842223302339061,0.23206863162131294,-0.07063218774386726,0.8390768482116795,TRUE,1.222613910772544,0.04037799206713254,0.10094200650703126,NA,50,92,0.5
A,"1 obs/item, naive SE",0.06192091986899157,0.07437513787346972,-0.08385435036300909,0.20769619010099222,FALSE,0.3918326985618287,NA,NA,NA,50,93,0.5
B,+ (1|variant): captures phi,0.191345289969535,0.07960220229440736,0.03532497347249661,0.34736560646657344,FALSE,0.41937059383399466,NA,NA,NA,50,93,0.5
C,+ (1|judge): captures lambda,0.471068486410677,0.17471375142518683,0.12862953361731083,0.8135074392040431,TRUE,0.9204495299659979,NA,NA,NA,50,93,0.5
D,+ (1|temp): captures tau,0.3786687772488702,0.1616464690874388,0.06184169783749016,0.6954958566602503,TRUE,0.8516067869786864,NA,NA,NA,50,93,0.5
E,+ interactions: lumps eps into residual,0.3786687772488702,0.12765811805343488,0.12845886586413785,0.6288786886336026,TRUE,0.6725449702735232,NA,NA,0.2175740764901273,50,93,0.5
F,+ (1|item:variant:judge:temp): splits eps/rho,0.3786687772488702,0.12558194731167782,0.1325281605179817,0.6248093939797588,TRUE,0.6616070196669407,0.03880557759648892,0.10108536025076482,NA,50,93,0.5
A,"1 obs/item, naive SE",0.8457627720917893,0.07875655457985359,0.6913999251152763,1.0001256190683023,FALSE,0.414915443423518,NA,NA,NA,50,94,0.5
B,+ (1|variant): captures phi,0.7161097352573679,0.08708729635628418,0.5454186343990509,0.8868008361156848,FALSE,0.4588045322321177,NA,NA,NA,50,94,0.5
C,+ (1|judge): captures lambda,0.8280922578134207,0.24537054173220876,0.3471659960182915,1.3090185196085498,TRUE,1.2926927500702443,NA,NA,NA,50,94,0.5
D,+ (1|temp): captures tau,0.8031564937166945,0.22385627648399833,0.36439819180805777,1.2419147956253314,TRUE,1.1793485217325068,NA,NA,NA,50,94,0.5
E,+ interactions: lumps eps into residual,0.8031564937166945,0.2106163135008619,0.3903485192550052,1.2159644681783839,TRUE,1.1095960402868001,NA,NA,0.21049320277766076,50,94,0.5
F,+ (1|item:variant:judge:temp): splits eps/rho,0.8031564937166946,0.2090380438698046,0.39344192773187764,1.2128710597015115,TRUE,1.1012811965597546,0.03740874671233353,0.09985127359243064,NA,50,94,0.5
A,"1 obs/item, naive SE",0.7340877372148059,0.07904998401524813,0.5791497685449196,0.8890257058846922,FALSE,0.4164613262386022,NA,NA,NA,50,95,0.5
B,+ (1|variant): captures phi,0.9570390509029116,0.09593362229734316,0.769009151200119,1.1450689506057041,FALSE,0.5054098880667467,NA,NA,NA,50,95,0.5
C,+ (1|judge): captures lambda,0.7797979057192629,0.20218754864066155,0.38351031038356626,1.1760855010549596,TRUE,1.0651905336195848,NA,NA,NA,50,95,0.5
D,+ (1|temp): captures tau,0.43150213869668225,0.25846085054188594,-0.0750811283654142,0.9380854057587786,TRUE,1.3616568040882622,NA,NA,NA,50,95,0.5
E,+ interactions: lumps eps into residual,0.43150213869668225,0.2499165168983057,-0.058334234423996933,0.9213385118173614,TRUE,1.3166424430436838,NA,NA,0.21937661498757102,50,95,0.5
F,+ (1|item:variant:judge:temp): splits eps/rho,0.43150213869668225,0.24843682185833002,-0.055434032145644574,0.9184383095390091,TRUE,1.3088469226972395,0.038819174039613887,0.10097497843097814,NA,50,95,0.5
A,"1 obs/item, naive SE",0.5293183442205195,0.09027550747588005,0.35237834956779457,0.7062583388732444,TRUE,0.4756010774526637,NA,NA,NA,50,96,0.5
B,+ (1|variant): captures phi,0.10578578295869383,0.1652347330218216,-0.2180742937640765,0.4296458596814642,FALSE,0.870510942060096,NA,NA,NA,50,96,0.5
C,+ (1|judge): captures lambda,0.3412889765731224,0.2199651011410179,-0.08984262166327267,0.7724205748095174,TRUE,1.1588485296812496,NA,NA,NA,50,96,0.5
D,+ (1|temp): captures tau,0.3060588485547814,0.21669404149536456,-0.11866147277613315,0.7307791698856959,TRUE,1.1416155111651223,NA,NA,NA,50,96,0.5
E,+ interactions: lumps eps into residual,0.3060588485547814,0.19697905206878535,-0.08002009350003791,0.6921377906096007,TRUE,1.0377504598858018,NA,NA,0.22114856241921538,50,96,0.5
F,+ (1|item:variant:judge:temp): splits eps/rho,0.3060588485547814,0.19517828065710754,-0.07649058153314942,0.6886082786427121,TRUE,1.0282634035669134,0.04162368255726546,0.09905785591983286,NA,50,96,0.5
A,"1 obs/item, naive SE",0.5139517053287048,0.08114376028681419,0.354909935166549,0.6729934754908606,TRUE,0.42749202856910645,NA,NA,NA,50,97,0.5
B,+ (1|variant): captures phi,0.6200193120923304,0.1257920437522226,0.3734669063379741,0.8665717178466867,TRUE,0.6627138768454369,NA,NA,NA,50,97,0.5
C,+ (1|judge): captures lambda,0.7161830947211769,0.14142737763669275,0.4389854345532591,0.9933807548890947,TRUE,0.7450859603673484,NA,NA,NA,50,97,0.5
D,+ (1|temp): captures tau,0.5132409220091817,0.16823848814415815,0.18349348524663173,0.8429883587717317,TRUE,0.8863357123940531,NA,NA,NA,50,97,0.5
E,+ interactions: lumps eps into residual,0.5132409220091817,0.15433951722455114,0.21073546824906148,0.815746375769302,TRUE,0.8131113603003858,NA,NA,0.21965139483889684,50,97,0.5
F,+ (1|item:variant:judge:temp): splits eps/rho,0.5132409220091818,0.15258479598159827,0.21417472188524922,0.8123071221331144,TRUE,0.8038669114225943,0.039408868400800746,0.09992289224847824,NA,50,97,0.5
A,"1 obs/item, naive SE",1.3466089217620405,0.08264510966015619,1.1846245068281345,1.5085933366959465,FALSE,0.43540163106882224,NA,NA,NA,50,98,0.5
B,+ (1|variant): captures phi,1.044025513563711,0.18849576574638624,0.6745738127007941,1.413477214426628,FALSE,0.9930577162160923,NA,NA,NA,50,98,0.5
C,+ (1|judge): captures lambda,1.0008289443615113,0.1597039271028178,0.6878092472399884,1.3138486414830342,FALSE,0.8413728366336316,NA,NA,NA,50,98,0.5
D,+ (1|temp): captures tau,0.6915841049040253,0.21177927624539097,0.27649672346305904,1.1066714863449916,TRUE,1.11572291068388,NA,NA,NA,50,98,0.5
E,+ interactions: lumps eps into residual,0.6915841049040253,0.20472783827951643,0.29031754187617315,1.0928506679318775,TRUE,1.0785736152888186,NA,NA,0.21116477179884133,50,98,0.5
F,+ (1|item:variant:judge:temp): splits eps/rho,0.6915841049040258,0.2038287195327395,0.2920798146198563,1.0910883951881951,TRUE,1.0738367618865905,0.039998724173878994,0.1011736379483251,NA,50,98,0.5
A,"1 obs/item, naive SE",0.40470379310407606,0.09198337404508505,0.22441637997570935,0.5849912062324427,TRUE,0.4845986804921848,NA,NA,NA,50,99,0.5
B,+ (1|variant): captures phi,0.7069503951758684,0.1714440061206248,0.37092014317944383,1.042980647172293,TRUE,0.9032234358312075,NA,NA,NA,50,99,0.5
C,+ (1|judge): captures lambda,0.7252225739710629,0.17490096891431134,0.3824166748990127,1.068028473043113,TRUE,0.9214358533003684,NA,NA,NA,50,99,0.5
D,+ (1|temp): captures tau,0.7041874641159243,0.2345661354544769,0.2444378386251495,1.163937089606699,TRUE,1.2357715827392435,NA,NA,NA,50,99,0.5
E,+ interactions: lumps eps into residual,0.7041874641159243,0.224572189240276,0.26402597320498333,1.144348955026865,TRUE,1.1831201856950575,NA,NA,0.2124009076986428,50,99,0.5
F,+ (1|item:variant:judge:temp): splits eps/rho,0.7041874641159244,0.22301633455108583,0.26707544839579617,1.1412994798360525,TRUE,1.174923431257135,0.038316362267917244,0.10012229030598628,NA,50,99,0.5
A,"1 obs/item, naive SE",0.9088311003357462,0.07182128932940861,0.7680613732501054,1.049600827421387,FALSE,0.3783781841185739,NA,NA,NA,50,100,0.5
B,+ (1|variant): captures phi,0.5722555995540126,0.1666672374978774,0.24558781405817293,0.8989233850498524,TRUE,0.878057846988323,NA,NA,NA,50,100,0.5
C,+ (1|judge): captures lambda,0.5127374489550727,0.18035632924167347,0.15923904364139269,0.8662358542687527,TRUE,0.9501764865256003,NA,NA,NA,50,100,0.5
D,+ (1|temp): captures tau,0.575208743656169,0.23166998360309818,0.12113557579409662,1.0292819115182414,TRUE,1.220513701842254,NA,NA,NA,50,100,0.5
E,+ interactions: lumps eps into residual,0.575208743656169,0.22096529602271409,0.14211676345164942,1.0083007238606887,TRUE,1.1641178854201188,NA,NA,0.21576860051466287,50,100,0.5
F,+ (1|item:variant:judge:temp): splits eps/rho,0.575208743656169,0.21938588044770485,0.14521241797866752,1.0052050693336705,TRUE,1.1557970044832755,0.042182558765786776,0.09758561983334983,NA,50,100,0.5
A,"1 obs/item, naive SE",0.27691234998453956,0.091900356842891065,0.09678765057247307,0.45703704939660605,FALSE,0.48416131855521516,NA,NA,NA,50,101,0.5
B,+ (1|variant): captures phi,-0.13812752939413744,0.23079908561308474,-0.5904937371957836,0.31423867840750863,FALSE,1.2159255246723564,NA,NA,NA,50,101,0.5
C,+ (1|judge): captures lambda,0.03732417325708685,0.23208820193764612,-0.4175687025406995,0.49221704905487323,FALSE,1.2227170136383645,NA,NA,NA,50,101,0.5
D,+ (1|temp): captures tau,0.42652046408325994,0.271494841293681,-0.1056094248523548,0.9586503530188747,TRUE,1.4303241560465776,NA,NA,NA,50,101,0.5
E,+ interactions: lumps eps into residual,0.42652046408325994,0.2662140775532975,-0.09525912792120317,0.948300056087723,TRUE,1.4025033550904558,NA,NA,0.21747721298730313,50,101,0.5
F,+ (1|item:variant:judge:temp): splits eps/rho,0.4265204640832599,0.2648334432216624,-0.09255308463119843,0.9455940127977183,TRUE,1.395229719150284,0.03828830204700188,0.09966972043950596,NA,50,101,0.5
A,"1 obs/item, naive SE",0.2109844838181039,0.06940735773977001,0.07494606264815468,0.3470229049880531,FALSE,0.3656607982292076,NA,NA,NA,50,102,0.5
B,+ (1|variant): captures phi,0.3008130376013066,0.07906598656422671,0.14584370393542226,0.455782371267191,FALSE,0.41654563293206764,NA,NA,NA,50,102,0.5
C,+ (1|judge): captures lambda,0.29885102032669714,0.14674449817344018,0.011231803906754378,0.5864702367466399,TRUE,0.773098300889482,NA,NA,NA,50,102,0.5
D,+ (1|temp): captures tau,0.40953533998684427,0.19989461856619742,0.017741887597097328,0.8013287923765913,TRUE,1.0531106235262506,NA,NA,NA,50,102,0.5
E,+ interactions: lumps eps into residual,0.40953533998684427,0.1914675190066198,0.034259002733869504,0.784811677239819,TRUE,1.008713890210663,NA,NA,0.2085528039153464,50,102,0.5
F,+ (1|item:variant:judge:temp): splits eps/rho,0.40953533998684444,0.19039034223370063,0.03637026920879122,0.7827004107648976,TRUE,1.003038968538866,0.04169949525754902,0.09963712989368824,NA,50,102,0.5
A,"1 obs/item, naive SE",0.024208300978216392,0.07786058952517523,-0.12839845449112705,0.17681505644755982,FALSE,0.41019520470894955,NA,NA,NA,50,103,0.5
B,+ (1|variant): captures phi,0.2149511352508561,0.11309537465196795,-0.006715799067001066,0.4366180695687133,FALSE,0.5958236463390679,NA,NA,NA,50,103,0.5
C,+ (1|judge): captures lambda,0.5404630488198896,0.21943562240815484,0.11036922889990614,0.9705568687398731,TRUE,1.1560590614979198,NA,NA,NA,50,103,0.5
D,+ (1|temp): captures tau,0.3226803908032181,0.23678657620946922,-0.1414212985673416,0.7867820801737777,TRUE,1.2474695952458617,NA,NA,NA,50,103,0.5
E,+ interactions: lumps eps into residual,0.3226803908032181,0.2262913926139039,-0.12085073872003355,0.7662115203264697,TRUE,1.1921775147505176,NA,NA,0.21068110512146043,50,103,0.5
F,+ (1|item:variant:judge:temp): splits eps/rho,0.32268039080321786,0.22489135253787465,-0.11810666017101645,0.7634674417774522,TRUE,1.1848016429636508,0.03969369835925669,0.1006678333538676,NA,50,103,0.5
A,"1 obs/item, naive SE",1.1757969851169767,0.07737195784055802,1.024147947749483,1.3274460224844704,FALSE,0.4076209322160085,NA,NA,NA,50,104,0.5
B,+ (1|variant): captures phi,0.9431706649337109,0.1017441465941475,0.7437521376091818,1.14258919225824,FALSE,0.5360216419454317,NA,NA,NA,50,104,0.5
C,+ (1|judge): captures lambda,0.8556739465768896,0.13795847566984382,0.5852753342639957,1.1260725588897835,FALSE,0.7268106434055267,NA,NA,NA,50,104,0.5
D,+ (1|temp): captures tau,0.6457109023894804,0.23265133974193725,0.18971427649528338,1.1017075282836775,TRUE,1.22568380888509,NA,NA,NA,50,104,0.5
E,+ interactions: lumps eps into residual,0.6457109023894804,0.22305134311645594,0.20853026988122675,1.082891534897734,TRUE,1.1751078678986522,NA,NA,0.21165687696686852,50,104,0.5
F,+ (1|item:variant:judge:temp): splits eps/rho,0.6457109023894805,0.22220361225589258,0.21019182236793105,1.0812299824110299,TRUE,1.1706417427895628,0.03918038108285399,0.10105484361865334,NA,50,104,0.5
A,"1 obs/item, naive SE",0.27553550066249766,0.09532337023300566,0.08870169500580657,0.4623693063191887,FALSE,0.5021948793957163,NA,NA,NA,50,105,0.5
B,+ (1|variant): captures phi,0.062314079195709984,0.10282416349866036,-0.13922128126166433,0.26384943965308427,FALSE,0.5417115263649753,NA,NA,NA,50,105,0.5
C,+ (1|judge): captures lambda,0.3912761674513257,0.2341284259623285,-0.06761554743483816,0.8501678823374896,TRUE,1.2334655851115628,NA,NA,NA,50,105,0.5
D,+ (1|temp): captures tau,0.6208576243796724,0.27279441906178103,0.08618056301858157,1.1555346857407631,TRUE,1.4371707593393592,NA,NA,NA,50,105,0.5
E,+ interactions: lumps eps into residual,0.6208576243796724,0.26509322520873047,0.10127490297056074,1.1404403457887842,TRUE,1.3965983361362961,NA,NA,0.22340144170078652,50,105,0.5
F,+ (1|item:variant:judge:temp): splits eps/rho,0.6208576243796724,0.26367819020904637,0.10404837156994151,1.1376668771894032,TRUE,1.3891434661577164,0.041920693182150845,0.10034147345745528,NA,50,105,0.5
A,"1 obs/item, naive SE",0.2838550806153989,0.08893771763292942,0.10953715405485723,0.45817300717594056,FALSE,0.4685531603763455,NA,NA,NA,50,106,0.5
B,+ (1|variant): captures phi,0.16246631413657286,0.11886752278587272,-0.07051403052373767,0.3954466587968834,FALSE,0.6262332219643831,NA,NA,NA,50,106,0.5
C,+ (1|judge): captures lambda,0.35844594113224,0.17604526190655526,0.013397227795391708,0.7034946544690883,TRUE,0.9274643652993527,NA,NA,NA,50,106,0.5
D,+ (1|temp): captures tau,0.6173007021040655,0.23362941307196314,0.15938705248301777,1.0752143517251134,TRUE,1.2308366210109296,NA,NA,NA,50,106,0.5
E,+ interactions: lumps eps into residual,0.6173007021040655,0.22871573923116523,0.16901785321098167,1.0655835509971494,TRUE,1.20494977043234,NA,NA,0.2060737947213256,50,106,0.5
F,+ (1|item:variant:judge:temp): splits eps/rho,0.6173007021040656,0.22730905939329352,0.17177494569321033,1.062826458514921,TRUE,1.1975389181953533,0.037201724004549824,0.09901992468946619,NA,50,106,0.5
A,"1 obs/item, naive SE",0.6087546672890505,0.07923209301224261,0.45345976498505497,0.764049569593046,TRUE,0.4174207363555439,NA,NA,NA,50,107,0.5
B,+ (1|variant): captures phi,0.5708531548898816,0.09205316656093006,0.3904289484304587,0.7512773613493046,TRUE,0.48496637043004404,NA,NA,NA,50,107,0.5
C,+ (1|judge): captures lambda,0.2879882921056376,0.21202340328808045,-0.12757757833900008,0.7035541625502753,TRUE,1.1170090522718348,NA,NA,NA,50,107,0.5
D,+ (1|temp): captures tau,0.6007022238846962,0.24716983902963502,0.11624933938661158,1.0851551083827808,TRUE,1.3021720402702162,NA,NA,NA,50,107,0.5
E,+ interactions: lumps eps into residual,0.6007022238846962,0.23240532598526686,0.14518778495357315,1.0562166628158192,TRUE,1.2243877274670834,NA,NA,0.2208187421914215,50,107,0.5
F,+ (1|item:variant:judge:temp): splits eps/rho,0.6007022238846962,0.23082610044109728,0.14828306702014554,1.0531213807492468,TRUE,1.2160678476752307,0.04128623468011484,0.09822784468713143,NA,50,107,0.5
A,"1 obs/item, naive SE",-0.040583535607209904,0.07769922499122982,-0.19287401659002035,0.11170694537560055,FALSE,0.40934508324906643,NA,NA,NA,50,108,0.5
B,+ (1|variant): captures phi,0.37531263136765447,0.15177787280901217,0.07782800066199064,0.6727972620733182,TRUE,0.7996157746410479,NA,NA,NA,50,108,0.5
C,+ (1|judge): captures lambda,0.08770428370749676,0.17773634748094516,-0.2606589573551557,0.43606752477014926,FALSE,0.9363735605366034,NA,NA,NA,50,108,0.5
D,+ (1|temp): captures tau,0.31046318511089327,0.20742225428296931,-0.09608443328372657,0.7170108035055132,TRUE,1.0927686853601806,NA,NA,NA,50,108,0.5
E,+ interactions: lumps eps into residual,0.31046318511089327,0.19764704287578191,-0.0769250189256393,0.6978513891474258,TRUE,1.041269655251399,NA,NA,0.21157970589277517,50,108,0.5
F,+ (1|item:variant:judge:temp): splits eps/rho,0.3104631851108932,0.19601444444462368,-0.07372512600056919,0.6946514962223556,TRUE,1.0326685895291836,0.03945189528762867,0.09932121071670892,NA,50,108,0.5
A,"1 obs/item, naive SE",-0.7054869814268304,0.08242437502626734,-0.8670387564783144,-0.5439352063753464,FALSE,0.43423872838741995,NA,NA,NA,50,109,0.5
B,+ (1|variant): captures phi,-0.11889290093964543,0.21270023159270757,-0.5357853548613523,0.2979995529820614,FALSE,1.1205748064828218,NA,NA,NA,50,109,0.5
C,+ (1|judge): captures lambda,0.09462550625366041,0.25151102738914677,-0.3983361074290673,0.5875871199363881,TRUE,1.3250428489639297,NA,NA,NA,50,109,0.5
D,+ (1|temp): captures tau,0.27254186498912314,0.21274438779246652,-0.1444371350841112,0.6895208650623574,TRUE,1.1208074358722184,NA,NA,NA,50,109,0.5
E,+ interactions: lumps eps into residual,0.27254186498912314,0.19680148659270855,-0.11318904873258562,0.6582727787108319,TRUE,1.0368149865320455,NA,NA,0.21401228239320336,50,109,0.5
F,+ (1|item:variant:judge:temp): splits eps/rho,0.2725418649891231,0.19508832746128021,-0.10983125683498612,0.6549149868132322,TRUE,1.027789500533278,0.03863613802622678,0.09929084005586224,NA,50,109,0.5
A,"1 obs/item, naive SE",1.1169081905644591,0.08661992581989306,0.9471331359574687,1.2866832451714494,FALSE,0.4563422704637567,NA,NA,NA,50,110,0.5
B,+ (1|variant): captures phi,0.5700669597063592,0.18481954644268353,0.20782064867869954,0.9323132707340189,TRUE,0.9736901833084491,NA,NA,NA,50,110,0.5
C,+ (1|judge): captures lambda,0.7262848746357573,0.18101489690999162,0.37149567669217376,1.0810740725793409,TRUE,0.953646037696069,NA,NA,NA,50,110,0.5
D,+ (1|temp): captures tau,0.6092936152119985,0.17388976841908857,0.26846966911058495,0.9501175613134121,TRUE,0.9161085163681766,NA,NA,NA,50,110,0.5
E,+ interactions: lumps eps into residual,0.6092936152119985,0.1549332623410139,0.3056244210236113,0.9129628094003858,TRUE,0.8162394049385995,NA,NA,0.21014885880690598,50,110,0.5
F,+ (1|item:variant:judge:temp): splits eps/rho,0.6092936152119987,0.1535787407225872,0.30827928339572774,0.9103079470282696,TRUE,0.809103339363684,0.0403617218382733,0.09901413593314248,NA,50,110,0.5
A,"1 obs/item, naive SE",0.470187872894544,0.07204872598653515,0.3289723699609351,0.611403375828153,TRUE,0.37957639526361253,NA,NA,NA,50,111,0.5
B,+ (1|variant): captures phi,0.5604789418417143,0.1914833092972742,0.1851716556190569,0.9357862280643717,TRUE,1.0087970786574354,NA,NA,NA,50,111,0.5
C,+ (1|judge): captures lambda,0.5898574843755492,0.28003193743501786,0.040994887002914204,1.1387200817481842,TRUE,1.4753003875479247,NA,NA,NA,50,111,0.5
D,+ (1|temp): captures tau,0.5813918907155853,0.2570924178082002,0.07749075181151288,1.0852930296196577,TRUE,1.3544474501808768,NA,NA,NA,50,111,0.5
E,+ interactions: lumps eps into residual,0.5813918907155853,0.24283971278555505,0.10542605365589741,1.057357727775273,TRUE,1.2793595104404534,NA,NA,0.21513819447869292,50,111,0.5
F,+ (1|item:variant:judge:temp): splits eps/rho,0.5813918907155853,0.24141887777151008,0.10821089028342551,1.054572891147745,TRUE,1.2718740840777956,0.03852117272677097,0.10116926871617599,NA,50,111,0.5
A,"1 obs/item, naive SE",-0.24443965741402066,0.09090831148084276,-0.42261994791647245,-0.06625936691156886,FALSE,0.47893489716735255,NA,NA,NA,50,112,0.5
B,+ (1|variant): captures phi,0.34058642754429286,0.20612385537905717,-0.06341632899865918,0.744589184087245,TRUE,1.0859282927118319,NA,NA,NA,50,112,0.5
C,+ (1|judge): captures lambda,0.44938395668868303,0.23432405749188998,-0.00989119599542132,0.9086591093727874,TRUE,1.234496236379494,NA,NA,NA,50,112,0.5
D,+ (1|temp): captures tau,0.40365051476223274,0.16408335608747968,0.08204713683077258,0.7252538926936929,TRUE,0.8644451095232536,NA,NA,NA,50,112,0.5
E,+ interactions: lumps eps into residual,0.40365051476223274,0.14603366476068735,0.11742453183128554,0.6898764976931799,TRUE,0.7693533965799169,NA,NA,0.21370437396392702,50,112,0.5
F,+ (1|item:variant:judge:temp): splits eps/rho,0.4036505147622328,0.1452306337420335,0.11899847262784718,0.6883025568966183,TRUE,0.7651227649459521,0.03988644257748467,0.10022720207257668,NA,50,112,0.5
A,"1 obs/item, naive SE",0.7982162906093094,0.09018075028843495,0.6214620200439769,0.974970561174642,FALSE,0.4751018654104903,NA,NA,NA,50,113,0.5
B,+ (1|variant): captures phi,1.0950457861039684,0.1490395912684423,0.8029281872178216,1.3871633849901153,FALSE,0.7851896064867263,NA,NA,NA,50,113,0.5
C,+ (1|judge): captures lambda,0.7438921170745162,0.2344901460043855,0.28429143090592063,1.2034928032431118,TRUE,1.2353712453127474,NA,NA,NA,50,113,0.5
D,+ (1|temp): captures tau,0.5273937669133655,0.25917344219027627,0.01941382022042404,1.0353737136063068,TRUE,1.3654109713616918,NA,NA,NA,50,113,0.5
E,+ interactions: lumps eps into residual,0.5273937669133655,0.25124297191610495,0.034957541957799765,1.019829991868931,TRUE,1.3236306445315165,NA,NA,0.21540122355592375,50,113,0.5
F,+ (1|item:variant:judge:temp): splits eps/rho,0.5273937669133653,0.24993251593671365,0.03752603567740653,1.017261498149324,TRUE,1.3167267312423079,0.0413843149997164,0.10141550351504139,NA,50,113,0.5
A,"1 obs/item, naive SE",-0.25118891824077477,0.07791830476936334,-0.40390879558872694,-0.09846904089282263,FALSE,0.4104992676058393,NA,NA,NA,50,114,0.5
B,+ (1|variant): captures phi,0.12011565609224355,0.1296989973188073,-0.13409437865261875,0.3743256908371059,FALSE,0.6832969937702758,NA,NA,NA,50,114,0.5
C,+ (1|judge): captures lambda,0.18417820855695693,0.17833635641884166,-0.16536105002397272,0.5337174671378866,TRUE,0.939534605047165,NA,NA,NA,50,114,0.5
D,+ (1|temp): captures tau,0.350359576093497,0.19523947256687457,-0.03230979013757718,0.7330289423245712,TRUE,1.0285857826820277,NA,NA,NA,50,114,0.5
E,+ interactions: lumps eps into residual,0.350359576093497,0.17392319771368706,0.009470108574670344,0.6912490436123236,TRUE,0.9162846328916286,NA,NA,0.22694673395684797,50,114,0.5
F,+ (1|item:variant:judge:temp): splits eps/rho,0.35035957609349716,0.17180266206662273,0.013626358442916597,0.6870927937440777,TRUE,0.9051129533661489,0.043224852683040244,0.10235740460556833,NA,50,114,0.5
A,"1 obs/item, naive SE",0.6073853713287273,0.08741173094776379,0.43605837867111025,0.7787123639863442,TRUE,0.46051376041133174,NA,NA,NA,50,115,0.5
B,+ (1|variant): captures phi,0.8456706279855648,0.18523281117178117,0.48261431808887373,1.2087269378822558,TRUE,0.9758673978811231,NA,NA,NA,50,115,0.5
C,+ (1|judge): captures lambda,0.6626466307848761,0.1916213183549566,0.2870688468091611,1.038224414760591,TRUE,1.0095241557835266,NA,NA,NA,50,115,0.5
D,+ (1|temp): captures tau,0.42680567631075156,0.19588629174238112,0.04286854449568456,0.8107428081258186,TRUE,1.0319934389266647,NA,NA,NA,50,115,0.5
E,+ interactions: lumps eps into residual,0.42680567631075156,0.18279303431797,0.06853132904753034,0.7850800235739728,TRUE,0.9630138506360224,NA,NA,0.21085888269162398,50,115,0.5
F,+ (1|item:variant:judge:temp): splits eps/rho,0.4268056763107516,0.18106897343792341,0.07191048837242175,0.7817008642490815,TRUE,0.9539309306384447,0.04099582549370045,0.099910547740817,NA,50,115,0.5
A,"1 obs/item, naive SE",0.8844007555541872,0.08338388591331869,0.7209683391640825,1.047833171944292,FALSE,0.439293747455921,NA,NA,NA,50,116,0.5
B,+ (1|variant): captures phi,0.6337717767008286,0.1316271298416222,0.37578260221124915,0.8917609511904081,TRUE,0.693455030329276,NA,NA,NA,50,116,0.5
C,+ (1|judge): captures lambda,0.3863920644596006,0.16446930325107129,0.06403223008750092,0.7087518988317003,TRUE,0.8664784061723254,NA,NA,NA,50,116,0.5
D,+ (1|temp): captures tau,0.4269537582719468,0.18997534615656997,0.0546020798050697,0.7993054367388239,TRUE,1.0008526326550748,NA,NA,NA,50,116,0.5
E,+ interactions: lumps eps into residual,0.4269537582719468,0.17352789925314496,0.0868390757357827,0.767068440808111,TRUE,0.9142020705332898,NA,NA,0.21452741245136542,50,116,0.5
F,+ (1|item:variant:judge:temp): splits eps/rho,0.4269537582719466,0.17209069344329148,0.0896559991230953,0.7642515174207979,TRUE,0.9066303974316994,0.039440879608653535,0.09844184287411618,NA,50,116,0.5
A,"1 obs/item, naive SE",-0.23299700878506335,0.07799757136517398,-0.3858722486608044,-0.08012176890932235,FALSE,0.4109168701142895,NA,NA,NA,50,117,0.5
B,+ (1|variant): captures phi,-0.2606383599314466,0.14830652397973934,-0.5513191469317357,0.030042427068842525,FALSE,0.7813275668028665,NA,NA,NA,50,117,0.5
C,+ (1|judge): captures lambda,0.17726517481850482,0.325794825642164,-0.46129268344013663,0.8158230330771462,TRUE,1.7163943403510111,NA,NA,NA,50,117,0.5
D,+ (1|temp): captures tau,0.349485088035607,0.24130012806803908,-0.12346316297774956,0.8224333390489635,TRUE,1.271248471566749,NA,NA,NA,50,117,0.5
E,+ interactions: lumps eps into residual,0.349485088035607,0.2271056197188236,-0.09564192661328724,0.7946121026845012,TRUE,1.1964671310508683,NA,NA,0.21104528822827345,50,117,0.5
F,+ (1|item:variant:judge:temp): splits eps/rho,0.349485088035607,0.22573149134283577,-0.09294863499635109,0.7919188110675651,TRUE,1.189227770625753,0.040571805405298936,0.1029972142555741,NA,50,117,0.5
A,"1 obs/item, naive SE",0.07576292364633981,0.09693237228369592,-0.11422452602970419,0.2657503733223838,FALSE,0.5106716316215212,NA,NA,NA,50,118,0.5
B,+ (1|variant): captures phi,-0.0668018423372059,0.17308375172095394,-0.40604599571027566,0.2724423110358638,FALSE,0.9118621551923052,NA,NA,NA,50,118,0.5
C,+ (1|judge): captures lambda,0.22953436306655733,0.2043885345639194,-0.17106716467872468,0.6301358908118393,TRUE,1.0767860516712475,NA,NA,NA,50,118,0.5
D,+ (1|temp): captures tau,0.30051952979165597,0.24221284358958936,-0.17421764364393916,0.775256703227251,TRUE,1.2760569572523384,NA,NA,NA,50,118,0.5
E,+ interactions: lumps eps into residual,0.30051952979165597,0.23235753842566184,-0.15490124552264123,0.7559403051059532,TRUE,1.2241359668791625,NA,NA,0.2180813172244562,50,118,0.5
F,+ (1|item:variant:judge:temp): splits eps/rho,0.30051952979165625,0.23082646490302544,-0.15190034141827363,0.7529394010015862,TRUE,1.21606976778059,0.038352939611299756,0.09970945240173153,NA,50,118,0.5
A,"1 obs/item, naive SE",0.18105565995535272,0.1016733246511279,-0.018224056360857943,0.3803353762715634,FALSE,0.535648528646496,NA,NA,NA,50,119,0.5
B,+ (1|variant): captures phi,0.5912080603068797,0.18571266634938455,0.22721123426208595,0.9552048863516733,TRUE,0.9783954328473112,NA,NA,NA,50,119,0.5
C,+ (1|judge): captures lambda,0.45783496383847927,0.19118630811045392,0.08310979994198958,0.832560127734969,TRUE,1.0072323786805986,NA,NA,NA,50,119,0.5
D,+ (1|temp): captures tau,0.4886113879469434,0.2324894280843162,0.03293210890168369,0.9442906669922031,TRUE,1.2248308049976593,NA,NA,NA,50,119,0.5
E,+ interactions: lumps eps into residual,0.4886113879469434,0.22421056573940992,0.0491586790977,0.9280640967961868,TRUE,1.1812150341046324,NA,NA,0.22398982737136788,50,119,0.5
F,+ (1|item:variant:judge:temp): splits eps/rho,0.48861138794694325,0.22254673270485203,0.05241979184543327,0.9248029840484533,TRUE,1.1724494142143373,0.04266395564635217,0.09904600316464304,NA,50,119,0.5
A,"1 obs/item, naive SE",0.3218809321787962,0.0693257643367304,0.18600243407880462,0.4577594302787878,FALSE,0.36523093733466727,NA,NA,NA,50,120,0.5
B,+ (1|variant): captures phi,0.5601739221743611,0.10122780992246816,0.36176741472632357,0.7585804296223987,TRUE,0.5333014104646546,NA,NA,NA,50,120,0.5
C,+ (1|judge): captures lambda,0.35859267925546856,0.12930062632097813,0.10516345166635144,0.6120219068445857,TRUE,0.6811982442745274,NA,NA,NA,50,120,0.5
D,+ (1|temp): captures tau,0.5099526263208155,0.22274660515723868,0.07336928021262767,0.9465359724290033,TRUE,1.173502408059136,NA,NA,NA,50,120,0.5
E,+ interactions: lumps eps into residual,0.5099526263208155,0.21124244140091958,0.09591744117501316,0.9239878114666178,TRUE,1.1128946880841573,NA,NA,0.21740846179231882,50,120,0.5
F,+ (1|item:variant:judge:temp): splits eps/rho,0.5099526263208155,0.20963385248683114,0.0990702754466265,0.9208349771950045,TRUE,1.1044201123979083,0.0389823242271252,0.10117133807559213,NA,50,120,0.5
A,"1 obs/item, naive SE",-0.4627447803149586,0.09050692273778566,-0.6401383488810185,-0.28535121174889866,FALSE,0.4768202491967905,NA,NA,NA,50,121,0.5
B,+ (1|variant): captures phi,-0.07175798076915942,0.1918443639893522,-0.44777293418828973,0.3042569726499709,FALSE,1.0106992335760054,NA,NA,NA,50,121,0.5
C,+ (1|judge): captures lambda,0.19171022394799844,0.24738663061276805,-0.2931675720530269,0.6765880199490238,TRUE,1.3033141696628234,NA,NA,NA,50,121,0.5
D,+ (1|temp): captures tau,0.5095591342059609,0.31436411125936276,-0.1065945238623901,1.125712792274312,TRUE,1.6561735758433571,NA,NA,NA,50,121,0.5
E,+ interactions: lumps eps into residual,0.5095591342059609,0.306605550418047,-0.09138774461341126,1.110506013025333,TRUE,1.6152989244701959,NA,NA,0.22493326431983998,50,121,0.5
F,+ (1|item:variant:judge:temp): splits eps/rho,0.5095591342059608,0.3053804262453296,-0.08898650123488516,1.1081047696468067,TRUE,1.6088445672159495,0.04162811484598952,0.1006133622876648,NA,50,121,0.5
A,"1 obs/item, naive SE",0.7572617806781354,0.07427556159937021,0.6116816799433699,0.902841881412901,FALSE,0.3913080979854973,NA,NA,NA,50,122,0.5
B,+ (1|variant): captures phi,0.8089453815345482,0.28384843845545776,0.252602442161851,1.3652883209072453,TRUE,1.4954069706973507,NA,NA,NA,50,122,0.5
C,+ (1|judge): captures lambda,0.6727056849755958,0.2742582027854753,0.13515960751606426,1.2102517624351274,TRUE,1.4448824536362057,NA,NA,NA,50,122,0.5
D,+ (1|temp): captures tau,0.552173017363753,0.3114605937325891,-0.058289746352121585,1.1626357810796275,TRUE,1.6408768901448005,NA,NA,NA,50,122,0.5
E,+ interactions: lumps eps into residual,0.552173017363753,0.30630702354090117,-0.048188748776413215,1.1525347835039192,TRUE,1.613726186654714,NA,NA,0.21907894846334147,50,122,0.5
F,+ (1|item:variant:judge:temp): splits eps/rho,0.5521730173637529,0.3051449857890798,-0.045911154782843466,1.1502571895103493,TRUE,1.607604189423576,0.039367440173507975,0.10124777598680923,NA,50,122,0.5
A,"1 obs/item, naive SE",0.05432690844883805,0.06314956969300571,-0.06944624814945313,0.17810006504712925,FALSE,0.3326927117489772,NA,NA,NA,50,123,0.5
B,+ (1|variant): captures phi,0.20129826130771952,0.1006517066706189,0.004020916233306471,0.3985756063821326,FALSE,0.5302663089740681,NA,NA,NA,50,123,0.5
C,+ (1|judge): captures lambda,0.24988963709064474,0.2015427552168256,-0.14513416313433344,0.6449134373156229,TRUE,1.0617935497012978,NA,NA,NA,50,123,0.5
D,+ (1|temp): captures tau,0.4059893737926166,0.2301679031484416,-0.04513971637832892,0.8571184639635622,TRUE,1.2126002477656195,NA,NA,NA,50,123,0.5
E,+ interactions: lumps eps into residual,0.4059893737926166,0.21930940285367037,-0.023857055800577287,0.8358358033858105,TRUE,1.1553940953538695,NA,NA,0.2063131812211398,50,123,0.5
F,+ (1|item:variant:judge:temp): splits eps/rho,0.40598937379261685,0.21795849764236036,-0.021209281586409445,0.8331880291716431,TRUE,1.14827708220158,0.03969925335265236,0.09929001130175164,NA,50,123,0.5
A,"1 obs/item, naive SE",0.6715107671660965,0.07310693079791364,0.5282211828021858,0.8148003515300072,FALSE,0.3851513663995174,NA,NA,NA,50,124,0.5
B,+ (1|variant): captures phi,0.7910988678523025,0.09178545532451432,0.6111993754162545,0.9709983602883506,FALSE,0.4835559795494441,NA,NA,NA,50,124,0.5
C,+ (1|judge): captures lambda,0.6952122105407992,0.1177728183738082,0.46437748652813515,0.9260469345534632,TRUE,0.6204659589223097,NA,NA,NA,50,124,0.5
D,+ (1|temp): captures tau,0.5426451843885108,0.1755176273288816,0.19863063482390292,0.8866597339531188,TRUE,0.9246846127323575,NA,NA,NA,50,124,0.5
E,+ interactions: lumps eps into residual,0.5426451843885108,0.15902332792728915,0.2309594616510241,0.8543309071259976,TRUE,0.8377872162339756,NA,NA,0.21065807777420517,50,124,0.5
F,+ (1|item:variant:judge:temp): splits eps/rho,0.5426451843885108,0.1588459434865742,0.23130713515482543,0.8539832336221962,TRUE,0.8368526966340728,0.04066379012245442,0.0985122406022984,NA,50,124,0.5
A,"1 obs/item, naive SE",0.3087086564597699,0.07713311428374384,0.157527752463632,0.45988956045590784,FALSE,0.4063626257701123,NA,NA,NA,50,125,0.5
B,+ (1|variant): captures phi,0.160273435004394,0.14950811704820433,-0.13276247441008648,0.4533093444188745,FALSE,0.7876579544572841,NA,NA,NA,50,125,0.5
C,+ (1|judge): captures lambda,0.40935426295320587,0.26198708541495525,-0.1041404244601064,0.9228489503665182,TRUE,1.3802341696647558,NA,NA,NA,50,125,0.5
D,+ (1|temp): captures tau,0.6285283229401271,0.2800505476562414,0.07962924953389394,1.1774273963463602,TRUE,1.4753984323167997,NA,NA,NA,50,125,0.5
E,+ interactions: lumps eps into residual,0.6285283229401271,0.27096458079762453,0.097437744576783,1.159618901303471,TRUE,1.4275305692775149,NA,NA,0.2195776772130041,50,125,0.5
F,+ (1|item:variant:judge:temp): splits eps/rho,0.6285283229401272,0.2696603330878306,0.09999407008797923,1.157062575792275,TRUE,1.4206593631953015,0.03948598721526173,0.09980936765242827,NA,50,125,0.5
A,"1 obs/item, naive SE",0.5703862515535386,0.06251983009572169,0.4478473845659241,0.6929251185411531,TRUE,0.3293750363422462,NA,NA,NA,50,126,0.5
B,+ (1|variant): captures phi,0.6906000108602212,0.13158574184999092,0.43269195683423894,0.9485080648862034,TRUE,0.6932369847711417,NA,NA,NA,50,126,0.5
C,+ (1|judge): captures lambda,0.5471450779793241,0.21642616990580513,0.12294978496394604,0.9713403709947022,TRUE,1.140204275491399,NA,NA,NA,50,126,0.5
D,+ (1|temp): captures tau,0.5071440747372933,0.23913058375424004,0.03844813057898283,0.9758400188956038,TRUE,1.2598185982591987,NA,NA,NA,50,126,0.5
E,+ interactions: lumps eps into residual,0.5071440747372933,0.2227681829856547,0.07051843608541009,0.9437697133891765,TRUE,1.1736160871591566,NA,NA,0.2136852008174055,50,126,0.5
F,+ (1|item:variant:judge:temp): splits eps/rho,0.5071440747372934,0.22132530721224286,0.0733464726012974,0.9409416768732894,TRUE,1.1660145428239075,0.04313255275669351,0.09933011504878349,NA,50,126,0.5
A,"1 obs/item, naive SE",0.17923592226857676,0.08183651876228565,0.018836345494496892,0.33963549904265666,FALSE,0.4311417081617326,NA,NA,NA,50,127,0.5
B,+ (1|variant): captures phi,0.12738778189259697,0.12902940289946532,-0.12550984779035507,0.380285411575549,FALSE,0.6797693500471937,NA,NA,NA,50,127,0.5
C,+ (1|judge): captures lambda,0.24374548029976228,0.24382226028756998,-0.2341461498638749,0.7216371104633994,TRUE,1.2845358939765035,NA,NA,NA,50,127,0.5
D,+ (1|temp): captures tau,0.4178233932847552,0.3123377893259928,-0.19435867379419075,1.0300054603637012,TRUE,1.6454982451615088,NA,NA,NA,50,127,0.5
E,+ interactions: lumps eps into residual,0.4178233932847552,0.30288820552718204,-0.17583748954852157,1.011484276118032,TRUE,1.5957147284375022,NA,NA,0.21594015056163876,50,127,0.5
F,+ (1|item:variant:judge:temp): splits eps/rho,0.41782339328475515,0.3017178347915261,-0.17354356290663597,1.0091903494761463,TRUE,1.5895488303056555,0.037869944091111565,0.10200668949280133,NA,50,127,0.5
A,"1 obs/item, naive SE",0.4807171814700836,0.08055294227076462,0.3228334146193849,0.6386009483207822,TRUE,0.4243794048589966,NA,NA,NA,50,128,0.5
B,+ (1|variant): captures phi,0.3945458687530711,0.14505287460622426,0.11024223452487159,0.6788495029812707,TRUE,0.7641862713290039,NA,NA,NA,50,128,0.5
C,+ (1|judge): captures lambda,0.32422959447376254,0.18728925018105844,-0.04285733588111201,0.691316524828637,TRUE,0.9867013952285129,NA,NA,NA,50,128,0.5
D,+ (1|temp): captures tau,0.40385283900164504,0.20848493629717235,-0.00477763614081278,0.8124833141441028,TRUE,1.098367243873735,NA,NA,NA,50,128,0.5
E,+ interactions: lumps eps into residual,0.40385283900164504,0.20074686295352448,0.010388987612737044,0.7973166903905531,TRUE,1.0576005273794526,NA,NA,0.21153439708858848,50,128,0.5
F,+ (1|item:variant:judge:temp): splits eps/rho,0.40385283900164515,0.19913073837132958,0.013556591793839168,0.7941490862094511,TRUE,1.0490862513140982,0.04074010541042475,0.09868096484773867,NA,50,128,0.5
A,"1 obs/item, naive SE",0.5308542087194035,0.08471427985787935,0.36481422019795995,0.696894197240847,TRUE,0.4463027005059895,NA,NA,NA,50,129,0.5
B,+ (1|variant): captures phi,0.40958861725266904,0.11196111789089207,0.1901448261865206,0.6290324083188175,TRUE,0.5898480085081779,NA,NA,NA,50,129,0.5
C,+ (1|judge): captures lambda,0.5155122449938245,0.15798319474341388,0.2058651832967333,0.8251593066909158,TRUE,0.8323074523780092,NA,NA,NA,50,129,0.5
D,+ (1|temp): captures tau,0.28804916698224586,0.21947017156114706,-0.1421123692776024,0.7182107032420941,TRUE,1.1562410778038659,NA,NA,NA,50,129,0.5
E,+ interactions: lumps eps into residual,0.28804916698224586,0.21243711035687549,-0.1283275693172301,0.7044259032817218,TRUE,1.119188597235581,NA,NA,0.20856500519529098,50,129,0.5
F,+ (1|item:variant:judge:temp): splits eps/rho,0.28804916698224586,0.2109935668468715,-0.12549822403762229,0.701596558002114,TRUE,1.111583535044254,0.042432058809624945,0.0987220431999987,NA,50,129,0.5
A,"1 obs/item, naive SE",0.23091609367002433,0.06943715341242511,0.09481927298167112,0.3670129143583776,FALSE,0.3658177716366623,NA,NA,NA,50,130,0.5
B,+ (1|variant): captures phi,0.1134764014928571,0.07625241933671782,-0.03597834040710983,0.26293114339282403,FALSE,0.4017228350071016,NA,NA,NA,50,130,0.5
C,+ (1|judge): captures lambda,0.23660789716975314,0.19895178615343445,-0.1533376036909784,0.6265533980304847,TRUE,1.048143472148152,NA,NA,NA,50,130,0.5
D,+ (1|temp): captures tau,0.42556952357143246,0.2091283878512484,0.01567788338298559,0.8354611637598793,TRUE,1.101757158380601,NA,NA,NA,50,130,0.5
E,+ interactions: lumps eps into residual,0.42556952357143246,0.20198567989281901,0.029677590981507185,0.8214614561613578,TRUE,1.0641270226334674,NA,NA,0.21366688205319795,50,130,0.5
F,+ (1|item:variant:judge:temp): splits eps/rho,0.42556952357143274,0.20030958651448688,0.03296273400303845,0.818176313139827,TRUE,1.0552968112180507,0.036620597397597376,0.10157913618766157,NA,50,130,0.5
A,"1 obs/item, naive SE",-0.4928975284893226,0.0692073096844685,-0.6285438554708809,-0.35725120150776435,FALSE,0.36460687925047325,NA,NA,NA,50,131,0.5
B,+ (1|variant): captures phi,-0.1999862760873709,0.13678565626652114,-0.46808616236975237,0.06811361019501055,FALSE,0.7206318448867072,NA,NA,NA,50,131,0.5
C,+ (1|judge): captures lambda,0.16279021261517138,0.20385713813598227,-0.2367697781313539,0.5623502033616966,TRUE,1.073986480439273,NA,NA,NA,50,131,0.5
D,+ (1|temp): captures tau,0.19716245926384307,0.16353409481788425,-0.12336436657921007,0.5176892851068962,TRUE,0.8615514204272117,NA,NA,NA,50,131,0.5
E,+ interactions: lumps eps into residual,0.19716245926384307,0.14177039080798953,-0.08070750671981641,0.47503242524750255,FALSE,0.7468930666180975,NA,NA,0.21357587176027604,50,131,0.5
F,+ (1|item:variant:judge:temp): splits eps/rho,0.19716245926384293,0.14001563871544626,-0.07726819261843174,0.47159311114611757,FALSE,0.737648455214513,0.03803886470343496,0.10117456229386722,NA,50,131,0.5
A,"1 obs/item, naive SE",0.26796906985360175,0.0858279625372251,0.09974626328064054,0.436191876426563,FALSE,0.452169947304671,NA,NA,NA,50,132,0.5
B,+ (1|variant): captures phi,0.4288602211504896,0.11868706724468978,0.19623356935089764,0.6614868729500816,TRUE,0.6252825227967065,NA,NA,NA,50,132,0.5
C,+ (1|judge): captures lambda,0.3250721797118312,0.16346672725809083,0.004677394285973191,0.6454669651376892,TRUE,0.8611965059557348,NA,NA,NA,50,132,0.5
D,+ (1|temp): captures tau,0.4252652729304621,0.1988335102739071,0.0355515927936042,0.81497895306732,TRUE,1.0475203558975468,NA,NA,NA,50,132,0.5
E,+ interactions: lumps eps into residual,0.4252652729304621,0.1876703306635499,0.05743142482990432,0.7930991210310199,TRUE,0.9887090526002263,NA,NA,0.2125122511736736,50,132,0.5
F,+ (1|item:variant:judge:temp): splits eps/rho,0.425265272930462,0.1859340076007592,0.060834618032973964,0.7896959278279501,TRUE,0.979561531389229,0.03863517579094935,0.10205075841949278,NA,50,132,0.5
A,"1 obs/item, naive SE",0.6522348235240919,0.08047635858349349,0.4945011607004447,0.8099684863477391,TRUE,0.42397593679551127,NA,NA,NA,50,133,0.5
B,+ (1|variant): captures phi,0.9996787527762397,0.17964040339339724,0.6475835621251811,1.3517739434272984,FALSE,0.9464047535900932,NA,NA,NA,50,133,0.5
C,+ (1|judge): captures lambda,0.7458096808431355,0.2380703998758475,0.2791916970864744,1.2124276645997965,TRUE,1.2542332007470753,NA,NA,NA,50,133,0.5
D,+ (1|temp): captures tau,0.7814746074931214,0.2877552245871219,0.21747436730236247,1.3454748476838803,TRUE,1.5159892055199355,NA,NA,NA,50,133,0.5
E,+ interactions: lumps eps into residual,0.7814746074931214,0.27941158075899086,0.23382790920549923,1.3291213057807436,TRUE,1.4720321444577131,NA,NA,0.20482741906568752,50,133,0.5
F,+ (1|item:variant:judge:temp): splits eps/rho,0.7814746074931214,0.27837266855998694,0.23586417711554697,1.3270850378706958,TRUE,1.4665588131517995,0.03936062185571303,0.09893819775697253,NA,50,133,0.5
A,"1 obs/item, naive SE",0.5685305570212442,0.08120051807561961,0.4093775415930298,0.7276835724494586,TRUE,0.427791047276001,NA,NA,NA,50,134,0.5
B,+ (1|variant): captures phi,0.41271763546799844,0.09361703846459755,0.22922824007738724,0.5962070308586096,TRUE,0.49320536219180106,NA,NA,NA,50,134,0.5
C,+ (1|judge): captures lambda,0.3141843817028539,0.12025726948988025,0.07848013350268862,0.5498886299030192,TRUE,0.6335548648805293,NA,NA,NA,50,134,0.5
D,+ (1|temp): captures tau,0.1575041137696105,0.1359789043932513,-0.10901453884116208,0.42402276638038305,FALSE,0.7163816105663229,NA,NA,NA,50,134,0.5
E,+ interactions: lumps eps into residual,0.1575041137696105,0.12943060318257915,-0.09617986846824467,0.41118809600746564,FALSE,0.6818830051487642,NA,NA,0.20767156617681876,50,134,0.5
F,+ (1|item:variant:judge:temp): splits eps/rho,0.1575041137696105,0.12703308988431614,-0.09148074240364915,0.4064889699428701,FALSE,0.6692521162206057,0.03995040274896649,0.09903335520602939,NA,50,134,0.5
A,"1 obs/item, naive SE",0.528903449413875,0.07745013668117527,0.3771011815187715,0.6807057173089786,TRUE,0.40803280407218717,NA,NA,NA,50,135,0.5
B,+ (1|variant): captures phi,0.41838039089129303,0.14287897035577637,0.13833760899397135,0.6984231727886148,TRUE,0.7527334284406026,NA,NA,NA,50,135,0.5
C,+ (1|judge): captures lambda,0.27600288204633866,0.18966113141592852,-0.09573293552888124,0.6477386996215586,TRUE,0.9991972460127952,NA,NA,NA,50,135,0.5
D,+ (1|temp): captures tau,0.49084495508123466,0.20692215111478754,0.08527753889625111,0.8964123712662182,TRUE,1.0901339773172678,NA,NA,NA,50,135,0.5
E,+ interactions: lumps eps into residual,0.49084495508123466,0.18955346910406282,0.11932015563727155,0.8623697545251978,TRUE,0.9986300455288982,NA,NA,0.21044310472039665,50,135,0.5
F,+ (1|item:variant:judge:temp): splits eps/rho,0.49084495508123455,0.18841830868617201,0.12154507005633741,0.8601448401061317,TRUE,0.9926496469365699,0.04068733045937159,0.09704841304164172,NA,50,135,0.5
A,"1 obs/item, naive SE",0.21479317448893046,0.0786639399639002,0.060611852159686064,0.36897449681817485,FALSE,0.41442751915295034,NA,NA,NA,50,136,0.5
B,+ (1|variant): captures phi,0.04128350327622659,0.08158759405324816,-0.1186281810681398,0.201195187620593,FALSE,0.4298302908888421,NA,NA,NA,50,136,0.5
C,+ (1|judge): captures lambda,0.22267771396187894,0.19549159887085757,-0.1604858198250019,0.6058412477487598,TRUE,1.0299140670105376,NA,NA,NA,50,136,0.5
D,+ (1|temp): captures tau,0.5005738978579019,0.2636919397898022,-0.016262304130110428,1.0174100998459141,TRUE,1.3892159034732725,NA,NA,NA,50,136,0.5
E,+ interactions: lumps eps into residual,0.5005738978579019,0.2573889047747384,-0.0039083555005854365,1.0050561512163891,TRUE,1.3560094410760697,NA,NA,0.22376869646532907,50,136,0.5
F,+ (1|item:variant:judge:temp): splits eps/rho,0.500573897857902,0.25589529628435836,-9.80882859440424e-4,1.0021286785752443,TRUE,1.3481406200948418,0.040628718742187146,0.09701862127803605,NA,50,136,0.5
A,"1 obs/item, naive SE",1.0808547583480381,0.10787597845927795,0.8694178405678533,1.2922916761282228,FALSE,0.5683261498164487,NA,NA,NA,50,137,0.5
B,+ (1|variant): captures phi,1.1047159943038796,0.09562651426571248,0.9172880263430832,1.292143962264676,FALSE,0.5037919419059129,NA,NA,NA,50,137,0.5
C,+ (1|judge): captures lambda,0.7827144766385362,0.18796736741070816,0.41429843651354825,1.1511305167635242,TRUE,0.9902739399206243,NA,NA,NA,50,137,0.5
D,+ (1|temp): captures tau,0.6484320938546866,0.2052391778816918,0.24616330520657065,1.0507008825028026,TRUE,1.0812675205632232,NA,NA,NA,50,137,0.5
E,+ interactions: lumps eps into residual,0.6484320938546866,0.20074861726054985,0.2549648040240089,1.0418993836853643,TRUE,1.057609769646096,NA,NA,0.21777371653421335,50,137,0.5
F,+ (1|item:variant:judge:temp): splits eps/rho,0.6484320938546865,0.19947618453550736,0.25745877216509205,1.039405415544281,TRUE,1.0509061753718913,0.039355254023493554,0.1007706017451489,NA,50,137,0.5
A,"1 obs/item, naive SE",0.0705942555959404,0.08093233741794621,-0.08803312574323416,0.22922163693511496,FALSE,0.42637818332975835,NA,NA,NA,50,138,0.5
B,+ (1|variant): captures phi,0.40278921900711684,0.20464508108544083,0.0016848600796528501,0.8038935779345808,TRUE,1.0781376231601691,NA,NA,NA,50,138,0.5
C,+ (1|judge): captures lambda,0.4912793255137135,0.28805722648095194,-0.07331283838895225,1.0558714894163792,TRUE,1.5175802508667224,NA,NA,NA,50,138,0.5
D,+ (1|temp): captures tau,0.6599607531246416,0.312944255929897,0.04659001150204356,1.2733314947472398,TRUE,1.6486933107814161,NA,NA,NA,50,138,0.5
E,+ interactions: lumps eps into residual,0.6599607531246416,0.30426911552950925,0.06359328668680353,1.2563282195624796,TRUE,1.6029898167015861,NA,NA,0.214230424165601,50,138,0.5
F,+ (1|item:variant:judge:temp): splits eps/rho,0.6599607531246415,0.3030955813605332,0.06589341365799639,1.2540280925912866,TRUE,1.5968072525621195,0.03759488398373566,0.09934480356940417,NA,50,138,0.5
A,"1 obs/item, naive SE",0.8479828922199542,0.07931392764072172,0.6925275940441395,1.0034381903957688,FALSE,0.41785186810507186,NA,NA,NA,50,139,0.5
B,+ (1|variant): captures phi,0.6475661964705864,0.13021775085395504,0.39233940479683455,0.9027929881443384,TRUE,0.6860299580830442,NA,NA,NA,50,139,0.5
C,+ (1|judge): captures lambda,0.6191651015889288,0.12945416237703886,0.36543494332993265,0.8728952598479249,TRUE,0.6820071227370474,NA,NA,NA,50,139,0.5
D,+ (1|temp): captures tau,0.7578556599324856,0.15490231338113664,0.4542471257054578,1.0614641941595133,TRUE,0.8160763556345831,NA,NA,NA,50,139,0.5
E,+ interactions: lumps eps into residual,0.7578556599324856,0.14385894242712005,0.4758921327753303,1.039819187089641,TRUE,0.7578962437604623,NA,NA,0.22143226583679096,50,139,0.5
F,+ (1|item:variant:judge:temp): splits eps/rho,0.7578556599324856,0.1421858189040959,0.47917145488045765,1.0365398649845137,TRUE,0.7490816785200033,0.041260497421261345,0.10164286561509865,NA,50,139,0.5
A,"1 obs/item, naive SE",0.28514654625392183,0.0720425205049111,0.1439432060642961,0.42634988644354754,FALSE,0.37954370274457794,NA,NA,NA,50,140,0.5
B,+ (1|variant): captures phi,0.3654052581041152,0.19384750857133232,-0.014535858695696124,0.7453463749039266,TRUE,1.0212524583445037,NA,NA,NA,50,140,0.5
C,+ (1|judge): captures lambda,0.38318583472283846,0.17549049861443516,0.039224457438545524,0.7271472120071314,TRUE,0.9245416897382766,NA,NA,NA,50,140,0.5
D,+ (1|temp): captures tau,0.46988124778524926,0.18183106392966913,0.11349236248309774,0.8262701330874007,TRUE,0.9579458741056696,NA,NA,NA,50,140,0.5
E,+ interactions: lumps eps into residual,0.46988124778524926,0.16896869989601984,0.13870259598905038,0.8010598995814482,TRUE,0.890182708170253,NA,NA,0.21840207276289722,50,140,0.5
F,+ (1|item:variant:judge:temp): splits eps/rho,0.46988124778524926,0.16701678237413636,0.142528354331942,0.7972341412385565,TRUE,0.8798993644099917,0.042411389154459286,0.10076739577140029,NA,50,140,0.5
A,"1 obs/item, naive SE",0.6660025854973811,0.08157605114429985,0.5061135252545534,0.8258916457402088,FALSE,0.4297694790464471,NA,NA,NA,50,141,0.5
B,+ (1|variant): captures phi,0.5374904298714275,0.18892981007046708,0.16718800213331203,0.9077928576095429,TRUE,0.9953444045324135,NA,NA,NA,50,141,0.5
C,+ (1|judge): captures lambda,0.5826696510205247,0.16330411301786046,0.2625935895055182,0.9027457125355312,TRUE,0.8603398006319417,NA,NA,NA,50,141,0.5
D,+ (1|temp): captures tau,0.3462642431148646,0.2416884025375624,-0.12744502585875772,0.8199735120884869,TRUE,1.2732940292292412,NA,NA,NA,50,141,0.5
E,+ interactions: lumps eps into residual,0.3462642431148646,0.23183535887000947,-0.10813306027035396,0.8006615465000831,TRUE,1.221384953163085,NA,NA,0.21934372856780826,50,141,0.5
F,+ (1|item:variant:judge:temp): splits eps/rho,0.3462642431148645,0.2309371765329009,-0.1063726228896213,0.7989011091193503,TRUE,1.216653033075104,0.04209022051387143,0.09696696205822705,NA,50,141,0.5
A,"1 obs/item, naive SE",0.8589366260645048,0.0751006953778612,0.7117392631238969,1.0061339890051129,FALSE,0.3956551742309314,NA,NA,NA,50,142,0.5
B,+ (1|variant): captures phi,0.9568055004383774,0.16709817720264009,0.6292930731212029,1.284317927755552,FALSE,0.8803281791485384,NA,NA,NA,50,142,0.5
C,+ (1|judge): captures lambda,0.840015027210111,0.22020340227034155,0.40841635876024157,1.2716136956599804,TRUE,1.1601039784406466,NA,NA,NA,50,142,0.5
D,+ (1|temp): captures tau,0.562356773364355,0.22402913732895421,0.12325966419960471,1.0014538825291053,TRUE,1.1802592095415159,NA,NA,NA,50,142,0.5
E,+ interactions: lumps eps into residual,0.562356773364355,0.2141871156208286,0.14255002674753092,0.982163519981179,TRUE,1.1284082007842657,NA,NA,0.21385443881155405,50,142,0.5
F,+ (1|item:variant:judge:temp): splits eps/rho,0.5623567733643551,0.21263174947455724,0.14559854439422293,0.9791150023344872,TRUE,1.1202140201511888,0.03898920014392364,0.10004349752570255,NA,50,142,0.5
A,"1 obs/item, naive SE",-0.14921276841364023,0.07877453679125955,-0.3036108605245089,0.005185323697228489,FALSE,0.41501017963003495,NA,NA,NA,50,143,0.5
B,+ (1|variant): captures phi,-0.20101331439489617,0.09003949386286943,-0.37749072236612025,-0.024535906423672094,FALSE,0.47435768008188367,NA,NA,NA,50,143,0.5
C,+ (1|judge): captures lambda,0.014837993469108244,0.13039635246450154,-0.24073885736131478,0.2704148442995313,FALSE,0.6869708901341146,NA,NA,NA,50,143,0.5
D,+ (1|temp): captures tau,0.4613564375330635,0.289834188818893,-0.10671857255196676,1.0294314476180937,TRUE,1.5269418731510767,NA,NA,NA,50,143,0.5
E,+ interactions: lumps eps into residual,0.4613564375330635,0.28426781209506036,-0.09580847417325483,1.0185213492393819,TRUE,1.4976163690206283,NA,NA,0.21608849375192243,50,143,0.5
F,+ (1|item:variant:judge:temp): splits eps/rho,0.46135643753306377,0.28300107536210733,-0.0933256701766666,1.016038545242794,TRUE,1.4909427831069486,0.03607788278205139,0.10135868646293841,NA,50,143,0.5
A,"1 obs/item, naive SE",0.1553244943756818,0.0878430269394204,-0.016847838425582157,0.3274968271769457,FALSE,0.4627859696081363,NA,NA,NA,50,144,0.5
B,+ (1|variant): captures phi,0.18563151531860037,0.08408994591170103,0.020815221331666356,0.3504478093055344,FALSE,0.4430135038479478,NA,NA,NA,50,144,0.5
C,+ (1|judge): captures lambda,0.5391608653131583,0.196579360735507,0.15386531827156463,0.9244564123547521,TRUE,1.0356447544284666,NA,NA,NA,50,144,0.5
D,+ (1|temp): captures tau,0.5215200119878957,0.20001113673601564,0.129498183985305,0.9135418399904863,TRUE,1.053724479583755,NA,NA,NA,50,144,0.5
E,+ interactions: lumps eps into residual,0.5215200119878957,0.19362337918486017,0.14201818878556977,0.9010218351902215,TRUE,1.02007167098949,NA,NA,0.21549383179222956,50,144,0.5
F,+ (1|item:variant:judge:temp): splits eps/rho,0.5215200119878958,0.1917792466285589,0.14563268859592032,0.8974073353798713,TRUE,1.010356173893262,0.03755042354447587,0.09923970420927301,NA,50,144,0.5
A,"1 obs/item, naive SE",0.37022378755953284,0.09061717134418082,0.19261413172493844,0.5478334433941272,TRUE,0.47740107513125785,NA,NA,NA,50,145,0.5
B,+ (1|variant): captures phi,0.2947128809559029,0.08935443145037522,0.11957819531316749,0.46984756659863836,FALSE,0.4707485458813186,NA,NA,NA,50,145,0.5
C,+ (1|judge): captures lambda,0.5027242432691604,0.13607449318465745,0.23601823662723181,0.769430249911089,TRUE,0.7168852037717923,NA,NA,NA,50,145,0.5
D,+ (1|temp): captures tau,0.48644697576789536,0.21120208689841666,0.07249088544699872,0.9004030660887921,TRUE,1.1126820872868082,NA,NA,NA,50,145,0.5
E,+ interactions: lumps eps into residual,0.48644697576789536,0.18602317563640136,0.12184155152054871,0.851052400015242,TRUE,0.9800312979406612,NA,NA,0.21961257512154875,50,145,0.5
F,+ (1|item:variant:judge:temp): splits eps/rho,0.48644697576789525,0.18404970817799626,0.1257095477390226,0.847184403796768,TRUE,0.9696344220240567,0.04002210543494557,0.09934686451896094,NA,50,145,0.5
A,"1 obs/item, naive SE",1.1323412260734729,0.08569959393245849,0.9643700219658542,1.3003124301810915,FALSE,0.4514936592566154,NA,NA,NA,50,146,0.5
B,+ (1|variant): captures phi,0.8046836708269192,0.13793135656695113,0.534338211955695,1.0750291296981433,FALSE,0.7266677710482735,NA,NA,NA,50,146,0.5
C,+ (1|judge): captures lambda,0.7888481390573012,0.10507721527116091,0.5828967971258259,0.9947994809887766,FALSE,0.55358134444209,NA,NA,NA,50,146,0.5
D,+ (1|temp): captures tau,0.5334185406158435,0.19089710505354793,0.15926021471088958,0.9075768665207974,TRUE,1.0057087618180311,NA,NA,NA,50,146,0.5
E,+ interactions: lumps eps into residual,0.5334185406158435,0.1843523730870893,0.17208788936514846,0.8947491918665385,TRUE,0.9712289603534061,NA,NA,0.2150345007094758,50,146,0.5
F,+ (1|item:variant:judge:temp): splits eps/rho,0.5334185406158436,0.1831581644514812,0.17442853829094046,0.8924085429407467,TRUE,0.9649374763210373,0.0395040942966807,0.10085124821646288,NA,50,146,0.5
A,"1 obs/item, naive SE",0.3258081262714101,0.09008576096405786,0.14924003478185668,0.5023762177609635,TRUE,0.47460143039457736,NA,NA,NA,50,147,0.5
B,+ (1|variant): captures phi,0.22718597399565932,0.10380291245366134,0.023732265586483087,0.4306396824048355,FALSE,0.54686789790549,NA,NA,NA,50,147,0.5
C,+ (1|judge): captures lambda,0.40405753114244,0.13985375427565153,0.12994417276216297,0.678170889522717,TRUE,0.7367955947195469,NA,NA,NA,50,147,0.5
D,+ (1|temp): captures tau,0.6722945287026986,0.23698352135079778,0.2078068268551349,1.1367822305502622,TRUE,1.24850716705281,NA,NA,NA,50,147,0.5
E,+ interactions: lumps eps into residual,0.6722945287026986,0.2292536453336554,0.22295738384873404,1.1216316735566632,TRUE,1.2077836367717902,NA,NA,0.21241513069290816,50,147,0.5
F,+ (1|item:variant:judge:temp): splits eps/rho,0.6722945287026986,0.22777228441757674,0.22586085124424815,1.118728206161149,TRUE,1.1999793400418992,0.03670714490963368,0.09979004625682099,NA,50,147,0.5
A,"1 obs/item, naive SE",0.904984978712862,0.08421835252596868,0.7399170077619633,1.0700529496637605,FALSE,0.4436899921425615,NA,NA,NA,50,148,0.5
B,+ (1|variant): captures phi,0.805259013473846,0.10538648663589498,0.5987014996674919,1.0118165272802002,FALSE,0.5552106877535311,NA,NA,NA,50,148,0.5
C,+ (1|judge): captures lambda,0.72397929488718,0.1841153515806466,0.3631132057891127,1.0848453839852474,TRUE,0.9699802530683906,NA,NA,NA,50,148,0.5
D,+ (1|temp): captures tau,0.4798563688354686,0.21483362547276016,0.05878246290885869,0.9009302747620785,TRUE,1.1318142274105307,NA,NA,NA,50,148,0.5
E,+ interactions: lumps eps into residual,0.4798563688354686,0.19689136227836282,0.09394929876987751,0.8657634389010598,TRUE,1.0372884812165852,NA,NA,0.21153200335357566,50,148,0.5
F,+ (1|item:variant:judge:temp): splits eps/rho,0.4798563688354685,0.19521415353330585,0.09723662791018906,0.862476109760748,TRUE,1.0284523936822643,0.03901874207192782,0.09912798834647601,NA,50,148,0.5
A,"1 obs/item, naive SE",-0.24498819378919515,0.09236338791431435,-0.42602043410125123,-0.06395595347713903,FALSE,0.4866007185942769,NA,NA,NA,50,149,0.5
B,+ (1|variant): captures phi,0.17240241850638854,0.16100929838340783,-0.1431758063250908,0.4879806433378679,FALSE,0.8482499620564963,NA,NA,NA,50,149,0.5
C,+ (1|judge): captures lambda,0.30642175388533643,0.19776331408970405,-0.08119434173048351,0.6940378495011563,TRUE,1.0418822102639849,NA,NA,NA,50,149,0.5
D,+ (1|temp): captures tau,0.4740547160853146,0.17747290924336837,0.1262078139683126,0.8219016182023166,TRUE,0.9349856812198658,NA,NA,NA,50,149,0.5
E,+ interactions: lumps eps into residual,0.4740547160853146,0.14899247366507293,0.18202946770177164,0.7660799644688575,TRUE,0.7849413754486959,NA,NA,0.22242841278112285,50,149,0.5
F,+ (1|item:variant:judge:temp): splits eps/rho,0.47405471608531435,0.14649900769585567,0.18691666100143728,0.7611927711691915,TRUE,0.7718049762778784,0.036687303215749645,0.10388677629348343,NA,50,149,0.5
A,"1 obs/item, naive SE",0.8418089014405424,0.09156928669297917,0.6623330995223032,1.0212847033587815,FALSE,0.48241713207082926,NA,NA,NA,50,150,0.5
B,+ (1|variant): captures phi,0.5015186686394011,0.13527387253452006,0.2363818784717418,0.7666554588070604,TRUE,0.712667270752275,NA,NA,NA,50,150,0.5
C,+ (1|judge): captures lambda,0.6019677707546309,0.1681519075491316,0.272390031958333,0.9315455095509289,TRUE,0.88587957733115,NA,NA,NA,50,150,0.5
D,+ (1|temp): captures tau,0.5318242983732089,0.17908888716103075,0.1808100795375886,0.8828385172088291,TRUE,0.943499184608205,NA,NA,NA,50,150,0.5
E,+ interactions: lumps eps into residual,0.5318242983732089,0.16169997373174022,0.21489234985899808,0.8487562468874197,TRUE,0.8518886670499258,NA,NA,0.21338410314998324,50,150,0.5
F,+ (1|item:variant:judge:temp): splits eps/rho,0.5318242983732089,0.15954759416667905,0.21911101380651793,0.8445375829398998,TRUE,0.8405492232865807,0.03802495251528312,0.0999001612232538,NA,50,150,0.5
A,"1 obs/item, naive SE",0.3153483168859486,0.07818854502775983,0.16209876863153933,0.4685978651403579,FALSE,0.41192298220637813,NA,NA,NA,50,151,0.5
B,+ (1|variant): captures phi,0.1461544075892242,0.1669013812496508,-0.18097229966009132,0.47328111483853974,FALSE,0.87929139331485,NA,NA,NA,50,151,0.5
C,+ (1|judge): captures lambda,0.2768620640822667,0.1698274498700834,-0.055999737663096794,0.6097238658276303,TRUE,0.8947068855949682,NA,NA,NA,50,151,0.5
D,+ (1|temp): captures tau,0.44121725774768783,0.16583431014756156,0.11618200985846716,0.7662525056369085,TRUE,0.8736697116421346,NA,NA,NA,50,151,0.5
E,+ interactions: lumps eps into residual,0.44121725774768783,0.15616410747562387,0.13513560709546507,0.7472989083999106,TRUE,0.8227239021025093,NA,NA,0.21345823686880247,50,151,0.5
F,+ (1|item:variant:judge:temp): splits eps/rho,0.44121725774768794,0.154106907017954,0.1391677199924981,0.7432667955028778,TRUE,0.8118858931944418,0.042359864593861304,0.10010988635124368,NA,50,151,0.5
A,"1 obs/item, naive SE",0.03606457238124057,0.08480240143312105,-0.1301481344276767,0.2022772791901578,FALSE,0.446766953959707,NA,NA,NA,50,152,0.5
B,+ (1|variant): captures phi,0.28771002222126085,0.11301929970497211,0.06619219479951552,0.5092278496430062,TRUE,0.5954228584867477,NA,NA,NA,50,152,0.5
C,+ (1|judge): captures lambda,0.11452309093385683,0.13906788926807356,-0.15804997203156734,0.387096153899281,FALSE,0.7326553992801994,NA,NA,NA,50,152,0.5
D,+ (1|temp): captures tau,0.43171710599044877,0.23435544644220108,-0.027619569036265335,0.8910537810171628,TRUE,1.2346616036978895,NA,NA,NA,50,152,0.5
E,+ interactions: lumps eps into residual,0.43171710599044877,0.21887156180935463,0.002728844844113676,0.8607053671367839,TRUE,1.1530874046660857,NA,NA,0.21916155829050266,50,152,0.5
F,+ (1|item:variant:judge:temp): splits eps/rho,0.4317171059904487,0.2173113473360875,0.005786865211717229,0.8576473467691802,TRUE,1.1448676814511114,0.042749849436963326,0.10060333025707498,NA,50,152,0.5
A,"1 obs/item, naive SE",0.05127229951784889,0.09168806163212506,-0.12843630128111622,0.230980900316814,FALSE,0.48304287753171465,NA,NA,NA,50,153,0.5
B,+ (1|variant): captures phi,0.36823720581346775,0.1495576490253191,0.07510421372384235,0.6613701979030931,TRUE,0.7879189052106259,NA,NA,NA,50,153,0.5
C,+ (1|judge): captures lambda,0.2758586593234937,0.16813640404577665,-0.05368869260622855,0.6054060112532159,TRUE,0.8857978997742348,NA,NA,NA,50,153,0.5
D,+ (1|temp): captures tau,0.2843006300775195,0.1260278635323859,0.03728601755404312,0.5313152426009958,TRUE,0.6639562530409989,NA,NA,NA,50,153,0.5
E,+ interactions: lumps eps into residual,0.2843006300775195,0.11326785214509635,0.06229563987313064,0.5063056202819083,TRUE,0.5967323145245125,NA,NA,0.2113012541525082,50,153,0.5
F,+ (1|item:variant:judge:temp): splits eps/rho,0.2843006300775196,0.11044707479378593,0.06782436348169918,0.50077689667334,TRUE,0.5818715312949555,0.039332746183718945,0.10205498558364562,NA,50,153,0.5
A,"1 obs/item, naive SE",1.3582526187655188,0.08691253919367822,1.1879040419459095,1.5286011955851282,FALSE,0.4578838539977675,NA,NA,NA,50,154,0.5
B,+ (1|variant): captures phi,1.1361141762057416,0.13257414929156144,0.8762688435942811,1.395959508817202,FALSE,0.6984442403969134,NA,NA,NA,50,154,0.5
C,+ (1|judge): captures lambda,1.0012284182766302,0.14513030661876783,0.71677301730384535,1.285683819249415,FALSE,0.7645942086491556,NA,NA,NA,50,154,0.5
D,+ (1|temp): captures tau,0.6790651202318582,0.2045811973235253,0.27808597347774855,1.0800442669859678,TRUE,1.0778010624822147,NA,NA,NA,50,154,0.5
E,+ interactions: lumps eps into residual,0.6790651202318582,0.19177268783196533,0.30319065208120616,1.0549395883825101,TRUE,1.010321619994714,NA,NA,0.21944042824393503,50,154,0.5
F,+ (1|item:variant:judge:temp): splits eps/rho,0.6790651202318582,0.19061217507825018,0.3054652570784878,1.0526649833852284,TRUE,1.004207656955382,0.046455942373950405,0.10056040535533417,NA,50,154,0.5
A,"1 obs/item, naive SE",0.48075927515905215,0.08645189554874307,0.3113135598835157,0.6502049904345886,TRUE,0.45545703170699925,NA,NA,NA,50,155,0.5
B,+ (1|variant): captures phi,0.4932339352995129,0.12552813496873624,0.2471987907607899,0.739269079838236,TRUE,0.6613235185380203,NA,NA,NA,50,155,0.5
C,+ (1|judge): captures lambda,0.45543466168779323,0.1654525418198262,0.13114767972093389,0.7797216436546526,TRUE,0.8716584304753491,NA,NA,NA,50,155,0.5
D,+ (1|temp): captures tau,0.6065610350669399,0.18321497171687443,0.24745969050186606,0.9656623796320138,TRUE,0.9652367556868762,NA,NA,NA,50,155,0.5
E,+ interactions: lumps eps into residual,0.6065610350669399,0.17931301008905184,0.2551075352923983,0.9580145348414815,TRUE,0.9446799379379734,NA,NA,0.21515354066946246,50,155,0.5
F,+ (1|item:variant:judge:temp): splits eps/rho,0.60656103506694,0.17736433302022825,0.2589269423472927,0.9541951277865874,TRUE,0.9344136659506637,0.03947131158246455,0.09887158229403258,NA,50,155,0.5
A,"1 obs/item, naive SE",0.52326884319259,0.07869074666351555,0.36903497973209953,0.6775027066530805,TRUE,0.414568745666946,NA,NA,NA,50,156,0.5
B,+ (1|variant): captures phi,0.32964743714558764,0.09631223003911377,0.14087546626892467,0.5184194080222506,TRUE,0.5074045182267171,NA,NA,NA,50,156,0.5
C,+ (1|judge): captures lambda,0.4644331356163613,0.12858701362047248,0.21240258892023522,0.7164636823124874,TRUE,0.6774386977625891,NA,NA,NA,50,156,0.5
D,+ (1|temp): captures tau,0.7191338219157817,0.2715066935592797,0.18698070253959342,1.25128694129197,TRUE,1.4303865976815968,NA,NA,NA,50,156,0.5
E,+ interactions: lumps eps into residual,0.7191338219157817,0.261409244379798,0.2067717029313776,1.2314959409001858,TRUE,1.3771899129599063,NA,NA,0.21779952680904613,50,156,0.5
F,+ (1|item:variant:judge:temp): splits eps/rho,0.7191338219157819,0.2600247396800666,0.20948533214285137,1.2287823116887124,TRUE,1.3698958866471054,0.03903003245012081,0.10046200251039576,NA,50,156,0.5
A,"1 obs/item, naive SE",0.9228870725743391,0.08721134835550785,0.7519528297975437,1.0938213153511345,FALSE,0.45945807898184604,NA,NA,NA,50,157,0.5
B,+ (1|variant): captures phi,1.0252572498102765,0.0794703182767513,0.869495425987844,1.181019073632709,FALSE,0.4186757854341331,NA,NA,NA,50,157,0.5
C,+ (1|judge): captures lambda,0.9199462736544198,0.11407063485023414,0.6963678293479609,1.1435247179608787,FALSE,0.6009616379611701,NA,NA,NA,50,157,0.5
D,+ (1|temp): captures tau,0.5202889645210863,0.27723528891020655,-0.023092201742918483,1.063670130785091,TRUE,1.4605667229156651,NA,NA,NA,50,157,0.5
E,+ interactions: lumps eps into residual,0.5202889645210863,0.270633111429789,-0.010151933881300201,1.0507298629234727,TRUE,1.4257842795817492,NA,NA,0.2319269578110155,50,157,0.5
F,+ (1|item:variant:judge:temp): splits eps/rho,0.5202889645210862,0.26961412921279826,-0.008154728735998429,1.0487326577781708,TRUE,1.4204159459788017,0.04066476339403827,0.10152976004715632,NA,50,157,0.5
A,"1 obs/item, naive SE",0.8105863499394313,0.08079703063809117,0.6522241698887726,0.9689485299900901,FALSE,0.4256653426924138,NA,NA,NA,50,158,0.5
B,+ (1|variant): captures phi,0.7525156065966981,0.24257734952631488,0.277064001525121,1.2279672116682754,TRUE,1.2779772944633019,NA,NA,NA,50,158,0.5
C,+ (1|judge): captures lambda,0.6156065247385791,0.285530616003081,0.055966517372540436,1.1752465321046177,TRUE,1.5042692355185154,NA,NA,NA,50,158,0.5
D,+ (1|temp): captures tau,0.6430322063489381,0.26354379160088076,0.12648637481121183,1.1595780378866642,TRUE,1.3884354100676548,NA,NA,NA,50,158,0.5
E,+ interactions: lumps eps into residual,0.6430322063489381,0.25208773339713,0.14894024889056334,1.1371241638073128,TRUE,1.3280811259721592,NA,NA,0.2300624701648084,50,158,0.5
F,+ (1|item:variant:judge:temp): splits eps/rho,0.6430322063489382,0.25058568776118034,0.15188425833702474,1.1341801543608516,TRUE,1.3201678553319296,0.043922297995799345,0.10082650036280788,NA,50,158,0.5
A,"1 obs/item, naive SE",0.6790382872149154,0.07922850608064796,0.5237504152968454,0.8343261591329855,FALSE,0.41740183921966656,NA,NA,NA,50,159,0.5
B,+ (1|variant): captures phi,0.6812166827707264,0.08545358789463944,0.5137276504972331,0.8487057150442198,FALSE,0.4501976185040573,NA,NA,NA,50,159,0.5
C,+ (1|judge): captures lambda,0.7136687087217953,0.20327039291060206,0.3152587386170153,1.1120786788265753,TRUE,1.070895313530512,NA,NA,NA,50,159,0.5
D,+ (1|temp): captures tau,0.5745297786810329,0.24188255763292715,0.10043996572049574,1.0486195916415701,TRUE,1.274316902156021,NA,NA,NA,50,159,0.5
E,+ interactions: lumps eps into residual,0.5745297786810329,0.23701459270735367,0.10998117697461973,1.0390783803874462,TRUE,1.2486708611828026,NA,NA,0.21444786499894827,50,159,0.5
F,+ (1|item:variant:judge:temp): splits eps/rho,0.5745297786810329,0.2355239172134236,0.11290290094272265,1.0361566564193432,TRUE,1.2408174921919404,0.03671438150235836,0.100428796216747,NA,50,159,0.5
A,"1 obs/item, naive SE",0.8326254318133817,0.08972224058652953,0.6567698402637838,1.0084810233629795,FALSE,0.472686285433751,NA,NA,NA,50,160,0.5
B,+ (1|variant): captures phi,0.39612082630935974,0.1810880154977651,0.04118831593374017,0.7510533366849793,TRUE,0.9540312504752514,NA,NA,NA,50,160,0.5
C,+ (1|judge): captures lambda,0.5385919314685593,0.15308723195560714,0.23854095683556936,0.8386429061015492,TRUE,0.806513909454186,NA,NA,NA,50,160,0.5
D,+ (1|temp): captures tau,0.45138313031933147,0.17786453134982633,0.10276864887367188,0.7999976117649911,TRUE,0.9370488753352293,NA,NA,NA,50,160,0.5
E,+ interactions: lumps eps into residual,0.45138313031933147,0.16160759126550503,0.13463225143894164,0.7681340091997213,TRUE,0.8514019658204597,NA,NA,0.2195487569228086,50,160,0.5
F,+ (1|item:variant:judge:temp): splits eps/rho,0.45138313031933136,0.15939034879734745,0.13897804667653035,0.7637882139621324,TRUE,0.8397208029412447,0.04154704030394432,0.10124920557108916,NA,50,160,0.5
A,"1 obs/item, naive SE",1.4599283942039052,0.08331226583855782,1.296636353160332,1.6232204352474784,FALSE,0.4389164293363567,NA,NA,NA,50,161,0.5
B,+ (1|variant): captures phi,1.210702601824398,0.28681706151921643,0.6485411612467339,1.772864042402062,FALSE,1.5110466537869383,NA,NA,NA,50,161,0.5
C,+ (1|judge): captures lambda,1.2320388834559184,0.24987719858927823,0.742279574220933,1.7217981926909038,FALSE,1.3164353012545105,NA,NA,NA,50,161,0.5
D,+ (1|temp): captures tau,0.8879562939783642,0.2951540095665415,0.3094544352279429,1.4664581527287854,TRUE,1.5549684392727088,NA,NA,NA,50,161,0.5
E,+ interactions: lumps eps into residual,0.8879562939783642,0.2828837158839308,0.3335042108458598,1.4424083771108687,TRUE,1.4903244947601901,NA,NA,0.2224244142339787,50,161,0.5
F,+ (1|item:variant:judge:temp): splits eps/rho,0.8879562939783642,0.2816136454287378,0.3359935489380381,1.4399190390186902,TRUE,1.4836333457008288,0.038020913455988244,0.10275455714569816,NA,50,161,0.5
A,"1 obs/item, naive SE",1.1305945067973604,0.09282781423489857,0.9486519908969592,1.3125370226977615,FALSE,0.4890474692650083,NA,NA,NA,50,162,0.5
B,+ (1|variant): captures phi,0.7245243852546172,0.1958330837026378,0.34069154119744705,1.1083572293117872,TRUE,1.0317131214658315,NA,NA,NA,50,162,0.5
C,+ (1|judge): captures lambda,0.5207391309081429,0.22676946487513536,0.07627097975287767,0.9652072820634082,TRUE,1.1946961567266112,NA,NA,NA,50,162,0.5
D,+ (1|temp): captures tau,0.3425765487729,0.27431720163042156,-0.19508516642272622,0.8802382639685262,TRUE,1.4451932789642428,NA,NA,NA,50,162,0.5
E,+ interactions: lumps eps into residual,0.3425765487729,0.2653316129186835,-0.17747341254771964,0.8626265100935196,TRUE,1.3978542410309371,NA,NA,0.21402304091094268,50,162,0.5
F,+ (1|item:variant:judge:temp): splits eps/rho,0.34257654877290006,0.2640845219167978,-0.17502911418402362,0.8601822117298237,TRUE,1.3912841552927115,0.04149240169275318,0.09886583596048788,NA,50,162,0.5
A,"1 obs/item, naive SE",0.5935159109423415,0.05790277106165673,0.48002647966149425,0.7070053422231887,TRUE,0.30505085016305966,NA,NA,NA,50,163,0.5
B,+ (1|variant): captures phi,0.6936785752919787,0.08021171281185221,0.5364636181807484,0.8508935324032091,FALSE,0.42258169579199756,NA,NA,NA,50,163,0.5
C,+ (1|judge): captures lambda,0.5883141188088704,0.11095630122888601,0.3708397684002538,0.805788469217487,TRUE,0.5845543037098953,NA,NA,NA,50,163,0.5
D,+ (1|temp): captures tau,0.5283367197250768,0.22367012105866996,0.0899432824500837,0.9667301570000699,TRUE,1.1783677936996737,NA,NA,NA,50,163,0.5
E,+ interactions: lumps eps into residual,0.5283367197250768,0.20791616579444966,0.12082103476795547,0.9358524046821981,TRUE,1.0953707737183003,NA,NA,0.20892832707805592,50,163,0.5
F,+ (1|item:variant:judge:temp): splits eps/rho,0.5283367197250767,0.20639741767134231,0.12379778108924577,0.9328756583609076,TRUE,1.0873695088799713,0.039663531619029004,0.09986497857588413,NA,50,163,0.5
A,"1 obs/item, naive SE",0.3348396254787107,0.08551581268189509,0.16722863262219634,0.5024506183352251,TRUE,0.45052543915763776,NA,NA,NA,50,164,0.5
B,+ (1|variant): captures phi,0.42417416722917545,0.07664257218221644,0.2739547257520312,0.5743936087063197,TRUE,0.40377828857228865,NA,NA,NA,50,164,0.5
C,+ (1|judge): captures lambda,0.4130842241847271,0.0916542158777797,0.23344196106427892,0.5927264873051753,TRUE,0.48286456696128494,NA,NA,NA,50,164,0.5
D,+ (1|temp): captures tau,0.46598119165177654,0.19283998725064747,0.08801481664050753,0.8439475666630456,TRUE,1.0159445045143658,NA,NA,NA,50,164,0.5
E,+ interactions: lumps eps into residual,0.46598119165177654,0.16016475448570677,0.1520582728597913,0.7799041104437618,TRUE,0.8438006269163973,NA,NA,0.21075675053879253,50,164,0.5
F,+ (1|item:variant:judge:temp): splits eps/rho,0.46598119165177665,0.15819165837560525,0.15592554123559038,0.7760368420679629,TRUE,0.8334057073848437,0.041968149197109,0.10064721325052671,NA,50,164,0.5
A,"1 obs/item, naive SE",0.44551592885010854,0.08979342740908468,0.2695208111283026,0.6215110465719145,TRUE,0.47306132103813914,NA,NA,NA,50,165,0.5
B,+ (1|variant): captures phi,0.674670317185825,0.19467418218080773,0.2931089201114419,1.0562317142602082,TRUE,1.0256076469262265,NA,NA,NA,50,165,0.5
C,+ (1|judge): captures lambda,0.7610862819046519,0.3451875761165127,0.08451863271628701,1.4376539310930168,TRUE,1.8185617308011304,NA,NA,NA,50,165,0.5
D,+ (1|temp): captures tau,0.5925145320375242,0.3113112530062068,-0.017655523854641086,1.2026845879296895,TRUE,1.6400901140594493,NA,NA,NA,50,165,0.5
E,+ interactions: lumps eps into residual,0.5925145320375242,0.30178352932710645,0.0010188145563956308,1.1840102495186529,TRUE,1.5898949307350896,NA,NA,0.21760340560886307,50,165,0.5
F,+ (1|item:variant:judge:temp): splits eps/rho,0.5925145320375245,0.3006584186493243,0.003224031484848844,1.1818050325902,TRUE,1.5839674774803998,0.0407755891580862,0.09996718900713078,NA,50,165,0.5
A,"1 obs/item, naive SE",-0.025626165860447362,0.0941281972100129,-0.21011743239207264,0.15886510067117793,FALSE,0.4958983146532851,NA,NA,NA,50,166,0.5
B,+ (1|variant): captures phi,-0.06290216798320505,0.1569514423205569,-0.37052699493149654,0.24472265896508646,FALSE,0.8268718411286758,NA,NA,NA,50,166,0.5
C,+ (1|judge): captures lambda,0.09240414737141968,0.21360727537008847,-0.32626611235395375,0.5110744070967931,TRUE,1.125353411553908,NA,NA,NA,50,166,0.5
D,+ (1|temp): captures tau,0.3140040327099329,0.2265835904522851,-0.1300998045765459,0.7581078699964117,TRUE,1.1937169091072934,NA,NA,NA,50,166,0.5
E,+ interactions: lumps eps into residual,0.3140040327099329,0.21774013687233992,-0.11276663555985339,0.7407747009797192,TRUE,1.1471266858161278,NA,NA,0.20723971001115066,50,166,0.5
F,+ (1|item:variant:judge:temp): splits eps/rho,0.31400403270993277,0.21630115929890917,-0.10994623951592919,0.7379543049357947,TRUE,1.1395456784810347,0.03767578601695397,0.10066688357067893,NA,50,166,0.5
A,"1 obs/item, naive SE",0.323307055126606,0.086511015347975,0.153745465044575,0.49286864520863705,FALSE,0.4557684942620118,NA,NA,NA,50,167,0.5
B,+ (1|variant): captures phi,0.68919504724408,0.15521267570256378,0.384978202867055,0.993411891621105,TRUE,0.8177114464648496,NA,NA,NA,50,167,0.5
C,+ (1|judge): captures lambda,0.6251542768311209,0.2299562473299976,0.17444003206432562,1.0758685215979162,TRUE,1.2114851752712557,NA,NA,NA,50,167,0.5
D,+ (1|temp): captures tau,0.4277180396502191,0.21863476237833446,-0.00080609461131642135,0.8562421739117546,TRUE,1.1518398673474675,NA,NA,NA,50,167,0.5
E,+ interactions: lumps eps into residual,0.4277180396502191,0.2102735260126739,0.01558192866537822,0.83985415063506,TRUE,1.1077901230089264,NA,NA,0.22488710052516864,50,167,0.5
F,+ (1|item:variant:judge:temp): splits eps/rho,0.42771803965021915,0.2084098439213333,0.01923474556440591,0.8362013337360323,TRUE,1.097971632529572,0.03660672813097074,0.10083977562671918,NA,50,167,0.5
A,"1 obs/item, naive SE",0.13264943817093794,0.07934056249951538,-0.022858064328112188,0.2881569406699881,FALSE,0.4179921893050767,NA,NA,NA,50,168,0.5
B,+ (1|variant): captures phi,0.08559503892128298,0.16681736347411558,-0.24136699348798354,0.41255707133054953,FALSE,0.8788487600282922,NA,NA,NA,50,168,0.5
C,+ (1|judge): captures lambda,0.32301808413482436,0.15697752638967813,0.015342132411055254,0.6306940358585935,TRUE,0.8270092605874555,NA,NA,NA,50,168,0.5
D,+ (1|temp): captures tau,0.3145862252299962,0.19691810710745877,-0.071373264700623,0.7005457151606154,TRUE,1.0374293817763272,NA,NA,NA,50,168,0.5
E,+ interactions: lumps eps into residual,0.3145862252299962,0.18042364681466502,-0.03904412252674727,0.6682165729867396,TRUE,0.9505311376501573,NA,NA,0.2167292921457717,50,168,0.5
F,+ (1|item:variant:judge:temp): splits eps/rho,0.3145862252299963,0.17926391590923546,-0.03677104995210517,0.6659435004120977,TRUE,0.9444212936448515,0.041521605575106396,0.10105093133008998,NA,50,168,0.5
A,"1 obs/item, naive SE",0.9487948138146518,0.0920446328597284,0.7683873334095841,1.1292022942197195,FALSE,0.484921412084202,NA,NA,NA,50,169,0.5
B,+ (1|variant): captures phi,0.8709121246635221,0.14185654100983744,0.5928733042842407,1.1489509450428035,FALSE,0.7473469342281198,NA,NA,NA,50,169,0.5
C,+ (1|judge): captures lambda,0.7295082143748228,0.16608960708967913,0.40397258447905177,1.0550438442705938,TRUE,0.8750146999355976,NA,NA,NA,50,169,0.5
D,+ (1|temp): captures tau,0.41682706416663884,0.20845321598619979,0.008258760833687262,0.8253953674995904,TRUE,1.098200130838345,NA,NA,NA,50,169,0.5
E,+ interactions: lumps eps into residual,0.41682706416663884,0.19341291646177755,0.03773774790155482,0.7959163804317229,TRUE,1.0189628841140637,NA,NA,0.22592343401004705,50,169,0.5
F,+ (1|item:variant:judge:temp): splits eps/rho,0.4168270641666385,0.19147447155318242,0.041537099922400955,0.7921170284108761,TRUE,1.0087505185136068,0.04094673184442381,0.10187302062537058,NA,50,169,0.5
A,"1 obs/item, naive SE",0.5846021412899791,0.09531211913767576,0.39779038778013465,0.7714138947998236,TRUE,0.5021356049234809,NA,NA,NA,50,170,0.5
B,+ (1|variant): captures phi,0.1102599986190885,0.20628850332294382,-0.29406546789388144,0.5145854651320584,TRUE,1.086795712255652,NA,NA,NA,50,170,0.5
C,+ (1|judge): captures lambda,0.2583951009720305,0.27284993358232307,-0.27639076884932273,0.7931809707933837,TRUE,1.4374632280999597,NA,NA,NA,50,170,0.5
D,+ (1|temp): captures tau,0.49302040477854253,0.28955891546118273,-0.07451506952537562,1.0605558790824607,TRUE,1.525491642527272,NA,NA,NA,50,170,0.5
E,+ interactions: lumps eps into residual,0.49302040477854253,0.2778598554683712,-0.05158491193946507,1.03762572149655,TRUE,1.4638571450501892,NA,NA,0.21567134605964147,50,170,0.5
F,+ (1|item:variant:judge:temp): splits eps/rho,0.49302040477854253,0.2766275182075978,-0.049169530908349135,1.0352103404654343,TRUE,1.457364786874684,0.04050636598094025,0.10031892947814812,NA,50,170,0.5
A,"1 obs/item, naive SE",0.5841941277937986,0.09238380419343403,0.40312187157466794,0.7652663840129293,TRUE,0.4867082782704104,NA,NA,NA,50,171,0.5
B,+ (1|variant): captures phi,0.5785602134112404,0.08597745296737566,0.4100444055951841,0.7470760212272967,TRUE,0.45295751207873186,NA,NA,NA,50,171,0.5
C,+ (1|judge): captures lambda,0.6359514325343094,0.1279879096443768,0.38509512963133086,0.886807735437288,TRUE,0.6742824208885609,NA,NA,NA,50,171,0.5
D,+ (1|temp): captures tau,0.5519525010847662,0.1684426293862146,0.22180494748778562,0.8821000546817468,TRUE,0.8874111956274264,NA,NA,NA,50,171,0.5
E,+ interactions: lumps eps into residual,0.5519525010847662,0.1564838068498279,0.24524423965910352,0.858660762510429,TRUE,0.8244081835990493,NA,NA,0.20816986817159708,50,171,0.5
F,+ (1|item:variant:judge:temp): splits eps/rho,0.5519525010847661,0.15456895853608024,0.24899734235404886,0.8549076598154834,TRUE,0.8143201326244245,0.04096145123859436,0.10010945393521933,NA,50,171,0.5
A,"1 obs/item, naive SE",0.6307724222125345,0.08975257776878133,0.4548573697857231,0.8066874746393459,TRUE,0.47284611169193835,NA,NA,NA,50,172,0.5
B,+ (1|variant): captures phi,0.38407646986219723,0.17093218002742408,0.049049397008446016,0.7191035427159485,TRUE,0.9005269675620073,NA,NA,NA,50,172,0.5
C,+ (1|judge): captures lambda,0.3701712336783052,0.15619741987449837,0.06402429072428839,0.676318176632322,TRUE,0.8228994027808243,NA,NA,NA,50,172,0.5
D,+ (1|temp): captures tau,0.5259239769381236,0.1934484537891873,0.14676500751131655,0.9050829463649308,TRUE,1.0191501064479882,NA,NA,NA,50,172,0.5
E,+ interactions: lumps eps into residual,0.5259239769381236,0.1739942801362688,0.18489518787103681,0.8669527660052105,TRUE,0.9166591184826053,NA,NA,0.21313722987659106,50,172,0.5
F,+ (1|item:variant:judge:temp): splits eps/rho,0.5259239769381236,0.17212990750593393,0.18854935822649316,0.8632985956497541,TRUE,0.9068369900166154,0.041461950323451055,0.10004274039174492,NA,50,172,0.5
A,"1 obs/item, naive SE",1.2338574184548445,0.07002490004646846,1.0966086143637663,1.3711062225459227,FALSE,0.36891421429576204,NA,NA,NA,50,173,0.5
B,+ (1|variant): captures phi,0.9721352143160027,0.11743914565652841,0.741954488829207,1.2023159398027983,FALSE,0.6187080612566862,NA,NA,NA,50,173,0.5
C,+ (1|judge): captures lambda,0.6172057995171049,0.2430281862054483,0.1408705545544262,1.0935410444797835,TRUE,1.2803524504313626,NA,NA,NA,50,173,0.5
D,+ (1|temp): captures tau,0.4613054777267836,0.24680296052793205,-0.022428324907963204,0.9450392803615304,TRUE,1.3002392036062873,NA,NA,NA,50,173,0.5
E,+ interactions: lumps eps into residual,0.4613054777267836,0.2387960993104301,-0.006734876921659416,0.9293458323752266,TRUE,1.2580564241511256,NA,NA,0.2081972815292403,50,173,0.5
F,+ (1|item:variant:judge:temp): splits eps/rho,0.4613054777267843,0.23749514380887263,-0.004185004138606008,0.9267959595921746,TRUE,1.2512025625051633,0.03860729761197667,0.09952872273773766,NA,50,173,0.5
A,"1 obs/item, naive SE",0.4115006889513765,0.10473857239589904,0.20621308705541436,0.6167882908473385,TRUE,0.5517972623488462,NA,NA,NA,50,174,0.5
B,+ (1|variant): captures phi,0.7683655082047931,0.22220925945048267,0.3328353596818471,1.203895656727739,TRUE,1.1706714940688048,NA,NA,NA,50,174,0.5
C,+ (1|judge): captures lambda,0.6334522905985999,0.2970199165520095,0.051293254156661305,1.2156113270405384,TRUE,1.564798651226401,NA,NA,NA,50,174,0.5
D,+ (1|temp): captures tau,0.4762377404935114,0.2777888276571836,-0.06822836171456848,1.0207038427015913,TRUE,1.463482947170006,NA,NA,NA,50,174,0.5
E,+ interactions: lumps eps into residual,0.4762377404935114,0.2733618057850227,-0.05955139884513316,1.0120268798321561,TRUE,1.4401599392891722,NA,NA,0.21805205007828057,50,174,0.5
F,+ (1|item:variant:judge:temp): splits eps/rho,0.4762377404935115,0.27205595542755806,-0.05699193214450232,1.0094674131315253,TRUE,1.4332802899316974,0.040633642924197286,0.0992513523539904,NA,50,174,0.5
A,"1 obs/item, naive SE",0.7465295913406882,0.06630271592990576,0.6165762681180729,0.8764829145633035,FALSE,0.3493045236298038,NA,NA,NA,50,175,0.5
B,+ (1|variant): captures phi,0.9801430489131991,0.18951109104786185,0.6087013104593899,1.3515847873670084,FALSE,0.9984067839848418,NA,NA,NA,50,175,0.5
C,+ (1|judge): captures lambda,0.8497718284649155,0.1695949586909516,0.5173657094306504,1.1821779474991807,FALSE,0.8934820455648761,NA,NA,NA,50,175,0.5
D,+ (1|temp): captures tau,0.68472266686994665,0.28020452910965693,0.13552178981501906,1.2339235439248744,TRUE,1.4762096572791377,NA,NA,NA,50,175,0.5
E,+ interactions: lumps eps into residual,0.68472266686994665,0.26991584279601794,0.15568761498975148,1.2137577187501418,TRUE,1.422005472410428,NA,NA,0.21157813960672167,50,175,0.5
F,+ (1|item:variant:judge:temp): splits eps/rho,0.6847226668699469,0.26868475400370245,0.1581005490226901,1.2113447847172036,TRUE,1.4155196915775528,0.03945578061378383,0.09992248088280704,NA,50,175,0.5
A,"1 obs/item, naive SE",0.5059177691367371,0.0909129018650991,0.3277284814811429,0.6841070567923313,TRUE,0.47895908082202565,NA,NA,NA,50,176,0.5
B,+ (1|variant): captures phi,0.4398081412223023,0.11643759290028495,0.21159045913774377,0.6680258233068608,TRUE,0.6134315517879099,NA,NA,NA,50,176,0.5
C,+ (1|judge): captures lambda,0.7540500224753423,0.20112310275990217,0.359848741065934,1.1482513038847504,TRUE,1.0595826824766326,NA,NA,NA,50,176,0.5
D,+ (1|temp): captures tau,0.5599487155401566,0.2963497592748285,-0.02089681263850729,1.1407942437188203,TRUE,1.5612680421830214,NA,NA,NA,50,176,0.5
E,+ interactions: lumps eps into residual,0.5599487155401566,0.28901819668110984,-0.006526949954818728,1.126424381035132,TRUE,1.5226429580768381,NA,NA,0.22206430015156362,50,176,0.5
F,+ (1|item:variant:judge:temp): splits eps/rho,0.5599487155401562,0.287696394651425,-0.00393621797663668,1.1238336490569492,TRUE,1.5156792700614017,0.03805393074459057,0.09927255368993085,NA,50,176,0.5
A,"1 obs/item, naive SE",-0.008330545729623622,0.07872411080195857,-0.16262980290146242,0.14596871144221515,FALSE,0.41474451892633224,NA,NA,NA,50,177,0.5
B,+ (1|variant): captures phi,0.09450511130434797,0.06590533003991912,-0.03466933557389351,0.22367955818258944,FALSE,0.3472109640063076,NA,NA,NA,50,177,0.5
C,+ (1|judge): captures lambda,0.2101883306079699,0.14993908684263804,-0.08369227960360068,0.5040689408195405,TRUE,0.7899284451397873,NA,NA,NA,50,177,0.5
D,+ (1|temp): captures tau,0.4485782025407691,0.23766435824239365,-0.017243939614322468,0.9144003446958606,TRUE,1.2520940398189258,NA,NA,NA,50,177,0.5
E,+ interactions: lumps eps into residual,0.4485782025407691,0.22826296543764088,0.0011827902829929515,0.8959736147985452,TRUE,1.2025644091082839,NA,NA,0.2043561232229076,50,177,0.5
F,+ (1|item:variant:judge:temp): splits eps/rho,0.44857820254076913,0.22737569002140193,0.0029218500988213436,0.8942345549827169,TRUE,1.1978899502682352,0.0374238197808047,0.09702700604017288,NA,50,177,0.5
A,"1 obs/item, naive SE",0.6688809204853333,0.08569971513355193,0.5009094788235715,0.8368523621470951,FALSE,0.45149429778385536,NA,NA,NA,50,178,0.5
B,+ (1|variant): captures phi,0.6121517543895671,0.07489928991356826,0.4653491461589734,0.7589543626201609,TRUE,0.394594103974991,NA,NA,NA,50,178,0.5
C,+ (1|judge): captures lambda,0.734646790645774,0.14033264136756152,0.4595948135653534,1.0096987677261946,TRUE,0.7393185294917654,NA,NA,NA,50,178,0.5
D,+ (1|temp): captures tau,0.4686931319380003,0.17337515638513307,0.12887782542313947,0.8085084384528611,TRUE,0.9133973708463999,NA,NA,NA,50,178,0.5
E,+ interactions: lumps eps into residual,0.4686931319380003,0.16249799309552238,0.15019706547077644,0.7871891984052242,TRUE,0.8560928956370017,NA,NA,0.21536682258232817,50,178,0.5
F,+ (1|item:variant:judge:temp): splits eps/rho,0.4686931319380005,0.16097050083325562,0.1531909503048195,0.7841953135711814,TRUE,0.8480455637964273,0.042632432875470215,0.09910248552295214,NA,50,178,0.5
A,"1 obs/item, naive SE",0.39960708654016014,0.07287511793486616,0.25677185538782243,0.5424423176924978,TRUE,0.3839300999617494,NA,NA,NA,50,179,0.5
B,+ (1|variant): captures phi,0.7217353042314939,0.22731763915113704,0.2761927314952653,1.1672778769677226,TRUE,1.1975841191827392,NA,NA,NA,50,179,0.5
C,+ (1|judge): captures lambda,0.5585500044400248,0.277755789935385,0.01414865616667016,1.1029513527133794,TRUE,1.463308893580906,NA,NA,NA,50,179,0.5
D,+ (1|temp): captures tau,0.4080472453635085,0.25905464686371954,-0.09969986248938173,0.9157943532163988,TRUE,1.3647851184932178,NA,NA,NA,50,179,0.5
E,+ interactions: lumps eps into residual,0.4080472453635085,0.24791778425463926,-0.07787161177558444,0.8939661025026014,TRUE,1.306112461817917,NA,NA,0.20064751881664064,50,179,0.5
F,+ (1|item:variant:judge:temp): splits eps/rho,0.40804724536350845,0.24682707434961784,-0.07573382036174253,0.8918283110887595,TRUE,1.3003662431532912,0.0407872683012588,0.09958785446051074,NA,50,179,0.5
A,"1 obs/item, naive SE",0.3533972766060176,0.07841707629903844,0.19969980705990228,0.5070947461521329,TRUE,0.4131269601389394,NA,NA,NA,50,180,0.5
B,+ (1|variant): captures phi,0.24831164023688904,0.0837485151167984,0.08416455060796418,0.4124587298658139,FALSE,0.4412147340767051,NA,NA,NA,50,180,0.5
C,+ (1|judge): captures lambda,0.21173894002086188,0.07414108708487456,0.06642240933450774,0.357055470707216,FALSE,0.39059964199591296,NA,NA,NA,50,180,0.5
D,+ (1|temp): captures tau,0.30735784246604586,0.16136022177120618,-0.00890819220551825,0.6236238771376099,TRUE,0.8500987419305371,NA,NA,NA,50,180,0.5
E,+ interactions: lumps eps into residual,0.30735784246604586,0.14080830019547436,0.031373574082916134,0.5833421108491756,TRUE,0.7418244567070253,NA,NA,0.21809876555996158,50,180,0.5
F,+ (1|item:variant:judge:temp): splits eps/rho,0.30735784246604586,0.13826645153275188,0.036355597461852185,0.5783600874702395,TRUE,0.7284331615870792,0.03777200735394384,0.0990703735283149,NA,50,180,0.5
A,"1 obs/item, naive SE",0.41762615725962476,0.08931577467256982,0.24256723890138793,0.5926850756178617,TRUE,0.470544889256292,NA,NA,NA,50,181,0.5
B,+ (1|variant): captures phi,0.6245408048766458,0.13425179784751987,0.36140728109550685,0.8876743286577846,TRUE,0.7072826449997778,NA,NA,NA,50,181,0.5
C,+ (1|judge): captures lambda,0.23444924618834104,0.22418606806018526,-0.20495544720962208,0.6738539395863041,TRUE,1.1810859722698104,NA,NA,NA,50,181,0.5
D,+ (1|temp): captures tau,0.4619548420511775,0.25041523542414906,-0.02885901938015467,0.9527687034825096,TRUE,1.319269856335158,NA,NA,NA,50,181,0.5
E,+ interactions: lumps eps into residual,0.4619548420511775,0.24407625971675784,-0.016434626993667878,0.9403443110960228,TRUE,1.2858740465449217,NA,NA,0.2181837636560774,50,181,0.5
F,+ (1|item:variant:judge:temp): splits eps/rho,0.4619548420511777,0.2426908848915747,-0.013719292336308697,0.937628976438664,TRUE,1.2785754361249366,0.039465674842079135,0.10263037006462312,NA,50,181,0.5
A,"1 obs/item, naive SE",0.6836391144389078,0.08190777722895931,0.5230998710701475,0.844178357807668,FALSE,0.4315171212109107,NA,NA,NA,50,182,0.5
B,+ (1|variant): captures phi,0.5547694359364739,0.17684262678764515,0.20815788743268937,0.9013809844402584,TRUE,0.9316651458562561,NA,NA,NA,50,182,0.5
C,+ (1|judge): captures lambda,0.6126958692497443,0.14852320174226244,0.3215903938349099,0.9038013446645787,TRUE,0.7824690965510493,NA,NA,NA,50,182,0.5
D,+ (1|temp): captures tau,0.4473282229598931,0.13711997678487073,0.17857306846154647,0.7160833774582398,TRUE,0.7223931553815175,NA,NA,NA,50,182,0.5
E,+ interactions: lumps eps into residual,0.4473282229598931,0.12165946495754817,0.2088756716430987,0.6857807742766875,TRUE,0.6409420919797542,NA,NA,0.21265373617066125,50,182,0.5
F,+ (1|item:variant:judge:temp): splits eps/rho,0.4473282229598932,0.12071024834745589,0.21073613619887968,0.6839203097209068,TRUE,0.6359413065494816,0.04188900859620577,0.09837450943887908,NA,50,182,0.5
A,"1 obs/item, naive SE",0.9298961748073101,0.08363961047188519,0.7659625382824151,1.0938298113322051,FALSE,0.44064098857353895,NA,NA,NA,50,183,0.5
B,+ (1|variant): captures phi,0.7744363678737427,0.09635555395574215,0.585579482120488,0.9632932536269974,FALSE,0.507632762874729,NA,NA,NA,50,183,0.5
C,+ (1|judge): captures lambda,0.5276602398155589,0.1548868045404268,0.22408210291632236,0.8312383767147954,TRUE,0.8159946499587263,NA,NA,NA,50,183,0.5
D,+ (1|temp): captures tau,0.6968034826255494,0.18691855185833198,0.3304431209832187,1.06316384426788,TRUE,0.9847484344905663,NA,NA,NA,50,183,0.5
E,+ interactions: lumps eps into residual,0.6968034826255494,0.17778407305110386,0.3483466994453858,1.0452602658057129,TRUE,0.936624994543724,NA,NA,0.21280966941857354,50,183,0.5
F,+ (1|item:variant:judge:temp): splits eps/rho,0.6968034826255495,0.17635009355679182,0.3511572992542375,1.0424496659968614,TRUE,0.9290703187339864,0.03981559679431207,0.1005269172948585,NA,50,183,0.5
A,"1 obs/item, naive SE",0.61791340758262,0.08866631014964062,0.44412743968932444,0.7916993754759156,TRUE,0.46712329645101275,NA,NA,NA,50,184,0.5
B,+ (1|variant): captures phi,0.7063962273413233,0.18085424406279746,0.3519219089782403,1.0608705457044063,TRUE,0.9527996656361635,NA,NA,NA,50,184,0.5
C,+ (1|judge): captures lambda,0.39039142533196003,0.22717155038390582,-0.05486481342049537,0.8356476640844155,TRUE,1.1968144754882137,NA,NA,NA,50,184,0.5
D,+ (1|temp): captures tau,0.6035634780069387,0.2511326297809221,0.11134352363633138,1.095783432377546,TRUE,1.3230493258566212,NA,NA,NA,50,184,0.5
E,+ interactions: lumps eps into residual,0.6035634780069387,0.2362748990486242,0.14046467587163525,1.066662280142242,TRUE,1.2447739116013157,NA,NA,0.22526933806161312,50,184,0.5
F,+ (1|item:variant:judge:temp): splits eps/rho,0.6035634780069387,0.23475890089654156,0.14343603224971724,1.06369092376416,TRUE,1.2367871345151897,0.04136958661438137,0.10249675116750716,NA,50,184,0.5
A,"1 obs/item, naive SE",0.8198452116155489,0.08455672695440827,0.6541140267849087,0.9855763964461891,FALSE,0.4454726599696163,NA,NA,NA,50,185,0.5
B,+ (1|variant): captures phi,0.7410224002981508,0.11249618760357703,0.5205298725951398,0.9615149280011618,FALSE,0.5926669318128545,NA,NA,NA,50,185,0.5
C,+ (1|judge): captures lambda,0.7345319008832473,0.1897208914523347,0.36267895363667124,1.1063848481298233,TRUE,0.999512081547904,NA,NA,NA,50,185,0.5
D,+ (1|temp): captures tau,0.5131416323403175,0.21988224600196912,0.08217243017645803,0.944110834504177,TRUE,1.1584120215462541,NA,NA,NA,50,185,0.5
E,+ interactions: lumps eps into residual,0.5131416323403175,0.20993470370190154,0.1016696130845905,0.9246136515960446,TRUE,1.1060050955903724,NA,NA,0.20533546887498189,50,185,0.5
F,+ (1|item:variant:judge:temp): splits eps/rho,0.5131416323403174,0.20843057192699999,0.10461771136339743,0.9216655533172373,TRUE,1.098080834483725,0.03777546338411493,0.09801854831873875,NA,50,185,0.5
A,"1 obs/item, naive SE",0.6285841682397977,0.09013201076935419,0.45192542713186346,0.8052429093477319,TRUE,0.4748450895868205,NA,NA,NA,50,186,0.5
B,+ (1|variant): captures phi,0.8589416165894213,0.15466183222780971,0.5558044254229142,1.1620788077559283,FALSE,0.8148094217914263,NA,NA,NA,50,186,0.5
C,+ (1|judge): captures lambda,0.8336960557164067,0.2703864650183335,0.30373858428047296,1.3636535271523405,TRUE,1.4244848651301671,NA,NA,NA,50,186,0.5
D,+ (1|temp): captures tau,0.5036772724530038,0.307931253517053,-0.09986798444042022,1.1072225293464277,TRUE,1.6222831646024163,NA,NA,NA,50,186,0.5
E,+ interactions: lumps eps into residual,0.5036772724530038,0.3016469780642686,-0.08755080455296271,1.0949053494589702,TRUE,1.5891755337519096,NA,NA,0.2231254133153524,50,186,0.5
F,+ (1|item:variant:judge:temp): splits eps/rho,0.503677272453004,0.3004091716902303,-0.0851247040598474,1.0924792489658555,TRUE,1.582654362488179,0.04208017176844642,0.10032352342414823,NA,50,186,0.5
A,"1 obs/item, naive SE",0.8069143821683427,0.08285844422367278,0.6445118314899441,0.9693169328467413,FALSE,0.4365255477445994,NA,NA,NA,50,187,0.5
B,+ (1|variant): captures phi,0.3367069045789073,0.17813421438787974,-0.012436155621336986,0.6858499647791516,TRUE,0.9384696543156541,NA,NA,NA,50,187,0.5
C,+ (1|judge): captures lambda,0.6352877189411441,0.27149382213547674,0.1031598275556097,1.1674156103266786,TRUE,1.4303187867858156,NA,NA,NA,50,187,0.5
D,+ (1|temp): captures tau,0.42061751327922214,0.3063421517039701,-0.17981310406055928,1.0210481306190036,TRUE,1.6139112533762605,NA,NA,NA,50,187,0.5
E,+ interactions: lumps eps into residual,0.42061751327922214,0.29610481401447086,-0.1597479221891407,1.000982948747585,TRUE,1.5599775899551662,NA,NA,0.22405909294347118,50,187,0.5
F,+ (1|item:variant:judge:temp): splits eps/rho,0.42061751327922225,0.29481901351039397,-0.1572277532011499,0.9984627797595944,TRUE,1.5532035698225013,0.03964755770976365,0.1000645933062351,NA,50,187,0.5
A,"1 obs/item, naive SE",0.46182466930163635,0.09049601902786512,0.28445247200702073,0.639196866596252,TRUE,0.47676280486519457,NA,NA,NA,50,188,0.5
B,+ (1|variant): captures phi,0.3724608958869486,0.08841581228833176,0.19916590380181834,0.5457558879720789,TRUE,0.46580359129432986,NA,NA,NA,50,188,0.5
C,+ (1|judge): captures lambda,0.5301130889082747,0.1180491177862795,0.2987368180471669,0.7614893597693825,TRUE,0.6219215951402063,NA,NA,NA,50,188,0.5
D,+ (1|temp): captures tau,0.5478968875424982,0.19161435849552708,0.17233274489126515,0.9234610301937313,TRUE,1.0094874889539938,NA,NA,NA,50,188,0.5
E,+ interactions: lumps eps into residual,0.5478968875424982,0.18160064342467985,0.1919596264301257,0.9038341486548707,TRUE,0.9567319430682908,NA,NA,0.2095790859911543,50,188,0.5
F,+ (1|item:variant:judge:temp): splits eps/rho,0.5478968875424982,0.17970937819309205,0.1956665062840378,0.9001272688009586,TRUE,0.9467681355302136,0.034579149731991346,0.09896446313287643,NA,50,188,0.5
A,"1 obs/item, naive SE",0.5058656200838273,0.0797982062091865,0.3494611359138218,0.6622701042538328,TRUE,0.4204032069497814,NA,NA,NA,50,189,0.5
B,+ (1|variant): captures phi,0.8833306142136292,0.13142583534004026,0.6257359769471503,1.140925251480108,FALSE,0.6923945446614083,NA,NA,NA,50,189,0.5
C,+ (1|judge): captures lambda,0.4359162215055992,0.26017518197762657,-0.07402713517054887,0.9458595781817474,TRUE,1.3706884661718794,NA,NA,NA,50,189,0.5
D,+ (1|temp): captures tau,0.7189478503058351,0.2658750527274679,0.19783274695999797,1.2400629536516723,TRUE,1.4007172607559448,NA,NA,NA,50,189,0.5
E,+ interactions: lumps eps into residual,0.7189478503058351,0.25562161385375065,0.21792948715248384,1.2199662134591862,TRUE,1.346698770998489,NA,NA,0.20275392189154212,50,189,0.5
F,+ (1|item:variant:judge:temp): splits eps/rho,0.718947850305835,0.25449624406495897,0.22013521193851543,1.2177604886731546,TRUE,1.3407699526617436,0.037008167681149895,0.10042154753054869,NA,50,189,0.5
A,"1 obs/item, naive SE",0.9264618495706421,0.08021420513061371,0.7692420075146393,1.083681691626645,FALSE,0.42259482614730065,NA,NA,NA,50,190,0.5
B,+ (1|variant): captures phi,0.8927672514657453,0.13364335764254204,0.630826270486363,1.1547082324451277,FALSE,0.7040771818000245,NA,NA,NA,50,190,0.5
C,+ (1|judge): captures lambda,0.7359025666720699,0.15080218567949133,0.44033028274026687,1.031474850603873,TRUE,0.7944755338046197,NA,NA,NA,50,190,0.5
D,+ (1|temp): captures tau,0.5477364705577598,0.21665711560914597,0.12308852396383368,0.9723844171516858,TRUE,1.141420973446504,NA,NA,NA,50,190,0.5
E,+ interactions: lumps eps into residual,0.5477364705577598,0.20436511771297045,0.1471808398403377,0.9482921012751818,TRUE,1.0766626839954154,NA,NA,0.22093232596545756,50,190,0.5
F,+ (1|item:variant:judge:temp): splits eps/rho,0.5477364705577599,0.20256311967335328,0.15071275599798745,0.9447601851175322,TRUE,1.067169165396935,0.039030489024983565,0.09980591244040155,NA,50,190,0.5
A,"1 obs/item, naive SE",0.4224379537613337,0.09113800615427571,0.24380746169895331,0.6010684458237141,TRUE,0.4801450042852664,NA,NA,NA,50,191,0.5
B,+ (1|variant): captures phi,0.4397142323899211,0.14018664981594306,0.1649483987506727,0.7144800660291695,TRUE,0.7385493979610755,NA,NA,NA,50,191,0.5
C,+ (1|judge): captures lambda,0.7883064648347824,0.24031285988269063,0.31729325946470877,1.2593196702048561,TRUE,1.2660472179176137,NA,NA,NA,50,191,0.5
D,+ (1|temp): captures tau,0.5365146429725083,0.2521270192717891,0.04234568519980164,1.030683600745215,TRUE,1.328288096886408,NA,NA,NA,50,191,0.5
E,+ interactions: lumps eps into residual,0.5365146429725083,0.2431740413449896,0.059893521936328686,1.013135764008688,TRUE,1.281120863298345,NA,NA,0.21610454845086247,50,191,0.5
F,+ (1|item:variant:judge:temp): splits eps/rho,0.5365146429725083,0.24169767782111246,0.06278719444312786,1.0102420915018886,TRUE,1.2733428944749032,0.03782082321706551,0.09971000767976158,NA,50,191,0.5
A,"1 obs/item, naive SE",0.27613980086984236,0.08904148144007286,0.10161849724729954,0.45066110449238517,FALSE,0.4690998222546096,NA,NA,NA,50,192,0.5
B,+ (1|variant): captures phi,0.1277355809280219,0.07099974837733125,-0.011423925891547365,0.2668950877475912,FALSE,0.37405003606486315,NA,NA,NA,50,192,0.5
C,+ (1|judge): captures lambda,0.18732254720269598,0.07426474257680538,0.04176365175215743,0.3328814426532345,FALSE,0.3912510998147566,NA,NA,NA,50,192,0.5
D,+ (1|temp): captures tau,0.2815100695432663,0.2176732382630113,-0.14512947745223587,0.7081496165387684,TRUE,1.146774241930002,NA,NA,NA,50,192,0.5
E,+ interactions: lumps eps into residual,0.2815100695432663,0.19988668488772607,-0.1102678328366768,0.6732879719232094,TRUE,1.053068826297582,NA,NA,0.22101744720673394,50,192,0.5
F,+ (1|item:variant:judge:temp): splits eps/rho,0.2815100695432663,0.19889054125836061,-0.10831539132312051,0.6713355304096531,TRUE,1.047820813889007,0.042499321078249455,0.09963135015586817,NA,50,192,0.5
A,"1 obs/item, naive SE",0.05125281662391107,0.09368619050658171,-0.13237211676898908,0.23487775001681122,FALSE,0.4935696779026211,NA,NA,NA,50,193,0.5
B,+ (1|variant): captures phi,0.25010488003900416,0.12014037408093574,0.014629746840370106,0.4855800132376382,FALSE,0.6329390214031815,NA,NA,NA,50,193,0.5
C,+ (1|judge): captures lambda,0.39284060914792773,0.14148301280449568,0.11553390405111619,0.6701473142447393,TRUE,0.745379064737417,NA,NA,NA,50,193,0.5
D,+ (1|temp): captures tau,0.6915569268985261,0.21288780497120072,0.2742968291549727,1.1088170246420794,TRUE,1.1215630047594876,NA,NA,NA,50,193,0.5
E,+ interactions: lumps eps into residual,0.6915569268985261,0.20460277204074045,0.2905354936986748,1.0925783600983774,TRUE,1.0779147251914054,NA,NA,0.21420789465140952,50,193,0.5
F,+ (1|item:variant:judge:temp): splits eps/rho,0.6915569268985259,0.20293645852047304,0.29380146819839875,1.089312385598653,TRUE,1.0691360372862184,0.03879367398084764,0.0999873699170371,NA,50,193,0.5
A,"1 obs/item, naive SE",0.608170735565015,0.08637464014645405,0.43887644087796507,0.7774650302520649,TRUE,0.45505002482777995,NA,NA,NA,50,194,0.5
B,+ (1|variant): captures phi,0.5279480481352006,0.17595303583300848,0.18308009790250396,0.8728159983678971,TRUE,0.9269784879980283,NA,NA,NA,50,194,0.5
C,+ (1|judge): captures lambda,0.5806084516361929,0.2036959793747488,0.18136433206168528,0.9798525712107005,TRUE,1.0731374430577432,NA,NA,NA,50,194,0.5
D,+ (1|temp): captures tau,0.5706603643908005,0.20775565495514886,0.16345928067870874,0.9778614481028922,TRUE,1.0945251498027029,NA,NA,NA,50,194,0.5
E,+ interactions: lumps eps into residual,0.5706603643908005,0.20450758328025803,0.16982550116149475,0.9714952276201062,TRUE,1.0774132394804674,NA,NA,0.21339505231267267,50,194,0.5
F,+ (1|item:variant:judge:temp): splits eps/rho,0.5706603643908006,0.20325240834228842,0.1722856440399153,0.9690350847416859,TRUE,1.0708005649070298,0.03666944016347347,0.09982392634108904,NA,50,194,0.5
A,"1 obs/item, naive SE",0.8438996587891957,0.09294212989006274,0.6617330842046727,1.0260662333737187,FALSE,0.4896497217506043,NA,NA,NA,50,195,0.5
B,+ (1|variant): captures phi,0.5921936613258372,0.19477972551805584,0.21042539931044774,0.9739619233412267,TRUE,1.0261636839546149,NA,NA,NA,50,195,0.5
C,+ (1|judge): captures lambda,0.3250268852809088,0.20355413432202854,-0.07393921799026715,0.7239929885520847,TRUE,1.0723901566476046,NA,NA,NA,50,195,0.5
D,+ (1|temp): captures tau,0.34882617461285603,0.2098514400306084,-0.06248264784713642,0.7601349970728485,TRUE,1.1055664351730907,NA,NA,NA,50,195,0.5
E,+ interactions: lumps eps into residual,0.34882617461285603,0.1987908250624881,-0.04080384250962066,0.7384561917353327,TRUE,1.047295476158736,NA,NA,0.2142534629290572,50,195,0.5
F,+ (1|item:variant:judge:temp): splits eps/rho,0.348826174612856,0.19717749879901833,-0.03764172303321994,0.7352940722589318,TRUE,1.0387959425571784,0.041607048344602826,0.10198287856536514,NA,50,195,0.5
A,"1 obs/item, naive SE",-0.1870605198448402,0.09284992022100004,-0.3690463634780003,-0.005074676211680118,FALSE,0.48916393087349963,NA,NA,NA,50,196,0.5
B,+ (1|variant): captures phi,-0.1820609135314474,0.16643478693642827,-0.5082730959268468,0.144151268863952,FALSE,0.876833220945548,NA,NA,NA,50,196,0.5
C,+ (1|judge): captures lambda,0.1847503820129045,0.27930628521698353,-0.36268993701238317,0.7321907010381922,TRUE,1.4714774128961872,NA,NA,NA,50,196,0.5
D,+ (1|temp): captures tau,0.46083308957636915,0.2626258696872506,-0.05391361501064207,0.9755797941633804,TRUE,1.383599495395488,NA,NA,NA,50,196,0.5
E,+ interactions: lumps eps into residual,0.46083308957636915,0.25244745684375125,-0.03396392583738328,0.9556301049901216,TRUE,1.3299762674516329,NA,NA,0.2149188845556963,50,196,0.5
F,+ (1|item:variant:judge:temp): splits eps/rho,0.4608330895763696,0.2511123098693127,-0.03134703776748332,0.9530132169202226,TRUE,1.3229422738762404,0.040677498001980394,0.09946106585520505,NA,50,196,0.5
A,"1 obs/item, naive SE",0.4095670815733706,0.09439404958808532,0.22455474438072334,0.5945794187660178,TRUE,0.49729891245649743,NA,NA,NA,50,197,0.5
B,+ (1|variant): captures phi,0.6125746480885715,0.1431240746743911,0.33205146172676503,0.893097834450378,TRUE,0.7540247186396924,NA,NA,NA,50,197,0.5
C,+ (1|judge): captures lambda,0.5019870664286502,0.1508957926381933,0.20623131285779134,0.7977428199995091,TRUE,0.7949686860633053,NA,NA,NA,50,197,0.5
D,+ (1|temp): captures tau,0.6504950800040741,0.22461940997699986,0.21024103644915437,1.090749123558994,TRUE,1.1833689600735342,NA,NA,NA,50,197,0.5
E,+ interactions: lumps eps into residual,0.6504950800040741,0.20785603144216722,0.24309725837742635,1.057892901630722,TRUE,1.095053966163991,NA,NA,0.21149498800358918,50,197,0.5
F,+ (1|item:variant:judge:temp): splits eps/rho,0.6504950800040741,0.20626783629304263,0.24621012086971056,1.0547800391384377,TRUE,1.086686831541895,0.04039489518762901,0.09822018817380303,NA,50,197,0.5
A,"1 obs/item, naive SE",0.8659542926023508,0.0829113957014642,0.703447957027481,1.0284606281772206,FALSE,0.4368045135526514,NA,NA,NA,50,198,0.5
B,+ (1|variant): captures phi,0.7895471911325928,0.1415023057345019,0.5122026718929691,1.0668917103722164,FALSE,0.7454807062407962,NA,NA,NA,50,198,0.5
C,+ (1|judge): captures lambda,0.647608572378761,0.20201853581152102,0.25165224218817983,1.0435649025693423,TRUE,1.0643001184240344,NA,NA,NA,50,198,0.5
D,+ (1|temp): captures tau,0.35171099357138425,0.26555583594789883,-0.1687784448864974,0.8722004320292659,TRUE,1.3990355217267338,NA,NA,NA,50,198,0.5
E,+ interactions: lumps eps into residual,0.35171099357138425,0.2530463009556921,-0.14425975630177224,0.8476817434445407,TRUE,1.3331311752757882,NA,NA,0.21440604423290174,50,198,0.5
F,+ (1|item:variant:judge:temp): splits eps/rho,0.35171099357138425,0.2517347004897077,-0.1416890193884428,0.8451110065312113,TRUE,1.3262212324546274,0.03907398422064375,0.1020171730981953,NA,50,198,0.5
A,"1 obs/item, naive SE",0.659098020629967,0.07588670934866788,0.510360070306578,0.807835970953356,FALSE,0.39979615445758243,NA,NA,NA,50,199,0.5
B,+ (1|variant): captures phi,0.5036799378291023,0.12657533126747983,0.2555922885448418,0.7517675871133627,TRUE,0.666840493207146,NA,NA,NA,50,199,0.5
C,+ (1|judge): captures lambda,0.3257290924535064,0.19758380995476219,-0.06153517505782746,0.7129933599648403,TRUE,1.040936523417435,NA,NA,NA,50,199,0.5
D,+ (1|temp): captures tau,0.42425437941034383,0.1854819121697006,0.06070983155773063,0.7877989272629571,TRUE,0.9771797439018494,NA,NA,NA,50,199,0.5
E,+ interactions: lumps eps into residual,0.42425437941034383,0.17295485767801058,0.0852628583614431,0.7632459004592446,TRUE,0.9111830989630453,NA,NA,0.21467958491564176,50,199,0.5
F,+ (1|item:variant:judge:temp): splits eps/rho,0.4242543794103438,0.17112197195220671,0.08885531438401861,0.7596534444366689,TRUE,0.9015268538705119,0.04192176120914109,0.10107416703565736,NA,50,199,0.5
A,"1 obs/item, naive SE",0.4263199656020879,0.07578939740747133,0.2777727466834441,0.5748671845207317,TRUE,0.3992834831320354,NA,NA,NA,50,200,0.5
B,+ (1|variant): captures phi,0.28721343766346763,0.08889007389252587,0.11298889283411692,0.4614379824928183,FALSE,0.4683021574753,NA,NA,NA,50,200,0.5
C,+ (1|judge): captures lambda,0.4859567597485099,0.15865435053206225,0.17499423270566788,0.7969192867913519,TRUE,0.8358433219083471,NA,NA,NA,50,200,0.5
D,+ (1|temp): captures tau,0.5652056093684716,0.231648953343501,0.11117366081520969,1.0192375579217337,TRUE,1.220402907514942,NA,NA,NA,50,200,0.5
E,+ interactions: lumps eps into residual,0.5652056093684716,0.22267950538634793,0.12875377881122974,1.0016574399257134,TRUE,1.1731489043877112,NA,NA,0.2074234178367609,50,200,0.5
F,+ (1|item:variant:judge:temp): splits eps/rho,0.5652056093684713,0.22124753917446577,0.1315604325865184,0.9988507861504242,TRUE,1.1656048352122603,0.03779644196847098,0.09892229632005456,NA,50,200,0.5
A,"1 obs/item, naive SE",0.20159177977968945,0.08040986011677263,0.043988453950815104,0.3591951056085638,FALSE,0.42362560099230534,NA,NA,NA,50,201,0.5
B,+ (1|variant): captures phi,0.6310217743944186,0.13760591404368855,0.3613141828687891,0.9007293659200482,TRUE,0.724953232752779,NA,NA,NA,50,201,0.5
C,+ (1|judge): captures lambda,0.7450432522710316,0.1770227419503271,0.39807867804839053,1.0920078264936728,TRUE,0.9326140517979922,NA,NA,NA,50,201,0.5
D,+ (1|temp): captures tau,0.5820323745223586,0.15860642767696584,0.27116377627550553,0.8929009727692117,TRUE,0.8355908485392602,NA,NA,NA,50,201,0.5
E,+ interactions: lumps eps into residual,0.5820323745223586,0.13833923872801365,0.3108874666154518,0.8531772824292654,TRUE,0.7288166284814691,NA,NA,0.2124510100300137,50,201,0.5
F,+ (1|item:variant:judge:temp): splits eps/rho,0.5820323745223583,0.136642428302853,0.3142132150487665,0.8498515339959503,TRUE,0.7198772728466649,0.037524719513287744,0.10016718076506248,NA,50,201,0.5
A,"1 obs/item, naive SE",0.6189653221740409,0.09533904096680548,0.43210080187910216,0.8058298424689796,TRUE,0.5022774379776402,NA,NA,NA,50,202,0.5
B,+ (1|variant): captures phi,0.590493196688524,0.06909952949747719,0.4550581188734687,0.7259282745035792,TRUE,0.36403905776162904,NA,NA,NA,50,202,0.5
C,+ (1|judge): captures lambda,0.6604959746019344,0.12632176024771283,0.41290532451641726,0.9080866246874516,TRUE,0.6655045976405198,NA,NA,NA,50,202,0.5
D,+ (1|temp): captures tau,0.660609006635235,0.10191833653386782,0.4608490670288541,0.860368946241616,TRUE,0.5369393318629826,NA,NA,NA,50,202,0.5
E,+ interactions: lumps eps into residual,0.660609006635235,0.09928756568721193,0.46600537788829965,0.8552126353821704,TRUE,0.5230795654193002,NA,NA,0.2033941562929205,50,202,0.5
F,+ (1|item:variant:judge:temp): splits eps/rho,0.6606090066352351,0.097308812287814,0.4698837345511197,0.8513342787193505,TRUE,0.51265484142627,0.040764287926191405,0.09869011565681933,NA,50,202,0.5
A,"1 obs/item, naive SE",-0.0252464413480807,0.08559544790795211,-0.19301351924766683,0.1425206365515054,FALSE,0.45094498373151926,NA,NA,NA,50,203,0.5
B,+ (1|variant): captures phi,-0.16054547741027567,0.24492347164924644,-0.6405954818427987,0.3195045270222473,FALSE,1.2903374377701662,NA,NA,NA,50,203,0.5
C,+ (1|judge): captures lambda,0.3418544237944658,0.32769866049436613,-0.30043495077449184,0.9841437983634234,TRUE,1.7264243687863672,NA,NA,NA,50,203,0.5
D,+ (1|temp): captures tau,0.4140536348629098,0.2862157322418164,-0.14692920033105028,0.9750364700568699,TRUE,1.50787865329343,NA,NA,NA,50,203,0.5
E,+ interactions: lumps eps into residual,0.4140536348629098,0.2785632919420209,-0.13193041734345112,0.9600376870692707,TRUE,1.467563079850685,NA,NA,0.21161787779550018,50,203,0.5
F,+ (1|item:variant:judge:temp): splits eps/rho,0.41405363486290986,0.2774233008915869,-0.1296960348846004,0.9578033046104202,TRUE,1.4615572318966576,0.04025192797701852,0.10199976489728445,NA,50,203,0.5
A,"1 obs/item, naive SE",-0.1671336211588828,0.08815226898820298,-0.33991206837576066,0.005644826057995045,FALSE,0.46441515847349896,NA,NA,NA,50,204,0.5
B,+ (1|variant): captures phi,0.21813079959480014,0.23181746566643857,-0.23623143311141948,0.6724930323010198,TRUE,1.22129068587913,NA,NA,NA,50,204,0.5
C,+ (1|judge): captures lambda,0.3615464404821808,0.3131210765857465,-0.25217086962588237,0.975263750590244,TRUE,1.649624860177141,NA,NA,NA,50,204,0.5
D,+ (1|temp): captures tau,0.4942338753116341,0.20398630875996332,0.09442071014210601,0.8940470404811622,TRUE,1.074666993788445,NA,NA,NA,50,204,0.5
E,+ interactions: lumps eps into residual,0.4942338753116341,0.1840835342798618,0.133430148123105,0.8550376025001631,TRUE,0.9698126290587562,NA,NA,0.2183632237121334,50,204,0.5
F,+ (1|item:variant:judge:temp): splits eps/rho,0.49423387531163415,0.1827449882867171,0.13605369826966868,0.8524140523535997,TRUE,0.9627607283344135,0.03803130296599241,0.09997145540268121,NA,50,204,0.5
A,"1 obs/item, naive SE",0.6441582825788755,0.07255165945032918,0.5019570300562304,0.7863595351015207,FALSE,0.38222601423508545,NA,NA,NA,50,205,0.5
B,+ (1|variant): captures phi,0.6201209659450979,0.06179252753231697,0.49900761198175664,0.7412343199084391,TRUE,0.325543367128071,NA,NA,NA,50,205,0.5
C,+ (1|judge): captures lambda,0.8873362802583172,0.1443638354691172,0.6043831627388475,1.170289397777787,FALSE,0.7605561864346849,NA,NA,NA,50,205,0.5
D,+ (1|temp): captures tau,0.5366257143015346,0.2632270730200916,0.02070065118215514,1.052550777420914,TRUE,1.3867668323716185,NA,NA,NA,50,205,0.5
E,+ interactions: lumps eps into residual,0.5366257143015346,0.247119460450444,0.052271571818664375,1.0209798567844048,TRUE,1.3019066293385724,NA,NA,0.21695543955360447,50,205,0.5
F,+ (1|item:variant:judge:temp): splits eps/rho,0.5366257143015345,0.24605064944469565,0.05436644138993102,1.018884987213138,TRUE,1.2962757812808865,0.04015843178371281,0.102834234461838,NA,50,205,0.5
A,"1 obs/item, naive SE",0.4488504673314909,0.0745453422598477,0.30274159650218946,0.5949593381607924,TRUE,0.3927293912729736,NA,NA,NA,50,206,0.5
B,+ (1|variant): captures phi,0.48257668623673405,0.19388267977937454,0.10256663386915998,0.8625867386043081,TRUE,1.021437751841133,NA,NA,NA,50,206,0.5
C,+ (1|judge): captures lambda,0.6951322018285286,0.21502740486430172,0.27367848829449726,1.1165859153625601,TRUE,1.132835121005949,NA,NA,NA,50,206,0.5
D,+ (1|temp): captures tau,0.5157913451220433,0.23038556259047482,0.06423564244471264,0.967347047799374,TRUE,1.2137469493244715,NA,NA,NA,50,206,0.5
E,+ interactions: lumps eps into residual,0.5157913451220433,0.21940772930805602,0.08575219567825348,0.9458304945658331,TRUE,1.15591211146871,NA,NA,0.211314224903076,50,206,0.5
F,+ (1|item:variant:judge:temp): splits eps/rho,0.5157913451220434,0.21795761929535942,0.08859441130313894,0.9429882789409478,TRUE,1.1482724547805694,0.041150677355216866,0.10093981894593394,NA,50,206,0.5
A,"1 obs/item, naive SE",0.009795812348017722,0.09362684709406609,-0.17371280795635183,0.19330443265238725,FALSE,0.4932570372792528,NA,NA,NA,50,207,0.5
B,+ (1|variant): captures phi,0.35612010677546396,0.13871956905009628,0.08422975143727529,0.6280104621136526,TRUE,0.7308203337613175,NA,NA,NA,50,207,0.5
C,+ (1|judge): captures lambda,0.6298882340822789,0.19730462815875868,0.2431711628911119,1.0166053052734458,TRUE,1.0394657018546771,NA,NA,NA,50,207,0.5
D,+ (1|temp): captures tau,0.4797407884138722,0.24098116710750594,0.007417700883160572,0.9520638759445839,TRUE,1.2695680802763933,NA,NA,NA,50,207,0.5
E,+ interactions: lumps eps into residual,0.4797407884138722,0.2280766601967393,0.03271053442826316,0.9267710423994813,TRUE,1.201582891797716,NA,NA,0.20822162267303795,50,207,0.5
F,+ (1|item:variant:judge:temp): splits eps/rho,0.47974078841387224,0.22670867419612345,0.035391786989470264,0.9240897898382743,TRUE,1.194375891427135,0.039451079483192576,0.1000021330281623,NA,50,207,0.5
A,"1 obs/item, naive SE",0.3937669209997152,0.0896628866623249,0.21802766314155841,0.569506178857872,TRUE,0.4723735894313463,NA,NA,NA,50,208,0.5
B,+ (1|variant): captures phi,0.3510203321831793,0.118917054004085,0.11794290633517268,0.5840977580311859,TRUE,0.626494168719577,NA,NA,NA,50,208,0.5
C,+ (1|judge): captures lambda,0.17383534014273244,0.21546656303624268,-0.2484791234083032,0.596149803693768,TRUE,1.1351487507554476,NA,NA,NA,50,208,0.5
D,+ (1|temp): captures tau,0.4099876521539511,0.25184915064441654,-0.08363668310910533,0.9036119874170075,TRUE,1.3268241935280802,NA,NA,NA,50,208,0.5
E,+ interactions: lumps eps into residual,0.4099876521539511,0.2261327473256078,-0.033232532604240195,0.8532078369121424,TRUE,1.1913417191714502,NA,NA,0.22523920792007252,50,208,0.5
F,+ (1|item:variant:judge:temp): splits eps/rho,0.40998765215395105,0.2244684832845195,-0.02997057508370715,0.8499458793916093,TRUE,1.1825738285969352,0.03902883164682715,0.10073012957936983,NA,50,208,0.5
A,"1 obs/item, naive SE",1.0282894162106075,0.09297840689530161,0.8460517386958164,1.2105270937253987,FALSE,0.48984084095071484,NA,NA,NA,50,209,0.5
B,+ (1|variant): captures phi,0.5731806492425043,0.23618235156869707,0.1102632401678581,1.0360980583171506,TRUE,1.2442863410254246,NA,NA,NA,50,209,0.5
C,+ (1|judge): captures lambda,0.1239183310505223,0.31988929620447454,-0.5030646895102477,0.7509013516112923,TRUE,1.6852820681298448,NA,NA,NA,50,209,0.5
D,+ (1|temp): captures tau,0.1500956361993186,0.2998007017368053,-0.4375137392048198,0.7377050116034569,TRUE,1.5794487425638177,NA,NA,NA,50,209,0.5
E,+ interactions: lumps eps into residual,0.1500956361993186,0.28687618031822915,-0.4121816772244105,0.7123729496230478,TRUE,1.5113581110724668,NA,NA,0.2211385475903437,50,209,0.5
F,+ (1|item:variant:judge:temp): splits eps/rho,0.15009563619931876,0.2855938030421478,-0.409668217763291,0.7098594901619285,TRUE,1.5046021256312545,0.04070765972590616,0.09986158661761108,NA,50,209,0.5
A,"1 obs/item, naive SE",1.6421423548370833,0.09852207232688923,1.4490390930763803,1.8352456165977862,FALSE,0.5190466945207388,NA,NA,NA,50,210,0.5
B,+ (1|variant): captures phi,1.3796829817641396,0.22853579242897493,0.9317528286033487,1.8276131349249305,FALSE,1.2040017514690708,NA,NA,NA,50,210,0.5
C,+ (1|judge): captures lambda,0.8855023768291465,0.3839707554556973,0.13291969613597976,1.6380850575223131,TRUE,2.022884280698558,NA,NA,NA,50,210,0.5
D,+ (1|temp): captures tau,0.6173451377938126,0.3206882532353034,-0.01120383854738205,1.2458941141350073,TRUE,1.6894912366554509,NA,NA,NA,50,210,0.5
E,+ interactions: lumps eps into residual,0.6173451377938126,0.3048322234746393,0.01987397978351968,1.2148162958041056,TRUE,1.6059564546404264,NA,NA,0.21651420754704018,50,210,0.5
F,+ (1|item:variant:judge:temp): splits eps/rho,0.6173451377938127,0.30374077349572176,0.022013221742198108,1.2126770538454275,TRUE,1.6002063370230033,0.044491442861835595,0.09991855391375468,NA,50,210,0.5
A,"1 obs/item, naive SE",0.09396164892491404,0.08284685596068561,-0.06841818875802974,0.2563414866078578,FALSE,0.43646449696220446,NA,NA,NA,50,211,0.5
B,+ (1|variant): captures phi,0.13968926694120765,0.1143391536704042,-0.08441547425278459,0.3637940081351999,FALSE,0.6023762834587135,NA,NA,NA,50,211,0.5
C,+ (1|judge): captures lambda,0.5377675427430356,0.21244445211717408,0.12137641659337445,0.9541586688926968,TRUE,1.119227276044552,NA,NA,NA,50,211,0.5
D,+ (1|temp): captures tau,0.6175037016503456,0.20531453971387303,0.21508720381115448,1.0199201994895368,TRUE,1.0816645514920582,NA,NA,NA,50,211,0.5
E,+ interactions: lumps eps into residual,0.6175037016503456,0.1915993214263024,0.24196903165479294,0.9930383716458984,TRUE,1.0094082687255514,NA,NA,0.21739645228068433,50,211,0.5
F,+ (1|item:variant:judge:temp): splits eps/rho,0.617503701650346,0.18970129386495016,0.24568916567504367,0.9893182376256482,TRUE,0.999408835009212,0.03583959072301343,0.09902942288103873,NA,50,211,0.5
A,"1 obs/item, naive SE",1.3990018225918694,0.08223354682346375,1.2378240708178805,1.5601795743658584,FALSE,0.4332333826253261,NA,NA,NA,50,212,0.5
B,+ (1|variant): captures phi,1.3557407630951737,0.13247694450508554,1.096085951865206,1.6153955743251414,FALSE,0.6979321335976928,NA,NA,NA,50,212,0.5
C,+ (1|judge): captures lambda,0.9378321483467665,0.2567695132492096,0.43456390237831577,1.4411003943152174,TRUE,1.3527462827162537,NA,NA,NA,50,212,0.5
D,+ (1|temp): captures tau,0.5969577188612123,0.2763552282533051,0.0553014714847343,1.1386139662376902,TRUE,1.4559302738017363,NA,NA,NA,50,212,0.5
E,+ interactions: lumps eps into residual,0.5969577188612123,0.2660496644543364,0.07550037653071295,1.1184150611917116,TRUE,1.4016371727869763,NA,NA,0.2193903778131898,50,212,0.5
F,+ (1|item:variant:judge:temp): splits eps/rho,0.5969577188612125,0.2647615384235475,0.0780251035510594,1.1158903341713655,TRUE,1.394850901014406,0.04222276341462712,0.1006883439920733,NA,50,212,0.5
A,"1 obs/item, naive SE",0.3084441001255117,0.08829425150655779,0.13538736717265845,0.481500833078365,FALSE,0.46516316909783173,NA,NA,NA,50,213,0.5
B,+ (1|variant): captures phi,0.6942906505662514,0.24358240768660946,0.21686913150049686,1.1717121696320059,TRUE,1.2832722715540306,NA,NA,NA,50,213,0.5
C,+ (1|judge): captures lambda,0.8226768116465821,0.22882858227906427,0.37417279037961615,1.271180832913548,TRUE,1.2055442647383197,NA,NA,NA,50,213,0.5
D,+ (1|temp): captures tau,0.7845777185045691,0.27253384442642303,0.25041138342878,1.3187440535803583,TRUE,1.4357979664213443,NA,NA,NA,50,213,0.5
E,+ interactions: lumps eps into residual,0.7845777185045691,0.26464711548168046,0.26586937216047546,1.3032860648486628,TRUE,1.3942480833071578,NA,NA,0.22258447685024882,50,213,0.5
F,+ (1|item:variant:judge:temp): splits eps/rho,0.7845777185045691,0.2632208590604748,0.26866483474603853,1.3004906022630998,TRUE,1.386734095187729,0.04044948667949276,0.10030408461662885,NA,50,213,0.5
A,"1 obs/item, naive SE",0.8516308224251952,0.08377322867889801,0.6874352942145551,1.0158263506358352,FALSE,0.4413449332535461,NA,NA,NA,50,214,0.5
B,+ (1|variant): captures phi,1.0514345475260196,0.10707430567242085,0.8415689084080747,1.2613001866439646,FALSE,0.564102673794499,NA,NA,NA,50,214,0.5
C,+ (1|judge): captures lambda,0.7240588975815874,0.2066255909877229,0.3190727392456505,1.1290450559175242,TRUE,1.088571600988349,NA,NA,NA,50,214,0.5
D,+ (1|temp): captures tau,0.3870596423572648,0.23232742045227683,-0.06830210172919776,0.8424213864437273,TRUE,1.2239772954854136,NA,NA,NA,50,214,0.5
E,+ interactions: lumps eps into residual,0.3870596423572648,0.22151604541613235,-0.04711180665835457,0.8212310913728842,TRUE,1.1670194144421087,NA,NA,0.21480801416396406,50,214,0.5
F,+ (1|item:variant:judge:temp): splits eps/rho,0.3870596423572647,0.22043710003720215,-0.04499707371565154,0.8191163584301809,TRUE,1.1613351751719072,0.0393181598000509,0.1005708691592233,NA,50,214,0.5
A,"1 obs/item, naive SE",0.22133515156573358,0.08799059620364864,0.04887358300658223,0.3937967201248849,FALSE,0.4635634130479819,NA,NA,NA,50,215,0.5
B,+ (1|variant): captures phi,0.20796009974990717,0.07379551791162481,0.06332088464312255,0.3525993148566918,FALSE,0.388779069885854,NA,NA,NA,50,215,0.5
C,+ (1|judge): captures lambda,0.518862626893512,0.20167035053507862,0.12358873984475793,0.9141365139422661,TRUE,1.062465763821559,NA,NA,NA,50,215,0.5
D,+ (1|temp): captures tau,0.4084205689494725,0.21532650903258116,-0.013619388754386563,0.8304605266533316,TRUE,1.1344109001810736,NA,NA,NA,50,215,0.5
E,+ interactions: lumps eps into residual,0.4084205689494725,0.20376657093447945,0.009038089917892789,0.8078030479810522,TRUE,1.0735093426217077,NA,NA,0.21596370747831162,50,215,0.5
F,+ (1|item:variant:judge:temp): splits eps/rho,0.40842056894947243,0.20206206865038875,0.012378914394710505,0.8044622235042344,TRUE,1.0645294637431464,0.04023650460155188,0.09917186944047235,NA,50,215,0.5
A,"1 obs/item, naive SE",0.37225545570223423,0.0665674488342185,0.24178325598716596,0.5027276554173025,TRUE,0.35069922367690076,NA,NA,NA,50,216,0.5
B,+ (1|variant): captures phi,0.240777342490512,0.12479289472172786,-0.003816731164074605,0.4853714161450986,FALSE,0.6574500309948218,NA,NA,NA,50,216,0.5
C,+ (1|judge): captures lambda,0.3037908647334614,0.17197591242948676,-0.033281923628332655,0.6408636530952554,TRUE,0.9060256932836644,NA,NA,NA,50,216,0.5
D,+ (1|temp): captures tau,0.4794324680604291,0.22329684164057034,0.041770658444911235,0.917094277675947,TRUE,1.1764012349020228,NA,NA,NA,50,216,0.5
E,+ interactions: lumps eps into residual,0.4794324680604291,0.2103522752399803,0.06714200859006775,0.8917229275307905,TRUE,1.1082049998498624,NA,NA,0.2108990086088622,50,216,0.5
F,+ (1|item:variant:judge:temp): splits eps/rho,0.4794324680604292,0.20884343850389162,0.07009932859280166,0.8887656075280568,TRUE,1.1002559514595704,0.0381139028840371,0.10120359869475212,NA,50,216,0.5
A,"1 obs/item, naive SE",0.4603134424060353,0.07852349228213504,0.3064073975330506,0.61421948727902,TRUE,0.41368759455279136,NA,NA,NA,50,217,0.5
B,+ (1|variant): captures phi,0.5295799530595285,0.21684569608926232,0.1045623887245744,0.9545975173944827,TRUE,1.1424144774658953,NA,NA,NA,50,217,0.5
C,+ (1|judge): captures lambda,0.18084045637933732,0.2992452115526934,-0.40568015826394177,0.7673610710226164,TRUE,1.5765222374965537,NA,NA,NA,50,217,0.5
D,+ (1|temp): captures tau,0.27535209286479073,0.27385030152265005,-0.2613944981196034,0.8120986838491848,TRUE,1.4427334955686388,NA,NA,NA,50,217,0.5
E,+ interactions: lumps eps into residual,0.27535209286479073,0.2557920016245433,-0.2260002303193141,0.7767044160488956,TRUE,1.3475964298390708,NA,NA,0.20421297831444485,50,217,0.5
F,+ (1|item:variant:judge:temp): splits eps/rho,0.2753520928647907,0.2546109187450189,-0.22368530787544638,0.7743894936050277,TRUE,1.3413740966086232,0.038359522700554025,0.09832793207946232,NA,50,217,0.5
A,"1 obs/item, naive SE",0.763661384699863,0.06358067618911645,0.6390432593691948,0.8882795100305312,FALSE,0.3349639226208949,NA,NA,NA,50,218,0.5
B,+ (1|variant): captures phi,0.6863609092848731,0.12838962499388412,0.43471724429686026,0.938004574272886,TRUE,0.6763987895293686,NA,NA,NA,50,218,0.5
C,+ (1|judge): captures lambda,0.5912565713277191,0.17790464079005744,0.24256347537920658,0.9399496672762317,TRUE,0.9372601850638956,NA,NA,NA,50,218,0.5
D,+ (1|temp): captures tau,0.4697178045346274,0.2004951354573997,0.07674733903812403,0.8626882700311308,TRUE,1.056274344101963,NA,NA,NA,50,218,0.5
E,+ interactions: lumps eps into residual,0.4697178045346274,0.18838277506102402,0.10048756541502035,0.8389480436542345,TRUE,0.9924624441073783,NA,NA,0.2093342888743665,50,218,0.5
F,+ (1|item:variant:judge:temp): splits eps/rho,0.46971780453462725,0.18666093428281286,0.10386237334031406,0.8355732357289405,TRUE,0.9833912203367674,0.04002786942523857,0.09813852680016089,NA,50,218,0.5
A,"1 obs/item, naive SE",0.4778200228151379,0.08156639290485151,0.31794989272162894,0.637690152908647,TRUE,0.42971859626310577,NA,NA,NA,50,219,0.5
B,+ (1|variant): captures phi,0.2530931107707982,0.13502808852788856,-0.011561942743863352,0.5177481642854598,TRUE,0.7113723997330696,NA,NA,NA,50,219,0.5
C,+ (1|judge): captures lambda,0.5154344714594415,0.1856494729963513,0.15156150438659305,0.8793074385322901,TRUE,0.9780625094705194,NA,NA,NA,50,219,0.5
D,+ (1|temp): captures tau,0.5292118427070628,0.15015011473474416,0.23491761782696424,0.8235060675871613,TRUE,0.7910402095115915,NA,NA,NA,50,219,0.5
E,+ interactions: lumps eps into residual,0.5292118427070628,0.14504453739461795,0.24492454941361158,0.8134991360005139,TRUE,0.7641423481550026,NA,NA,0.22117115507893625,50,219,0.5
F,+ (1|item:variant:judge:temp): splits eps/rho,0.5292118427070627,0.14336267330974947,0.2482210030199537,0.8102026823941717,TRUE,0.755281734758771,0.040264068045740356,0.10259324693431754,NA,50,219,0.5
A,"1 obs/item, naive SE",0.3127274095063803,0.0949292748912135,0.12666603071960184,0.49878878829315876,FALSE,0.500118655462824,NA,NA,NA,50,220,0.5
B,+ (1|variant): captures phi,0.5096817138308872,0.19202166954171146,0.13331924152913277,0.8860441861326417,TRUE,1.011633337566093,NA,NA,NA,50,220,0.5
C,+ (1|judge): captures lambda,0.7082546076064681,0.20937993104954133,0.29786994274936707,1.118639272463569,TRUE,1.1030823707164714,NA,NA,NA,50,220,0.5
D,+ (1|temp): captures tau,0.5104953260051347,0.21181455431677562,0.0953387995442545,0.9256518524660149,TRUE,1.1159087671717594,NA,NA,NA,50,220,0.5
E,+ interactions: lumps eps into residual,0.5104953260051347,0.19127326883496068,0.1355997190886118,0.8853909329216576,TRUE,1.0076905163906806,NA,NA,0.22430038296154914,50,220,0.5
F,+ (1|item:variant:judge:temp): splits eps/rho,0.5104953260051348,0.18934743979508797,0.1393743440067624,0.8816163080035072,TRUE,0.9975446153377531,0.03969280307758573,0.10225790745750636,NA,50,220,0.5
A,"1 obs/item, naive SE",1.2796256472229723,0.09537470754459211,1.0926912204355719,1.4665600740103728,FALSE,0.5024653412450785,NA,NA,NA,50,221,0.5
B,+ (1|variant): captures phi,1.081091296594806,0.11915454704814955,0.847548384380433,1.3146342088091791,FALSE,0.6277453602199382,NA,NA,NA,50,221,0.5
C,+ (1|judge): captures lambda,0.8800493594987315,0.13293614252047173,0.619494520158607,1.1406041988388562,FALSE,0.70035133983633,NA,NA,NA,50,221,0.5
D,+ (1|temp): captures tau,0.5955213852698675,0.23963143714586368,0.12584376846397471,1.0651990020757602,TRUE,1.2624572587260552,NA,NA,NA,50,221,0.5
E,+ interactions: lumps eps into residual,0.5955213852698675,0.23161989410220707,0.14154639282954168,1.0494963777101933,TRUE,1.220249813870212,NA,NA,0.21598752936022192,50,221,0.5
F,+ (1|item:variant:judge:temp): splits eps/rho,0.5955213852698678,0.23052375233872768,0.1436948306859615,1.047347939853774,TRUE,1.2144749783879418,0.03978093611259817,0.10110274591597196,NA,50,221,0.5
A,"1 obs/item, naive SE",0.5281019962839609,0.07803459091366091,0.3751541980931855,0.6810497944747363,TRUE,0.4111119012765558,NA,NA,NA,50,222,0.5
B,+ (1|variant): captures phi,0.7588749987192484,0.09689235126018222,0.5689659902492912,0.9487840071892055,FALSE,0.5104607877012147,NA,NA,NA,50,222,0.5
C,+ (1|judge): captures lambda,0.6129861089622382,0.18139329478375707,0.2574552511860743,0.9685169667384019,TRUE,0.9556395622023337,NA,NA,NA,50,222,0.5
D,+ (1|temp): captures tau,0.4811514989375073,0.21701610630233004,0.05579993058494043,0.9065030672900742,TRUE,1.1433122545397667,NA,NA,NA,50,222,0.5
E,+ interactions: lumps eps into residual,0.4811514989375073,0.2061282283404464,0.07714017139023238,0.8851628264847822,TRUE,1.0859513309113005,NA,NA,0.2021011053786642,50,222,0.5
F,+ (1|item:variant:judge:temp): splits eps/rho,0.4811514989375073,0.204717647280426,0.07990491026787239,0.8823980876071422,TRUE,1.0785199257523845,0.039046191204862205,0.09903098181576037,NA,50,222,0.5
A,"1 obs/item, naive SE",0.34606275290408006,0.09619805029650408,0.15751457432293206,0.5346109314852281,TRUE,0.5068029817731785,NA,NA,NA,50,223,0.5
B,+ (1|variant): captures phi,0.4160046516881273,0.12567805218240843,0.16967566941060674,0.6623336339656478,TRUE,0.6621133317481012,NA,NA,NA,50,223,0.5
C,+ (1|judge): captures lambda,0.38875649639018595,0.22716295648592538,-0.056482898322227804,0.8339958911025998,TRUE,1.196769200005934,NA,NA,NA,50,223,0.5
D,+ (1|temp): captures tau,0.23193158989906124,0.25090037371099816,-0.2598331425744952,0.7236963223726176,TRUE,1.321825724459196,NA,NA,NA,50,223,0.5
E,+ interactions: lumps eps into residual,0.23193158989906124,0.24120159344634953,-0.24082353325578384,0.7046867130539063,TRUE,1.2707293587580566,NA,NA,0.21760597708821616,50,223,0.5
F,+ (1|item:variant:judge:temp): splits eps/rho,0.23193158989906135,0.23978551194215725,-0.23804801350756685,0.7019111933056895,TRUE,1.263268975449388,0.04147756826587452,0.09972875558551797,NA,50,223,0.5
A,"1 obs/item, naive SE",0.5556829859298542,0.08568226227873976,0.3877457518635243,0.7236202199961841,TRUE,0.45140235040205295,NA,NA,NA,50,224,0.5
B,+ (1|variant): captures phi,0.19028878449122263,0.18243103649922865,-0.16727604704726554,0.5478536160297108,TRUE,0.9611067270158655,NA,NA,NA,50,224,0.5
C,+ (1|judge): captures lambda,0.24238196210154977,0.24333595898298166,-0.23455651750509426,0.7193204417081938,TRUE,1.2819738986923381,NA,NA,NA,50,224,0.5
D,+ (1|temp): captures tau,0.43218603520994625,0.24532038878583529,-0.04864192681029089,0.9130139972301834,TRUE,1.292428527846525,NA,NA,NA,50,224,0.5
E,+ interactions: lumps eps into residual,0.43218603520994625,0.23882416680936344,-0.03590933173640609,0.9002814021562986,TRUE,1.258204292970779,NA,NA,0.19088978771917026,50,224,0.5
F,+ (1|item:variant:judge:temp): splits eps/rho,0.43218603520994636,0.23776999715584327,-0.03384315921550646,0.8982152296353991,TRUE,1.252650580374192,0.03550344021640587,0.09910482767346661,NA,50,224,0.5
A,"1 obs/item, naive SE",0.9828048512988479,0.0864296924240004,0.8134026541478071,1.1522070484498887,FALSE,0.4553400583401838,NA,NA,NA,50,225,0.5
B,+ (1|variant): captures phi,0.7203045516690277,0.22582817017679302,0.27768133812251344,1.162927765215542,TRUE,1.189737106534047,NA,NA,NA,50,225,0.5
C,+ (1|judge): captures lambda,0.6107543143783757,0.2641423361606426,0.09303533550351617,1.128473293253235,TRUE,1.3915887397523672,NA,NA,NA,50,225,0.5
D,+ (1|temp): captures tau,0.2988529936372773,0.247374433064246,-0.18600089516864488,0.7837068824431994,TRUE,1.3032499089637526,NA,NA,NA,50,225,0.5
E,+ interactions: lumps eps into residual,0.2988529936372773,0.23811406284505315,-0.16785056953902688,0.7655565568135815,TRUE,1.2544632316356257,NA,NA,0.22199544202464722,50,225,0.5
F,+ (1|item:variant:judge:temp): splits eps/rho,0.2988529936372773,0.23657152640268722,-0.16482719811198965,0.7625331853865442,TRUE,1.2463366421041822,0.042928049068817475,0.09785791770509472,NA,50,225,0.5
A,"1 obs/item, naive SE",0.5285230197732644,0.09296721098153288,0.34630728624946,0.7107387532970688,TRUE,0.4897818571931004,NA,NA,NA,50,226,0.5
B,+ (1|variant): captures phi,0.5115369382043178,0.1355793218810946,0.2458014673173724,0.7772724090912632,TRUE,0.7142764784144626,NA,NA,NA,50,226,0.5
C,+ (1|judge): captures lambda,0.5552091627574831,0.13415013731909511,0.2922748936120567,0.8181434319029095,TRUE,0.7067470638858623,NA,NA,NA,50,226,0.5
D,+ (1|temp): captures tau,0.6781281872110396,0.14572396639936547,0.3925092130682833,0.963747161353796,TRUE,0.767721803709953,NA,NA,NA,50,226,0.5
E,+ interactions: lumps eps into residual,0.6781281872110396,0.12307386207066219,0.4369034175525417,0.9193529568695376,TRUE,0.6483936013619939,NA,NA,0.20584337319844143,50,226,0.5
F,+ (1|item:variant:judge:temp): splits eps/rho,0.6781281872110397,0.12124144768373694,0.4404949497509153,0.9157614246711642,TRUE,0.6387398394377615,0.03666547958929752,0.09933080784494978,NA,50,226,0.5
A,"1 obs/item, naive SE",-0.2068537309525835,0.08501855483865273,-0.37349009843634284,-0.04021736346882415,FALSE,0.44790572122272565,NA,NA,NA,50,227,0.5
B,+ (1|variant): captures phi,0.11903775792370427,0.20091547015275188,-0.27475656357568945,0.5128320794230979,TRUE,1.0584888055831532,NA,NA,NA,50,227,0.5
C,+ (1|judge): captures lambda,0.24391979558730112,0.20521759586164343,-0.15830669230151997,0.6461462834761222,TRUE,1.0811538193803043,NA,NA,NA,50,227,0.5
D,+ (1|temp): captures tau,0.4410765264761758,0.2703324578056253,-0.08877509082284984,0.9709281437752014,TRUE,1.4242003373631968,NA,NA,NA,50,227,0.5
E,+ interactions: lumps eps into residual,0.4410765264761758,0.2633193880045291,-0.07502947401270121,0.9571825269650528,TRUE,1.3872531780847706,NA,NA,0.22324534760854597,50,227,0.5
F,+ (1|item:variant:judge:temp): splits eps/rho,0.44107652647617585,0.2618757472543958,-0.07219993814243991,0.9543529910947917,TRUE,1.3796476036004461,0.03857986468923409,0.09941856826615963,NA,50,227,0.5
A,"1 obs/item, naive SE",-0.09110574613760998,0.08580415705322775,-0.25928189396193635,0.0770704016867164,FALSE,0.45204453218206486,NA,NA,NA,50,228,0.5
B,+ (1|variant): captures phi,0.4773235875172877,0.19090135764623706,0.1031569265306631,0.8514902485039123,TRUE,1.0057311658755819,NA,NA,NA,50,228,0.5
C,+ (1|judge): captures lambda,0.42323775521342283,0.2803223512941482,-0.12619405332310757,0.9726695637499532,TRUE,1.47683038331501,NA,NA,NA,50,228,0.5
D,+ (1|temp): captures tau,0.3409724193832471,0.23199467192412948,-0.11373713758804666,0.7956819763545409,TRUE,1.222224266752233,NA,NA,NA,50,228,0.5
E,+ interactions: lumps eps into residual,0.3409724193832471,0.2183871673429012,-0.08706642860883923,0.7690112673753335,TRUE,1.1505354552326372,NA,NA,0.21132395113935945,50,228,0.5
F,+ (1|item:variant:judge:temp): splits eps/rho,0.3409724193832473,0.21699632109433686,-0.08434036996165295,0.7662852087281475,TRUE,1.143208019553974,0.04343177350178567,0.10005693263749925,NA,50,228,0.5
A,"1 obs/item, naive SE",0.6638189119508531,0.07043269867175277,0.5257708225542177,0.8018670013474885,FALSE,0.37106263163499165,NA,NA,NA,50,229,0.5
B,+ (1|variant): captures phi,1.2347699984902554,0.22700283105064178,0.7898444496309975,1.6796955473495132,FALSE,1.1959256065255117,NA,NA,NA,50,229,0.5
C,+ (1|judge): captures lambda,0.8468403538312415,0.2901396602600868,0.2781666197214713,1.4155140879410117,TRUE,1.5285511972149886,NA,NA,NA,50,229,0.5
D,+ (1|temp): captures tau,0.5954732057315353,0.28054161572228326,0.045611638915860064,1.1453347725472105,TRUE,1.4779855404687479,NA,NA,NA,50,229,0.5
E,+ interactions: lumps eps into residual,0.5954732057315353,0.273359144615538,0.05968928228508075,1.1312571291779898,TRUE,1.4401459193727009,NA,NA,0.20953991657940435,50,229,0.5
F,+ (1|item:variant:judge:temp): splits eps/rho,0.5954732057315352,0.27215891246997986,0.062041737290374654,1.1289046741726958,TRUE,1.4338227015079517,0.03724608364688474,0.09841213041068834,NA,50,229,0.5
A,"1 obs/item, naive SE",0.11830891295213668,0.10233263043899117,-0.08226304270828601,0.3188808686125594,FALSE,0.539121968473598,NA,NA,NA,50,230,0.5
B,+ (1|variant): captures phi,-0.11791808238379328,0.23007543194992586,-0.5688659290056479,0.3330297642380614,FALSE,1.212113079065303,NA,NA,NA,50,230,0.5
C,+ (1|judge): captures lambda,0.15421212822932798,0.1847312897761546,-0.20786119973193504,0.516285456190591,TRUE,0.9732252181493803,NA,NA,NA,50,230,0.5
D,+ (1|temp): captures tau,0.4901633127638737,0.28595968379078873,-0.07031766746607215,1.0506442929938196,TRUE,1.5065297058037537,NA,NA,NA,50,230,0.5
E,+ interactions: lumps eps into residual,0.4901633127638737,0.2718307666932331,-0.04262498995486308,1.0229516154826106,TRUE,1.4320939215836295,NA,NA,0.21943543461454948,50,230,0.5
F,+ (1|item:variant:judge:temp): splits eps/rho,0.49016331276387376,0.2705076262717187,-0.04003163472869492,1.0203582602564425,TRUE,1.4251231824796533,0.04240749605173777,0.0985047309182121,NA,50,230,0.5
A,"1 obs/item, naive SE",0.6517793939471208,0.09287531256844005,0.46974378131297834,0.8338150065812633,TRUE,0.48929770611486006,NA,NA,NA,50,231,0.5
B,+ (1|variant): captures phi,0.5752402382614521,0.09306702390982326,0.39282887139819855,0.7576516051247056,TRUE,0.4903077045415774,NA,NA,NA,50,231,0.5
C,+ (1|judge): captures lambda,0.34420856572843855,0.15441880425671164,0.04154770938528374,0.6468694220715934,TRUE,0.8135290704742515,NA,NA,NA,50,231,0.5
D,+ (1|temp): captures tau,0.42828566725899764,0.17322778569982078,0.08875920728734893,0.7678121272306464,TRUE,0.9126209735856237,NA,NA,NA,50,231,0.5
E,+ interactions: lumps eps into residual,0.42828566725899764,0.1642749368692553,0.10630679099525725,0.750264543522738,TRUE,0.8654544201189991,NA,NA,0.21781426304097123,50,231,0.5
F,+ (1|item:variant:judge:temp): splits eps/rho,0.42828566725899736,0.1627967406184667,0.10920405564680263,0.747367278871192,TRUE,0.857666795887151,0.039497971858514,0.09998424107467165,NA,50,231,0.5
A,"1 obs/item, naive SE",0.1480466177161199,0.08981832534629312,-0.027997299962614602,0.32409053539485444,FALSE,0.47319249156371995,NA,NA,NA,50,232,0.5
B,+ (1|variant): captures phi,0.08128706966095943,0.10270852859068436,-0.12002164637678191,0.28259578569870075,FALSE,0.5411023236214824,NA,NA,NA,50,232,0.5
C,+ (1|judge): captures lambda,0.3551871694942658,0.2055264422884307,-0.04764465739105833,0.75801899637959,TRUE,1.0827809239788209,NA,NA,NA,50,232,0.5
D,+ (1|temp): captures tau,0.43775294486007627,0.20122611371408175,0.04334976198047602,0.8321561277396765,TRUE,1.060125378077766,NA,NA,NA,50,232,0.5
E,+ interactions: lumps eps into residual,0.43775294486007627,0.18324932709024666,0.07858426376319283,0.7969216259569597,TRUE,0.9654177510980234,NA,NA,0.21579768102930383,50,232,0.5
F,+ (1|item:variant:judge:temp): splits eps/rho,0.4377529448600764,0.18132950343339108,0.08234711813062989,0.7931587715895229,TRUE,0.9553034883788292,0.03911022801267949,0.09983878478270419,NA,50,232,0.5
A,"1 obs/item, naive SE",1.356976507668473,0.09022299785156018,1.180139431879415,1.533813583457531,FALSE,0.4753244394740865,NA,NA,NA,50,233,0.5
B,+ (1|variant): captures phi,1.0853781576548112,0.14946144770822586,0.7924337201466884,1.3783225951629339,FALSE,0.7874120850182927,NA,NA,NA,50,233,0.5
C,+ (1|judge): captures lambda,0.5330291278398411,0.3219928352565005,-0.09807682926289985,1.1641350849425822,TRUE,1.6963642040001372,NA,NA,NA,50,233,0.5
D,+ (1|temp): captures tau,0.4267905563062394,0.24470179361569994,-0.05282495918053248,0.9064060717930114,TRUE,1.289169564948953,NA,NA,NA,50,233,0.5
E,+ interactions: lumps eps into residual,0.4267905563062394,0.22480026179610307,-0.013817956814122623,0.8673990694266014,TRUE,1.1843217469636855,NA,NA,0.2234226740893867,50,233,0.5
F,+ (1|item:variant:judge:temp): splits eps/rho,0.4267905563062394,0.22306918833821746,-0.010425052836666782,0.8640061654491455,TRUE,1.1752018823986474,0.03672255452300031,0.10122336273796738,NA,50,233,0.5
A,"1 obs/item, naive SE",-0.1798392063298557,0.07191818927601486,-0.3207988573108448,-0.038879555348866585,FALSE,0.3788886849210574,NA,NA,NA,50,234,0.5
B,+ (1|variant): captures phi,0.2190156560821232,0.21702045888676508,-0.20634444333593632,0.6443757555001828,TRUE,1.143335185386736,NA,NA,NA,50,234,0.5
C,+ (1|judge): captures lambda,0.6906109945331861,0.31126933512832844,0.08052309768166233,1.3006988913847097,TRUE,1.6398692768862124,NA,NA,NA,50,234,0.5
D,+ (1|temp): captures tau,0.4810952897390673,0.28832970106177624,-0.08403092434201415,1.0462215038201488,TRUE,1.519015736612988,NA,NA,NA,50,234,0.5
E,+ interactions: lumps eps into residual,0.4810952897390673,0.27821441615296927,-0.06420496592075248,1.026395545398887,TRUE,1.4657250874005796,NA,NA,0.2088376232221592,50,234,0.5
F,+ (1|item:variant:judge:temp): splits eps/rho,0.4810952897390672,0.27709207270276937,-0.06200517275836076,1.024195752236495,TRUE,1.4598122128113158,0.036656700415970245,0.10020382300524988,NA,50,234,0.5
A,"1 obs/item, naive SE",0.8619744906847012,0.07825197758645983,0.7086006146152399,1.0153483667541625,FALSE,0.41225716579733,NA,NA,NA,50,235,0.5
B,+ (1|variant): captures phi,0.505036155007585,0.1734040515488309,0.16516421397187647,0.8449080960432935,TRUE,0.9135496000763661,NA,NA,NA,50,235,0.5
C,+ (1|judge): captures lambda,0.35148987234493223,0.13676107302566903,0.08343816921462094,0.6195415754752436,TRUE,0.7205023322850785,NA,NA,NA,50,235,0.5
D,+ (1|temp): captures tau,0.45399595817487237,0.20492486387370493,0.05234322498241073,0.855648691367334,TRUE,1.079611610947905,NA,NA,NA,50,235,0.5
E,+ interactions: lumps eps into residual,0.45399595817487237,0.1941307181219987,0.07349975065575493,0.8344921656939899,TRUE,1.0227444994441097,NA,NA,0.20330021575880436,50,235,0.5
F,+ (1|item:variant:judge:temp): splits eps/rho,0.45399595817487237,0.1925111344638622,0.0766741346257025,0.8313177817240422,TRUE,1.0142119998285275,0.034303773502850826,0.09938639808920188,NA,50,235,0.5
A,"1 obs/item, naive SE",0.95513653289585,0.07074460443323156,0.8164771082067162,1.0937959575849838,FALSE,0.3727058538153006,NA,NA,NA,50,236,0.5
B,+ (1|variant): captures phi,0.7291851237732683,0.18568275208084187,0.3652469296948182,1.0931233178517183,TRUE,0.9782378346376982,NA,NA,NA,50,236,0.5
C,+ (1|judge): captures lambda,0.42897953917469195,0.23969882617838942,-0.04083016013495128,0.8987892384843352,TRUE,1.2628122863229514,NA,NA,NA,50,236,0.5
D,+ (1|temp): captures tau,0.30502632733070645,0.22598773606407507,-0.1379096353548807,0.7479622900162937,TRUE,1.1905777521314846,NA,NA,NA,50,236,0.5
E,+ interactions: lumps eps into residual,0.30502632733070645,0.21847035422214192,-0.12317556694469173,0.7332282216061046,TRUE,1.1509737110841192,NA,NA,0.2130447277429544,50,236,0.5
F,+ (1|item:variant:judge:temp): splits eps/rho,0.3050263273307063,0.21703410951838814,-0.12036052732533448,0.730413181986747,TRUE,1.1434071014057023,0.041374969835132974,0.10272920547987233,NA,50,236,0.5
A,"1 obs/item, naive SE",0.48059320755054874,0.083280207799341,0.3173640002638404,0.6438224148372571,TRUE,0.4387475370374504,NA,NA,NA,50,237,0.5
B,+ (1|variant): captures phi,0.6390969807051846,0.20571022566828007,0.2359049383953557,1.0422890230150135,TRUE,1.0837491552955776,NA,NA,NA,50,237,0.5
C,+ (1|judge): captures lambda,0.7481689924123625,0.210783873858729,0.33503259964925364,1.1613053851754713,TRUE,1.110478803385764,NA,NA,NA,50,237,0.5
D,+ (1|temp): captures tau,0.6316069753740272,0.23625592697624587,0.16854535850058533,1.094668592247469,TRUE,1.2446739604814945,NA,NA,NA,50,237,0.5
E,+ interactions: lumps eps into residual,0.6316069753740272,0.2196647631740973,0.2010640395527965,1.062149911195258,TRUE,1.157266250448917,NA,NA,0.21847704597277062,50,237,0.5
F,+ (1|item:variant:judge:temp): splits eps/rho,0.6316069753740272,0.21815532456516598,0.20402253922630192,1.0591914115217524,TRUE,1.149314031194451,0.041937457140388344,0.10178486783283315,NA,50,237,0.5
A,"1 obs/item, naive SE",0.6085494760739133,0.0912179072873479,0.4297623777907114,0.7873365743571152,TRUE,0.4805659497447973,NA,NA,NA,50,238,0.5
B,+ (1|variant): captures phi,0.6629328752341016,0.16556557506254851,0.3384243481115065,0.9874414023566966,TRUE,0.8722539267902389,NA,NA,NA,50,238,0.5
C,+ (1|judge): captures lambda,0.4597614574433665,0.19886211369544907,0.06999171460028636,0.8495312002864466,TRUE,1.0476710481338416,NA,NA,NA,50,238,0.5
D,+ (1|temp): captures tau,0.5504976491041315,0.22730382061706816,0.10498216069467786,0.996013137513585,TRUE,1.1975113185984418,NA,NA,NA,50,238,0.5
E,+ interactions: lumps eps into residual,0.5504976491041315,0.21791523004977478,0.12338379820657291,0.9776115000016901,TRUE,1.1480491342871582,NA,NA,0.2069888057459002,50,238,0.5
F,+ (1|item:variant:judge:temp): splits eps/rho,0.5504976491041311,0.21654724384701654,0.1260650511639787,0.9749302470442835,TRUE,1.1408421328516245,0.04267114262698209,0.09761700310942022,NA,50,238,0.5
A,"1 obs/item, naive SE",0.08416794752306461,0.09021216060387685,-0.09264788726053402,0.26098378230666325,FALSE,0.4752673452874247,NA,NA,NA,50,239,0.5
B,+ (1|variant): captures phi,0.30197476612992497,0.11194975630574018,0.08255324377067422,0.5213962884891757,TRUE,0.5897881519392049,NA,NA,NA,50,239,0.5
C,+ (1|judge): captures lambda,0.48510310207228713,0.12132938725247752,0.2472975030574312,0.7229087010871431,TRUE,0.639203134021344,NA,NA,NA,50,239,0.5
D,+ (1|temp): captures tau,0.4510422469282416,0.18806564783596985,0.08243357716974065,0.8196509166867425,TRUE,0.9907917135388946,NA,NA,NA,50,239,0.5
E,+ interactions: lumps eps into residual,0.4510422469282416,0.16095491264661557,0.13557061814087507,0.766513875715608,TRUE,0.8479634401001022,NA,NA,0.22023951515208776,50,239,0.5
F,+ (1|item:variant:judge:temp): splits eps/rho,0.4510422469282417,0.1596395072619489,0.13814881269482188,0.7639356811616616,TRUE,0.8410334517153605,0.042128280540684584,0.10008854399866571,NA,50,239,0.5
A,"1 obs/item, naive SE",0.2556424992596798,0.08142729786570767,0.09604499544289277,0.4152400030764668,FALSE,0.4289857978293467,NA,NA,NA,50,240,0.5
B,+ (1|variant): captures phi,0.5438180669542632,0.20363461590916726,0.14469421977229535,0.942941914136231,TRUE,1.0728141601301495,NA,NA,NA,50,240,0.5
C,+ (1|judge): captures lambda,0.74241944858621,0.30034093457104755,0.1537512168269568,1.3310876803454632,TRUE,1.5822948668917212,NA,NA,NA,50,240,0.5
D,+ (1|temp): captures tau,0.49976741401993674,0.2513369996276622,0.007146894749718802,0.9923879332901546,TRUE,1.3241260134546875,NA,NA,NA,50,240,0.5
E,+ interactions: lumps eps into residual,0.49976741401993674,0.23861029851405663,0.03209122893238575,0.9674435991074877,TRUE,1.2570775644203132,NA,NA,0.20591553546148214,50,240,0.5
F,+ (1|item:variant:judge:temp): splits eps/rho,0.49976741401993674,0.2374089947756799,0.03444578425960415,0.9650890437802693,TRUE,1.2507487010520009,0.04311921611649998,0.0983501479303038,NA,50,240,0.5
A,"1 obs/item, naive SE",0.9989415976009359,0.08442049271716001,0.8334774318753023,1.1644057633265696,FALSE,0.44475493318155557,NA,NA,NA,50,241,0.5
B,+ (1|variant): captures phi,0.985946276059163,0.1273815556652753,0.7362784269552234,1.2356141251631025,FALSE,0.6710879486131717,NA,NA,NA,50,241,0.5
C,+ (1|judge): captures lambda,0.8530155025703586,0.22401891213698383,0.4139384347818703,1.292092570358847,TRUE,1.1802053398657395,NA,NA,NA,50,241,0.5
D,+ (1|temp): captures tau,0.7500266283984643,0.2439423912948166,0.27189954146062384,1.228153715336305,TRUE,1.2851687836503416,NA,NA,NA,50,241,0.5
E,+ interactions: lumps eps into residual,0.7500266283984643,0.2228613194996364,0.31321844217917705,1.1868348146177516,TRUE,1.1741067609602616,NA,NA,0.20638207695761013,50,241,0.5
F,+ (1|item:variant:judge:temp): splits eps/rho,0.7500266283984646,0.22148590320635936,0.31591425811400026,1.184138998682929,TRUE,1.1668606153630932,0.03957328433513543,0.10063885770474312,NA,50,241,0.5
A,"1 obs/item, naive SE",1.0471689381396188,0.06693178962506814,0.9159826304744851,1.1783552458047524,FALSE,0.3526186908450509,NA,NA,NA,50,242,0.5
B,+ (1|variant): captures phi,0.8825487016103455,0.09447568729939997,0.6973763545035215,1.0677210487171693,FALSE,0.49772900678160975,NA,NA,NA,50,242,0.5
C,+ (1|judge): captures lambda,0.7441179280883686,0.12127297472705,0.5064228976233507,0.9818129585533866,FALSE,0.6389059342755289,NA,NA,NA,50,242,0.5
D,+ (1|temp): captures tau,0.6655818193358081,0.18499273942019762,0.30299605007222075,1.0281675885993953,TRUE,0.9746026209010591,NA,NA,NA,50,242,0.5
E,+ interactions: lumps eps into residual,0.6655818193358081,0.17781957590600123,0.3170554505600457,1.0141081881115706,TRUE,0.9368120352651107,NA,NA,0.22021008271732878,50,242,0.5
F,+ (1|item:variant:judge:temp): splits eps/rho,0.6655818193358081,0.17629979577222965,0.32003421962223794,1.0111294190493783,TRUE,0.9288053334550319,0.03809193540302518,0.10026943582470065,NA,50,242,0.5
A,"1 obs/item, naive SE",0.5438151477558967,0.07941856788885122,0.38815475469374827,0.6994755408180451,TRUE,0.4184031473628329,NA,NA,NA,50,243,0.5
B,+ (1|variant): captures phi,0.3558593935429566,0.12169618472099415,0.11733487148980806,0.5943839155961052,TRUE,0.6411355437757841,NA,NA,NA,50,243,0.5
C,+ (1|judge): captures lambda,0.2592024417908686,0.11175298635536993,0.040166588534343545,0.4782382950473937,FALSE,0.5887515030958693,NA,NA,NA,50,243,0.5
D,+ (1|temp): captures tau,0.46282562204529204,0.17478569417955145,0.12024566145337123,0.8054055826372128,TRUE,0.9208285480678886,NA,NA,NA,50,243,0.5
E,+ interactions: lumps eps into residual,0.46282562204529204,0.15942028759166713,0.1503618583656245,0.7752893857249596,TRUE,0.8398785303607209,NA,NA,0.21524654010033326,50,243,0.5
F,+ (1|item:variant:judge:temp): splits eps/rho,0.46282562204529204,0.1581518646708052,0.15284796729051386,0.7728032768000702,TRUE,0.8331960610543171,0.03938652083093023,0.09840816734761221,NA,50,243,0.5
A,"1 obs/item, naive SE",0.08810806910041313,0.07039491588498634,-0.049865966034160075,0.22608210423498634,FALSE,0.3708635794823346,NA,NA,NA,50,244,0.5
B,+ (1|variant): captures phi,-0.030112392395908492,0.11343348108943901,-0.25244201533120897,0.19221723053939196,FALSE,0.5976049023015213,NA,NA,NA,50,244,0.5
C,+ (1|judge): captures lambda,0.30383348771969143,0.181631905204984,-0.052165046482077204,0.6598320219214601,TRUE,0.9568966404132458,NA,NA,NA,50,244,0.5
D,+ (1|temp): captures tau,0.5431959217093973,0.2345206409066682,0.08353546553232771,1.002856377886467,TRUE,1.2355319024919533,NA,NA,NA,50,244,0.5
E,+ interactions: lumps eps into residual,0.5431959217093973,0.2193179544018272,0.11333273108181607,0.9730591123369786,TRUE,1.1554391477233437,NA,NA,0.22423063335893828,50,244,0.5
F,+ (1|item:variant:judge:temp): splits eps/rho,0.5431959217093973,0.21750689990921226,0.11688239788734134,0.9695094455314534,TRUE,1.1458979167505543,0.03810155615055135,0.09959988937031977,NA,50,244,0.5
A,"1 obs/item, naive SE",0.07614186833307686,0.08313671743956431,-0.0868060978484692,0.2390898345146229,FALSE,0.43799158260837007,NA,NA,NA,50,245,0.5
B,+ (1|variant): captures phi,0.27465854176788296,0.1069525366189213,0.0650315699947972,0.4842855135409687,FALSE,0.5634611543540212,NA,NA,NA,50,245,0.5
C,+ (1|judge): captures lambda,0.27897951970553064,0.1311891157614492,0.02184885281309018,0.5361101865979712,TRUE,0.691147428031661,NA,NA,NA,50,245,0.5
D,+ (1|temp): captures tau,0.4311975628734455,0.1824609310595713,0.07357413799668577,0.7888209877502053,TRUE,0.961264221396196,NA,NA,NA,50,245,0.5
E,+ interactions: lumps eps into residual,0.4311975628734455,0.17590596712004522,0.08642186731815688,0.7759732584287342,TRUE,0.9267305145307441,NA,NA,0.2109683291828472,50,245,0.5
F,+ (1|item:variant:judge:temp): splits eps/rho,0.4311975628734454,0.1740939021250426,0.0899735147083619,0.7724216110385289,TRUE,0.9171839598988827,0.04113151448274419,0.0987086701507225,NA,50,245,0.5
A,"1 obs/item, naive SE",0.24154546613712777,0.07687853319713202,0.09086354107074901,0.3922273912035065,FALSE,0.40502140883899723,NA,NA,NA,50,246,0.5
B,+ (1|variant): captures phi,0.09601875185613026,0.1615023487557035,-0.2205258517050486,0.41256335541730915,FALSE,0.8508475136500434,NA,NA,NA,50,246,0.5
C,+ (1|judge): captures lambda,0.27764063343647766,0.19131918054563812,-0.09734496043297308,0.6526262273059285,TRUE,1.0079323943892253,NA,NA,NA,50,246,0.5
D,+ (1|temp): captures tau,0.4949016827195328,0.20542132830659396,0.09227587923860864,0.897527486200457,TRUE,1.0822271489360138,NA,NA,NA,50,246,0.5
E,+ interactions: lumps eps into residual,0.4949016827195328,0.1924511532357857,0.11769742237739278,0.8721059430616728,TRUE,1.013895998982919,NA,NA,0.2128767118540623,50,246,0.5
F,+ (1|item:variant:judge:temp): splits eps/rho,0.4949016827195326,0.19065273279545317,0.1212223264404444,0.8685810389986208,TRUE,1.0044213283546362,0.03760116257735452,0.09964072805878445,NA,50,246,0.5
A,"1 obs/item, naive SE",0.40300495904154326,0.07479754793842013,0.25640176508223983,0.5496081530008468,TRUE,0.3940580937729377,NA,NA,NA,50,247,0.5
B,+ (1|variant): captures phi,0.44757247317244486,0.14654905317221578,0.1603363289549019,0.7348086173899878,TRUE,0.7720686323142054,NA,NA,NA,50,247,0.5
C,+ (1|judge): captures lambda,0.7029885415013144,0.2132432523371555,0.28503176692048965,1.1209453160821392,TRUE,1.123435618439017,NA,NA,NA,50,247,0.5
D,+ (1|temp): captures tau,0.5832477858201085,0.26878235570229586,0.05643436864360862,1.1100612029966084,TRUE,1.4160338894404076,NA,NA,NA,50,247,0.5
E,+ interactions: lumps eps into residual,0.5832477858201085,0.2606923747207848,0.0722907313673703,1.0942048402728468,TRUE,1.3734132077188874,NA,NA,0.22197309480012833,50,247,0.5
F,+ (1|item:variant:judge:temp): splits eps/rho,0.5832477858201084,0.25930250152155304,0.0750148828378644,1.0914806888023523,TRUE,1.3660908983842783,0.03982621196410285,0.10083036917468646,NA,50,247,0.5
A,"1 obs/item, naive SE",0.6705177785358227,0.07391275273677862,0.5256487831717367,0.8153867738999088,FALSE,0.3893967015194732,NA,NA,NA,50,248,0.5
B,+ (1|variant): captures phi,0.6600286358216185,0.15926571419306923,0.34786783600320287,0.9721894356400342,TRUE,0.8390641868363898,NA,NA,NA,50,248,0.5
C,+ (1|judge): captures lambda,0.9051054344120485,0.22980307630281396,0.45469140485853315,1.3555194639655639,TRUE,1.2106782199009685,NA,NA,NA,50,248,0.5
D,+ (1|temp): captures tau,0.6700107804978598,0.2155371353468606,0.24755799521801303,1.0924635657777064,TRUE,1.1355205489087525,NA,NA,NA,50,248,0.5
E,+ interactions: lumps eps into residual,0.6700107804978598,0.20218832055034944,0.27372167221917487,1.0662998887765447,TRUE,1.0651946002938082,NA,NA,0.2105356496028871,50,248,0.5
F,+ (1|item:variant:judge:temp): splits eps/rho,0.6700107804978599,0.20051421562172722,0.27700291787927456,1.0630186431164452,TRUE,1.056374864685739,0.03754965589832564,0.09870992917859113,NA,50,248,0.5
A,"1 obs/item, naive SE",0.3108901624200916,0.08153668891769462,0.15107825214141013,0.47070207269877307,FALSE,0.42956210588502364,NA,NA,NA,50,249,0.5
B,+ (1|variant): captures phi,-0.022162843669515726,0.21529970807547014,-0.4441502714974372,0.39982458415840577,FALSE,1.1342697039204803,NA,NA,NA,50,249,0.5
C,+ (1|judge): captures lambda,0.37336206985078335,0.26587251348363,-0.14774805657713141,0.8944721962786981,TRUE,1.4007038831838992,NA,NA,NA,50,249,0.5
D,+ (1|temp): captures tau,0.3647080229696459,0.21498225679990532,-0.056657200358168514,0.7860732462974602,TRUE,1.1325972661472814,NA,NA,NA,50,249,0.5
E,+ interactions: lumps eps into residual,0.3647080229696459,0.1967414936402702,-0.020905304565283667,0.7503213505045754,TRUE,1.0364989239186408,NA,NA,0.21502114890089477,50,249,0.5
F,+ (1|item:variant:judge:temp): splits eps/rho,0.36470802296964583,0.19507759877196856,-0.017644070623412555,0.7470601165627042,TRUE,1.027732978267838,0.041137513726807344,0.10205485508331479,NA,50,249,0.5
A,"1 obs/item, naive SE",0.9254142124982829,0.08648395937210807,0.7559056521289511,1.0949227728676147,FALSE,0.4556259544787014,NA,NA,NA,50,250,0.5
B,+ (1|variant): captures phi,0.6211373115502681,0.18644415838588627,0.255706761113931,0.9865678619866052,TRUE,0.9822491735842571,NA,NA,NA,50,250,0.5
C,+ (1|judge): captures lambda,0.4417166748256972,0.2303824709637153,-0.009832968263184805,0.8932663179145792,TRUE,1.2137306616174397,NA,NA,NA,50,250,0.5
D,+ (1|temp): captures tau,0.4381784736549823,0.22381685631160864,-5.025647157705926e-4,0.8768595120257352,TRUE,1.1791408432936243,NA,NA,NA,50,250,0.5
E,+ interactions: lumps eps into residual,0.4381784736549823,0.21628539212101014,0.014259105097802427,0.8620978422121621,TRUE,1.1394626117998625,NA,NA,0.21683371976808427,50,250,0.5
F,+ (1|item:variant:judge:temp): splits eps/rho,0.43817847365498236,0.21465323472434059,0.017458133595274816,0.8588988137146899,TRUE,1.1308638695924507,0.038830597661353876,0.10048037877116178,NA,50,250,0.5
A,"1 obs/item, naive SE",0.16486002510015768,0.08760201044881594,-0.006839915379521555,0.3365599655798369,FALSE,0.4615162154320552,NA,NA,NA,50,251,0.5
B,+ (1|variant): captures phi,-0.05429682875222425,0.1028977036587276,-0.25597632792333036,0.14738267041888184,FALSE,0.5420989601257146,NA,NA,NA,50,251,0.5
C,+ (1|judge): captures lambda,0.301032997859146,0.2078930124356649,-0.10643730651475719,0.7085033022330491,TRUE,1.095248794205888,NA,NA,NA,50,251,0.5
D,+ (1|temp): captures tau,0.5066097244482629,0.20848180996065951,0.0979853769253703,0.9152340719711556,TRUE,1.098350773304302,NA,NA,NA,50,251,0.5
E,+ interactions: lumps eps into residual,0.5066097244482629,0.19644146793677864,0.12158444729217677,0.891635001604349,TRUE,1.0349182897927989,NA,NA,0.21065655186279617,50,251,0.5
F,+ (1|item:variant:judge:temp): splits eps/rho,0.5066097244482628,0.19475442217152178,0.12489105699208014,0.8883283919044455,TRUE,1.0260303775993118,0.038454203735595514,0.09830098506230982,NA,50,251,0.5
A,"1 obs/item, naive SE",0.4187568806602986,0.08589719869593745,0.2503983712162612,0.587115390104336,TRUE,0.45253470617009284,NA,NA,NA,50,252,0.5
B,+ (1|variant): captures phi,0.47854368167337785,0.12985066230336675,0.22403638355877903,0.7330509797879767,TRUE,0.6840960148124736,NA,NA,NA,50,252,0.5
C,+ (1|judge): captures lambda,0.6777836985144374,0.14381765963327284,0.3959010856332227,0.9596663113956522,TRUE,0.7576787524188684,NA,NA,NA,50,252,0.5
D,+ (1|temp): captures tau,0.6957825093990432,0.1470287737297452,0.4076061128887426,0.9839589059093438,TRUE,0.7745959580575489,NA,NA,NA,50,252,0.5
E,+ interactions: lumps eps into residual,0.6957825093990432,0.12087566083237235,0.4588662141675934,0.9326988046304929,TRUE,0.6368127539470096,NA,NA,0.22874140344577132,50,252,0.5
F,+ (1|item:variant:judge:temp): splits eps/rho,0.6957825093990433,0.11866193250018268,0.4632051216986852,0.9283598970994014,TRUE,0.6251501046923578,0.041628038569650014,0.10043631965991924,NA,50,252,0.5
A,"1 obs/item, naive SE",0.835779423527478,0.09114640055247379,0.6571324784446294,1.0144263686103265,FALSE,0.48018922873704967,NA,NA,NA,50,253,0.5
B,+ (1|variant): captures phi,0.6722677758216992,0.11168290830809505,0.4533692755378329,0.8911662761055654,TRUE,0.5883823088844868,NA,NA,NA,50,253,0.5
C,+ (1|judge): captures lambda,0.5295012379213447,0.15972561666541374,0.21643902925713382,0.8425634465855556,TRUE,0.8414871043860767,NA,NA,NA,50,253,0.5
D,+ (1|temp): captures tau,0.5809224089671596,0.13357036317671353,0.3191244971408011,0.8427203207935181,TRUE,0.7036926229360891,NA,NA,NA,50,253,0.5
E,+ interactions: lumps eps into residual,0.5809224089671596,0.13002685747423623,0.3260697683176566,0.8357750496166627,TRUE,0.6850242689475154,NA,NA,0.21296440277871656,50,253,0.5
F,+ (1|item:variant:judge:temp): splits eps/rho,0.5809224089671596,0.12821577470796058,0.3296194905395569,0.8322253273947624,TRUE,0.6754828890197783,0.04224817037161741,0.0970299118600746,NA,50,253,0.5
A,"1 obs/item, naive SE",0.83804887858355,0.070051563035539,0.7007478150338936,0.9753499421332065,FALSE,0.36905468369532146,NA,NA,NA,50,254,0.5
B,+ (1|variant): captures phi,0.9033389912922458,0.07420482318838684,0.7578975378430076,1.048780444741484,FALSE,0.3909354247608138,NA,NA,NA,50,254,0.5
C,+ (1|judge): captures lambda,0.9198375234252105,0.13524933132480685,0.6547488340285892,1.1849262128218319,FALSE,0.712537979584516,NA,NA,NA,50,254,0.5
D,+ (1|temp): captures tau,0.6339934920113811,0.19454720160847927,0.25268097685876173,1.0153060071640005,TRUE,1.0249386714897704,NA,NA,NA,50,254,0.5
E,+ interactions: lumps eps into residual,0.6339934920113811,0.178618028240304,0.28390215666038526,0.984084827362377,TRUE,0.9410185448833531,NA,NA,0.2076999676058237,50,254,0.5
F,+ (1|item:variant:judge:temp): splits eps/rho,0.6339934920113811,0.17735844987932606,0.28637093024790206,0.9816160537748602,TRUE,0.9343826716286142,0.03881209159118091,0.09806865099583045,NA,50,254,0.5
A,"1 obs/item, naive SE",1.06335540310265,0.08756051319015828,0.8917367972499397,1.2349740089553602,FALSE,0.4612975942192729,NA,NA,NA,50,255,0.5
B,+ (1|variant): captures phi,0.5983776599559213,0.14200526978452802,0.3200473311782464,0.8767079887335962,TRUE,0.7481304863506039,NA,NA,NA,50,255,0.5
C,+ (1|judge): captures lambda,0.5697745676266407,0.19922886320985408,0.17928599573532672,0.9602631395179546,TRUE,1.0496032052502429,NA,NA,NA,50,255,0.5
D,+ (1|temp): captures tau,0.29008043474946893,0.2481492898337749,-0.19629217332472987,0.7764530428236678,TRUE,1.3073321093829295,NA,NA,NA,50,255,0.5
E,+ interactions: lumps eps into residual,0.29008043474946893,0.2372237908131361,-0.17487819524427783,0.7550390647432157,TRUE,1.2497729856381845,NA,NA,0.21402755837907197,50,255,0.5
F,+ (1|item:variant:judge:temp): splits eps/rho,0.29008043474946893,0.23582269823202434,-0.17213205378529878,0.7522929232842366,TRUE,1.2423915689082288,0.04206564185203103,0.09797903219636184,NA,50,255,0.5
A,"1 obs/item, naive SE",0.5318706355476736,0.07534614363773971,0.3841921940177037,0.6795490770776433,TRUE,0.3969482764257686,NA,NA,NA,50,256,0.5
B,+ (1|variant): captures phi,0.6052468377671496,0.06985383091472053,0.4683333291742974,0.7421603463600018,TRUE,0.3680129658214741,NA,NA,NA,50,256,0.5
C,+ (1|judge): captures lambda,0.6091932327013715,0.14107477495451287,0.33268667379052624,0.8856997916122167,TRUE,0.743228333417954,NA,NA,NA,50,256,0.5
D,+ (1|temp): captures tau,0.707797500101252,0.20225467244240353,0.31137834211414106,1.104216658088363,TRUE,1.065544163893441,NA,NA,NA,50,256,0.5
E,+ interactions: lumps eps into residual,0.707797500101252,0.190440529271396,0.33453406272931585,1.081060937473188,TRUE,1.003303370366886,NA,NA,0.21581678433197699,50,256,0.5
F,+ (1|item:variant:judge:temp): splits eps/rho,0.7077975001012519,0.18910734851013086,0.3371470970213954,1.0784479031811083,TRUE,0.99627973544945,0.043713123057394956,0.10238920175383677,NA,50,256,0.5
A,"1 obs/item, naive SE",1.130313688609081,0.08288185813429341,0.9678652466658659,1.292762130552296,FALSE,0.43664889992981454,NA,NA,NA,50,257,0.5
B,+ (1|variant): captures phi,0.5517684398414788,0.22994922633949627,0.10106795621606612,1.0024689234668915,TRUE,1.2114481863831221,NA,NA,NA,50,257,0.5
C,+ (1|judge): captures lambda,0.6239248785854127,0.18677879347203363,0.25783844338022677,0.9900113137905986,TRUE,0.9840121413257309,NA,NA,NA,50,257,0.5
D,+ (1|temp): captures tau,0.6579546316322659,0.20993986428286904,0.24647249763784257,1.0694367656266892,TRUE,1.1060322832289362,NA,NA,NA,50,257,0.5
E,+ interactions: lumps eps into residual,0.6579546316322659,0.18940458442302657,0.2867216461631338,1.0291876171013978,TRUE,0.997845672040486,NA,NA,0.22209357051664094,50,257,0.5
F,+ (1|item:variant:judge:temp): splits eps/rho,0.657954631632266,0.18736484166435785,0.2907195419701246,1.0251897212944074,TRUE,0.9870996360350024,0.03878049397340775,0.09913795674490743,NA,50,257,0.5
A,"1 obs/item, naive SE",0.06317676109867515,0.08620549660466487,-0.105786012246468,0.2321395344438183,FALSE,0.4541589209949869,NA,NA,NA,50,258,0.5
B,+ (1|variant): captures phi,0.40996498196432885,0.15884122530552197,0.09863618036550581,0.7212937835631519,TRUE,0.836827839703829,NA,NA,NA,50,258,0.5
C,+ (1|judge): captures lambda,0.4721449465996049,0.2549762056986875,-0.027608416569822658,0.9718983097690324,TRUE,1.3432985484738271,NA,NA,NA,50,258,0.5
D,+ (1|temp): captures tau,0.6139412031090731,0.22430274299074704,0.1743078268472089,1.0535745793709372,TRUE,1.181700654194492,NA,NA,NA,50,258,0.5
E,+ interactions: lumps eps into residual,0.6139412031090731,0.2121082759497637,0.19820898224753625,1.02967342397061,TRUE,1.1174561893799104,NA,NA,0.20945118838319943,50,258,0.5
F,+ (1|item:variant:judge:temp): splits eps/rho,0.6139412031090731,0.21070645732358168,0.20095654675485297,1.0269258594632933,TRUE,1.1100709476056283,0.044497051204649675,0.09857932749223268,NA,50,258,0.5
A,"1 obs/item, naive SE",1.0784817648485683,0.07180662351731325,0.93774078275463435,1.2192227469425023,FALSE,0.3783009197948465,NA,NA,NA,50,259,0.5
B,+ (1|variant): captures phi,0.9944881265267895,0.19187662063169864,0.6184099500886602,1.3705663029649189,FALSE,1.0108691721815466,NA,NA,NA,50,259,0.5
C,+ (1|judge): captures lambda,0.7395019059838346,0.2232357715477729,0.3019597937501997,1.1770440182174695,TRUE,1.1760794975587867,NA,NA,NA,50,259,0.5
D,+ (1|temp): captures tau,0.5980087849853379,0.22454641943180406,0.15789780289900196,1.038119767071674,TRUE,1.182984421864782,NA,NA,NA,50,259,0.5
E,+ interactions: lumps eps into residual,0.5980087849853379,0.20420591176340572,0.19776519792906272,0.9982523720416132,TRUE,1.0758239346683058,NA,NA,0.21491760282168504,50,259,0.5
F,+ (1|item:variant:judge:temp): splits eps/rho,0.5980087849853379,0.20251188961298508,0.2010854813438872,0.9949320886267887,TRUE,1.0668992685822805,0.036676890824186896,0.1024780390499842,NA,50,259,0.5
A,"1 obs/item, naive SE",-4.7677364201454406e-4,0.08946329352820052,-0.17582482895728757,0.1748712816732585,FALSE,0.4713220671270594,NA,NA,NA,50,260,0.5
B,+ (1|variant): captures phi,0.0092704735731256,0.13817216187568834,-0.26154696370322356,0.28008791084947476,FALSE,0.727936412648791,NA,NA,NA,50,260,0.5
C,+ (1|judge): captures lambda,0.1963879735131737,0.21905677562081072,-0.23296330670361529,0.6257392537299626,TRUE,1.154063171967213,NA,NA,NA,50,260,0.5
D,+ (1|temp): captures tau,0.41655428470039385,0.20008234588774426,0.024392886760415122,0.8087156826403725,TRUE,1.054099632825576,NA,NA,NA,50,260,0.5
E,+ interactions: lumps eps into residual,0.41655428470039385,0.18024855617771116,0.06326711459208001,0.7698414548087077,TRUE,0.9496087025632166,NA,NA,0.21395095365715378,50,260,0.5
F,+ (1|item:variant:judge:temp): splits eps/rho,0.4165542847003939,0.17826112570307812,0.06716247832236083,0.765946091078427,TRUE,0.9391382648827608,0.0360723197718041,0.09930671512098348,NA,50,260,0.5
A,"1 obs/item, naive SE",0.17263329367854674,0.06772189811343558,0.03989837337621299,0.3053682139808805,FALSE,0.3567812423374637,NA,NA,NA,50,261,0.5
B,+ (1|variant): captures phi,0.07595107778120595,0.08404230923857743,-0.08877184832640582,0.2406740038888177,FALSE,0.44276253817965844,NA,NA,NA,50,261,0.5
C,+ (1|judge): captures lambda,0.2836930636944575,0.17879100149546007,-0.06673729923664423,0.6341234266255593,TRUE,0.941929824906284,NA,NA,NA,50,261,0.5
D,+ (1|temp): captures tau,0.42300888795995145,0.1616365367014586,0.1062012760250926,0.7398164998948102,TRUE,0.8515544599012107,NA,NA,NA,50,261,0.5
E,+ interactions: lumps eps into residual,0.42300888795995145,0.14542324700075546,0.13797932383847078,0.7080384520814321,TRUE,0.7661375149699751,NA,NA,0.21621246894361226,50,261,0.5
F,+ (1|item:variant:judge:temp): splits eps/rho,0.4230088879599517,0.14291119531431257,0.14290294514389906,0.7031148307760042,TRUE,0.7529032001254062,0.035672051514886075,0.09926193481093679,NA,50,261,0.5
A,"1 obs/item, naive SE",0.29888764177946736,0.08260299761222781,0.13698576645950086,0.46078951709943383,FALSE,0.4351797709438728,NA,NA,NA,50,262,0.5
B,+ (1|variant): captures phi,0.01900018203802324,0.13705627878490195,-0.24963012438038462,0.2876304884564311,FALSE,0.7220575733586213,NA,NA,NA,50,262,0.5
C,+ (1|judge): captures lambda,0.08931505521145576,0.2060331360102986,-0.3145098913687295,0.493140001791641,FALSE,1.0854503532270947,NA,NA,NA,50,262,0.5
D,+ (1|temp): captures tau,0.4233460072226027,0.23404813192068138,-0.03538833134193281,0.8820803457871382,TRUE,1.2330425696803773,NA,NA,NA,50,262,0.5
E,+ interactions: lumps eps into residual,0.4233460072226027,0.22395690108984426,-0.015609518913492049,0.8623015333586974,TRUE,1.179878645265419,NA,NA,0.21068379121832348,50,262,0.5
F,+ (1|item:variant:judge:temp): splits eps/rho,0.4233460072226024,0.22251160201450382,-0.01277673272582508,0.8594687471710298,TRUE,1.1722643341782517,0.03881058477474148,0.10012840067944807,NA,50,262,0.5
A,"1 obs/item, naive SE",1.3699181369994728,0.08059604084582811,1.2119498969416498,1.527886377057296,FALSE,0.42460646233349875,NA,NA,NA,50,263,0.5
B,+ (1|variant): captures phi,0.858072716189705,0.17394220205745228,0.5171460001570986,1.1989994322223114,FALSE,0.9163847540277346,NA,NA,NA,50,263,0.5
C,+ (1|judge): captures lambda,0.3278628635762538,0.32927366234902383,-0.31751351462783284,0.9732392417803405,TRUE,1.734721996792117,NA,NA,NA,50,263,0.5
D,+ (1|temp): captures tau,0.45854489306572066,0.2810066251250147,-0.09222809217930805,1.0093178783107493,TRUE,1.4804353630080869,NA,NA,NA,50,263,0.5
E,+ interactions: lumps eps into residual,0.45854489306572066,0.2558557410094999,-0.04293235931289918,0.9600221454443405,TRUE,1.3479322298917003,NA,NA,0.21573133237780737,50,263,0.5
F,+ (1|item:variant:judge:temp): splits eps/rho,0.4585448930657206,0.25455602569764396,-0.04038491730166155,0.9574747034331028,TRUE,1.3410849019731552,0.04287032787479925,0.09997883066273125,NA,50,263,0.5
A,"1 obs/item, naive SE",1.500041787838391,0.08167189623128358,1.3399648712250751,1.6601187044517067,FALSE,0.4302744225013503,NA,NA,NA,50,264,0.5
B,+ (1|variant): captures phi,1.083243570921753,0.24727926344192067,0.5985762145755884,1.5679109272679175,FALSE,1.3027485240789234,NA,NA,NA,50,264,0.5
C,+ (1|judge): captures lambda,0.7602890245864167,0.2531156845353921,0.2641822828970481,1.2563957662757852,TRUE,1.33349671080348,NA,NA,NA,50,264,0.5
D,+ (1|temp): captures tau,0.8173105015648393,0.23501491532013769,0.35668126753736945,1.2779397355923092,TRUE,1.2381359027371603,NA,NA,NA,50,264,0.5
E,+ interactions: lumps eps into residual,0.8173105015648393,0.2276021930838812,0.3712102031204322,1.2634108000092463,TRUE,1.1990832429294838,NA,NA,0.20108781672161535,50,264,0.5
F,+ (1|item:variant:judge:temp): splits eps/rho,0.8173105015648392,0.22631637719328587,0.3737304022659989,1.2608906008636795,TRUE,1.1923091417355771,0.03929180081249957,0.09823438341746636,NA,50,264,0.5
A,"1 obs/item, naive SE",0.8503393704574602,0.08195799997332233,0.6897016905097484,1.010977050405172,FALSE,0.4317817111534049,NA,NA,NA,50,265,0.5
B,+ (1|variant): captures phi,0.6801603394373882,0.13681964734611796,0.41199383063899697,0.9483268482357794,TRUE,0.720810921078379,NA,NA,NA,50,265,0.5
C,+ (1|judge): captures lambda,0.7653417462719393,0.14994488494814062,0.47144977177358366,1.0592337207702949,TRUE,0.7899589914673717,NA,NA,NA,50,265,0.5
D,+ (1|temp): captures tau,0.6049127614357677,0.1373669245265823,0.33567358936366637,0.8741519335078689,TRUE,0.7236941573400377,NA,NA,NA,50,265,0.5
E,+ interactions: lumps eps into residual,0.6049127614357677,0.12550279533149192,0.3589272825860435,0.8508982402854919,TRUE,0.6611900209913144,NA,NA,0.21849656809472304,50,265,0.5
F,+ (1|item:variant:judge:temp): splits eps/rho,0.6049127614357676,0.1227209592699213,0.3643796812667218,0.8454458416048133,TRUE,0.6465343932892696,0.04090982233295408,0.09921527615098544,NA,50,265,0.5
A,"1 obs/item, naive SE",0.5872703066920817,0.08089943701119208,0.42870741015014524,0.7458332032340181,TRUE,0.4262048531614945,NA,NA,NA,50,266,0.5
B,+ (1|variant): captures phi,0.4593856072516831,0.10764633875964413,0.2483987832827806,0.6703724312205857,TRUE,0.5671163323185971,NA,NA,NA,50,266,0.5
C,+ (1|judge): captures lambda,0.5775999418403828,0.14502822198946605,0.2933446267410293,0.8618552569397362,TRUE,0.7640563932322746,NA,NA,NA,50,266,0.5
D,+ (1|temp): captures tau,0.36580971448414046,0.17108513795307206,0.030482844096119233,0.7011365848721617,TRUE,0.9013328002432862,NA,NA,NA,50,266,0.5
E,+ interactions: lumps eps into residual,0.36580971448414046,0.16700456618323317,0.03848076476500345,0.6931386642032775,TRUE,0.8798350054967231,NA,NA,0.20470918284995243,50,266,0.5
F,+ (1|item:variant:judge:temp): splits eps/rho,0.36580971448414024,0.16560775767401462,0.041218509443071594,0.6904009195252089,TRUE,0.8724761586671232,0.036734465033022495,0.0999403033824062,NA,50,266,0.5
A,"1 obs/item, naive SE",1.1083561908934734,0.09584683135735121,0.920496401433065,1.2962159803538817,FALSE,0.5049526448373545,NA,NA,NA,50,267,0.5
B,+ (1|variant): captures phi,0.49761126528313776,0.2877181480511407,-0.066316304897098,1.0615388354633735,TRUE,1.5157938741287986,NA,NA,NA,50,267,0.5
C,+ (1|judge): captures lambda,0.45710778426335164,0.3411565680561292,-0.21155908912666155,1.125774657653365,TRUE,1.7973250539843206,NA,NA,NA,50,267,0.5
D,+ (1|temp): captures tau,0.36341122800556985,0.2604397646362249,-0.147050710681431,0.8738731666925708,TRUE,1.3720823746751165,NA,NA,NA,50,267,0.5
E,+ interactions: lumps eps into residual,0.36341122800556985,0.24709012281787804,-0.12088541271747111,0.8477078687286108,TRUE,1.30175206903702,NA,NA,0.21427716563683574,50,267,0.5
F,+ (1|item:variant:judge:temp): splits eps/rho,0.3634112280055698,0.24605867109864923,-0.1188637673477827,0.8456862233589223,TRUE,1.2963180419933427,0.03799133257963442,0.10142626105809104,NA,50,267,0.5
A,"1 obs/item, naive SE",0.6320412538928926,0.09108268147770174,0.45351919819659714,0.810563309589188,TRUE,0.47985353568515543,NA,NA,NA,50,268,0.5
B,+ (1|variant): captures phi,0.6203996281449251,0.17496167626677517,0.2774747426620458,0.9633245136278044,TRUE,0.9217556796081718,NA,NA,NA,50,268,0.5
C,+ (1|judge): captures lambda,0.6289097856677991,0.1699183764231366,0.2958697678784514,0.9619498034571468,TRUE,0.8951859165947408,NA,NA,NA,50,268,0.5
D,+ (1|temp): captures tau,0.5486967105444951,0.19960693689741066,0.1574671142255702,0.93992630686342,TRUE,1.0515950218368897,NA,NA,NA,50,268,0.5
E,+ interactions: lumps eps into residual,0.5486967105444951,0.18452605142412512,0.18702564975320984,0.9103677713357803,TRUE,0.9721439549796783,NA,NA,0.21192962372089413,50,268,0.5
F,+ (1|item:variant:judge:temp): splits eps/rho,0.5486967105444951,0.18273609385946793,0.19053396657993793,0.9068594545090523,TRUE,0.9627138695650606,0.04077504890184705,0.0986379647015634,NA,50,268,0.5
A,"1 obs/item, naive SE",0.4531661716830524,0.08077232843191859,0.294852407956492,0.6114799354096128,TRUE,0.42553520334233286,NA,NA,NA,50,269,0.5
B,+ (1|variant): captures phi,1.0029421822325149,0.17401278182058766,0.661877129864163,1.3440072346008667,FALSE,0.9167565914433536,NA,NA,NA,50,269,0.5
C,+ (1|judge): captures lambda,1.0470742661477739,0.17565097388407244,0.7027983573349919,1.391350174960556,FALSE,0.9253871262611827,NA,NA,NA,50,269,0.5
D,+ (1|temp): captures tau,0.6880595449677759,0.27090573377181243,0.1570843067750235,1.2190347831605282,TRUE,1.4272205437826306,NA,NA,NA,50,269,0.5
E,+ interactions: lumps eps into residual,0.6880595449677759,0.26430830826822416,0.17001526076205653,1.2061038291734953,TRUE,1.3924631354262322,NA,NA,0.22171776147718975,50,269,0.5
F,+ (1|item:variant:judge:temp): splits eps/rho,0.6880595449677759,0.2629139648213123,0.1727481739180038,1.203370916017548,TRUE,1.385117275355963,0.03953485618745195,0.09888315193546875,NA,50,269,0.5
A,"1 obs/item, naive SE",0.518844022635053,0.08031903220297425,0.3614187195172235,0.6762693257528826,TRUE,0.42314708965658304,NA,NA,NA,50,270,0.5
B,+ (1|variant): captures phi,0.3066111319380562,0.08794301712002195,0.1342428183828132,0.47897944549329924,FALSE,0.46331275078011136,NA,NA,NA,50,270,0.5
C,+ (1|judge): captures lambda,0.43746096860843126,0.10900441831572796,0.22381230870960445,0.6511096285072581,TRUE,0.574271142279787,NA,NA,NA,50,270,0.5
D,+ (1|temp): captures tau,0.47476669269479255,0.1635529058988541,0.15420299713303853,0.7953303882565466,TRUE,0.8616505233913208,NA,NA,NA,50,270,0.5
E,+ interactions: lumps eps into residual,0.47476669269479255,0.1525228536292164,0.17582189958152844,0.7737114858080567,TRUE,0.8035405787288606,NA,NA,0.21591603758898437,50,270,0.5
F,+ (1|item:variant:judge:temp): splits eps/rho,0.4747666926947923,0.1513487117984795,0.1781232175697725,0.7714101678198122,TRUE,0.7973548132272942,0.03878552836687936,0.09917064297763524,NA,50,270,0.5
A,"1 obs/item, naive SE",0.3748962543956133,0.08344755034354905,0.21133905572225717,0.5384534530689694,TRUE,0.4396291526223894,NA,NA,NA,50,271,0.5
B,+ (1|variant): captures phi,0.44507522315259485,0.08245378284845542,0.28346580876962224,0.6066846375355675,TRUE,0.43439365847099687,NA,NA,NA,50,271,0.5
C,+ (1|judge): captures lambda,0.4282099542612776,0.1449564486849144,0.1440953148388454,0.7123245936837098,TRUE,0.76367826784775406,NA,NA,NA,50,271,0.5
D,+ (1|temp): captures tau,0.4544708565143922,0.20735870966715697,0.048047785566764534,0.8608939274620198,TRUE,1.0924339114154897,NA,NA,NA,50,271,0.5
E,+ interactions: lumps eps into residual,0.4544708565143922,0.19030251838551174,0.08147792047878916,0.8274637925499952,TRUE,1.0025762836092262,NA,NA,0.21582676093203,50,271,0.5
F,+ (1|item:variant:judge:temp): splits eps/rho,0.4544708565143921,0.18854683550843693,0.08491905891785573,0.8240226541109286,TRUE,0.9933267685264661,0.040813825260446794,0.09813727381335714,NA,50,271,0.5
A,"1 obs/item, naive SE",0.24212404944986377,0.07070546500251876,0.10354133804492699,0.38070676085480054,FALSE,0.3724996544159467,NA,NA,NA,50,272,0.5
B,+ (1|variant): captures phi,0.40546596748801045,0.07860886240839106,0.251392597167564,0.5595393378084569,TRUE,0.4141373524679211,NA,NA,NA,50,272,0.5
C,+ (1|judge): captures lambda,0.38330711638676684,0.17519074630501338,0.039933253628940624,0.7266809791445931,TRUE,0.9229624959423511,NA,NA,NA,50,272,0.5
D,+ (1|temp): captures tau,0.3342530406291832,0.26197771967517647,-0.17922328993416264,0.8477293711925291,TRUE,1.3801848278659172,NA,NA,NA,50,272,0.5
E,+ interactions: lumps eps into residual,0.3342530406291832,0.24427942302560604,-0.14453462850100463,0.813040709759371,TRUE,1.2869443777043768,NA,NA,0.20057101838299501,50,272,0.5
F,+ (1|item:variant:judge:temp): splits eps/rho,0.3342530406291831,0.24312921815332936,-0.14228022695134246,0.8107863082097087,TRUE,1.2808847199761468,0.038539728629834694,0.1000834460179224,NA,50,272,0.5
A,"1 obs/item, naive SE",0.2849561823405696,0.08607739862406372,0.1162444810374047,0.45366788364373445,FALSE,0.45348405868408054,NA,NA,NA,50,273,0.5
B,+ (1|variant): captures phi,0.5702460372495566,0.12577960450460715,0.32371801242052656,0.8167740620785866,TRUE,0.6626483427960139,NA,NA,NA,50,273,0.5
C,+ (1|judge): captures lambda,0.4797335170013186,0.17101432778326117,0.14454543454612673,0.8149215994565104,TRUE,0.9009597489694879,NA,NA,NA,50,273,0.5
D,+ (1|temp): captures tau,0.21926694298466506,0.23217144110224264,-0.2357890815757305,0.6743229675450606,TRUE,1.2231555449463045,NA,NA,NA,50,273,0.5
E,+ interactions: lumps eps into residual,0.21926694298466506,0.22161489647142046,-0.21509825409931901,0.6536321400686491,TRUE,1.167540194327117,NA,NA,0.2198614490646619,50,273,0.5
F,+ (1|item:variant:judge:temp): splits eps/rho,0.21926694298466518,0.22004794241655062,-0.21202702415177402,0.6505609101211044,TRUE,1.1592849647786814,0.042908000070400215,0.10064157983301371,NA,50,273,0.5
A,"1 obs/item, naive SE",0.5861499361962775,0.08211768380429939,0.42519927593985074,0.7471005964527043,TRUE,0.43262297811703565,NA,NA,NA,50,274,0.5
B,+ (1|variant): captures phi,0.4672060290201473,0.10354661732958,0.2642546590541705,0.670157398986124,TRUE,0.545517650861002,NA,NA,NA,50,274,0.5
C,+ (1|judge): captures lambda,0.6233338752929779,0.17164363336653185,0.2869123538945755,0.9597553966913803,TRUE,0.9042751378475895,NA,NA,NA,50,274,0.5
D,+ (1|temp): captures tau,0.43917237587986985,0.1657660827448084,0.11427085370004542,0.7640738980596943,TRUE,0.8733102672350248,NA,NA,NA,50,274,0.5
E,+ interactions: lumps eps into residual,0.43917237587986985,0.14661492196753195,0.15180712882350722,0.7265376229362325,TRUE,0.7724156508012657,NA,NA,0.2105267984948835,50,274,0.5
F,+ (1|item:variant:judge:temp): splits eps/rho,0.4391723758798698,0.14436325288485374,0.15622040022555644,0.7221243515341831,TRUE,0.7605531171890927,0.03934051302598383,0.09905602411017256,NA,50,274,0.5
A,"1 obs/item, naive SE",0.08428648505699946,0.08550144641599308,-0.08329634991834697,0.25186932003234586,FALSE,0.45044975294181905,NA,NA,NA,50,275,0.5
B,+ (1|variant): captures phi,0.23195400465965138,0.13518089231954206,-0.03300054428665106,0.4969085536059538,FALSE,0.7121774203857497,NA,NA,NA,50,275,0.5
C,+ (1|judge): captures lambda,0.22224068650645654,0.1577169845363018,-0.08688460318469501,0.5313659761976081,TRUE,0.8309049694136766,NA,NA,NA,50,275,0.5
D,+ (1|temp): captures tau,0.4835060634848848,0.22230696142111023,0.04778441909950876,0.9192277078702609,TRUE,1.171186220197729,NA,NA,NA,50,275,0.5
E,+ interactions: lumps eps into residual,0.4835060634848848,0.21650123717759429,0.05916363861680002,0.9078484883529696,TRUE,1.140599754579167,NA,NA,0.21499955382780234,50,275,0.5
F,+ (1|item:variant:judge:temp): splits eps/rho,0.48350606348488484,0.21492756766388343,0.06224803086367331,0.9047640961060963,TRUE,1.1323091457839158,0.03849992916719704,0.09923759990349768,NA,50,275,0.5
A,"1 obs/item, naive SE",1.0822219330072702,0.0754307135946985,0.9343777343616612,1.2300661316528791,FALSE,0.3973938187857544,NA,NA,NA,50,276,0.5
B,+ (1|variant): captures phi,0.6512782882386291,0.20783241832184407,0.24392674832781475,1.0586298281494435,TRUE,1.0949295644765156,NA,NA,NA,50,276,0.5
C,+ (1|judge): captures lambda,0.42828977289806774,0.18558654207561548,0.06454015042986139,0.7920393953662741,TRUE,0.9777309686734207,NA,NA,NA,50,276,0.5
D,+ (1|temp): captures tau,0.5550327627798144,0.19675248543030038,0.16939789133642563,0.9406676342232032,TRUE,1.0365568322852363,NA,NA,NA,50,276,0.5
E,+ interactions: lumps eps into residual,0.5550327627798144,0.17836250153671726,0.20544225976784858,0.9046232657917802,TRUE,0.9396723461308703,NA,NA,0.20268548377555293,50,276,0.5
F,+ (1|item:variant:judge:temp): splits eps/rho,0.5550327627798143,0.1766639607776247,0.20877139965566988,0.9012941259039586,TRUE,0.9307238745275671,0.03797248655298842,0.09673132453018243,NA,50,276,0.5
A,"1 obs/item, naive SE",0.5423993061927884,0.07644235441203386,0.39257229154520207,0.6922263208403747,TRUE,0.4027234754797181,NA,NA,NA,50,277,0.5
B,+ (1|variant): captures phi,0.2274629821336537,0.1424132326831312,-0.05166695392528345,0.5065929181925909,TRUE,0.7502797691357295,NA,NA,NA,50,277,0.5
C,+ (1|judge): captures lambda,0.3701794573302102,0.14843636948476455,0.07924417314007165,0.6611147415203487,TRUE,0.7820116356474407,NA,NA,NA,50,277,0.5
D,+ (1|temp): captures tau,0.41025853142335605,0.22540698808501303,-0.031539165223269494,0.8520562280699816,TRUE,1.1875181806896495,NA,NA,NA,50,277,0.5
E,+ interactions: lumps eps into residual,0.41025853142335605,0.21060131153389056,-0.0025200391830694224,0.8230371020297815,TRUE,1.1095170049885783,NA,NA,0.21935657928709726,50,277,0.5
F,+ (1|item:variant:judge:temp): splits eps/rho,0.410258531423356,0.20892879368276224,7.580958051420228e-4,0.8197589670415699,TRUE,1.1007056306269558,0.039936151740707235,0.09938792951608914,NA,50,277,0.5
A,"1 obs/item, naive SE",0.15510993764458256,0.07579579334880909,0.006550182680916727,0.3036696926082484,FALSE,0.3993171790555103,NA,NA,NA,50,278,0.5
B,+ (1|variant): captures phi,0.032784053604123314,0.10388699196170674,-0.1708344506408219,0.23640255784906852,FALSE,0.5473108564192237,NA,NA,NA,50,278,0.5
C,+ (1|judge): captures lambda,0.2820749795311256,0.19073454049179925,-0.09176471983280093,0.6559146788950521,TRUE,1.0048523182168256,NA,NA,NA,50,278,0.5
D,+ (1|temp): captures tau,0.3632344892356287,0.1924004033471498,-0.01387030132478495,0.7403392797960423,TRUE,1.0136286318709447,NA,NA,NA,50,278,0.5
E,+ interactions: lumps eps into residual,0.3632344892356287,0.17879041608993562,0.012805273699354858,0.7136637047719026,TRUE,0.9419267407973605,NA,NA,0.21565533799867564,50,278,0.5
F,+ (1|item:variant:judge:temp): splits eps/rho,0.36323448923562884,0.17688835863228533,0.016533306316349583,0.7099356721549082,TRUE,0.9319060762613339,0.039648787852108756,0.100787399442452,NA,50,278,0.5
A,"1 obs/item, naive SE",-0.10932599923966665,0.07799875832711947,-0.2622035655608208,0.0435515670814875,FALSE,0.41092312342037396,NA,NA,NA,50,279,0.5
B,+ (1|variant): captures phi,0.1789702257016195,0.18001601370542442,-0.17386116116101233,0.5318016125642513,TRUE,0.948383592303907,NA,NA,NA,50,279,0.5
C,+ (1|judge): captures lambda,0.44721494256960986,0.22676636019227372,0.0027528765927533616,0.8916770085464664,TRUE,1.1946798002357377,NA,NA,NA,50,279,0.5
D,+ (1|temp): captures tau,0.30012635770401475,0.21859372359491286,-0.12831734054201444,0.7285700559500439,TRUE,1.1516236615330844,NA,NA,NA,50,279,0.5
E,+ interactions: lumps eps into residual,0.30012635770401475,0.20186894058303909,-0.09553676583874188,0.6957894812467713,TRUE,1.0635120015378812,NA,NA,0.21172759066652672,50,279,0.5
F,+ (1|item:variant:judge:temp): splits eps/rho,0.3001263577040147,0.20074721216646088,-0.09333817814224865,0.693590893550278,TRUE,1.057602367148106,0.04008031933444288,0.10110711344963065,NA,50,279,0.5
A,"1 obs/item, naive SE",1.1776919571806101,0.08114215883926527,1.0186533258556503,1.33673058850557,FALSE,0.4274835916164817,NA,NA,NA,50,280,0.5
B,+ (1|variant): captures phi,0.7431716096136531,0.19720504613640985,0.35664971918628985,1.1296935000410164,TRUE,1.038941070994677,NA,NA,NA,50,280,0.5
C,+ (1|judge): captures lambda,0.5505656210128776,0.25311329484193623,0.054463563122682634,1.0466676789030727,TRUE,1.3334841211120547,NA,NA,NA,50,280,0.5
D,+ (1|temp): captures tau,0.5978198735966459,0.20988413684975749,0.1864469653711212,1.0091927818221706,TRUE,1.1057386927748631,NA,NA,NA,50,280,0.5
E,+ interactions: lumps eps into residual,0.5978198735966459,0.18996319083686253,0.22549201955639536,0.9701477276368964,TRUE,1.0007885944312944,NA,NA,0.21784112531238975,50,280,0.5
F,+ (1|item:variant:judge:temp): splits eps/rho,0.597819873596646,0.18810817703260058,0.22912784661274888,0.9665119005805431,TRUE,0.9910157713404657,0.04013360668300737,0.0999579110374334,NA,50,280,0.5
A,"1 obs/item, naive SE",1.522842069329945,0.0861735247633375,1.3539419607938035,1.6917421778660864,FALSE,0.4539904828149246,NA,NA,NA,50,281,0.5
B,+ (1|variant): captures phi,1.2077868195499304,0.1236021880630572,0.9655265309463383,1.4500471081535224,FALSE,0.6511769965292428,NA,NA,NA,50,281,0.5
C,+ (1|judge): captures lambda,0.9733325046610517,0.17714941094750272,0.6261196592039464,1.320545350118157,FALSE,0.9332813857540231,NA,NA,NA,50,281,0.5
D,+ (1|temp): captures tau,0.5042029967050918,0.29267670825488995,-0.06944335147449243,1.077849344884676,TRUE,1.5419172008367337,NA,NA,NA,50,281,0.5
E,+ interactions: lumps eps into residual,0.5042029967050918,0.2878851619457627,-0.06005192070860299,1.0684579141187867,TRUE,1.5166737582795802,NA,NA,0.22514859724547137,50,281,0.5
F,+ (1|item:variant:judge:temp): splits eps/rho,0.5042029967050919,0.2866481455059956,-0.05762736848665939,1.0660333618968432,TRUE,1.5101567486495089,0.04315779370075838,0.10092604367721345,NA,50,281,0.5
A,"1 obs/item, naive SE",0.6148236035527208,0.08057194272702506,0.4569025958077517,0.7727446112976899,TRUE,0.4244795055144482,NA,NA,NA,50,282,0.5
B,+ (1|variant): captures phi,0.46297345768787396,0.2792867810014378,-0.08442863307494403,1.010375548450692,TRUE,1.4713746582710645,NA,NA,NA,50,282,0.5
C,+ (1|judge): captures lambda,0.47741808909424477,0.2224261604344723,0.041462814642679036,0.9133733635458106,TRUE,1.1718141998211218,NA,NA,NA,50,282,0.5
D,+ (1|temp): captures tau,0.5191015031769027,0.20682410404807747,0.11372625924267088,0.9244767471111346,TRUE,1.0896174331086312,NA,NA,NA,50,282,0.5
E,+ interactions: lumps eps into residual,0.5191015031769027,0.1960442688002212,0.13485473632846923,0.9033482700253362,TRUE,1.0328257140478168,NA,NA,0.21004554645584356,50,282,0.5
F,+ (1|item:variant:judge:temp): splits eps/rho,0.5191015031769026,0.19506155869487882,0.13678084813494013,0.9014221582188651,TRUE,1.0276484738639349,0.0398062196069512,0.09982445516897337,NA,50,282,0.5
A,"1 obs/item, naive SE",0.7259466215394539,0.07925286742344097,0.5706110013895096,0.8812822416893982,FALSE,0.4175301827893069,NA,NA,NA,50,283,0.5
B,+ (1|variant): captures phi,0.3482412252455044,0.16705338169937856,0.020816597114722446,0.6756658533762863,TRUE,0.8800921816979352,NA,NA,NA,50,283,0.5
C,+ (1|judge): captures lambda,0.2792088781499481,0.23113284448215032,-0.17381149703506654,0.7322292533349628,TRUE,1.2176838762139348,NA,NA,NA,50,283,0.5
D,+ (1|temp): captures tau,0.44725970787247676,0.26080781265916975,-0.06392360493949595,0.9584430206844494,TRUE,1.374021372761764,NA,NA,NA,50,283,0.5
E,+ interactions: lumps eps into residual,0.44725970787247676,0.25027777616791863,-0.04328473341664374,0.9378041491615973,TRUE,1.3185456757440213,NA,NA,0.214949459885574,50,283,0.5
F,+ (1|item:variant:judge:temp): splits eps/rho,0.4472597078724768,0.24893956768765288,-0.04066184479532281,0.9351812605402765,TRUE,1.3114955531485795,0.04107066806225365,0.09980052317390127,NA,50,283,0.5
A,"1 obs/item, naive SE",0.751274054008566,0.08801973852209916,0.5787553665052516,0.9237927415118803,FALSE,0.4637169443705085,NA,NA,NA,50,284,0.5
B,+ (1|variant): captures phi,0.6707878328123394,0.09654413093421689,0.48156133618127434,0.8600143294434046,TRUE,0.5086262484463201,NA,NA,NA,50,284,0.5
C,+ (1|judge): captures lambda,0.48074407875058617,0.14896684323037873,0.18876906601904386,0.7727190914821285,TRUE,0.7848063458853406,NA,NA,NA,50,284,0.5
D,+ (1|temp): captures tau,0.5766083854425261,0.16759949750308262,0.24811337033648423,0.9051034005485681,TRUE,0.8829692994446837,NA,NA,NA,50,284,0.5
E,+ interactions: lumps eps into residual,0.5766083854425261,0.16057684344515383,0.2618777722900246,0.8913389985950276,TRUE,0.8459716471476791,NA,NA,0.21382021095190756,50,284,0.5
F,+ (1|item:variant:judge:temp): splits eps/rho,0.5766083854425261,0.1585752090419906,0.26580097572022454,0.8874157951648277,TRUE,0.8354263784980944,0.04130553190279098,0.10092026478511647,NA,50,284,0.5
A,"1 obs/item, naive SE",0.6022765608228055,0.07876673454759932,0.4478937611095108,0.7566593605361001,TRUE,0.41496907484319845,NA,NA,NA,50,285,0.5
B,+ (1|variant): captures phi,0.3906740012115949,0.27385807522748445,-0.14608782623427463,0.9274358286574644,TRUE,1.4427744500035504,NA,NA,NA,50,285,0.5
C,+ (1|judge): captures lambda,0.7269967058675063,0.2799418437997961,0.17831069201990601,1.2756827197151066,TRUE,1.4748257446333497,NA,NA,NA,50,285,0.5
D,+ (1|temp): captures tau,0.48729808478562886,0.32740299806316636,-0.15441179141817718,1.1290079609894348,TRUE,1.7248667218146405,NA,NA,NA,50,285,0.5
E,+ interactions: lumps eps into residual,0.48729808478562886,0.3144049877247373,-0.12893569115485626,1.103531860726114,TRUE,1.6563889265128595,NA,NA,0.21708479514497445,50,285,0.5
F,+ (1|item:variant:judge:temp): splits eps/rho,0.4872980847856288,0.31333492609049857,-0.12683837035174833,1.1014345399230059,TRUE,1.650751489732782,0.041375600024355724,0.09943886852518431,NA,50,285,0.5
A,"1 obs/item, naive SE",0.9575177581667895,0.08612559612123202,0.7887115897691748,1.1263239265644043,FALSE,0.4537379789579698,NA,NA,NA,50,286,0.5
B,+ (1|variant): captures phi,0.955872865949767,0.18790809917239373,0.5875729915718753,1.3241727403276586,FALSE,0.9899616953396831,NA,NA,NA,50,286,0.5
C,+ (1|judge): captures lambda,0.7143297805342359,0.2522859976230568,0.21984922519304456,1.2088103358754272,TRUE,1.3291256471508004,NA,NA,NA,50,286,0.5
D,+ (1|temp): captures tau,0.6339304849157041,0.23767385642536892,0.16808972632198105,1.0997712435094273,TRUE,1.2521440793721024,NA,NA,NA,50,286,0.5
E,+ interactions: lumps eps into residual,0.6339304849157041,0.22879943529807498,0.18548359173147722,1.082377378099931,TRUE,1.2053907088520044,NA,NA,0.21222060051558614,50,286,0.5
F,+ (1|item:variant:judge:temp): splits eps/rho,0.6339304849157039,0.22733082139598745,0.18836207497956853,1.0794988948518394,TRUE,1.1976535675860702,0.04055823552456554,0.10011815566542556,NA,50,286,0.5
A,"1 obs/item, naive SE",0.43841085177438754,0.09376225268857763,0.2546368365047754,0.6221848670439997,TRUE,0.4939703985047216,NA,NA,NA,50,287,0.5
B,+ (1|variant): captures phi,0.6344176316805767,0.11146586452448153,0.41594453721259295,0.8528907261485605,TRUE,0.5872388508167649,NA,NA,NA,50,287,0.5
C,+ (1|judge): captures lambda,0.16579802396493767,0.27952147992465476,-0.3820640766873856,0.713660124617261,TRUE,1.472611129423429,NA,NA,NA,50,287,0.5
D,+ (1|temp): captures tau,0.4169043301681185,0.2383137093114555,-0.05019054008233431,0.8839992004185713,TRUE,1.2555150349119013,NA,NA,NA,50,287,0.5
E,+ interactions: lumps eps into residual,0.4169043301681185,0.21650043592186738,-0.0074365242387415265,0.8412451845749785,TRUE,1.1405955333003541,NA,NA,0.21350589979122186,50,287,0.5
F,+ (1|item:variant:judge:temp): splits eps/rho,0.4169043301681184,0.21493392653437493,-0.004366165839256475,0.8381748261754933,TRUE,1.132342646405975,0.03896605240482965,0.09948404147606095,NA,50,287,0.5
A,"1 obs/item, naive SE",0.5183007120440766,0.07578168082919597,0.3697686176188525,0.6668328064693007,TRUE,0.3992428296586335,NA,NA,NA,50,288,0.5
B,+ (1|variant): captures phi,0.4664544965164806,0.08413209478921493,0.30155559072961935,0.6313534023033418,TRUE,0.44323555800327213,NA,NA,NA,50,288,0.5
C,+ (1|judge): captures lambda,0.5804561271942189,0.19320705968918175,0.2017702902034227,0.9591419641850152,TRUE,1.0178783629013344,NA,NA,NA,50,288,0.5
D,+ (1|temp): captures tau,0.5549989018105896,0.2590570288164792,0.04724712533029041,1.0627506782908889,TRUE,1.3647976674041087,NA,NA,NA,50,288,0.5
E,+ interactions: lumps eps into residual,0.5549989018105896,0.2534490095824038,0.058238843029078224,1.051758960592101,TRUE,1.3352527768277345,NA,NA,0.21132636622691306,50,288,0.5
F,+ (1|item:variant:judge:temp): splits eps/rho,0.5549989018105894,0.2521886331941583,0.06070918075003917,1.0492886228711398,TRUE,1.328612699302769,0.04186411437872911,0.09992255046312029,NA,50,288,0.5
A,"1 obs/item, naive SE",0.7152233834129235,0.07805523158957312,0.5622351294973602,0.8682116373284867,FALSE,0.4112206431488274,NA,NA,NA,50,289,0.5
B,+ (1|variant): captures phi,0.7366169261273626,0.15869186538219554,0.4255808699782594,1.0476529822764657,TRUE,0.8360409624826594,NA,NA,NA,50,289,0.5
C,+ (1|judge): captures lambda,0.3438522924080042,0.2558994631885361,-0.15771065544152663,0.845415240257535,TRUE,1.34816257271712,NA,NA,NA,50,289,0.5
D,+ (1|temp): captures tau,0.42797543699859864,0.279865135070263,-0.1205602277391169,0.9765111017363142,TRUE,1.4744216178060847,NA,NA,NA,50,289,0.5
E,+ interactions: lumps eps into residual,0.42797543699859864,0.269711866488367,-0.10065982131860063,0.9566106953157979,TRUE,1.4209308581057727,NA,NA,0.21635427587249123,50,289,0.5
F,+ (1|item:variant:judge:temp): splits eps/rho,0.42797543699859864,0.2684051994450906,-0.09809875391377898,0.95404962791097625,TRUE,1.414046906178721,0.03851323354710869,0.09849263070824489,NA,50,289,0.5
A,"1 obs/item, naive SE",0.28767009434872715,0.08540674786609916,0.1202728685311728,0.4550673201662815,FALSE,0.4499508498215592,NA,NA,NA,50,290,0.5
B,+ (1|variant): captures phi,0.4876945792614469,0.1362066376257679,0.22072956951494183,0.7546595890079519,TRUE,0.7175813841681009,NA,NA,NA,50,290,0.5
C,+ (1|judge): captures lambda,0.4065868050289743,0.13140453503388808,0.1490339163625537,0.6641396936953949,TRUE,0.692282327639989,NA,NA,NA,50,290,0.5
D,+ (1|temp): captures tau,0.38117050372106553,0.16728506007265775,0.05329178597865636,0.7090492214634747,TRUE,0.8813127395993517,NA,NA,NA,50,290,0.5
E,+ interactions: lumps eps into residual,0.38117050372106553,0.15871119718007573,0.07009655724811709,0.6922444501940139,TRUE,0.8361428087547877,NA,NA,0.21705989054689928,50,290,0.5
F,+ (1|item:variant:judge:temp): splits eps/rho,0.38117050372106553,0.15722791907454037,0.0730037823349664,0.6893372251071647,TRUE,0.8283284116400106,0.04111832081269875,0.09909867041804245,NA,50,290,0.5
A,"1 obs/item, naive SE",1.3172486891464776,0.09787058875616785,1.1254223351843886,1.5090750431085667,FALSE,0.5156144647073468,NA,NA,NA,50,291,0.5
B,+ (1|variant): captures phi,1.052429296207115,0.1440841651546198,0.7700243325040601,1.3348342599101697,FALSE,0.75908279119576,NA,NA,NA,50,291,0.5
C,+ (1|judge): captures lambda,0.7481708935890059,0.24215374843778506,0.2735495466509472,1.2227922405270646,TRUE,1.2757456245480845,NA,NA,NA,50,291,0.5
D,+ (1|temp): captures tau,0.6151359763580607,0.2874113804249342,0.051809670725189716,1.1784622819909316,TRUE,1.5141777213357457,NA,NA,NA,50,291,0.5
E,+ interactions: lumps eps into residual,0.6151359763580607,0.2746515235398555,0.07681899021994398,1.1534529624961776,TRUE,1.4469545967877433,NA,NA,0.2141955607891651,50,291,0.5
F,+ (1|item:variant:judge:temp): splits eps/rho,0.6151359763580606,0.27355836408047085,0.07896158276033771,1.1513103699557834,TRUE,1.4411954730647354,0.04160369768453424,0.10180193046679677,NA,50,291,0.5
A,"1 obs/item, naive SE",0.26671809514598094,0.08113604870364215,0.10769143968684233,0.4257447506051195,FALSE,0.4274514014115524,NA,NA,NA,50,292,0.5
B,+ (1|variant): captures phi,0.4938501473220002,0.14817155866715034,0.20343389233438558,0.7842664023096149,TRUE,0.7806165251274352,NA,NA,NA,50,292,0.5
C,+ (1|judge): captures lambda,0.4439719600876292,0.15497294824451807,0.14022498152837376,0.7477189386468845,TRUE,0.8164484833364286,NA,NA,NA,50,292,0.5
D,+ (1|temp): captures tau,0.43178380884392137,0.1798494701234871,0.07927884740188668,0.784288770285956,TRUE,0.947506185915099,NA,NA,NA,50,292,0.5
E,+ interactions: lumps eps into residual,0.43178380884392137,0.17301412293208643,0.092676127897032,0.7708914897908108,TRUE,0.9114953278220357,NA,NA,0.21354152530190207,50,292,0.5
F,+ (1|item:variant:judge:temp): splits eps/rho,0.43178380884392126,0.17108122899904626,0.0964646000057906,0.7671030176820519,TRUE,0.9013122065872841,0.04171470240593873,0.09821039128893497,NA,50,292,0.5
A,"1 obs/item, naive SE",0.7301365820555592,0.07615080954466205,0.5808809953480216,0.8793921687630968,FALSE,0.4011875211890721,NA,NA,NA,50,293,0.5
B,+ (1|variant): captures phi,0.6885589600829235,0.08708198089493091,0.517878277528859,0.859239642636988,FALSE,0.4587765286327201,NA,NA,NA,50,293,0.5
C,+ (1|judge): captures lambda,0.5242929389780123,0.11691241754224019,0.2951446005952216,0.753441277360803,TRUE,0.6159330842370664,NA,NA,NA,50,293,0.5
D,+ (1|temp): captures tau,0.5464088753151481,0.20476558431340947,0.1450683300608656,0.9477494205694307,TRUE,1.0787724738152453,NA,NA,NA,50,293,0.5
E,+ interactions: lumps eps into residual,0.5464088753151481,0.1910238505216489,0.17200212829271627,0.9208156223375801,TRUE,1.0063764986480586,NA,NA,0.2040909366380019,50,293,0.5
F,+ (1|item:variant:judge:temp): splits eps/rho,0.5464088753151483,0.1894495236520853,0.17508780895706105,0.9177299416732354,TRUE,0.9980824266858802,0.04021372769791261,0.09908431417586609,NA,50,293,0.5
A,"1 obs/item, naive SE",0.6196884585545098,0.08204317381491794,0.45888383787727066,0.780493079231749,TRUE,0.4322304349763585,NA,NA,NA,50,294,0.5
B,+ (1|variant): captures phi,0.3740224890741132,0.1535771955174692,0.07301118585987354,0.6750337922883528,TRUE,0.8090951987146912,NA,NA,NA,50,294,0.5
C,+ (1|judge): captures lambda,0.6098511596057209,0.18186053055914897,0.25340451970978894,0.9662977995016528,TRUE,0.9581011140054093,NA,NA,NA,50,294,0.5
D,+ (1|temp): captures tau,0.6075027486369557,0.22808316453819552,0.16045974614209252,1.054545751131819,TRUE,1.2016171588086826,NA,NA,NA,50,294,0.5
E,+ interactions: lumps eps into residual,0.6075027486369557,0.21171688351238807,0.19253765695267516,1.0224678403212364,TRUE,1.1153942052368426,NA,NA,0.22782782754395806,50,294,0.5
F,+ (1|item:variant:judge:temp): splits eps/rho,0.6075027486369556,0.21058318165083714,0.19475971260131486,1.0202457846725963,TRUE,1.109421490799233,0.03678037137310519,0.09986246375889667,NA,50,294,0.5
A,"1 obs/item, naive SE",0.16845526214558737,0.0985547735015433,-0.024712093917437505,0.36162261820861225,FALSE,0.5192189750687446,NA,NA,NA,50,295,0.5
B,+ (1|variant): captures phi,0.2824357390809148,0.1341286553049004,0.019543574683310028,0.5453279034785196,TRUE,0.7066338895666862,NA,NA,NA,50,295,0.5
C,+ (1|judge): captures lambda,0.11038662060812882,0.17253239636560586,-0.22777687626845866,0.4485501174847163,FALSE,0.9089574337634845,NA,NA,NA,50,295,0.5
D,+ (1|temp): captures tau,0.2837538433507712,0.24538986471083604,-0.19721029148246744,0.7647179781840099,TRUE,1.2927945498796465,NA,NA,NA,50,295,0.5
E,+ interactions: lumps eps into residual,0.2837538433507712,0.22947325740812105,-0.16601374116914608,0.7335214278706885,TRUE,1.2089406254407864,NA,NA,0.2091770714171948,50,295,0.5
F,+ (1|item:variant:judge:temp): splits eps/rho,0.28375384335077136,0.22815877359440287,-0.16343735289425826,0.730945039595801,TRUE,1.2020154921950335,0.04128287961043623,0.10046933303080281,NA,50,295,0.5
A,"1 obs/item, naive SE",-0.5080022448566189,0.0882725593791931,-0.6810164612398374,-0.3349880284734005,FALSE,0.465048887833341,NA,NA,NA,50,296,0.5
B,+ (1|variant): captures phi,-0.014349969371380961,0.21496411555018619,-0.43567963584974584,0.40697969710698395,FALSE,1.1325016920746012,NA,NA,NA,50,296,0.5
C,+ (1|judge): captures lambda,0.20606689173968734,0.23819201306103313,-0.26078945385993757,0.6729232373393123,TRUE,1.254873899021989,NA,NA,NA,50,296,0.5
D,+ (1|temp): captures tau,0.5300347601031051,0.25671218003198115,0.02687888724042209,1.033190632965788,TRUE,1.3524442324630888,NA,NA,NA,50,296,0.5
E,+ interactions: lumps eps into residual,0.5300347601031051,0.23953365240416458,0.06054880139094254,0.9995207188152677,TRUE,1.2619420965318915,NA,NA,0.22146222865177168,50,296,0.5
F,+ (1|item:variant:judge:temp): splits eps/rho,0.530034760103105,0.23858618531966205,0.06240583687656742,0.9976636833296426,TRUE,1.256950528178086,0.03890973905560901,0.10112609371681175,NA,50,296,0.5
A,"1 obs/item, naive SE",0.7756600698096493,0.08741365590475118,0.604329304236337,0.9469908353829616,FALSE,0.46052390171812524,NA,NA,NA,50,297,0.5
B,+ (1|variant): captures phi,0.7687276603594798,0.15752443936704796,0.4599797592000658,1.0774755615188938,TRUE,0.8298905781073757,NA,NA,NA,50,297,0.5
C,+ (1|judge): captures lambda,0.7132266234439827,0.16126218434825765,0.39715274212139773,1.0293005047665678,TRUE,0.8495822485284096,NA,NA,NA,50,297,0.5
D,+ (1|temp): captures tau,0.5260277883096571,0.16169674170011936,0.2091021745774232,0.8429534020418911,TRUE,0.851871639643886,NA,NA,NA,50,297,0.5
E,+ interactions: lumps eps into residual,0.5260277883096571,0.1505244795514199,0.23099980838887413,0.8210557682304401,TRUE,0.7930124865460787,NA,NA,0.2189153943240454,50,297,0.5
F,+ (1|item:variant:judge:temp): splits eps/rho,0.5260277883096572,0.1480756843411616,0.2357994470009805,0.8162561296183339,TRUE,0.7801114276318329,0.036758655106646075,0.09867522288604345,NA,50,297,0.5
A,"1 obs/item, naive SE",0.36590943284598737,0.08381780378343665,0.20162653743045156,0.5301923282615232,TRUE,0.4415797695711576,NA,NA,NA,50,298,0.5
B,+ (1|variant): captures phi,0.5893602195078406,0.2201826020904276,0.15780231941060252,1.0209181196050787,TRUE,1.1599943962488108,NA,NA,NA,50,298,0.5
C,+ (1|judge): captures lambda,0.24464015711775466,0.2383258769776988,-0.22247856175853498,0.7117588759940443,TRUE,1.255579138181295,NA,NA,NA,50,298,0.5
D,+ (1|temp): captures tau,0.4111989804423737,0.26561707084360386,-0.10941047841108986,0.9318084392958372,TRUE,1.3993581273059137,NA,NA,NA,50,298,0.5
E,+ interactions: lumps eps into residual,0.4111989804423737,0.2574939505732262,-0.0934891626811497,0.9158871235658971,TRUE,1.3565628569065598,NA,NA,0.21124003370147848,50,298,0.5
F,+ (1|item:variant:judge:temp): splits eps/rho,0.4111989804423738,0.2562597577265756,-0.09107014470171437,0.913468105586462,TRUE,1.3500607228940953,0.041376902647308665,0.09899197195431168,NA,50,298,0.5
A,"1 obs/item, naive SE",0.004693273210503319,0.09107291087556318,-0.17380963210560052,0.18319617852660713,FALSE,0.47980206093819044,NA,NA,NA,50,299,0.5
B,+ (1|variant): captures phi,0.4273708876452638,0.23127626608182789,-0.025930593875118813,0.8806723691656464,TRUE,1.2184394683921882,NA,NA,NA,50,299,0.5
C,+ (1|judge): captures lambda,0.39440743580729,0.22048106797333553,-0.03773545742044765,0.8265503290350276,TRUE,1.1615668127265781,NA,NA,NA,50,299,0.5
D,+ (1|temp): captures tau,0.44704235692580996,0.1845528465920906,0.08531877760531242,0.8087659362463075,TRUE,0.972285120741148,NA,NA,NA,50,299,0.5
E,+ interactions: lumps eps into residual,0.44704235692580996,0.16818225752221194,0.11740513218227455,0.7766795816693454,TRUE,0.8860394709756307,NA,NA,0.22818239059478398,50,299,0.5
F,+ (1|item:variant:judge:temp): splits eps/rho,0.44704235692581,0.16573591687654682,0.12219995984777826,0.7718847540038418,TRUE,0.8731513435153068,0.040201682217043073,0.09921872690271528,NA,50,299,0.5
A,"1 obs/item, naive SE",0.47648336558439996,0.07220086715249413,0.3349696659655115,0.6179970652032885,TRUE,0.38037792498610484,NA,NA,NA,50,300,0.5
B,+ (1|variant): captures phi,0.24176699597127643,0.14394737659496423,-0.04036986215485344,0.5239038540974064,TRUE,0.7583621440548645,NA,NA,NA,50,300,0.5
C,+ (1|judge): captures lambda,0.5615770069775861,0.23438463626478184,0.10218311989861367,1.0209708940565585,TRUE,1.2348153852878048,NA,NA,NA,50,300,0.5
D,+ (1|temp): captures tau,0.40820488861922144,0.2577150981748755,-0.09691670380353445,0.9133264810419773,TRUE,1.357727935238006,NA,NA,NA,50,300,0.5
E,+ interactions: lumps eps into residual,0.40820488861922144,0.24572749725588086,-0.07342100600230506,0.8898307832407479,TRUE,1.2945733092208698,NA,NA,0.2119012882777389,50,300,0.5
F,+ (1|item:variant:judge:temp): splits eps/rho,0.40820488861922166,0.24437013632012297,-0.07076057856821938,0.8871703558066627,TRUE,1.2874222851880104,0.04147630624901465,0.09839709570653228,NA,50,300,0.5
A,"1 obs/item, naive SE",0.870460803348438,0.09980069938294889,0.6748514325578582,1.0660701741390177,FALSE,0.5257829225689121,NA,NA,NA,50,301,0.5
B,+ (1|variant): captures phi,0.2869595402181358,0.22067670251593396,-0.14556679671309475,0.7194858771493664,TRUE,1.1625974798681795,NA,NA,NA,50,301,0.5
C,+ (1|judge): captures lambda,0.5027416768426354,0.348292910991905,-0.17991242870149848,1.1853957823867693,TRUE,1.834921656697781,NA,NA,NA,50,301,0.5
D,+ (1|temp): captures tau,0.5975034802089397,0.2776655899912256,0.053278923826137525,1.141728036591742,TRUE,1.4628336905958677,NA,NA,NA,50,301,0.5
E,+ interactions: lumps eps into residual,0.5975034802089397,0.2654901121832125,0.07714286032984319,1.1178641000880363,TRUE,1.398689267308752,NA,NA,0.21519857953688382,50,301,0.5
F,+ (1|item:variant:judge:temp): splits eps/rho,0.5975034802089397,0.2641704643706169,0.07972937004253056,1.115277590375349,TRUE,1.391736928417761,0.03592847375488237,0.10134178320775306,NA,50,301,0.5
A,"1 obs/item, naive SE",0.46689283169409157,0.07979218767242025,0.3105001438561479,0.6232855195320353,TRUE,0.4203714993177697,NA,NA,NA,50,302,0.5
B,+ (1|variant): captures phi,0.7816075755067653,0.1414845708123629,0.504297816714534,1.0589173342989966,FALSE,0.7453872728355052,NA,NA,NA,50,302,0.5
C,+ (1|judge): captures lambda,0.6908069657962173,0.17365333376584702,0.3504464316151571,1.0311674999772773,TRUE,0.9148629008189217,NA,NA,NA,50,302,0.5
D,+ (1|temp): captures tau,0.5763556667166102,0.18078592583069553,0.22201525208844697,0.9306960813447734,TRUE,0.9524397427101581,NA,NA,NA,50,302,0.5
E,+ interactions: lumps eps into residual,0.5763556667166102,0.15774421526282423,0.2671770048014747,0.8855343286317456,TRUE,0.8310484298409397,NA,NA,0.2224420690570045,50,302,0.5
F,+ (1|item:variant:judge:temp): splits eps/rho,0.5763556667166103,0.15601976203890144,0.2705569331203635,0.8821544003128572,TRUE,0.8219634428467262,0.037713670285941275,0.10217903211146509,NA,50,302,0.5
A,"1 obs/item, naive SE",0.06519709271225856,0.08421713209224499,-0.09986848618854162,0.23026267161305874,FALSE,0.44368356249613605,NA,NA,NA,50,303,0.5
B,+ (1|variant): captures phi,0.370980310109363,0.15862303018571597,0.060079170945359694,0.6818814492733662,TRUE,0.8356783160182116,NA,NA,NA,50,303,0.5
C,+ (1|judge): captures lambda,0.5370427078880237,0.18713252062590136,0.17026296746125702,0.9038224483147903,TRUE,0.9858756923619707,NA,NA,NA,50,303,0.5
D,+ (1|temp): captures tau,0.5406001701207693,0.21958423516139855,0.1102150692044282,0.9709852710371105,TRUE,1.1568420023812462,NA,NA,NA,50,303,0.5
E,+ interactions: lumps eps into residual,0.5406001701207693,0.20871669054621617,0.13151545665018566,0.949684883591353,TRUE,1.0995882015136456,NA,NA,0.21925086576781924,50,303,0.5
F,+ (1|item:variant:judge:temp): splits eps/rho,0.5406001701207692,0.20703650780102653,0.13480861483075723,0.9463917254107812,TRUE,1.0907364459680666,0.04156341279750582,0.10010530799643863,NA,50,303,0.5
A,"1 obs/item, naive SE",1.161067059305603,0.08182578380994349,1.0006885230381137,1.3214455955730922,FALSE,0.4310851529005872,NA,NA,NA,50,304,0.5
B,+ (1|variant): captures phi,1.0353198602882945,0.1036481746184072,0.8321694380362163,1.2384702825403726,FALSE,0.5460526880747478,NA,NA,NA,50,304,0.5
C,+ (1|judge): captures lambda,1.24103736847208,0.25451365571092593,0.7421906032786652,1.7398841336654947,FALSE,1.34086168294179,NA,NA,NA,50,304,0.5
D,+ (1|temp): captures tau,0.8615672469840271,0.3032178955036691,0.2672601717968356,1.4558743221712187,TRUE,1.5974516437141568,NA,NA,NA,50,304,0.5
E,+ interactions: lumps eps into residual,0.8615672469840271,0.29690991710015435,0.2796238094677246,1.4435106845003296,TRUE,1.5642191379200319,NA,NA,0.20741831786384968,50,304,0.5
F,+ (1|item:variant:judge:temp): splits eps/rho,0.8615672469840271,0.2959403908787554,0.28152408086166647,1.4416104131063876,TRUE,1.5591113547747624,0.0416950132002178,0.10118997671621648,NA,50,304,0.5
A,"1 obs/item, naive SE",0.8071134735996942,0.08260201408070793,0.6452135260015066,0.9690134211978818,FALSE,0.43517458937620684,NA,NA,NA,50,305,0.5
B,+ (1|variant): captures phi,0.29054839770230545,0.255840569747069,-0.2108991190019497,0.7919959144065606,TRUE,1.3478523026892926,NA,NA,NA,50,305,0.5
C,+ (1|judge): captures lambda,0.48262768610298556,0.2327106027127782,0.02651490478594032,0.9387404674200308,TRUE,1.2259960257152478,NA,NA,NA,50,305,0.5
D,+ (1|temp): captures tau,0.533396596769279,0.1832845111780675,0.17415895486026672,0.8926342386782913,TRUE,0.9656031124495643,NA,NA,NA,50,305,0.5
E,+ interactions: lumps eps into residual,0.533396596769279,0.16868336130509967,0.20277720861128362,0.8640159849272744,TRUE,0.8886794505860549,NA,NA,0.22141263207639547,50,305,0.5
F,+ (1|item:variant:judge:temp): splits eps/rho,0.5333965967692791,0.16758588856790746,0.20492825517618046,0.8618649383623778,TRUE,0.8828976030963246,0.04493424783430885,0.09921710700741664,NA,50,305,0.5
A,"1 obs/item, naive SE",1.357562415850136,0.08655446138110427,1.1879156715431716,1.5272091601571005,FALSE,0.45599738225993136,NA,NA,NA,50,306,0.5
B,+ (1|variant): captures phi,1.1944041070484648,0.10080714255246656,0.9968221076456303,1.3919861064512993,FALSE,0.5310851963439487,NA,NA,NA,50,306,0.5
C,+ (1|judge): captures lambda,0.9832372033672929,0.21607888115326135,0.5597225963069007,1.4067518104276853,FALSE,1.1383746440718123,NA,NA,NA,50,306,0.5
D,+ (1|temp): captures tau,0.6956027990679654,0.27887707339436374,0.14900373521501253,1.2422018629209184,TRUE,1.4692161837876392,NA,NA,NA,50,306,0.5
E,+ interactions: lumps eps into residual,0.6956027990679654,0.2614083900141862,0.18324235464016048,1.2079632434957703,TRUE,1.3771854118807445,NA,NA,0.21354201313361212,50,306,0.5
F,+ (1|item:variant:judge:temp): splits eps/rho,0.6956027990679654,0.26017810022023913,0.18565372263629676,1.205551875499634,TRUE,1.370703840434175,0.041725728566236416,0.10043177083389415,NA,50,306,0.5
A,"1 obs/item, naive SE",1.533974648584385,0.08836464237379764,1.3607799495317416,1.7071693476370284,FALSE,0.4655340113477193,NA,NA,NA,50,307,0.5
B,+ (1|variant): captures phi,1.1900696969770215,0.15714213568333413,0.8820711110376867,1.4980682829163563,FALSE,0.8278764765091432,NA,NA,NA,50,307,0.5
C,+ (1|judge): captures lambda,0.8739908983895681,0.2522260816144003,0.37962777842534356,1.3683540183537928,TRUE,1.328809989902556,NA,NA,NA,50,307,0.5
D,+ (1|temp): captures tau,0.8203102919503875,0.2457172806029426,0.33870442196862005,1.301916161932155,TRUE,1.2945194845315242,NA,NA,NA,50,307,0.5
E,+ interactions: lumps eps into residual,0.8203102919503875,0.23456487343766552,0.3605631400125631,1.280057443888212,TRUE,1.2357649340194294,NA,NA,0.21553475572571512,50,307,0.5
F,+ (1|item:variant:judge:temp): splits eps/rho,0.8203102919503876,0.23314107243686152,0.36335378997413903,1.2772667939266362,TRUE,1.228263881862603,0.04050173424577166,0.099398167434671,NA,50,307,0.5
A,"1 obs/item, naive SE",0.6788660190667967,0.08419439015966824,0.5138450143538469,0.8438870237797464,FALSE,0.4435637505123624,NA,NA,NA,50,308,0.5
B,+ (1|variant): captures phi,0.4077306387119893,0.11937011113144716,0.17376522089435284,0.6416960565296257,TRUE,0.6288810227395183,NA,NA,NA,50,308,0.5
C,+ (1|judge): captures lambda,0.6048698601024318,0.14024177924157832,0.32999597278893833,0.8797437474159253,TRUE,0.7388398379149964,NA,NA,NA,50,308,0.5
D,+ (1|temp): captures tau,0.46480393691747796,0.11883802553275463,0.23188140687327888,0.6977264669616771,TRUE,0.6260778207292408,NA,NA,NA,50,308,0.5
E,+ interactions: lumps eps into residual,0.46480393691747796,0.10785409407725453,0.25340991252605904,0.6761979613088969,TRUE,0.5682108556911567,NA,NA,0.21621699318053766,50,308,0.5
F,+ (1|item:variant:judge:temp): splits eps/rho,0.46480393691747796,0.10572885456629116,0.25757538196754726,0.6720324918674087,TRUE,0.557014394662907,0.04241306519072254,0.09911796394722283,NA,50,308,0.5
A,"1 obs/item, naive SE",0.3069044810146791,0.08945351782873896,0.13157558607035075,0.48223337595900745,FALSE,0.47127056552571955,NA,NA,NA,50,309,0.5
B,+ (1|variant): captures phi,0.05992049587182913,0.19873067474300782,-0.32959162662446617,0.4494326183681244,FALSE,1.046978584483975,NA,NA,NA,50,309,0.5
C,+ (1|judge): captures lambda,0.348990949561278,0.24546440655761176,-0.13211928729164102,0.8301011864141971,TRUE,1.2931872608555588,NA,NA,NA,50,309,0.5
D,+ (1|temp): captures tau,0.46548542688956923,0.1744865623984838,0.12349176458854094,0.8074790891905975,TRUE,0.9192526234195102,NA,NA,NA,50,309,0.5
E,+ interactions: lumps eps into residual,0.46548542688956923,0.15758573740735698,0.15661738157114957,0.7743534722079889,TRUE,0.8302135163531064,NA,NA,0.21200686615155223,50,309,0.5
F,+ (1|item:variant:judge:temp): splits eps/rho,0.465485426889569,0.1555369894528527,0.16063292756197772,0.7703379262171604,TRUE,0.8194200380129096,0.04069310309215264,0.10136992266471334,NA,50,309,0.5
A,"1 obs/item, naive SE",0.2644275679587282,0.08807249198130879,0.09180548367536295,0.4370496522420934,FALSE,0.4639948669515159,NA,NA,NA,50,310,0.5
B,+ (1|variant): captures phi,0.235916299023579,0.1868546868445347,-0.13031888719170906,0.6021514852388671,TRUE,0.9844119725838678,NA,NA,NA,50,310,0.5
C,+ (1|judge): captures lambda,0.26573278800165406,0.2597520818194808,-0.24338129236452827,0.77484686836783645,TRUE,1.3684594353227502,NA,NA,NA,50,310,0.5
D,+ (1|temp): captures tau,0.34080282475743384,0.20226749434425748,-0.055641464157310805,0.7372471136721785,TRUE,1.0656117138913002,NA,NA,NA,50,310,0.5
E,+ interactions: lumps eps into residual,0.34080282475743384,0.1825546887449244,-0.017004365182617942,0.6986100146974856,TRUE,0.9617581677324746,NA,NA,0.21734659033072343,50,310,0.5
F,+ (1|item:variant:judge:temp): splits eps/rho,0.3408028247574338,0.1805887594929568,-0.013151143848761537,0.6947567933636292,TRUE,0.9514010055677389,0.04017908880854636,0.09880866757471786,NA,50,310,0.5
A,"1 obs/item, naive SE",0.4212875436836856,0.0796758161249314,0.2651229440788201,0.5774521432885511,TRUE,0.41975841571494066,NA,NA,NA,50,311,0.5
B,+ (1|variant): captures phi,0.4915459513443935,0.11219629908399718,0.271641205139759,0.711450697549028,TRUE,0.591087020416998,NA,NA,NA,50,311,0.5
C,+ (1|judge): captures lambda,0.36855511757641857,0.08738209624107653,0.19728620894390858,0.5398240262089286,TRUE,0.4603576350255595,NA,NA,NA,50,311,0.5
D,+ (1|temp): captures tau,0.33076772420790246,0.23229995968328887,-0.1245401967713437,0.7860756451871487,TRUE,1.2238326231187493,NA,NA,NA,50,311,0.5
E,+ interactions: lumps eps into residual,0.33076772420790246,0.218127833919144,-0.09676283027361976,0.7582982786894247,TRUE,1.1491692014257409,NA,NA,0.22029614746799742,50,311,0.5
F,+ (1|item:variant:judge:temp): splits eps/rho,0.33076772420790246,0.21647619758589468,-0.09352562306045109,0.755061071476256,TRUE,1.140467837771117,0.041338925260368975,0.10057138202267403,NA,50,311,0.5
A,"1 obs/item, naive SE",0.8060682917204682,0.07372136319817284,0.6615744198520495,0.950562163588887,FALSE,0.38838839845567263,NA,NA,NA,50,312,0.5
B,+ (1|variant): captures phi,0.3955527975348932,0.23901064551143228,-0.07290806766751406,0.8640136627373005,TRUE,1.2591867241318515,NA,NA,NA,50,312,0.5
C,+ (1|judge): captures lambda,0.3313649571898672,0.2449838825026363,-0.14880345251529997,0.8115333668950344,TRUE,1.2906557020232885,NA,NA,NA,50,312,0.5
D,+ (1|temp): captures tau,0.43610191521546987,0.18777181031132903,0.068069167005265,0.8041346634256747,TRUE,0.989243680775384,NA,NA,NA,50,312,0.5
E,+ interactions: lumps eps into residual,0.43610191521546987,0.17512387294849613,0.09285912423641746,0.7793447061945222,TRUE,0.9226101850963448,NA,NA,0.22051946754965612,50,312,0.5
F,+ (1|item:variant:judge:temp): splits eps/rho,0.4361019152154697,0.17303116154430384,0.09696083858863419,0.7752429918423052,TRUE,0.9115850928375474,0.03969283616166622,0.09986428699205809,NA,50,312,0.5
A,"1 obs/item, naive SE",0.6064039566432606,0.07194707332398127,0.4653876929282573,0.7474202203582639,TRUE,0.3790408555896929,NA,NA,NA,50,313,0.5
B,+ (1|variant): captures phi,0.3468360055774651,0.11626801359414408,0.11895069893294269,0.5747213122219874,TRUE,0.6125381522051291,NA,NA,NA,50,313,0.5
C,+ (1|judge): captures lambda,0.34991447922161634,0.12711916517108376,0.10076091548629215,0.5990680429569405,TRUE,0.6697055891533352,NA,NA,NA,50,313,0.5
D,+ (1|temp): captures tau,0.48870416209438566,0.13770008422633281,0.21881199701077336,0.758596327177998,TRUE,0.7254493522605147,NA,NA,NA,50,313,0.5
E,+ interactions: lumps eps into residual,0.48870416209438566,0.12104351692590155,0.25145886891961866,0.7259494552691527,TRUE,0.6376970750787498,NA,NA,0.21743402966122316,50,313,0.5
F,+ (1|item:variant:judge:temp): splits eps/rho,0.4887041620943858,0.11913411161861194,0.2552013033219064,0.7222070208668652,TRUE,0.6276376996531018,0.04098519356550519,0.10058445951453575,NA,50,313,0.5
A,"1 obs/item, naive SE",0.8474616028079505,0.07861800213964537,0.6933703186142455,1.0015528870016555,FALSE,0.41418550357948747,NA,NA,NA,50,314,0.5
B,+ (1|variant): captures phi,0.6004673879533761,0.23369621516619568,0.14242280622763254,1.0585119696791196,TRUE,1.2311885564237721,NA,NA,NA,50,314,0.5
C,+ (1|judge): captures lambda,0.6311594207092761,0.2829710907447706,0.07653608284952573,1.1857827585690264,TRUE,1.490784814276741,NA,NA,NA,50,314,0.5
D,+ (1|temp): captures tau,0.5814736520629313,0.2887559778737925,0.015511935430298052,1.1474353686955645,TRUE,1.5212615031199463,NA,NA,NA,50,314,0.5
E,+ interactions: lumps eps into residual,0.5814736520629313,0.28554261003627335,0.0218101363918356,1.1411371677340272,TRUE,1.5043324240318652,NA,NA,0.20872842697624258,50,314,0.5
F,+ (1|item:variant:judge:temp): splits eps/rho,0.5814736520629313,0.2844425845859313,0.023966186274505974,1.1389811178513567,TRUE,1.498537128009322,0.039192497602558954,0.10214638891666993,NA,50,314,0.5
A,"1 obs/item, naive SE",0.32873607803279664,0.08876815124877217,0.15475050158520318,0.5027216544803901,TRUE,0.4676598288708263,NA,NA,NA,50,315,0.5
B,+ (1|variant): captures phi,0.47372882059306987,0.1355603878179858,0.2080304604698177,0.739427180716322,TRUE,0.7141767275399798,NA,NA,NA,50,315,0.5
C,+ (1|judge): captures lambda,0.5808105916309229,0.20853361415955318,0.17208470787819863,0.9895364753836471,TRUE,1.0986236948696222,NA,NA,NA,50,315,0.5
D,+ (1|temp): captures tau,0.3488132473563089,0.22866785513944604,-0.09937574871700533,0.7970022434296231,TRUE,1.204697501281479,NA,NA,NA,50,315,0.5
E,+ interactions: lumps eps into residual,0.3488132473563089,0.21857046045238548,-0.07958485513036662,0.7772113498429845,TRUE,1.151501103643793,NA,NA,0.2095640791825102,50,315,0.5
F,+ (1|item:variant:judge:temp): splits eps/rho,0.34881324735630886,0.2172126592103761,-0.07692356469602829,0.7745500594086461,TRUE,1.1443477599327232,0.04228018436007804,0.10113423593950066,NA,50,315,0.5
A,"1 obs/item, naive SE",-0.1343495356696886,0.09521191050787106,-0.3209648802651159,0.05226580892573868,FALSE,0.5016076728892255,NA,NA,NA,50,316,0.5
B,+ (1|variant): captures phi,-0.04445233206336847,0.15183591640013452,-0.3420507282076321,0.2531460640808952,FALSE,0.799921567377626,NA,NA,NA,50,316,0.5
C,+ (1|judge): captures lambda,0.34826921109126624,0.30189782918915475,-0.2434505341194771,0.9399889563020096,TRUE,1.5904971000173547,NA,NA,NA,50,316,0.5
D,+ (1|temp): captures tau,0.5393982712670224,0.18312878864743337,0.18046584551805306,0.8983306970159919,TRUE,0.9647827149195585,NA,NA,NA,50,316,0.5
E,+ interactions: lumps eps into residual,0.5393982712670224,0.15130388001566028,0.2428426664363283,0.8359538760977165,TRUE,0.7971186246440437,NA,NA,0.22499387109838082,50,316,0.5
F,+ (1|item:variant:judge:temp): splits eps/rho,0.5393982712670224,0.14886283339809656,0.24762711780675323,0.8311694247272916,TRUE,0.784258387865694,0.04340489714763848,0.09941661514266739,NA,50,316,0.5
A,"1 obs/item, naive SE",-0.1874371454298733,0.08554399361783303,-0.35510337292082605,-0.01977091793892055,FALSE,0.4506739056007568,NA,NA,NA,50,317,0.5
B,+ (1|variant): captures phi,0.2963579671253932,0.23543255448151795,-0.16508983965838198,0.7578057739091684,TRUE,1.2403361632584535,NA,NA,NA,50,317,0.5
C,+ (1|judge): captures lambda,0.34892775738370624,0.24349353670739943,-0.12831957456279663,0.8261750893302091,TRUE,1.2828040699936256,NA,NA,NA,50,317,0.5
D,+ (1|temp): captures tau,0.4879531314760531,0.25189162119860536,-0.005754446073213404,0.9816607090253197,TRUE,1.3270479423819719,NA,NA,NA,50,317,0.5
E,+ interactions: lumps eps into residual,0.4879531314760531,0.24247109193344624,0.012709791286498517,0.9631964716656077,TRUE,1.2774174945012873,NA,NA,0.21431636205494137,50,317,0.5
F,+ (1|item:variant:judge:temp): splits eps/rho,0.48795313147605307,0.24114530236512785,0.015308338840402502,0.9605979241117036,TRUE,1.2704327988202777,0.04171936365211856,0.10025889964798332,NA,50,317,0.5
A,"1 obs/item, naive SE",1.0640220709763917,0.0826273217621982,0.9020725203224832,1.2259716216303,FALSE,0.43530791856948575,NA,NA,NA,50,318,0.5
B,+ (1|variant): captures phi,0.7471253564500682,0.1972127863045361,0.36058829529317743,1.133662417606959,TRUE,1.0389818487471751,NA,NA,NA,50,318,0.5
C,+ (1|judge): captures lambda,0.5689887360658732,0.18463500805388888,0.207104120280251,0.9308733518514953,TRUE,0.972717974356142,NA,NA,NA,50,318,0.5
D,+ (1|temp): captures tau,0.7175515027107449,0.20285544887583695,0.31995482291410443,1.1151481825073852,TRUE,1.0687092518230266,NA,NA,NA,50,318,0.5
E,+ interactions: lumps eps into residual,0.7175515027107449,0.1807590728592646,0.36326371990658624,1.0718392855149035,TRUE,0.9522982724210127,NA,NA,0.20951796843459528,50,318,0.5
F,+ (1|item:variant:judge:temp): splits eps/rho,0.7175515027107447,0.17914545372320087,0.36642641341327103,1.0686765920082184,TRUE,0.943797195870264,0.04316068167062383,0.10170648398654908,NA,50,318,0.5
A,"1 obs/item, naive SE",0.6448938857528769,0.08967385051238505,0.4691331387486022,0.8206546327571516,TRUE,0.4724313506009861,NA,NA,NA,50,319,0.5
B,+ (1|variant): captures phi,0.4287039871212089,0.11674686990387001,0.19988012210962366,0.6575278521327941,TRUE,0.6150609248066734,NA,NA,NA,50,319,0.5
C,+ (1|judge): captures lambda,0.5546031682535376,0.17802052334852161,0.20568294249043528,0.90352339401664,TRUE,0.9378706925116467,NA,NA,NA,50,319,0.5
D,+ (1|temp): captures tau,0.7209751250047667,0.19202514294450723,0.3446058448335325,1.0973444051760008,TRUE,1.0116516365949024,NA,NA,NA,50,319,0.5
E,+ interactions: lumps eps into residual,0.7209751250047667,0.17895001075316266,0.37023310392856784,1.0717171460809656,TRUE,0.9427675379959446,NA,NA,0.20717620523869082,50,319,0.5
F,+ (1|item:variant:judge:temp): splits eps/rho,0.7209751250047668,0.17725437357668225,0.3735565527944696,1.068393697215064,TRUE,0.9338343634212313,0.03814543300500428,0.10104301880712875,NA,50,319,0.5
A,"1 obs/item, naive SE",0.44755560033228015,0.08887494734759273,0.2733607035309984,0.6217504971335619,TRUE,0.46822246585938454,NA,NA,NA,50,320,0.5
B,+ (1|variant): captures phi,0.2253448896910245,0.13972563444259575,-0.04851735381646316,0.4992071331985122,FALSE,0.7361206172827193,NA,NA,NA,50,320,0.5
C,+ (1|judge): captures lambda,0.20509020217560092,0.18845422914077364,-0.16428008694031543,0.5744604912915172,TRUE,0.9928388877106047,NA,NA,NA,50,320,0.5
D,+ (1|temp): captures tau,0.25662516829662657,0.21798663005747218,-0.1706286266160189,0.6838789632092721,TRUE,1.1484252930210217,NA,NA,NA,50,320,0.5
E,+ interactions: lumps eps into residual,0.25662516829662657,0.20522529366444991,-0.14561640728569525,0.6588667438789484,TRUE,1.0811943739383583,NA,NA,0.21863867711029508,50,320,0.5
F,+ (1|item:variant:judge:temp): splits eps/rho,0.25662516829662646,0.20358363240708577,-0.14239875122126167,0.6556490878145146,TRUE,1.072545562265676,0.03999949850758555,0.10113968486625913,NA,50,320,0.5
A,"1 obs/item, naive SE",-0.2289945376214681,0.07902768896969664,-0.3838888080020735,-0.07410026724086269,FALSE,0.4163438686027205,NA,NA,NA,50,321,0.5
B,+ (1|variant): captures phi,-0.07905383914437754,0.10261935937097946,-0.28018778351149726,0.1220801052227422,FALSE,0.540632550832018,NA,NA,NA,50,321,0.5
C,+ (1|judge): captures lambda,0.13508469142932533,0.12837307818805535,-0.11652654181926314,0.3866959246779138,FALSE,0.6763116155117352,NA,NA,NA,50,321,0.5
D,+ (1|temp): captures tau,0.3459229692531195,0.19962490721585135,-0.04534184888994913,0.7371877873961881,TRUE,1.0516896953873522,NA,NA,NA,50,321,0.5
E,+ interactions: lumps eps into residual,0.3459229692531195,0.1915389354371537,-0.029493344203701755,0.7213392827099407,TRUE,1.009090135465433,NA,NA,0.2202666070804852,50,321,0.5
F,+ (1|item:variant:judge:temp): splits eps/rho,0.34592296925311944,0.18950046201700801,-0.02549793630021624,0.7173438748064551,TRUE,0.9983507867529492,0.03571838789599073,0.09942310547435074,NA,50,321,0.5
A,"1 obs/item, naive SE",0.03296481236739821,0.0769671438754491,-0.11789078962848204,0.18382041436327845,FALSE,0.4054882390486494,NA,NA,NA,50,322,0.5
B,+ (1|variant): captures phi,0.07340537844214484,0.0738195979552085,-0.07128103355006382,0.2180917904343535,FALSE,0.3889059314787015,NA,NA,NA,50,322,0.5
C,+ (1|judge): captures lambda,-0.04956549193373817,0.13279305635479646,-0.30983988238913923,0.2107088985216629,FALSE,0.6995975148347712,NA,NA,NA,50,322,0.5
D,+ (1|temp): captures tau,0.3056751837772874,0.243898102954706,-0.1723650980139363,0.7837154655685111,TRUE,1.2849354581020933,NA,NA,NA,50,322,0.5
E,+ interactions: lumps eps into residual,0.3056751837772874,0.23624257803233917,-0.15736026916609736,0.7687106367206722,TRUE,1.2446036338526845,NA,NA,0.2104914588062984,50,322,0.5
F,+ (1|item:variant:judge:temp): splits eps/rho,0.3056751837772873,0.23483720586645795,-0.15460573972097025,0.7659561072755449,TRUE,1.2371996708620177,0.03804780702850041,0.09983227083653425,NA,50,322,0.5
A,"1 obs/item, naive SE",0.21739099963624856,0.0933345765599185,0.03445522957880828,0.40032676969368886,FALSE,0.49171725993726006,NA,NA,NA,50,323,0.5
B,+ (1|variant): captures phi,0.41264170146031315,0.1525882105809894,0.11356880872157393,0.7117145941990524,TRUE,0.8038849006557196,NA,NA,NA,50,323,0.5
C,+ (1|judge): captures lambda,0.6132894045454989,0.16831514499496764,0.2833917203553623,0.9431870887356354,TRUE,0.8867395659071321,NA,NA,NA,50,323,0.5
D,+ (1|temp): captures tau,0.42394726307714053,0.19163881790659812,0.048335179980208254,0.7995593461740729,TRUE,1.009616349179591,NA,NA,NA,50,323,0.5
E,+ interactions: lumps eps into residual,0.42394726307714053,0.18429646016193715,0.0627262011597437,0.7851683249945374,TRUE,0.9709343926662292,NA,NA,0.21505321206944372,50,323,0.5
F,+ (1|item:variant:judge:temp): splits eps/rho,0.4239472630771406,0.18234959170783588,0.0665420633297823,0.7813524628244989,TRUE,0.9606776490563795,0.03759390796661467,0.09901053642906271,NA,50,323,0.5
A,"1 obs/item, naive SE",0.37416553049066154,0.08886747068097517,0.19998528795595022,0.5483457730253729,TRUE,0.46818307631953604,NA,NA,NA,50,324,0.5
B,+ (1|variant): captures phi,0.273311188525665,0.14236465354081151,-0.0057235324143255495,0.5523459094656555,TRUE,0.750023838229607,NA,NA,NA,50,324,0.5
C,+ (1|judge): captures lambda,0.2236622260378263,0.1647738844523612,-0.09929458748880168,0.5466190395644542,TRUE,0.868083040159501,NA,NA,NA,50,324,0.5
D,+ (1|temp): captures tau,0.28163501732338336,0.2124595508863507,-0.134785702413864,0.6980557370606307,TRUE,1.119306821328643,NA,NA,NA,50,324,0.5
E,+ interactions: lumps eps into residual,0.28163501732338336,0.19578318275701298,-0.10210002088036207,0.6653700555271288,TRUE,1.0314502268649741,NA,NA,0.20878312240025873,50,324,0.5
F,+ (1|item:variant:judge:temp): splits eps/rho,0.28163501732338336,0.19418918475541544,-0.0989757847972309,0.6622458194439976,TRUE,1.0230525209066916,0.040084593790396215,0.09947281889404451,NA,50,324,0.5
A,"1 obs/item, naive SE",0.2306153601740528,0.08441982244024758,0.06515250819116752,0.39607821215693806,FALSE,0.44475140194223434,NA,NA,NA,50,325,0.5
B,+ (1|variant): captures phi,0.48740437432264944,0.1814726623578228,0.13171795610131676,0.8430907925439821,TRUE,0.9560576966974574,NA,NA,NA,50,325,0.5
C,+ (1|judge): captures lambda,0.4630883100784516,0.25883636859909576,-0.044230972375776056,0.9704075925326792,TRUE,1.3636351567733427,NA,NA,NA,50,325,0.5
D,+ (1|temp): captures tau,0.42551151485975314,0.21147870277832906,0.011013257414228206,0.8400097723052781,TRUE,1.1141393907593145,NA,NA,NA,50,325,0.5
E,+ interactions: lumps eps into residual,0.42551151485975314,0.19916513704214553,0.0351478462571479,0.8158751834623583,TRUE,1.0492674748304254,NA,NA,0.20637375763909988,50,325,0.5
F,+ (1|item:variant:judge:temp): splits eps/rho,0.42551151485975314,0.1979664918413664,0.037497190850675044,0.8135258388688312,TRUE,1.042952617512937,0.03780324412882477,0.0998944559422552,NA,50,325,0.5
A,"1 obs/item, naive SE",0.27899562141983797,0.08729962546647069,0.10788835550555542,0.4501028873341205,FALSE,0.45992315184891963,NA,NA,NA,50,326,0.5
B,+ (1|variant): captures phi,0.4389995103068901,0.11051350391353966,0.22239304263635237,0.6556059779774278,TRUE,0.5822215017555209,NA,NA,NA,50,326,0.5
C,+ (1|judge): captures lambda,0.918084304803123,0.24893679150121442,0.4301681934607427,1.4060004161455033,TRUE,1.3114809272849508,NA,NA,NA,50,326,0.5
D,+ (1|temp): captures tau,0.6472013973131722,0.2183239007700942,0.21928655180378753,1.0751162428225567,TRUE,1.1502021461099852,NA,NA,NA,50,326,0.5
E,+ interactions: lumps eps into residual,0.6472013973131722,0.1999279645494697,0.2553425867962115,1.0390602078301328,TRUE,1.0532863011382236,NA,NA,0.20944998641407844,50,326,0.5
F,+ (1|item:variant:judge:temp): splits eps/rho,0.6472013973131722,0.19840748611892048,0.25832272452008803,1.0360800701062562,TRUE,1.0452759204709539,0.039700869591137174,0.10038409142009937,NA,50,326,0.5
A,"1 obs/item, naive SE",0.3914310730286933,0.09178185178001569,0.21153864353986254,0.5713235025175241,TRUE,0.48353699489132235,NA,NA,NA,50,327,0.5
B,+ (1|variant): captures phi,0.558487307344611,0.13730120854015787,0.28937693860590163,0.8275976760833205,TRUE,0.723347943900499,NA,NA,NA,50,327,0.5
C,+ (1|judge): captures lambda,0.7175600679786668,0.15895306909294316,0.4060120525564982,1.0291080834008355,TRUE,0.8374170695768166,NA,NA,NA,50,327,0.5
D,+ (1|temp): captures tau,0.5449283087674119,0.2311583330774105,0.0918579759356874,0.9979986415991364,TRUE,1.2178181585204808,NA,NA,NA,50,327,0.5
E,+ interactions: lumps eps into residual,0.5449283087674119,0.22315071899562008,0.10755289953599656,0.9823037179988273,TRUE,1.1756314127285263,NA,NA,0.21711687399670235,50,327,0.5
F,+ (1|item:variant:judge:temp): splits eps/rho,0.5449283087674119,0.22157925221394095,0.11063297442808767,0.9792236431067363,TRUE,1.1673524086504008,0.038379773881358846,0.09985535409599972,NA,50,327,0.5
A,"1 obs/item, naive SE",-0.014902800141029876,0.08094703541185243,-0.17355898954826063,0.14375338926620088,FALSE,0.42645561719785435,NA,NA,NA,50,328,0.5
B,+ (1|variant): captures phi,0.21750664777902926,0.1652386460730472,-0.10636109852414324,0.5413743940822018,TRUE,0.870531557301495,NA,NA,NA,50,328,0.5
C,+ (1|judge): captures lambda,0.7063575385546556,0.36072808739605877,-6.695127416196378e-4,1.4133845898509307,TRUE,1.9004342576400646,NA,NA,NA,50,328,0.5
D,+ (1|temp): captures tau,0.8568407579719873,0.2618758287011871,0.3435641337176607,1.370117382226314,TRUE,1.379648032688942,NA,NA,NA,50,328,0.5
E,+ interactions: lumps eps into residual,0.8568407579719873,0.24745702146336265,0.37182499590379653,1.3418565200401782,TRUE,1.3036850118250183,NA,NA,0.2206174964556178,50,328,0.5
F,+ (1|item:variant:judge:temp): splits eps/rho,0.8568407579719874,0.24605584395104502,0.37457130382793924,1.3391102121160356,TRUE,1.2963031476495246,0.04184248770081842,0.10166266543785446,NA,50,328,0.5
A,"1 obs/item, naive SE",0.6154587465377953,0.08479519421539025,0.44926016587563045,0.7816573271999602,TRUE,0.44672898396525285,NA,NA,NA,50,329,0.5
B,+ (1|variant): captures phi,0.6477343825197958,0.2009097811819352,0.25395121140320276,1.0415175536363888,TRUE,1.0584588342130037,NA,NA,NA,50,329,0.5
C,+ (1|judge): captures lambda,0.6005971268787353,0.23694503334933398,0.13618486151404074,1.06500939224343,TRUE,1.2483043995970848,NA,NA,NA,50,329,0.5
D,+ (1|temp): captures tau,0.5461058090285481,0.17285690732792539,0.20730627066581436,0.8849053473912818,TRUE,0.9106670642894121,NA,NA,NA,50,329,0.5
E,+ interactions: lumps eps into residual,0.5461058090285481,0.15874725005836265,0.2349611989141573,0.8572504191429389,TRUE,0.8363327471803692,NA,NA,0.20849292259271568,50,329,0.5
F,+ (1|item:variant:judge:temp): splits eps/rho,0.546105809028548,0.15753943383270796,0.2373285187164404,0.8548830993406555,TRUE,0.8299695738862212,0.035831867376638564,0.0995576774727459,NA,50,329,0.5
A,"1 obs/item, naive SE",0.9195020599945236,0.09695937802834322,0.729461679058971,1.1095424409300763,FALSE,0.5108139067702385,NA,NA,NA,50,330,0.5
B,+ (1|variant): captures phi,0.8030177555663914,0.0905472509167646,0.6255451437695329,0.98049036736325,FALSE,0.4770327113131537,NA,NA,NA,50,330,0.5
C,+ (1|judge): captures lambda,0.6351210949189061,0.16444506516550655,0.3128087671945133,0.957433422643299,TRUE,0.8663507119623199,NA,NA,NA,50,330,0.5
D,+ (1|temp): captures tau,0.4841582945059609,0.28082686063873535,-0.0662623523459604,1.034578941357882,TRUE,1.4794883045450258,NA,NA,NA,50,330,0.5
E,+ interactions: lumps eps into residual,0.4841582945059609,0.268581339074171,-0.04226113007941418,1.0105777190913359,TRUE,1.4149748677013425,NA,NA,0.2184490870462165,50,330,0.5
F,+ (1|item:variant:judge:temp): splits eps/rho,0.48415829450596093,0.26723981401017805,-0.039631740953988026,1.00794832996591,TRUE,1.407907272251544,0.038695758404251,0.09978566006307595,NA,50,330,0.5
A,"1 obs/item, naive SE",0.815644456375175,0.08680681669486268,0.6455030956532442,0.9857858170971059,FALSE,0.4573268730872908,NA,NA,NA,50,331,0.5
B,+ (1|variant): captures phi,0.6722439473905639,0.13147735319492615,0.4145483351285087,0.9299395596526192,TRUE,0.6926659576722775,NA,NA,NA,50,331,0.5
C,+ (1|judge): captures lambda,0.5417198873167525,0.15045333809942082,0.24683134464188766,0.8366084299916172,TRUE,0.7926376899687086,NA,NA,NA,50,331,0.5
D,+ (1|temp): captures tau,0.45709262582305055,0.13555681956137244,0.19140125948276054,0.7227839921633405,TRUE,0.7141579287900488,NA,NA,NA,50,331,0.5
E,+ interactions: lumps eps into residual,0.45709262582305055,0.1282970837726287,0.2056303416286983,0.7085549100174028,TRUE,0.6759112519262195,NA,NA,0.22150630417534325,50,331,0.5
F,+ (1|item:variant:judge:temp): splits eps/rho,0.4570926258230507,0.12544858360853342,0.2112134019503252,0.7029718496957762,TRUE,0.6609044157970538,0.03791372624569065,0.10143914086062739,NA,50,331,0.5
A,"1 obs/item, naive SE",0.3344890178753962,0.07296375010999821,0.19148006765979972,0.47749796809099265,FALSE,0.38439704342369607,NA,NA,NA,50,332,0.5
B,+ (1|variant): captures phi,0.5473767708917948,0.09792182897585645,0.35544998609911616,0.7393035556844735,TRUE,0.5158844150446443,NA,NA,NA,50,332,0.5
C,+ (1|judge): captures lambda,0.27656982292402466,0.20806084349617673,-0.13122943032848172,0.6843690761765311,TRUE,1.0961329834554558,NA,NA,NA,50,332,0.5
D,+ (1|temp): captures tau,0.5513374064992955,0.2400680395810006,0.08080404892053439,1.0218707640780567,TRUE,1.2647574240131354,NA,NA,NA,50,332,0.5
E,+ interactions: lumps eps into residual,0.5513374064992955,0.2271869892542564,0.10605090756095298,0.996623905437638,TRUE,1.1968958125371951,NA,NA,0.2170974145289112,50,332,0.5
F,+ (1|item:variant:judge:temp): splits eps/rho,0.5513374064992955,0.2256831940146344,0.10899834623061211,0.9936764667679789,TRUE,1.1889733244091334,0.041951681028467344,0.09897326191496617,NA,50,332,0.5
A,"1 obs/item, naive SE",0.3280199801135841,0.0742119944843276,0.182564470924302,0.47347548930286615,FALSE,0.39097320550745834,NA,NA,NA,50,333,0.5
B,+ (1|variant): captures phi,0.42059497329081996,0.07435972411648345,0.2748499140225124,0.5663400325591275,TRUE,0.3917514938183137,NA,NA,NA,50,333,0.5
C,+ (1|judge): captures lambda,0.6830857196632103,0.17236425708060063,0.3452517757852331,1.0209196635411875,TRUE,0.908071620685868,NA,NA,NA,50,333,0.5
D,+ (1|temp): captures tau,0.5562245671874027,0.1529565608046549,0.2564297080102791,0.8560194263645262,TRUE,0.8058254908351993,NA,NA,NA,50,333,0.5
E,+ interactions: lumps eps into residual,0.5562245671874027,0.1314186919573067,0.2986439309510815,0.8138052034237238,TRUE,0.6923569109707237,NA,NA,0.21808044727012552,50,333,0.5
F,+ (1|item:variant:judge:temp): splits eps/rho,0.5562245671874027,0.12861422835736844,0.3041406796069605,0.8083084547678447,TRUE,0.6775820739512388,0.03913641846074802,0.09995520617305799,NA,50,333,0.5
A,"1 obs/item, naive SE",0.45606593103178156,0.09864186257443197,0.2627278803858949,0.6494039816776682,TRUE,0.5196777889603339,NA,NA,NA,50,334,0.5
B,+ (1|variant): captures phi,0.41286370489564234,0.13629008878212967,0.1457351308826682,0.6799922789086165,TRUE,0.7180210323184137,NA,NA,NA,50,334,0.5
C,+ (1|judge): captures lambda,0.557296680773405,0.11568514878194124,0.33055378916080014,0.7840395723860099,TRUE,0.6094674285897899,NA,NA,NA,50,334,0.5
D,+ (1|temp): captures tau,0.4003650231097613,0.2089885067810269,-0.00925245018105142,0.809982496400574,TRUE,1.1010202188764906,NA,NA,NA,50,334,0.5
E,+ interactions: lumps eps into residual,0.4003650231097613,0.18792728509595397,0.032027544321691526,0.7687025018978311,TRUE,0.9900627730978958,NA,NA,0.20224811750469177,50,334,0.5
F,+ (1|item:variant:judge:temp): splits eps/rho,0.4003650231097613,0.18689787809577066,0.034045182042050814,0.7666848641774717,TRUE,0.9846395183069404,0.036072666842628574,0.1003300849301771,NA,50,334,0.5
A,"1 obs/item, naive SE",0.5958742225358741,0.10037289131301254,0.3991433555623695,0.7926050895093786,TRUE,0.5287974179293585,NA,NA,NA,50,335,0.5
B,+ (1|variant): captures phi,0.4795134206222268,0.12230194027924765,0.2398016176749014,0.7192252235695522,TRUE,0.6443268633732427,NA,NA,NA,50,335,0.5
C,+ (1|judge): captures lambda,0.33330639409748014,0.1577463355795648,0.024123576361533117,0.6424892118334271,TRUE,0.8310596003671937,NA,NA,NA,50,335,0.5
D,+ (1|temp): captures tau,0.49219720661509975,0.15136950016630238,0.1955129862891471,0.7888814269410525,TRUE,0.7974643331891474,NA,NA,NA,50,335,0.5
E,+ interactions: lumps eps into residual,0.49219720661509975,0.13861830511252993,0.22050532859454108,0.7638890846356584,TRUE,0.7302868420185376,NA,NA,0.21813488752478338,50,335,0.5
F,+ (1|item:variant:judge:temp): splits eps/rho,0.49219720661509986,0.13611864811804703,0.2254046563037277,0.7589897569264721,TRUE,0.7171178264895383,0.04071710283483887,0.10172828303581637,NA,50,335,0.5
A,"1 obs/item, naive SE",-0.5456047714760953,0.07708313056621488,-0.6966877073858765,-0.39452183556631415,FALSE,0.4060992950996288,NA,NA,NA,50,336,0.5
B,+ (1|variant): captures phi,-0.004582589399974237,0.2250744085583585,-0.4457284301743569,0.43656325137440843,FALSE,1.1857660423119412,NA,NA,NA,50,336,0.5
C,+ (1|judge): captures lambda,0.3282832444330536,0.30632959639251084,-0.27212276449626766,0.928689253362375,TRUE,1.613845107864319,NA,NA,NA,50,336,0.5
D,+ (1|temp): captures tau,0.41335970573452124,0.32026728273087407,-0.21436416841799194,1.0410835798870344,TRUE,1.6872734255228368,NA,NA,NA,50,336,0.5
E,+ interactions: lumps eps into residual,0.41335970573452124,0.30729176480920123,-0.1889321532915132,1.0156515647605557,TRUE,1.6189141276733867,NA,NA,0.21716995263996713,50,336,0.5
F,+ (1|item:variant:judge:temp): splits eps/rho,0.41335970573452124,0.3061787919275653,-0.1867507264435067,1.0134701379125493,TRUE,1.613050620322591,0.03931391742038927,0.10158554231316218,NA,50,336,0.5
A,"1 obs/item, naive SE",0.14431396387763556,0.0875671909192288,-0.02731773032405288,0.315945658079324,FALSE,0.4613327746932428,NA,NA,NA,50,337,0.5
B,+ (1|variant): captures phi,0.5259404462341055,0.11846781370352741,0.2937435313751918,0.7581373610930192,TRUE,0.624127422999123,NA,NA,NA,50,337,0.5
C,+ (1|judge): captures lambda,0.3694132726716725,0.16647607763186473,0.043120160513217654,0.6957063848301274,TRUE,0.877050753915314,NA,NA,NA,50,337,0.5
D,+ (1|temp): captures tau,0.5058266918488539,0.15359927652981345,0.2047721098504195,0.8068812738472882,TRUE,0.8092115287532121,NA,NA,NA,50,337,0.5
E,+ interactions: lumps eps into residual,0.5058266918488539,0.13827488334510973,0.23480792049243882,0.7768454632052689,TRUE,0.7284775831489667,NA,NA,0.21750471675745794,50,337,0.5
F,+ (1|item:variant:judge:temp): splits eps/rho,0.5058266918488539,0.13750239437146317,0.2363219988807861,0.7753313848169217,TRUE,0.7244078570575928,0.036320868597842816,0.09980678007140374,NA,50,337,0.5
A,"1 obs/item, naive SE",0.3420292411380454,0.08551553283865732,0.17441879677427705,0.5096396855018137,TRUE,0.45052396485138213,NA,NA,NA,50,338,0.5
B,+ (1|variant): captures phi,0.6935985617853201,0.18200280715799833,0.33687305975564336,1.0503240638149969,TRUE,0.958850673942551,NA,NA,NA,50,338,0.5
C,+ (1|judge): captures lambda,0.42218095304206116,0.2560975692408483,-0.07977028267000152,0.9241321887541238,TRUE,1.3492062605851138,NA,NA,NA,50,338,0.5
D,+ (1|temp): captures tau,0.6328784292156131,0.20507533335863193,0.23093077583269456,1.0348260825985316,TRUE,1.0804043337046745,NA,NA,NA,50,338,0.5
E,+ interactions: lumps eps into residual,0.6328784292156131,0.18806145368416416,0.26427797999465136,1.001478878436575,TRUE,0.990769617367147,NA,NA,0.21214691165408336,50,338,0.5
F,+ (1|item:variant:judge:temp): splits eps/rho,0.6328784292156132,0.1863142804233648,0.26770243958581824,0.9980544188454081,TRUE,0.9815649337429128,0.04033543351585316,0.10070267929633904,NA,50,338,0.5
A,"1 obs/item, naive SE",-0.035069349149851395,0.09114907397331351,-0.21372153413754585,0.1435828358378431,FALSE,0.4802033131976903,NA,NA,NA,50,339,0.5
B,+ (1|variant): captures phi,0.22002311952377002,0.12184441395137634,-0.018791931820927588,0.4588381708684676,FALSE,0.6419164641344824,NA,NA,NA,50,339,0.5
C,+ (1|judge): captures lambda,0.33927449703811374,0.22760551491885198,-0.10683231220283612,0.7853813062790636,TRUE,1.1991007434491197,NA,NA,NA,50,339,0.5
D,+ (1|temp): captures tau,0.531205953528756,0.20335365047879406,0.13263279859031962,0.9297791084671924,TRUE,1.0713339417946486,NA,NA,NA,50,339,0.5
E,+ interactions: lumps eps into residual,0.531205953528756,0.1966976123578759,0.14567863330731928,0.9167332737501928,TRUE,1.0362677428843796,NA,NA,0.21171974123327333,50,339,0.5
F,+ (1|item:variant:judge:temp): splits eps/rho,0.531205953528756,0.19552851187229814,0.14797007025905162,0.9144418367984604,TRUE,1.0301085368479055,0.0358385045785324,0.10054317621996582,NA,50,339,0.5
A,"1 obs/item, naive SE",-0.558342626281845,0.07537965792539604,-0.7060867558156212,-0.4105984967480687,FALSE,0.3971248407206153,NA,NA,NA,50,340,0.5
B,+ (1|variant): captures phi,-0.1964333873823707,0.19605012223730062,-0.5806916269674799,0.18782485220273848,FALSE,1.032856551880354,NA,NA,NA,50,340,0.5
C,+ (1|judge): captures lambda,0.0702739189267536,0.3075611688109618,-0.5325459719427315,0.6730938097962387,TRUE,1.6203334365988071,NA,NA,NA,50,340,0.5
D,+ (1|temp): captures tau,0.4826775847581289,0.30451953493680256,-0.1141807037180041,1.079535873234262,TRUE,1.6043091085367007,NA,NA,NA,50,340,0.5
E,+ interactions: lumps eps into residual,0.4826775847581289,0.2937292689453771,-0.09303178237481019,1.058386951891068,TRUE,1.547462436886653,NA,NA,0.18742920356770212,50,340,0.5
F,+ (1|item:variant:judge:temp): splits eps/rho,0.48267758475812833,0.2929423287231166,-0.09148937953918018,1.0568445490554368,TRUE,1.5433165768625712,0.0348030053062343,0.10047162841844193,NA,50,340,0.5
A,"1 obs/item, naive SE",0.3995823666094107,0.08322256901166673,0.23646613134654393,0.5626986018722775,TRUE,0.4384438769386326,NA,NA,NA,50,341,0.5
B,+ (1|variant): captures phi,0.4466362363691445,0.09048441761274717,0.2692867778481601,0.623985694890129,TRUE,0.4767016847930471,NA,NA,NA,50,341,0.5
C,+ (1|judge): captures lambda,0.3054361154067857,0.12530928919425566,0.059829908586044644,0.5510423222275268,TRUE,0.6601705669894872,NA,NA,NA,50,341,0.5
D,+ (1|temp): captures tau,0.3219611878991683,0.1073638611257674,0.11152802009266419,0.5323943557056724,TRUE,0.5656281471974672,NA,NA,NA,50,341,0.5
E,+ interactions: lumps eps into residual,0.3219611878991683,0.10935261041083694,0.10763007149392789,0.5362923043044087,TRUE,0.5761055328052413,NA,NA,0.22280627584496812,50,341,0.5
F,+ (1|item:variant:judge:temp): splits eps/rho,0.3219611878991684,0.10797329723782584,0.11033352531302976,0.533588850485307,TRUE,0.5688388571634123,0.03908450763586556,0.10255123471794964,NA,50,341,0.5
A,"1 obs/item, naive SE",1.0287300292254138,0.08712638339357014,0.8579623177740163,1.1994977406768113,FALSE,0.45901045560565956,NA,NA,NA,50,342,0.5
B,+ (1|variant): captures phi,0.5572789477836693,0.2089829314954247,0.14767240205263682,0.9668854935147018,TRUE,1.1009908464374576,NA,NA,NA,50,342,0.5
C,+ (1|judge): captures lambda,0.46197457493623884,0.1596250966704465,0.14910938546216368,0.774839764410314,TRUE,0.8409575319776941,NA,NA,NA,50,342,0.5
D,+ (1|temp): captures tau,0.5620785159515579,0.2847246316928782,0.004018237833516625,1.1201387940695993,TRUE,1.500023044972926,NA,NA,NA,50,342,0.5
E,+ interactions: lumps eps into residual,0.5620785159515579,0.27420097049156317,0.024644613788094127,1.0995124181150215,TRUE,1.4445809350802787,NA,NA,0.2283200874487179,50,342,0.5
F,+ (1|item:variant:judge:temp): splits eps/rho,0.5620785159515579,0.2726962497829339,0.027593866377007448,1.0965631655261083,TRUE,1.4366535712769721,0.037965955119201825,0.09897530889861458,NA,50,342,0.5
A,"1 obs/item, naive SE",0.4531525250567682,0.07435114325408446,0.30742428427876267,0.5988807658347737,TRUE,0.39170628701176624,NA,NA,NA,50,343,0.5
B,+ (1|variant): captures phi,0.6022670760232898,0.13800657181851939,0.33177419525899177,0.8727599567875878,TRUE,0.7270640297422087,NA,NA,NA,50,343,0.5
C,+ (1|judge): captures lambda,0.4210197240338475,0.16603092621277082,0.0955991086568167,0.7464403394108783,TRUE,0.8747055497678079,NA,NA,NA,50,343,0.5
D,+ (1|temp): captures tau,0.4339644242497229,0.22425958400002122,-0.005584360390318677,0.8735132088897646,TRUE,1.1814732784304016,NA,NA,NA,50,343,0.5
E,+ interactions: lumps eps into residual,0.4339644242497229,0.2152507539732349,0.012072946462182543,0.8558559020372634,TRUE,1.1340117976021467,NA,NA,0.21378690956604943,50,343,0.5
F,+ (1|item:variant:judge:temp): splits eps/rho,0.4339644242497228,0.2141340578457701,0.01426167087201341,0.8536671776274323,TRUE,1.128128674967235,0.04036052074195286,0.10008848488827282,NA,50,343,0.5
A,"1 obs/item, naive SE",0.4149161895421859,0.07800839578293028,0.26201973380764254,0.5678126452767293,TRUE,0.4109738967086742,NA,NA,NA,50,344,0.5
B,+ (1|variant): captures phi,0.3064024317852012,0.11081296921911817,0.08920901211572962,0.5235958514546728,TRUE,0.5837991835207647,NA,NA,NA,50,344,0.5
C,+ (1|judge): captures lambda,0.453634077826169,0.09753296038852327,0.26246947546466337,0.6447986801876746,TRUE,0.5138357273740426,NA,NA,NA,50,344,0.5
D,+ (1|temp): captures tau,0.21082391928063116,0.19060653899805183,-0.16276489715555043,0.5844127357168127,TRUE,1.0041779642304125,NA,NA,NA,50,344,0.5
E,+ interactions: lumps eps into residual,0.21082391928063116,0.1770071174799052,-0.13611003097998303,0.5577578695412453,TRUE,0.9325317369467655,NA,NA,0.21946484390962184,50,344,0.5
F,+ (1|item:variant:judge:temp): splits eps/rho,0.21082391928063102,0.17548273677720735,-0.13312224480269538,0.5547700833639574,TRUE,0.9245007978258213,0.04109654136249528,0.10071626578831994,NA,50,344,0.5
A,"1 obs/item, naive SE",0.30240737461317835,0.07979207034382463,0.14601491673928207,0.4587998324870746,FALSE,0.4203708811921224,NA,NA,NA,50,345,0.5
B,+ (1|variant): captures phi,0.49741922877271516,0.18500858576014712,0.13480240068282684,0.8600360568626035,TRUE,0.9746861046339605,NA,NA,NA,50,345,0.5
C,+ (1|judge): captures lambda,0.44606806178008834,0.22895384279487732,-0.0026814700978711747,0.8948175936580478,TRUE,1.2062041783510886,NA,NA,NA,50,345,0.5
D,+ (1|temp): captures tau,0.6213874656409945,0.30726739044607937,0.019143380366678953,1.22363155091531,TRUE,1.6187857155083698,NA,NA,NA,50,345,0.5
E,+ interactions: lumps eps into residual,0.6213874656409945,0.2995986152704475,0.034174179710917296,1.2086007515710717,TRUE,1.5783840845649244,NA,NA,0.21953311688760763,50,345,0.5
F,+ (1|item:variant:judge:temp): splits eps/rho,0.6213874656409945,0.2984709592610172,0.03638438548940082,1.206390545792588,TRUE,1.572443221665601,0.04220446837333561,0.10116276392690383,NA,50,345,0.5
A,"1 obs/item, naive SE",1.233316580102238,0.10419035745339923,1.0291034794935756,1.4375296807109006,FALSE,0.5489090856482254,NA,NA,NA,50,346,0.5
B,+ (1|variant): captures phi,0.9592594421458691,0.23648150829433678,0.495755685888969,1.422763198402769,TRUE,1.2458623970900164,NA,NA,NA,50,346,0.5
C,+ (1|judge): captures lambda,1.0285243593622753,0.2917653138322189,0.45666434425112623,1.6003843744734243,TRUE,1.5371156751347317,NA,NA,NA,50,346,0.5
D,+ (1|temp): captures tau,0.7248866929338424,0.2730483568644307,0.1897119134795583,1.2600614723881267,TRUE,1.4385085872388967,NA,NA,NA,50,346,0.5
E,+ interactions: lumps eps into residual,0.7248866929338424,0.2584171597914279,0.21838905974264378,1.231384326125041,TRUE,1.3614266268389332,NA,NA,0.20949366416000365,50,346,0.5
F,+ (1|item:variant:judge:temp): splits eps/rho,0.7248866929338424,0.25719831320242154,0.22077799905709627,1.2289953868105887,TRUE,1.3550053419612402,0.03887099590235364,0.10016779604275551,NA,50,346,0.5
A,"1 obs/item, naive SE",0.26790702879192235,0.08248194198608466,0.10624242249919641,0.4295716350846483,FALSE,0.4345420100734532,NA,NA,NA,50,347,0.5
B,+ (1|variant): captures phi,0.4541016612097165,0.08629533028790509,0.28496281384542255,0.6232405085740105,TRUE,0.4546321943969892,NA,NA,NA,50,347,0.5
C,+ (1|judge): captures lambda,0.4569576424534035,0.09373143395618218,0.2732440318992864,0.6406712530075205,TRUE,0.4938080352819292,NA,NA,NA,50,347,0.5
D,+ (1|temp): captures tau,0.3879546316699094,0.1202699305422768,0.15222556780704688,0.6236836955327719,TRUE,0.6336215674705212,NA,NA,NA,50,347,0.5
E,+ interactions: lumps eps into residual,0.3879546316699094,0.11573380610920964,0.16111637169585852,0.6147928916439602,TRUE,0.6097237713999479,NA,NA,0.2188428557384698,50,347,0.5
F,+ (1|item:variant:judge:temp): splits eps/rho,0.3879546316699094,0.11383270170228664,0.1648425363334276,0.6110667270063912,TRUE,0.5997081278487426,0.03914355765441026,0.10091928698902194,NA,50,347,0.5
A,"1 obs/item, naive SE",0.9892207912280149,0.08497684476123482,0.8226661754959946,1.1557754069600352,FALSE,0.44768597881068894,NA,NA,NA,50,348,0.5
B,+ (1|variant): captures phi,0.9414550850485456,0.08725675444263958,0.7704318463409721,1.112478323756119,FALSE,0.45969729318918273,NA,NA,NA,50,348,0.5
C,+ (1|judge): captures lambda,0.7332797380155808,0.1519032624921159,0.43554934353103364,1.031010132500128,TRUE,0.8002763687496052,NA,NA,NA,50,348,0.5
D,+ (1|temp): captures tau,0.48941501318920216,0.25577686829718677,-0.011907648673283922,0.9907376750516883,TRUE,1.3475167024911174,NA,NA,NA,50,348,0.5
E,+ interactions: lumps eps into residual,0.48941501318920216,0.24256345493555226,0.013990641515519764,0.9648393848628846,TRUE,1.2779040931873165,NA,NA,0.20604385146665916,50,348,0.5
F,+ (1|item:variant:judge:temp): splits eps/rho,0.48941501318920233,0.24129444854501006,0.0164778940409826,0.962352132337422,TRUE,1.2712185499706534,0.0408100117700264,0.09811893867327212,NA,50,348,0.5
A,"1 obs/item, naive SE",-0.11254630248509052,0.08898931483235097,-0.28696535955649843,0.06187275458631737,FALSE,0.46882499140033596,NA,NA,NA,50,349,0.5
B,+ (1|variant): captures phi,0.2791350327350162,0.2527014518848625,-0.21615981295931425,0.7744298784293466,TRUE,1.3313143969022196,NA,NA,NA,50,349,0.5
C,+ (1|judge): captures lambda,0.16765291428807125,0.26467323256902264,-0.35110662154721306,0.6864124501233556,TRUE,1.39438567671679,NA,NA,NA,50,349,0.5
D,+ (1|temp): captures tau,0.3383472389483183,0.22015390299699347,-0.09315441092578891,0.7698488888224255,TRUE,1.1598431999815084,NA,NA,NA,50,349,0.5
E,+ interactions: lumps eps into residual,0.3383472389483183,0.2059822398627947,-0.0653779511827593,0.7420724290793959,TRUE,1.085182215575279,NA,NA,0.21168749017588298,50,349,0.5
F,+ (1|item:variant:judge:temp): splits eps/rho,0.3383472389483184,0.2043535433512449,-0.06218570602012158,0.7388801839167585,TRUE,1.0766017064494406,0.036601765456375696,0.10096789988420862,NA,50,349,0.5
A,"1 obs/item, naive SE",0.15504388999791877,0.06798671470585231,0.021789929174448247,0.28829785082138926,FALSE,0.3581763832810291,NA,NA,NA,50,350,0.5
B,+ (1|variant): captures phi,0.0884505929287806,0.20579375593208152,-0.31490516869809915,0.49180635455566035,FALSE,1.0841892202099122,NA,NA,NA,50,350,0.5
C,+ (1|judge): captures lambda,0.5833771313189712,0.3046037805175303,-0.013646278495388131,1.1804005411333305,TRUE,1.6047529419759692,NA,NA,NA,50,350,0.5
D,+ (1|temp): captures tau,0.5600244967512785,0.2763550885880978,0.018368523118606817,1.1016804703839502,TRUE,1.455929537999469,NA,NA,NA,50,350,0.5
E,+ interactions: lumps eps into residual,0.5600244967512785,0.26362987107883895,0.04330994943675415,1.076739044065803,TRUE,1.3888889050809554,NA,NA,0.21869406982906794,50,350,0.5
F,+ (1|item:variant:judge:temp): splits eps/rho,0.5600244967512785,0.2622973917833162,0.045921608855978846,1.0741273846465782,TRUE,1.3818689657158587,0.039822911964942476,0.1012445718682921,NA,50,350,0.5
A,"1 obs/item, naive SE",0.5338013201541513,0.08463877838580447,0.3679093145179745,0.6996933257903281,TRUE,0.4459049339082479,NA,NA,NA,50,351,0.5
B,+ (1|variant): captures phi,0.026935187346693347,0.18663386143980967,-0.3388671810753336,0.3927375557687203,FALSE,0.9832485916918333,NA,NA,NA,50,351,0.5
C,+ (1|judge): captures lambda,0.4291646505263462,0.2559249496140946,-0.07244825071727923,0.9307775517699717,TRUE,1.3482968435929639,NA,NA,NA,50,351,0.5
D,+ (1|temp): captures tau,0.5419488950828495,0.21092203184991545,0.1285417126570152,0.9553560775086838,TRUE,1.1112066651425592,NA,NA,NA,50,351,0.5
E,+ interactions: lumps eps into residual,0.5419488950828495,0.19847607023984942,0.15293579741274466,0.9309619927529543,TRUE,1.0456372441867876,NA,NA,0.21237331872777843,50,351,0.5
F,+ (1|item:variant:judge:temp): splits eps/rho,0.5419488950828493,0.19731819658525632,0.1552052297757469,0.9286925603899516,TRUE,1.0395371847899941,0.03893666188122663,0.10020179280636426,NA,50,351,0.5
A,"1 obs/item, naive SE",0.2771048954578812,0.08867075871227603,0.10331020838182017,0.45089958253394224,FALSE,0.46714673294272213,NA,NA,NA,50,352,0.5
B,+ (1|variant): captures phi,0.07531175254327128,0.12326920671780002,-0.16629589262361677,0.3169193977101593,FALSE,0.6494227412389221,NA,NA,NA,50,352,0.5
C,+ (1|judge): captures lambda,0.24573601654726562,0.13280144611542513,-0.014554817838967615,0.5060268509334989,TRUE,0.6996417148543128,NA,NA,NA,50,352,0.5
D,+ (1|temp): captures tau,0.4465273462477687,0.16354394355083102,0.1259812168881399,0.7670734756073975,TRUE,0.8616033067929824,NA,NA,NA,50,352,0.5
E,+ interactions: lumps eps into residual,0.4465273462477687,0.15328981834065442,0.14607930230008603,0.7469753901954513,TRUE,0.8075812011892279,NA,NA,0.2168179460585802,50,352,0.5
F,+ (1|item:variant:judge:temp): splits eps/rho,0.4465273462477686,0.1519076219817663,0.1487884071635066,0.7442662853320305,TRUE,0.8002993359755212,0.043318383038890476,0.09975334761500326,NA,50,352,0.5
A,"1 obs/item, naive SE",1.256398573325521,0.08134139905387619,1.0969694311799236,1.4158277154711183,FALSE,0.42853325462464775,NA,NA,NA,50,353,0.5
B,+ (1|variant): captures phi,1.1642337130978522,0.1446715421836871,0.8806774904178254,1.447789935777879,FALSE,0.7621772866542319,NA,NA,NA,50,353,0.5
C,+ (1|judge): captures lambda,0.7891275106123448,0.2266135310466084,0.3449649897609923,1.2332900314636972,TRUE,1.1938746460097809,NA,NA,NA,50,353,0.5
D,+ (1|temp): captures tau,0.6257564345317347,0.24489915462622747,0.14575409146432888,1.1057587775991404,TRUE,1.2902093276916784,NA,NA,NA,50,353,0.5
E,+ interactions: lumps eps into residual,0.6257564345317347,0.22948895564985236,0.17595808145802405,1.0755547876054452,TRUE,1.2090233289435446,NA,NA,0.21597891717019888,50,353,0.5
F,+ (1|item:variant:judge:temp): splits eps/rho,0.6257564345317347,0.22797071129839527,0.17893384038687998,1.0725790286765893,TRUE,1.201024718140029,0.03977992289938419,0.10069816565032412,NA,50,353,0.5
A,"1 obs/item, naive SE",0.8905425795369898,0.07245982425799895,0.7485213239913119,1.0325638350826678,FALSE,0.3817421962246245,NA,NA,NA,50,354,0.5
B,+ (1|variant): captures phi,0.5230063839386362,0.16783241264535687,0.19405485515373672,0.8519579127235357,TRUE,0.8841963730521101,NA,NA,NA,50,354,0.5
C,+ (1|judge): captures lambda,0.1925552234782598,0.255828027474728,-0.30886771037220706,0.6939781573287267,TRUE,1.3477862258717164,NA,NA,NA,50,354,0.5
D,+ (1|temp): captures tau,0.353217942871665,0.263659286633335,-0.16355425892967151,0.8699901446730016,TRUE,1.3890438759008747,NA,NA,NA,50,354,0.5
E,+ interactions: lumps eps into residual,0.353217942871665,0.25853190617484306,-0.15350459323102733,0.8599404789743574,TRUE,1.3620311485426815,NA,NA,0.2071055308470513,50,354,0.5
F,+ (1|item:variant:judge:temp): splits eps/rho,0.35321794287166514,0.25727599241415927,-0.151043002260087,0.8574788880034172,TRUE,1.355414581608085,0.03772655987858736,0.09890317564663667,NA,50,354,0.5
A,"1 obs/item, naive SE",0.7288509602170522,0.08469906442814747,0.5628407939378832,0.8948611264962212,FALSE,0.4462225406157078,NA,NA,NA,50,355,0.5
B,+ (1|variant): captures phi,0.5807553172016174,0.12092144487387962,0.3437492852488134,0.8177613491544216,TRUE,0.6370539593423581,NA,NA,NA,50,355,0.5
C,+ (1|judge): captures lambda,0.5351472239984554,0.09991116305021613,0.33932134442003176,0.730973103576879,TRUE,0.5263648815148168,NA,NA,NA,50,355,0.5
D,+ (1|temp): captures tau,0.5804044013801666,0.1835210053301133,0.22070323093314448,0.9401055718271887,TRUE,0.9668490414580975,NA,NA,NA,50,355,0.5
E,+ interactions: lumps eps into residual,0.5804044013801666,0.1777268416416288,0.23205979176257413,0.928749010997759,TRUE,0.9363234806473026,NA,NA,0.21216379277397895,50,355,0.5
F,+ (1|item:variant:judge:temp): splits eps/rho,0.5804044013801666,0.1764603812526254,0.23454205412502083,0.9262667486353123,TRUE,0.9296513506044771,0.041224068001706346,0.10143144561069607,NA,50,355,0.5
A,"1 obs/item, naive SE",-0.03410755442315406,0.08817459561131583,-0.20692976182133307,0.13871465297502497,FALSE,0.46453278247036417,NA,NA,NA,50,356,0.5
B,+ (1|variant): captures phi,0.3926311939824599,0.23910323250291582,-0.07601114172325513,0.8612735296881748,TRUE,1.2596745028676224,NA,NA,NA,50,356,0.5
C,+ (1|judge): captures lambda,0.2125249246819286,0.27643086099868003,-0.3292795628754842,0.7543294122393415,TRUE,1.4563287319904163,NA,NA,NA,50,356,0.5
D,+ (1|temp): captures tau,0.3047390733226556,0.2807603138331072,-0.24555114179023452,0.8550292884355457,TRUE,1.4791377140765507,NA,NA,NA,50,356,0.5
E,+ interactions: lumps eps into residual,0.3047390733226556,0.2732276258749403,-0.23078707339222737,0.8402652200375386,TRUE,1.4394530353725727,NA,NA,0.21536375951194214,50,356,0.5
F,+ (1|item:variant:judge:temp): splits eps/rho,0.30473907332265565,0.2720052437000964,-0.22839120432953325,0.8378693509748445,TRUE,1.4330131238653454,0.03900528505684123,0.10153961058984898,NA,50,356,0.5
A,"1 obs/item, naive SE",0.2477765525795278,0.09187759432277366,0.06769646770689142,0.4278566374521642,FALSE,0.4840413981095033,NA,NA,NA,50,357,0.5
B,+ (1|variant): captures phi,-0.0771636172083979,0.12499469850116947,-0.32215322627069004,0.16782599185389424,FALSE,0.6585131997060261,NA,NA,NA,50,357,0.5
C,+ (1|judge): captures lambda,0.06624383163728917,0.15729759597247436,-0.24205945646876056,0.3745471197433389,FALSE,0.8286954924646719,NA,NA,NA,50,357,0.5
D,+ (1|temp): captures tau,0.3121691265960298,0.15455161100447873,0.009247969027251501,0.615090284164808,TRUE,0.8142287401199512,NA,NA,NA,50,357,0.5
E,+ interactions: lumps eps into residual,0.3121691265960298,0.14380029337408523,0.030320551582822763,0.5940177016092368,TRUE,0.7575872612513095,NA,NA,0.21476611212604887,50,357,0.5
F,+ (1|item:variant:judge:temp): splits eps/rho,0.31216912659602986,0.14202447254277173,0.03380116041219727,0.5905370927798624,TRUE,0.7482316527994683,0.038611192790057466,0.10000163915517883,NA,50,357,0.5
A,"1 obs/item, naive SE",0.43897085207601466,0.09022600426091658,0.26212788372461815,0.6158138204274112,TRUE,0.4753402782277988,NA,NA,NA,50,358,0.5
B,+ (1|variant): captures phi,0.5378021577273312,0.16314544135515438,0.21803709267122862,0.8575672227834338,TRUE,0.8595038661038042,NA,NA,NA,50,358,0.5
C,+ (1|judge): captures lambda,0.5869406114744979,0.17699644538638357,0.24002757851718615,0.9338536444318097,TRUE,0.9324755128465696,NA,NA,NA,50,358,0.5
D,+ (1|temp): captures tau,0.42858418608189625,0.18429092015604295,0.06737398257605204,0.7897943895877404,TRUE,0.9709052060923062,NA,NA,NA,50,358,0.5
E,+ interactions: lumps eps into residual,0.42858418608189625,0.1789701600530288,0.07780267237795979,0.7793656997858327,TRUE,0.9428736911375241,NA,NA,0.21841732874804612,50,358,0.5
F,+ (1|item:variant:judge:temp): splits eps/rho,0.42858418608189613,0.17707952086506384,0.08150832518637102,0.7756600469774213,TRUE,0.9329131818032442,0.04163683004970394,0.09994703013139049,NA,50,358,0.5
A,"1 obs/item, naive SE",0.09375640801236355,0.07867240368258303,-0.060441503205499195,0.24795431923022632,FALSE,0.4144721088078563,NA,NA,NA,50,359,0.5
B,+ (1|variant): captures phi,-0.09115661100889459,0.08831049863193673,-0.26424518832749055,0.08193196630970138,FALSE,0.46524876430024914,NA,NA,NA,50,359,0.5
C,+ (1|judge): captures lambda,0.300560721686597,0.20918406748532525,-0.10944005058464051,0.7105614939578344,TRUE,1.1020504970136316,NA,NA,NA,50,359,0.5
D,+ (1|temp): captures tau,0.45018956075682526,0.24357864431551546,-0.027224582101585015,0.9276037036152356,TRUE,1.2832524448768154,NA,NA,NA,50,359,0.5
E,+ interactions: lumps eps into residual,0.45018956075682526,0.23926459316014206,-0.01876904183705319,0.9191481633507037,TRUE,1.2605246039036735,NA,NA,0.21691494335191044,50,359,0.5
F,+ (1|item:variant:judge:temp): splits eps/rho,0.45018956075682515,0.23831925306637106,-0.01691617525326211,0.9172952967669123,TRUE,1.2555442412369022,0.04357346057780389,0.10103506927036561,NA,50,359,0.5
A,"1 obs/item, naive SE",0.364483055414952,0.08762765821196214,0.19273284531950624,0.5362332655103978,TRUE,0.4616513362873973,NA,NA,NA,50,360,0.5
B,+ (1|variant): captures phi,0.40981852794738777,0.0652007365971558,0.2820250842169624,0.5376119716778132,TRUE,0.34349893391183434,NA,NA,NA,50,360,0.5
C,+ (1|judge): captures lambda,0.7838353376787435,0.21308891479974632,0.3661810646712407,1.2014896106862463,TRUE,1.1226225175090354,NA,NA,NA,50,360,0.5
D,+ (1|temp): captures tau,0.6516141194066281,0.16394341460746656,0.3302850267759936,0.9729432120372625,TRUE,0.8637078517604839,NA,NA,NA,50,360,0.5
E,+ interactions: lumps eps into residual,0.6516141194066281,0.15108424759051958,0.3554889941292097,0.9477392446840465,TRUE,0.7959615287609951,NA,NA,0.2168277712322063,50,360,0.5
F,+ (1|item:variant:judge:temp): splits eps/rho,0.6516141194066277,0.14926276726340512,0.3590590955703537,0.9441691432429018,TRUE,0.7863653710615668,0.039174716455162024,0.1013613973061368,NA,50,360,0.5
A,"1 obs/item, naive SE",0.7018197265570775,0.08465243092305359,0.5359009619478925,0.8677384911662624,FALSE,0.4459768599666794,NA,NA,NA,50,361,0.5
B,+ (1|variant): captures phi,0.5376580685730784,0.07161572861773947,0.397291240482309,0.6780248966638478,TRUE,0.3772952226522216,NA,NA,NA,50,361,0.5
C,+ (1|judge): captures lambda,0.24967064720205498,0.20614704439506978,-0.15437755981228177,0.6537188542163918,TRUE,1.086050460078253,NA,NA,NA,50,361,0.5
D,+ (1|temp): captures tau,0.5204946965033488,0.2405887378067528,0.04894077040211331,0.9920486226045843,TRUE,1.2675006335958854,NA,NA,NA,50,361,0.5
E,+ interactions: lumps eps into residual,0.5204946965033488,0.22526992014795144,0.07896565301336395,0.9620237399933336,TRUE,1.1867960616966533,NA,NA,0.2071429944455612,50,361,0.5
F,+ (1|item:variant:judge:temp): splits eps/rho,0.5204946965033487,0.22394034183000686,0.08157162651653527,0.9594177664901621,TRUE,1.1797914056359704,0.04266979016240101,0.09866038824958182,NA,50,361,0.5
A,"1 obs/item, naive SE",0.8421824699623464,0.08183497552472618,0.681785917933883,1.0025790219908097,FALSE,0.4311335778784856,NA,NA,NA,50,362,0.5
B,+ (1|variant): captures phi,0.769788382164614,0.08828288169044671,0.5967539340513385,0.9428228302778895,FALSE,0.46510326916545736,NA,NA,NA,50,362,0.5
C,+ (1|judge): captures lambda,0.49385702858196423,0.26259864580697334,-0.02083631719970347,1.008550374363632,TRUE,1.3834560710364971,NA,NA,NA,50,362,0.5
D,+ (1|temp): captures tau,0.4746840927058371,0.21724499570407005,0.04888390112585983,0.9004842842858144,TRUE,1.144518119221437,NA,NA,NA,50,362,0.5
E,+ interactions: lumps eps into residual,0.4746840927058371,0.20458819997486136,0.07369122075510887,0.8756769646565654,TRUE,1.0778379547535912,NA,NA,0.21838781807251825,50,362,0.5
F,+ (1|item:variant:judge:temp): splits eps/rho,0.47468409270583706,0.20283502348931073,0.077127446666788,0.8722407387448861,TRUE,1.0686016441660786,0.038764078592615756,0.10044583654303624,NA,50,362,0.5
A,"1 obs/item, naive SE",0.3626616894714808,0.0905790458258374,0.1851267596528395,0.5401966192901221,TRUE,0.47720021735588153,NA,NA,NA,50,363,0.5
B,+ (1|variant): captures phi,0.6121194520750644,0.12439820258567831,0.3682989750071349,0.8559399291429939,TRUE,0.6553706629534135,NA,NA,NA,50,363,0.5
C,+ (1|judge): captures lambda,0.6716426975410169,0.17881619092808773,0.321162963321965,1.0221224317600688,TRUE,0.9420625311256463,NA,NA,NA,50,363,0.5
D,+ (1|temp): captures tau,0.3374667036165428,0.28636842287760145,-0.22381540522355609,0.8987488124566416,TRUE,1.5086830778037625,NA,NA,NA,50,363,0.5
E,+ interactions: lumps eps into residual,0.3374667036165428,0.2766631621536486,-0.2047930942046085,0.879726501437694,TRUE,1.4575525709106913,NA,NA,0.2216722417066444,50,363,0.5
F,+ (1|item:variant:judge:temp): splits eps/rho,0.3374667036165428,0.2759070911168393,-0.20331119497246225,0.8782446022055479,TRUE,1.4535693399127008,0.04030238474742048,0.0987124995050418,NA,50,363,0.5
A,"1 obs/item, naive SE",0.003539911828760298,0.07453649970100246,-0.1425516275852045,0.1496314512427251,FALSE,0.3926828057634393,NA,NA,NA,50,364,0.5
B,+ (1|variant): captures phi,0.21753458502092438,0.14473528018471116,-0.06614656414110948,0.5012157341829582,TRUE,0.762513079415849,NA,NA,NA,50,364,0.5
C,+ (1|judge): captures lambda,0.4823058734101384,0.1735105784071232,0.14222513973217699,0.8223866070880999,TRUE,0.9141108186172312,NA,NA,NA,50,364,0.5
D,+ (1|temp): captures tau,0.6280450603829767,0.21391661248465535,0.20876849991305224,1.0473216208529013,TRUE,1.1269831012571023,NA,NA,NA,50,364,0.5
E,+ interactions: lumps eps into residual,0.6280450603829767,0.1979941603174188,0.23997650616083588,1.0161136146051175,TRUE,1.0430983841487604,NA,NA,0.21069645327826275,50,364,0.5
F,+ (1|item:variant:judge:temp): splits eps/rho,0.6280450603829768,0.19637199063920946,0.2431559587301263,1.0129341620358274,TRUE,1.0345522605285355,0.03793099110857671,0.10126858116102251,NA,50,364,0.5
A,"1 obs/item, naive SE",0.4047318585974244,0.06785509655832866,0.27173586934310023,0.5377278478517485,TRUE,0.3574829755725064,NA,NA,NA,50,365,0.5
B,+ (1|variant): captures phi,0.5601401483432168,0.13787625725106378,0.2899026841311318,0.8303776125553017,TRUE,0.7263774897224119,NA,NA,NA,50,365,0.5
C,+ (1|judge): captures lambda,0.7229193278991602,0.12208402370483885,0.4836346414376761,0.9622040143606444,TRUE,0.6431788071564299,NA,NA,NA,50,365,0.5
D,+ (1|temp): captures tau,0.5102504480222829,0.2115447000450868,0.0956228359339128,0.924878060110653,TRUE,1.1144870860762008,NA,NA,NA,50,365,0.5
E,+ interactions: lumps eps into residual,0.5102504480222829,0.20336469142297114,0.11165565283325951,0.9088452432113063,TRUE,1.0713921091214633,NA,NA,0.2097270889902657,50,365,0.5
F,+ (1|item:variant:judge:temp): splits eps/rho,0.5102504480222833,0.20220823641436264,0.11392230465013248,0.906578591394434,TRUE,1.0652995236185052,0.039492747159887216,0.09986238781098332,NA,50,365,0.5
A,"1 obs/item, naive SE",0.8927256672901628,0.08261041684660612,0.7308092502708148,1.0546420843095108,FALSE,0.4352188579117876,NA,NA,NA,50,366,0.5
B,+ (1|variant): captures phi,0.42628083336675454,0.21239574615329673,0.009985170906292973,0.8425764958272162,TRUE,1.1189706770007346,NA,NA,NA,50,366,0.5
C,+ (1|judge): captures lambda,0.35671356285320743,0.2257116518826904,-0.08568127483686577,0.7991084005432807,TRUE,1.1891232498217714,NA,NA,NA,50,366,0.5
D,+ (1|temp): captures tau,0.38321601884234513,0.29759936073296844,-0.20007872819427297,0.9665107658789632,TRUE,1.5678513538308299,NA,NA,NA,50,366,0.5
E,+ interactions: lumps eps into residual,0.38321601884234513,0.291957279043313,-0.18902024808254825,0.9554522857672385,TRUE,1.5381270110306187,NA,NA,0.21747520425354605,50,366,0.5
F,+ (1|item:variant:judge:temp): splits eps/rho,0.38321601884234535,0.29073820537986717,-0.18663086370219428,0.953062901386885,TRUE,1.5317045298500627,0.03851630506699687,0.09996294418738721,NA,50,366,0.5
A,"1 obs/item, naive SE",0.7615870323578294,0.08457305893151615,0.5958238368520578,0.9273502278636011,FALSE,0.4455587021988612,NA,NA,NA,50,367,0.5
B,+ (1|variant): captures phi,0.5061208828730783,0.25275545222697665,0.010720196508204105,1.0015215692379527,TRUE,1.33159888847264,NA,NA,NA,50,367,0.5
C,+ (1|judge): captures lambda,0.7314191178201684,0.3056171645017865,0.13240947539666692,1.33042876024367,TRUE,1.61009178224684,NA,NA,NA,50,367,0.5
D,+ (1|temp): captures tau,0.6661118313590914,0.26637300539397935,0.14402074078689187,1.1882029219312908,TRUE,1.4033406392484618,NA,NA,NA,50,367,0.5
E,+ interactions: lumps eps into residual,0.6661118313590914,0.25827718518928944,0.15988854838808408,1.1723351143300986,TRUE,1.360689194577909,NA,NA,0.21676793134765562,50,367,0.5
F,+ (1|item:variant:judge:temp): splits eps/rho,0.6661118313590914,0.25699054072469885,0.16241037153868165,1.169813291179501,TRUE,1.353910728183563,0.04327029972143392,0.09888952411865744,NA,50,367,0.5
A,"1 obs/item, naive SE",0.36081464504507865,0.08760377799591348,0.18911124017308822,0.5325180499170691,TRUE,0.4615255274517552,NA,NA,NA,50,368,0.5
B,+ (1|variant): captures phi,0.5563252336281992,0.15462043908227338,0.25326917302694335,0.859381294229455,TRUE,0.8145913490808244,NA,NA,NA,50,368,0.5
C,+ (1|judge): captures lambda,0.6596315757463301,0.15809475706661155,0.3497658518957715,0.9694972995968888,TRUE,0.8328951994048549,NA,NA,NA,50,368,0.5
D,+ (1|temp): captures tau,0.5541455914957673,0.20564846853716112,0.15107459316293148,0.957216589828603,TRUE,1.0834237984084019,NA,NA,NA,50,368,0.5
E,+ interactions: lumps eps into residual,0.5541455914957673,0.20094667813588174,0.16029010234943902,0.9480010806420955,TRUE,1.0586532195068927,NA,NA,0.19926666118643868,50,368,0.5
F,+ (1|item:variant:judge:temp): splits eps/rho,0.5541455914957673,0.199528591605774,0.16306955194845024,0.9452216310430843,TRUE,1.051182273061972,0.036576803676939496,0.09869426732228906,NA,50,368,0.5
A,"1 obs/item, naive SE",0.14943154950516072,0.07551411869822987,0.001423876856630174,0.29743922215369123,FALSE,0.39783322431460366,NA,NA,NA,50,369,0.5
B,+ (1|variant): captures phi,0.5024440956099785,0.17934957631575613,0.15091892603109647,0.8539692651888605,TRUE,0.9448725808519286,NA,NA,NA,50,369,0.5
C,+ (1|judge): captures lambda,0.42375056268215894,0.24185546641637606,-0.050286151493938114,0.897787276858256,TRUE,1.274174176713191,NA,NA,NA,50,369,0.5
D,+ (1|temp): captures tau,0.6794032777543123,0.32097773699709525,0.05028691324000567,1.308519642268619,TRUE,1.6910163323637195,NA,NA,NA,50,369,0.5
E,+ interactions: lumps eps into residual,0.6794032777543123,0.31542194727460654,0.06117626109608354,1.297630294412541,TRUE,1.6617466040398765,NA,NA,0.20061146554542372,50,369,0.5
F,+ (1|item:variant:judge:temp): splits eps/rho,0.6794032777543121,0.31457623410661334,0.06283385890534998,1.295972696603274,TRUE,1.6572911087991444,0.04356094534487641,0.09841661744317899,NA,50,369,0.5
A,"1 obs/item, naive SE",0.7520165348716145,0.07731100400530719,0.6004869670212124,0.9035461027220165,FALSE,0.40729980735578086,NA,NA,NA,50,370,0.5
B,+ (1|variant): captures phi,0.9768729605457739,0.15038035303659386,0.6821274685940499,1.2716184524974978,FALSE,0.7922531806428793,NA,NA,NA,50,370,0.5
C,+ (1|judge): captures lambda,0.7902892897047057,0.20343008389568273,0.3915663252691675,1.189012254140244,TRUE,1.0717366181843144,NA,NA,NA,50,370,0.5
D,+ (1|temp): captures tau,0.8582075321750018,0.22334570642207416,0.42044994758773646,1.2959651167622672,TRUE,1.1766586706493534,NA,NA,NA,50,370,0.5
E,+ interactions: lumps eps into residual,0.8582075321750018,0.2090935032490528,0.4483842658068583,1.2680307985431454,TRUE,1.1015733748178758,NA,NA,0.21919706762635108,50,370,0.5
F,+ (1|item:variant:judge:temp): splits eps/rho,0.8582075321750016,0.20795539139516153,0.450614965040485,1.2658000993095182,TRUE,1.0955774270895624,0.04211287334265732,0.10126413086184581,NA,50,370,0.5
A,"1 obs/item, naive SE",0.04151456740514655,0.07499344428039381,-0.1054725833844253,0.18850171819471842,FALSE,0.39509014015978977,NA,NA,NA,50,371,0.5
B,+ (1|variant): captures phi,0.13248107618400587,0.11256659632949768,-0.088149452621809593,0.3531116049898213,FALSE,0.5930378681481486,NA,NA,NA,50,371,0.5
C,+ (1|judge): captures lambda,0.18410295251659017,0.23863379960865513,-0.2836192947163739,0.6518251997495542,TRUE,1.2572013759194105,NA,NA,NA,50,371,0.5
D,+ (1|temp): captures tau,0.47159532922227754,0.21016630090584223,0.059669379446826765,0.8835212789977283,TRUE,1.1072252258650057,NA,NA,NA,50,371,0.5
E,+ interactions: lumps eps into residual,0.47159532922227754,0.19837200900984048,0.08278619156299022,0.8604044668815649,TRUE,1.0450890153870045,NA,NA,0.21196017410713344,50,371,0.5
F,+ (1|item:variant:judge:temp): splits eps/rho,0.4715953292222776,0.19718397718859484,0.08511473393263169,0.8580759245119235,TRUE,1.0388300728451036,0.03798649201757031,0.10004652491431264,NA,50,371,0.5
A,"1 obs/item, naive SE",0.8082156294753737,0.07939286030906663,0.6526056232696031,0.9638256356811443,FALSE,0.4182677113737578,NA,NA,NA,50,372,0.5
B,+ (1|variant): captures phi,0.7881838383925834,0.10716532003801353,0.5781398111180769,0.99822786566709,FALSE,0.5645821674196234,NA,NA,NA,50,372,0.5
C,+ (1|judge): captures lambda,0.7410716064947125,0.22875525411816697,0.2927113084231052,1.1894319045663198,TRUE,1.2051579478589634,NA,NA,NA,50,372,0.5
D,+ (1|temp): captures tau,0.6003700809090446,0.20076547021385324,0.20686975928989232,0.993870402528197,TRUE,1.0576985565493597,NA,NA,NA,50,372,0.5
E,+ interactions: lumps eps into residual,0.6003700809090446,0.196598420857206,0.21503717602892092,0.9857029857891684,TRUE,1.0357451694210806,NA,NA,0.21828275856780868,50,372,0.5
F,+ (1|item:variant:judge:temp): splits eps/rho,0.6003700809090445,0.19532374636611533,0.21753553803145853,0.9832046237866305,TRUE,1.0290297647857078,0.038790997953493375,0.10117341788604216,NA,50,372,0.5
A,"1 obs/item, naive SE",0.6030771794234004,0.0749274394520244,0.4562193980974326,0.7499349607493683,TRUE,0.394742405005845,NA,NA,NA,50,373,0.5
B,+ (1|variant): captures phi,0.21226658122694736,0.12264753851546646,-0.028122594263366912,0.45265575671726166,FALSE,0.6461475885965855,NA,NA,NA,50,373,0.5
C,+ (1|judge): captures lambda,0.36125363788061754,0.1877592914425139,-0.0067545733467097024,0.7292618491079448,TRUE,0.9891777272552829,NA,NA,NA,50,373,0.5
D,+ (1|temp): captures tau,0.5226644512992151,0.20185439147903403,0.12702984400030842,0.9182990585981219,TRUE,1.0634353520707749,NA,NA,NA,50,373,0.5
E,+ interactions: lumps eps into residual,0.5226644512992151,0.1922427805982428,0.14586860132665924,0.899460301271771,TRUE,1.0127982233658333,NA,NA,0.2082280363519797,50,373,0.5
F,+ (1|item:variant:judge:temp): splits eps/rho,0.5226644512992151,0.19051403643790243,0.14925693988092636,0.8960719627175039,TRUE,1.003690630306691,0.03539114782989539,0.10001313632682733,NA,50,373,0.5
A,"1 obs/item, naive SE",0.12024419034856128,0.091380369794941,-0.05886133444952309,0.29934971514664566,FALSE,0.48142185569113155,NA,NA,NA,50,374,0.5
B,+ (1|variant): captures phi,0.12162286144152086,0.09403511023388854,-0.06268595461690067,0.3059316774999424,FALSE,0.49540790183391226,NA,NA,NA,50,374,0.5
C,+ (1|judge): captures lambda,0.23373701298255958,0.12925786065868577,-0.019608393908464555,0.4870824198735837,FALSE,0.6809729406940445,NA,NA,NA,50,374,0.5
D,+ (1|temp): captures tau,0.3899514979320547,0.15599529993440103,0.08420071006062868,0.6957022858034807,TRUE,0.8218345684312568,NA,NA,NA,50,374,0.5
E,+ interactions: lumps eps into residual,0.3899514979320547,0.14381260034111973,0.10807880126346003,0.6718241946006493,TRUE,0.7576520984031067,NA,NA,0.19745938851307424,50,374,0.5
F,+ (1|item:variant:judge:temp): splits eps/rho,0.38995149793205464,0.14275762345538917,0.11014655595949185,0.6697564399046174,TRUE,0.7520941330416251,0.039640242677323675,0.10063707719416536,NA,50,374,0.5
A,"1 obs/item, naive SE",0.8453881435447554,0.07122043782680476,0.7057960854042181,0.9849802016852928,FALSE,0.3752127006998981,NA,NA,NA,50,375,0.5
B,+ (1|variant): captures phi,0.5314506488828595,0.13857009014750538,0.259853272193749,0.8030480255719701,TRUE,0.730032829718234,NA,NA,NA,50,375,0.5
C,+ (1|judge): captures lambda,0.9163587195467308,0.23508156941588207,0.4555988434916019,1.3771185956018597,TRUE,1.23848705844527,NA,NA,NA,50,375,0.5
D,+ (1|temp): captures tau,0.5825719353064286,0.22577425293125103,0.1400543995611766,1.0250894710516807,TRUE,1.1894530527437108,NA,NA,NA,50,375,0.5
E,+ interactions: lumps eps into residual,0.5825719353064286,0.2115741871391311,0.16788652851373165,0.9972573420991255,TRUE,1.1146424337899998,NA,NA,0.2145719349970315,50,375,0.5
F,+ (1|item:variant:judge:temp): splits eps/rho,0.5825719353064287,0.20999920903310607,0.1709734856015408,0.9941703850113166,TRUE,1.106344930899861,0.04268891686249542,0.09960780672261667,NA,50,375,0.5
A,"1 obs/item, naive SE",0.1974039599632239,0.0862961666037777,0.028263473419819607,0.3665444465066282,FALSE,0.4546366003841858,NA,NA,NA,50,376,0.5
B,+ (1|variant): captures phi,0.48524612667075095,0.1299920441365587,0.2304617201630959,0.7400305331784061,TRUE,0.6848408608297203,NA,NA,NA,50,376,0.5
C,+ (1|judge): captures lambda,0.6481868146241105,0.158192662332043,0.3381291964533063,0.9582444327949148,TRUE,0.8334109965576975,NA,NA,NA,50,376,0.5
D,+ (1|temp): captures tau,0.6300162379588863,0.18090600880935773,0.27544046069254513,0.9845920152252274,TRUE,0.9530723793536101,NA,NA,NA,50,376,0.5
E,+ interactions: lumps eps into residual,0.6300162379588863,0.16656357127415244,0.3035516382615475,0.956480837656225,TRUE,0.8775116992116161,NA,NA,0.21224240663805105,50,376,0.5
F,+ (1|item:variant:judge:temp): splits eps/rho,0.6300162379588863,0.16464221820656635,0.3073174902740162,0.9527149856437563,TRUE,0.8673893790534594,0.03994773743179878,0.10197551693831584,NA,50,376,0.5
A,"1 obs/item, naive SE",0.3989719328803176,0.08074679030914356,0.24070822387439625,0.557235641886239,TRUE,0.4254006601085419,NA,NA,NA,50,377,0.5
B,+ (1|variant): captures phi,0.8482816646754009,0.25788850856017465,0.3428201878974586,1.3537431414533432,TRUE,1.3586415182063631,NA,NA,NA,50,377,0.5
C,+ (1|judge): captures lambda,0.6012471241061358,0.3001299859093705,0.012992351723769557,1.189501896488502,TRUE,1.581183519931887,NA,NA,NA,50,377,0.5
D,+ (1|temp): captures tau,0.5876263726461086,0.20074070134263655,0.194174598014541,0.9810781472776762,TRUE,1.0575680659858913,NA,NA,NA,50,377,0.5
E,+ interactions: lumps eps into residual,0.5876263726461086,0.19319549874184683,0.20896319511208883,0.9662895501801284,TRUE,1.0178174560267834,NA,NA,0.22686444075350065,50,377,0.5
F,+ (1|item:variant:judge:temp): splits eps/rho,0.5876263726461088,0.19166535448301691,0.2119622778593957,0.963290467432822,TRUE,1.0097561525957066,0.03863566393045191,0.09943264552739108,NA,50,377,0.5
A,"1 obs/item, naive SE",0.5355698097433549,0.09271643643045578,0.35384559433966156,0.7172940251470482,TRUE,0.488460694343677,NA,NA,NA,50,378,0.5
B,+ (1|variant): captures phi,0.714143780959565,0.19430967830636214,0.3332968114790952,1.0949907504400347,TRUE,1.0236873205800323,NA,NA,NA,50,378,0.5
C,+ (1|judge): captures lambda,0.8874539486172901,0.17371509790742282,0.5469723567187414,1.2279355405158388,FALSE,0.9151882946394908,NA,NA,NA,50,378,0.5
D,+ (1|temp): captures tau,0.6562056493285527,0.20894803638164802,0.24666749802052262,1.065743800636583,TRUE,1.1008070074962646,NA,NA,NA,50,378,0.5
E,+ interactions: lumps eps into residual,0.6562056493285527,0.1988704672216758,0.26641953357406817,1.0459917650830373,TRUE,1.0477150572586313,NA,NA,0.21526311628757985,50,378,0.5
F,+ (1|item:variant:judge:temp): splits eps/rho,0.6562056493285526,0.19753039099824496,0.2690460829719925,1.0433652156851128,TRUE,1.0406550947776372,0.03688932491501243,0.10045618107311752,NA,50,378,0.5
A,"1 obs/item, naive SE",0.38604943449852214,0.08274099214101317,0.2238770899021363,0.548221779094908,TRUE,0.43590677152695373,NA,NA,NA,50,379,0.5
B,+ (1|variant): captures phi,0.13266050038977686,0.1594125095262539,-0.1797880182816808,0.44510901906123457,FALSE,0.8398375529528452,NA,NA,NA,50,379,0.5
C,+ (1|judge): captures lambda,0.3146162656591996,0.21344650619995276,-0.1037388864927078,0.732971417811107,TRUE,1.1245064266664715,NA,NA,NA,50,379,0.5
D,+ (1|temp): captures tau,0.4096067075219485,0.20326449232318025,0.011208302568515238,0.8080051124753818,TRUE,1.0708642272944566,NA,NA,NA,50,379,0.5
E,+ interactions: lumps eps into residual,0.4096067075219485,0.19557347826776897,0.02628269011712131,0.7929307249267756,TRUE,1.0303454346148972,NA,NA,0.21202772790442068,50,379,0.5
F,+ (1|item:variant:judge:temp): splits eps/rho,0.40960670752194855,0.19449386520513226,0.028398731719889325,0.7908146833240077,TRUE,1.0246576777672365,0.040158579523114815,0.0989307765665594,NA,50,379,0.5
A,"1 obs/item, naive SE",0.934928110627033,0.08910895596786517,0.7602745569300172,1.1095816643240486,FALSE,0.46945530026870114,NA,NA,NA,50,380,0.5
B,+ (1|variant): captures phi,0.8175517231672929,0.0682505599608254,0.683780625644075,0.9513228206905107,FALSE,0.3595664068993344,NA,NA,NA,50,380,0.5
C,+ (1|judge): captures lambda,0.9471530137353937,0.13072439519792386,0.690933199147463,1.2033728283233245,FALSE,0.6886991271922985,NA,NA,NA,50,380,0.5
D,+ (1|temp): captures tau,0.8530962596491746,0.17644859014684253,0.5072570229613632,1.1989354963369858,FALSE,0.9295892311794915,NA,NA,NA,50,380,0.5
E,+ interactions: lumps eps into residual,0.8530962596491746,0.16487790704584213,0.529935561839324,1.1762569574590251,FALSE,0.8686310654093414,NA,NA,0.2085210446552401,50,380,0.5
F,+ (1|item:variant:judge:temp): splits eps/rho,0.8530962596491747,0.1630000515220064,0.5336161586660422,1.1725763606323072,FALSE,0.8587379046240051,0.03885163541552822,0.10193109231131578,NA,50,380,0.5
A,"1 obs/item, naive SE",0.487789746463353,0.08324263674226288,0.3246341784485177,0.6509453144781883,TRUE,0.4385496003464585,NA,NA,NA,50,381,0.5
B,+ (1|variant): captures phi,0.6833150014656529,0.11400646676439424,0.4598623266074402,0.9067676763238657,TRUE,0.6006235793712288,NA,NA,NA,50,381,0.5
C,+ (1|judge): captures lambda,0.5495663673766941,0.18465149698610375,0.1876494332839307,0.9114833014694574,TRUE,0.9728048434765347,NA,NA,NA,50,381,0.5
D,+ (1|temp): captures tau,0.49479418415408843,0.2698313476290356,-0.034075257198821374,1.0236636255069982,TRUE,1.421560324068647,NA,NA,NA,50,381,0.5
E,+ interactions: lumps eps into residual,0.49479418415408843,0.2574960175971857,-0.009898010336395535,0.9994863786445725,TRUE,1.3565737466689076,NA,NA,0.2109866043145955,50,381,0.5
F,+ (1|item:variant:judge:temp): splits eps/rho,0.4947941841540883,0.2562301473008445,-0.007416904555566817,0.9970052728637435,TRUE,1.3499047254283894,0.03956720004416737,0.09912144041255093,NA,50,381,0.5
A,"1 obs/item, naive SE",-0.2954833400604596,0.09002598002484398,-0.4719342609091538,-0.11903241921176541,FALSE,0.47428648473659973,NA,NA,NA,50,382,0.5
B,+ (1|variant): captures phi,0.14053068082462122,0.23928876143379885,-0.3284752915856245,0.6095366532348669,TRUE,1.260651930321577,NA,NA,NA,50,382,0.5
C,+ (1|judge): captures lambda,0.07599703312943827,0.22509985229252188,-0.3651986773639046,0.5171927436227811,TRUE,1.1859000882754684,NA,NA,NA,50,382,0.5
D,+ (1|temp): captures tau,0.4593489859685687,0.2918585613507745,-0.11269379427894927,1.0313917662160867,TRUE,1.5376069337444567,NA,NA,NA,50,382,0.5
E,+ interactions: lumps eps into residual,0.4593489859685687,0.281622294228278,-0.09263071071885615,1.0113286826559935,TRUE,1.4836789104225903,NA,NA,0.2169055029476927,50,382,0.5
F,+ (1|item:variant:judge:temp): splits eps/rho,0.45934898596856877,0.2804413139773247,-0.0903159894269876,1.0090139613641251,TRUE,1.4774571178732236,0.04126611288765545,0.10034712668791651,NA,50,382,0.5
A,"1 obs/item, naive SE",0.2520918914908096,0.09557412288762458,0.06476661063106545,0.4394171723505538,FALSE,0.5035159268873932,NA,NA,NA,50,383,0.5
B,+ (1|variant): captures phi,0.4139886313178314,0.09328467011983974,0.23115067788294555,0.5968265847527173,TRUE,0.4914543363898114,NA,NA,NA,50,383,0.5
C,+ (1|judge): captures lambda,0.3834204586163421,0.12075027366160493,0.14674992223959646,0.6200909949930877,TRUE,0.6361521730742667,NA,NA,NA,50,383,0.5
D,+ (1|temp): captures tau,0.36018738896324914,0.17385883954092,0.019424063463045982,0.7009507144634524,TRUE,0.9159455728612093,NA,NA,NA,50,383,0.5
E,+ interactions: lumps eps into residual,0.36018738896324914,0.1603827735039672,0.04583715289547341,0.6745376250310249,TRUE,0.8449492228411285,NA,NA,0.20527450607946887,50,383,0.5
F,+ (1|item:variant:judge:temp): splits eps/rho,0.3601873889632493,0.1590524914481663,0.04844450572484338,0.6719302722016552,TRUE,0.8379408592578621,0.040699463402136135,0.09910018469884685,NA,50,383,0.5
A,"1 obs/item, naive SE",0.12254920882595512,0.09172015434086882,-0.057222293682147776,0.302320711334058,FALSE,0.4832119524810965,NA,NA,NA,50,384,0.5
B,+ (1|variant): captures phi,0.32785719695980614,0.17871020780088298,-0.022414810329924484,0.6781292042495368,TRUE,0.9415041771390585,NA,NA,NA,50,384,0.5
C,+ (1|judge): captures lambda,0.6384425436660648,0.2783283987630204,0.09291888209054477,1.183966205241585,TRUE,1.4663255852949355,NA,NA,NA,50,384,0.5
D,+ (1|temp): captures tau,0.43302998706737894,0.26915528312206727,-0.09451436785187295,0.9605743419866308,TRUE,1.4179985937950446,NA,NA,NA,50,384,0.5
E,+ interactions: lumps eps into residual,0.43302998706737894,0.25905330034341323,-0.07471448160571093,0.9407744557404688,TRUE,1.364778024581188,NA,NA,0.2055302681955241,50,384,0.5
F,+ (1|item:variant:judge:temp): splits eps/rho,0.43302998706737866,0.25792016506895393,-0.07249353646777107,0.9385535106025285,TRUE,1.3588082951108058,0.040345409442667665,0.09710991188791804,NA,50,384,0.5
A,"1 obs/item, naive SE",0.7269634113279093,0.08566507151904931,0.5590598711505727,0.894866951505246,FALSE,0.451311783823591,NA,NA,NA,50,385,0.5
B,+ (1|variant): captures phi,0.7213896601424946,0.17229178625863592,0.3836977590755682,1.059081561209421,TRUE,0.9076898205501057,NA,NA,NA,50,385,0.5
C,+ (1|judge): captures lambda,0.5430421450373735,0.19233949736203085,0.166056730207793,0.920027559866954,TRUE,1.0133077591009563,NA,NA,NA,50,385,0.5
D,+ (1|temp): captures tau,0.6573264055487947,0.18410425372916536,0.29648206823963064,1.0181707428579587,TRUE,0.969921785935173,NA,NA,NA,50,385,0.5
E,+ interactions: lumps eps into residual,0.6573264055487947,0.17791224102449166,0.3086184131407911,1.0060343979567983,TRUE,0.9373002255996609,NA,NA,0.20706588341119075,50,385,0.5
F,+ (1|item:variant:judge:temp): splits eps/rho,0.6573264055487947,0.17617815990599597,0.3120172121330426,1.0026355989645468,TRUE,0.9281645156888944,0.040285680966129986,0.10077372444475402,NA,50,385,0.5
A,"1 obs/item, naive SE",0.5187172839996044,0.0948420022528645,0.33282695958398995,0.7046076084152189,TRUE,0.4996588744879896,NA,NA,NA,50,386,0.5
B,+ (1|variant): captures phi,0.8187687468092495,0.15583856570858626,0.5133251580204204,1.1242123355980786,FALSE,0.8210088409581531,NA,NA,NA,50,386,0.5
C,+ (1|judge): captures lambda,0.8204666493991482,0.20574266539980104,0.4172110252155381,1.2237222735827582,TRUE,1.0839200584751336,NA,NA,NA,50,386,0.5
D,+ (1|temp): captures tau,0.5434278066633863,0.25590533256497994,0.04185335483602559,1.045002258490747,TRUE,1.3481934945234737,NA,NA,NA,50,386,0.5
E,+ interactions: lumps eps into residual,0.5434278066633863,0.24415975943641255,0.06487467816801773,1.021980935158755,TRUE,1.286313950542641,NA,NA,0.21890826112113698,50,386,0.5
F,+ (1|item:variant:judge:temp): splits eps/rho,0.5434278066633863,0.24264756917078115,0.06783857108865526,1.0190170422381173,TRUE,1.2783472346552793,0.03733042736917349,0.10016792966497882,NA,50,386,0.5
A,"1 obs/item, naive SE",0.5510355822830086,0.08900118379867715,0.37659326203760146,0.7254779025284158,TRUE,0.4688875210202829,NA,NA,NA,50,387,0.5
B,+ (1|variant): captures phi,0.32643556866807855,0.09398218682835303,0.1422304824845066,0.5106406548516504,TRUE,0.4951290839197413,NA,NA,NA,50,387,0.5
C,+ (1|judge): captures lambda,0.0786118355985107,0.1791780884786354,-0.27257721781961464,0.42980088901663605,FALSE,0.9439691264999668,NA,NA,NA,50,387,0.5
D,+ (1|temp): captures tau,0.21155624526031047,0.1704566352913469,-0.12253875991072943,0.5456512504313504,TRUE,0.898021641420078,NA,NA,NA,50,387,0.5
E,+ interactions: lumps eps into residual,0.21155624526031047,0.15533544587120032,-0.09290122864724215,0.5160137191678631,TRUE,0.8183582401092739,NA,NA,0.22556007858814595,50,387,0.5
F,+ (1|item:variant:judge:temp): splits eps/rho,0.21155624526031055,0.15276049477841352,-0.08785432450537997,0.510966815026001,TRUE,0.8047925504957925,0.034846402638979354,0.10131340670128872,NA,50,387,0.5
A,"1 obs/item, naive SE",0.3101696530909009,0.09343543788553073,0.12703619483526066,0.49330311134654115,FALSE,0.4922486305877911,NA,NA,NA,50,388,0.5
B,+ (1|variant): captures phi,0.30226400746168613,0.1275806633769794,0.05220590724280649,0.5523221076805658,TRUE,0.6721369135524263,NA,NA,NA,50,388,0.5
C,+ (1|judge): captures lambda,0.2495928620831064,0.14101256474027096,-0.026791764807824664,0.5259774889740375,TRUE,0.7429005895398051,NA,NA,NA,50,388,0.5
D,+ (1|temp): captures tau,0.43933959150181884,0.19956001167205428,0.04820196862459247,0.8304772143790452,TRUE,1.0513478043095312,NA,NA,NA,50,388,0.5
E,+ interactions: lumps eps into residual,0.43933959150181884,0.1862058707332636,0.07437608486462216,0.8043030981390156,TRUE,0.9809937958245554,NA,NA,0.20480035793028117,50,388,0.5
F,+ (1|item:variant:judge:temp): splits eps/rho,0.4393395915018187,0.1846804613595287,0.0773658872371425,0.801313295766495,TRUE,0.9729574373261161,0.039100337595746604,0.10237269540715241,NA,50,388,0.5
A,"1 obs/item, naive SE",0.46343068576955865,0.07447475683667075,0.317460162369684,0.6094012091694333,TRUE,0.39235752403839314,NA,NA,NA,50,389,0.5
B,+ (1|variant): captures phi,0.6013080959253346,0.11417459344887207,0.3775258927655454,0.8250902990851239,TRUE,0.601509326065121,NA,NA,NA,50,389,0.5
C,+ (1|judge): captures lambda,0.4662446203668264,0.12942891858256575,0.21256393994499756,0.7199253007886552,TRUE,0.6818741301215961,NA,NA,NA,50,389,0.5
D,+ (1|temp): captures tau,0.3792076501778832,0.24552286987505154,-0.10201717477721778,0.8604324751329842,TRUE,1.293495264848483,NA,NA,NA,50,389,0.5
E,+ interactions: lumps eps into residual,0.3792076501778832,0.23760086394139374,-0.08649004314724851,0.8449053435030149,TRUE,1.2517595309492222,NA,NA,0.20913825054682625,50,389,0.5
F,+ (1|item:variant:judge:temp): splits eps/rho,0.37920765017788316,0.23624385401649836,-0.0838303036944536,0.84224560405022,TRUE,1.2446103561570825,0.040000718449350575,0.09915691528805656,NA,50,389,0.5
A,"1 obs/item, naive SE",1.2450638245244465,0.07708562724161198,1.093975995130887,1.396151653918006,FALSE,0.40611244840712174,NA,NA,NA,50,390,0.5
B,+ (1|variant): captures phi,1.200370095221071,0.10349811279037081,0.9975137941519442,1.4032263962901979,FALSE,0.5452621129886129,NA,NA,NA,50,390,0.5
C,+ (1|judge): captures lambda,0.992432769780062,0.22539952095014745,0.5506497087177731,1.434215830842351,FALSE,1.1874788413662067,NA,NA,NA,50,390,0.5
D,+ (1|temp): captures tau,0.7264797507627215,0.20361999612321233,0.3273845583612254,1.1255749431642177,TRUE,1.0727371382872743,NA,NA,NA,50,390,0.5
E,+ interactions: lumps eps into residual,0.7264797507627215,0.18718868681287423,0.359589924609488,1.093369576915955,TRUE,0.986171594315752,NA,NA,0.2123420179854521,50,390,0.5
F,+ (1|item:variant:judge:temp): splits eps/rho,0.7264797507627215,0.1860800494192353,0.3617628539010203,1.0911966476244228,TRUE,0.9803309277422646,0.041938057924232816,0.09937884427593603,NA,50,390,0.5
A,"1 obs/item, naive SE",0.6053987659598675,0.09504230422136467,0.4191158496859928,0.7916816822337422,TRUE,0.5007141311650016,NA,NA,NA,50,391,0.5
B,+ (1|variant): captures phi,0.009257018229094655,0.3392894747104058,-0.6557503522033008,0.6742643886614901,TRUE,1.7874885918944454,NA,NA,NA,50,391,0.5
C,+ (1|judge): captures lambda,0.30600696564166197,0.31906731919536857,-0.31936497998126046,0.9313789112645844,TRUE,1.680951622784228,NA,NA,NA,50,391,0.5
D,+ (1|temp): captures tau,0.4795546930332541,0.31173546524259926,-0.13144681884224046,1.0905562049087487,TRUE,1.6423250037026977,NA,NA,NA,50,391,0.5
E,+ interactions: lumps eps into residual,0.4795546930332541,0.3041857793009762,-0.11664943439665915,1.0757588204631674,TRUE,1.6025507740288902,NA,NA,0.20264958181484632,50,391,0.5
F,+ (1|item:variant:judge:temp): splits eps/rho,0.47955469303325393,0.3032157995535202,-0.11474827409164556,1.0738576601581533,TRUE,1.5974406015591252,0.03751789665420771,0.10064361577866052,NA,50,391,0.5
A,"1 obs/item, naive SE",1.3516064660592044,0.07974109012220154,1.1953139294196895,1.5078990026987193,FALSE,0.42010230061018333,NA,NA,NA,50,392,0.5
B,+ (1|variant): captures phi,1.1102700699623511,0.1048271558507801,0.9048088444948221,1.31573129542988,FALSE,0.5522639491364798,NA,NA,NA,50,392,0.5
C,+ (1|judge): captures lambda,0.6551292808646314,0.25938811555129976,0.14672857438408393,1.163529987345179,TRUE,1.3665419412632505,NA,NA,NA,50,392,0.5
D,+ (1|temp): captures tau,0.4764898791874834,0.23701686208918424,0.011936829492682322,0.9410429288822846,TRUE,1.2486828170329987,NA,NA,NA,50,392,0.5
E,+ interactions: lumps eps into residual,0.4764898791874834,0.2182011177852044,0.04881568832848282,0.904164070046484,TRUE,1.1495552849453217,NA,NA,0.2118227014060812,50,392,0.5
F,+ (1|item:variant:judge:temp): splits eps/rho,0.47648987918748326,0.2167595967695263,0.05164106951921171,0.9013386888557549,TRUE,1.1419608779195807,0.04336931733747336,0.09791698959347259,NA,50,392,0.5
A,"1 obs/item, naive SE",0.997223555985212,0.08559007606540459,0.8294670068970189,1.164980105073405,FALSE,0.45091668309743876,NA,NA,NA,50,393,0.5
B,+ (1|variant): captures phi,0.9915009371038292,0.10513058064472011,0.7854449990401778,1.1975568751674808,FALSE,0.553862490789234,NA,NA,NA,50,393,0.5
C,+ (1|judge): captures lambda,0.7521955379186597,0.1730626376605943,0.41299276810389485,1.0913983077334244,TRUE,0.911750919375003,NA,NA,NA,50,393,0.5
D,+ (1|temp): captures tau,0.5584591158303353,0.24255018865591377,0.08306074606474428,1.0338574855959262,TRUE,1.2778342020610711,NA,NA,NA,50,393,0.5
E,+ interactions: lumps eps into residual,0.5584591158303353,0.2317109950488465,0.10430556553459608,1.0126126661260744,TRUE,1.2207297636327792,NA,NA,0.21686417420501447,50,393,0.5
F,+ (1|item:variant:judge:temp): splits eps/rho,0.5584591158303354,0.23022750529923708,0.10721320544383067,1.00970502621684,TRUE,1.2129142515073807,0.03882197881709367,0.10086544605035887,NA,50,393,0.5
A,"1 obs/item, naive SE",1.0997131255454735,0.08664341700532911,0.9298920282150285,1.2695342228759185,FALSE,0.45646602975812584,NA,NA,NA,50,394,0.5
B,+ (1|variant): captures phi,0.960773084991969,0.09682503394496896,0.7709960184598299,1.1505501515241081,FALSE,0.5101061379347185,NA,NA,NA,50,394,0.5
C,+ (1|judge): captures lambda,0.787080384429375,0.17162197723903447,0.45070130904086747,1.1234594598178824,TRUE,0.9041610462422451,NA,NA,NA,50,394,0.5
D,+ (1|temp): captures tau,0.6057683782461597,0.16604812076199904,0.2803140615526416,0.9312226949396778,TRUE,0.8747961363108018,NA,NA,NA,50,394,0.5
E,+ interactions: lumps eps into residual,0.6057683782461597,0.1516730604555066,0.30848917975336676,0.9030475767389526,TRUE,0.7990635886755366,NA,NA,0.21859522736027007,50,394,0.5
F,+ (1|item:variant:judge:temp): splits eps/rho,0.6057683782461597,0.14993889559953227,0.31188814287107647,0.8996486136212429,TRUE,0.7899274376081798,0.040276421181269596,0.10053522871669578,NA,50,394,0.5
A,"1 obs/item, naive SE",1.0303712008117518,0.07480932036493457,0.88374493289648,1.1769974687270235,FALSE,0.39412011478939113,NA,NA,NA,50,395,0.5
B,+ (1|variant): captures phi,1.1336404914175866,0.2207921081800312,0.7008879593847255,1.5663930234504477,FALSE,1.163205474879489,NA,NA,NA,50,395,0.5
C,+ (1|judge): captures lambda,0.9824130068090793,0.19851735547340263,0.5933189900812101,1.3715070235369484,FALSE,1.0458547483815552,NA,NA,NA,50,395,0.5
D,+ (1|temp): captures tau,0.7295684954780446,0.19234123834031333,0.3525796683310305,1.1065573226250587,TRUE,1.0133169311473964,NA,NA,NA,50,395,0.5
E,+ interactions: lumps eps into residual,0.7295684954780446,0.1744224097615883,0.38770057234533156,1.0714364186107577,TRUE,0.9189146462196912,NA,NA,0.21629408710845155,50,395,0.5
F,+ (1|item:variant:judge:temp): splits eps/rho,0.7295684954780448,0.17262828245621975,0.39121706186385413,1.0679199290922354,TRUE,0.9094625932390031,0.04210262548554543,0.09851407332067849,NA,50,395,0.5
A,"1 obs/item, naive SE",0.9688217161243452,0.07287218624884,0.8259922310766188,1.1116512011720716,FALSE,0.38391465487512755,NA,NA,NA,50,396,0.5
B,+ (1|variant): captures phi,0.5662677305362503,0.17055379234647217,0.23198229753716493,0.9005531635353358,TRUE,0.8985334967548382,NA,NA,NA,50,396,0.5
C,+ (1|judge): captures lambda,0.7571767824248345,0.1693235300801017,0.42530266346783524,1.089050901381834,TRUE,0.8920520703325998,NA,NA,NA,50,396,0.5
D,+ (1|temp): captures tau,0.5985545188330138,0.192668928974529,0.22092341804293697,0.9761856196230907,TRUE,1.0150433132311056,NA,NA,NA,50,396,0.5
E,+ interactions: lumps eps into residual,0.5985545188330138,0.17569498899952238,0.25419234039394994,0.9429166972720777,TRUE,0.9256190123720172,NA,NA,0.21511446289493158,50,396,0.5
F,+ (1|item:variant:judge:temp): splits eps/rho,0.5985545188330138,0.17427775429512857,0.2569701204145618,0.9401389172514658,TRUE,0.9181525536252404,0.03996778298221208,0.1001425434620707,NA,50,396,0.5
A,"1 obs/item, naive SE",0.5280913970426587,0.08351607908998282,0.36439988202629237,0.6917829120590251,TRUE,0.43999018460716216,NA,NA,NA,50,397,0.5
B,+ (1|variant): captures phi,0.4126901184875484,0.11861839968894189,0.18019805509722228,0.6451821818778745,TRUE,0.6249207595187934,NA,NA,NA,50,397,0.5
C,+ (1|judge): captures lambda,0.3970586632727491,0.1776756270233845,0.048814434306915455,0.7453028922385827,TRUE,0.9360536651868376,NA,NA,NA,50,397,0.5
D,+ (1|temp): captures tau,0.4891352073183167,0.12023831275209823,0.2534681143242042,0.7248023003124293,TRUE,0.633454994548407,NA,NA,NA,50,397,0.5
E,+ interactions: lumps eps into residual,0.4891352073183167,0.10972030930036067,0.2740834010896098,0.7041870135470236,TRUE,0.5780426915421485,NA,NA,0.2158184421613379,50,397,0.5
F,+ (1|item:variant:judge:temp): splits eps/rho,0.4891352073183167,0.10847985777206683,0.27651468608506574,0.7017557285515676,TRUE,0.5715075847354437,0.039219463478210294,0.10318903178433769,NA,50,397,0.5
A,"1 obs/item, naive SE",0.5860612378346183,0.08798026525062315,0.4136199179433969,0.7585025577258396,TRUE,0.46350898618816777,NA,NA,NA,50,398,0.5
B,+ (1|variant): captures phi,0.5372672765844965,0.07217820307515058,0.3957979985572013,0.6787365546117916,TRUE,0.38025852316931696,NA,NA,NA,50,398,0.5
C,+ (1|judge): captures lambda,0.7092407553726141,0.1963592118267261,0.3243767001922309,1.0941048105529974,TRUE,1.0344849375396588,NA,NA,NA,50,398,0.5
D,+ (1|temp): captures tau,0.6823773094797274,0.1804664565405604,0.32866305466022905,1.0360915642992259,TRUE,0.9507566733721995,NA,NA,NA,50,398,0.5
E,+ interactions: lumps eps into residual,0.6823773094797274,0.17551339176545855,0.33837106161942865,1.0263835573400262,TRUE,0.9246622983905837,NA,NA,0.21613368519385454,50,398,0.5
F,+ (1|item:variant:judge:temp): splits eps/rho,0.6823773094797273,0.17415769756110916,0.34102822225995333,1.0237263966995012,TRUE,0.917520055247202,0.039962359563090584,0.10067361258685315,NA,50,398,0.5
A,"1 obs/item, naive SE",0.6447789516000684,0.07924231145712124,0.48946402114411075,0.8000938820560259,TRUE,0.41747457048542086,NA,NA,NA,50,399,0.5
B,+ (1|variant): captures phi,0.46139728688358395,0.21258053805121643,0.044739432303199766,0.8780551414639681,TRUE,1.1199442215225266,NA,NA,NA,50,399,0.5
C,+ (1|judge): captures lambda,0.8089278276068417,0.30121041148513783,0.2185554210959716,1.3993002341177116,TRUE,1.5868755573660676,NA,NA,NA,50,399,0.5
D,+ (1|temp): captures tau,0.6058354321724865,0.2523120367940141,0.11130384005621885,1.100367024288754,TRUE,1.3292628300712792,NA,NA,NA,50,399,0.5
E,+ interactions: lumps eps into residual,0.6058354321724865,0.2366346618573337,0.14203149493211242,1.0696393694128605,TRUE,1.2466692604532217,NA,NA,0.2272366488863924,50,399,0.5
F,+ (1|item:variant:judge:temp): splits eps/rho,0.6058354321724865,0.23497120162697757,0.14529187698361046,1.0663789873613625,TRUE,1.237905604618128,0.04121938876070541,0.10063893891388245,NA,50,399,0.5
A,"1 obs/item, naive SE",0.2692822591192645,0.0835402394787092,0.10554338974099448,0.43302112849753455,FALSE,0.44011746948465796,NA,NA,NA,50,400,0.5
B,+ (1|variant): captures phi,0.3720154686467158,0.07322780572333676,0.22848896942897576,0.5155419678644558,TRUE,0.38578817527908654,NA,NA,NA,50,400,0.5
C,+ (1|judge): captures lambda,0.460967938342421,0.1211514917163908,0.22351101457829506,0.698424862106547,TRUE,0.638265921802853,NA,NA,NA,50,400,0.5
D,+ (1|temp): captures tau,0.49366805199785174,0.19686216145258187,0.1078182155507913,0.8795178884449122,TRUE,1.0371346416581908,NA,NA,NA,50,400,0.5
E,+ interactions: lumps eps into residual,0.49366805199785174,0.18538363211838546,0.13031613304581624,0.8570199709498872,TRUE,0.9766619722536526,NA,NA,0.20972517330243245,50,400,0.5
F,+ (1|item:variant:judge:temp): splits eps/rho,0.4936680519978516,0.1840955157607992,0.13284084110668515,0.854495262889018,TRUE,0.9698757514426966,0.039781785085889206,0.09805472785658166,NA,50,400,0.5
A,"1 obs/item, naive SE",0.12812460434151152,0.0812268784300829,-0.031080077381450966,0.287329286064474,FALSE,0.42792992229687116,NA,NA,NA,50,401,0.5
B,+ (1|variant): captures phi,0.12790874337623667,0.0727170495710138,-0.014616673782950368,0.2704341605354237,FALSE,0.3830973438104816,NA,NA,NA,50,401,0.5
C,+ (1|judge): captures lambda,0.006307334958260777,0.1133833893208067,-0.21592410811052035,0.2285387780270419,FALSE,0.5973410023822724,NA,NA,NA,50,401,0.5
D,+ (1|temp): captures tau,0.32332097938937415,0.22363921078246576,-0.11501187374425875,0.7616538325230071,TRUE,1.1782049481939754,NA,NA,NA,50,401,0.5
E,+ interactions: lumps eps into residual,0.32332097938937415,0.21805076142813107,-0.10405851300976271,0.7507004717885111,TRUE,1.1487631581833089,NA,NA,0.21170843518161078,50,401,0.5
F,+ (1|item:variant:judge:temp): splits eps/rho,0.3233209793893743,0.21654787984441048,-0.10111286510567025,0.7477548238844189,TRUE,1.1408454834951631,0.039056720837795746,0.10111967290198724,NA,50,401,0.5
A,"1 obs/item, naive SE",0.08040516604992663,0.09506888051822009,-0.10592983976578473,0.266740171865638,FALSE,0.5008541438414468,NA,NA,NA,50,402,0.5
B,+ (1|variant): captures phi,0.10332722231893268,0.08214002690424357,-0.05766723041338473,0.2643216750512501,FALSE,0.43274068891926987,NA,NA,NA,50,402,0.5
C,+ (1|judge): captures lambda,0.42775523706908414,0.2096961121028559,0.016750857347486547,0.8387596167906817,TRUE,1.1047481165409045,NA,NA,NA,50,402,0.5
D,+ (1|temp): captures tau,0.4677663280533883,0.18595067316917854,0.10330300864179837,0.8322296474649782,TRUE,0.9796493310872668,NA,NA,NA,50,402,0.5
E,+ interactions: lumps eps into residual,0.4677663280533883,0.16643393632756948,0.14155581285135216,0.7939768432554244,TRUE,0.8768287396581973,NA,NA,0.2113516501435934,50,402,0.5
F,+ (1|item:variant:judge:temp): splits eps/rho,0.4677663280533883,0.16511274969088602,0.14414533865925172,0.7913873174475249,TRUE,0.8698682937355798,0.03857088955359808,0.09891276574446896,NA,50,402,0.5
A,"1 obs/item, naive SE",-0.1679064241334323,0.07849224797161973,-0.32175123015780693,-0.014061618109057622,FALSE,0.4135229892444322,NA,NA,NA,50,403,0.5
B,+ (1|variant): captures phi,-0.17339799625926264,0.08555812777872485,-0.3410919267055633,-0.005704065812961956,FALSE,0.4507483690110105,NA,NA,NA,50,403,0.5
C,+ (1|judge): captures lambda,0.10889923061092473,0.16580217340847792,-0.21607302926969202,0.43387149049154144,FALSE,0.8735004047264345,NA,NA,NA,50,403,0.5
D,+ (1|temp): captures tau,0.4012140584846879,0.25845823604544615,-0.10536408416438653,0.9077922011337622,TRUE,1.3616430300607487,NA,NA,NA,50,403,0.5
E,+ interactions: lumps eps into residual,0.4012140584846879,0.2509107717401858,-0.09057105412607624,0.892999171095452,TRUE,1.3218805046983029,NA,NA,0.20723540608322755,50,403,0.5
F,+ (1|item:variant:judge:temp): splits eps/rho,0.4012140584846879,0.2496731119817823,-0.08814524099960541,0.8905733579689812,TRUE,1.3153601058539788,0.03870798639616213,0.10020025424457765,NA,50,403,0.5
A,"1 obs/item, naive SE",0.29282051703736833,0.08620037941815507,0.1238677733777844,0.46177326069695224,FALSE,0.45413196197270467,NA,NA,NA,50,404,0.5
B,+ (1|variant): captures phi,0.327348517066754,0.17554281550835713,-0.016715401329625956,0.6714124354631339,TRUE,0.924817312349702,NA,NA,NA,50,404,0.5
C,+ (1|judge): captures lambda,0.0915097838035742,0.1858107742981298,-0.2726793338207602,0.45569890142790864,FALSE,0.9789122978025415,NA,NA,NA,50,404,0.5
D,+ (1|temp): captures tau,0.3095699801513922,0.22154248865862924,-0.1246532976195211,0.7437932579223054,TRUE,1.1671587261444132,NA,NA,NA,50,404,0.5
E,+ interactions: lumps eps into residual,0.3095699801513922,0.2051587120499709,-0.09254109546655076,0.7116810557693352,TRUE,1.0808436000854036,NA,NA,0.21521638884989328,50,404,0.5
F,+ (1|item:variant:judge:temp): splits eps/rho,0.3095699801513922,0.20349492819080375,-0.08928007910258318,0.7084200394053676,TRUE,1.0720782392672472,0.04039756461278878,0.09822246981828821,NA,50,404,0.5
A,"1 obs/item, naive SE",0.6627481334041209,0.08670866027358576,0.49279915926789275,0.832697107540349,TRUE,0.4568097527628144,NA,NA,NA,50,405,0.5
B,+ (1|variant): captures phi,0.6467833469279382,0.10758745741293296,0.43591193039858955,0.8576547634572868,TRUE,0.5668061260099239,NA,NA,NA,50,405,0.5
C,+ (1|judge): captures lambda,0.36154907868893604,0.15707389882098843,0.05368423699979874,0.6694139203780733,TRUE,0.8275169822657874,NA,NA,NA,50,405,0.5
D,+ (1|temp): captures tau,0.49637024828537435,0.18958879056456876,0.12477621877881961,0.8679642777919291,TRUE,0.9988161306049451,NA,NA,NA,50,405,0.5
E,+ interactions: lumps eps into residual,0.49637024828537435,0.16995627673123692,0.16325594589214998,0.8294845506785987,TRUE,0.8953855878884538,NA,NA,0.2222209762719256,50,405,0.5
F,+ (1|item:variant:judge:temp): splits eps/rho,0.49637024828537435,0.16867897370712753,0.16575945981940438,0.8269810367513444,TRUE,0.8886563352762513,0.03912281822189785,0.10142049316521101,NA,50,405,0.5
A,"1 obs/item, naive SE",0.3014206024379393,0.08457611795862625,0.13565141123903182,0.46718979363684676,FALSE,0.4455748181602133,NA,NA,NA,50,406,0.5
B,+ (1|variant): captures phi,0.3056167891466137,0.13450022939511597,0.041996339532186455,0.5692372387610409,TRUE,0.7085914641359261,NA,NA,NA,50,406,0.5
C,+ (1|judge): captures lambda,0.5314186605101945,0.17796165722020316,0.1826138123585963,0.8802235086617927,TRUE,0.9375605663784737,NA,NA,NA,50,406,0.5
D,+ (1|temp): captures tau,0.3505690212029505,0.2463449639498644,-0.13226710813878373,0.8334051505446848,TRUE,1.2978263269347627,NA,NA,NA,50,406,0.5
E,+ interactions: lumps eps into residual,0.3505690212029505,0.23971164590901747,-0.11926580477872373,0.8204038471846248,TRUE,1.262879824882078,NA,NA,0.19512366165660525,50,406,0.5
F,+ (1|item:variant:judge:temp): splits eps/rho,0.3505690212029505,0.23864935084842512,-0.11718370645996268,0.8183217488658637,TRUE,1.2572833049674672,0.04216722917446733,0.0961892508815657,NA,50,406,0.5
A,"1 obs/item, naive SE",0.7320556070552764,0.08369458088343623,0.5680142285237414,0.8960969855868114,FALSE,0.4409305907889425,NA,NA,NA,50,407,0.5
B,+ (1|variant): captures phi,0.5154853968769356,0.08998086799607667,0.3391228956046254,0.6918478981492459,TRUE,0.4740488197254832,NA,NA,NA,50,407,0.5
C,+ (1|judge): captures lambda,0.47109023072311396,0.20385254173727763,0.0715392489180498,0.8706412125281782,TRUE,1.073962265098507,NA,NA,NA,50,407,0.5
D,+ (1|temp): captures tau,0.3122148040882276,0.21043738113154786,-0.1002424629296062,0.7246720711060615,TRUE,1.1086533656897102,NA,NA,NA,50,407,0.5
E,+ interactions: lumps eps into residual,0.3122148040882276,0.1991387488015157,-0.07809714356274317,0.7025267517391984,TRUE,1.0491284528960543,NA,NA,0.22425597192478242,50,407,0.5
F,+ (1|item:variant:judge:temp): splits eps/rho,0.31221480408822766,0.1979909453737914,-0.07584744884440348,0.7002770570208587,TRUE,1.0430814467678926,0.044039714587283424,0.1001361649270312,NA,50,407,0.5
A,"1 obs/item, naive SE",0.3997770067936079,0.10063459985355112,0.20253319108064768,0.5970208225065681,TRUE,0.5301761846329628,NA,NA,NA,50,408,0.5
B,+ (1|variant): captures phi,0.10575772992776991,0.21485538609281152,-0.3153588268141406,0.5268742866696805,TRUE,1.1319288695170313,NA,NA,NA,50,408,0.5
C,+ (1|judge): captures lambda,0.23222506247785643,0.17997218659241923,-0.12052042324328524,0.5849705481989981,TRUE,0.9481526966518115,NA,NA,NA,50,408,0.5
D,+ (1|temp): captures tau,0.46978981710361684,0.20799899798879806,0.062111781045572634,0.8774678531616611,TRUE,1.0958071609730646,NA,NA,NA,50,408,0.5
E,+ interactions: lumps eps into residual,0.46978981710361684,0.19044889746782181,0.0965099780666861,0.8430696561405475,TRUE,1.0033474567791119,NA,NA,0.20827017773613601,50,408,0.5
F,+ (1|item:variant:judge:temp): splits eps/rho,0.4697898171036169,0.18881245407181307,0.09971740712286326,0.8398622270843705,TRUE,0.9947261345169245,0.03959137202995125,0.09928753206855348,NA,50,408,0.5
A,"1 obs/item, naive SE",0.19642175432515052,0.0809765762149031,0.03770766494394043,0.35513584370636064,FALSE,0.4266112478683712,NA,NA,NA,50,409,0.5
B,+ (1|variant): captures phi,0.34039293493668593,0.09681218756392848,0.1506410473113861,0.5301448225619858,TRUE,0.5100384589724501,NA,NA,NA,50,409,0.5
C,+ (1|judge): captures lambda,0.4723604202150419,0.09987089993003637,0.2766134563521706,0.6681073840779131,TRUE,0.5261527621496145,NA,NA,NA,50,409,0.5
D,+ (1|temp): captures tau,0.6277048134398406,0.18439723312910375,0.2662862365067973,0.989123390372884,TRUE,0.9714652978153954,NA,NA,NA,50,409,0.5
E,+ interactions: lumps eps into residual,0.6277048134398406,0.16944132682665616,0.2955998128595946,0.9598098140200867,TRUE,0.8926726623530511,NA,NA,0.20496084613662938,50,409,0.5
F,+ (1|item:variant:judge:temp): splits eps/rho,0.6277048134398406,0.16774981188998586,0.29891518213546836,0.956494444744213,TRUE,0.8837612050940308,0.04329478181743529,0.0995083351985953,NA,50,409,0.5
A,"1 obs/item, naive SE",1.2792720498757792,0.07607572331007471,1.1301636321880328,1.4283804675635257,FALSE,0.4007919421990438,NA,NA,NA,50,410,0.5
B,+ (1|variant): captures phi,0.6751000384804262,0.2099346040815112,0.26362821448066426,1.0865718624801881,TRUE,1.1060045707573771,NA,NA,NA,50,410,0.5
C,+ (1|judge): captures lambda,0.41390878771037093,0.27039215125218163,-0.11605982874390502,0.9438774041646469,TRUE,1.424514822081066,NA,NA,NA,50,410,0.5
D,+ (1|temp): captures tau,0.5301471284683129,0.1938772196236909,0.15014777800587875,0.9101464789307471,TRUE,1.0214089859443931,NA,NA,NA,50,410,0.5
E,+ interactions: lumps eps into residual,0.5301471284683129,0.18387291732505126,0.16975621051121242,0.8905380464254133,TRUE,0.968703029639839,NA,NA,0.23255230940931426,50,410,0.5
F,+ (1|item:variant:judge:temp): splits eps/rho,0.530147128468313,0.1823444132571973,0.17275207848420632,0.8875421784524198,TRUE,0.9606503672745086,0.04211124996857454,0.09876512198712117,NA,50,410,0.5
A,"1 obs/item, naive SE",-0.042676452754964116,0.07833513226853767,-0.19621331200129793,0.11086040649136969,FALSE,0.4126952520235639,NA,NA,NA,50,411,0.5
B,+ (1|variant): captures phi,0.4376606388747481,0.1760222931934175,0.0926569442156498,0.7826643335338463,TRUE,0.9273433585609643,NA,NA,NA,50,411,0.5
C,+ (1|judge): captures lambda,0.8532621639967432,0.25963077502740917,0.34438584494302116,1.3621384830504653,TRUE,1.3678203512275764,NA,NA,NA,50,411,0.5
D,+ (1|temp): captures tau,0.8923868585248864,0.3052723423048603,0.2940530676073603,1.4907206494424126,TRUE,1.6082751454538369,NA,NA,NA,50,411,0.5
E,+ interactions: lumps eps into residual,0.8923868585248864,0.30116814759326144,0.302097289242094,1.4826764278076787,TRUE,1.5866528972772376,NA,NA,0.20262884313855142,50,411,0.5
F,+ (1|item:variant:judge:temp): splits eps/rho,0.8923868585248863,0.3002813872232767,0.30383533956726405,1.4809383774825085,TRUE,1.5819811518703257,0.042951752647797124,0.0997517405000962,NA,50,411,0.5
A,"1 obs/item, naive SE",0.15700349413525896,0.08042086784556207,-6.214068420427044e-4,0.31462839511256063,FALSE,0.4236835933295288,NA,NA,NA,50,412,0.5
B,+ (1|variant): captures phi,0.51200546808849,0.17596603243146514,0.16711204452281836,0.8568988916541617,TRUE,0.9270469583550723,NA,NA,NA,50,412,0.5
C,+ (1|judge): captures lambda,0.72670156579419,0.2127368088210239,0.30973742050498315,1.1436657110833968,TRUE,1.1207675073568892,NA,NA,NA,50,412,0.5
D,+ (1|temp): captures tau,0.6190568279097337,0.21091977185989347,0.20565407506434252,1.032459580755125,TRUE,1.111194758771501,NA,NA,NA,50,412,0.5
E,+ interactions: lumps eps into residual,0.6190568279097337,0.20089984876832234,0.22529312432382192,1.0128205314956455,TRUE,1.0584065069899498,NA,NA,0.22807100916156842,50,412,0.5
F,+ (1|item:variant:judge:temp): splits eps/rho,0.6190568279097337,0.19890272706239834,0.22920748286743298,1.0089061729520346,TRUE,1.04788501271427,0.042643564472444086,0.09918131067306601,NA,50,412,0.5
A,"1 obs/item, naive SE",0.7502365152364521,0.07395046022264888,0.6052936132000603,0.8951794172728439,FALSE,0.3895953569622323,NA,NA,NA,50,413,0.5
B,+ (1|variant): captures phi,0.3132058336382588,0.22216923538967134,-0.122245867725497,0.7486575350020146,TRUE,1.1704606341470152,NA,NA,NA,50,413,0.5
C,+ (1|judge): captures lambda,0.5456427149803961,0.18853262484467487,0.17611877028483336,0.9151666596759588,TRUE,0.9932519020739196,NA,NA,NA,50,413,0.5
D,+ (1|temp): captures tau,0.553769251636494,0.22925770085358232,0.10442415796347271,1.0031143453095153,TRUE,1.2078050025851854,NA,NA,NA,50,413,0.5
E,+ interactions: lumps eps into residual,0.553769251636494,0.21037125130546258,0.14144159907778742,0.9660969041952007,TRUE,1.1083049720066693,NA,NA,0.20694935849230753,50,413,0.5
F,+ (1|item:variant:judge:temp): splits eps/rho,0.5537692516364939,0.20899768265418137,0.14413379363429846,0.9634047096386894,TRUE,1.101068560395479,0.04190267189364601,0.10161099265877731,NA,50,413,0.5
A,"1 obs/item, naive SE",0.5314176902815984,0.09098886186047515,0.35307952103506707,0.7097558595281297,TRUE,0.47935926307138943,NA,NA,NA,50,414,0.5
B,+ (1|variant): captures phi,0.2824090379036538,0.13138228176687963,0.024899765640569727,0.5399183101667379,TRUE,0.6921650901072187,NA,NA,NA,50,414,0.5
C,+ (1|judge): captures lambda,0.30015847668148377,0.23455439093754696,-0.15956812955610827,0.7598850829190757,TRUE,1.2357097087596645,NA,NA,NA,50,414,0.5
D,+ (1|temp): captures tau,0.5493836928243715,0.2419170627971748,0.07522624974190895,1.023541135906834,TRUE,1.2744986867147867,NA,NA,NA,50,414,0.5
E,+ interactions: lumps eps into residual,0.5493836928243715,0.23201226456563862,0.0946396542757198,1.0041277313730232,TRUE,1.22231695057635,NA,NA,0.20936977888444094,50,414,0.5
F,+ (1|item:variant:judge:temp): splits eps/rho,0.5493836928243716,0.23063605723779831,0.09733702063828692,1.0014303650104563,TRUE,1.215066637548822,0.03993064418635573,0.09920322241867634,NA,50,414,0.5
A,"1 obs/item, naive SE",0.11160103376085737,0.07465635240529543,-0.03472541695352169,0.2579274844752364,FALSE,0.3933142292457452,NA,NA,NA,50,415,0.5
B,+ (1|variant): captures phi,0.42016923340241125,0.1365885523912393,0.15245567071558225,0.6878827960892402,TRUE,0.7195934368170633,NA,NA,NA,50,415,0.5
C,+ (1|judge): captures lambda,0.5571539353230193,0.14145693668143475,0.27989833942740716,0.8344095312186314,TRUE,0.7452416871410974,NA,NA,NA,50,415,0.5
D,+ (1|temp): captures tau,0.6670083018895833,0.1474870486393975,0.37793368655636417,0.9560829172228024,TRUE,0.7770103010714431,NA,NA,NA,50,415,0.5
E,+ interactions: lumps eps into residual,0.6670083018895833,0.13576041597039992,0.4009178865875994,0.9330987171915671,TRUE,0.7152305416637547,NA,NA,0.20317856485892177,50,415,0.5
F,+ (1|item:variant:judge:temp): splits eps/rho,0.6670083018895833,0.13422318207205125,0.40393086502836284,0.9300857387508037,TRUE,0.7071318876789324,0.03828769813871455,0.10019322101181806,NA,50,415,0.5
A,"1 obs/item, naive SE",0.19809518965585377,0.0644175978252292,0.07183669791840455,0.324353681393303,FALSE,0.33937310117893316,NA,NA,NA,50,416,0.5
B,+ (1|variant): captures phi,0.38870238059343526,0.16509841572666348,0.06510948576917486,0.7122952754176957,TRUE,0.869792777695637,NA,NA,NA,50,416,0.5
C,+ (1|judge): captures lambda,0.64236888009994,0.19330493814415442,0.26349120133739734,1.0212465588624826,TRUE,1.0183940188078586,NA,NA,NA,50,416,0.5
D,+ (1|temp): captures tau,0.3536633832984813,0.21979550262575306,-0.07713580184799468,0.7844625684449573,TRUE,1.1579550288984835,NA,NA,NA,50,416,0.5
E,+ interactions: lumps eps into residual,0.3536633832984813,0.19469750538254613,-0.027943727251309114,0.7352704938482717,TRUE,1.0257305212272034,NA,NA,0.21935460809702345,50,416,0.5
F,+ (1|item:variant:judge:temp): splits eps/rho,0.3536633832984814,0.1935349360077573,-0.025665091276722896,0.7329918578736857,TRUE,1.0196057232313487,0.040432902629411877,0.10098155502716132,NA,50,416,0.5
A,"1 obs/item, naive SE",0.8219065105655151,0.08412821381233457,0.6570152114933394,0.9867978096376908,FALSE,0.4432151117400776,NA,NA,NA,50,417,0.5
B,+ (1|variant): captures phi,0.6575427582687761,0.1399134951148664,0.38331230784363796,0.9317732086939141,TRUE,0.7371103291175353,NA,NA,NA,50,417,0.5
C,+ (1|judge): captures lambda,0.6627043527861767,0.11057655293607874,0.44597430903146235,0.8794343965408911,TRUE,0.5825536647517792,NA,NA,NA,50,417,0.5
D,+ (1|temp): captures tau,0.5611736062868752,0.14391976270490425,0.27909087138526284,0.8432563411884875,TRUE,0.7582166649960101,NA,NA,NA,50,417,0.5
E,+ interactions: lumps eps into residual,0.5611736062868752,0.13042669388942635,0.30553728626359955,0.8168099263101508,TRUE,0.6871307387440994,NA,NA,0.21468716256120912,50,417,0.5
F,+ (1|item:variant:judge:temp): splits eps/rho,0.5611736062868753,0.12891445164631096,0.3085012810601058,0.8138459315136448,TRUE,0.6791637490222496,0.04213171122256683,0.09960613408058253,NA,50,417,0.5
A,"1 obs/item, naive SE",0.5324026503181396,0.07787238316436013,0.37977277931599374,0.6850325213202855,TRUE,0.4102573374807307,NA,NA,NA,50,418,0.5
B,+ (1|variant): captures phi,0.30848015342504276,0.1720367766961538,-0.028711928899418704,0.6456722357495042,TRUE,0.9063463462671212,NA,NA,NA,50,418,0.5
C,+ (1|judge): captures lambda,0.32549070246814127,0.2283494785372614,-0.12207427546489108,0.7730556804011737,TRUE,1.2030201885831793,NA,NA,NA,50,418,0.5
D,+ (1|temp): captures tau,0.5169633325428514,0.176980074828575,0.17008238587884444,0.8638442792068584,TRUE,0.932389267361499,NA,NA,NA,50,418,0.5
E,+ interactions: lumps eps into residual,0.5169633325428514,0.1587419788833025,0.20582905393157858,0.8280976111541243,TRUE,0.8363049768957355,NA,NA,0.21427552351583704,50,418,0.5
F,+ (1|item:variant:judge:temp): splits eps/rho,0.5169633325428515,0.15742475891759386,0.2084108050643676,0.8255158600213355,TRUE,0.8293654287009987,0.042391133109784374,0.10109088756976237,NA,50,418,0.5
A,"1 obs/item, naive SE",-0.43462060284248094,0.0869340434458493,-0.6050113279963456,-0.2642298776886163,FALSE,0.45799714547392023,NA,NA,NA,50,419,0.5
B,+ (1|variant): captures phi,-0.2571146662073672,0.12978930803100028,-0.5115017099481278,-0.002727622466606683,FALSE,0.6837727803177618,NA,NA,NA,50,419,0.5
C,+ (1|judge): captures lambda,0.14644394785162057,0.2363637718334517,-0.31682904494194475,0.6097169406451859,TRUE,1.2452421226743076,NA,NA,NA,50,419,0.5
D,+ (1|temp): captures tau,0.30918162580718506,0.22128649695953462,-0.1245399082335028,0.7429031598478729,TRUE,1.1658100776425937,NA,NA,NA,50,419,0.5
E,+ interactions: lumps eps into residual,0.30918162580718506,0.2099743761633779,-0.10236815147303563,0.7207314030874057,TRUE,1.106214103171176,NA,NA,0.21089927405836245,50,419,0.5
F,+ (1|item:variant:judge:temp): splits eps/rho,0.3091816258071851,0.20840264963519411,-0.09928756747779532,0.7176508190921655,TRUE,1.0979337306629975,0.0372971653013936,0.10017226415672212,NA,50,419,0.5
A,"1 obs/item, naive SE",0.4885445159885475,0.082189151322003,0.3274537793974216,0.6496352525796734,TRUE,0.4329994925158252,NA,NA,NA,50,420,0.5
B,+ (1|variant): captures phi,0.3928757409663805,0.07993385096682559,0.23620539307140234,0.5495460888613587,TRUE,0.42111782816529986,NA,NA,NA,50,420,0.5
C,+ (1|judge): captures lambda,0.6181164647929579,0.16781497915062746,0.2891991056577281,0.9470338239281877,TRUE,0.8841045276655939,NA,NA,NA,50,420,0.5
D,+ (1|temp): captures tau,0.5196145729537234,0.15985513961324369,0.20629849931176575,0.832930646595681,TRUE,0.8421694738932126,NA,NA,NA,50,420,0.5
E,+ interactions: lumps eps into residual,0.5196145729537234,0.14746357878732785,0.2305859585305608,0.808643187376886,TRUE,0.7768866541682677,NA,NA,0.21610743315931932,50,420,0.5
F,+ (1|item:variant:judge:temp): splits eps/rho,0.519614572953723,0.14500762591679206,0.2353996261568106,0.8038295197506355,TRUE,0.7639478863445381,0.03726210085079642,0.09804942445631516,NA,50,420,0.5
A,"1 obs/item, naive SE",0.8249827271446465,0.09372870775418927,0.6412744599464355,1.0086909943428575,FALSE,0.4937936727528066,NA,NA,NA,50,421,0.5
B,+ (1|variant): captures phi,1.0450354625420852,0.19515073389559467,0.6625400241067196,1.4275309009774508,FALSE,1.0281182781633331,NA,NA,NA,50,421,0.5
C,+ (1|judge): captures lambda,0.8652827642500451,0.23229510590756955,0.4099843566712088,1.3205811718288816,TRUE,1.2238070518311832,NA,NA,NA,50,421,0.5
D,+ (1|temp): captures tau,0.665208991115818,0.23876685359632044,0.19722595806702992,1.133192024164606,TRUE,1.2579023481062455,NA,NA,NA,50,421,0.5
E,+ interactions: lumps eps into residual,0.665208991115818,0.23056504475575076,0.2133015033945465,1.1171164788370895,TRUE,1.2146925204275925,NA,NA,0.21597694243499227,50,421,0.5
F,+ (1|item:variant:judge:temp): splits eps/rho,0.665208991115818,0.22907124344813173,0.21622935395747983,1.1141886282741562,TRUE,1.2068226836217055,0.03946650454207738,0.09972837103956493,NA,50,421,0.5
A,"1 obs/item, naive SE",0.9126698072802075,0.08448739464937198,0.7470745137674384,1.0782651007929767,FALSE,0.4451073945737242,NA,NA,NA,50,422,0.5
B,+ (1|variant): captures phi,0.7825267342612942,0.13222625501688137,0.5233632744282066,1.0416901940943817,FALSE,0.6966114188874729,NA,NA,NA,50,422,0.5
C,+ (1|judge): captures lambda,0.39089260992402836,0.26844469543771343,-0.13525899313388995,0.9170442129819467,TRUE,1.4142549840635394,NA,NA,NA,50,422,0.5
D,+ (1|temp): captures tau,0.5368166200616751,0.26814540817687765,0.011251620034994914,1.0623816200883551,TRUE,1.4126782402965838,NA,NA,NA,50,422,0.5
E,+ interactions: lumps eps into residual,0.5368166200616751,0.24969399380539423,0.0474163922031024,1.0262168479202478,TRUE,1.3154701181716792,NA,NA,0.2116333271638536,50,422,0.5
F,+ (1|item:variant:judge:temp): splits eps/rho,0.5368166200616751,0.24839878066910992,0.04995500995021962,1.0236782301731306,TRUE,1.3086465091954322,0.04087362769253549,0.0989820453020369,NA,50,422,0.5
A,"1 obs/item, naive SE",1.2059944279300339,0.08014398935526401,1.0489122087937164,1.3630766470663513,FALSE,0.42222490633910226,NA,NA,NA,50,423,0.5
B,+ (1|variant): captures phi,0.7576598439355157,0.1822971610112613,0.4003574083534435,1.1149622795175878,TRUE,0.9604014268951347,NA,NA,NA,50,423,0.5
C,+ (1|judge): captures lambda,0.9204792903359524,0.23920747196646677,0.45163264528167757,1.3893259353902274,TRUE,1.2602236706603502,NA,NA,NA,50,423,0.5
D,+ (1|temp): captures tau,0.6521961118248684,0.2881240932427379,0.08747288906910211,1.2169193345806346,TRUE,1.5179325269695145,NA,NA,NA,50,423,0.5
E,+ interactions: lumps eps into residual,0.6521961118248684,0.28466919051705253,0.09424449841144544,1.2101477252382913,TRUE,1.4997309626164244,NA,NA,0.2130573279623382,50,423,0.5
F,+ (1|item:variant:judge:temp): splits eps/rho,0.6521961118248685,0.28355320166753395,0.0964318365565019,1.2079603870932352,TRUE,1.4938515661544547,0.03924206379468925,0.10119317244969893,NA,50,423,0.5
A,"1 obs/item, naive SE",0.47538432254468405,0.07131025421131038,0.33561622429051574,0.6151524207988524,TRUE,0.3756858829664745,NA,NA,NA,50,424,0.5
B,+ (1|variant): captures phi,0.44501029284998783,0.10547808665481913,0.23827324300654235,0.6517473426934333,TRUE,0.5556932667931078,NA,NA,NA,50,424,0.5
C,+ (1|judge): captures lambda,0.5978523275009012,0.2662830849070997,0.07593748108298592,1.1197671739188166,TRUE,1.402866908536325,NA,NA,NA,50,424,0.5
D,+ (1|temp): captures tau,0.5559811374809743,0.30549149422844807,-0.04278219120678384,1.1547444661687325,TRUE,1.6094297098966015,NA,NA,NA,50,424,0.5
E,+ interactions: lumps eps into residual,0.5559811374809743,0.3022942811962912,-0.03651565366375642,1.148477928625705,TRUE,1.592585739638713,NA,NA,0.21964316915802448,50,424,0.5
F,+ (1|item:variant:judge:temp): splits eps/rho,0.5559811374809744,0.30111220101843195,-0.03419877651515213,1.146161051477101,TRUE,1.5863581523124883,0.04158703991563885,0.09849270937908192,NA,50,424,0.5
A,"1 obs/item, naive SE",0.409646041258208,0.07113590197291257,0.2702196733912994,0.5490724091251167,TRUE,0.37476733800608825,NA,NA,NA,50,425,0.5
B,+ (1|variant): captures phi,0.15867378729015774,0.18253887900065452,-0.19910241555112512,0.5164499901314406,TRUE,0.9616748767976547,NA,NA,NA,50,425,0.5
C,+ (1|judge): captures lambda,0.3641531538026736,0.23137346626399544,-0.08933884007475745,0.8176451476801047,TRUE,1.2189515509343973,NA,NA,NA,50,425,0.5
D,+ (1|temp): captures tau,0.5470123524912337,0.2066837790300819,0.14191214559227322,0.9521125593901942,TRUE,1.0888781547415716,NA,NA,NA,50,425,0.5
E,+ interactions: lumps eps into residual,0.5470123524912337,0.193716116742302,0.16732876367632182,0.9266959413061455,TRUE,1.0205602429562712,NA,NA,0.20608130253856705,50,425,0.5
F,+ (1|item:variant:judge:temp): splits eps/rho,0.5470123524912336,0.19205721942818355,0.17058020241199384,0.9234445025704734,TRUE,1.0118206260652904,0.03561127378274239,0.0998955750216236,NA,50,425,0.5
A,"1 obs/item, naive SE",0.02030445674792541,0.08805736435863781,-0.1522879773950047,0.19289689089085552,FALSE,0.463915169657723,NA,NA,NA,50,426,0.5
B,+ (1|variant): captures phi,0.3756585162599798,0.20774522113289828,-0.031522117160500795,0.7828391496804604,TRUE,1.0944701809939632,NA,NA,NA,50,426,0.5
C,+ (1|judge): captures lambda,0.47060794001841466,0.1973522921036644,0.08379744749523244,0.8574184325415969,TRUE,1.0397168111996882,NA,NA,NA,50,426,0.5
D,+ (1|temp): captures tau,0.7164221887448123,0.21271879913021022,0.2994933424496003,1.1333510350400244,TRUE,1.1206726263798108,NA,NA,NA,50,426,0.5
E,+ interactions: lumps eps into residual,0.7164221887448123,0.20574481514065937,0.31316235106912,1.1196820264205047,TRUE,1.0839313840173215,NA,NA,0.22124185585914313,50,426,0.5
F,+ (1|item:variant:judge:temp): splits eps/rho,0.7164221887448121,0.20392807618157854,0.31672315942891816,1.116121218060706,TRUE,1.0743602054047845,0.04065493711261657,0.0993608996284962,NA,50,426,0.5
A,"1 obs/item, naive SE",0.7934373582252883,0.0777021964670556,0.6411410531498593,0.9457336633007173,FALSE,0.40936073796144506,NA,NA,NA,50,427,0.5
B,+ (1|variant): captures phi,0.9744363678248956,0.08049872934283928,0.8166588583129306,1.1322138773368606,FALSE,0.42409379331657415,NA,NA,NA,50,427,0.5
C,+ (1|judge): captures lambda,0.7231670607980568,0.15552685894735394,0.4183344172612431,1.0279997043348705,TRUE,0.8193666671766212,NA,NA,NA,50,427,0.5
D,+ (1|temp): captures tau,0.576066961804526,0.17200728933486695,0.2389326747081868,0.9132012489008652,TRUE,0.9061909971454005,NA,NA,NA,50,427,0.5
E,+ interactions: lumps eps into residual,0.576066961804526,0.15749242402692007,0.26738181071176265,0.8847521128972893,TRUE,0.8297219107613194,NA,NA,0.2123558928089704,50,427,0.5
F,+ (1|item:variant:judge:temp): splits eps/rho,0.5760669618045259,0.15552017792955103,0.27124741306260586,0.8808865105464458,TRUE,0.819331469376527,0.042922007977108406,0.10006176130173082,NA,50,427,0.5
A,"1 obs/item, naive SE",0.44906601493250636,0.09116922984965321,0.27037432442718606,0.6277577054378267,TRUE,0.48030950098629643,NA,NA,NA,50,428,0.5
B,+ (1|variant): captures phi,0.23101396934481672,0.11494362636028693,0.005724461678654341,0.45630347701097906,FALSE,0.6055608444834826,NA,NA,NA,50,428,0.5
C,+ (1|judge): captures lambda,0.3445115526299385,0.16687328482251407,0.01743991437781095,0.671583190882066,TRUE,0.8791433720919024,NA,NA,NA,50,428,0.5
D,+ (1|temp): captures tau,0.3814240591980919,0.18394215558589544,0.020897434249736835,0.7419506841464469,TRUE,0.969067799579983,NA,NA,NA,50,428,0.5
E,+ interactions: lumps eps into residual,0.3814240591980919,0.1750712465286818,0.0382844160018756,0.7245637023943082,TRUE,0.9223329318006727,NA,NA,0.20984758786230037,50,428,0.5
F,+ (1|item:variant:judge:temp): splits eps/rho,0.38142405919809197,0.17369967087914187,0.0409727042749739,0.72187541412121,TRUE,0.9151070199784287,0.038403172886973216,0.09951807180444493,NA,50,428,0.5
A,"1 obs/item, naive SE",-0.14504432770331768,0.07671278443711631,-0.29540138520006565,0.005312729793430282,FALSE,0.40414818983359896,NA,NA,NA,50,429,0.5
B,+ (1|variant): captures phi,0.15023677019050904,0.16736313775636563,-0.1777949798119676,0.4782685201929857,FALSE,0.8817240785276474,NA,NA,NA,50,429,0.5
C,+ (1|judge): captures lambda,0.347248834612629,0.21188564530962653,-0.06804703019423897,0.762544699419497,TRUE,1.116283297913734,NA,NA,NA,50,429,0.5
D,+ (1|temp): captures tau,0.3873298286604484,0.24231922672104203,-0.08761585571279396,0.8622755130336908,TRUE,1.2766174185929207,NA,NA,NA,50,429,0.5
E,+ interactions: lumps eps into residual,0.3873298286604484,0.2225112386389075,-0.048792199071810316,0.8234518563927071,TRUE,1.172262419796046,NA,NA,0.21364595044046575,50,429,0.5
F,+ (1|item:variant:judge:temp): splits eps/rho,0.3873298286604483,0.22139568089343678,-0.0466057058906878,0.8212653632115844,TRUE,1.1663852945320503,0.04122905705162722,0.09847590575208763,NA,50,429,0.5
A,"1 obs/item, naive SE",0.3421322098537509,0.08325365171094723,0.17895505250029436,0.5053093672072075,TRUE,0.4386076308258306,NA,NA,NA,50,430,0.5
B,+ (1|variant): captures phi,0.36646310747177063,0.13268083587508173,0.10640866915661046,0.6265175457869308,TRUE,0.6990063004228352,NA,NA,NA,50,430,0.5
C,+ (1|judge): captures lambda,0.3963175077723137,0.1226250476412147,0.15597241439553294,0.6366626011490946,TRUE,0.6460290992706756,NA,NA,NA,50,430,0.5
D,+ (1|temp): captures tau,0.2818989134070152,0.19166552131037795,-0.09376550836132558,0.6575633351753559,TRUE,1.009757031497137,NA,NA,NA,50,430,0.5
E,+ interactions: lumps eps into residual,0.2818989134070152,0.17910906984629732,-0.06915486349172756,0.6329526903057578,TRUE,0.9436055136350591,NA,NA,0.2104407140301222,50,430,0.5
F,+ (1|item:variant:judge:temp): splits eps/rho,0.28189891340701506,0.1777787216671973,-0.06654738106069163,0.6303452078747218,TRUE,0.9365968016924958,0.04115980746641375,0.09869027173859056,NA,50,430,0.5
A,"1 obs/item, naive SE",0.43435162994629245,0.08702865717592961,0.2637754618814704,0.6049277980111145,TRUE,0.458495601735493,NA,NA,NA,50,431,0.5
B,+ (1|variant): captures phi,0.7563770690643569,0.15532615066328792,0.4519378137643125,1.060816324364401,TRUE,0.8183092698955151,NA,NA,NA,50,431,0.5
C,+ (1|judge): captures lambda,0.6053152621012902,0.15580386897233145,0.29993967891552054,0.9106908452870598,TRUE,0.820826047135019,NA,NA,NA,50,431,0.5
D,+ (1|temp): captures tau,0.4837938712967049,0.19987641933785036,0.09203608939451824,0.8755516531988916,TRUE,1.053014744003081,NA,NA,NA,50,431,0.5
E,+ interactions: lumps eps into residual,0.4837938712967049,0.18777078131083733,0.11576313992746379,0.8518246026659461,TRUE,0.9892382596622136,NA,NA,0.22286284447729754,50,431,0.5
F,+ (1|item:variant:judge:temp): splits eps/rho,0.48379387129670465,0.18644273088181657,0.11836611876834419,0.8492216238250652,TRUE,0.9822416530231148,0.04288306122038499,0.10044365231627726,NA,50,431,0.5
A,"1 obs/item, naive SE",0.6159107555581093,0.07472128756511924,0.46945703193047555,0.7623644791857429,TRUE,0.3936563290338302,NA,NA,NA,50,432,0.5
B,+ (1|variant): captures phi,0.39300795682736855,0.10426724139037467,0.1886441637022342,0.5973717499525029,TRUE,0.5493141355259465,NA,NA,NA,50,432,0.5
C,+ (1|judge): captures lambda,0.613232776194952,0.13184573315872677,0.3548151392038475,0.8716504131860565,TRUE,0.6946067045325747,NA,NA,NA,50,432,0.5
D,+ (1|temp): captures tau,0.4565671147369727,0.19316547019500838,0.0779627931547563,0.8351714363191891,TRUE,1.0176592557615063,NA,NA,NA,50,432,0.5
E,+ interactions: lumps eps into residual,0.4565671147369727,0.17611136892513007,0.11138883164371777,0.8017453978302276,TRUE,0.927812638824924,NA,NA,0.20954797669094924,50,432,0.5
F,+ (1|item:variant:judge:temp): splits eps/rho,0.4565671147369728,0.17437839726416812,0.11478545609920332,0.7983487733747423,TRUE,0.918682773901499,0.04115471794723822,0.10043976844634256,NA,50,432,0.5
A,"1 obs/item, naive SE",-0.3163537723969906,0.09001971513449133,-0.4927924140605936,-0.13991513073338757,FALSE,0.47425347923283523,NA,NA,NA,50,433,0.5
B,+ (1|variant): captures phi,0.18302966327582726,0.19547074774861659,-0.20009300231146127,0.5661523288631158,TRUE,1.029804216437761,NA,NA,NA,50,433,0.5
C,+ (1|judge): captures lambda,0.06681010494874265,0.2128623438755728,-0.35040008904737996,0.4840202989448653,FALSE,1.1214288673300523,NA,NA,NA,50,433,0.5
D,+ (1|temp): captures tau,0.3320360862001958,0.2507908777651146,-0.15951403421942878,0.8235862066198204,TRUE,1.3212488637879578,NA,NA,NA,50,433,0.5
E,+ interactions: lumps eps into residual,0.3320360862001958,0.24713337867074836,-0.15234533599447098,0.8164175083948626,TRUE,1.3019799551027587,NA,NA,0.2116029299808833,50,433,0.5
F,+ (1|item:variant:judge:temp): splits eps/rho,0.332036086200196,0.24584213639662705,-0.14981450113719302,0.8138866735375849,TRUE,1.295177265934951,0.04083233639650197,0.09876154814662497,NA,50,433,0.5
A,"1 obs/item, naive SE",-0.042498988611267774,0.07380058069643673,-0.18714812677628376,0.10215014955374821,FALSE,0.38880574230209164,NA,NA,NA,50,434,0.5
B,+ (1|variant): captures phi,-0.16499257648791896,0.14001579383471885,-0.4394235324039679,0.10943837942812998,FALSE,0.7376492724338811,NA,NA,NA,50,434,0.5
C,+ (1|judge): captures lambda,-0.04888451322440048,0.15861677305884722,-0.359773388419741,0.26200436197094007,FALSE,0.8356453514150348,NA,NA,NA,50,434,0.5
D,+ (1|temp): captures tau,0.28841056323453296,0.24815250574853626,-0.1979683480325981,0.774789474501664,TRUE,1.3073490518800504,NA,NA,NA,50,434,0.5
E,+ interactions: lumps eps into residual,0.28841056323453296,0.24447926846193707,-0.19076880295086368,0.7675899294199295,TRUE,1.2879972292197055,NA,NA,0.21496887426331399,50,434,0.5
F,+ (1|item:variant:judge:temp): splits eps/rho,0.28841056323453296,0.2437059077523697,-0.18925301596011163,0.7660741424291775,TRUE,1.2839229105366665,0.04179851467893656,0.10068132911476359,NA,50,434,0.5
A,"1 obs/item, naive SE",0.13019694891552974,0.08325251073009822,-0.03297797211546277,0.29337186994652226,FALSE,0.438601619763292,NA,NA,NA,50,435,0.5
B,+ (1|variant): captures phi,0.2577691689615363,0.10937970640242047,0.04338494441279217,0.4721533935102804,FALSE,0.5762482834045134,NA,NA,NA,50,435,0.5
C,+ (1|judge): captures lambda,0.5620319412256858,0.22761426840819166,0.11590797514563017,1.0081559073057413,TRUE,1.1991468597111914,NA,NA,NA,50,435,0.5
D,+ (1|temp): captures tau,0.46464089221182714,0.2191545444115936,0.03509798516510371,0.8941837992585506,TRUE,1.1545782501267017,NA,NA,NA,50,435,0.5
E,+ interactions: lumps eps into residual,0.46464089221182714,0.20927875661855416,0.05445452923946098,0.8748272551841934,TRUE,1.1025493505238015,NA,NA,0.20779044864288046,50,435,0.5
F,+ (1|item:variant:judge:temp): splits eps/rho,0.4646408922118272,0.20811689049980275,0.056731786832213804,0.8725499975914406,TRUE,1.09642825751215,0.03734621913035846,0.09948615194726423,NA,50,435,0.5
A,"1 obs/item, naive SE",0.6883795649322675,0.08164841739937853,0.5283486668294856,0.8484104630350494,FALSE,0.4301507282894473,NA,NA,NA,50,436,0.5
B,+ (1|variant): captures phi,0.5749875894744382,0.116462843761528,0.3467204157018433,0.803254763247033,TRUE,0.6135645816334303,NA,NA,NA,50,436,0.5
C,+ (1|judge): captures lambda,0.6023745614192134,0.10475893342787783,0.3970470519005729,0.807702070937854,TRUE,0.551904530964863,NA,NA,NA,50,436,0.5
D,+ (1|temp): captures tau,0.46343503298167893,0.1585818753440896,0.1526145573072633,0.7742555086560945,TRUE,0.8354614987710184,NA,NA,NA,50,436,0.5
E,+ interactions: lumps eps into residual,0.46343503298167893,0.14892375422988072,0.17154447469111272,0.7553255912722452,TRUE,0.7845793388527998,NA,NA,0.21691671570152302,50,436,0.5
F,+ (1|item:variant:judge:temp): splits eps/rho,0.463435032981679,0.14717318612155364,0.17497558818343384,0.7518944777799241,TRUE,0.7753567700547559,0.03931474793366547,0.09778601899080756,NA,50,436,0.5
A,"1 obs/item, naive SE",0.6109980775278374,0.08464604604797188,0.4450918272738125,0.7769043277818624,TRUE,0.4459432223438826,NA,NA,NA,50,437,0.5
B,+ (1|variant): captures phi,0.5465189288049099,0.07456101169453601,0.40037934588361934,0.6926585117262005,TRUE,0.3928119430107506,NA,NA,NA,50,437,0.5
C,+ (1|judge): captures lambda,0.2800639709384975,0.18211131887496812,-0.07687421405644002,0.637002155933435,TRUE,0.959422349372023,NA,NA,NA,50,437,0.5
D,+ (1|temp): captures tau,0.4621068442333626,0.22581174796265369,0.0195158182265614,0.9046978702401638,TRUE,1.189650588906429,NA,NA,NA,50,437,0.5
E,+ interactions: lumps eps into residual,0.4621068442333626,0.2126318915867073,0.045348336723416316,0.8788653517433089,TRUE,1.1202147688447557,NA,NA,0.20398602294408005,50,437,0.5
F,+ (1|item:variant:judge:temp): splits eps/rho,0.46210684423336235,0.21127026126719917,0.048017132149651975,0.8761965563170727,TRUE,1.1130412522935105,0.03800342983233174,0.10149146541148477,NA,50,437,0.5
A,"1 obs/item, naive SE",-0.38393454422562734,0.08449348925016956,-0.5495417831559597,-0.218327305295295,FALSE,0.4451395029360809,NA,NA,NA,50,438,0.5
B,+ (1|variant): captures phi,-0.16484341464599042,0.15083148552143888,-0.4604731262680106,0.13078629697602975,FALSE,0.7946298950127598,NA,NA,NA,50,438,0.5
C,+ (1|judge): captures lambda,0.0892709007767642,0.20845040188125183,-0.3192918869104894,0.49783368846401777,FALSE,1.0981853052075317,NA,NA,NA,50,438,0.5
D,+ (1|temp): captures tau,0.3263259897576821,0.2917164763285539,-0.2454383038462835,0.8980902833616478,TRUE,1.5368583830960314,NA,NA,NA,50,438,0.5
E,+ interactions: lumps eps into residual,0.3263259897576821,0.2797690198169694,-0.22202128908357788,0.8746732685989421,TRUE,1.4739152510261662,NA,NA,0.21572397805883178,50,438,0.5
F,+ (1|item:variant:judge:temp): splits eps/rho,0.3263259897576819,0.2784966214765359,-0.21952738833632846,0.8721793678516923,TRUE,1.4672118379013954,0.0387907408831377,0.09743660177735819,NA,50,438,0.5
A,"1 obs/item, naive SE",1.1035010652258745,0.06621745788219006,0.9737148477767821,1.233287282674967,FALSE,0.34885535618130253,NA,NA,NA,50,439,0.5
B,+ (1|variant): captures phi,0.6419602856097015,0.21707941305094727,0.21648463602984486,1.0674359351895581,TRUE,1.1436457753218063,NA,NA,NA,50,439,0.5
C,+ (1|judge): captures lambda,0.5557062516577431,0.26006505595786805,0.0459787419803217,1.0654337613351645,TRUE,1.3701082860641496,NA,NA,NA,50,439,0.5
D,+ (1|temp): captures tau,0.3871879341252458,0.3349132397217231,-0.26924201572933143,1.0436178839798231,TRUE,1.7644331460265876,NA,NA,NA,50,439,0.5
E,+ interactions: lumps eps into residual,0.3871879341252458,0.32512775303548885,-0.2500624618243123,1.024438330074804,TRUE,1.7128799823668301,NA,NA,0.20985705374461205,50,439,0.5
F,+ (1|item:variant:judge:temp): splits eps/rho,0.3871879341252459,0.32420913343581464,-0.2482619674089508,1.0226378356594426,TRUE,1.708040392055018,0.03990739111608532,0.1007646144456894,NA,50,439,0.5
A,"1 obs/item, naive SE",-0.17226937053886154,0.0849929775002936,-0.338855606439437,-0.005683134638286097,FALSE,0.44777097138833427,NA,NA,NA,50,440,0.5
B,+ (1|variant): captures phi,0.10051169693689004,0.1790923872162613,-0.2505093820069821,0.4515327758807622,FALSE,0.9435176240508106,NA,NA,NA,50,440,0.5
C,+ (1|judge): captures lambda,0.28958864979503074,0.23881392326328266,-0.17848663980100327,0.7576639393910647,TRUE,1.25815032659951,NA,NA,NA,50,440,0.5
D,+ (1|temp): captures tau,0.4280292357971787,0.18522235113098964,0.06499342758043902,0.7910650440139184,TRUE,0.9758122909444827,NA,NA,NA,50,440,0.5
E,+ interactions: lumps eps into residual,0.4280292357971787,0.1678582622305017,0.0990270418253954,0.757031429768962,TRUE,0.8843325571721482,NA,NA,0.20717355227014958,50,440,0.5
F,+ (1|item:variant:judge:temp): splits eps/rho,0.42802923579717866,0.1660793418954732,0.10251372568205125,0.7535447459123061,TRUE,0.8749606195148819,0.04093616921164151,0.09926375889261065,NA,50,440,0.5
A,"1 obs/item, naive SE",0.25660797307689853,0.07348089858816925,0.1125854118440868,0.4006305343097103,FALSE,0.3871215517681866,NA,NA,NA,50,441,0.5
B,+ (1|variant): captures phi,0.09212860491915333,0.09579861899992673,-0.09563668832070306,0.2798938981590097,FALSE,0.504698646274746,NA,NA,NA,50,441,0.5
C,+ (1|judge): captures lambda,0.33990963117728384,0.17325376309144291,3.3225551805571296e-4,0.679487006836512,TRUE,0.9127578310322373,NA,NA,NA,50,441,0.5
D,+ (1|temp): captures tau,0.5357830670674388,0.196740114909692,0.1501724418444425,0.9213936922904351,TRUE,1.0364916603123004,NA,NA,NA,50,441,0.5
E,+ interactions: lumps eps into residual,0.5357830670674388,0.18140899069313093,0.18022144530890222,0.8913446888259755,TRUE,0.9557222534174653,NA,NA,0.21450870843794323,50,441,0.5
F,+ (1|item:variant:judge:temp): splits eps/rho,0.5357830670674388,0.17962888454863982,0.18371045335210479,0.8878556807827729,TRUE,0.9463440685257738,0.038633104449409796,0.10342285965258757,NA,50,441,0.5
A,"1 obs/item, naive SE",0.05657234081420442,0.09687598074868943,-0.13330458145322685,0.2464492630816357,FALSE,0.5103745424601508,NA,NA,NA,50,442,0.5
B,+ (1|variant): captures phi,0.23691950856557478,0.10429481925329462,0.032501662829117345,0.44133735430203225,FALSE,0.5494594247819728,NA,NA,NA,50,442,0.5
C,+ (1|judge): captures lambda,0.31260940545412913,0.07946332540348063,0.15686128766330712,0.46835752324495117,FALSE,0.41863894467682233,NA,NA,NA,50,442,0.5
D,+ (1|temp): captures tau,0.39428464456983714,0.13122777552311318,0.1370782045445353,0.6514910845951389,TRUE,0.6913511003766363,NA,NA,NA,50,442,0.5
E,+ interactions: lumps eps into residual,0.39428464456983714,0.11758330123111534,0.16382137415685108,0.6247479149828232,TRUE,0.6194675202562677,NA,NA,0.21382975557544187,50,442,0.5
F,+ (1|item:variant:judge:temp): splits eps/rho,0.39428464456983714,0.11555976432063325,0.16778750650139598,0.6207817826382783,TRUE,0.6088068619913708,0.039930753447171716,0.0992288370318797,NA,50,442,0.5
A,"1 obs/item, naive SE",0.3276476080862158,0.07734286752651491,0.17605558773424657,0.479239628438185,FALSE,0.4074676748698115,NA,NA,NA,50,443,0.5
B,+ (1|variant): captures phi,0.2573798489378953,0.10056437044669489,0.06027368286237331,0.45448601501341723,FALSE,0.5298061930095026,NA,NA,NA,50,443,0.5
C,+ (1|judge): captures lambda,0.36128589098374525,0.14260631300162943,0.08177751750055157,0.6407942644669389,TRUE,0.7512969797843342,NA,NA,NA,50,443,0.5
D,+ (1|temp): captures tau,0.5641983288844874,0.19922908468972805,0.17370932289262042,0.9546873348763544,TRUE,1.0496043720790942,NA,NA,NA,50,443,0.5
E,+ interactions: lumps eps into residual,0.5641983288844874,0.18406296338793313,0.20343492064413848,0.9249617371248363,TRUE,0.9697042548314715,NA,NA,0.2057347299827279,50,443,0.5
F,+ (1|item:variant:judge:temp): splits eps/rho,0.5641983288844875,0.1824476978680806,0.20660084106304955,0.9217958167059255,TRUE,0.9611945045892005,0.03791849406965037,0.09992286028766129,NA,50,443,0.5
A,"1 obs/item, naive SE",0.4945626332024686,0.09233231263617396,0.31359130043556765,0.6755339659693695,TRUE,0.48643700380408683,NA,NA,NA,50,444,0.5
B,+ (1|variant): captures phi,0.698300717002391,0.09896817762995253,0.5043230888476841,0.892278345157098,FALSE,0.5213969240428596,NA,NA,NA,50,444,0.5
C,+ (1|judge): captures lambda,0.6104779016987341,0.077035474035704,0.4594883725887542,0.7614674308087139,TRUE,0.4058482248160894,NA,NA,NA,50,444,0.5
D,+ (1|temp): captures tau,0.37406885012757984,0.20401502688067405,-0.025800602558541275,0.773938302813701,TRUE,1.0748182902977013,NA,NA,NA,50,444,0.5
E,+ interactions: lumps eps into residual,0.37406885012757984,0.19124447863072044,-7.703279886321912e-4,0.7489080282437919,TRUE,1.0075388401216727,NA,NA,0.21244593511923066,50,444,0.5
F,+ (1|item:variant:judge:temp): splits eps/rho,0.3740688501275797,0.18951497237991427,0.002619504262947714,0.7455181959922117,TRUE,0.9984272321191997,0.041727951417980816,0.09725278457564418,NA,50,444,0.5
A,"1 obs/item, naive SE",0.8547525896949639,0.08966899274703366,0.6790013639107779,1.03050381547915,FALSE,0.47240575829472575,NA,NA,NA,50,445,0.5
B,+ (1|variant): captures phi,0.8544254813541747,0.15323207993538684,0.5540906046808165,1.154760358027533,FALSE,0.8072770162721506,NA,NA,NA,50,445,0.5
C,+ (1|judge): captures lambda,0.6401492797437162,0.19312580192509002,0.2616227079705397,1.0186758515168925,TRUE,1.0174502702632093,NA,NA,NA,50,445,0.5
D,+ (1|temp): captures tau,0.4139857130515856,0.20634495835150912,0.009549594682627727,0.8184218314205435,TRUE,1.087093135921982,NA,NA,NA,50,445,0.5
E,+ interactions: lumps eps into residual,0.4139857130515856,0.19880297679519884,0.0243318785329959,0.8036395475701753,TRUE,1.0473594954850376,NA,NA,0.2148319490005334,50,445,0.5
F,+ (1|item:variant:judge:temp): splits eps/rho,0.41398571305158566,0.19713518898793986,0.027600742635223552,0.8003706834679478,TRUE,1.0385730405508828,0.043207156929501805,0.10022578409857207,NA,50,445,0.5
A,"1 obs/item, naive SE",0.3558319567603471,0.09429710575512046,0.17100962948031104,0.5406542840403832,TRUE,0.49678818044623646,NA,NA,NA,50,446,0.5
B,+ (1|variant): captures phi,0.6010523195703718,0.31773493636753414,-0.02170815570999518,1.2238127948507387,TRUE,1.673932191642655,NA,NA,NA,50,446,0.5
C,+ (1|judge): captures lambda,0.2239079538660218,0.29523255497482936,-0.3547478538846437,0.8025637616166873,TRUE,1.555382242327991,NA,NA,NA,50,446,0.5
D,+ (1|temp): captures tau,0.5899534093974899,0.26842150077505433,0.06384726787838335,1.1160595509165963,TRUE,1.4141327869487266,NA,NA,NA,50,446,0.5
E,+ interactions: lumps eps into residual,0.5899534093974899,0.2436793561047441,0.11234187143219143,1.0675649473627882,TRUE,1.2837830277204745,NA,NA,0.22926221284838344,50,446,0.5
F,+ (1|item:variant:judge:temp): splits eps/rho,0.5899534093974899,0.24253952104762025,0.11457594814415417,1.0653308706508255,TRUE,1.2777780015905327,0.0391851965038765,0.09998045881938246,NA,50,446,0.5
A,"1 obs/item, naive SE",0.7565437715042341,0.07201726469702908,0.6153899326980572,0.8976976103104111,FALSE,0.3794106468385357,NA,NA,NA,50,447,0.5
B,+ (1|variant): captures phi,0.7327723664686456,0.1736123976377077,0.3924920670987386,1.0730526658385526,TRUE,0.9146472358263432,NA,NA,NA,50,447,0.5
C,+ (1|judge): captures lambda,0.6328798478349885,0.1782576373167219,0.28349487869421364,0.9822648169757634,TRUE,0.9391198869156245,NA,NA,NA,50,447,0.5
D,+ (1|temp): captures tau,0.4703028883911552,0.2559050339281762,-0.03127097810807011,0.9718767548903805,TRUE,1.3481919212065288,NA,NA,NA,50,447,0.5
E,+ interactions: lumps eps into residual,0.4703028883911552,0.25044756197846557,-0.02057433308663731,0.9611801098689476,TRUE,1.319440163259961,NA,NA,0.22182999451317834,50,447,0.5
F,+ (1|item:variant:judge:temp): splits eps/rho,0.470302888391155,0.24902290770312638,-0.017782010706972662,0.9583877874892828,TRUE,1.3119346157721234,0.04301116103566434,0.10004483537159276,NA,50,447,0.5
A,"1 obs/item, naive SE",0.32295328231829384,0.08623473980949106,0.15393319229169136,0.49197337234489635,FALSE,0.4543129838201361,NA,NA,NA,50,448,0.5
B,+ (1|variant): captures phi,0.39695594422895425,0.10041051380541437,0.2001513371703421,0.5937605512875664,TRUE,0.52899562559856,NA,NA,NA,50,448,0.5
C,+ (1|judge): captures lambda,0.5458627277510306,0.16565374492820786,0.22118138769174323,0.870544067810318,TRUE,0.8727184346537661,NA,NA,NA,50,448,0.5
D,+ (1|temp): captures tau,0.5607438764773479,0.1886576304431154,0.19097492080884176,0.930512832145854,TRUE,0.9939104726980926,NA,NA,NA,50,448,0.5
E,+ interactions: lumps eps into residual,0.5607438764773479,0.18235077258347215,0.20333636221374252,0.9181513907409533,TRUE,0.9606838702977843,NA,NA,0.2182012067533021,50,448,0.5
F,+ (1|item:variant:judge:temp): splits eps/rho,0.5607438764773478,0.1810106480890004,0.20596300622290703,0.9155247467317886,TRUE,0.9536236535090638,0.039832176512059336,0.09720984222773105,NA,50,448,0.5
A,"1 obs/item, naive SE",0.8606325824727025,0.08984641857062714,0.6845336020742733,1.0367315628711316,FALSE,0.47334049591324906,NA,NA,NA,50,449,0.5
B,+ (1|variant): captures phi,0.9431179131740111,0.22278428662840355,0.5064607113823401,1.379775114965682,FALSE,1.1737009264478675,NA,NA,NA,50,449,0.5
C,+ (1|judge): captures lambda,0.6165125784520722,0.3331498132602574,-0.03646105553803225,1.2694862124421766,TRUE,1.755142835193323,NA,NA,NA,50,449,0.5
D,+ (1|temp): captures tau,0.30308512794594117,0.32892169024564827,-0.34160138493552944,0.9477716408274117,TRUE,1.7328676919393482,NA,NA,NA,50,449,0.5
E,+ interactions: lumps eps into residual,0.30308512794594117,0.31698127894805816,-0.3181981787922528,0.9243684346841352,TRUE,1.6699616763749483,NA,NA,0.20111343686329908,50,449,0.5
F,+ (1|item:variant:judge:temp): splits eps/rho,0.30308512794594117,0.3161376825523881,-0.3165447298567395,0.9227149857486219,TRUE,1.6655173329873127,0.03960189358997306,0.09960134614503847,NA,50,449,0.5
A,"1 obs/item, naive SE",0.6078754187049854,0.08923283676953937,0.43297905863668823,0.7827717787732826,TRUE,0.47010794509340836,NA,NA,NA,50,450,0.5
B,+ (1|variant): captures phi,0.4714981566781676,0.14927557604961195,0.17891802762092818,0.7640782857354069,TRUE,0.7864328519618814,NA,NA,NA,50,450,0.5
C,+ (1|judge): captures lambda,0.8026185870956984,0.23398312003145666,0.3440116718340434,1.2612255023573535,TRUE,1.2327000656565614,NA,NA,NA,50,450,0.5
D,+ (1|temp): captures tau,0.7849973789939881,0.2342775379093194,0.3258134046917221,1.2441813532962542,TRUE,1.2342511559118032,NA,NA,NA,50,450,0.5
E,+ interactions: lumps eps into residual,0.7849973789939881,0.22568225197196978,0.3426601651289274,1.227334592859049,TRUE,1.1889683614184083,NA,NA,0.20209584426909366,50,450,0.5
F,+ (1|item:variant:judge:temp): splits eps/rho,0.7849973789939882,0.22431318568729247,0.345343535046895,1.2246512229410815,TRUE,1.181755669755937,0.03622079804981469,0.09955652877600424,NA,50,450,0.5
A,"1 obs/item, naive SE",0.6580972311775268,0.0964237387316586,0.469106703263476,0.8470877590915777,TRUE,0.5079919827096372,NA,NA,NA,50,451,0.5
B,+ (1|variant): captures phi,0.4219101078355282,0.11608939550249596,0.1943748926506361,0.6494453230204202,TRUE,0.6115971333261925,NA,NA,NA,50,451,0.5
C,+ (1|judge): captures lambda,0.21834593138715816,0.16656827681929823,-0.10812789117866636,0.5448197539529827,TRUE,0.8775364895717471,NA,NA,NA,50,451,0.5
D,+ (1|temp): captures tau,0.37515570089326883,0.18440541744645825,0.013721082698210652,0.736590319088327,TRUE,0.97150841549217,NA,NA,NA,50,451,0.5
E,+ interactions: lumps eps into residual,0.37515570089326883,0.17788645794799973,0.02649824331518935,0.7238131584713483,TRUE,0.9371643918690902,NA,NA,0.23192322733610365,50,451,0.5
F,+ (1|item:variant:judge:temp): splits eps/rho,0.375155700893269,0.17625003873404776,0.029705624974535383,0.7206057768120027,TRUE,0.9285431970059349,0.03985681274251452,0.10071541909337538,NA,50,451,0.5
A,"1 obs/item, naive SE",0.8174195975033796,0.08538979182596834,0.6500556055244816,0.9847835894822775,FALSE,0.449861519822969,NA,NA,NA,50,452,0.5
B,+ (1|variant): captures phi,1.229589292964363,0.14496877799350827,0.9454504880970869,1.5137280978316392,FALSE,0.7637432227022373,NA,NA,NA,50,452,0.5
C,+ (1|judge): captures lambda,0.93273782188538,0.1936907411397635,0.5531039692514436,1.3123716745193166,FALSE,1.0204265559325618,NA,NA,NA,50,452,0.5
D,+ (1|temp): captures tau,0.7894617370605777,0.19972955311234242,0.3979918129603865,1.1809316611607688,TRUE,1.0522410044025405,NA,NA,NA,50,452,0.5
E,+ interactions: lumps eps into residual,0.7894617370605777,0.1882121920627219,0.42056584061764274,1.1583576335035126,TRUE,0.9915637567440393,NA,NA,0.2193816864498338,50,452,0.5
F,+ (1|item:variant:judge:temp): splits eps/rho,0.7894617370605777,0.18692933469431977,0.4230802410597109,1.1558432330614443,TRUE,0.9848052420185124,0.04012405970550824,0.09988111048833379,NA,50,452,0.5
A,"1 obs/item, naive SE",1.0317160704855506,0.08489158663677628,0.8653285606774691,1.1981035802936322,FALSE,0.4472368109578811,NA,NA,NA,50,453,0.5
B,+ (1|variant): captures phi,0.858777803857019,0.14233015989634656,0.5798106904601796,1.1377449172538583,FALSE,0.7498421143608469,NA,NA,NA,50,453,0.5
C,+ (1|judge): captures lambda,0.46440532245572613,0.22048717515391975,0.032250459154043454,0.8965601857574088,TRUE,1.16159898736339,NA,NA,NA,50,453,0.5
D,+ (1|temp): captures tau,0.5553252456872174,0.16935939575245773,0.22338083001240028,0.8872696613620346,TRUE,0.8922410224957393,NA,NA,NA,50,453,0.5
E,+ interactions: lumps eps into residual,0.5553252456872174,0.15059836277619676,0.2601524546458718,0.8504980367285631,TRUE,0.7934017276845895,NA,NA,0.20622724138615717,50,453,0.5
F,+ (1|item:variant:judge:temp): splits eps/rho,0.5553252456872174,0.14907024905830532,0.263147557532939,0.8475029338414959,TRUE,0.7853511218113016,0.03915966710147055,0.10105878066558292,NA,50,453,0.5
A,"1 obs/item, naive SE",0.9501938125456615,0.09397095714903082,0.7660107365335611,1.1343768885577619,FALSE,0.495069922274081,NA,NA,NA,50,454,0.5
B,+ (1|variant): captures phi,0.6960013005443585,0.14346613123280366,0.41480768332806334,0.9771949177606536,TRUE,0.7558267851390055,NA,NA,NA,50,454,0.5
C,+ (1|judge): captures lambda,0.37390759627273873,0.2201291541278054,-0.057545545817759836,0.8053607383632373,TRUE,1.1597128147953082,NA,NA,NA,50,454,0.5
D,+ (1|temp): captures tau,0.31521423422688966,0.19739096533312284,-0.07167205782603109,0.7021005262798103,TRUE,1.0399205544974361,NA,NA,NA,50,454,0.5
E,+ interactions: lumps eps into residual,0.31521423422688966,0.19077787973830154,-0.05871041006018135,0.6891388785139607,TRUE,1.0050806436276574,NA,NA,0.21116885818676606,50,454,0.5
F,+ (1|item:variant:judge:temp): splits eps/rho,0.3152142342268895,0.1896641228677029,-0.056527446593808206,0.6869559150475872,TRUE,0.9992130059650439,0.04023231622545123,0.09988776625049803,NA,50,454,0.5
A,"1 obs/item, naive SE",0.9603141944112817,0.09265754331235299,0.7787054095190699,1.1419229793034935,FALSE,0.4881504260194395,NA,NA,NA,50,455,0.5
B,+ (1|variant): captures phi,0.7894053454425576,0.1375429950907128,0.5198210750647605,1.0589896158203547,FALSE,0.7246217550057782,NA,NA,NA,50,455,0.5
C,+ (1|judge): captures lambda,0.7500497371804604,0.2734350003749386,0.21411713644558072,1.2859823379153401,TRUE,1.4405455524726483,NA,NA,NA,50,455,0.5
D,+ (1|temp): captures tau,0.5203391263208618,0.2828528832683833,-0.03405252488516952,1.074730777526893,TRUE,1.4901620583963846,NA,NA,NA,50,455,0.5
E,+ interactions: lumps eps into residual,0.5203391263208618,0.26862484939749925,-0.0061655784982367345,1.0468438311399604,TRUE,1.4152040944011843,NA,NA,0.22312848222386428,50,455,0.5
F,+ (1|item:variant:judge:temp): splits eps/rho,0.5203391263208617,0.26730737098240615,-0.0035833208046543996,1.0442615734463776,TRUE,1.4082631846100506,0.04356068753456773,0.10193457795580264,NA,50,455,0.5
A,"1 obs/item, naive SE",0.45871032312366766,0.07611102771542072,0.309532708801443,0.6078879374458923,TRUE,0.4009779374228964,NA,NA,NA,50,456,0.5
B,+ (1|variant): captures phi,0.1578646802531803,0.11031377601586428,-0.05835032073791371,0.37407968124427426,FALSE,0.581169269472505,NA,NA,NA,50,456,0.5
C,+ (1|judge): captures lambda,0.3150285585757049,0.15872085570009486,0.003935681403518965,0.6261214357478908,TRUE,0.8361936930162683,NA,NA,NA,50,456,0.5
D,+ (1|temp): captures tau,0.5456325281113729,0.20991446545713902,0.1342001758153804,0.9570648804073654,TRUE,1.1058984738578124,NA,NA,NA,50,456,0.5
E,+ interactions: lumps eps into residual,0.5456325281113729,0.20375880528346144,0.14626526975578846,0.9449997864669573,TRUE,1.0734684306169509,NA,NA,0.21602524040707488,50,456,0.5
F,+ (1|item:variant:judge:temp): splits eps/rho,0.5456325281113727,0.20210105586212354,0.1495144586216106,0.9417505976011349,TRUE,1.0647348612028384,0.0421421481326769,0.10012108761968867,NA,50,456,0.5
A,"1 obs/item, naive SE",-0.062463014753163335,0.08656515890466891,-0.23213072620631442,0.10720469669998774,FALSE,0.45605374033396134,NA,NA,NA,50,457,0.5
B,+ (1|variant): captures phi,-8.741795925965456e-4,0.1064963002082444,-0.20960692800075556,0.20785856881556244,FALSE,0.5610575508234729,NA,NA,NA,50,457,0.5
C,+ (1|judge): captures lambda,0.14602463369976632,0.11082769461363667,-0.07119764774296156,0.3632469151424942,FALSE,0.5838767617443021,NA,NA,NA,50,457,0.5
D,+ (1|temp): captures tau,0.3346378914556987,0.16717382725288665,0.0069771900400408815,0.6622985928713565,TRUE,0.8807267285049764,NA,NA,NA,50,457,0.5
E,+ interactions: lumps eps into residual,0.3346378914556987,0.15634538907759254,0.02820092886361736,0.6410748540477801,TRUE,0.8236789532302107,NA,NA,0.21569575029440735,50,457,0.5
F,+ (1|item:variant:judge:temp): splits eps/rho,0.33463789145569867,0.15493994813532205,0.030955593110467472,0.6383201898009299,TRUE,0.8162746279028951,0.04035582230226322,0.1004897484712231,NA,50,457,0.5
A,"1 obs/item, naive SE",0.8851294232556672,0.07663730492500584,0.7349203056026558,1.0353385409086786,FALSE,0.40375053892817553,NA,NA,NA,50,458,0.5
B,+ (1|variant): captures phi,0.49895882345095305,0.12363704712275846,0.25663021109034645,0.7412874358115596,TRUE,0.6513606455257033,NA,NA,NA,50,458,0.5
C,+ (1|judge): captures lambda,0.30671960848843816,0.15110892083146726,0.01054612365876234,0.602893093318114,TRUE,0.7960915155127406,NA,NA,NA,50,458,0.5
D,+ (1|temp): captures tau,0.38024997951397765,0.20893605215149968,-0.02926468270296173,0.789764641730917,TRUE,1.1007438706285764,NA,NA,NA,50,458,0.5
E,+ interactions: lumps eps into residual,0.38024997951397765,0.18353420874562137,0.020522930372559756,0.7399770286553955,TRUE,0.966918601395419,NA,NA,0.21086378675909634,50,458,0.5
F,+ (1|item:variant:judge:temp): splits eps/rho,0.3802499795139776,0.18178273576124063,0.02395581742194597,0.7365441416060092,TRUE,0.9576912654125858,0.03934055327399764,0.09671517804509117,NA,50,458,0.5
A,"1 obs/item, naive SE",-0.02544381868555478,0.09800130570209697,-0.21752637786166484,0.16663874049055527,FALSE,0.5163031245893401,NA,NA,NA,50,459,0.5
B,+ (1|variant): captures phi,0.31046503236448614,0.15144103432229253,0.013640605092792801,0.6072894596361795,TRUE,0.797841198660357,NA,NA,NA,50,459,0.5
C,+ (1|judge): captures lambda,0.4884740026987143,0.18138271252769314,0.13296388614443577,0.8439841192529929,TRUE,0.9555838113954248,NA,NA,NA,50,459,0.5
D,+ (1|temp): captures tau,0.4073079865468217,0.18176497270537573,0.051048640044285276,0.7635673330493582,TRUE,0.9575976837895697,NA,NA,NA,50,459,0.5
E,+ interactions: lumps eps into residual,0.4073079865468217,0.16434531482710069,0.08519116948570438,0.729424803607939,TRUE,0.865825194357949,NA,NA,0.23768527330314357,50,459,0.5
F,+ (1|item:variant:judge:temp): splits eps/rho,0.4073079865468218,0.16236922038073,0.089064314600591,0.7255516584930526,TRUE,0.8554144786043629,0.03968887669068278,0.10129878538766167,NA,50,459,0.5
A,"1 obs/item, naive SE",0.06537295075228147,0.07698019973567315,-0.08550824072963789,0.21625414223420084,FALSE,0.4055570216161834,NA,NA,NA,50,460,0.5
B,+ (1|variant): captures phi,0.4459695358481167,0.315021657526917,-0.17147291290464062,1.063411984600874,TRUE,1.659637745938522,NA,NA,NA,50,460,0.5
C,+ (1|judge): captures lambda,0.6076357016342558,0.30472002726945424,0.010384448186125494,1.2048869550823862,TRUE,1.6053653681146998,NA,NA,NA,50,460,0.5
D,+ (1|temp): captures tau,0.5025362521743993,0.2798003868145858,-0.04587250598218884,1.0509450103309876,TRUE,1.4740805026905426,NA,NA,NA,50,460,0.5
E,+ interactions: lumps eps into residual,0.5025362521743993,0.27475308629947487,-0.035979796972571365,1.0410523013213702,TRUE,1.4474896628234224,NA,NA,0.20664255171840307,50,460,0.5
F,+ (1|item:variant:judge:temp): splits eps/rho,0.5025362521743993,0.2740458919345318,-0.034593696017283015,1.0396662003660817,TRUE,1.443763930215104,0.03768927099317264,0.09981494652833306,NA,50,460,0.5
A,"1 obs/item, naive SE",0.18916954105035078,0.10304373174883022,-0.012796173177356457,0.39113525527805804,FALSE,0.5428682841531615,NA,NA,NA,50,461,0.5
B,+ (1|variant): captures phi,0.2925328022439218,0.1595628053171926,-0.0202102961777757,0.6052759006656193,TRUE,0.8406293606325322,NA,NA,NA,50,461,0.5
C,+ (1|judge): captures lambda,0.20794892463479883,0.12570415538433272,-0.0384312199184933,0.45432906918809096,FALSE,0.6622508520047828,NA,NA,NA,50,461,0.5
D,+ (1|temp): captures tau,0.45140262920763896,0.2400156293883335,-0.019028004393494724,0.9218332628087726,TRUE,1.264481309873222,NA,NA,NA,50,461,0.5
E,+ interactions: lumps eps into residual,0.45140262920763896,0.22638132018538654,0.00769524164428137,0.8951100167709966,TRUE,1.1926512827866738,NA,NA,0.21499451221720978,50,461,0.5
F,+ (1|item:variant:judge:temp): splits eps/rho,0.45140262920763907,0.22480090624070562,0.010792852975856082,0.8920124054394221,TRUE,1.1843251421098984,0.03929892061323302,0.09666658875943739,NA,50,461,0.5
A,"1 obs/item, naive SE",0.9679351700268581,0.08351464479505637,0.8042464662285477,1.1316238738251685,FALSE,0.4399826282695521,NA,NA,NA,50,462,0.5
B,+ (1|variant): captures phi,0.6763179101459725,0.10071010014736011,0.47892611385714673,0.8737097064347983,TRUE,0.5305739450232119,NA,NA,NA,50,462,0.5
C,+ (1|judge): captures lambda,0.6514046150123586,0.09626423874471861,0.46272670707271013,0.840082522952007,TRUE,0.5071516842968853,NA,NA,NA,50,462,0.5
D,+ (1|temp): captures tau,0.3902781417028584,0.19180932512479615,0.014331864458257959,0.7662244189474589,TRUE,1.0105146373084073,NA,NA,NA,50,462,0.5
E,+ interactions: lumps eps into residual,0.3902781417028584,0.1765429895323927,0.04425388221936871,0.7363024011863482,TRUE,0.930086558203552,NA,NA,0.22283607530192662,50,462,0.5
F,+ (1|item:variant:judge:temp): splits eps/rho,0.39027814170285857,0.17439660148567657,0.04846080279093251,0.7320954806147846,TRUE,0.9187786797302855,0.04111142619748119,0.09770253688169439,NA,50,462,0.5
A,"1 obs/item, naive SE",0.7403102019861706,0.08867633319076813,0.5665045889322651,0.9141158150400761,FALSE,0.4671761011296336,NA,NA,NA,50,463,0.5
B,+ (1|variant): captures phi,0.7137379494952397,0.09937924447579115,0.5189546303226891,0.9085212686677904,FALSE,0.523562559443338,NA,NA,NA,50,463,0.5
C,+ (1|judge): captures lambda,0.7438307955530967,0.13653405081118938,0.4762240559631655,1.011437535143028,TRUE,0.7193063045602711,NA,NA,NA,50,463,0.5
D,+ (1|temp): captures tau,0.4582084514480205,0.20196664815973928,0.062353821054931535,0.8540630818411095,TRUE,1.0640267572014406,NA,NA,NA,50,463,0.5
E,+ interactions: lumps eps into residual,0.4582084514480205,0.19424143506084743,0.07749523872875957,0.8389216641672814,TRUE,1.0233277927080418,NA,NA,0.20861149038422622,50,463,0.5
F,+ (1|item:variant:judge:temp): splits eps/rho,0.4582084514480207,0.19258948950384935,0.08073305202047598,0.8356838508755654,TRUE,1.0146247999609632,0.037587224246296416,0.09906400798260531,NA,50,463,0.5
A,"1 obs/item, naive SE",1.0650596659337683,0.08033825602766881,0.9075966841195375,1.2225226477479991,FALSE,0.4232483670904422,NA,NA,NA,50,464,0.5
B,+ (1|variant): captures phi,0.8616091476864368,0.1762835253835039,0.5160934379347693,1.2071248574381044,FALSE,0.9287196156936489,NA,NA,NA,50,464,0.5
C,+ (1|judge): captures lambda,0.7859830751961568,0.2512389081752696,0.2935548151726284,1.2784113352196853,TRUE,1.323609235407671,NA,NA,NA,50,464,0.5
D,+ (1|temp): captures tau,0.5997934758637304,0.2235235651615895,0.16168728814701505,1.0378996635804458,TRUE,1.177595689011399,NA,NA,NA,50,464,0.5
E,+ interactions: lumps eps into residual,0.5997934758637304,0.20944062593025425,0.1892898490404321,1.0102971026870287,TRUE,1.1034021313189875,NA,NA,0.2044606569481787,50,464,0.5
F,+ (1|item:variant:judge:temp): splits eps/rho,0.5997934758637306,0.2080177135888761,0.19207875722953338,1.0075081944979276,TRUE,1.095905760912419,0.038922017372755593,0.09936986205451823,NA,50,464,0.5
A,"1 obs/item, naive SE",1.0731299095027829,0.08218842350893187,0.9120405994252764,1.2342192195802892,FALSE,0.43299565815708835,NA,NA,NA,50,465,0.5
B,+ (1|variant): captures phi,1.225040641111009,0.19741223770402855,0.8381126552111131,1.611968627010905,FALSE,1.040032624346785,NA,NA,NA,50,465,0.5
C,+ (1|judge): captures lambda,1.0127778161972043,0.19538291112952766,0.6298273103833301,1.3957283220110785,FALSE,1.0293414642268177,NA,NA,NA,50,465,0.5
D,+ (1|temp): captures tau,0.6028571065584493,0.2518323693017962,0.10926566272692873,1.0964485503899697,TRUE,1.3267357838934575,NA,NA,NA,50,465,0.5
E,+ interactions: lumps eps into residual,0.6028571065584493,0.2410623876422695,0.13037482677960105,1.0753393863372975,TRUE,1.2699959767781677,NA,NA,0.21501299451234632,50,465,0.5
F,+ (1|item:variant:judge:temp): splits eps/rho,0.6028571065584493,0.23967610988387988,0.13309193118604468,1.0726222819308537,TRUE,1.2626926094089517,0.041855113332359646,0.09949769594036219,NA,50,465,0.5
A,"1 obs/item, naive SE",0.5520464830431108,0.08262591767125478,0.3900996844074514,0.7139932816787702,TRUE,0.4353005213563966,NA,NA,NA,50,466,0.5
B,+ (1|variant): captures phi,0.870856611135651,0.1353090712515769,0.6056508314825604,1.1360623907887417,FALSE,0.7128527091754449,NA,NA,NA,50,466,0.5
C,+ (1|judge): captures lambda,0.5981344599480528,0.20521560960358862,0.19591186512501912,1.0003570547710865,TRUE,1.0811433551193173,NA,NA,NA,50,466,0.5
D,+ (1|temp): captures tau,0.5825726903864326,0.20285325110563682,0.18498031821938438,0.9801650625534808,TRUE,1.0686976732464624,NA,NA,NA,50,466,0.5
E,+ interactions: lumps eps into residual,0.5825726903864326,0.18592472470268814,0.2181602299691638,0.9469851508037013,TRUE,0.9795126260277647,NA,NA,0.21520633511277673,50,466,0.5
F,+ (1|item:variant:judge:temp): splits eps/rho,0.5825726903864326,0.18412168696876344,0.22169418392765622,0.9434511968452088,TRUE,0.9700136299775733,0.04078569273911457,0.10048998931073051,NA,50,466,0.5
A,"1 obs/item, naive SE",0.6838380351912691,0.09451564739698279,0.4985873662931828,0.8690887040893553,TRUE,0.49793952972406547,NA,NA,NA,50,467,0.5
B,+ (1|variant): captures phi,0.8462329913791483,0.1361413530252409,0.5793959394496762,1.1130700433086205,FALSE,0.7172374434114123,NA,NA,NA,50,467,0.5
C,+ (1|judge): captures lambda,0.6922454227587096,0.184237088045348,0.33114073018982754,1.0533501153275917,TRUE,0.9706216008203568,NA,NA,NA,50,467,0.5
D,+ (1|temp): captures tau,0.854478403215198,0.2312550480880287,0.40121850896266176,1.307738297467734,TRUE,1.2183276850193283,NA,NA,NA,50,467,0.5
E,+ interactions: lumps eps into residual,0.854478403215198,0.21973784365032872,0.4237922296605537,1.2851645767698423,TRUE,1.1576512624439557,NA,NA,0.21128914597950185,50,467,0.5
F,+ (1|item:variant:judge:temp): splits eps/rho,0.8544784032151981,0.21824096035470864,0.42672612091996914,1.282230685510427,TRUE,1.1497651887111882,0.03836181319680422,0.10003168097419643,NA,50,467,0.5
A,"1 obs/item, naive SE",0.4475202904853953,0.08157980162608287,0.28762387929827293,0.6074167016725177,TRUE,0.429789237818531,NA,NA,NA,50,468,0.5
B,+ (1|variant): captures phi,0.5144807056723616,0.10164815068316965,0.31525033033334904,0.7137110810113741,TRUE,0.5355159039001007,NA,NA,NA,50,468,0.5
C,+ (1|judge): captures lambda,0.398374187357877,0.21873190114546648,-0.030340338887237306,0.8270887136029913,TRUE,1.1523516263350617,NA,NA,NA,50,468,0.5
D,+ (1|temp): captures tau,0.6002246645543674,0.2455280196412335,0.11898974605754975,1.081459583051185,TRUE,1.293522395511198,NA,NA,NA,50,468,0.5
E,+ interactions: lumps eps into residual,0.6002246645543674,0.23830822375500485,0.13314054599455788,1.067308783114177,TRUE,1.2554861351955628,NA,NA,0.21960285572254049,50,468,0.5
F,+ (1|item:variant:judge:temp): splits eps/rho,0.6002246645543674,0.2367727257229317,0.13615012213742128,1.0642992069713135,TRUE,1.247396626325446,0.03876643823395089,0.10070725651477881,NA,50,468,0.5
A,"1 obs/item, naive SE",0.0710595032915822,0.0834063289695586,-0.09241690148875265,0.23453590807191704,FALSE,0.4394119848608105,NA,NA,NA,50,469,0.5
B,+ (1|variant): captures phi,0.660580419531765,0.2278568396163796,0.2139810138836611,1.107179825179869,TRUE,1.2004248046510635,NA,NA,NA,50,469,0.5
C,+ (1|judge): captures lambda,0.7999654080949645,0.20665604281534927,0.39491956417687996,1.2050112520130492,TRUE,1.0887320312360924,NA,NA,NA,50,469,0.5
D,+ (1|temp): captures tau,0.47323322021451153,0.213633734266658,0.054511101051861854,0.8919553393771612,TRUE,1.1254928057270177,NA,NA,NA,50,469,0.5
E,+ interactions: lumps eps into residual,0.47323322021451153,0.19504903084368186,0.09093711976089508,0.855529320668128,TRUE,1.0275824730216905,NA,NA,0.20593998030120905,50,469,0.5
F,+ (1|item:variant:judge:temp): splits eps/rho,0.4732332202145117,0.19407995467746655,0.09283650904667728,0.8536299313823461,TRUE,1.0224770609152138,0.03817962889479781,0.10030252157641448,NA,50,469,0.5
A,"1 obs/item, naive SE",0.9522118777136729,0.08705666425194278,0.781580815779865,1.1228429396474806,FALSE,0.45864315222732177,NA,NA,NA,50,470,0.5
B,+ (1|variant): captures phi,0.6783430864440998,0.15240407840965073,0.3796310927611844,0.9770550801270153,TRUE,0.8029148317906316,NA,NA,NA,50,470,0.5
C,+ (1|judge): captures lambda,0.6820258676894408,0.1407863642435551,0.4060845937720729,0.9579671416068087,TRUE,0.7417088908945536,NA,NA,NA,50,470,0.5
D,+ (1|temp): captures tau,0.4260696968087144,0.21476092112811274,0.005138291397613459,0.8470011022198154,TRUE,1.131431197000438,NA,NA,NA,50,470,0.5
E,+ interactions: lumps eps into residual,0.4260696968087144,0.19764919495449804,0.03867727469789828,0.8134621189195306,TRUE,1.0412809931101912,NA,NA,0.21444340827683928,50,470,0.5
F,+ (1|item:variant:judge:temp): splits eps/rho,0.4260696968087143,0.1959894289209845,0.04193041612358467,0.8102089774938439,TRUE,1.0325367995195953,0.040585305243229695,0.1011016298723197,NA,50,470,0.5
A,"1 obs/item, naive SE",1.0105286420761577,0.09626767409719383,0.8218440008456578,1.1992132833066576,FALSE,0.5071697828640862,NA,NA,NA,50,471,0.5
B,+ (1|variant): captures phi,0.8668229890666044,0.1296002535361908,0.6128064921356704,1.1208394859975384,FALSE,0.6827767790329984,NA,NA,NA,50,471,0.5
C,+ (1|judge): captures lambda,0.5578286176247262,0.20887227578811499,0.14843895708002086,0.9672182781694316,TRUE,1.1004078757614206,NA,NA,NA,50,471,0.5
D,+ (1|temp): captures tau,0.5768859682507537,0.2114141173159169,0.16251429831155656,0.9912576381899507,TRUE,1.1137991332922577,NA,NA,NA,50,471,0.5
E,+ interactions: lumps eps into residual,0.5768859682507537,0.20678515757768262,0.17158705939849572,0.9821848771030116,TRUE,1.0894122502877237,NA,NA,0.21480191969740706,50,471,0.5
F,+ (1|item:variant:judge:temp): splits eps/rho,0.5768859682507537,0.20516775114314106,0.1747571760101972,0.9790147604913102,TRUE,1.0808912210024288,0.04028684880067143,0.09955446142620634,NA,50,471,0.5
A,"1 obs/item, naive SE",0.2403645573224667,0.09526338127394725,0.0536483300255301,0.4270807846194033,FALSE,0.5018788378207513,NA,NA,NA,50,472,0.5
B,+ (1|variant): captures phi,0.3849052131177219,0.2801910248055647,-0.16426919550118485,0.9340796217366287,TRUE,1.476138512161751,NA,NA,NA,50,472,0.5
C,+ (1|judge): captures lambda,0.5218816630680918,0.3279273769124571,-0.12085599568032412,1.1646193218165077,TRUE,1.7276293221332564,NA,NA,NA,50,472,0.5
D,+ (1|temp): captures tau,0.5765833952800835,0.23356477262209743,0.11879644094077257,1.0343703496193943,TRUE,1.2304960738518746,NA,NA,NA,50,472,0.5
E,+ interactions: lumps eps into residual,0.5765833952800835,0.21995554373128992,0.14547052956675527,1.0076962609934117,TRUE,1.158798178102052,NA,NA,0.21262920502608715,50,472,0.5
F,+ (1|item:variant:judge:temp): splits eps/rho,0.5765833952800833,0.2188586132110422,0.1476205133864406,1.005546277173726,TRUE,1.1530191871895954,0.03851890661131478,0.09832852110621688,NA,50,472,0.5
A,"1 obs/item, naive SE",0.37529588096826966,0.08552216351652997,0.2076724404758709,0.5429193214606685,TRUE,0.45055889744416006,NA,NA,NA,50,473,0.5
B,+ (1|variant): captures phi,0.6272967371673146,0.20764870303158864,0.22030527922540089,1.0342881951092284,TRUE,1.0939616918781438,NA,NA,NA,50,473,0.5
C,+ (1|judge): captures lambda,0.46905309044376864,0.21615552102043692,0.04538826924371231,0.892717911643825,TRUE,1.1387784081095194,NA,NA,NA,50,473,0.5
D,+ (1|temp): captures tau,0.6712640160756232,0.19715994939242304,0.28483051526647407,1.0576975168847724,TRUE,1.0387034865088134,NA,NA,NA,50,473,0.5
E,+ interactions: lumps eps into residual,0.6712640160756232,0.18503735529620102,0.30859079969506925,1.0339372324561773,TRUE,0.9748376720161623,NA,NA,0.20498281637878948,50,473,0.5
F,+ (1|item:variant:judge:temp): splits eps/rho,0.6712640160756231,0.18387412235211745,0.31087073626547296,1.0316572958857733,TRUE,0.9687093781189233,0.037700397921490325,0.09989650966252918,NA,50,473,0.5
A,"1 obs/item, naive SE",0.3379164134913251,0.10123815677762965,0.139489626207171,0.5363432007754793,TRUE,0.5333559211021536,NA,NA,NA,50,474,0.5
B,+ (1|variant): captures phi,-0.029001407009561546,0.17975781948460381,-0.38132673319938504,0.32332391918026193,FALSE,0.9470233401929218,NA,NA,NA,50,474,0.5
C,+ (1|judge): captures lambda,0.45201421587431545,0.2911256897568512,-0.1185921360491129,1.0226205677977438,TRUE,1.5337459250450873,NA,NA,NA,50,474,0.5
D,+ (1|temp): captures tau,0.6510646844554839,0.26337559529080207,0.13484851768551187,1.167280851225456,TRUE,1.387549296563188,NA,NA,NA,50,474,0.5
E,+ interactions: lumps eps into residual,0.6510646844554839,0.24528595233134973,0.1703042178860385,1.1318251510249293,TRUE,1.2922471052733941,NA,NA,0.22405658718466656,50,474,0.5
F,+ (1|item:variant:judge:temp): splits eps/rho,0.6510646844554844,0.24382138689785304,0.17317476613569244,1.1289546027752764,TRUE,1.2845312926720964,0.04307757623041691,0.10205884381433607,NA,50,474,0.5
A,"1 obs/item, naive SE",0.45572412894988756,0.09656927794592421,0.26644834417587615,0.644999913723899,TRUE,0.5087587311783159,NA,NA,NA,50,475,0.5
B,+ (1|variant): captures phi,0.6304957409380856,0.0880345691890981,0.4579479853274533,0.8030434965487179,TRUE,0.4637950772041115,NA,NA,NA,50,475,0.5
C,+ (1|judge): captures lambda,0.24200286834912232,0.21101327845342946,-0.1715831574195994,0.655588894117844,TRUE,1.1116873822734683,NA,NA,NA,50,475,0.5
D,+ (1|temp): captures tau,0.44282177293954056,0.2450946644854743,-0.037563769451989026,0.9232073153310701,TRUE,1.291239337960358,NA,NA,NA,50,475,0.5
E,+ interactions: lumps eps into residual,0.44282177293954056,0.23662008669682744,-0.02095359698624122,0.9065971428653223,TRUE,1.2465924737118934,NA,NA,0.20998989772678836,50,475,0.5
F,+ (1|item:variant:judge:temp): splits eps/rho,0.44282177293954045,0.23529933804952843,-0.018364929637535277,0.9040084755166162,TRUE,1.2396343352614683,0.04002710116854449,0.1006214010398911,NA,50,475,0.5
A,"1 obs/item, naive SE",1.292954228946109,0.08413988219424305,1.1280400598453926,1.4578683980468252,FALSE,0.4432765846153122,NA,NA,NA,50,476,0.5
B,+ (1|variant): captures phi,1.0579555231183593,0.11229712773193308,0.8378531527637705,1.278057893472948,FALSE,0.591618218910778,NA,NA,NA,50,476,0.5
C,+ (1|judge): captures lambda,0.9622348059813822,0.1862383075220376,0.5972077232381885,1.327261888724576,FALSE,0.9811646835007519,NA,NA,NA,50,476,0.5
D,+ (1|temp): captures tau,0.8559720837369964,0.2058447623353976,0.4525163495596171,1.2594278179143756,TRUE,1.0844579387256248,NA,NA,NA,50,476,0.5
E,+ interactions: lumps eps into residual,0.8559720837369964,0.1909217440886853,0.4817654653231732,1.2301787021508197,TRUE,1.005838568362313,NA,NA,0.20788464171524237,50,476,0.5
F,+ (1|item:variant:judge:temp): splits eps/rho,0.8559720837369964,0.18926167208481728,0.4850192064507545,1.2269249610232382,TRUE,0.9970927628192139,0.03508338870395134,0.10171716436623762,NA,50,476,0.5
A,"1 obs/item, naive SE",-0.10280316800457916,0.08938909183821851,-0.27800578800748743,0.07239945199832913,FALSE,0.4709311482090607,NA,NA,NA,50,477,0.5
B,+ (1|variant): captures phi,0.04062300473115886,0.1208747651413491,-0.19629153494588536,0.2775375444082031,FALSE,0.6368080351519828,NA,NA,NA,50,477,0.5
C,+ (1|judge): captures lambda,0.022694511374536062,0.17862144923406417,-0.3274035291242297,0.3727925518733018,FALSE,0.9410365678041185,NA,NA,NA,50,477,0.5
D,+ (1|temp): captures tau,0.18342420215917274,0.17766660662656222,-0.1648023468288892,0.5316507511472347,TRUE,0.9360061427683248,NA,NA,NA,50,477,0.5
E,+ interactions: lumps eps into residual,0.18342420215917274,0.16450851365728147,-0.13901248460909896,0.5058608889274444,TRUE,0.8666849794939532,NA,NA,0.20189218857622832,50,477,0.5
F,+ (1|item:variant:judge:temp): splits eps/rho,0.18342420215917274,0.16270931405048694,-0.13548605337978167,0.5023344576981271,TRUE,0.8572062039603732,0.03765715016797096,0.09872413854011294,NA,50,477,0.5
A,"1 obs/item, naive SE",0.5468293503479305,0.07587894010149324,0.39810662774900374,0.6955520729468572,TRUE,0.39975522350708903,NA,NA,NA,50,478,0.5
B,+ (1|variant): captures phi,0.7532939213736772,0.20190691010798817,0.3575563775620204,1.1490314651853342,TRUE,1.0637120374887283,NA,NA,NA,50,478,0.5
C,+ (1|judge): captures lambda,0.782758482304405,0.1888308975513803,0.41264992310369963,1.1528670415051105,TRUE,0.9948233008358898,NA,NA,NA,50,478,0.5
D,+ (1|temp): captures tau,0.5369499185121696,0.19349474577348308,0.1577002167961427,0.9161996202281963,TRUE,1.0193939878530789,NA,NA,NA,50,478,0.5
E,+ interactions: lumps eps into residual,0.5369499185121696,0.18260225839010005,0.17904949206757348,0.8948503449567656,TRUE,0.9620087802754794,NA,NA,0.21998669785704594,50,478,0.5
F,+ (1|item:variant:judge:temp): splits eps/rho,0.5369499185121696,0.18055729537915616,0.1830576195690235,0.8908422174553157,TRUE,0.951235242263349,0.038930539377279645,0.09903445752145174,NA,50,478,0.5
A,"1 obs/item, naive SE",0.43911376333206514,0.09132191314598229,0.26012281356593986,0.6181047130981905,TRUE,0.48111388682995987,NA,NA,NA,50,479,0.5
B,+ (1|variant): captures phi,0.25931852104518405,0.10557799986850892,0.05238564130290657,0.4662514007874615,FALSE,0.5562196424780667,NA,NA,NA,50,479,0.5
C,+ (1|judge): captures lambda,0.2657250226035145,0.20184306700503543,-0.12988738872635497,0.661337433933384,TRUE,1.0633756910155683,NA,NA,NA,50,479,0.5
D,+ (1|temp): captures tau,0.5208019209512634,0.2605260401292982,0.010170882297839023,1.0314329596046878,TRUE,1.3725369023605396,NA,NA,NA,50,479,0.5
E,+ interactions: lumps eps into residual,0.5208019209512634,0.25058231466722714,0.029660584203498264,1.0119432576990286,TRUE,1.3201500847631082,NA,NA,0.22906359560420875,50,479,0.5
F,+ (1|item:variant:judge:temp): splits eps/rho,0.5208019209512634,0.24892570502007696,0.032907539111912576,1.0086963027906144,TRUE,1.3114225200544456,0.03789029140459464,0.09910389371507101,NA,50,479,0.5
A,"1 obs/item, naive SE",0.6422695273466221,0.08572783148420948,0.4742429776375715,0.8102960770556727,TRUE,0.45164242397046633,NA,NA,NA,50,480,0.5
B,+ (1|variant): captures phi,0.5352222039347188,0.17790700708655643,0.18652447004506817,0.8839199378243694,TRUE,0.9372726514924538,NA,NA,NA,50,480,0.5
C,+ (1|judge): captures lambda,0.6866346078761383,0.18680850320412354,0.32048994159605615,1.0527792741562205,TRUE,0.9841686619700104,NA,NA,NA,50,480,0.5
D,+ (1|temp): captures tau,0.7423015268551506,0.22223889484889744,0.3067132929513116,1.1778897607589895,TRUE,1.1708276230988253,NA,NA,NA,50,480,0.5
E,+ interactions: lumps eps into residual,0.7423015268551506,0.20913523233743078,0.33239647147378626,1.152206582236515,TRUE,1.1017932173859055,NA,NA,0.2110964811120212,50,480,0.5
F,+ (1|item:variant:judge:temp): splits eps/rho,0.7423015268551507,0.20765313893378945,0.3353013745449234,1.149301679165378,TRUE,1.093985061670518,0.042840003985454074,0.1012809654306981,NA,50,480,0.5
A,"1 obs/item, naive SE",0.3447858913730698,0.07415335201691581,0.19944532141991483,0.4901264613262248,FALSE,0.39066425769353463,NA,NA,NA,50,481,0.5
B,+ (1|variant): captures phi,0.350948016452151,0.265518685206587,-0.16946860655275953,0.8713646394570616,TRUE,1.3988397993974986,NA,NA,NA,50,481,0.5
C,+ (1|judge): captures lambda,0.499724674052303,0.33668159314217433,-0.16017124850635872,1.1596205966109647,TRUE,1.7737494137009446,NA,NA,NA,50,481,0.5
D,+ (1|temp): captures tau,0.6849100547192482,0.3207189823233159,0.05630084936554902,1.3135192600729473,TRUE,1.6896531276021374,NA,NA,NA,50,481,0.5
E,+ interactions: lumps eps into residual,0.6849100547192482,0.3077113614728494,0.08179578623246331,1.288024323206033,TRUE,1.6211247009607197,NA,NA,0.20138662448463523,50,481,0.5
F,+ (1|item:variant:judge:temp): splits eps/rho,0.6849100547192482,0.3067750620441714,0.08363093311267222,1.286189176325824,TRUE,1.6161919674923804,0.04129533666414633,0.09856867343191132,NA,50,481,0.5
A,"1 obs/item, naive SE",0.9486853594736699,0.06450332454717714,0.8222588433612028,1.075111875586137,FALSE,0.33982473775750144,NA,NA,NA,50,482,0.5
B,+ (1|variant): captures phi,0.9036298102190388,0.19520089573063984,0.5210360545869848,1.2862235658510928,FALSE,1.0283825472154993,NA,NA,NA,50,482,0.5
C,+ (1|judge): captures lambda,0.8209986314337125,0.20402611423689443,0.4211074475293995,1.2208898153380257,TRUE,1.0748767021384313,NA,NA,NA,50,482,0.5
D,+ (1|temp): captures tau,0.573548072314046,0.23517295715268852,0.11260907629477657,1.0344870683333154,TRUE,1.238968519112802,NA,NA,NA,50,482,0.5
E,+ interactions: lumps eps into residual,0.573548072314046,0.23164211567883344,0.11952952558353247,1.0275666190445596,TRUE,1.220366884447622,NA,NA,0.21560790896109447,50,482,0.5
F,+ (1|item:variant:judge:temp): splits eps/rho,0.5735480723140459,0.23070475508963859,0.12136675233835431,1.0257293922897375,TRUE,1.215428560436518,0.03962424904902316,0.10028832474466565,NA,50,482,0.5
A,"1 obs/item, naive SE",0.7919917660631249,0.10348395489261578,0.589163214473598,0.9948203176526519,FALSE,0.5451875245247534,NA,NA,NA,50,483,0.5
B,+ (1|variant): captures phi,0.6995131652651314,0.08598043175347471,0.530991519028321,0.8680348115019418,FALSE,0.4529732053040354,NA,NA,NA,50,483,0.5
C,+ (1|judge): captures lambda,0.5596142240554827,0.11005894368989284,0.3438986944232927,0.7753297536876727,TRUE,0.5798267289297762,NA,NA,NA,50,483,0.5
D,+ (1|temp): captures tau,0.42871188630422774,0.22494393587602324,-0.012178228012777792,0.8696020006212333,TRUE,1.1850786692909325,NA,NA,NA,50,483,0.5
E,+ interactions: lumps eps into residual,0.42871188630422774,0.21001177302309434,0.017088811178962826,0.8403349614294926,TRUE,1.106411122133149,NA,NA,0.2109256470963706,50,483,0.5
F,+ (1|item:variant:judge:temp): splits eps/rho,0.4287118863042278,0.20844641544824666,0.02015691202566433,0.8372668605827913,TRUE,1.0981643033667725,0.03965796822549705,0.0993244718985413,NA,50,483,0.5
A,"1 obs/item, naive SE",-0.0072639624510150444,0.08221349420784896,-0.16840241109839899,0.1538744861963689,FALSE,0.4331277388481955,NA,NA,NA,50,484,0.5
B,+ (1|variant): captures phi,0.47429482442613596,0.18594289655306967,0.1098467471821194,0.8387429016701525,TRUE,0.9796083613148033,NA,NA,NA,50,484,0.5
C,+ (1|judge): captures lambda,0.5350770988960377,0.21989997483051094,0.10407314822823627,0.9660810495638392,TRUE,1.1585054228484701,NA,NA,NA,50,484,0.5
D,+ (1|temp): captures tau,0.5810850909623558,0.28099592141904783,0.03033308498102205,1.1318370969436895,TRUE,1.480378972363128,NA,NA,NA,50,484,0.5
E,+ interactions: lumps eps into residual,0.5810850909623558,0.2719758081038949,0.048012507078721844,1.1141576748459898,TRUE,1.432858047459127,NA,NA,0.20266945470504202,50,484,0.5
F,+ (1|item:variant:judge:temp): splits eps/rho,0.5810850909623558,0.27092471956830927,0.05007264060846972,1.112097541316242,TRUE,1.427320567205624,0.039275405760542975,0.10003010391920261,NA,50,484,0.5
A,"1 obs/item, naive SE",0.35501444375520114,0.07587306328957527,0.20630323970763362,0.5037256478027686,TRUE,0.3997242625282109,NA,NA,NA,50,485,0.5
B,+ (1|variant): captures phi,0.7191843955831113,0.21288166907471973,0.30193632419666067,1.136432466969562,TRUE,1.1215306788378827,NA,NA,NA,50,485,0.5
C,+ (1|judge): captures lambda,0.4918768878609857,0.23133294320892397,0.03846431917149473,0.9452894565504767,TRUE,1.2187380621466573,NA,NA,NA,50,485,0.5
D,+ (1|temp): captures tau,0.3227746069254562,0.2436794098096072,-0.1548370363013739,0.8003862501522863,TRUE,1.2837833106553644,NA,NA,NA,50,485,0.5
E,+ interactions: lumps eps into residual,0.3227746069254562,0.23474755829268681,-0.13733060732820995,0.7828798211791224,TRUE,1.2367273779459356,NA,NA,0.20649485109079035,50,485,0.5
F,+ (1|item:variant:judge:temp): splits eps/rho,0.3227746069254563,0.23346635480829045,-0.13481944849879296,0.7803686623497055,TRUE,1.2299775764255418,0.0364445137975792,0.10265061497174434,NA,50,485,0.5
A,"1 obs/item, naive SE",1.056616808014573,0.07283042010802773,0.9138691846028386,1.1993644314263074,FALSE,0.3836946171026824,NA,NA,NA,50,486,0.5
B,+ (1|variant): captures phi,0.9386672295862204,0.09431551687282566,0.7538088165154821,1.1235256426569586,FALSE,0.4968851762722643,NA,NA,NA,50,486,0.5
C,+ (1|judge): captures lambda,0.7848319802327722,0.21487851616588075,0.363670088547646,1.2059938719178984,TRUE,1.1320507263526325,NA,NA,NA,50,486,0.5
D,+ (1|temp): captures tau,0.5501238752247313,0.18802874042994822,0.18158754398203275,0.9186602064674299,TRUE,0.9905972731800347,NA,NA,NA,50,486,0.5
E,+ interactions: lumps eps into residual,0.5501238752247313,0.17370535725267955,0.20966137500947934,0.8905863754399832,TRUE,0.915136977665258,NA,NA,0.21231023875972707,50,486,0.5
F,+ (1|item:variant:judge:temp): splits eps/rho,0.5501238752247315,0.17248868411535773,0.21204605435863033,0.8882016960908327,TRUE,0.9087271432461873,0.038424224827194146,0.09877961397113265,NA,50,486,0.5
A,"1 obs/item, naive SE",0.17978322191362636,0.07646182028123857,0.02991805416239876,0.329648389664854,FALSE,0.4028260280836986,NA,NA,NA,50,487,0.5
B,+ (1|variant): captures phi,0.3507334862313298,0.23881947638338769,-0.11735268748011002,0.8188196599427697,TRUE,1.2581795822634108,NA,NA,NA,50,487,0.5
C,+ (1|judge): captures lambda,0.5751019803780633,0.26594061744190683,0.05385837019192585,1.0963455905642006,TRUE,1.4010626772448895,NA,NA,NA,50,487,0.5
D,+ (1|temp): captures tau,0.709381940847485,0.24977915773758697,0.2198147916818145,1.1989490900131554,TRUE,1.315918789788638,NA,NA,NA,50,487,0.5
E,+ interactions: lumps eps into residual,0.709381940847485,0.23834925642358368,0.24221739825726096,1.176546483437709,TRUE,1.2557023087949422,NA,NA,0.2220061809855826,50,487,0.5
F,+ (1|item:variant:judge:temp): splits eps/rho,0.709381940847485,0.23678968320864807,0.24527416175853473,1.1734897199364351,TRUE,1.2474859639398566,0.038898285788563795,0.09955824319969342,NA,50,487,0.5
A,"1 obs/item, naive SE",0.6903194810261305,0.09940435358139996,0.49548694800658655,0.8851520140456745,TRUE,0.5236948424735344,NA,NA,NA,50,488,0.5
B,+ (1|variant): captures phi,0.6084244345031612,0.20107170036604355,0.21432390178571586,1.0025249672206065,TRUE,1.059311877752446,NA,NA,NA,50,488,0.5
C,+ (1|judge): captures lambda,0.435850756525901,0.21552559022560766,0.01342059968371001,0.858280913368092,TRUE,1.1354597254112089,NA,NA,NA,50,488,0.5
D,+ (1|temp): captures tau,0.5784602951617314,0.2508464436754357,0.08680126555787743,1.0701193247655854,TRUE,1.3215416032868235,NA,NA,NA,50,488,0.5
E,+ interactions: lumps eps into residual,0.5784602951617314,0.24011346072650416,0.10783791213778321,1.0490826781856795,TRUE,1.2649967175529298,NA,NA,0.2208159992331822,50,488,0.5
F,+ (1|item:variant:judge:temp): splits eps/rho,0.5784602951617313,0.2385420915757111,0.11091779567333748,1.046002794650125,TRUE,1.2567182278264364,0.03413530939443365,0.10252726024344527,NA,50,488,0.5
A,"1 obs/item, naive SE",0.3197545965335856,0.08618069319602875,0.15084043786936926,0.48866875519780195,FALSE,0.4540282484770286,NA,NA,NA,50,489,0.5
B,+ (1|variant): captures phi,0.06977893558714277,0.18283307293138418,-0.2885738873583702,0.4281317585326557,FALSE,0.9632247872257124,NA,NA,NA,50,489,0.5
C,+ (1|judge): captures lambda,0.473984608674304,0.27821610049511564,-0.07131894829612268,1.0192881656447306,TRUE,1.465733961069219,NA,NA,NA,50,489,0.5
D,+ (1|temp): captures tau,0.5249330861695146,0.28130803127221793,-0.02643065512403253,1.0762968274630618,TRUE,1.4820232697656206,NA,NA,NA,50,489,0.5
E,+ interactions: lumps eps into residual,0.5249330861695146,0.27094105492385556,-0.0061113814812422396,1.0559775538202714,TRUE,1.4274066272335941,NA,NA,0.2107347178902133,50,489,0.5
F,+ (1|item:variant:judge:temp): splits eps/rho,0.5249330861695145,0.2697672603952378,-0.003810744205151595,1.0536769165441806,TRUE,1.4212226914338668,0.039696722082002145,0.10060739113755589,NA,50,489,0.5
A,"1 obs/item, naive SE",0.4253445293542213,0.09573426298745212,0.23770537389881513,0.6129836848096275,TRUE,0.5043595976254581,NA,NA,NA,50,490,0.5
B,+ (1|variant): captures phi,0.6291913202289223,0.10716741066092311,0.419143195333513,0.8392394451243317,TRUE,0.5645931815090054,NA,NA,NA,50,490,0.5
C,+ (1|judge): captures lambda,0.5443111222822898,0.10747556873465358,0.3336590075623688,0.7549632370022108,TRUE,0.5662166596371245,NA,NA,NA,50,490,0.5
D,+ (1|temp): captures tau,0.5157922722746412,0.13227438350477802,0.2565344806052763,0.7750500639440061,TRUE,0.6968649755978124,NA,NA,NA,50,490,0.5
E,+ interactions: lumps eps into residual,0.5157922722746412,0.12610753236947095,0.26862150883047814,0.7629630357188042,TRUE,0.6643759746888354,NA,NA,0.21416610518299703,50,490,0.5
F,+ (1|item:variant:judge:temp): splits eps/rho,0.5157922722746413,0.12470008276626948,0.2713801100527531,0.7602044344965295,TRUE,0.6569610670748096,0.040563349633484874,0.09959354744107288,NA,50,490,0.5
A,"1 obs/item, naive SE",0.7901464932823197,0.08254301705258697,0.6283621798592492,0.9519308067053901,FALSE,0.4348637736198033,NA,NA,NA,50,491,0.5
B,+ (1|variant): captures phi,0.9366838630695951,0.16007995693754123,0.6229271474720142,1.250440578667176,FALSE,0.8433538855310482,NA,NA,NA,50,491,0.5
C,+ (1|judge): captures lambda,0.7818507743077852,0.16900201682039703,0.45060682133980695,1.1130947272757634,TRUE,0.8903582326904053,NA,NA,NA,50,491,0.5
D,+ (1|temp): captures tau,0.5696131440695426,0.2476349414367198,0.08424865885357175,1.0549776292855133,TRUE,1.3046223527870906,NA,NA,NA,50,491,0.5
E,+ interactions: lumps eps into residual,0.5696131440695426,0.23478223962917735,0.10943995439635495,1.0297863337427302,TRUE,1.2369100906380444,NA,NA,0.21661610931766884,50,491,0.5
F,+ (1|item:variant:judge:temp): splits eps/rho,0.5696131440695428,0.23331132187422732,0.11232295319605723,1.0269033349430283,TRUE,1.2291608119171753,0.03933029310146244,0.10103140445207212,NA,50,491,0.5
A,"1 obs/item, naive SE",0.3714217621294437,0.08762624939928866,0.19967431330683794,0.5431692109520495,TRUE,0.46164391419868056,NA,NA,NA,50,492,0.5
B,+ (1|variant): captures phi,0.1447769212717098,0.09235116115750872,-0.03623135459700727,0.32578519714042686,FALSE,0.48653630401635756,NA,NA,NA,50,492,0.5
C,+ (1|judge): captures lambda,0.49400561482069355,0.21089491980437472,0.0806515720041191,0.907359657637268,TRUE,1.1110638299657583,NA,NA,NA,50,492,0.5
D,+ (1|temp): captures tau,0.4547021300402017,0.24940432206340082,-0.034130341204063885,0.9435346012844673,TRUE,1.313944032121856,NA,NA,NA,50,492,0.5
E,+ interactions: lumps eps into residual,0.4547021300402017,0.23649286005520365,-0.008823875667997416,0.9182281357484008,TRUE,1.2459222019014233,NA,NA,0.22426707939030263,50,492,0.5
F,+ (1|item:variant:judge:temp): splits eps/rho,0.4547021300402016,0.23491704661256219,-0.005735281320420282,0.9151395414008234,TRUE,1.2376202981831317,0.04118014582114974,0.10170379527133938,NA,50,492,0.5
A,"1 obs/item, naive SE",0.9176360102667299,0.08871094389833974,0.7437625602259841,1.0915094603074758,FALSE,0.4673584417253578,NA,NA,NA,50,493,0.5
B,+ (1|variant): captures phi,0.8015831324422893,0.18856782402140318,0.43199019736033906,1.1711760675242395,TRUE,0.99343734291879,NA,NA,NA,50,493,0.5
C,+ (1|judge): captures lambda,0.7707239407900844,0.16840352123872995,0.44065303916217374,1.1007948424179952,TRUE,0.8872051610384118,NA,NA,NA,50,493,0.5
D,+ (1|temp): captures tau,0.7234612726144521,0.2929058770262106,0.14936575364307936,1.297556791585825,TRUE,1.5431245373292783,NA,NA,NA,50,493,0.5
E,+ interactions: lumps eps into residual,0.7234612726144521,0.28644377434639506,0.16203147489551784,1.2848910703333865,TRUE,1.5090800541348617,NA,NA,0.22096189149264645,50,493,0.5
F,+ (1|item:variant:judge:temp): splits eps/rho,0.7234612726144521,0.2857235771694394,0.16344306136235087,1.2834794838665533,TRUE,1.5052858184344422,0.04190829672871888,0.10083876982492758,NA,50,493,0.5
A,"1 obs/item, naive SE",0.6494387726851936,0.0887046181009914,0.47557772120725045,0.8232998241631366,TRUE,0.4673251153434992,NA,NA,NA,50,494,0.5
B,+ (1|variant): captures phi,0.6931939532893313,0.09627501689740615,0.5044949201704152,0.8818929864082474,FALSE,0.5072084671516648,NA,NA,NA,50,494,0.5
C,+ (1|judge): captures lambda,0.6784958348194546,0.10389755059603295,0.47485663565123004,0.8821350339876792,TRUE,0.5473664827790458,NA,NA,NA,50,494,0.5
D,+ (1|temp): captures tau,0.34333168037748757,0.23421383722034436,-0.11572744057438739,0.8023908013293626,TRUE,1.2339155597223372,NA,NA,NA,50,494,0.5
E,+ interactions: lumps eps into residual,0.34333168037748757,0.22049989276437895,-0.08884810944069516,0.7755114701956702,TRUE,1.1616659879198659,NA,NA,0.22279220768384042,50,494,0.5
F,+ (1|item:variant:judge:temp): splits eps/rho,0.34333168037748757,0.21884742133904228,-0.08560926544703529,0.7722726262020104,TRUE,1.152960224725349,0.04179147102032277,0.10034705586177747,NA,50,494,0.5
A,"1 obs/item, naive SE",0.08541218332179025,0.0803410072736417,-0.07205619093454747,0.242880557578128,FALSE,0.42326286155949183,NA,NA,NA,50,495,0.5
B,+ (1|variant): captures phi,0.5188897387842983,0.2922460222508282,-0.053912464827324924,1.0916919423959217,TRUE,1.5396482052552878,NA,NA,NA,50,495,0.5
C,+ (1|judge): captures lambda,0.4546417242515426,0.2973888954796335,-0.12824051088853905,1.0375239593916241,TRUE,1.5667425536252015,NA,NA,NA,50,495,0.5
D,+ (1|temp): captures tau,0.758522848341364,0.3101903520472613,0.15054975832873185,1.366495938353996,TRUE,1.6341848389887481,NA,NA,NA,50,495,0.5
E,+ interactions: lumps eps into residual,0.758522848341364,0.29735759239537063,0.1757019672464375,1.3413437294362904,TRUE,1.5665776386774015,NA,NA,0.21428332446157786,50,495,0.5
F,+ (1|item:variant:judge:temp): splits eps/rho,0.7585228483413641,0.29617146867342314,0.1780267697414547,1.3390189269412733,TRUE,1.5603287486304405,0.03699855256703981,0.09939449827383967,NA,50,495,0.5
A,"1 obs/item, naive SE",0.7108036404464376,0.08221990305861086,0.5496526304515603,0.8719546504413149,FALSE,0.43316150278276444,NA,NA,NA,50,496,0.5
B,+ (1|variant): captures phi,0.5562044549906211,0.06843165310644317,0.4220784149019925,0.6903304950792497,TRUE,0.36052046517696984,NA,NA,NA,50,496,0.5
C,+ (1|judge): captures lambda,0.29081422295967263,0.15882746359127248,-0.02048760567922142,0.6021160515985666,TRUE,0.8367553384650361,NA,NA,NA,50,496,0.5
D,+ (1|temp): captures tau,0.3724140143975812,0.20790603309644848,-0.03508181047145781,0.7799098392666202,TRUE,1.0953173913311876,NA,NA,NA,50,496,0.5
E,+ interactions: lumps eps into residual,0.3724140143975812,0.20275830931378205,-0.024992271857431636,0.7698203006525941,TRUE,1.068197488647517,NA,NA,0.2009195626723581,50,496,0.5
F,+ (1|item:variant:judge:temp): splits eps/rho,0.37241401439758143,0.20180421298597281,-0.023122243054925273,0.7679502718500881,TRUE,1.063170995258699,0.04189597828776705,0.10015138800747793,NA,50,496,0.5
A,"1 obs/item, naive SE",1.0468163359146452,0.0830187220861064,0.8840996406258766,1.2095330312034138,FALSE,0.43736994426140224,NA,NA,NA,50,497,0.5
B,+ (1|variant): captures phi,1.0559168642970362,0.1251511633104568,0.8106205842085409,1.3012131443855315,FALSE,0.6593375078042151,NA,NA,NA,50,497,0.5
C,+ (1|judge): captures lambda,0.7021124772475668,0.23143382613555796,0.24850217802187313,1.1557227764732603,TRUE,1.2192695465984784,NA,NA,NA,50,497,0.5
D,+ (1|temp): captures tau,0.37504736261865124,0.2356808027652148,-0.08688701080116978,0.8369817360384723,TRUE,1.2416440169000797,NA,NA,NA,50,497,0.5
E,+ interactions: lumps eps into residual,0.37504736261865124,0.225845845362601,-0.06761049429204669,0.8177052195293492,TRUE,1.1898302252286908,NA,NA,0.22019798335430785,50,497,0.5
F,+ (1|item:variant:judge:temp): splits eps/rho,0.37504736261865135,0.22433093380421526,-0.06464126763761058,0.8147359928749133,TRUE,1.1818491726756906,0.04444304513783631,0.10052587419400459,NA,50,497,0.5
A,"1 obs/item, naive SE",0.5323735438801925,0.08389725327812009,0.36793492745507717,0.6968121603053079,TRUE,0.4419983356510504,NA,NA,NA,50,498,0.5
B,+ (1|variant): captures phi,0.2859965868268737,0.10426901881764991,0.08162930994427986,0.4903638637094675,FALSE,0.5493234995976736,NA,NA,NA,50,498,0.5
C,+ (1|judge): captures lambda,0.7080488355700055,0.25323928663502765,0.21169983376535134,1.2043978373746598,TRUE,1.3341478873341441,NA,NA,NA,50,498,0.5
D,+ (1|temp): captures tau,0.5848381818109761,0.17156235591927335,0.24857596420920036,0.9211003994127519,TRUE,0.9038469415120656,NA,NA,NA,50,498,0.5
E,+ interactions: lumps eps into residual,0.5848381818109761,0.15144923195887922,0.28799768717157287,0.8816786764503795,TRUE,0.7978843865072294,NA,NA,0.2178307326559972,50,498,0.5
F,+ (1|item:variant:judge:temp): splits eps/rho,0.584838181810976,0.14922323954769937,0.29236063229748527,0.8773157313244668,TRUE,0.7861571260491095,0.042230009239763486,0.100278308733596,NA,50,498,0.5
A,"1 obs/item, naive SE",0.4019836808109797,0.07909835984109823,0.24695089552242716,0.5570164660995323,TRUE,0.4167161860066641,NA,NA,NA,50,499,0.5
B,+ (1|variant): captures phi,-0.0016661224121773935,0.1409524379703171,-0.2779329008339989,0.2746006560096441,FALSE,0.7425838219316978,NA,NA,NA,50,499,0.5
C,+ (1|judge): captures lambda,0.3770284171813768,0.21676536410206051,-0.04783169645866181,0.8018885308214154,TRUE,1.141991262125042,NA,NA,NA,50,499,0.5
D,+ (1|temp): captures tau,0.6363964943984071,0.20613878842561356,0.2323644690842045,1.0404285197126097,TRUE,1.0860069649146302,NA,NA,NA,50,499,0.5
E,+ interactions: lumps eps into residual,0.6363964943984071,0.19072347237809623,0.26257848853733845,1.0102145002594756,TRUE,1.0047940077520086,NA,NA,0.22358769065390233,50,499,0.5
F,+ (1|item:variant:judge:temp): splits eps/rho,0.6363964943984068,0.18868064238912974,0.2665824353157126,1.0062105534811012,TRUE,0.9940317072015002,0.038490869347544386,0.10061968050542398,NA,50,499,0.5
A,"1 obs/item, naive SE",-0.016333545262678092,0.08825349563867206,-0.1893103967144753,0.15664330618911915,FALSE,0.4649484537755817,NA,NA,NA,50,500,0.5
B,+ (1|variant): captures phi,0.16501720094702993,0.2124909806826786,-0.2514651211910201,0.5814995230850799,TRUE,1.1194724038372947,NA,NA,NA,50,500,0.5
C,+ (1|judge): captures lambda,0.4937221078736433,0.2582045749184757,-0.01235885896656913,0.9998030747138558,TRUE,1.360306659779726,NA,NA,NA,50,500,0.5
D,+ (1|temp): captures tau,0.3070809341739525,0.2843497401078999,-0.25024455643753124,0.8644064247854362,TRUE,1.498047992749694,NA,NA,NA,50,500,0.5
E,+ interactions: lumps eps into residual,0.3070809341739525,0.27635128654878655,-0.2345675874616691,0.8487294558095742,TRUE,1.455909507605362,NA,NA,0.20972278226159907,50,500,0.5
F,+ (1|item:variant:judge:temp): splits eps/rho,0.3070809341739523,0.275191757146999,-0.23229490983416567,0.8464567781820703,TRUE,1.4498007251875447,0.040630415202175446,0.09767207534435558,NA,50,500,0.5
A,"1 obs/item, naive SE",0.9622759331146313,0.06474937536389562,0.8353671574013959,1.0891847088278668,FALSE,0.3411210144200357,NA,NA,NA,50,501,0.5
B,+ (1|variant): captures phi,1.2573474325660619,0.2533725461908165,0.7607372420320615,1.7539576231000622,FALSE,1.3348499425214935,NA,NA,NA,50,501,0.5
C,+ (1|judge): captures lambda,1.0541689747183185,0.24485967847227635,0.5742440049126569,1.53409394452398,FALSE,1.2900013543235103,NA,NA,NA,50,501,0.5
D,+ (1|temp): captures tau,0.7330088416312772,0.28722213162763294,0.17005346364111662,1.2959642196214378,TRUE,1.5131806964015226,NA,NA,NA,50,501,0.5
E,+ interactions: lumps eps into residual,0.7330088416312772,0.27063472681840556,0.20256477706720233,1.263452906195352,TRUE,1.4257927899805054,NA,NA,0.22286056320307987,50,501,0.5
F,+ (1|item:variant:judge:temp): splits eps/rho,0.7330088416312771,0.26926422724856464,0.2052509562240904,1.260766727038464,TRUE,1.4185725473001871,0.03887965509412342,0.10135723542397353,NA,50,501,0.5
A,"1 obs/item, naive SE",0.8508806704990337,0.07979919289520368,0.6944742524244345,1.007287088573633,FALSE,0.4204084051363771,NA,NA,NA,50,502,0.5
B,+ (1|variant): captures phi,0.6280170598681036,0.1179586429800846,0.3968181196271378,0.8592160001090694,TRUE,0.6214449440915251,NA,NA,NA,50,502,0.5
C,+ (1|judge): captures lambda,0.5112639616520657,0.13183055208079214,0.25287607957371305,0.7696518437304183,TRUE,0.694526725618864,NA,NA,NA,50,502,0.5
D,+ (1|temp): captures tau,0.5019026920906243,0.15009219772877885,0.2077219845422178,0.7960833996390309,TRUE,0.7907350836672723,NA,NA,NA,50,502,0.5
E,+ interactions: lumps eps into residual,0.5019026920906243,0.13935481717257353,0.22876725043238022,0.7750381337488684,TRUE,0.7341670298912805,NA,NA,0.22457878059698114,50,502,0.5
F,+ (1|item:variant:judge:temp): splits eps/rho,0.5019026920906243,0.13739815171827627,0.23260231472280285,0.7712030694584457,TRUE,0.7238586724608133,0.03916143791922746,0.09983729749758623,NA,50,502,0.5
A,"1 obs/item, naive SE",0.626080397667554,0.08450610758613847,0.46044842679872255,0.7917123685363854,TRUE,0.4452059804818768,NA,NA,NA,50,503,0.5
B,+ (1|variant): captures phi,0.7430124509324023,0.2041282816529692,0.3429210188925827,1.143103882972222,TRUE,1.0754149537032724,NA,NA,NA,50,503,0.5
C,+ (1|judge): captures lambda,0.34381794549879724,0.23140483056303765,-0.10973552240475654,0.7973714134023511,TRUE,1.219116788381797,NA,NA,NA,50,503,0.5
D,+ (1|temp): captures tau,0.45447033108181945,0.1619966613889254,0.13695687475952567,0.7719837874041132,TRUE,0.8534517152494819,NA,NA,NA,50,503,0.5
E,+ interactions: lumps eps into residual,0.45447033108181945,0.14507489136827115,0.170123544000008,0.7388171181636309,TRUE,0.7643022628758175,NA,NA,0.21165668711989793,50,503,0.5
F,+ (1|item:variant:judge:temp): splits eps/rho,0.45447033108181956,0.1434023045972602,0.1734018140711896,0.7355388480924495,TRUE,0.7554905254215759,0.03935195290659511,0.10158819698822319,NA,50,503,0.5
A,"1 obs/item, naive SE",0.08431240060099113,0.07069343004237559,-0.054246722282065035,0.2228715234840473,FALSE,0.3724362502859536,NA,NA,NA,50,504,0.5
B,+ (1|variant): captures phi,0.39988751279997603,0.12929331071268996,0.14647262380310372,0.6533024017968483,TRUE,0.6811597032429523,NA,NA,NA,50,504,0.5
C,+ (1|judge): captures lambda,0.24536485727336416,0.24231517273507494,-0.22957288128738274,0.720302595834111,TRUE,1.2765960608609306,NA,NA,NA,50,504,0.5
D,+ (1|temp): captures tau,0.4709645535185504,0.19980097255087392,0.07935464731883751,0.8625744597182632,TRUE,1.0526172655044317,NA,NA,NA,50,504,0.5
E,+ interactions: lumps eps into residual,0.4709645535185504,0.18219659000473218,0.11385923710927531,0.8280698699278255,TRUE,0.9598715857410595,NA,NA,0.2147424405775593,50,504,0.5
F,+ (1|item:variant:judge:temp): splits eps/rho,0.4709645535185503,0.18016408998249028,0.11784293715286936,0.8240861698842312,TRUE,0.9491637068542076,0.03855306106650354,0.09688461608761847,NA,50,504,0.5
A,"1 obs/item, naive SE",0.6335321515081008,0.0777220802507613,0.48119687421660867,0.785867428799593,TRUE,0.4094654922765265,NA,NA,NA,50,505,0.5
B,+ (1|variant): captures phi,0.5094922958114498,0.07620083352340777,0.3601386621055706,0.658845929517329,TRUE,0.40145106396889296,NA,NA,NA,50,505,0.5
C,+ (1|judge): captures lambda,0.31795315717614825,0.151093011183046,0.02181085525737808,0.6140954590949184,TRUE,0.796007698249979,NA,NA,NA,50,505,0.5
D,+ (1|temp): captures tau,0.3693692639308898,0.18476278309649327,0.007234209061763031,0.7315043188000165,TRUE,0.9733911353234226,NA,NA,NA,50,505,0.5
E,+ interactions: lumps eps into residual,0.3693692639308898,0.17892734357056517,0.01867167053258212,0.7200668573291975,TRUE,0.9426481198196572,NA,NA,0.20019831267775082,50,505,0.5
F,+ (1|item:variant:judge:temp): splits eps/rho,0.36936926393089003,0.1777856658877166,0.020909358790965504,0.7178291690708145,TRUE,0.9366333861311038,0.03821876198628629,0.0994605646876053,NA,50,505,0.5
A,"1 obs/item, naive SE",-0.08898829261958728,0.07527201595176514,-0.23652144388504692,0.058544858645872375,FALSE,0.3965577473852312,NA,NA,NA,50,506,0.5
B,+ (1|variant): captures phi,0.06166580379351795,0.12866281900608953,-0.19051332145841754,0.3138449290454534,FALSE,0.67783806547687,NA,NA,NA,50,506,0.5
C,+ (1|judge): captures lambda,0.2610672884378467,0.2214511435332698,-0.1729769528873621,0.6951115297630555,TRUE,1.166677489968005,NA,NA,NA,50,506,0.5
D,+ (1|temp): captures tau,0.5922607619226385,0.2707363051134764,0.06161760390022475,1.1229039199450523,TRUE,1.4263279378620548,NA,NA,NA,50,506,0.5
E,+ interactions: lumps eps into residual,0.5922607619226385,0.2642561119715855,0.07431878245833101,1.1102027413869462,TRUE,1.3921881481609764,NA,NA,0.21321765477708607,50,506,0.5
F,+ (1|item:variant:judge:temp): splits eps/rho,0.5922607619226385,0.26298779082802515,0.07680469189970929,1.107716831945568,TRUE,1.385506215050886,0.03795141070961226,0.10029194441623902,NA,50,506,0.5
A,"1 obs/item, naive SE",-0.1566740626779548,0.09322528532927274,-0.3393956219233294,0.026047496567419753,FALSE,0.4911414777732535,NA,NA,NA,50,507,0.5
B,+ (1|variant): captures phi,0.25521052176676234,0.15370968981264332,-0.04606047026601856,0.5564815137995432,TRUE,0.8097932222573223,NA,NA,NA,50,507,0.5
C,+ (1|judge): captures lambda,0.5475327513340362,0.16420933184451605,0.22568246091878474,0.8693830417492877,TRUE,0.8651087912621286,NA,NA,NA,50,507,0.5
D,+ (1|temp): captures tau,0.4939295857734543,0.1563891191559287,0.18740691222783407,0.8004522593190746,TRUE,0.8239093376717418,NA,NA,NA,50,507,0.5
E,+ interactions: lumps eps into residual,0.4939295857734543,0.13593020757434307,0.2275063789277419,0.7603527926191667,TRUE,0.7161250597012119,NA,NA,0.21307981128332654,50,507,0.5
F,+ (1|item:variant:judge:temp): splits eps/rho,0.49392958577345425,0.13417249312259713,0.23095149925316388,0.7569076722937447,TRUE,0.706864841614619,0.03997936180668175,0.0994982286828711,NA,50,507,0.5
A,"1 obs/item, naive SE",0.3381134113958318,0.07782689659951697,0.18557269406077853,0.49065412873088504,FALSE,0.41001769929033,NA,NA,NA,50,508,0.5
B,+ (1|variant): captures phi,0.26981773132852954,0.09787622768050527,0.0779803250747392,0.4616551375823199,FALSE,0.5156441724161767,NA,NA,NA,50,508,0.5
C,+ (1|judge): captures lambda,0.1476341195846534,0.16075665626336688,-0.1674489266915457,0.4627171658608525,FALSE,0.8469189602392702,NA,NA,NA,50,508,0.5
D,+ (1|temp): captures tau,0.2891362550753141,0.2106824217709294,-0.12380129159570752,0.7020738017463357,TRUE,1.1099443204056467,NA,NA,NA,50,508,0.5
E,+ interactions: lumps eps into residual,0.2891362550753141,0.20213066836819363,-0.10703985492634538,0.6853123650769736,TRUE,1.0648908696284545,NA,NA,0.2196372570409352,50,508,0.5
F,+ (1|item:variant:judge:temp): splits eps/rho,0.2891362550753139,0.20031555889258842,-0.10348224035415943,0.6817547505047872,TRUE,1.055328275671029,0.03789093968246131,0.09946057128812882,NA,50,508,0.5
A,"1 obs/item, naive SE",0.7934052328154477,0.0817358886353151,0.6332028910902301,0.9536075745406654,FALSE,0.43061155554171904,NA,NA,NA,50,509,0.5
B,+ (1|variant): captures phi,0.5978615672640111,0.10704188320194223,0.3880594761882043,0.8076636583398178,TRUE,0.5639318615517938,NA,NA,NA,50,509,0.5
C,+ (1|judge): captures lambda,0.5970534974704326,0.22139179459296165,0.16312558006822775,1.0309814148726373,TRUE,1.1663648202224068,NA,NA,NA,50,509,0.5
D,+ (1|temp): captures tau,0.4913182857628352,0.21271192982501946,0.07440290330579707,0.9082336682198733,TRUE,1.1206364366198036,NA,NA,NA,50,509,0.5
E,+ interactions: lumps eps into residual,0.4913182857628352,0.20093379178167955,0.09748805387074327,0.8851485176549272,TRUE,1.0585853299528558,NA,NA,0.20253796998834045,50,509,0.5
F,+ (1|item:variant:judge:temp): splits eps/rho,0.4913182857628352,0.19956501439014648,0.10017085755814809,0.8824657139675223,TRUE,1.0513741602745252,0.041111587072345426,0.09912419067313544,NA,50,509,0.5
A,"1 obs/item, naive SE",1.0134958615924676,0.08708790411858383,0.8428035695200433,1.184188153664892,FALSE,0.45880773412388914,NA,NA,NA,50,510,0.5
B,+ (1|variant): captures phi,0.6865984902082988,0.13673802285377798,0.41859196541489396,0.9546050150017036,TRUE,0.7203808963951747,NA,NA,NA,50,510,0.5
C,+ (1|judge): captures lambda,0.7953838575816223,0.2007285125039218,0.40195597307393566,1.188811742089309,TRUE,1.057503851172951,NA,NA,NA,50,510,0.5
D,+ (1|temp): captures tau,0.5693586488610148,0.21318811275820426,0.1515099478549345,0.9872073498670952,TRUE,1.123145124994087,NA,NA,NA,50,510,0.5
E,+ interactions: lumps eps into residual,0.5693586488610148,0.1943299051246098,0.18847203481677965,0.95024526290525,TRUE,1.023793882113952,NA,NA,0.21464340200023946,50,510,0.5
F,+ (1|item:variant:judge:temp): splits eps/rho,0.569358648861015,0.19301482164810663,0.19104959843072594,0.947667699291304,TRUE,1.0168655896473358,0.039698221355821205,0.1017315444038537,NA,50,510,0.5
A,"1 obs/item, naive SE",0.8159141637244901,0.06779890099858324,0.6830283177672669,0.9488000096817133,FALSE,0.3571869188732946,NA,NA,NA,50,511,0.5
B,+ (1|variant): captures phi,0.7029388022461766,0.07574637108248881,0.5544759149244984,0.8514016895678547,FALSE,0.39905680629473284,NA,NA,NA,50,511,0.5
C,+ (1|judge): captures lambda,0.8518155369359169,0.15626834473592066,0.5455295812535125,1.1581014926183215,FALSE,0.8232730582877694,NA,NA,NA,50,511,0.5
D,+ (1|temp): captures tau,0.5617267395393588,0.19791280505436476,0.1738176416328039,0.9496358374459137,TRUE,1.042669777854021,NA,NA,NA,50,511,0.5
E,+ interactions: lumps eps into residual,0.5617267395393588,0.18181993163209648,0.2053596735404497,0.9180938055382679,TRUE,0.9578872254991082,NA,NA,0.21546728135365015,50,511,0.5
F,+ (1|item:variant:judge:temp): splits eps/rho,0.5617267395393588,0.18108230353607438,0.20680542460865303,0.9166480544700646,TRUE,0.9540011579816124,0.040528461698905546,0.0984165299051685,NA,50,511,0.5
A,"1 obs/item, naive SE",0.02219483638955982,0.08167610839732499,-0.13789033606919715,0.1822800088483168,FALSE,0.43029661357801896,NA,NA,NA,50,512,0.5
B,+ (1|variant): captures phi,0.006908812347690777,0.0632856752913895,-0.11713111122343263,0.13094873591881417,FALSE,0.33340976082517276,NA,NA,NA,50,512,0.5
C,+ (1|judge): captures lambda,-0.039671571638806385,0.07598563207174132,-0.18860341049941937,0.1092602672218066,FALSE,0.40031731191206527,NA,NA,NA,50,512,0.5
D,+ (1|temp): captures tau,0.3658862449526639,0.24657313007149353,-0.1173970899874634,0.8491695798927912,TRUE,1.2990283811388226,NA,NA,NA,50,512,0.5
E,+ interactions: lumps eps into residual,0.3658862449526639,0.23854604303914503,-0.10166399940406035,0.8334364893093882,TRUE,1.256739045435988,NA,NA,0.21672905414263605,50,512,0.5
F,+ (1|item:variant:judge:temp): splits eps/rho,0.36588624495266386,0.23718785995672234,-0.09900196056251193,0.8307744504678396,TRUE,1.2495836900639807,0.04600274325743092,0.09959795510540972,NA,50,512,0.5
A,"1 obs/item, naive SE",1.110742104992488,0.0752982373049165,0.9631575598748516,1.2583266501101242,FALSE,0.3966958901014534,NA,NA,NA,50,513,0.5
B,+ (1|variant): captures phi,0.8424758452860188,0.14823553490436864,0.5519341968734564,1.1330174936985813,FALSE,0.7809535729957123,NA,NA,NA,50,513,0.5
C,+ (1|judge): captures lambda,0.7946869045349058,0.19103310559980072,0.4202620175592964,1.1691117915105151,TRUE,1.0064252574450345,NA,NA,NA,50,513,0.5
D,+ (1|temp): captures tau,0.8442716760430451,0.22823222019217984,0.3969365244663726,1.2916068276197175,TRUE,1.2024024330388419,NA,NA,NA,50,513,0.5
E,+ interactions: lumps eps into residual,0.8442716760430451,0.21711912413497841,0.4187181927384874,1.2698251593476026,TRUE,1.143854986378937,NA,NA,0.21664543253203952,50,513,0.5
F,+ (1|item:variant:judge:temp): splits eps/rho,0.8442716760430451,0.21555603249784727,0.42178185234726445,1.2667614997388257,TRUE,1.1356201053180306,0.03978520947886091,0.10005685677181211,NA,50,513,0.5
A,"1 obs/item, naive SE",0.8543414117224206,0.07347368490967227,0.710332989299463,0.9983498341453783,FALSE,0.38708354773629033,NA,NA,NA,50,514,0.5
B,+ (1|variant): captures phi,1.0391042273829412,0.12125759778582497,0.8014393357227243,1.276769119043158,FALSE,0.638824923489558,NA,NA,NA,50,514,0.5
C,+ (1|judge): captures lambda,0.8663018221921533,0.14555151398181077,0.5810208547878042,1.1515827895965025,FALSE,0.7668132676308815,NA,NA,NA,50,514,0.5
D,+ (1|temp): captures tau,0.6714364423080814,0.2049281828457892,0.2697772039303346,1.0730956806858283,TRUE,1.079629096384913,NA,NA,NA,50,514,0.5
E,+ interactions: lumps eps into residual,0.6714364423080814,0.19148663944939154,0.296122628987274,1.0467502556288888,TRUE,1.008814622994536,NA,NA,0.2061816239800798,50,514,0.5
F,+ (1|item:variant:judge:temp): splits eps/rho,0.6714364423080815,0.18988010521309767,0.29927143609041007,1.043601448525753,TRUE,1.000350872026976,0.03924364411274807,0.09989451518596335,NA,50,514,0.5
A,"1 obs/item, naive SE",0.501019239813937,0.08860826689235722,0.3273470367049169,0.6746914429229571,TRUE,0.46681750547320827,NA,NA,NA,50,515,0.5
B,+ (1|variant): captures phi,0.18031672439030003,0.1316452273352378,-0.07770792118676609,0.43834136996736617,FALSE,0.6935503738804056,NA,NA,NA,50,515,0.5
C,+ (1|judge): captures lambda,0.3711644311689511,0.14450680094418178,0.0879311013183548,0.6543977610195474,TRUE,0.7613093755983947,NA,NA,NA,50,515,0.5
D,+ (1|temp): captures tau,0.3676158543631801,0.1620445338580859,0.050008568001331744,0.6852231407250284,TRUE,0.8537039231688794,NA,NA,NA,50,515,0.5
E,+ interactions: lumps eps into residual,0.3676158543631801,0.1470282691887711,0.07944044675318879,0.6557912619731714,TRUE,0.7745932999696842,NA,NA,0.20952211684082472,50,515,0.5
F,+ (1|item:variant:judge:temp): splits eps/rho,0.3676158543631799,0.1460513553058627,0.08135519796368901,0.6538765107626707,TRUE,0.7694465961927617,0.04029761499896876,0.09893278264276623,NA,50,515,0.5
A,"1 obs/item, naive SE",1.0512950100117484,0.07827677544440258,0.8978725301407193,1.2047174898827775,FALSE,0.4123878090724093,NA,NA,NA,50,516,0.5
B,+ (1|variant): captures phi,0.3445993724052426,0.24517318768391197,-0.13594007545522485,0.82513882026571,TRUE,1.2916530240068413,NA,NA,NA,50,516,0.5
C,+ (1|judge): captures lambda,0.2913085487991641,0.30433460239882315,-0.30518727190252926,0.8878043695008575,TRUE,1.6033348230767983,NA,NA,NA,50,516,0.5
D,+ (1|temp): captures tau,0.4821746588740882,0.30529424472856964,-0.11620206079390821,1.0805513785420846,TRUE,1.6083905346286669,NA,NA,NA,50,516,0.5
E,+ interactions: lumps eps into residual,0.4821746588740882,0.2998035747909785,-0.10544034771622962,1.0697896654644061,TRUE,1.5794638787585462,NA,NA,0.20367754761751775,50,516,0.5
F,+ (1|item:variant:judge:temp): splits eps/rho,0.4821746588740882,0.2988145494752566,-0.10350185809741469,1.067851175845591,TRUE,1.574253367968441,0.040476195208148213,0.09812759179840311,NA,50,516,0.5
A,"1 obs/item, naive SE",0.7019788939333675,0.07519587564687007,0.5545949776655023,0.8493628102012328,FALSE,0.3961566152059926,NA,NA,NA,50,517,0.5
B,+ (1|variant): captures phi,0.4428504795905652,0.08335305130019866,0.27947849904217587,0.6062224601389545,TRUE,0.4391313005682462,NA,NA,NA,50,517,0.5
C,+ (1|judge): captures lambda,0.2193294910372977,0.13917970583511358,-0.05346273239952487,0.4921217144741203,FALSE,0.7332444857472624,NA,NA,NA,50,517,0.5
D,+ (1|temp): captures tau,0.4361352796336725,0.1942623003872178,0.055381170874725605,0.8168893883926194,TRUE,1.0234377181128456,NA,NA,NA,50,517,0.5
E,+ interactions: lumps eps into residual,0.4361352796336725,0.18538254676695912,0.0727854879704326,0.7994850712969124,TRUE,0.9766562542652167,NA,NA,0.21150568149217522,50,517,0.5
F,+ (1|item:variant:judge:temp): splits eps/rho,0.43613527963367255,0.18423833384479205,0.07502814529788016,0.7972424139694649,TRUE,0.9706281641017434,0.04087042346320312,0.09914788470304645,NA,50,517,0.5
A,"1 obs/item, naive SE",0.6100866416693657,0.09801200759071406,0.41798310679156614,0.8021901765471652,TRUE,0.5163595056599026,NA,NA,NA,50,518,0.5
B,+ (1|variant): captures phi,0.6507870496557928,0.13379497035104923,0.3885489077677363,0.9130251915438493,TRUE,0.7048759274347783,NA,NA,NA,50,518,0.5
C,+ (1|judge): captures lambda,0.6368222291333581,0.1761988690169601,0.2914724458601163,0.9821720124065998,TRUE,0.9282736180995372,NA,NA,NA,50,518,0.5
D,+ (1|temp): captures tau,0.5592052183345109,0.21530502366729115,0.1372073719466202,0.9812030647224015,TRUE,1.134297708207225,NA,NA,NA,50,518,0.5
E,+ interactions: lumps eps into residual,0.5592052183345109,0.20420934964631576,0.15895489302773197,0.9594555436412897,TRUE,1.07584204656667,NA,NA,0.20889476319541006,50,518,0.5
F,+ (1|item:variant:judge:temp): splits eps/rho,0.5592052183345112,0.20274369601329761,0.1618275741484479,0.9565828625205746,TRUE,1.068120500972234,0.04150364578951958,0.10042595598454272,NA,50,518,0.5
A,"1 obs/item, naive SE",0.802516304809936,0.09038111050769312,0.6253693282148575,0.9796632814050145,FALSE,0.47615742897166224,NA,NA,NA,50,519,0.5
B,+ (1|variant): captures phi,0.4259235151065527,0.15904706595818754,0.11419126582850508,0.7376557643846002,TRUE,0.8379122759914618,NA,NA,NA,50,519,0.5
C,+ (1|judge): captures lambda,0.3277881058096634,0.1199279833266838,0.09272925848936314,0.5628469531299636,TRUE,0.6318200770251596,NA,NA,NA,50,519,0.5
D,+ (1|temp): captures tau,0.49423460831654936,0.18739353919009624,0.12694327150396073,0.8615259451291379,TRUE,0.9872508240431679,NA,NA,NA,50,519,0.5
E,+ interactions: lumps eps into residual,0.49423460831654936,0.16995603600452452,0.1611207777476813,0.8273484388854174,TRUE,0.8953843196609247,NA,NA,0.22890998324524575,50,519,0.5
F,+ (1|item:variant:judge:temp): splits eps/rho,0.49423460831654964,0.16755867376252825,0.16581960774199428,0.82264960889110506,TRUE,0.8827542265468826,0.0409904848588353,0.09997650577028518,NA,50,519,0.5
A,"1 obs/item, naive SE",0.16349175293462842,0.07233348695955742,0.021718118493895877,0.30526538737536096,FALSE,0.38107660976666635,NA,NA,NA,50,520,0.5
B,+ (1|variant): captures phi,0.04011582561807372,0.12548329440438377,-0.20583143141451846,0.2860630826506659,FALSE,0.6610872836907632,NA,NA,NA,50,520,0.5
C,+ (1|judge): captures lambda,0.1883337514111888,0.14280140078520123,-0.0915569941278056,0.4682244969501832,FALSE,0.7523247664194788,NA,NA,NA,50,520,0.5
D,+ (1|temp): captures tau,0.5397132747125593,0.2231942841970174,0.10225247768640516,0.9771740717387134,TRUE,1.1758609285440929,NA,NA,NA,50,520,0.5
E,+ interactions: lumps eps into residual,0.5397132747125593,0.21851317859510305,0.11142744466615728,0.9679991047589612,TRUE,1.151199323971723,NA,NA,0.21306813284599824,50,520,0.5
F,+ (1|item:variant:judge:temp): splits eps/rho,0.5397132747125593,0.21702133381582556,0.11435146043354116,0.9650750889915773,TRUE,1.1433397948009114,0.038457305818395154,0.10097457626169812,NA,50,520,0.5
A,"1 obs/item, naive SE",0.6344377196582993,0.0799710688598977,0.4776944246928998,0.7911810146236988,TRUE,0.42131390427210375,NA,NA,NA,50,521,0.5
B,+ (1|variant): captures phi,0.3275164755712927,0.12581835175255132,0.08091250613629211,0.5741204450062933,TRUE,0.6628524760474996,NA,NA,NA,50,521,0.5
C,+ (1|judge): captures lambda,0.3077037452507514,0.17950147550913814,-0.04411914674715933,0.6595266372486621,TRUE,0.9456728357832673,NA,NA,NA,50,521,0.5
D,+ (1|temp): captures tau,0.47151301172567217,0.2542895420865363,-0.026894490763939016,0.9699205142152834,TRUE,1.3396809786266135,NA,NA,NA,50,521,0.5
E,+ interactions: lumps eps into residual,0.47151301172567217,0.2457842259676986,-0.01022407117101709,0.9532500946223614,TRUE,1.294872174740626,NA,NA,0.21303639455174586,50,521,0.5
F,+ (1|item:variant:judge:temp): splits eps/rho,0.47151301172567217,0.24402878846720694,-0.0067834136700534176,0.9498094371213978,TRUE,1.285623952382444,0.04428615120883755,0.10079891139481484,NA,50,521,0.5
A,"1 obs/item, naive SE",0.5809931703036149,0.0761951005784956,0.4316507731697635,0.7303355674374662,TRUE,0.4014208609287391,NA,NA,NA,50,522,0.5
B,+ (1|variant): captures phi,0.4832384590664932,0.07778651633975991,0.33077688704056374,0.6357000310924227,TRUE,0.4098049627952911,NA,NA,NA,50,522,0.5
C,+ (1|judge): captures lambda,0.28048036911902985,0.13829050720597738,0.0094309749953142,0.5515297632427455,TRUE,0.728559894788861,NA,NA,NA,50,522,0.5
D,+ (1|temp): captures tau,0.5826262869983047,0.204576035767698,0.18165725689361656,0.98359531710299275,TRUE,1.0777738697077688,NA,NA,NA,50,522,0.5
E,+ interactions: lumps eps into residual,0.5826262869983047,0.19463563884873747,0.20114043485477923,0.9641121391418301,TRUE,1.0254045879706606,NA,NA,0.21972696599773917,50,522,0.5
F,+ (1|item:variant:judge:temp): splits eps/rho,0.5826262869983047,0.19279060802545478,0.20475669526841328,0.9604958787281961,TRUE,1.0156843585084105,0.040745399306612314,0.09899021111577964,NA,50,522,0.5
A,"1 obs/item, naive SE",0.7668918089799858,0.08015152797362345,0.6097948141516838,0.9239888038082877,FALSE,0.42226462226111144,NA,NA,NA,50,523,0.5
B,+ (1|variant): captures phi,0.2407623341974538,0.23967372453429014,-0.22899816588975486,0.7105228342846625,TRUE,1.2626800426024423,NA,NA,NA,50,523,0.5
C,+ (1|judge): captures lambda,0.22538465780308928,0.2335667350050735,-0.23240614280685476,0.6831754584130333,TRUE,1.230506412331091,NA,NA,NA,50,523,0.5
D,+ (1|temp): captures tau,0.36972899698301603,0.25322975169763823,-0.1266013163443549,0.866059310310387,TRUE,1.33409765414662,NA,NA,NA,50,523,0.5
E,+ interactions: lumps eps into residual,0.36972899698301603,0.24594804335489262,-0.11232916799257348,0.8517871619586055,TRUE,1.2957352186385045,NA,NA,0.22008766682734154,50,523,0.5
F,+ (1|item:variant:judge:temp): splits eps/rho,0.36972899698301614,0.24507966387773653,-0.11062714421734743,0.8500851381833797,TRUE,1.2911603098230258,0.040233258536828194,0.09929381593990043,NA,50,523,0.5
A,"1 obs/item, naive SE",0.7505069835616726,0.09703763335462708,0.5603132221866035,0.9407007449367416,FALSE,0.5112261815780756,NA,NA,NA,50,524,0.5
B,+ (1|variant): captures phi,0.972835749330297,0.19312175643121346,0.5943171067251187,1.3513543919354754,FALSE,1.0174289572703465,NA,NA,NA,50,524,0.5
C,+ (1|judge): captures lambda,0.7536828294352881,0.26354228364886767,0.23713995348350747,1.2702257053870687,TRUE,1.3884274656802764,NA,NA,NA,50,524,0.5
D,+ (1|temp): captures tau,0.7082892547442572,0.23132612383692308,0.254890052023888,1.1616884574646265,TRUE,1.218702135451124,NA,NA,NA,50,524,0.5
E,+ interactions: lumps eps into residual,0.7082892547442572,0.21484131756468308,0.28720027231747836,1.1293782371710361,TRUE,1.131854751881771,NA,NA,0.2147761662843037,50,524,0.5
F,+ (1|item:variant:judge:temp): splits eps/rho,0.7082892547442571,0.2131639261066364,0.29048795957524975,1.1260905499132643,TRUE,1.1230177017553005,0.03543514242584844,0.10043147158201016,NA,50,524,0.5
A,"1 obs/item, naive SE",0.37144462895180597,0.09525202814956635,0.18475065377865593,0.558138604124956,TRUE,0.5018190258259037,NA,NA,NA,50,525,0.5
B,+ (1|variant): captures phi,0.3663161919230895,0.0928635231916489,0.18430368646745768,0.5483286973787214,TRUE,0.4892355957987717,NA,NA,NA,50,525,0.5
C,+ (1|judge): captures lambda,0.42377706227915424,0.08851536154074224,0.2502869536592994,0.597267170899009,TRUE,0.46632804951151224,NA,NA,NA,50,525,0.5
D,+ (1|temp): captures tau,0.5435604289770802,0.1585336830419196,0.23283441021491785,0.8542864477392427,TRUE,0.8352076058660896,NA,NA,NA,50,525,0.5
E,+ interactions: lumps eps into residual,0.5435604289770802,0.14823604033312246,0.25301778992416024,0.8341030680300002,TRUE,0.7809562357606927,NA,NA,0.22242611783664942,50,525,0.5
F,+ (1|item:variant:judge:temp): splits eps/rho,0.5435604289770802,0.14696313648731082,0.255512681461951,0.8316081764922094,TRUE,0.7742501594672595,0.041748856418079364,0.1011249498511784,NA,50,525,0.5
A,"1 obs/item, naive SE",0.49105135468648436,0.08710393072932811,0.3203276504570013,0.6617750589159674,TRUE,0.4588921675826535,NA,NA,NA,50,526,0.5
B,+ (1|variant): captures phi,0.5590199872608981,0.10821671777908325,0.3469152204138949,0.7711247541079013,TRUE,0.5701212766693571,NA,NA,NA,50,526,0.5
C,+ (1|judge): captures lambda,0.28066409435858874,0.23523501561633364,-0.1803965362494252,0.7417247249666027,TRUE,1.2392954635188753,NA,NA,NA,50,526,0.5
D,+ (1|temp): captures tau,0.39462405301481973,0.2609492303271183,-0.11683643842633218,0.9060845444559716,TRUE,1.3747664075682995,NA,NA,NA,50,526,0.5
E,+ interactions: lumps eps into residual,0.39462405301481973,0.25115718048580044,-0.09764402073734912,0.8868921267669886,TRUE,1.3231786670480343,NA,NA,0.20862475332784952,50,526,0.5
F,+ (1|item:variant:judge:temp): splits eps/rho,0.39462405301481984,0.2501244221616905,-0.09561981442209355,0.8848679204517332,TRUE,1.3177377563799206,0.03920676800006692,0.09925084108258694,NA,50,526,0.5
A,"1 obs/item, naive SE",0.7477719597369059,0.08583016895056193,0.5795448285938045,0.9159990908800073,FALSE,0.4521815714161232,NA,NA,NA,50,527,0.5
B,+ (1|variant): captures phi,0.8256964173129692,0.11539091947464737,0.5995302151426604,1.051862619483278,FALSE,0.6079173317863518,NA,NA,NA,50,527,0.5
C,+ (1|judge): captures lambda,0.7330452710111155,0.12625303839359017,0.4855893157596788,0.9805012262625522,TRUE,0.6651425483009022,NA,NA,NA,50,527,0.5
D,+ (1|temp): captures tau,0.5960396369185871,0.18646912822956624,0.23056014558863724,0.9615191282485369,TRUE,0.9823807229367898,NA,NA,NA,50,527,0.5
E,+ interactions: lumps eps into residual,0.5960396369185871,0.18148811261320744,0.24032293619670053,0.9517563376404736,TRUE,0.9561390937265444,NA,NA,0.21392663017805844,50,527,0.5
F,+ (1|item:variant:judge:temp): splits eps/rho,0.5960396369185871,0.18024720436966557,0.24275511635404257,0.9493241574831316,TRUE,0.9496015807936363,0.03994679869231468,0.1003872695208256,NA,50,527,0.5
A,"1 obs/item, naive SE",0.7199284278606443,0.08366293593927393,0.5559490734196674,0.8839077823016211,FALSE,0.4407638748107073,NA,NA,NA,50,528,0.5
B,+ (1|variant): captures phi,0.8586686081745096,0.15899035277370954,0.5470475167380389,1.1702896996109804,FALSE,0.8376134922748405,NA,NA,NA,50,528,0.5
C,+ (1|judge): captures lambda,0.6196679336831514,0.2219457575023845,0.18465424897847782,1.054681618387825,TRUE,1.1692832791040775,NA,NA,NA,50,528,0.5
D,+ (1|temp): captures tau,0.44915748243003834,0.24812260941449943,-0.03716283202238052,0.9354777968824572,TRUE,1.3071915481553151,NA,NA,NA,50,528,0.5
E,+ interactions: lumps eps into residual,0.44915748243003834,0.2317674723745239,-0.005106763424028493,0.9034217282841052,TRUE,1.221027304767632,NA,NA,0.21938202163958176,50,528,0.5
F,+ (1|item:variant:judge:temp): splits eps/rho,0.4491574824300384,0.23027330452487896,-0.002178194438724357,0.9004931592988011,TRUE,1.2131555368977465,0.03960974279860221,0.10253947410182225,NA,50,528,0.5
A,"1 obs/item, naive SE",0.26142625428748706,0.08685970387034557,0.09118123470160974,0.43167127387336435,FALSE,0.45760550012962353,NA,NA,NA,50,529,0.5
B,+ (1|variant): captures phi,0.3840261122611537,0.21550401989007978,-0.03836176672340269,0.80641399124571,TRUE,1.1353460857861886,NA,NA,NA,50,529,0.5
C,+ (1|judge): captures lambda,0.46488526557931215,0.24408550764293135,-0.01352232940083331,0.9432928605594576,TRUE,1.2859227676629228,NA,NA,NA,50,529,0.5
D,+ (1|temp): captures tau,0.5756665064687919,0.16446062770898726,0.2533236761591769,0.898009336778407,TRUE,0.866432700562044,NA,NA,NA,50,529,0.5
E,+ interactions: lumps eps into residual,0.5756665064687919,0.14047653649376735,0.30033249494100794,0.8510005179965758,TRUE,0.7400766163635779,NA,NA,0.20769752419379015,50,529,0.5
F,+ (1|item:variant:judge:temp): splits eps/rho,0.575666506468792,0.1389323686166791,0.303359063980101,0.8479739489574831,TRUE,0.7319414318972133,0.040933755191034385,0.0986307446089621,NA,50,529,0.5
A,"1 obs/item, naive SE",0.9881912946618308,0.07510306252861222,0.8409892921057508,1.1353932972179108,FALSE,0.39566764515997027,NA,NA,NA,50,530,0.5
B,+ (1|variant): captures phi,0.8589580132205556,0.105283023747086,0.6526032866762671,1.065312739764844,FALSE,0.5546656112120665,NA,NA,NA,50,530,0.5
C,+ (1|judge): captures lambda,0.9166406991002252,0.079442272514233,0.7609338449723285,1.072347553228122,FALSE,0.4185280311290659,NA,NA,NA,50,530,0.5
D,+ (1|temp): captures tau,0.5079589327953371,0.22312911669482324,0.07062586407348354,0.9452920015171906,TRUE,1.1755176046999514,NA,NA,NA,50,530,0.5
E,+ interactions: lumps eps into residual,0.5079589327953371,0.21919775883597728,0.07833132547682164,0.9375865401138526,TRUE,1.1548059179335415,NA,NA,0.20157839980388836,50,530,0.5
F,+ (1|item:variant:judge:temp): splits eps/rho,0.5079589327953369,0.21877911606709663,0.0791518653038275,0.9367660002868463,TRUE,1.1526003700777112,0.039873883226753684,0.09996223325538746,NA,50,530,0.5
A,"1 obs/item, naive SE",-0.5262957799188567,0.08091562949913275,-0.6848904137371569,-0.3677011461005565,FALSE,0.42629016051590934,NA,NA,NA,50,531,0.5
B,+ (1|variant): captures phi,-0.3404999474060674,0.10898169990797528,-0.5541040792256989,-0.1268958155864359,FALSE,0.5741514542325271,NA,NA,NA,50,531,0.5
C,+ (1|judge): captures lambda,0.2565667556701904,0.3458569942922179,-0.4213129531425567,0.9344464644829374,TRUE,1.822088446014743,NA,NA,NA,50,531,0.5
D,+ (1|temp): captures tau,0.468226830151489,0.23980840377444182,-0.0017976412464169589,0.938251301549395,TRUE,1.2633895771541452,NA,NA,NA,50,531,0.5
E,+ interactions: lumps eps into residual,0.468226830151489,0.21606920945247562,0.044731179624636797,0.8917224806783413,TRUE,1.1383236903697163,NA,NA,0.21438554596360743,50,531,0.5
F,+ (1|item:variant:judge:temp): splits eps/rho,0.46822683015148897,0.21496376731089298,0.04689784622213872,0.8895558140808393,TRUE,1.1324998574354206,0.046428617912678605,0.09996956221720539,NA,50,531,0.5
A,"1 obs/item, naive SE",1.1430750369879403,0.0713258653933353,1.0032763408170031,1.2828737331588775,FALSE,0.3757681278100534,NA,NA,NA,50,532,0.5
B,+ (1|variant): captures phi,0.922500593390884,0.21950932314967966,0.49226232001751186,1.3527388667642561,TRUE,1.1564473412546148,NA,NA,NA,50,532,0.5
C,+ (1|judge): captures lambda,0.489108048785367,0.35954260829056733,-0.215595463464145,1.193811561034879,TRUE,1.8941887636446972,NA,NA,NA,50,532,0.5
D,+ (1|temp): captures tau,0.40259292908296,0.2761749044592791,-0.13870988365722708,0.9438957418231471,TRUE,1.4549802687214322,NA,NA,NA,50,532,0.5
E,+ interactions: lumps eps into residual,0.40259292908296,0.2657560817427044,-0.11828899113274055,0.9234748492986606,TRUE,1.400090482462239,NA,NA,0.2107766903778562,50,532,0.5
F,+ (1|item:variant:judge:temp): splits eps/rho,0.4025929290829599,0.26447723984751176,-0.11578246101816309,0.920968319184083,TRUE,1.3933531225708233,0.037880097136615706,0.0970427283594413,NA,50,532,0.5
A,"1 obs/item, naive SE",-0.07218951402223789,0.08685415605150974,-0.24242365988319697,0.0980446318387212,FALSE,0.45757627239455334,NA,NA,NA,50,533,0.5
B,+ (1|variant): captures phi,0.2593776629431064,0.15276818494965025,-0.0400479795582081,0.5588033054444208,TRUE,0.8048330648482259,NA,NA,NA,50,533,0.5
C,+ (1|judge): captures lambda,0.13469360344174514,0.14256213424599182,-0.1447281796803988,0.4141153865638891,FALSE,0.7510642315631472,NA,NA,NA,50,533,0.5
D,+ (1|temp): captures tau,0.4602731160593271,0.2763064381162105,-0.08128750264844542,1.0018337347670996,TRUE,1.4556732313057141,NA,NA,NA,50,533,0.5
E,+ interactions: lumps eps into residual,0.4602731160593271,0.2590861263903958,-0.0475356916658487,0.9680819237845029,TRUE,1.364950962997708,NA,NA,0.21339875876547088,50,533,0.5
F,+ (1|item:variant:judge:temp): splits eps/rho,0.46027311605932714,0.257819337401994,-0.045052785248581084,0.9655990173672353,TRUE,1.3582771017851298,0.042802585732201436,0.09964595597607329,NA,50,533,0.5
A,"1 obs/item, naive SE",0.24512674728566794,0.08848856875633129,0.07168915252325861,0.41856434204807724,FALSE,0.46618689630739196,NA,NA,NA,50,534,0.5
B,+ (1|variant): captures phi,0.3916868969031018,0.12511707460989466,0.1464574306677083,0.6369163631384953,TRUE,0.6591579173131769,NA,NA,NA,50,534,0.5
C,+ (1|judge): captures lambda,0.45030172431404547,0.08429205821972177,0.2850892902033908,0.6155141584247001,TRUE,0.4440782979892246,NA,NA,NA,50,534,0.5
D,+ (1|temp): captures tau,0.34865770373613103,0.1425412400681386,0.06927687320257941,0.6280385342696826,TRUE,0.7509541541592385,NA,NA,NA,50,534,0.5
E,+ interactions: lumps eps into residual,0.34865770373613103,0.13038815956738528,0.09309691098405587,0.6042184964882062,TRUE,0.6869277272563319,NA,NA,0.20801178998315753,50,534,0.5
F,+ (1|item:variant:judge:temp): splits eps/rho,0.348657703736131,0.1281775859736201,0.09742963522783554,0.5998857722444264,TRUE,0.675281698201729,0.043119222767826516,0.0995905545425715,NA,50,534,0.5
A,"1 obs/item, naive SE",0.350631876412711,0.07754976882642914,0.19863432951290988,0.5026294233125121,TRUE,0.40855769899614336,NA,NA,NA,50,535,0.5
B,+ (1|variant): captures phi,0.5173516645885866,0.15372113493078174,0.2160582401242544,0.8186450890529189,TRUE,0.8098535189055539,NA,NA,NA,50,535,0.5
C,+ (1|judge): captures lambda,0.5080257048425334,0.31015031011818633,-0.09986890298911177,1.1159203126741786,TRUE,1.633973884931066,NA,NA,NA,50,535,0.5
D,+ (1|temp): captures tau,0.502330494430373,0.2633101980980928,-0.013757493841888846,1.0184184827026348,TRUE,1.387204762633836,NA,NA,NA,50,535,0.5
E,+ interactions: lumps eps into residual,0.502330494430373,0.2538240494679276,0.004835357473234991,0.9998256313875111,TRUE,1.3372286103470366,NA,NA,0.21497887916389669,50,535,0.5
F,+ (1|item:variant:judge:temp): splits eps/rho,0.5023304944303729,0.2525621400797058,0.00730869987414956,0.9973522889865962,TRUE,1.3305804564737804,0.03976293694614755,0.10280310480066837,NA,50,535,0.5
A,"1 obs/item, naive SE",0.46870829333588343,0.08127363737100075,0.30941196408872196,0.6280046225830449,TRUE,0.42817626378309337,NA,NA,NA,50,536,0.5
B,+ (1|variant): captures phi,0.47590823713361236,0.10302192453904992,0.27398526503707454,0.6778312092301502,TRUE,0.5427533965966388,NA,NA,NA,50,536,0.5
C,+ (1|judge): captures lambda,0.16919468939180493,0.21380717754757758,-0.24986737860144714,0.588256757385057,TRUE,1.1264065620003272,NA,NA,NA,50,536,0.5
D,+ (1|temp): captures tau,0.41951226393364566,0.20750754472215294,0.012797476278225917,0.8262270515890654,TRUE,1.093218023457593,NA,NA,NA,50,536,0.5
E,+ interactions: lumps eps into residual,0.41951226393364566,0.19473134164816516,0.03783883430324192,0.8011856935640493,TRUE,1.0259087818079007,NA,NA,0.206584458108784,50,536,0.5
F,+ (1|item:variant:judge:temp): splits eps/rho,0.4195122639336457,0.19312741991852894,0.04098252089332899,0.7980420069739624,TRUE,1.0174587943850268,0.03783734934972646,0.10051668391398538,NA,50,536,0.5
A,"1 obs/item, naive SE",0.2469564078725431,0.0792356090538466,0.09165461412700376,0.40225820161808246,FALSE,0.4174392600196249,NA,NA,NA,50,537,0.5
B,+ (1|variant): captures phi,0.3649991348882133,0.07280395527179982,0.22230338255548562,0.5076948872209409,TRUE,0.38355519163749774,NA,NA,NA,50,537,0.5
C,+ (1|judge): captures lambda,0.5198741429433983,0.140749416967258,0.24400528568757257,0.7957430001992241,TRUE,0.7415142404859638,NA,NA,NA,50,537,0.5
D,+ (1|temp): captures tau,0.47718388650846105,0.2165078548198274,0.05282849106159937,0.9015392819553227,TRUE,1.1406346184959066,NA,NA,NA,50,537,0.5
E,+ interactions: lumps eps into residual,0.47718388650846105,0.1970300635346798,0.09100496198048863,0.8633628110364335,TRUE,1.038019205072843,NA,NA,0.2222480298049695,50,537,0.5
F,+ (1|item:variant:judge:temp): splits eps/rho,0.47718388650846116,0.1951562575047387,0.09467762179917333,0.859690151217749,TRUE,1.028147378353781,0.04241451109599381,0.10091410828990427,NA,50,537,0.5
A,"1 obs/item, naive SE",-0.05558119298120072,0.0871605487860904,-0.2264158686019379,0.11525348263953648,FALSE,0.45919045013516774,NA,NA,NA,50,538,0.5
B,+ (1|variant): captures phi,0.19239620001767296,0.21541776898782578,-0.22982262719846555,0.6146150272338115,TRUE,1.1348916876532926,NA,NA,NA,50,538,0.5
C,+ (1|judge): captures lambda,0.22850486276763438,0.21449475927445358,-0.1919048654102946,0.6489145909455634,TRUE,1.1300289687780056,NA,NA,NA,50,538,0.5
D,+ (1|temp): captures tau,0.48832688383274264,0.27479203798941265,-0.05026551062650614,1.0269192782919914,TRUE,1.4476948731425996,NA,NA,NA,50,538,0.5
E,+ interactions: lumps eps into residual,0.48832688383274264,0.26787732022765864,-0.03671266381346833,1.0133664314789537,TRUE,1.4112658647689835,NA,NA,0.21597052626591634,50,538,0.5
F,+ (1|item:variant:judge:temp): splits eps/rho,0.48832688383274264,0.2665892228052942,-0.034187992865633954,1.0108417605311193,TRUE,1.4044797437150063,0.03983154114622781,0.09932636690680631,NA,50,538,0.5
A,"1 obs/item, naive SE",0.06850205616639593,0.09114401203806424,-0.11014020742820999,0.24714431976100185,FALSE,0.4801766452572282,NA,NA,NA,50,539,0.5
B,+ (1|variant): captures phi,0.21436867249728592,0.11745314026745908,-0.015839482426933865,0.4445768274215057,FALSE,0.6187817894718274,NA,NA,NA,50,539,0.5
C,+ (1|judge): captures lambda,0.2954768665601562,0.2205271921436925,-0.13675643004148114,0.7277101631617935,TRUE,1.1618098100326222,NA,NA,NA,50,539,0.5
D,+ (1|temp): captures tau,0.4545980860579016,0.22169667456464548,0.020072603911196474,0.8891235682046067,TRUE,1.1679710282303242,NA,NA,NA,50,539,0.5
E,+ interactions: lumps eps into residual,0.4545980860579016,0.21593069121677494,0.03137393127302274,0.8778222408427805,TRUE,1.137593930726286,NA,NA,0.22284566951169976,50,539,0.5
F,+ (1|item:variant:judge:temp): splits eps/rho,0.4545980860579017,0.21420000105454434,0.03476608399099479,0.8744300881248086,TRUE,1.1284760854888773,0.04155108964850244,0.09749393726229472,NA,50,539,0.5
A,"1 obs/item, naive SE",1.018893043064626,0.08273640631750609,0.856729686682314,1.1810563994469379,FALSE,0.43588261189980837,NA,NA,NA,50,540,0.5
B,+ (1|variant): captures phi,0.6534573473539583,0.17313900377642338,0.3141048999521685,0.9928097947557482,TRUE,0.9121532412005423,NA,NA,NA,50,540,0.5
C,+ (1|judge): captures lambda,0.6309340552912632,0.20637971131252728,0.2264298211187098,1.0354382894638166,TRUE,1.0872762259556692,NA,NA,NA,50,540,0.5
D,+ (1|temp): captures tau,0.5794557611812259,0.22063705773820091,0.14700712801435212,1.0119043943480996,TRUE,1.1623886181344447,NA,NA,NA,50,540,0.5
E,+ interactions: lumps eps into residual,0.5794557611812259,0.20763524270846878,0.17249068547262708,0.9864208368898246,TRUE,1.0938907784669911,NA,NA,0.2219557501575766,50,540,0.5
F,+ (1|item:variant:judge:temp): splits eps/rho,0.5794557611812258,0.20588404283841036,0.1759230372179415,0.9829884851445101,TRUE,1.0846648813402728,0.04088474720599794,0.10045474270829799,NA,50,540,0.5
A,"1 obs/item, naive SE",0.5640515293036701,0.06713030119551829,0.4324761389604542,0.6956269196468859,TRUE,0.3536645151160264,NA,NA,NA,50,541,0.5
B,+ (1|variant): captures phi,0.6246492127522426,0.08438515187712929,0.45925431507306924,0.790044110431416,TRUE,0.4445687460077955,NA,NA,NA,50,541,0.5
C,+ (1|judge): captures lambda,0.34548306006680746,0.16807069193377816,0.016064503876602243,0.6749016162570127,TRUE,0.8854517067464469,NA,NA,NA,50,541,0.5
D,+ (1|temp): captures tau,0.6303674461074537,0.2624439597406241,0.11597728501583038,1.144757607199077,TRUE,1.3826411339413802,NA,NA,NA,50,541,0.5
E,+ interactions: lumps eps into residual,0.6303674461074537,0.25012813612842516,0.14011629929574038,1.120618592919167,TRUE,1.317757322778715,NA,NA,0.21297261168915926,50,541,0.5
F,+ (1|item:variant:judge:temp): splits eps/rho,0.6303674461074538,0.24885206254736705,0.14261740351461433,1.1181174887002931,TRUE,1.31103454727704,0.040407532987698544,0.10218735462188175,NA,50,541,0.5
A,"1 obs/item, naive SE",-0.01207825282828441,0.08236557819984003,-0.17351478609997084,0.14935828044340205,FALSE,0.43392896735941244,NA,NA,NA,50,542,0.5
B,+ (1|variant): captures phi,0.04759773268040016,0.08943697363496361,-0.1276987356441285,0.22289420100492882,FALSE,0.47118340526924307,NA,NA,NA,50,542,0.5
C,+ (1|judge): captures lambda,0.2072007668597646,0.2854074444296998,-0.35219782422244694,0.7665993579419762,TRUE,1.503620327141819,NA,NA,NA,50,542,0.5
D,+ (1|temp): captures tau,0.5127780427534331,0.3282319308579404,-0.13055654172813003,1.1561126272349962,TRUE,1.7292338125278743,NA,NA,NA,50,542,0.5
E,+ interactions: lumps eps into residual,0.5127780427534331,0.32329055850628696,-0.12087145191888937,1.1464275374257555,TRUE,1.703201037080236,NA,NA,0.20997270561282932,50,542,0.5
F,+ (1|item:variant:judge:temp): splits eps/rho,0.512778042753433,0.3224694128246413,-0.119262006382864,1.14481809188973,TRUE,1.6988749714412186,0.0390632355225251,0.10203213686394778,NA,50,542,0.5
A,"1 obs/item, naive SE",1.0902654758016024,0.08891315410001652,0.91599569376557,1.2645352578376348,FALSE,0.46842375160262534,NA,NA,NA,50,543,0.5
B,+ (1|variant): captures phi,0.9674456920600519,0.10958116933016561,0.7526666001729273,1.1822247839471764,FALSE,0.5773096563968276,NA,NA,NA,50,543,0.5
C,+ (1|judge): captures lambda,0.7310820051373275,0.21836967313625708,0.3030774457902636,1.1590865644843913,TRUE,1.1504432899957777,NA,NA,NA,50,543,0.5
D,+ (1|temp): captures tau,0.4436065242666401,0.2511578089814401,-0.04866278133698243,0.9358758298702626,TRUE,1.3231819781698628,NA,NA,NA,50,543,0.5
E,+ interactions: lumps eps into residual,0.4436065242666401,0.24229244371253175,-0.03128666540992214,0.9184997139432023,TRUE,1.2764763168914617,NA,NA,0.20995334951220723,50,543,0.5
F,+ (1|item:variant:judge:temp): splits eps/rho,0.4436065242666401,0.24099294813610925,-0.028739654080134014,0.9159527026134142,TRUE,1.2696301466114814,0.04134008028657793,0.09880225727574878,NA,50,543,0.5
A,"1 obs/item, naive SE",0.756262336388982,0.0795110968839484,0.6004205864964431,0.9121040862815208,FALSE,0.41889062055455756,NA,NA,NA,50,544,0.5
B,+ (1|variant): captures phi,0.7061643900968039,0.2698087315332378,0.1773392762916578,1.23498950390195,TRUE,1.4214411750344298,NA,NA,NA,50,544,0.5
C,+ (1|judge): captures lambda,0.724066263126412,0.2250639937682756,0.28294083534059183,1.1651916909122322,TRUE,1.1857111737709232,NA,NA,NA,50,544,0.5
D,+ (1|temp): captures tau,0.7361362097307167,0.21027584330228394,0.32399555685824016,1.1482768626031932,TRUE,1.1078023312530685,NA,NA,NA,50,544,0.5
E,+ interactions: lumps eps into residual,0.7361362097307167,0.19889116633327103,0.3463095237175055,1.1259628957439278,TRUE,1.0478241069893086,NA,NA,0.20508305828578366,50,544,0.5
F,+ (1|item:variant:judge:temp): splits eps/rho,0.7361362097307167,0.1972810558554729,0.34946534025398984,1.1228070792074436,TRUE,1.0393415152047847,0.035192157428823416,0.09842176088702019,NA,50,544,0.5
A,"1 obs/item, naive SE",0.4215450951720322,0.08314970328021991,0.2585716767428012,0.5845185136012632,TRUE,0.4380599962897784,NA,NA,NA,50,545,0.5
B,+ (1|variant): captures phi,0.4742672637212272,0.22557155349319027,0.032147018874574274,0.9163875085678801,TRUE,1.1883851654081952,NA,NA,NA,50,545,0.5
C,+ (1|judge): captures lambda,0.03446582597108996,0.32523660295116685,-0.6029979158131971,0.6719295677553769,TRUE,1.7134534395383771,NA,NA,NA,50,545,0.5
D,+ (1|temp): captures tau,0.1410146623856118,0.24144476155655195,-0.33221707026523006,0.6142463950364536,TRUE,1.2720104483741443,NA,NA,NA,50,545,0.5
E,+ interactions: lumps eps into residual,0.1410146623856118,0.22392373681898767,-0.297875861779604,0.5799051865508277,TRUE,1.1797039249742423,NA,NA,0.2137946599657292,50,545,0.5
F,+ (1|item:variant:judge:temp): splits eps/rho,0.14101466238561178,0.22240106839972767,-0.2948914316778545,0.576920756449078,TRUE,1.1716820067258549,0.03752292379711207,0.10072864690785502,NA,50,545,0.5
A,"1 obs/item, naive SE",0.530290165777261,0.07809140107446855,0.37723101967130257,0.6833493118832193,TRUE,0.4114111958963904,NA,NA,NA,50,546,0.5
B,+ (1|variant): captures phi,0.7283781064124174,0.1326810901057612,0.46832316980512545,0.9884330430197094,TRUE,0.6990076397937062,NA,NA,NA,50,546,0.5
C,+ (1|judge): captures lambda,0.3440597393925794,0.2444919766676375,-0.1351445348759901,0.8232640136611489,TRUE,1.2880641802288175,NA,NA,NA,50,546,0.5
D,+ (1|temp): captures tau,0.49855201170940194,0.2700504863934778,-0.030746941621814516,1.0278509650406185,TRUE,1.4227148191847026,NA,NA,NA,50,546,0.5
E,+ interactions: lumps eps into residual,0.49855201170940194,0.2631805967904174,-0.017281957999816078,1.01438598141862,TRUE,1.3865219803012507,NA,NA,0.22929355079999156,50,546,0.5
F,+ (1|item:variant:judge:temp): splits eps/rho,0.49855201170940194,0.26172121441382784,-0.014421568541700569,1.0115255919605044,TRUE,1.378833473749162,0.0426177088834265,0.10200230999947404,NA,50,546,0.5
A,"1 obs/item, naive SE",0.902101284290499,0.08670397936670077,0.7321614847317655,1.0720410838492325,FALSE,0.4567850922051482,NA,NA,NA,50,547,0.5
B,+ (1|variant): captures phi,0.5098732955175875,0.16053936535125238,0.19521613942913285,0.8245304516060422,TRUE,0.8457742002172903,NA,NA,NA,50,547,0.5
C,+ (1|judge): captures lambda,0.6750750136247922,0.2247151130048232,0.23463339213533874,1.1155166351142456,TRUE,1.1838731551140376,NA,NA,NA,50,547,0.5
D,+ (1|temp): captures tau,0.5871984651172307,0.21106488411626548,0.1735112922493504,1.000885637985111,TRUE,1.1119592578855109,NA,NA,NA,50,547,0.5
E,+ interactions: lumps eps into residual,0.5871984651172307,0.20400762515224935,0.18734351981882202,0.9870534104156394,TRUE,1.0747792955569102,NA,NA,0.21054037542643608,50,547,0.5
F,+ (1|item:variant:judge:temp): splits eps/rho,0.5871984651172308,0.2028675135311168,0.18957813859624195,0.9848187916382197,TRUE,1.0687728123967704,0.039822623953332206,0.09924094365298299,NA,50,547,0.5
A,"1 obs/item, naive SE",0.333670721366311,0.075945321543641,0.18481789114077463,0.48252355159184734,FALSE,0.40010494278633846,NA,NA,NA,50,548,0.5
B,+ (1|variant): captures phi,0.8195941455575367,0.21123747907637783,0.4055686865678362,1.2336196045472372,TRUE,1.112868544925678,NA,NA,NA,50,548,0.5
C,+ (1|judge): captures lambda,0.8201401593571648,0.19598746235314224,0.436004733145006,1.2042755855693237,TRUE,1.0325264389931268,NA,NA,NA,50,548,0.5
D,+ (1|temp): captures tau,0.5384540233073607,0.2072350982346941,0.13227323076736025,0.9446348158473612,TRUE,1.0917826857164206,NA,NA,NA,50,548,0.5
E,+ interactions: lumps eps into residual,0.5384540233073607,0.19852627269379516,0.1493425288275222,0.9275655177871992,TRUE,1.0459017272326874,NA,NA,0.2095953815520324,50,548,0.5
F,+ (1|item:variant:judge:temp): splits eps/rho,0.5384540233073609,0.19747758795424963,0.15139795091703162,0.9255100956976903,TRUE,1.0403769109676635,0.036937612982467206,0.09918491683479513,NA,50,548,0.5
A,"1 obs/item, naive SE",-0.2364674144520332,0.08112347685576751,-0.3954694290893375,-0.07746539981472889,FALSE,0.42738516878033356,NA,NA,NA,50,549,0.5
B,+ (1|variant): captures phi,-0.06354029146084819,0.12287558879251037,-0.30437644549416853,0.17729586257247212,FALSE,0.647349032493253,NA,NA,NA,50,549,0.5
C,+ (1|judge): captures lambda,0.17980707608051266,0.17223387390480893,-0.15777131677291284,0.5173854689339381,TRUE,0.9073847192147818,NA,NA,NA,50,549,0.5
D,+ (1|temp): captures tau,0.458619846301546,0.2289327407183302,0.00991167449361885,0.9073280181094732,TRUE,1.2060930056684538,NA,NA,NA,50,549,0.5
E,+ interactions: lumps eps into residual,0.458619846301546,0.22266942928851735,0.02218776489605201,0.89505192770704,TRUE,1.173095820188921,NA,NA,0.21107602166237444,50,549,0.5
F,+ (1|item:variant:judge:temp): splits eps/rho,0.45861984630154573,0.22114846047753572,0.0251688637655757,0.8920708288375158,TRUE,1.1650828560361797,0.038483829032679225,0.0983890714112678,NA,50,549,0.5
A,"1 obs/item, naive SE",0.2481073084006178,0.08236714669961366,0.086667700869375,0.40954691593186054,FALSE,0.43393723073231594,NA,NA,NA,50,550,0.5
B,+ (1|variant): captures phi,0.21379427515440108,0.16407104939004538,-0.10778498165008787,0.53537353195889,TRUE,0.8643802737917989,NA,NA,NA,50,550,0.5
C,+ (1|judge): captures lambda,0.2009022057708652,0.23216706707824616,-0.25414524570249725,0.6559496572442276,TRUE,1.2231325011486711,NA,NA,NA,50,550,0.5
D,+ (1|temp): captures tau,0.43364649928722354,0.2354063027129658,-0.027749854030189425,0.8950428526046366,TRUE,1.2401978603038921,NA,NA,NA,50,550,0.5
E,+ interactions: lumps eps into residual,0.43364649928722354,0.22284080379219381,-0.0031214761454763096,0.8704144747199234,TRUE,1.1739986774630073,NA,NA,0.2209860406713689,50,550,0.5
F,+ (1|item:variant:judge:temp): splits eps/rho,0.4336464992872234,0.22119001144266304,1.1407685960385106e-4,0.8671789217148429,TRUE,1.1653017601923155,0.04124061019098328,0.10024519057570216,NA,50,550,0.5
A,"1 obs/item, naive SE",0.584761233663021,0.09568628109259006,0.3972161227215445,0.7723063446044975,TRUE,0.5041068132154595,NA,NA,NA,50,551,0.5
B,+ (1|variant): captures phi,0.6593285102859222,0.10872950589529873,0.44621867873113674,0.8724383418407077,TRUE,0.5728228131923411,NA,NA,NA,50,551,0.5
C,+ (1|judge): captures lambda,0.43746054053155387,0.20603663249112963,0.0336287408489398,0.8412923402141679,TRUE,1.0854687738385875,NA,NA,NA,50,551,0.5
D,+ (1|temp): captures tau,0.316018327035442,0.13589192142061812,0.049670161051030504,0.5823664930198535,TRUE,0.7159233556457906,NA,NA,NA,50,551,0.5
E,+ interactions: lumps eps into residual,0.316018327035442,0.1298057693769878,0.06159901905654597,0.5704376350143381,TRUE,0.6838595041048319,NA,NA,0.2151247430512026,50,551,0.5
F,+ (1|item:variant:judge:temp): splits eps/rho,0.31601832703544197,0.12878730246475822,0.06359521420451586,0.5684414398663681,TRUE,0.6784938852969212,0.039355111471403303,0.10060696447604794,NA,50,551,0.5
A,"1 obs/item, naive SE",0.6621186616712108,0.0726025044415328,0.5198177529658066,0.804419570376615,FALSE,0.3824938823786788,NA,NA,NA,50,552,0.5
B,+ (1|variant): captures phi,0.5292841727119566,0.07633953331707666,0.37965868741048636,0.6789096580134268,TRUE,0.4021817801194392,NA,NA,NA,50,552,0.5
C,+ (1|judge): captures lambda,0.35654346012952093,0.12548435210757813,0.1105941299986678,0.6024927902603741,TRUE,0.6610928560192156,NA,NA,NA,50,552,0.5
D,+ (1|temp): captures tau,0.6018710972038588,0.20427126147011634,0.20149942472243076,1.002242769685287,TRUE,1.0761682184257924,NA,NA,NA,50,552,0.5
E,+ interactions: lumps eps into residual,0.6018710972038588,0.1935681351644281,0.22247755228157967,0.981264642126138,TRUE,1.0197806273124737,NA,NA,0.2226996122592554,50,552,0.5
F,+ (1|item:variant:judge:temp): splits eps/rho,0.6018710972038586,0.19157721226280278,0.22637976116876513,0.977362433238952,TRUE,1.0092917903774812,0.03825506997065943,0.0989515845744264,NA,50,552,0.5
A,"1 obs/item, naive SE",0.13945955617603145,0.07938613177338935,-0.016137262099811672,0.2950563744518746,FALSE,0.4182322632338662,NA,NA,NA,50,553,0.5
B,+ (1|variant): captures phi,0.24635000752885303,0.07596158110887075,0.09746530855546637,0.3952347065022397,FALSE,0.40019060352598307,NA,NA,NA,50,553,0.5
C,+ (1|judge): captures lambda,0.4597354486837789,0.24750334766337032,-0.025371112736426893,0.9448420101039847,TRUE,1.3039290734897375,NA,NA,NA,50,553,0.5
D,+ (1|temp): captures tau,0.4208921848223372,0.21152736511183856,0.006298549203133608,0.8354858204415407,TRUE,1.114395759943998,NA,NA,NA,50,553,0.5
E,+ interactions: lumps eps into residual,0.4208921848223372,0.1929498429644862,0.04271049261194426,0.7990738770327301,TRUE,1.0165232605615693,NA,NA,0.2164618548848376,50,553,0.5
F,+ (1|item:variant:judge:temp): splits eps/rho,0.42089218482233726,0.19170220001562127,0.045155872791719565,0.7966284968529549,TRUE,1.0099502669850455,0.04132938170944112,0.09886295893206438,NA,50,553,0.5
A,"1 obs/item, naive SE",0.8756453539209114,0.0783436598380446,0.722091780638344,1.0291989272034787,FALSE,0.4127401780656206,NA,NA,NA,50,554,0.5
B,+ (1|variant): captures phi,0.4445119443528815,0.1759310875027928,0.09968701284740761,0.7893368758583554,TRUE,0.926862856972618,NA,NA,NA,50,554,0.5
C,+ (1|judge): captures lambda,0.28852671062750834,0.19386017679102874,-0.09143923588290798,0.6684926571379246,TRUE,1.0213191986941896,NA,NA,NA,50,554,0.5
D,+ (1|temp): captures tau,0.2757066620335751,0.2275937789890558,-0.1703771447849743,0.7217904688521244,TRUE,1.199038914709387,NA,NA,NA,50,554,0.5
E,+ interactions: lumps eps into residual,0.2757066620335751,0.21779844316335717,-0.15117828656660498,0.7025916106337551,TRUE,1.1474338625421903,NA,NA,0.2099258958105031,50,554,0.5
F,+ (1|item:variant:judge:temp): splits eps/rho,0.27570666203357497,0.21636154172388972,-0.14836195974524885,0.6997752838123987,TRUE,1.1398637929639428,0.040799614034295426,0.09943262066014415,NA,50,554,0.5
A,"1 obs/item, naive SE",0.3152155739130184,0.0870728841012422,0.1445527210745837,0.4858784267514531,FALSE,0.45872860373037744,NA,NA,NA,50,555,0.5
B,+ (1|variant): captures phi,0.34043594019519285,0.09019770743436732,0.1636484336238329,0.5172234467665529,TRUE,0.47519120123480696,NA,NA,NA,50,555,0.5
C,+ (1|judge): captures lambda,0.47667487516041623,0.18522163090482735,0.11364047858695464,0.8397092717338779,TRUE,0.9758084965560779,NA,NA,NA,50,555,0.5
D,+ (1|temp): captures tau,0.4257181979556948,0.2127668021115189,0.00869526581711777,0.8427411300942719,TRUE,1.1209255218801484,NA,NA,NA,50,555,0.5
E,+ interactions: lumps eps into residual,0.4257181979556948,0.19399586646987343,0.04548629967474288,0.8059500962366468,TRUE,1.0220340565694002,NA,NA,0.2145119999082742,50,555,0.5
F,+ (1|item:variant:judge:temp): splits eps/rho,0.4257181979556948,0.19801126896341006,0.03761611078741112,0.8138202851239785,TRUE,1.0431885181252365,0.04143208321952939,0.0999247109741497,NA,50,555,0.5
A,"1 obs/item, naive SE",0.1844750026630487,0.08832781821585851,0.011352478959966023,0.3575975263661314,FALSE,0.4653400095671498,NA,NA,NA,50,556,0.5
B,+ (1|variant): captures phi,0.44082448301536226,0.20017227135555968,0.048486831158465304,0.8331621348722592,TRUE,1.0545733897789211,NA,NA,NA,50,556,0.5
C,+ (1|judge): captures lambda,0.4496220223780671,0.18597060210900224,0.0851196422444227,0.8141244025117115,TRUE,0.979754323299636,NA,NA,NA,50,556,0.5
D,+ (1|temp): captures tau,0.4809947357756982,0.2164478500297086,0.05675694971746936,0.905232521833927,TRUE,1.1403184935177064,NA,NA,NA,50,556,0.5
E,+ interactions: lumps eps into residual,0.4809947357756982,0.2066312050679903,0.07599757384243722,0.8859918977089591,TRUE,1.0886011778104432,NA,NA,0.22137951931227143,50,556,0.5
F,+ (1|item:variant:judge:temp): splits eps/rho,0.4809947357756981,0.20484921549986387,0.07949027339596493,0.8824991981554313,TRUE,1.0792130704233232,0.04052468525824908,0.09968534587598021,NA,50,556,0.5
A,"1 obs/item, naive SE",-0.004884498015639247,0.07801519945437849,-0.15779428894622108,0.14802529291494257,FALSE,0.4110097406885296,NA,NA,NA,50,557,0.5
B,+ (1|variant): captures phi,0.029583018354145826,0.11048012388049226,-0.18695802445161902,0.24612406115991065,FALSE,0.5820456447581288,NA,NA,NA,50,557,0.5
C,+ (1|judge): captures lambda,-0.04434946492751589,0.20563197283666723,-0.44738813168738367,0.35868920183235187,FALSE,1.0833368936304884,NA,NA,NA,50,557,0.5
D,+ (1|temp): captures tau,0.2844266931120414,0.26361066286934387,-0.23225020611187264,0.8011035923359554,TRUE,1.388787709913105,NA,NA,NA,50,557,0.5
E,+ interactions: lumps eps into residual,0.2844266931120414,0.24921027446078595,-0.20402544483109908,0.7728788310551818,TRUE,1.3129217255022516,NA,NA,0.22215779838145755,50,557,0.5
F,+ (1|item:variant:judge:temp): splits eps/rho,0.28442669311204133,0.24816748133088315,-0.2019815702964896,0.7708349565205723,TRUE,1.307427948175389,0.0390776603417137,0.0996177199507864,NA,50,557,0.5
A,"1 obs/item, naive SE",0.9136385559895419,0.08974630391226047,0.7377358003215113,1.0895413116575725,FALSE,0.4728130589514495,NA,NA,NA,50,558,0.5
B,+ (1|variant): captures phi,0.6386054281427563,0.12773657256888338,0.3882417459077449,0.8889691103777677,TRUE,0.6729582944754204,NA,NA,NA,50,558,0.5
C,+ (1|judge): captures lambda,0.63313587035064,0.16791608148584242,0.3040203506383889,0.9622513900628911,TRUE,0.8846371680340135,NA,NA,NA,50,558,0.5
D,+ (1|temp): captures tau,0.45093010656612953,0.18529125090773263,0.0877592547869736,0.8141009583452854,TRUE,0.9761752776390075,NA,NA,NA,50,558,0.5
E,+ interactions: lumps eps into residual,0.45093010656612953,0.17089278119192458,0.11598025542995738,0.7858799577023017,TRUE,0.9003194015328831,NA,NA,0.21369085547093322,50,558,0.5
F,+ (1|item:variant:judge:temp): splits eps/rho,0.45093010656612936,0.16885073945951853,0.11998265722547302,0.7818775559067856,TRUE,0.8895612537773016,0.03977692296467626,0.09792615131664426,NA,50,558,0.5
A,"1 obs/item, naive SE",-0.02528452753329865,0.08514216281002306,-0.19216316664094385,0.14159411157434654,FALSE,0.44855692868762054,NA,NA,NA,50,559,0.5
B,+ (1|variant): captures phi,-0.0596050541233636,0.11096449854963895,-0.2770954712806559,0.15788536303392875,FALSE,0.5845974898928515,NA,NA,NA,50,559,0.5
C,+ (1|judge): captures lambda,0.18525487711336183,0.22517890322849088,-0.2560957732144803,0.6266055274412039,TRUE,1.1863165546169128,NA,NA,NA,50,559,0.5
D,+ (1|temp): captures tau,0.2834995955516195,0.22365704129287645,-0.1548682053824183,0.7218673964856573,TRUE,1.1782988851897338,NA,NA,NA,50,559,0.5
E,+ interactions: lumps eps into residual,0.2834995955516195,0.21226538294952604,-0.1325405550294515,0.6995397461326905,TRUE,1.1182838807488267,NA,NA,0.21858744679470277,50,559,0.5
F,+ (1|item:variant:judge:temp): splits eps/rho,0.2834995955516198,0.21055584529929727,-0.12918986123500287,0.6961890523382425,TRUE,1.1092774739046234,0.03777285800105018,0.10079012684461436,NA,50,559,0.5
A,"1 obs/item, naive SE",0.08300795816423577,0.09441382654015738,-0.1020431418544727,0.26805905818294423,FALSE,0.4974031039473812,NA,NA,NA,50,560,0.5
B,+ (1|variant): captures phi,0.30792691877200085,0.13660157738633227,0.040187827094789574,0.5756660104492122,TRUE,0.7196620567769311,NA,NA,NA,50,560,0.5
C,+ (1|judge): captures lambda,0.5355443247385839,0.15915247798214605,0.22360546789357771,0.8474831815835902,TRUE,0.8384676212182335,NA,NA,NA,50,560,0.5
D,+ (1|temp): captures tau,0.4713508854840626,0.2068065946244916,0.0660099600200591,0.8766918109480661,TRUE,1.0895251877039158,NA,NA,NA,50,560,0.5
E,+ interactions: lumps eps into residual,0.4713508854840626,0.18633685553238932,0.10613064864057953,0.8365711223275457,TRUE,0.981683866845322,NA,NA,0.21494465917341488,50,560,0.5
F,+ (1|item:variant:judge:temp): splits eps/rho,0.4713508854840625,0.18459791061017652,0.10953898068811652,0.8331627902800085,TRUE,0.9725225328161978,0.042666500236770946,0.10142948789638716,NA,50,560,0.5
A,"1 obs/item, naive SE",0.007067898384447943,0.08350010530845053,-0.15659230802011512,0.170728104789011,FALSE,0.4399060294700694,NA,NA,NA,50,561,0.5
B,+ (1|variant): captures phi,0.2754205786072406,0.16205986128804203,-0.04221674951732174,0.5930579067318029,TRUE,0.8537846731131948,NA,NA,NA,50,561,0.5
C,+ (1|judge): captures lambda,0.24425704738030515,0.30322934112554617,-0.3500724612257653,0.8385865559863757,TRUE,1.5975119430162492,NA,NA,NA,50,561,0.5
D,+ (1|temp): captures tau,0.46371057216997297,0.25509437261749784,-0.036274398160322796,0.9636955425002687,TRUE,1.343921090683523,NA,NA,NA,50,561,0.5
E,+ interactions: lumps eps into residual,0.46371057216997297,0.24201662929164877,-0.010642021241658639,0.9380631655816045,TRUE,1.275023235768833,NA,NA,0.2199262723491736,50,561,0.5
F,+ (1|item:variant:judge:temp): splits eps/rho,0.4637105721699729,0.24058038201481496,-0.007826976579064393,0.9352481209190102,TRUE,1.267456612534584,0.04252156552522124,0.10012008731278436,NA,50,561,0.5
A,"1 obs/item, naive SE",0.8785937258422641,0.08138394115201705,0.7190812011843107,1.0381062505002177,FALSE,0.42875738039561945,NA,NA,NA,50,562,0.5
B,+ (1|variant): captures phi,0.6883060371423315,0.1292997284904393,0.4348785693010705,0.9417335049835925,TRUE,0.6811935142078284,NA,NA,NA,50,562,0.5
C,+ (1|judge): captures lambda,0.6806437245725823,0.1334686178540237,0.41904523357869583,0.9422422155664687,TRUE,0.7031565950980847,NA,NA,NA,50,562,0.5
D,+ (1|temp): captures tau,0.562865394528657,0.14273735297205378,0.2831001827034316,0.8426306063538824,TRUE,0.7519873414656556,NA,NA,NA,50,562,0.5
E,+ interactions: lumps eps into residual,0.562865394528657,0.12805965712573475,0.3118684665622169,0.8138623224950972,TRUE,0.6746604102280003,NA,NA,0.20653801275227143,50,562,0.5
F,+ (1|item:variant:judge:temp): splits eps/rho,0.562865394528657,0.12562818025062694,0.3166341612374282,0.8090966278198859,TRUE,0.661850590001717,0.04154915890627225,0.09697470409126596,NA,50,562,0.5
A,"1 obs/item, naive SE",0.44309675209535526,0.08750220834013892,0.271592423748683,0.6146010804420275,TRUE,0.4609904250848614,NA,NA,NA,50,563,0.5
B,+ (1|variant): captures phi,0.7684662324358749,0.1379580070537753,0.49806853861047523,1.0388639262612744,TRUE,0.7268081745818853,NA,NA,NA,50,563,0.5
C,+ (1|judge): captures lambda,0.7969125762742368,0.11253600753203219,0.5763420015114538,1.01748315103702,FALSE,0.5928767162982246,NA,NA,NA,50,563,0.5
D,+ (1|temp): captures tau,0.5428661414515703,0.23740068640119807,0.0775607961052221,1.0081714867979186,TRUE,1.25070492980146,NA,NA,NA,50,563,0.5
E,+ interactions: lumps eps into residual,0.5428661414515703,0.2233112041161444,0.10517618138392726,0.9805561015192134,TRUE,1.176476901149147,NA,NA,0.21814610348720137,50,563,0.5
F,+ (1|item:variant:judge:temp): splits eps/rho,0.5428661414515704,0.22219100941727424,0.10737176299371293,0.9783605199094279,TRUE,1.170575346888909,0.04284969793369643,0.09879921431402267,NA,50,563,0.5
A,"1 obs/item, naive SE",0.5527369286752025,0.07369395787520094,0.4082967712398087,0.6971770861105964,TRUE,0.3882440181968649,NA,NA,NA,50,564,0.5
B,+ (1|variant): captures phi,0.6031775116339094,0.09003046610535874,0.4267177980674063,0.7796372252004126,TRUE,0.4743101188848423,NA,NA,NA,50,564,0.5
C,+ (1|judge): captures lambda,0.6052291067391639,0.09181568552529175,0.42527036310959204,0.7851878503687357,TRUE,0.4837152421940235,NA,NA,NA,50,564,0.5
D,+ (1|temp): captures tau,0.4405527721981058,0.16953060286712507,0.10827279057854067,0.7728327538176709,TRUE,0.8931429979094484,NA,NA,NA,50,564,0.5
E,+ interactions: lumps eps into residual,0.4405527721981058,0.1416522125820099,0.16291443553736634,0.7181911088588453,TRUE,0.7462704648385133,NA,NA,0.22265367029515556,50,564,0.5
F,+ (1|item:variant:judge:temp): splits eps/rho,0.4405527721981058,0.13993900677567014,0.16627231891779232,0.7148332254784193,TRUE,0.7372447329409545,0.03996283204760227,0.09988031896825825,NA,50,564,0.5
A,"1 obs/item, naive SE",0.7257212358484771,0.07796240188246484,0.572914928158846,0.8785275435381082,FALSE,0.4107315857072826,NA,NA,NA,50,565,0.5
B,+ (1|variant): captures phi,0.9339823399737402,0.11092145372530626,0.71657629067214,1.1513883892753405,FALSE,0.5843707155948853,NA,NA,NA,50,565,0.5
C,+ (1|judge): captures lambda,0.7060062022999427,0.3030705356791577,0.11198795236879366,1.3000244522310918,TRUE,1.5966753036716532,NA,NA,NA,50,565,0.5
D,+ (1|temp): captures tau,0.5008031218487664,0.24513903348715527,0.02033061621394211,0.9812756274835908,TRUE,1.2914730884602994,NA,NA,NA,50,565,0.5
E,+ interactions: lumps eps into residual,0.5008031218487664,0.2268363941803639,0.05620378925525321,0.9454024544422797,TRUE,1.195048762328838,NA,NA,0.217199622013592,50,565,0.5
F,+ (1|item:variant:judge:temp): splits eps/rho,0.5008031218487664,0.22527052317083077,0.05927289643393813,0.9423333472635946,TRUE,1.1867992386195991,0.03827566675911046,0.10129737030741127,NA,50,565,0.5
A,"1 obs/item, naive SE",0.37667680082945615,0.07125791560099427,0.23701128625150739,0.5163423154074049,TRUE,0.3754101459459392,NA,NA,NA,50,566,0.5
B,+ (1|variant): captures phi,0.6532220745004271,0.1480656761558946,0.3630133492348737,0.9434307997659805,TRUE,0.7800587012187734,NA,NA,NA,50,566,0.5
C,+ (1|judge): captures lambda,0.6299488754408626,0.21913461298484088,0.2004450339905745,1.0594527168911507,TRUE,1.1544732448123722,NA,NA,NA,50,566,0.5
D,+ (1|temp): captures tau,0.7228283718286019,0.20948895294893233,0.3122300240486946,1.1334267196085093,TRUE,1.1036567339548076,NA,NA,NA,50,566,0.5
E,+ interactions: lumps eps into residual,0.7228283718286019,0.1966000707361046,0.33749223318583693,1.1081645104713669,TRUE,1.0357538615259914,NA,NA,0.21193546460428772,50,566,0.5
F,+ (1|item:variant:judge:temp): splits eps/rho,0.7228283718286019,0.19489000099080864,0.340843969886617,1.1048127737705868,TRUE,1.0267446514298944,0.040477414551586016,0.09748124894222271,NA,50,566,0.5
A,"1 obs/item, naive SE",0.5829424004797027,0.07442240682072138,0.43707448311108876,0.7288103178483166,TRUE,0.3920817269292288,NA,NA,NA,50,567,0.5
B,+ (1|variant): captures phi,0.7767953306084905,0.14664798044309071,0.48936528894003267,1.0642253722769484,TRUE,0.772589813728003,NA,NA,NA,50,567,0.5
C,+ (1|judge): captures lambda,0.7425457379089874,0.10361710784925872,0.5394562065244403,0.9456352692935345,FALSE,0.545889018112727,NA,NA,NA,50,567,0.5
D,+ (1|temp): captures tau,0.7498152362819577,0.17302067213878503,0.410694718889939,1.0889357536739763,TRUE,0.9115298311978616,NA,NA,NA,50,567,0.5
E,+ interactions: lumps eps into residual,0.7498152362819577,0.16705370730026398,0.4223899699734403,1.077240502590475,TRUE,0.8800938970705348,NA,NA,0.21635379357263762,50,567,0.5
F,+ (1|item:variant:judge:temp): splits eps/rho,0.7498152362819577,0.16561749372907478,0.42520494857297114,1.0744255239909442,TRUE,0.872527451408712,0.0364136193591574,0.10184253565241191,NA,50,567,0.5
A,"1 obs/item, naive SE",0.43263635664223127,0.07870723041682466,0.2783701850252549,0.5869025282592076,TRUE,0.4146555875031591,NA,NA,NA,50,568,0.5
B,+ (1|variant): captures phi,0.42781163021438295,0.12911413521568144,0.17474792519164734,0.6808753352371186,TRUE,0.6802157477691696,NA,NA,NA,50,568,0.5
C,+ (1|judge): captures lambda,0.7097430630573284,0.1852243324178223,0.3467033715183967,1.07278275459626,TRUE,0.9758227290154357,NA,NA,NA,50,568,0.5
D,+ (1|temp): captures tau,0.5604062613545653,0.21650337679051523,0.13605964284515543,0.9847528798639751,TRUE,1.1406110267640486,NA,NA,NA,50,568,0.5
E,+ interactions: lumps eps into residual,0.5604062613545653,0.2051593429532174,0.15829394916625922,0.9625185735428714,TRUE,1.080846923891297,NA,NA,0.20713693592430174,50,568,0.5
F,+ (1|item:variant:judge:temp): splits eps/rho,0.5604062613545652,0.20365960027148552,0.16123344482245355,0.9595790778866768,TRUE,1.072945785971646,0.03947598354515753,0.09969790558510916,NA,50,568,0.5
A,"1 obs/item, naive SE",0.630145395777816,0.08599103640535787,0.4616029644233146,0.7986878271323175,TRUE,0.45302907409948895,NA,NA,NA,50,569,0.5
B,+ (1|variant): captures phi,0.572425157925762,0.14043899322646516,0.29716473120189024,0.8476855846496337,TRUE,0.7398788260782695,NA,NA,NA,50,569,0.5
C,+ (1|judge): captures lambda,0.6149507551362255,0.315406627889461,-0.003246235527118002,1.233147745799569,TRUE,1.6616658964782705,NA,NA,NA,50,569,0.5
D,+ (1|temp): captures tau,0.3497010006665508,0.29513908172461634,-0.22877159951369724,0.9281736008467989,TRUE,1.5548897944896203,NA,NA,NA,50,569,0.5
E,+ interactions: lumps eps into residual,0.3497010006665508,0.28963699657812747,-0.21798751262657906,0.9173895139596806,TRUE,1.5259029995429891,NA,NA,0.2299982124488547,50,569,0.5
F,+ (1|item:variant:judge:temp): splits eps/rho,0.3497010006665508,0.28856428788337973,-0.21588500358487345,0.9152870049179751,TRUE,1.5202516171771667,0.0394579362190615,0.10143905049722657,NA,50,569,0.5
A,"1 obs/item, naive SE",1.042320560103462,0.08118168937337271,0.8832044489316515,1.2014366712752724,FALSE,0.42769185147720634,NA,NA,NA,50,570,0.5
B,+ (1|variant): captures phi,0.8198532848702028,0.11521798127771117,0.5940260415658889,1.0456805281745167,FALSE,0.6070062364616585,NA,NA,NA,50,570,0.5
C,+ (1|judge): captures lambda,0.8889248568693344,0.1448722272907504,0.6049752913794637,1.1728744223592051,FALSE,0.7632345618312615,NA,NA,NA,50,570,0.5
D,+ (1|temp): captures tau,0.6662081626451225,0.17290378596252579,0.327316742158572,1.0050995831316731,TRUE,0.9109140363613378,NA,NA,NA,50,570,0.5
E,+ interactions: lumps eps into residual,0.6662081626451225,0.16393116599803417,0.3449030772889755,0.9875132480012695,TRUE,0.8636433220557366,NA,NA,0.21340589485952072,50,570,0.5
F,+ (1|item:variant:judge:temp): splits eps/rho,0.6662081626451228,0.16252630111997882,0.3476566124499644,0.9847597128402813,TRUE,0.8562420316242533,0.04184700905770645,0.09956850171002844,NA,50,570,0.5
A,"1 obs/item, naive SE",0.8485875404798017,0.08540452220681415,0.6811946769544459,1.0159804040051574,FALSE,0.4499391243161193,NA,NA,NA,50,571,0.5
B,+ (1|variant): captures phi,0.8842093755622089,0.12728694294892565,0.6347269673823146,1.1336917837421032,FALSE,0.6705894976922657,NA,NA,NA,50,571,0.5
C,+ (1|judge): captures lambda,0.8553106076974687,0.09475904796200972,0.6695828736919296,1.0410383417030078,FALSE,0.49922184398865516,NA,NA,NA,50,571,0.5
D,+ (1|temp): captures tau,0.5496656055720873,0.1835184300725754,0.18996948262983954,0.9093617285143352,TRUE,0.9668354741540303,NA,NA,NA,50,571,0.5
E,+ interactions: lumps eps into residual,0.5496656055720873,0.17142433519126377,0.21367390859721036,0.8856573025469643,TRUE,0.9031198029028509,NA,NA,0.22178970741611329,50,571,0.5
F,+ (1|item:variant:judge:temp): splits eps/rho,0.5496656055720873,0.17018100031903372,0.21611084494678123,0.8832203661973934,TRUE,0.8965695056915605,0.04088549964690115,0.09968001097537971,NA,50,571,0.5
A,"1 obs/item, naive SE",0.5391869252086976,0.08032439276377278,0.3817511153917029,0.6966227350256923,TRUE,0.4231753308546977,NA,NA,NA,50,572,0.5
B,+ (1|variant): captures phi,0.5586229663309339,0.16759851157198624,0.23012988364984088,0.8871160490120269,TRUE,0.8829641052352593,NA,NA,NA,50,572,0.5
C,+ (1|judge): captures lambda,0.7338573763865497,0.21396264724987923,0.3144905877767864,1.1532241649963129,TRUE,1.1272256275474875,NA,NA,NA,50,572,0.5
D,+ (1|temp): captures tau,0.5782159342438798,0.2484004457924412,0.09135106049069514,1.0650808079970646,TRUE,1.3086552816130304,NA,NA,NA,50,572,0.5
E,+ interactions: lumps eps into residual,0.5782159342438798,0.23910833244646643,0.10956360264880566,1.046868265838954,TRUE,1.259701371048322,NA,NA,0.22220736623697596,50,572,0.5
F,+ (1|item:variant:judge:temp): splits eps/rho,0.5782159342438797,0.23752613439620596,0.11266471082731605,1.0437671576604435,TRUE,1.2513658311163152,0.040059728609194226,0.09986536888823691,NA,50,572,0.5
A,"1 obs/item, naive SE",-0.41472955691258195,0.08354607524368814,-0.5784798643902107,-0.2509792494349532,FALSE,0.4401482142147553,NA,NA,NA,50,573,0.5
B,+ (1|variant): captures phi,0.18091258556680015,0.22357422834836185,-0.2572929019959891,0.6191180731295893,TRUE,1.1778625993494278,NA,NA,NA,50,573,0.5
C,+ (1|judge): captures lambda,0.47817095551452576,0.25844673539150353,-0.028384645852821133,0.9847265568818726,TRUE,1.3615824408316273,NA,NA,NA,50,573,0.5
D,+ (1|temp): captures tau,0.41895915805405765,0.21516908794431966,-0.0027722543168088865,0.8406905704249241,TRUE,1.1335815540905967,NA,NA,NA,50,573,0.5
E,+ interactions: lumps eps into residual,0.41895915805405765,0.19426413884650554,0.03820144591490682,0.7997168701932085,TRUE,1.0234474037212962,NA,NA,0.2148901075121692,50,573,0.5
F,+ (1|item:variant:judge:temp): splits eps/rho,0.41895915805405765,0.19252419213874739,0.04161174146211277,0.7963065746460025,TRUE,1.0142807919562935,0.040895979080981734,0.09884577900314964,NA,50,573,0.5
A,"1 obs/item, naive SE",0.9104668573320437,0.09214091591039365,0.7298706621476722,1.0910630525164153,FALSE,0.48542866287588604,NA,NA,NA,50,574,0.5
B,+ (1|variant): captures phi,0.6039793169954981,0.13345032319056743,0.34241668354198596,0.8655419504490103,TRUE,0.7030602127913581,NA,NA,NA,50,574,0.5
C,+ (1|judge): captures lambda,0.600447853783437,0.14700427104339747,0.312319482538378,0.8885762250284961,TRUE,0.7744668698435548,NA,NA,NA,50,574,0.5
D,+ (1|temp): captures tau,0.5336682816172479,0.144986173281303,0.249495381985894,0.8178411812486017,TRUE,0.7638348668020501,NA,NA,NA,50,574,0.5
E,+ interactions: lumps eps into residual,0.5336682816172479,0.13809644399364418,0.2629992513897053,0.8043373118447905,TRUE,0.7275375059321242,NA,NA,0.22563236259278205,50,574,0.5
F,+ (1|item:variant:judge:temp): splits eps/rho,0.5336682816172478,0.1360340815422741,0.2670414817943906,0.800295081440105,TRUE,0.716672301942752,0.04001030125640816,0.10042909296205789,NA,50,574,0.5
A,"1 obs/item, naive SE",0.9800278812794342,0.0825229966735524,0.8182828077992714,1.141772954759597,FALSE,0.43475829967558427,NA,NA,NA,50,575,0.5
B,+ (1|variant): captures phi,0.7149867592027359,0.19056183692149023,0.3414855588366151,1.0884879595688568,TRUE,1.0039424589824055,NA,NA,NA,50,575,0.5
C,+ (1|judge): captures lambda,0.5070571276900155,0.15350975001539038,0.2061780176598504,0.8079362377201806,TRUE,0.8087398736176088,NA,NA,NA,50,575,0.5
D,+ (1|temp): captures tau,0.5506819603908262,0.178694130299798,0.20044146500322213,0.9009224557784302,TRUE,0.9414194755732346,NA,NA,NA,50,575,0.5
E,+ interactions: lumps eps into residual,0.5506819603908262,0.1604457513030199,0.23620828783690717,0.8651556329447452,TRUE,0.8452810106086253,NA,NA,0.20997061236454126,50,575,0.5
F,+ (1|item:variant:judge:temp): splits eps/rho,0.5506819603908262,0.1590894164693953,0.23886670411081135,0.862497216670841,TRUE,0.8381353924194305,0.03730246982877328,0.09849890137996148,NA,50,575,0.5
A,"1 obs/item, naive SE",0.2846345735834378,0.07738041916210749,0.13296895202570713,0.43630019514116847,FALSE,0.40766550924202716,NA,NA,NA,50,576,0.5
B,+ (1|variant): captures phi,0.23026886164453894,0.11180819921604075,0.011124791181099075,0.44941293210797884,FALSE,0.5890423826130108,NA,NA,NA,50,576,0.5
C,+ (1|judge): captures lambda,0.4297771031303977,0.18871530416163365,0.059895106973595735,0.7996590992871997,TRUE,0.9942143168240901,NA,NA,NA,50,576,0.5
D,+ (1|temp): captures tau,0.3904417198496982,0.24260692212077037,-0.08506784750701168,0.8659512872064081,TRUE,1.2781330926213998,NA,NA,NA,50,576,0.5
E,+ interactions: lumps eps into residual,0.3904417198496982,0.23146644974348682,-0.06323252164753596,0.8441159613469325,TRUE,1.2194414184994533,NA,NA,0.2114228930112145,50,576,0.5
F,+ (1|item:variant:judge:temp): splits eps/rho,0.3904417198496983,0.23002861143553743,-0.060414358563955106,0.8412977982633516,TRUE,1.2118664131897778,0.036920756715042774,0.099884278195348,NA,50,576,0.5
A,"1 obs/item, naive SE",0.6489079862832005,0.08870080949408235,0.47505439967479907,0.8227615728916018,TRUE,0.46730505034912606,NA,NA,NA,50,577,0.5
B,+ (1|variant): captures phi,0.8621898066293991,0.1303957635005936,0.6066141101682356,1.1177655030905627,FALSE,0.6869677872784561,NA,NA,NA,50,577,0.5
C,+ (1|judge): captures lambda,0.5957150166870788,0.19228790000958257,0.218830732668297,0.9725993007058606,TRUE,1.0130359272707707,NA,NA,NA,50,577,0.5
D,+ (1|temp): captures tau,0.45492679977521067,0.21348923167676334,0.03648790568875454,0.8733656938616667,TRUE,1.1247315185366138,NA,NA,NA,50,577,0.5
E,+ interactions: lumps eps into residual,0.45492679977521067,0.19405540209612776,0.07457821166680029,0.835275387883621,TRUE,1.0223477098379894,NA,NA,0.21040681379985035,50,577,0.5
F,+ (1|item:variant:judge:temp): splits eps/rho,0.4549267997752108,0.19244224078186206,0.07774000784276114,0.8321135917076604,TRUE,1.0138490452431135,0.03985849351195605,0.10184265385079584,NA,50,577,0.5
A,"1 obs/item, naive SE",0.7095047205020896,0.0652581830666473,0.5815986816914609,0.8374107593127182,FALSE,0.3438015808151852,NA,NA,NA,50,578,0.5
B,+ (1|variant): captures phi,0.46605071562735667,0.10974364254004655,0.25095317624886543,0.6811482550058479,TRUE,0.5781656187263355,NA,NA,NA,50,578,0.5
C,+ (1|judge): captures lambda,0.5010398205248778,0.10099069916589744,0.30309805015971886,0.6989815908900368,TRUE,0.532052232980598,NA,NA,NA,50,578,0.5
D,+ (1|temp): captures tau,0.6526450512448603,0.15374399898265598,0.35130681323885454,0.953983289250866,TRUE,0.8099739742539687,NA,NA,NA,50,578,0.5
E,+ interactions: lumps eps into residual,0.6526450512448603,0.14343914938242724,0.3715043184553029,0.9337857840344177,TRUE,0.7556846358731693,NA,NA,0.2079284723239469,50,578,0.5
F,+ (1|item:variant:judge:temp): splits eps/rho,0.6526450512448604,0.14238017405210388,0.3735799101027368,0.9317101923869839,TRUE,0.7501056053899327,0.04234525492357234,0.10098567646449554,NA,50,578,0.5
A,"1 obs/item, naive SE",1.1656760294298074,0.07933792956738844,1.010173687477726,1.3211783713818888,FALSE,0.41797831815229736,NA,NA,NA,50,579,0.5
B,+ (1|variant): captures phi,1.0543903423843928,0.11051017281352554,0.8377904036698827,1.2709902810989029,FALSE,0.5822039524245881,NA,NA,NA,50,579,0.5
C,+ (1|judge): captures lambda,0.7241985456949851,0.25290412502651716,0.2285064606430115,1.2198906307469586,TRUE,1.3323821456996154,NA,NA,NA,50,579,0.5
D,+ (1|temp): captures tau,0.5219058456287111,0.2608841270265671,0.010572956656639598,1.0332387346007827,TRUE,1.374423421959538,NA,NA,NA,50,579,0.5
E,+ interactions: lumps eps into residual,0.5219058456287111,0.25210334391220734,0.02778329156078474,1.0160283996966375,TRUE,1.328163367302039,NA,NA,0.21226473983150806,50,579,0.5
F,+ (1|item:variant:judge:temp): splits eps/rho,0.5219058456287111,0.25118328142899615,0.029586614027878655,1.0142250772295436,TRUE,1.3233161754049907,0.0445390000600072,0.09896796906981979,NA,50,579,0.5
A,"1 obs/item, naive SE",1.654498244508634,0.08842814373400762,1.4811790827899791,1.827817406227289,FALSE,0.46586855740766414,NA,NA,NA,50,580,0.5
B,+ (1|variant): captures phi,1.5255788581608696,0.11255006387848404,1.3049807329590408,1.7461769833626983,FALSE,0.5929507697564047,NA,NA,NA,50,580,0.5
C,+ (1|judge): captures lambda,0.9897512160141847,0.29836095578141286,0.4049637426826155,1.5745386893457538,TRUE,1.5718636871397238,NA,NA,NA,50,580,0.5
D,+ (1|temp): captures tau,0.6447609968139167,0.26275991077946115,0.1297515716861729,1.1597704219416607,TRUE,1.3843056679738621,NA,NA,NA,50,580,0.5
E,+ interactions: lumps eps into residual,0.6447609968139167,0.24893056260842036,0.15685709410141285,1.1326648995264206,TRUE,1.3114481114281695,NA,NA,0.21873974319369277,50,580,0.5
F,+ (1|item:variant:judge:temp): splits eps/rho,0.6447609968139166,0.24757624903175923,0.15951154871166856,1.1300104449161648,TRUE,1.3043131418857286,0.040981732427866055,0.10121906578820802,NA,50,580,0.5
A,"1 obs/item, naive SE",0.7358350462275592,0.09099693219921584,0.5574810591170962,0.9141890333380223,FALSE,0.47940178027132324,NA,NA,NA,50,581,0.5
B,+ (1|variant): captures phi,0.27289301089251156,0.25447199422253586,-0.22587209778365874,0.7716581195686818,TRUE,1.3406421965127395,NA,NA,NA,50,581,0.5
C,+ (1|judge): captures lambda,0.5243900404034186,0.2625374992899093,0.00981654179519631,1.038963539011641,TRUE,1.383133931065078,NA,NA,NA,50,581,0.5
D,+ (1|temp): captures tau,0.4633397480146511,0.22535226061648714,0.021649317206336338,0.9050301788229659,TRUE,1.18722985837804,NA,NA,NA,50,581,0.5
E,+ interactions: lumps eps into residual,0.4633397480146511,0.21232499895847784,0.04718275005603456,0.8794967459732677,TRUE,1.1185979574999154,NA,NA,0.2192928290075495,50,581,0.5
F,+ (1|item:variant:judge:temp): splits eps/rho,0.46333974801465116,0.21058031485522813,0.050602330898404047,0.8760771651308983,TRUE,1.1094063875766802,0.03785227871104674,0.09919964895943979,NA,50,581,0.5
A,"1 obs/item, naive SE",0.7369917367969087,0.09188750126598302,0.556892234315582,0.9170912392782353,FALSE,0.4840935911460907,NA,NA,NA,50,582,0.5
B,+ (1|variant): captures phi,0.864340854042208,0.09614445881479672,0.6758977147652063,1.0527839933192096,FALSE,0.5065206442139119,NA,NA,NA,50,582,0.5
C,+ (1|judge): captures lambda,0.5855413095099767,0.17644287387569862,0.23971327671360743,0.931369342306346,TRUE,0.9295591159822352,NA,NA,NA,50,582,0.5
D,+ (1|temp): captures tau,0.44432813652328385,0.1992463077471191,0.05380537333893043,0.8348508997076373,TRUE,1.0496951088124702,NA,NA,NA,50,582,0.5
E,+ interactions: lumps eps into residual,0.44432813652328385,0.1862070710561705,0.07936227725318967,0.809293995793378,TRUE,0.9810001195205806,NA,NA,0.22264097323487797,50,582,0.5
F,+ (1|item:variant:judge:temp): splits eps/rho,0.44432813652328396,0.1841867541118897,0.08332209846398014,0.8053341745825877,TRUE,0.9703564250971232,0.03946692834287388,0.09969627294881597,NA,50,582,0.5
A,"1 obs/item, naive SE",0.2818566703460523,0.09189974954449766,0.10173316123883686,0.4619801794532677,FALSE,0.4841581191074545,NA,NA,NA,50,583,0.5
B,+ (1|variant): captures phi,-0.11185094414940676,0.1397574269915339,-0.3857755010528132,0.16207361275399967,FALSE,0.7362881108914813,NA,NA,NA,50,583,0.5
C,+ (1|judge): captures lambda,0.12564426203986884,0.19267983964345392,-0.2520082236613008,0.5032967477410385,TRUE,1.0151007942250265,NA,NA,NA,50,583,0.5
D,+ (1|temp): captures tau,0.4130352737446851,0.24736302108653907,-0.07179624758493142,0.8978667950743017,TRUE,1.3031897869102185,NA,NA,NA,50,583,0.5
E,+ interactions: lumps eps into residual,0.4130352737446851,0.23249814153799403,-0.04266108366978316,0.8687316311591534,TRUE,1.224876710338691,NA,NA,0.22090174922709216,50,583,0.5
F,+ (1|item:variant:judge:temp): splits eps/rho,0.4130352737446851,0.23092138684990252,-0.039570644481123796,0.865641191970494,TRUE,1.2165698478296632,0.04081276579061838,0.10117623965395299,NA,50,583,0.5
A,"1 obs/item, naive SE",0.4740884980799257,0.07552010106539733,0.32606909999174694,0.6221078961681045,TRUE,0.39786474139326783,NA,NA,NA,50,584,0.5
B,+ (1|variant): captures phi,0.4340334392979453,0.06234563598826403,0.3118359927609478,0.5562308858349427,TRUE,0.3284573244676837,NA,NA,NA,50,584,0.5
C,+ (1|judge): captures lambda,0.48366393009550074,0.14729154359846353,0.19497250464251226,0.7723553555484892,TRUE,0.7759803161872212,NA,NA,NA,50,584,0.5
D,+ (1|temp): captures tau,0.35460052401634623,0.1632311375873479,0.03466749434514438,0.6745335536875481,TRUE,0.8599553420523139,NA,NA,NA,50,584,0.5
E,+ interactions: lumps eps into residual,0.35460052401634623,0.1463131002349938,0.06782684755575841,0.641374200476934,TRUE,0.7708255546034445,NA,NA,0.2134058933277127,50,584,0.5
F,+ (1|item:variant:judge:temp): splits eps/rho,0.3546005240163462,0.14483651776830508,0.07072094919046823,0.6384800988422241,TRUE,0.7630464323172309,0.04015929577542866,0.09966760281832228,NA,50,584,0.5
A,"1 obs/item, naive SE",-0.07817256584609104,0.09096510045747826,-0.2564641627427484,0.10011903105056634,FALSE,0.4792340801819979,NA,NA,NA,50,585,0.5
B,+ (1|variant): captures phi,0.11136589296860312,0.14336294650213194,-0.1696254821755755,0.3923572681127817,FALSE,0.7552831740261325,NA,NA,NA,50,585,0.5
C,+ (1|judge): captures lambda,0.4910939009640826,0.2579684070789274,-0.014524176910614972,0.9967119788387802,TRUE,1.359062449892799,NA,NA,NA,50,585,0.5
D,+ (1|temp): captures tau,0.4668288171103944,0.24854910346761883,-0.02032742568613849,0.9539850599069273,TRUE,1.3094384591598858,NA,NA,NA,50,585,0.5
E,+ interactions: lumps eps into residual,0.4668288171103944,0.2392835710514642,-0.002166982150475394,0.9358246163712642,TRUE,1.2606245856796052,NA,NA,0.20417176924622518,50,585,0.5
F,+ (1|item:variant:judge:temp): splits eps/rho,0.4668288171103943,0.238028313829415,2.9332200474091463e-4,0.9333643122160478,TRUE,1.2540114776065618,0.03994788578807663,0.09940165035954651,NA,50,585,0.5
A,"1 obs/item, naive SE",0.5800697828320434,0.0927913893612763,0.3981986596839418,0.761940905980145,TRUE,0.48885557104559973,NA,NA,NA,50,586,0.5
B,+ (1|variant): captures phi,0.7820023750580652,0.1571350461944792,0.474017684516886,1.0899870655992445,TRUE,0.8278391267491445,NA,NA,NA,50,586,0.5
C,+ (1|judge): captures lambda,0.559765301225617,0.1516757429208687,0.26248084510071434,0.8570497573505196,TRUE,0.799077720785697,NA,NA,NA,50,586,0.5
D,+ (1|temp): captures tau,0.5707283448460965,0.1769182462068914,0.22396858228058936,0.9174881074116036,TRUE,0.9320635338385056,NA,NA,NA,50,586,0.5
E,+ interactions: lumps eps into residual,0.5707283448460965,0.15404282755149346,0.2688044028451693,0.8726522868470237,TRUE,0.8115483014805501,NA,NA,0.20851497454087567,50,586,0.5
F,+ (1|item:variant:judge:temp): splits eps/rho,0.5707283448460965,0.152175427583298,0.2724645067828324,0.8689921829093605,TRUE,0.8017102240026016,0.0446353201287675,0.09980316697771778,NA,50,586,0.5
A,"1 obs/item, naive SE",1.0829953821384164,0.08223643622088483,0.9218119671454821,1.2441787971313507,FALSE,0.4332486049216619,NA,NA,NA,50,587,0.5
B,+ (1|variant): captures phi,0.781700601212691,0.12968803743095433,0.5275120478480205,1.0358891545773616,FALSE,0.6832392534748472,NA,NA,NA,50,587,0.5
C,+ (1|judge): captures lambda,0.7569605812367238,0.2790047998740442,0.2101111734835972,1.3038099889898505,TRUE,1.4698890889094574,NA,NA,NA,50,587,0.5
D,+ (1|temp): captures tau,0.6705330643394962,0.28462237211866503,0.11267321498691274,1.2283929136920797,TRUE,1.4994843078886881,NA,NA,NA,50,587,0.5
E,+ interactions: lumps eps into residual,0.6705330643394962,0.2756477145967955,0.1302635437297771,1.2108025849492154,TRUE,1.4522028590603862,NA,NA,0.21088096631336467,50,587,0.5
F,+ (1|item:variant:judge:temp): splits eps/rho,0.6705330643394963,0.2745135755781398,0.13248645620634225,1.2085796724726503,TRUE,1.4462278415353078,0.041588966303242644,0.10031945286395282,NA,50,587,0.5
A,"1 obs/item, naive SE",0.13449234679967412,0.08467284635623032,-0.0314664320585373,0.30045112565788556,FALSE,0.44608441518610714,NA,NA,NA,50,588,0.5
B,+ (1|variant): captures phi,0.34361896228480443,0.08148414981478279,0.18391002864783015,0.5033278959217787,TRUE,0.4292853126035243,NA,NA,NA,50,588,0.5
C,+ (1|judge): captures lambda,0.3660758586030501,0.23233305131135265,-0.08929692196720113,0.8214486391733014,TRUE,1.2240069607037913,NA,NA,NA,50,588,0.5
D,+ (1|temp): captures tau,0.24358237789400924,0.22219851860778964,-0.19192671857725843,0.679091474365277,TRUE,1.170614907775353,NA,NA,NA,50,588,0.5
E,+ interactions: lumps eps into residual,0.24358237789400924,0.2080161480379994,-0.16412927226046956,0.651294028048488,TRUE,1.0958975130752746,NA,NA,0.20980408334765652,50,588,0.5
F,+ (1|item:variant:judge:temp): splits eps/rho,0.2435823778940095,0.20646383478516347,-0.16108673828491094,0.6482514940729299,TRUE,1.0877194160893335,0.037418830569839245,0.1004746777615995,NA,50,588,0.5
A,"1 obs/item, naive SE",-0.23250162791755322,0.08837032313135058,-0.40570746125500035,-0.05929579458010609,FALSE,0.46556393944769314,NA,NA,NA,50,589,0.5
B,+ (1|variant): captures phi,0.152308324495498,0.24278141096618597,-0.3235432409982265,0.6281598899892225,TRUE,1.2790523572725048,NA,NA,NA,50,589,0.5
C,+ (1|judge): captures lambda,0.1444294352843158,0.25277808388302636,-0.3510156091264159,0.6398744796950475,TRUE,1.331718119483384,NA,NA,NA,50,589,0.5
D,+ (1|temp): captures tau,0.31153595358126784,0.2542556181501052,-0.1868050579929384,0.809876965155474,TRUE,1.3395022561672314,NA,NA,NA,50,589,0.5
E,+ interactions: lumps eps into residual,0.31153595358126784,0.24626987555471444,-0.17115300250597243,0.7942249096685081,TRUE,1.2974307365621796,NA,NA,0.21167987535720856,50,589,0.5
F,+ (1|item:variant:judge:temp): splits eps/rho,0.3115359535812679,0.24495737461097458,-0.16858050065624225,0.7916524078187781,TRUE,1.2905160497279118,0.03817090688658246,0.09939449700718218,NA,50,589,0.5
A,"1 obs/item, naive SE",0.253942073610364,0.08976017388367533,0.07801213279836039,0.42987201442236767,FALSE,0.47288613052461015,NA,NA,NA,50,590,0.5
B,+ (1|variant): captures phi,0.3542903556780291,0.18845135909271912,-0.015074308143700421,0.7236550194997586,TRUE,0.9928237673530986,NA,NA,NA,50,590,0.5
C,+ (1|judge): captures lambda,0.44395718455386846,0.24217117178286113,-0.030698312140539363,0.9186126812482762,TRUE,1.2758374164628874,NA,NA,NA,50,590,0.5
D,+ (1|temp): captures tau,0.3130579562988515,0.2521930925807122,-0.18124050515934437,0.8073564177570474,TRUE,1.3286361928184425,NA,NA,NA,50,590,0.5
E,+ interactions: lumps eps into residual,0.3130579562988515,0.24361370304822408,-0.16442490167566765,0.7905408142733708,TRUE,1.2834371458163787,NA,NA,0.211147283446998,50,590,0.5
F,+ (1|item:variant:judge:temp): splits eps/rho,0.31305795629885164,0.24230767781808424,-0.16186509222459344,0.7879810048222967,TRUE,1.2765565751721113,0.04005980091882556,0.10030022025187212,NA,50,590,0.5
A,"1 obs/item, naive SE",0.5693817378757875,0.07979170792865754,0.41298999033561873,0.7257734854159563,TRUE,0.42036897186977384,NA,NA,NA,50,591,0.5
B,+ (1|variant): captures phi,0.3323626620105861,0.10534276244427601,0.12589084761980515,0.5388344764013671,TRUE,0.5549803343251631,NA,NA,NA,50,591,0.5
C,+ (1|judge): captures lambda,0.24146243332234046,0.14430118564985678,-0.041367890551378794,0.5242927571960597,TRUE,0.7602261265726517,NA,NA,NA,50,591,0.5
D,+ (1|temp): captures tau,0.46311393705832576,0.264719463326235,-0.05573621106109489,0.9819640851777465,TRUE,1.3946292355574592,NA,NA,NA,50,591,0.5
E,+ interactions: lumps eps into residual,0.46311393705832576,0.25412923033121504,-0.0349793543908557,0.9612072285075073,TRUE,1.3388364035509266,NA,NA,0.20861989941195636,50,591,0.5
F,+ (1|item:variant:judge:temp): splits eps/rho,0.46311393705832565,0.2529566712820894,-0.03268113865456951,0.9589090127712208,TRUE,1.3326589766636832,0.041409765523978556,0.1005512915030591,NA,50,591,0.5
A,"1 obs/item, naive SE",0.8330671979515112,0.0851790581751114,0.6661162439282928,1.0000181519747295,FALSE,0.44875130561088195,NA,NA,NA,50,592,0.5
B,+ (1|variant): captures phi,0.7470723719209279,0.1398493225192389,0.4729676997832197,1.021177044058636,TRUE,0.736772246768549,NA,NA,NA,50,592,0.5
C,+ (1|judge): captures lambda,0.739037187745262,0.1945769049422145,0.35766645405852154,1.1204079214320024,TRUE,1.0250951584254122,NA,NA,NA,50,592,0.5
D,+ (1|temp): captures tau,0.42481023468939194,0.2394278479515414,-0.04446834729562921,0.8940888166744131,TRUE,1.2613846838617904,NA,NA,NA,50,592,0.5
E,+ interactions: lumps eps into residual,0.42481023468939194,0.23161774236604282,-0.02916054034805199,0.8787810097268358,TRUE,1.2202384778160957,NA,NA,0.21570402145947223,50,592,0.5
F,+ (1|item:variant:judge:temp): splits eps/rho,0.4248102346893918,0.23004420186057603,-0.026076400957337265,0.8756968703361208,TRUE,1.211948548678723,0.03744341046797787,0.09902268488671002,NA,50,592,0.5
A,"1 obs/item, naive SE",0.35160872943001076,0.09492820804030613,0.16554944167101074,0.5376680171890108,TRUE,0.5001130349412094,NA,NA,NA,50,593,0.5
B,+ (1|variant): captures phi,0.6276311215831294,0.10124000888440779,0.42920070416969014,0.8260615389965686,TRUE,0.5333656786100742,NA,NA,NA,50,593,0.5
C,+ (1|judge): captures lambda,0.5569937502648125,0.1405475435531701,0.28152056490059907,0.8324669356290259,TRUE,0.7404507049165302,NA,NA,NA,50,593,0.5
D,+ (1|temp): captures tau,0.2880506494603448,0.24661087081441668,-0.1953066573359119,0.7714079562566015,TRUE,1.2992272117906791,NA,NA,NA,50,593,0.5
E,+ interactions: lumps eps into residual,0.2880506494603448,0.2320283150275003,-0.16672484799355575,0.7428261469142454,TRUE,1.2224015096906489,NA,NA,0.22337068371716498,50,593,0.5
F,+ (1|item:variant:judge:temp): splits eps/rho,0.2880506494603449,0.2303900356303257,-0.16351382037509343,0.7396151192957833,TRUE,1.2137705147702058,0.04057915759507225,0.09888669981671461,NA,50,593,0.5
A,"1 obs/item, naive SE",0.36191350560071117,0.06733620568906606,0.2299345424501417,0.4938924687512807,FALSE,0.35474928773843273,NA,NA,NA,50,594,0.5
B,+ (1|variant): captures phi,0.5821326236797134,0.11475889691199337,0.3572051857322064,0.8070600616272204,TRUE,0.6045876289668694,NA,NA,NA,50,594,0.5
C,+ (1|judge): captures lambda,0.28028263118743324,0.2256356492578737,-0.16196324135799917,0.7225285037328657,TRUE,1.1887228429864878,NA,NA,NA,50,594,0.5
D,+ (1|temp): captures tau,0.5665152779521269,0.22138029730924075,0.13260989522601502,1.0004206606782386,TRUE,1.1663042487487223,NA,NA,NA,50,594,0.5
E,+ interactions: lumps eps into residual,0.5665152779521269,0.2125942666144984,0.14983051538771003,0.9832000405165437,TRUE,1.1200165481111146,NA,NA,0.21146322376326554,50,594,0.5
F,+ (1|item:variant:judge:temp): splits eps/rho,0.5665152779521269,0.21113425462448374,0.15269213888813876,0.9803384170161149,TRUE,1.1123247245483359,0.04207135354979401,0.10051883459302628,NA,50,594,0.5
A,"1 obs/item, naive SE",0.15460832715440254,0.08669131562289682,-0.015306651466475224,0.3245233057752803,FALSE,0.4567183754359364,NA,NA,NA,50,595,0.5
B,+ (1|variant): captures phi,0.3217156145156001,0.12159827511200744,0.08338299529606552,0.5600482337351347,TRUE,0.640619723739663,NA,NA,NA,50,595,0.5
C,+ (1|judge): captures lambda,0.4715236773209095,0.1488534095845897,0.1797709945351137,0.7632763601067053,TRUE,0.7842087401153475,NA,NA,NA,50,595,0.5
D,+ (1|temp): captures tau,0.49628485018501556,0.23963408223219418,0.026602049009914974,0.9659676513601161,TRUE,1.2624711939111781,NA,NA,NA,50,595,0.5
E,+ interactions: lumps eps into residual,0.49628485018501556,0.23027110164522988,0.044953490960364995,0.9476162094096661,TRUE,1.213143931402924,NA,NA,0.20772982580399948,50,595,0.5
F,+ (1|item:variant:judge:temp): splits eps/rho,0.4962848501850155,0.22903140659281598,0.047383293263096204,0.9451864071069348,TRUE,1.2066128099600641,0.04245863828267641,0.10020898561320678,NA,50,595,0.5
A,"1 obs/item, naive SE",0.19998921910055903,0.09424142830705326,0.015276019618734649,0.3847024185823834,FALSE,0.496494853329824,NA,NA,NA,50,596,0.5
B,+ (1|variant): captures phi,0.31617276992645577,0.18617007226296825,-0.04872057170896199,0.6810661115618735,TRUE,0.9808051977039834,NA,NA,NA,50,596,0.5
C,+ (1|judge): captures lambda,0.32667392065052653,0.16733796432690715,-0.0013084894302114458,0.6546563307312645,TRUE,0.881591456618246,NA,NA,NA,50,596,0.5
D,+ (1|temp): captures tau,0.47369700184693264,0.15270486028924923,0.17439547568000413,0.7729985280138612,TRUE,0.8044994497010156,NA,NA,NA,50,596,0.5
E,+ interactions: lumps eps into residual,0.47369700184693264,0.13070093968273952,0.2175231600687632,0.729870843625102,TRUE,0.6885755558205523,NA,NA,0.2077320417810133,50,596,0.5
F,+ (1|item:variant:judge:temp): splits eps/rho,0.4736970018469326,0.12830814953271139,0.2222130287628183,0.7251809749310469,TRUE,0.6759695499913904,0.04031614824513185,0.09807284650780095,NA,50,596,0.5
A,"1 obs/item, naive SE",0.5758742372097599,0.08748715502956221,0.404399413351818,0.7473490610677018,TRUE,0.4609111192916326,NA,NA,NA,50,597,0.5
B,+ (1|variant): captures phi,0.6551964396297694,0.10291178098135209,0.4534893489063193,0.8569035303532194,TRUE,0.542173124093274,NA,NA,NA,50,597,0.5
C,+ (1|judge): captures lambda,0.5540736286288538,0.14653591115079434,0.26686324277329687,0.8412840144844107,TRUE,0.7719993958211332,NA,NA,NA,50,597,0.5
D,+ (1|temp): captures tau,0.4980645235433213,0.2706075441962532,-0.032326263081335016,1.0284553101679776,TRUE,1.4256495829828921,NA,NA,NA,50,597,0.5
E,+ interactions: lumps eps into residual,0.4980645235433213,0.258242029704008,-0.008089854676534336,1.0042189017631769,TRUE,1.3605039839139568,NA,NA,0.22170506677836946,50,597,0.5
F,+ (1|item:variant:judge:temp): splits eps/rho,0.49806452354332115,0.2571121767461128,-0.005875342879059942,1.0020043899657023,TRUE,1.354551546767241,0.03746050126602004,0.10221304530056446,NA,50,597,0.5
A,"1 obs/item, naive SE",-0.15147655280804287,0.06625853998216166,-0.2813432911730797,-0.021609814443006026,FALSE,0.34907179020152374,NA,NA,NA,50,598,0.5
B,+ (1|variant): captures phi,-0.22129406798667173,0.17749861665688474,-0.5691913566341658,0.12660322066082236,FALSE,0.9351211163329852,NA,NA,NA,50,598,0.5
C,+ (1|judge): captures lambda,0.04930398635421752,0.30625600422405136,-0.5509577819249232,0.6495657546333582,TRUE,1.6134574001062567,NA,NA,NA,50,598,0.5
D,+ (1|temp): captures tau,0.2828588970286648,0.30776281160533614,-0.32035621371779405,0.8860740077751237,TRUE,1.621395757187707,NA,NA,NA,50,598,0.5
E,+ interactions: lumps eps into residual,0.2828588970286648,0.29991430226854243,-0.3049731354176784,0.870690929475008,TRUE,1.5800472275438975,NA,NA,0.229787533482689,50,598,0.5
F,+ (1|item:variant:judge:temp): splits eps/rho,0.2828588970286646,0.29863836571626623,-0.30247229977521717,0.8681900938325464,TRUE,1.5733251739549332,0.04420594690052359,0.0989577005485467,NA,50,598,0.5
A,"1 obs/item, naive SE",0.12492758265964957,0.08909372063413053,-0.04969610978324626,0.2995512751025454,FALSE,0.4693750355175838,NA,NA,NA,50,599,0.5
B,+ (1|variant): captures phi,0.10887478230824077,0.10322184687714518,-0.09344003757096378,0.3111896021874453,FALSE,0.543806653255765,NA,NA,NA,50,599,0.5
C,+ (1|judge): captures lambda,0.18999695241558812,0.1797473913534495,-0.1623079346371729,0.5423018394683492,TRUE,0.9469684013667498,NA,NA,NA,50,599,0.5
D,+ (1|temp): captures tau,0.5693176199726147,0.26120546077504886,0.0573549168535189,1.0812803230917103,TRUE,1.376116313877544,NA,NA,NA,50,599,0.5
E,+ interactions: lumps eps into residual,0.5693176199726147,0.25295535810609765,0.07352511808466328,1.065110121860566,TRUE,1.332652058420474,NA,NA,0.21399581476731455,50,599,0.5
F,+ (1|item:variant:judge:temp): splits eps/rho,0.5693176199726147,0.2520311667656574,0.07533653311192617,1.063298706833303,TRUE,1.327783114344992,0.04020203447146871,0.10211188065955423,NA,50,599,0.5
A,"1 obs/item, naive SE",0.7160804470081493,0.08899167521270028,0.5416567635912568,0.8905041304250418,FALSE,0.4688374266606709,NA,NA,NA,50,600,0.5
B,+ (1|variant): captures phi,0.7212766371322512,0.08442192575429114,0.5558096626538406,0.8867436116106618,FALSE,0.444762482892686,NA,NA,NA,50,600,0.5
C,+ (1|judge): captures lambda,0.5802665170014362,0.2576676390309563,0.07523794450076182,1.0852950895021105,TRUE,1.3574779048519794,NA,NA,NA,50,600,0.5
D,+ (1|temp): captures tau,0.4593412547618852,0.22286662979242397,0.022522660368734237,0.8961598491550362,TRUE,1.1741347373299544,NA,NA,NA,50,600,0.5
E,+ interactions: lumps eps into residual,0.4593412547618852,0.21499594452182774,0.03794920349910286,0.8807333060246676,TRUE,1.132669377570149,NA,NA,0.20827546674488043,50,600,0.5
F,+ (1|item:variant:judge:temp): splits eps/rho,0.45934125476188514,0.21355975887005227,0.04076412737658269,0.8779183821471876,TRUE,1.1251030789969843,0.039359148679273204,0.1005106124449518,NA,50,600,0.5
A,"1 obs/item, naive SE",1.1973768044509019,0.07646750524019705,1.0475004941801156,1.3472531147216882,FALSE,0.40285597831805925,NA,NA,NA,50,601,0.5
B,+ (1|variant): captures phi,0.8008301170194247,0.2066048192028507,0.39588467138183736,1.2057755626570121,TRUE,1.0884621683909363,NA,NA,NA,50,601,0.5
C,+ (1|judge): captures lambda,0.7536726180132376,0.17235523137606276,0.4158563645161546,1.0914888715103206,TRUE,0.908024070304563,NA,NA,NA,50,601,0.5
D,+ (1|temp): captures tau,0.5210380213499303,0.16200703895415716,0.2035042249997822,0.8385718177000783,TRUE,0.8535063876777358,NA,NA,NA,50,601,0.5
E,+ interactions: lumps eps into residual,0.5210380213499303,0.14663346034358155,0.23363643907651044,0.8084396036233501,TRUE,0.7725133170661246,NA,NA,0.19768260660910714,50,601,0.5
F,+ (1|item:variant:judge:temp): splits eps/rho,0.5210380213499304,0.1447956773734482,0.2372384936979719,0.8048375490018889,TRUE,0.7628312716790842,0.03970375924058356,0.09767299569314994,NA,50,601,0.5
A,"1 obs/item, naive SE",0.2539942133862915,0.08300917225735717,0.09129623576187149,0.41669219101071153,FALSE,0.437319632621295,NA,NA,NA,50,602,0.5
B,+ (1|variant): captures phi,0.2695600775102662,0.19066277217686584,-0.10413895595639078,0.6432591109769232,TRUE,1.0044742191192557,NA,NA,NA,50,602,0.5
C,+ (1|judge): captures lambda,0.1715891838678311,0.24912311194471384,-0.31669211554380805,0.6598704832794702,TRUE,1.3124625246878063,NA,NA,NA,50,602,0.5
D,+ (1|temp): captures tau,0.4961530997343065,0.2650103840241826,-0.023267252953091344,1.0155734524217044,TRUE,1.3961619015182027,NA,NA,NA,50,602,0.5
E,+ interactions: lumps eps into residual,0.4961530997343065,0.2515631261656959,0.0030893724495424935,0.9892168270190704,TRUE,1.3253173224612662,NA,NA,0.20648257671704473,50,602,0.5
F,+ (1|item:variant:judge:temp): splits eps/rho,0.49615309973430666,0.2504250375783909,0.0053200260806605115,0.9869861733879528,TRUE,1.3193214973089848,0.04214684518158238,0.1006990566954477,NA,50,602,0.5
A,"1 obs/item, naive SE",0.2532907800729063,0.08337980566579797,0.08986636096794226,0.4167151991778703,FALSE,0.4392722513694255,NA,NA,NA,50,603,0.5
B,+ (1|variant): captures phi,0.442932416717099,0.24999238861453413,-0.047052664967387914,0.9329174984015859,TRUE,1.3170421602094504,NA,NA,NA,50,603,0.5
C,+ (1|judge): captures lambda,0.5430110442683632,0.2798055139862988,-0.005407763144782418,1.0914298516815089,TRUE,1.474107514318161,NA,NA,NA,50,603,0.5
D,+ (1|temp): captures tau,0.5455901518794252,0.2394029751632755,0.07636032055940523,1.014819983199445,TRUE,1.2612536458291137,NA,NA,NA,50,603,0.5
E,+ interactions: lumps eps into residual,0.5455901518794252,0.231430905032936,0.09198557801487062,0.9991947257439797,TRUE,1.2192541572687123,NA,NA,0.21649549243076519,50,603,0.5
F,+ (1|item:variant:judge:temp): splits eps/rho,0.5455901518794253,0.2298777181204006,0.09502982436344015,0.9961504793954103,TRUE,1.2110714575560069,0.03697510265244952,0.09996498336607233,NA,50,603,0.5
A,"1 obs/item, naive SE",1.1834119664513174,0.08216679830729698,1.0223650417690153,1.3444588911336195,FALSE,0.4328817294793633,NA,NA,NA,50,604,0.5
B,+ (1|variant): captures phi,1.3560045957721893,0.1405866564663197,1.0804547490982026,1.631554442446176,FALSE,0.740656764612636,NA,NA,NA,50,604,0.5
C,+ (1|judge): captures lambda,0.9326415239688225,0.24884226480075206,0.4449106849593485,1.4203723629782965,TRUE,1.3109829295240416,NA,NA,NA,50,604,0.5
D,+ (1|temp): captures tau,0.5678726060429242,0.3384481720081087,-0.09548581109296883,1.2312310231788173,TRUE,1.783056332438211,NA,NA,NA,50,604,0.5
E,+ interactions: lumps eps into residual,0.5678726060429242,0.3224842729771268,-0.06419656899224424,1.1999417810780928,TRUE,1.6989532596140664,NA,NA,0.20875976627173629,50,604,0.5
F,+ (1|item:variant:judge:temp): splits eps/rho,0.5678726060429243,0.3215335413202375,-0.06233313494474113,1.1980783470305898,TRUE,1.6939444924187592,0.041230174121622595,0.09929090212180666,NA,50,604,0.5
A,"1 obs/item, naive SE",0.055247231383123964,0.0857740556918224,-0.11286991777284797,0.22336438053909588,FALSE,0.4518859483056906,NA,NA,NA,50,605,0.5
B,+ (1|variant): captures phi,0.24614243913492137,0.09721403747854689,0.05560292567696948,0.43668195259287323,FALSE,0.51215553654654,NA,NA,NA,50,605,0.5
C,+ (1|judge): captures lambda,0.3562461634232435,0.23241571436788136,-0.09928863673780397,0.811780963584291,TRUE,1.2244424568848689,NA,NA,NA,50,605,0.5
D,+ (1|temp): captures tau,0.601265035498111,0.2584562279929987,0.09469082863183342,1.1078392423643884,TRUE,1.3616324509797302,NA,NA,NA,50,605,0.5
E,+ interactions: lumps eps into residual,0.601265035498111,0.23749622822870606,0.13577242816984708,1.0667576428263748,TRUE,1.251208275585661,NA,NA,0.21270121603254943,50,605,0.5
F,+ (1|item:variant:judge:temp): splits eps/rho,0.6012650354981115,0.23611888010096785,0.1384720305002145,1.0640580404960085,TRUE,1.2439519524489042,0.03902575594099991,0.10137428184923411,NA,50,605,0.5
A,"1 obs/item, naive SE",0.3634115939480493,0.08170828514873604,0.20326335505652665,0.5235598328395719,TRUE,0.43046613129182537,NA,NA,NA,50,606,0.5
B,+ (1|variant): captures phi,0.23011954825201167,0.12566683353569846,-0.016187445477957307,0.47642654198198064,FALSE,0.6620542282258722,NA,NA,NA,50,606,0.5
C,+ (1|judge): captures lambda,0.25726256920009083,0.19794285091445696,-0.13070541859224483,0.6452305569924265,TRUE,1.0428280693312155,NA,NA,NA,50,606,0.5
D,+ (1|temp): captures tau,0.19930868026715876,0.13941539792839505,-0.07394549967249553,0.47256286020681304,FALSE,0.7344861892463171,NA,NA,NA,50,606,0.5
E,+ interactions: lumps eps into residual,0.19930868026715876,0.12742020456177153,-0.05043492067391345,0.44905228120823093,FALSE,0.6712915637168684,NA,NA,0.20663424514627843,50,606,0.5
F,+ (1|item:variant:judge:temp): splits eps/rho,0.19930868026715878,0.12566921155819122,-0.04700297438689599,0.44562033492121356,FALSE,0.6620667564308238,0.038647686115478454,0.10184934908709359,NA,50,606,0.5
A,"1 obs/item, naive SE",0.6613548873579072,0.0643181491953332,0.5352913149350541,0.7874184597807602,FALSE,0.3388491730742657,NA,NA,NA,50,607,0.5
B,+ (1|variant): captures phi,1.009193475868175,0.18667848809841878,0.6433036391952742,1.375083312541076,FALSE,0.9834836996132513,NA,NA,NA,50,607,0.5
C,+ (1|judge): captures lambda,0.7745586896457647,0.23299478011693034,0.31788892061658125,1.231228458674948,TRUE,1.2274931657854775,NA,NA,NA,50,607,0.5
D,+ (1|temp): captures tau,0.6172235577008576,0.18193239527553254,0.2606360629608138,0.9738110524409014,TRUE,0.9584797209775383,NA,NA,NA,50,607,0.5
E,+ interactions: lumps eps into residual,0.6172235577008576,0.15495010053936925,0.31352136064369385,0.9209257547580213,TRUE,0.8163281141079421,NA,NA,0.20756699472786397,50,607,0.5
F,+ (1|item:variant:judge:temp): splits eps/rho,0.6172235577008577,0.1529316908816291,0.3174774435728646,0.9169696718288507,TRUE,0.8056944678975505,0.04123576364043778,0.0982364564926274,NA,50,607,0.5
A,"1 obs/item, naive SE",0.18275789310095228,0.08170438568215538,0.02261729716392774,0.3428984890379768,FALSE,0.43044558761880586,NA,NA,NA,50,608,0.5
B,+ (1|variant): captures phi,0.4244376664492561,0.10714186596221092,0.21443960916332272,0.6344357237351895,TRUE,0.5644586036310137,NA,NA,NA,50,608,0.5
C,+ (1|judge): captures lambda,0.44796348390830787,0.13856338944805355,0.17637924059012294,0.7195477272264927,TRUE,0.7299975282287372,NA,NA,NA,50,608,0.5
D,+ (1|temp): captures tau,0.45589541092807706,0.1757074856410393,0.11150873907164005,0.8002820827845141,TRUE,0.9256848487913979,NA,NA,NA,50,608,0.5
E,+ interactions: lumps eps into residual,0.45589541092807706,0.16988232042010964,0.12292606290466218,0.7888647589514919,TRUE,0.8949959617070008,NA,NA,0.2095429104622604,50,608,0.5
F,+ (1|item:variant:judge:temp): splits eps/rho,0.455895410928077,0.1685661034659096,0.12550584813489418,0.7862849737212598,TRUE,0.8880616977069202,0.04032665161925847,0.09978097732096511,NA,50,608,0.5
A,"1 obs/item, naive SE",0.007851136204213901,0.09019945272097157,-0.16893979112889038,0.18464206353731819,FALSE,0.47520039597890373,NA,NA,NA,50,609,0.5
B,+ (1|variant): captures phi,0.1574174048732201,0.11941827114570873,-0.07664240657236901,0.39147721631880916,FALSE,0.6291347455411216,NA,NA,NA,50,609,0.5
C,+ (1|judge): captures lambda,0.059505375680498435,0.1129894013292276,-0.16195385092478767,0.28096460228578457,FALSE,0.5952653440056247,NA,NA,NA,50,609,0.5
D,+ (1|temp): captures tau,0.32805139283927337,0.2261411976372712,-0.11518535452977818,0.7712881402083249,TRUE,1.1913862381937663,NA,NA,NA,50,609,0.5
E,+ interactions: lumps eps into residual,0.32805139283927337,0.21827271677382756,-0.09976313203742865,0.7558659177159754,TRUE,1.1499324919761744,NA,NA,0.21853333088252966,50,609,0.5
F,+ (1|item:variant:judge:temp): splits eps/rho,0.32805139283927337,0.21662491169213083,-0.09653343407730303,0.7526362197558498,TRUE,1.1412513126153567,0.03716177696883563,0.10128348186991618,NA,50,609,0.5
A,"1 obs/item, naive SE",1.1336128579807208,0.08339504069100502,0.9701585782263509,1.2970671377350906,FALSE,0.43935251449511803,NA,NA,NA,50,610,0.5
B,+ (1|variant): captures phi,0.7563943286385352,0.22614584808896615,0.31314846638416155,1.1996401908929089,TRUE,1.1914107383034704,NA,NA,NA,50,610,0.5
C,+ (1|judge): captures lambda,0.16461270761468746,0.38372054726052945,-0.5874795650159502,0.9167049802453252,TRUE,2.021566101598417,NA,NA,NA,50,610,0.5
D,+ (1|temp): captures tau,0.5245770271160384,0.30105387891667545,-0.06548857556064547,1.1146426297927223,TRUE,1.5860508922902492,NA,NA,NA,50,610,0.5
E,+ interactions: lumps eps into residual,0.5245770271160384,0.28406024187514967,-0.032181046959254944,1.0813351011913317,TRUE,1.496522820803655,NA,NA,0.2201520033617803,50,610,0.5
F,+ (1|item:variant:judge:temp): splits eps/rho,0.5245770271160384,0.2827959650367649,-0.02970306435602088,1.0788571185880977,TRUE,1.4898621944239596,0.038492496940946204,0.10138088484710894,NA,50,610,0.5
A,"1 obs/item, naive SE",0.8406675289055793,0.09125847295221898,0.6618009219192301,1.0195341358919285,FALSE,0.4807796630149822,NA,NA,NA,50,611,0.5
B,+ (1|variant): captures phi,0.42703116695346444,0.15089159508402164,0.131283640588782,0.7227786933181468,TRUE,0.7949465719667743,NA,NA,NA,50,611,0.5
C,+ (1|judge): captures lambda,0.2938751336782495,0.20592278958461996,-0.1097335339076056,0.6974838012641047,TRUE,1.0848690119484556,NA,NA,NA,50,611,0.5
D,+ (1|temp): captures tau,0.5616198533914164,0.20282379449397805,0.16408521618321942,0.9591544905996134,TRUE,1.0685424861239003,NA,NA,NA,50,611,0.5
E,+ interactions: lumps eps into residual,0.5616198533914164,0.19094320753380584,0.18737116662515696,0.9358685401576758,TRUE,1.0059516448534962,NA,NA,0.21753321021094604,50,611,0.5
F,+ (1|item:variant:judge:temp): splits eps/rho,0.5616198533914164,0.18914070373578534,0.19090407406927712,0.9323356327135557,TRUE,0.9964554617533335,0.040890096729650355,0.09902232227170879,NA,50,611,0.5
A,"1 obs/item, naive SE",0.5112488889582624,0.07440944051694816,0.365406385545044,0.6570913923714807,TRUE,0.39201341617454527,NA,NA,NA,50,612,0.5
B,+ (1|variant): captures phi,0.5760913484635924,0.08472585734073107,0.41002866807575955,0.7421540288514253,TRUE,0.4463636944950838,NA,NA,NA,50,612,0.5
C,+ (1|judge): captures lambda,0.2376964976583211,0.1952516319594489,-0.14499670098219872,0.6203896962988409,TRUE,1.028649842363011,NA,NA,NA,50,612,0.5
D,+ (1|temp): captures tau,0.3770150766442895,0.2023189722495279,-0.019530108964785187,0.7735602622533642,TRUE,1.0658829164344503,NA,NA,NA,50,612,0.5
E,+ interactions: lumps eps into residual,0.3770150766442895,0.19348064484613298,-0.0022069872541310986,0.7562371405427102,TRUE,1.019319699528058,NA,NA,0.21276961319229679,50,612,0.5
F,+ (1|item:variant:judge:temp): splits eps/rho,0.3770150766442895,0.1923645648001808,-1.947036406485525e-5,0.7540496236526439,TRUE,1.0134398226132693,0.04078374718818066,0.1003571481251696,NA,50,612,0.5
A,"1 obs/item, naive SE",1.1110033377868291,0.08794534111763865,0.9386304691962574,1.2833762063774008,FALSE,0.4633249943642396,NA,NA,NA,50,613,0.5
B,+ (1|variant): captures phi,1.0346607688004699,0.19333899137772864,0.6557163457001217,1.413605191900818,FALSE,1.0185734224471343,NA,NA,NA,50,613,0.5
C,+ (1|judge): captures lambda,0.9427703769339268,0.1869885937663372,0.576272733151906,1.3092680207159477,FALSE,0.985117438308385,NA,NA,NA,50,613,0.5
D,+ (1|temp): captures tau,0.6721141346492813,0.2214402289395942,0.23809128592767664,1.1061369833708858,TRUE,1.1666199882972061,NA,NA,NA,50,613,0.5
E,+ interactions: lumps eps into residual,0.6721141346492813,0.1998839191191022,0.280341653175841,1.0638866161227216,TRUE,1.0530542553184286,NA,NA,0.2056613859008877,50,613,0.5
F,+ (1|item:variant:judge:temp): splits eps/rho,0.672114134649281,0.19835460447256512,0.28333910988305344,1.0608891594155088,TRUE,1.0449973225578844,0.04132770783107027,0.09843093218991973,NA,50,613,0.5
A,"1 obs/item, naive SE",0.4226444254242699,0.08971157176270564,0.24680974476936685,0.598479106079173,TRUE,0.47263007855939865,NA,NA,NA,50,614,0.5
B,+ (1|variant): captures phi,0.6105711160254378,0.12128179533739161,0.37285879716415027,0.8482834348867253,TRUE,0.6389524041531243,NA,NA,NA,50,614,0.5
C,+ (1|judge): captures lambda,0.4068496385685247,0.22875879997691717,-0.041517609386232945,0.8552168865232823,TRUE,1.2051766286095815,NA,NA,NA,50,614,0.5
D,+ (1|temp): captures tau,0.5341209285342743,0.22807436477183404,0.08709517358147956,0.981146683487069,TRUE,1.2015707987440332,NA,NA,NA,50,614,0.5
E,+ interactions: lumps eps into residual,0.5341209285342743,0.20518326934815415,0.13196172061189215,0.9362801364566564,TRUE,1.0809729760125164,NA,NA,0.20464213100712186,50,614,0.5
F,+ (1|item:variant:judge:temp): splits eps/rho,0.5341209285342742,0.20373937054140148,0.13479176227312728,0.9334500947954211,TRUE,1.073366042001011,0.03663365896576944,0.10145484971491642,NA,50,614,0.5
A,"1 obs/item, naive SE",1.073086869780256,0.088031617873291515,0.9005448987486047,1.2456288408119074,FALSE,0.4637795287013474,NA,NA,NA,50,615,0.5
B,+ (1|variant): captures phi,0.9700298448294625,0.11180326619554312,0.750895443086198,1.189164246572727,FALSE,0.5890163938378783,NA,NA,NA,50,615,0.5
C,+ (1|judge): captures lambda,0.8145445257236708,0.13724016483158888,0.5455538026537565,1.083535248793585,FALSE,0.7230263455580596,NA,NA,NA,50,615,0.5
D,+ (1|temp): captures tau,0.7234838056897697,0.17540029927008066,0.3796992191204116,1.0672683922591277,TRUE,0.9240664899132078,NA,NA,NA,50,615,0.5
E,+ interactions: lumps eps into residual,0.7234838056897697,0.16298818024205022,0.40402697241535124,1.042940638964188,TRUE,0.8586753628150942,NA,NA,0.21166078899470803,50,615,0.5
F,+ (1|item:variant:judge:temp): splits eps/rho,0.7234838056897696,0.160995923318465,0.40793179598557816,1.039035815393961,TRUE,0.8481794978134731,0.040686984715346056,0.10050000966010834,NA,50,615,0.5
A,"1 obs/item, naive SE",1.0505072599135457,0.0931875611662549,0.8678596400276861,1.2331548797994052,FALSE,0.4909427344697935,NA,NA,NA,50,616,0.5
B,+ (1|variant): captures phi,0.38706510754801626,0.26021676938494814,-0.12295976044648205,0.8970899755425146,TRUE,1.3709075623174856,NA,NA,NA,50,616,0.5
C,+ (1|judge): captures lambda,0.5167578971953076,0.23514285279055822,0.055877905725813526,0.9776378886648017,TRUE,1.2388099194276212,NA,NA,NA,50,616,0.5
D,+ (1|temp): captures tau,0.2813202836335327,0.22367147631457504,-0.15707580994303438,0.7197163772100997,TRUE,1.1783749336337122,NA,NA,NA,50,616,0.5
E,+ interactions: lumps eps into residual,0.2813202836335327,0.2092194588649411,-0.12874985574175185,0.6913904230088173,TRUE,1.1022369504465555,NA,NA,0.22146619600138862,50,616,0.5
F,+ (1|item:variant:judge:temp): splits eps/rho,0.2813202836335323,0.20749893861727753,-0.12537763605633168,0.6880182033233962,TRUE,1.0931726836653741,0.042708260380086016,0.09944604602141852,NA,50,616,0.5
A,"1 obs/item, naive SE",0.8421648639141763,0.0979435368924371,0.6501955316049997,1.034134196223353,FALSE,0.51599877949192,NA,NA,NA,50,617,0.5
B,+ (1|variant): captures phi,0.57260189163991,0.2298409232941321,0.1221136819834111,1.0230901012964089,TRUE,1.2108776103043295,NA,NA,NA,50,617,0.5
C,+ (1|judge): captures lambda,0.6911711520468895,0.3139473197211596,0.07583440539341679,1.3065078987003622,TRUE,1.6539777808798612,NA,NA,NA,50,617,0.5
D,+ (1|temp): captures tau,0.7241863411524657,0.272403704191351,0.19027508093741774,1.2580976013675138,TRUE,1.435112344841906,NA,NA,NA,50,617,0.5
E,+ interactions: lumps eps into residual,0.7241863411524657,0.2669530035541571,0.20095845418631786,1.2474142281186136,TRUE,1.4063962603976952,NA,NA,0.2262135696032458,50,617,0.5
F,+ (1|item:variant:judge:temp): splits eps/rho,0.7241863411524658,0.26599833109739807,0.2028296122015656,1.245543070103366,TRUE,1.4013667317720016,0.04039627303284816,0.10248417866404064,NA,50,617,0.5
A,"1 obs/item, naive SE",0.41230211993431076,0.07514806712988137,0.2650119083597433,0.5595923315088782,TRUE,0.39590474420767874,NA,NA,NA,50,618,0.5
B,+ (1|variant): captures phi,0.3985093571916044,0.12306499833410198,0.15730196045676453,0.6397167539264443,TRUE,0.6483469042812887,NA,NA,NA,50,618,0.5
C,+ (1|judge): captures lambda,0.5182562548312238,0.1835244064221923,0.1585484182437269,0.8779640914187208,TRUE,0.966866959530258,NA,NA,NA,50,618,0.5
D,+ (1|temp): captures tau,0.7668113232832309,0.23663553266727552,0.30300567925537086,1.230616967311091,TRUE,1.2466738481665247,NA,NA,NA,50,618,0.5
E,+ interactions: lumps eps into residual,0.7668113232832309,0.22724931081553054,0.321402674084791,1.2122199724816707,TRUE,1.1972241430281474,NA,NA,0.21005312178615282,50,618,0.5
F,+ (1|item:variant:judge:temp): splits eps/rho,0.7668113232832309,0.225858317422277,0.32412902113556796,1.209493625430894,TRUE,1.189895932142845,0.039791298118978295,0.09973095258772895,NA,50,618,0.5
A,"1 obs/item, naive SE",0.66784976299051,0.0786512363437171,0.5136933397568245,0.8220061862241955,FALSE,0.41436059230185235,NA,NA,NA,50,619,0.5
B,+ (1|variant): captures phi,0.9963605214092237,0.1236870623837095,0.753933879137153,1.2387871636812944,FALSE,0.6516241423773133,NA,NA,NA,50,619,0.5
C,+ (1|judge): captures lambda,0.5998796336952981,0.24645335608527374,0.11683105576816155,1.0829282116224346,TRUE,1.2983973723692273,NA,NA,NA,50,619,0.5
D,+ (1|temp): captures tau,0.30409808816466816,0.2347622246461421,-0.15603587214177034,0.7642320484711067,TRUE,1.2368046451217252,NA,NA,NA,50,619,0.5
E,+ interactions: lumps eps into residual,0.30409808816466816,0.22771341483671526,-0.14222020491529375,0.7504163812446301,TRUE,1.1996691957195935,NA,NA,0.21664662540126037,50,619,0.5
F,+ (1|item:variant:judge:temp): splits eps/rho,0.3040980881646681,0.22622795963087472,-0.13930871271184636,0.7475048890411826,TRUE,1.19184332892406,0.042383446986909504,0.09879508045225752,NA,50,619,0.5
A,"1 obs/item, naive SE",0.6482748717814789,0.07954406643126152,0.4923685015762063,0.8041812419867516,TRUE,0.41906431497803603,NA,NA,NA,50,620,0.5
B,+ (1|variant): captures phi,0.5935362181865418,0.10610759869520511,0.3855653247439398,0.8015071116291438,TRUE,0.5590097433552251,NA,NA,NA,50,620,0.5
C,+ (1|judge): captures lambda,0.8464031188174922,0.2222748451020413,0.41074442241749126,1.2820618152174932,TRUE,1.1710170208613853,NA,NA,NA,50,620,0.5
D,+ (1|temp): captures tau,0.6226564465257254,0.24038627870359613,0.15149934026667694,1.0938135527847739,TRUE,1.2664340124237237,NA,NA,NA,50,620,0.5
E,+ interactions: lumps eps into residual,0.6226564465257254,0.2360213711689779,0.1600545590345287,1.0852583340169222,TRUE,1.24343824331104,NA,NA,0.2117222122596725,50,620,0.5
F,+ (1|item:variant:judge:temp): splits eps/rho,0.6226564465257255,0.23456934017190859,0.16290053978878466,1.0824123532626664,TRUE,1.2357884662451473,0.03721039752523836,0.09887789924953731,NA,50,620,0.5
A,"1 obs/item, naive SE",0.5299743312474359,0.07626594257417599,0.38049308380205094,0.6794555786928208,TRUE,0.4017940798716898,NA,NA,NA,50,621,0.5
B,+ (1|variant): captures phi,0.32579949245175766,0.08777899391408857,0.15375266438014407,0.49784632052337124,FALSE,0.4624486225613916,NA,NA,NA,50,621,0.5
C,+ (1|judge): captures lambda,0.4786617963544757,0.1376137773731948,0.2089387927030139,0.7483848000059374,TRUE,0.7249946593599519,NA,NA,NA,50,621,0.5
D,+ (1|temp): captures tau,0.6177675968249208,0.1323067880453071,0.35844629225611885,0.8770889013937226,TRUE,0.6970356933796438,NA,NA,NA,50,621,0.5
E,+ interactions: lumps eps into residual,0.6177675968249208,0.10662148992484789,0.40878947657221887,0.8267457170776227,TRUE,0.5617170914427103,NA,NA,0.21654899645794287,50,621,0.5
F,+ (1|item:variant:judge:temp): splits eps/rho,0.6177675968249209,0.10343368488564053,0.4150375744490654,0.8204976192007764,TRUE,0.5449226855872668,0.04064235337368434,0.10126913101084298,NA,50,621,0.5
A,"1 obs/item, naive SE",0.330128024509122,0.08723972995510113,0.1591381537971238,0.5011178952211202,TRUE,0.4596076025871273,NA,NA,NA,50,622,0.5
B,+ (1|variant): captures phi,0.008712699993785766,0.17104683859907002,-0.32653910366039146,0.343964503647963,FALSE,0.9011310266444618,NA,NA,NA,50,622,0.5
C,+ (1|judge): captures lambda,0.3205641565280317,0.2020398443111399,-0.07543393832180245,0.7165622513778659,TRUE,1.064412378611332,NA,NA,NA,50,622,0.5
D,+ (1|temp): captures tau,0.31848509952966525,0.21933220813889404,-0.11140602842256703,0.7483762274818975,TRUE,1.1555142411002326,NA,NA,NA,50,622,0.5
E,+ interactions: lumps eps into residual,0.31848509952966525,0.2045282522882799,-0.08239027495536333,0.7193604740146938,TRUE,1.077522130615615,NA,NA,0.2163906036156799,50,622,0.5
F,+ (1|item:variant:judge:temp): splits eps/rho,0.3184850995296653,0.202807600680453,-0.07901779780402257,0.7159879968633531,TRUE,1.0684571717858709,0.037738397300424775,0.10045285199805751,NA,50,622,0.5
A,"1 obs/item, naive SE",0.7284018851915112,0.07150520053089117,0.5882516921509645,0.8685520782320578,FALSE,0.3767129243227674,NA,NA,NA,50,623,0.5
B,+ (1|variant): captures phi,0.7051075433399357,0.16222241661856482,0.38715160676754873,1.0230634799123228,TRUE,0.8546410680812648,NA,NA,NA,50,623,0.5
C,+ (1|judge): captures lambda,0.6903396890369691,0.12146784785154607,0.45226270724793877,0.9284166708259993,TRUE,0.6399325900160315,NA,NA,NA,50,623,0.5
D,+ (1|temp): captures tau,0.459140538014577,0.19348705023393703,0.07990591955606041,0.8383751564730936,TRUE,1.0193534452186257,NA,NA,NA,50,623,0.5
E,+ interactions: lumps eps into residual,0.459140538014577,0.18219954280084957,0.10202943412491183,0.8162516419042422,TRUE,0.959887142042588,NA,NA,0.21948629108553688,50,623,0.5
F,+ (1|item:variant:judge:temp): splits eps/rho,0.45914053801457705,0.18027321944969257,0.10580502789317964,0.8124760481359745,TRUE,0.9497386367951677,0.04160160458721038,0.10082728566263745,NA,50,623,0.5
A,"1 obs/item, naive SE",0.4477334744700302,0.09319110786138873,0.2650789030617083,0.6303880458783522,TRUE,0.4909614196267559,NA,NA,NA,50,624,0.5
B,+ (1|variant): captures phi,0.42727003522126394,0.10271279946035083,0.2259529482789763,0.6285871221635516,TRUE,0.5411248239681636,NA,NA,NA,50,624,0.5
C,+ (1|judge): captures lambda,0.6900289524512623,0.22053771468821065,0.2577750316623694,1.122282873240155,TRUE,1.1618652462594603,NA,NA,NA,50,624,0.5
D,+ (1|temp): captures tau,0.5846824385437182,0.17107164112845455,0.24938202193194725,0.919982855155489,TRUE,0.9012616945302334,NA,NA,NA,50,624,0.5
E,+ interactions: lumps eps into residual,0.5846824385437182,0.15567712033039374,0.27955528269614643,0.8898095943912898,TRUE,0.8201582935841754,NA,NA,0.22186852727322695,50,624,0.5
F,+ (1|item:variant:judge:temp): splits eps/rho,0.5846824385437183,0.1533039759596144,0.28420664566287407,0.8851582314245625,TRUE,0.8076557881843033,0.04067130312485428,0.1012481080740409,NA,50,624,0.5
A,"1 obs/item, naive SE",0.6369932649830417,0.10086074753177293,0.4393061998207667,0.8346803301453166,TRUE,0.5313676050130083,NA,NA,NA,50,625,0.5
B,+ (1|variant): captures phi,0.6872394584413143,0.12153291786255926,0.44903493943069817,0.9254439774519304,TRUE,0.6402754002445534,NA,NA,NA,50,625,0.5
C,+ (1|judge): captures lambda,0.5316817083256418,0.13966661248447867,0.2579351478560636,0.8054282687952199,TRUE,0.7358096701868932,NA,NA,NA,50,625,0.5
D,+ (1|temp): captures tau,0.5281199085570533,0.2455141360895833,0.04691220182146999,1.0093276152926365,TRUE,1.2934492523928893,NA,NA,NA,50,625,0.5
E,+ interactions: lumps eps into residual,0.5281199085570533,0.23283016907971876,0.07177277716080449,0.984467039953302,TRUE,1.2266259406781654,NA,NA,0.20983985536439462,50,625,0.5
F,+ (1|item:variant:judge:temp): splits eps/rho,0.5281199085570533,0.23150256098471522,0.07437488902701145,0.981864928087095,TRUE,1.219631664400214,0.039686632331486976,0.10166163820216242,NA,50,625,0.5
A,"1 obs/item, naive SE",0.10099214631742735,0.06940311310193084,-0.035037955362357084,0.23702224799721178,FALSE,0.36563843608042385,NA,NA,NA,50,626,0.5
B,+ (1|variant): captures phi,0.05460588697203233,0.17513390457660388,-0.2886565659981113,0.39786833994217596,FALSE,0.922663035014003,NA,NA,NA,50,626,0.5
C,+ (1|judge): captures lambda,0.1815465256719804,0.13334535201102476,-0.07981036426962815,0.4429034156135889,FALSE,0.7025071900780235,NA,NA,NA,50,626,0.5
D,+ (1|temp): captures tau,0.39826799184025635,0.16669788542340572,0.07154013641038115,0.7249958472701316,TRUE,0.8782193103443373,NA,NA,NA,50,626,0.5
E,+ interactions: lumps eps into residual,0.39826799184025635,0.15317761465744215,0.09803986711166973,0.698496116568843,TRUE,0.8069900752667936,NA,NA,0.21895413122175397,50,626,0.5
F,+ (1|item:variant:judge:temp): splits eps/rho,0.3982679918402563,0.15079323759178734,0.1027132461603531,0.6938227375201595,TRUE,0.7944283923343344,0.040922570617653246,0.10109224667921755,NA,50,626,0.5
A,"1 obs/item, naive SE",0.27032743460803593,0.08367598492574375,0.10632250415357819,0.4343323650624937,FALSE,0.44083262116504235,NA,NA,NA,50,627,0.5
B,+ (1|variant): captures phi,0.4924144575264974,0.14914540247358526,0.20008946867827027,0.7847394463747245,TRUE,0.7857470547313236,NA,NA,NA,50,627,0.5
C,+ (1|judge): captures lambda,0.16472291942359604,0.21348806872985557,-0.2537136952869209,0.5831595341341129,TRUE,1.1247253917496498,NA,NA,NA,50,627,0.5
D,+ (1|temp): captures tau,0.3170331529856583,0.24287257505533336,-0.15899709412279506,0.7930634000941117,TRUE,1.27953263969058,NA,NA,NA,50,627,0.5
E,+ interactions: lumps eps into residual,0.3170331529856583,0.23343456165392096,-0.14049858785602676,0.7745648938273434,TRUE,1.2298100796271683,NA,NA,0.2135090654771205,50,627,0.5
F,+ (1|item:variant:judge:temp): splits eps/rho,0.3170331529856585,0.2319971217895652,-0.1376812057218893,0.7717475116932062,TRUE,1.222237173449447,0.036496641717853294,0.0996121640869228,NA,50,627,0.5
A,"1 obs/item, naive SE",0.31838463135616923,0.07856592259257973,0.16439542307471297,0.47237383963762547,FALSE,0.4139111313893972,NA,NA,NA,50,628,0.5
B,+ (1|variant): captures phi,0.15443670284725894,0.13193265373621366,-0.10415129847571983,0.41302470417023773,FALSE,0.695064630734946,NA,NA,NA,50,628,0.5
C,+ (1|judge): captures lambda,0.2597783621952186,0.18718997892613967,-0.10711399650001513,0.6266707208904523,TRUE,0.9861784015935886,NA,NA,NA,50,628,0.5
D,+ (1|temp): captures tau,0.24795930529672297,0.22725849158327177,-0.19746733820648968,0.6933859487999356,TRUE,1.1972725103334292,NA,NA,NA,50,628,0.5
E,+ interactions: lumps eps into residual,0.24795930529672297,0.2120753107139294,-0.16770830370257864,0.6636269142960246,TRUE,1.117282517670721,NA,NA,0.21933884599742273,50,628,0.5
F,+ (1|item:variant:judge:temp): splits eps/rho,0.24795930529672294,0.21098747886128927,-0.16557615327140401,0.6614947638648498,TRUE,1.1115514615330282,0.039255050481124217,0.09827107322311174,NA,50,628,0.5
A,"1 obs/item, naive SE",0.30239265693823775,0.08507554320477062,0.13564459225688733,0.4691407216195882,FALSE,0.44820595468677105,NA,NA,NA,50,629,0.5
B,+ (1|variant): captures phi,0.1299284347456455,0.17104298318823685,-0.20531581230329873,0.4651726817945897,FALSE,0.9011107150716161,NA,NA,NA,50,629,0.5
C,+ (1|judge): captures lambda,0.4182006183802255,0.17807648476827914,0.06917070823439836,0.7672305285260526,TRUE,0.9381655156843614,NA,NA,NA,50,629,0.5
D,+ (1|temp): captures tau,0.6225535742823627,0.19626801970962043,0.23786825565150665,1.0072388929132188,TRUE,1.0340045074610769,NA,NA,NA,50,629,0.5
E,+ interactions: lumps eps into residual,0.6225535742823627,0.17800320578754797,0.2736672909387687,0.9714398576259566,TRUE,0.9377794579023024,NA,NA,0.2135582618630586,50,629,0.5
F,+ (1|item:variant:judge:temp): splits eps/rho,0.6225535742823627,0.1762461184440458,0.2771111821320329,0.9679959664326925,TRUE,0.9285225436282804,0.041197573069814336,0.10323608707283655,NA,50,629,0.5
A,"1 obs/item, naive SE",0.16328376545260537,0.08689495150921421,-0.00703033950545448,0.33359787041066524,FALSE,0.4577911962889951,NA,NA,NA,50,630,0.5
B,+ (1|variant): captures phi,0.1484357451384644,0.0840374637127004,-0.016277683738428417,0.3131491740153572,FALSE,0.44273701035497626,NA,NA,NA,50,630,0.5
C,+ (1|judge): captures lambda,0.323425386290959,0.12754026817262912,0.07344646067260596,0.5734043119093121,TRUE,0.671924098324353,NA,NA,NA,50,630,0.5
D,+ (1|temp): captures tau,0.38028534554039367,0.1276531111376792,0.13008524771054247,0.6304854433702449,TRUE,0.6725185921938569,NA,NA,NA,50,630,0.5
E,+ interactions: lumps eps into residual,0.38028534554039367,0.12264672071079094,0.13989777294724343,0.620672918133544,TRUE,0.6461432801324661,NA,NA,0.2092095214696356,50,630,0.5
F,+ (1|item:variant:judge:temp): splits eps/rho,0.38028534554039356,0.12191756596635324,0.14132691624634122,0.6192437748344459,TRUE,0.6423018530191713,0.040871760358483944,0.09759751077527948,NA,50,630,0.5
A,"1 obs/item, naive SE",0.8121332379553542,0.0837681890361908,0.6479475874444203,0.9763188884662881,FALSE,0.4413183827575307,NA,NA,NA,50,631,0.5
B,+ (1|variant): captures phi,0.9395617602986631,0.1127422686799847,0.7185869136858931,1.1605366069114331,FALSE,0.5939633678933879,NA,NA,NA,50,631,0.5
C,+ (1|judge): captures lambda,0.7229788146673389,0.1827552096489367,0.364778603755423,1.0811790255792548,TRUE,0.9628145778338026,NA,NA,NA,50,631,0.5
D,+ (1|temp): captures tau,0.5327644117500788,0.21860846699133138,0.10429181644706931,0.9612370070530883,TRUE,1.1517013345965543,NA,NA,NA,50,631,0.5
E,+ interactions: lumps eps into residual,0.5327644117500788,0.2071981882454931,0.12665596278891234,0.9388728607112453,TRUE,1.091588231748522,NA,NA,0.21135473888643416,50,631,0.5
F,+ (1|item:variant:judge:temp): splits eps/rho,0.5327644117500787,0.20563822476196636,0.12971349121662468,0.9358153322835328,TRUE,1.083369830830085,0.04068954756404711,0.09862437354526203,NA,50,631,0.5
A,"1 obs/item, naive SE",1.153405464122616,0.06742520778101715,1.0212520568718224,1.2855588713734094,FALSE,0.3552181800438987,NA,NA,NA,50,632,0.5
B,+ (1|variant): captures phi,0.9501084982141599,0.14202277546997183,0.6717438582930151,1.2284731381353047,FALSE,0.7482227120615571,NA,NA,NA,50,632,0.5
C,+ (1|judge): captures lambda,0.5227383233533884,0.24847755811356478,0.03572230945080146,1.0097543372559754,TRUE,1.309061534693591,NA,NA,NA,50,632,0.5
D,+ (1|temp): captures tau,0.7122851781091339,0.21850527387121377,0.28401484132155497,1.1405555148967128,TRUE,1.15115767928532,NA,NA,NA,50,632,0.5
E,+ interactions: lumps eps into residual,0.7122851781091339,0.2056320661084014,0.3092463285366672,1.1153240276816008,TRUE,1.0833373850166739,NA,NA,0.21734388717347428,50,632,0.5
F,+ (1|item:variant:judge:temp): splits eps/rho,0.7122851781091338,0.20388808581770226,0.3126645299064374,1.1119058263118302,TRUE,1.0741495230095361,0.039208801190211105,0.10002165560243413,NA,50,632,0.5
A,"1 obs/item, naive SE",0.22188070565272436,0.0889794569500341,0.047480970030657516,0.39628044127479123,FALSE,0.4687730568326732,NA,NA,NA,50,633,0.5
B,+ (1|variant): captures phi,0.24428097443301758,0.1075775956487205,0.03342888696152538,0.45513306190450975,FALSE,0.5667541709911578,NA,NA,NA,50,633,0.5
C,+ (1|judge): captures lambda,0.3813671703957924,0.12482747277283303,0.13670532376103964,0.6260290170305451,TRUE,0.6576321995455355,NA,NA,NA,50,633,0.5
D,+ (1|temp): captures tau,0.4166075705613236,0.10517989248729939,0.21045498128621679,0.6227601598364304,TRUE,0.5541222818014102,NA,NA,NA,50,633,0.5
E,+ interactions: lumps eps into residual,0.4166075705613236,0.09710435425094546,0.2262830362294705,0.6069321048931766,TRUE,0.5115776892135891,NA,NA,0.22309952144482412,50,633,0.5
F,+ (1|item:variant:judge:temp): splits eps/rho,0.41660757056132375,0.09463400982079569,0.2311249113125642,0.6020902298100833,TRUE,0.4985631019184435,0.03830662252972074,0.10143680340064945,NA,50,633,0.5
A,"1 obs/item, naive SE",1.0265179586343722,0.07995589962230895,0.8698043953746467,1.1832315218940979,FALSE,0.42123398773723103,NA,NA,NA,50,634,0.5
B,+ (1|variant): captures phi,0.7453293354940262,0.12092822323808049,0.5083100179473885,0.982348653040664,FALSE,0.6370896699953075,NA,NA,NA,50,634,0.5
C,+ (1|judge): captures lambda,0.6027552230719156,0.11761940521351447,0.3722211888534273,0.833289257290404,TRUE,0.6196577279151275,NA,NA,NA,50,634,0.5
D,+ (1|temp): captures tau,0.5549594148077617,0.1316718130050263,0.29688266131791013,0.8130361682976133,TRUE,0.6936904359365463,NA,NA,NA,50,634,0.5
E,+ interactions: lumps eps into residual,0.5549594148077617,0.12820255175820755,0.3036824133616749,0.8062364162538485,TRUE,0.6754132261696267,NA,NA,0.22099951479287963,50,634,0.5
F,+ (1|item:variant:judge:temp): splits eps/rho,0.5549594148077616,0.126277294497489,0.3074559175926831,0.80246291202284,TRUE,0.6652703374374205,0.039138160210360096,0.1024816897709442,NA,50,634,0.5
A,"1 obs/item, naive SE",0.8790704984168773,0.08890730435417292,0.7048121818826985,1.0533288149510562,FALSE,0.46839293321673275,NA,NA,NA,50,635,0.5
B,+ (1|variant): captures phi,0.8937761111567659,0.15447278579228702,0.5910094510038834,1.1965427713096486,FALSE,0.8138134629656374,NA,NA,NA,50,635,0.5
C,+ (1|judge): captures lambda,0.8402893616207594,0.24315142056223044,0.36371257731878776,1.316866145922731,TRUE,1.2810016895716734,NA,NA,NA,50,635,0.5
D,+ (1|temp): captures tau,0.6341269507914491,0.24824704367613212,0.14756274518623014,1.120691156396668,TRUE,1.3078471087891932,NA,NA,NA,50,635,0.5
E,+ interactions: lumps eps into residual,0.6341269507914491,0.23620357709361375,0.17116793968796612,1.097085961894932,TRUE,1.2443981640746893,NA,NA,0.22328985089831294,50,635,0.5
F,+ (1|item:variant:judge:temp): splits eps/rho,0.6341269507914491,0.23466881112569288,0.17417608098509108,1.094077820597807,TRUE,1.2363125119594036,0.04278115768733045,0.1003870202108237,NA,50,635,0.5
A,"1 obs/item, naive SE",0.329038207718778,0.08477253409067313,0.16288404090105868,0.49519237453649734,FALSE,0.44660960297220165,NA,NA,NA,50,636,0.5
B,+ (1|variant): captures phi,0.1377485319779876,0.13798510996764013,-0.13270228355858704,0.4081993475145622,FALSE,0.7269509616500129,NA,NA,NA,50,636,0.5
C,+ (1|judge): captures lambda,0.27377962096232766,0.21486119541265952,-0.14734832204648501,0.6949075639711404,TRUE,1.1319594749254775,NA,NA,NA,50,636,0.5
D,+ (1|temp): captures tau,0.6087201673874297,0.27185226738061685,0.07588972332142074,1.1415506114534386,TRUE,1.4322071942793095,NA,NA,NA,50,636,0.5
E,+ interactions: lumps eps into residual,0.6087201673874297,0.2605575173947429,0.09802743329373365,1.1194129014811258,TRUE,1.372702734952118,NA,NA,0.20661085896568301,50,636,0.5
F,+ (1|item:variant:judge:temp): splits eps/rho,0.6087201673874301,0.259373064533678,0.1003489609014212,1.117091373873439,TRUE,1.3664626475500627,0.04152241039455172,0.09758392804347818,NA,50,636,0.5
A,"1 obs/item, naive SE",0.8686493045691687,0.06710337989912193,0.7371266799668896,1.0001719291714477,FALSE,0.35352268486848176,NA,NA,NA,50,637,0.5
B,+ (1|variant): captures phi,0.7446100034644931,0.15975776700210198,0.4314847801403733,1.0577352267886129,TRUE,0.8416564829384319,NA,NA,NA,50,637,0.5
C,+ (1|judge): captures lambda,0.4530622452104952,0.2229355697862593,0.01610852842942695,0.8900159619915635,TRUE,1.1744979359013548,NA,NA,NA,50,637,0.5
D,+ (1|temp): captures tau,0.48640541835924966,0.1945513676958937,0.10508473767529802,0.8677260990432013,TRUE,1.0249606198090706,NA,NA,NA,50,637,0.5
E,+ interactions: lumps eps into residual,0.48640541835924966,0.17791158547655295,0.1376987108252059,0.8351121258932934,TRUE,0.9372967719574196,NA,NA,0.2179098716329447,50,637,0.5
F,+ (1|item:variant:judge:temp): splits eps/rho,0.48640541835924966,0.17599349846744217,0.14145816136306305,0.8313526753554363,TRUE,0.927191658469968,0.041557665072909276,0.10127561348386462,NA,50,637,0.5
A,"1 obs/item, naive SE",0.7956687023341815,0.08543276164992927,0.6282204895003202,0.9631169151680429,FALSE,0.45008789899429885,NA,NA,NA,50,638,0.5
B,+ (1|variant): captures phi,0.5500393937263515,0.1310603073764925,0.2931611912684262,0.8069175961842767,TRUE,0.6904688230768594,NA,NA,NA,50,638,0.5
C,+ (1|judge): captures lambda,0.5937887483302118,0.18506660019848048,0.23105821194119003,0.9565192847192335,TRUE,0.9749917437840537,NA,NA,NA,50,638,0.5
D,+ (1|temp): captures tau,0.5564317660748953,0.20293611994377822,0.15867697098508998,0.9541865611647007,TRUE,1.0691342535527855,NA,NA,NA,50,638,0.5
E,+ interactions: lumps eps into residual,0.5564317660748953,0.18887221424436043,0.18624222615594888,0.9266213059938417,TRUE,0.9950409707692699,NA,NA,0.22179674092879495,50,638,0.5
F,+ (1|item:variant:judge:temp): splits eps/rho,0.5564317660748953,0.18702463408788236,0.1898634832626459,0.9230000488871447,TRUE,0.9853073105809191,0.044780049810219213,0.10043662905609096,NA,50,638,0.5
A,"1 obs/item, naive SE",-0.3092554556971979,0.07965658350945035,-0.4653823593757206,-0.15312855201867526,FALSE,0.41965709196832574,NA,NA,NA,50,639,0.5
B,+ (1|variant): captures phi,0.1435095344752748,0.17732586232948475,-0.2040491556905153,0.4910682246410649,FALSE,0.9342109896935089,NA,NA,NA,50,639,0.5
C,+ (1|judge): captures lambda,0.2013809674769457,0.17022129775284386,-0.13225277611862826,0.5350147110725196,TRUE,0.8967818058322582,NA,NA,NA,50,639,0.5
D,+ (1|temp): captures tau,0.41603301902583656,0.18094345552990151,0.061383846187229585,0.7706821918644435,TRUE,0.9532696609988277,NA,NA,NA,50,639,0.5
E,+ interactions: lumps eps into residual,0.41603301902583656,0.17281419149609104,0.07731720369349815,0.754748834358175,TRUE,0.9104420232321782,NA,NA,0.208687742136877,50,639,0.5
F,+ (1|item:variant:judge:temp): splits eps/rho,0.4160330190258365,0.17097195048580371,0.08092799607366125,0.7511380419780118,TRUE,0.9007364914227421,0.037234322721259205,0.10084415346643595,NA,50,639,0.5
A,"1 obs/item, naive SE",1.25807153583935,0.07416221791648585,1.1127135887230377,1.4034294829556622,FALSE,0.3907109661696872,NA,NA,NA,50,640,0.5
B,+ (1|variant): captures phi,0.8906779077513268,0.13630052329762174,0.6235288820879883,1.1578269334146654,FALSE,0.7180760047793777,NA,NA,NA,50,640,0.5
C,+ (1|judge): captures lambda,0.5446981273384353,0.22311529836055552,0.10739214255174645,0.9820041121251241,TRUE,1.1754448051682724,NA,NA,NA,50,640,0.5
D,+ (1|temp): captures tau,0.542242172724683,0.18695286533675334,0.17581455666464646,0.9086697887847195,TRUE,0.9849292091853273,NA,NA,NA,50,640,0.5
E,+ interactions: lumps eps into residual,0.542242172724683,0.1712140340492499,0.2066626659881532,0.8778216794612128,TRUE,0.9020118672896609,NA,NA,0.21640864869694587,50,640,0.5
F,+ (1|item:variant:judge:temp): splits eps/rho,0.5422421727246831,0.16917880406214528,0.21065171676287836,0.8738326286864879,TRUE,0.8912896060496501,0.04057091514107107,0.10078610235612559,NA,50,640,0.5
A,"1 obs/item, naive SE",0.5586569673917343,0.07528554988690007,0.4110972896134102,0.7062166451700584,TRUE,0.3966290486087006,NA,NA,NA,50,641,0.5
B,+ (1|variant): captures phi,0.6643619959063505,0.1001548467568104,0.4680584962630021,0.8606654955496988,TRUE,0.5276486874623475,NA,NA,NA,50,641,0.5
C,+ (1|judge): captures lambda,0.8569979530162996,0.1712716997431089,0.5213054215198061,1.192690484512793,FALSE,0.902315669139113,NA,NA,NA,50,641,0.5
D,+ (1|temp): captures tau,0.7677098321034053,0.15864610472505225,0.45676346684230285,1.0786561973645077,TRUE,0.8357998802838348,NA,NA,NA,50,641,0.5
E,+ interactions: lumps eps into residual,0.7677098321034053,0.15187879853332523,0.4700273869780878,1.0653922772287228,TRUE,0.8001474845651246,NA,NA,0.21080074831585752,50,641,0.5
F,+ (1|item:variant:judge:temp): splits eps/rho,0.7677098321034053,0.15013131065471022,0.47345246322017326,1.0619672009866372,TRUE,0.7909411434307164,0.03955973435825652,0.09892870874073313,NA,50,641,0.5
A,"1 obs/item, naive SE",0.8950956492255037,0.08773082211527523,0.7231432378795642,1.0670480605714432,FALSE,0.46219483767489206,NA,NA,NA,50,642,0.5
B,+ (1|variant): captures phi,0.5691464854253248,0.14438508533257913,0.2861517181734697,0.8521412526771799,TRUE,0.7606681377074143,NA,NA,NA,50,642,0.5
C,+ (1|judge): captures lambda,0.8729886314604677,0.20220176119393118,0.4766731795203626,1.2693040834005727,TRUE,1.065265410026679,NA,NA,NA,50,642,0.5
D,+ (1|temp): captures tau,0.5693549607634453,0.22993285475867256,0.11868656543644707,1.0200233560904435,TRUE,1.211361935508471,NA,NA,NA,50,642,0.5
E,+ interactions: lumps eps into residual,0.5693549607634453,0.2171895471344011,0.1436634483800191,0.9950464731468714,TRUE,1.1442259979117364,NA,NA,0.20870587043461872,50,642,0.5
F,+ (1|item:variant:judge:temp): splits eps/rho,0.569354960763445,0.2157381430876168,0.14650820031171613,0.9922017212151739,TRUE,1.1365795238262353,0.03655869148962717,0.10137312052591503,NA,50,642,0.5
A,"1 obs/item, naive SE",0.5024496797223648,0.10898785443944085,0.28883348502106065,0.7160658744236689,TRUE,0.5741838783293624,NA,NA,NA,50,643,0.5
B,+ (1|variant): captures phi,0.6403197814667331,0.09582500831765708,0.4525027651641252,0.828136797769341,TRUE,0.5048376738836371,NA,NA,NA,50,643,0.5
C,+ (1|judge): captures lambda,0.5061084674224896,0.2050404198498614,0.10422924451676124,0.907987690328218,TRUE,1.0802203978526013,NA,NA,NA,50,643,0.5
D,+ (1|temp): captures tau,0.3012334872350514,0.18879971322424066,-0.06881395068446028,0.6712809251545631,TRUE,0.9946590115396905,NA,NA,NA,50,643,0.5
E,+ interactions: lumps eps into residual,0.3012334872350514,0.18023090236415376,-0.05201908139868999,0.6544860558687928,TRUE,0.9495156964646213,NA,NA,0.21655123149801545,50,643,0.5
F,+ (1|item:variant:judge:temp): splits eps/rho,0.30123348723505133,0.1788276321123631,-0.049268671705180345,0.651735646175283,TRUE,0.942122807048993,0.04218142404066962,0.1012554386333183,NA,50,643,0.5
A,"1 obs/item, naive SE",0.9968867115558497,0.08874125912996482,0.8229538436611187,1.1708195794505807,FALSE,0.467518152340421,NA,NA,NA,50,644,0.5
B,+ (1|variant): captures phi,1.125691301738904,0.12275083070810643,0.8850996735510155,1.3662829299267927,FALSE,0.6466917658544663,NA,NA,NA,50,644,0.5
C,+ (1|judge): captures lambda,0.853853324872432,0.18184472044526845,0.4974376727997059,1.2102689769451582,TRUE,0.958017821123359,NA,NA,NA,50,644,0.5
D,+ (1|temp): captures tau,0.7021520846231392,0.2067688874981076,0.29688506512684826,1.1074191041194301,TRUE,1.0893265341550484,NA,NA,NA,50,644,0.5
E,+ interactions: lumps eps into residual,0.7021520846231392,0.19685112723455186,0.31632387524341754,1.0879802940028607,TRUE,1.037076509766932,NA,NA,0.20705000762389925,50,644,0.5
F,+ (1|item:variant:judge:temp): splits eps/rho,0.702152084623139,0.19533904354087578,0.31928755928302255,1.0850166099632554,TRUE,1.0291103553356973,0.03843792851305773,0.10112457306240438,NA,50,644,0.5
A,"1 obs/item, naive SE",0.6260879108612771,0.0924917280488321,0.4448041238855662,0.807371697836988,TRUE,0.48727685665169373,NA,NA,NA,50,645,0.5
B,+ (1|variant): captures phi,0.5618594684772823,0.1774337768816561,0.21408926578923637,0.9096296711653282,TRUE,0.9347795190623328,NA,NA,NA,50,645,0.5
C,+ (1|judge): captures lambda,0.45531359969648594,0.12822928435079978,0.2039842023689184,0.7066429970240535,TRUE,0.6755540622634406,NA,NA,NA,50,645,0.5
D,+ (1|temp): captures tau,0.6010725270823598,0.21591308866672224,0.17788287329558422,1.0242621808691355,TRUE,1.137501194700701,NA,NA,NA,50,645,0.5
E,+ interactions: lumps eps into residual,0.6010725270823598,0.20353251495425165,0.2021487977720266,0.999996256392693,TRUE,1.0722762587045631,NA,NA,0.21671019961667076,50,645,0.5
F,+ (1|item:variant:judge:temp): splits eps/rho,0.6010725270823598,0.20186896802084364,0.20540934976150627,0.9967357044032134,TRUE,1.0635121460892636,0.03948982307050858,0.10048930084668652,NA,50,645,0.5
A,"1 obs/item, naive SE",0.17708024689925858,0.08775964835361595,0.005071336126171305,0.34908915767234583,FALSE,0.46234670378339787,NA,NA,NA,50,646,0.5
B,+ (1|variant): captures phi,0.23483946631610558,0.06449047102663708,0.1084381431038969,0.3612407895283143,FALSE,0.3397570211820001,NA,NA,NA,50,646,0.5
C,+ (1|judge): captures lambda,0.16927409704924765,0.0744604791415684,0.023331557931773578,0.3152166361667217,FALSE,0.39228230444269013,NA,NA,NA,50,646,0.5
D,+ (1|temp): captures tau,0.5930573389710844,0.22002161452210364,0.16181497450776122,1.0242997034344075,TRUE,1.1591462607678578,NA,NA,NA,50,646,0.5
E,+ interactions: lumps eps into residual,0.5930573389710844,0.21801851055330776,0.16574105828660118,1.0203736196555675,TRUE,1.1485932499629772,NA,NA,0.2131505999038391,50,646,0.5
F,+ (1|item:variant:judge:temp): splits eps/rho,0.5930573389710844,0.21706086894138987,0.16761803584596024,1.0184966420962085,TRUE,1.1435480788509418,0.040732890709533384,0.10012542128627272,NA,50,646,0.5
A,"1 obs/item, naive SE",0.12860822268584055,0.0754162666571592,-0.01920765996219148,0.27642410533387257,FALSE,0.3973177075652064,NA,NA,NA,50,647,0.5
B,+ (1|variant): captures phi,0.20580735061985822,0.054691399576995654,0.09861220744894673,0.3130024937907697,FALSE,0.28813228851871064,NA,NA,NA,50,647,0.5
C,+ (1|judge): captures lambda,0.379557276640181,0.10767082089901174,0.16852246767811802,0.590592085602244,TRUE,0.5672453122843392,NA,NA,NA,50,647,0.5
D,+ (1|temp): captures tau,0.44462382192468647,0.12275535000619328,0.20402333591254765,0.6852243079368253,TRUE,0.6467155750038085,NA,NA,NA,50,647,0.5
E,+ interactions: lumps eps into residual,0.44462382192468647,0.10283916548486957,0.24305905757434212,0.6461885862750308,TRUE,0.5417905617645485,NA,NA,0.2102497119148885,50,647,0.5
F,+ (1|item:variant:judge:temp): splits eps/rho,0.44462382192468647,0.09981592886948155,0.24898460134050263,0.6402630425088703,TRUE,0.5258631565150456,0.041904571364877005,0.10057106244172284,NA,50,647,0.5
A,"1 obs/item, naive SE",0.28012954625423764,0.0751672430557445,0.13280174986497842,0.4274573426434969,FALSE,0.39600576929473347,NA,NA,NA,50,648,0.5
B,+ (1|variant): captures phi,0.5226991492092755,0.16624298086812977,0.19686290670774115,0.8485353917108098,TRUE,0.8758227234662722,NA,NA,NA,50,648,0.5
C,+ (1|judge): captures lambda,0.33083870973771146,0.2462154949453023,-0.15174366035508102,0.8134210798305039,TRUE,1.297144241618511,NA,NA,NA,50,648,0.5
D,+ (1|temp): captures tau,0.38534219737336867,0.2060705865129354,-0.0185561521919847,0.789240546938722,TRUE,1.0856476547976226,NA,NA,NA,50,648,0.5
E,+ interactions: lumps eps into residual,0.38534219737336867,0.19682745302637553,-4.396105583273635e-4,0.7711240053050648,TRUE,1.0369517862485458,NA,NA,0.21790265699459732,50,648,0.5
F,+ (1|item:variant:judge:temp): splits eps/rho,0.38534219737336867,0.19506634284390803,0.0030121653993089303,0.7676722293474284,TRUE,1.0276736783351874,0.041763330969478527,0.1005356647062688,NA,50,648,0.5
A,"1 obs/item, naive SE",-0.16018505587215529,0.07269171440006525,-0.30266081609628315,-0.017709295648027396,FALSE,0.38296386979369146,NA,NA,NA,50,649,0.5
B,+ (1|variant): captures phi,0.18389575643441686,0.12967674919803304,-0.07027067199372788,0.4380621848625616,FALSE,0.6831797833495605,NA,NA,NA,50,649,0.5
C,+ (1|judge): captures lambda,0.2560525913171039,0.1549391277035486,-0.04762809898185133,0.5597332816160592,TRUE,0.8162703055983592,NA,NA,NA,50,649,0.5
D,+ (1|temp): captures tau,0.5136031237279637,0.21598318949286846,0.09027607232194151,0.9369301751339858,TRUE,1.1378705089186727,NA,NA,NA,50,649,0.5
E,+ interactions: lumps eps into residual,0.5136031237279637,0.20612861694023787,0.10959103452509744,0.9176152129308299,TRUE,1.085953378182866,NA,NA,0.2112045082545,50,649,0.5
F,+ (1|item:variant:judge:temp): splits eps/rho,0.5136031237279637,0.2046909345566595,0.11240889199691112,0.9147973554590163,TRUE,1.0783791943340821,0.042026099200393734,0.10155215803356558,NA,50,649,0.5
A,"1 obs/item, naive SE",0.5495461310074504,0.09130058284093176,0.3705969886392242,0.7284952733756767,TRUE,0.4810015117644734,NA,NA,NA,50,650,0.5
B,+ (1|variant): captures phi,0.7034760101688138,0.1190639394327406,0.4701106888806422,0.9368413314569853,TRUE,0.6272680094886179,NA,NA,NA,50,650,0.5
C,+ (1|judge): captures lambda,0.39099096934099425,0.2641837638683661,-0.1268092078410033,0.9087911465229919,TRUE,1.3918069945479437,NA,NA,NA,50,650,0.5
D,+ (1|temp): captures tau,0.5013908402993873,0.2458944191401739,0.019437778784646476,0.9833439018141281,TRUE,1.2954527086309635,NA,NA,NA,50,650,0.5
E,+ interactions: lumps eps into residual,0.5013908402993873,0.23770862972138748,0.03548192604546785,0.9672997545533067,TRUE,1.2523272765372628,NA,NA,0.206868446505098,50,650,0.5
F,+ (1|item:variant:judge:temp): splits eps/rho,0.5013908402993873,0.23641678520987702,0.03801394128802832,0.9647677393107463,TRUE,1.24552141458473,0.038495545536310134,0.09901549904163703,NA,50,650,0.5
A,"1 obs/item, naive SE",0.7977126295276409,0.08974673826842364,0.6218090225215306,0.9736162365337512,FALSE,0.4728153472826367,NA,NA,NA,50,651,0.5
B,+ (1|variant): captures phi,0.7288877423748257,0.0801723359813113,0.5717499638514556,0.8860255208981958,FALSE,0.4223742456922356,NA,NA,NA,50,651,0.5
C,+ (1|judge): captures lambda,0.6307081109980803,0.10002789405550548,0.4346534386492896,0.826762783346871,TRUE,0.5269798588596141,NA,NA,NA,50,651,0.5
D,+ (1|temp): captures tau,0.5811105471886706,0.15795276501390942,0.27152312776140813,0.8906979666159331,TRUE,0.8321471385504433,NA,NA,NA,50,651,0.5
E,+ interactions: lumps eps into residual,0.5811105471886706,0.15499541897057661,0.27731952600634047,0.8849015683710008,TRUE,0.8165668665150271,NA,NA,0.22228919908278372,50,651,0.5
F,+ (1|item:variant:judge:temp): splits eps/rho,0.5811105471886706,0.1541942868226815,0.2788897450162149,0.8833313493611263,TRUE,0.8123462387570198,0.04210459637401956,0.09960244273515874,NA,50,651,0.5
A,"1 obs/item, naive SE",0.7580751785569529,0.08129118633737649,0.598744453335695,0.9174059037782109,FALSE,0.42826871751223705,NA,NA,NA,50,652,0.5
B,+ (1|variant): captures phi,0.872887564885221,0.15166277150228522,0.575628532740742,1.1701465970297,FALSE,0.7990093830845101,NA,NA,NA,50,652,0.5
C,+ (1|judge): captures lambda,0.7512120126467611,0.22595633203559107,0.3083376018570026,1.1940864234365196,TRUE,1.1904123053763132,NA,NA,NA,50,652,0.5
D,+ (1|temp): captures tau,0.45070600407204786,0.2185940757363206,0.022261615628859532,0.8791503925152362,TRUE,1.1516255167298883,NA,NA,NA,50,652,0.5
E,+ interactions: lumps eps into residual,0.45070600407204786,0.2113612519207928,0.036437950307293965,0.8649740578368017,TRUE,1.1135206209960218,NA,NA,0.22679784549629994,50,652,0.5
F,+ (1|item:variant:judge:temp): splits eps/rho,0.4507060040720479,0.2094874801878386,0.04011054290388427,0.8613014652402116,TRUE,1.1036489749647715,0.041443706687590606,0.10009502899565664,NA,50,652,0.5
A,"1 obs/item, naive SE",0.21389809631737264,0.07969767866852635,0.057690646127060985,0.3701055465076843,FALSE,0.41987359478820585,NA,NA,NA,50,653,0.5
B,+ (1|variant): captures phi,0.2583549963542804,0.10186316878183233,0.058703185541889025,0.45800680716667175,FALSE,0.5366486899929744,NA,NA,NA,50,653,0.5
C,+ (1|judge): captures lambda,0.4403004214476061,0.1464481729941339,0.1532620023791037,0.7273388405161085,TRUE,0.771537162342661,NA,NA,NA,50,653,0.5
D,+ (1|temp): captures tau,0.4819877174804908,0.1579699180882554,0.1723666780275102,0.7916087569334713,TRUE,0.8322375065901105,NA,NA,NA,50,653,0.5
E,+ interactions: lumps eps into residual,0.4819877174804908,0.13703465594646638,0.21339979182541668,0.7505756431355649,TRUE,0.7219436571310079,NA,NA,0.22846417490135373,50,653,0.5
F,+ (1|item:variant:judge:temp): splits eps/rho,0.48198771748049096,0.13403439504458073,0.21928030319311276,0.7446951317678692,TRUE,0.7061372955001174,0.03943947772297418,0.0995559201922918,NA,50,653,0.5
A,"1 obs/item, naive SE",0.3577407338396208,0.0834273258598624,0.1942231751542905,0.52125829252495115,TRUE,0.4395226033877051,NA,NA,NA,50,654,0.5
B,+ (1|variant): captures phi,0.5821719045845226,0.09827485585611563,0.38955318710653597,0.7747906220625093,TRUE,0.5177442768090977,NA,NA,NA,50,654,0.5
C,+ (1|judge): captures lambda,0.22316441887501814,0.199039706357485,-0.16695340558565241,0.6132822433356887,TRUE,1.048606664712176,NA,NA,NA,50,654,0.5
D,+ (1|temp): captures tau,0.48079486352955475,0.2386042434517331,0.013130546364157891,0.9484591806949516,TRUE,1.2570456643596473,NA,NA,NA,50,654,0.5
E,+ interactions: lumps eps into residual,0.48079486352955475,0.22491217324813764,0.03996700396320496,0.9216227230959045,TRUE,1.1849113333161205,NA,NA,0.21784200525382752,50,654,0.5
F,+ (1|item:variant:judge:temp): splits eps/rho,0.4807948635295548,0.22327313963536452,0.04317950984424035,0.9184102172148693,TRUE,1.176276364939739,0.03799293860543197,0.09881195098501774,NA,50,654,0.5
A,"1 obs/item, naive SE",0.43224078286321066,0.07889398455331902,0.27760857313870535,0.586872992587716,TRUE,0.41563946974341337,NA,NA,NA,50,655,0.5
B,+ (1|variant): captures phi,0.35715383223731095,0.2745053487254332,-0.18087665126453806,0.8951843157391599,TRUE,1.4461844997683022,NA,NA,NA,50,655,0.5
C,+ (1|judge): captures lambda,0.020788623124612913,0.2676840121224413,-0.503872040635372,0.5454492868845979,TRUE,1.4102474540649919,NA,NA,NA,50,655,0.5
D,+ (1|temp): captures tau,0.31881740618914733,0.33443754407491255,-0.3366801801976812,0.9743149925759759,TRUE,1.7619270248372596,NA,NA,NA,50,655,0.5
E,+ interactions: lumps eps into residual,0.31881740618914733,0.32498439050652755,-0.3181519992036467,0.9557868115819413,TRUE,1.7121247013925465,NA,NA,0.21150680399592986,50,655,0.5
F,+ (1|item:variant:judge:temp): splits eps/rho,0.3188174061891474,0.3239691848114098,-0.3161621960412158,0.9537970084195107,TRUE,1.706776263749445,0.039939845382352575,0.09995201172405356,NA,50,655,0.5
A,"1 obs/item, naive SE",0.6237815126637424,0.06977214827677952,0.4870281020412545,0.7605349232862302,TRUE,0.3675826348081115,NA,NA,NA,50,656,0.5
B,+ (1|variant): captures phi,0.3624413380576823,0.14741611561513748,0.07350575145201282,0.6513769246633518,TRUE,0.7766366025599831,NA,NA,NA,50,656,0.5
C,+ (1|judge): captures lambda,0.32855885512376903,0.2425235868705863,-0.1467873751425801,0.8039050853901182,TRUE,1.2776940551029687,NA,NA,NA,50,656,0.5
D,+ (1|temp): captures tau,0.42840997697559735,0.20569188161264262,0.025253889014817787,0.831566064936377,TRUE,1.0836525127745886,NA,NA,NA,50,656,0.5
E,+ interactions: lumps eps into residual,0.42840997697559735,0.18726207158747463,0.06137631666414711,0.7954436372870476,TRUE,0.98655820945472406,NA,NA,0.21845974639725177,50,656,0.5
F,+ (1|item:variant:judge:temp): splits eps/rho,0.42840997697559746,0.18545834037722922,0.06491162983622822,0.7919083241149667,TRUE,0.9770555599430953,0.04125578289677351,0.10065663857901774,NA,50,656,0.5
A,"1 obs/item, naive SE",0.29755483906241154,0.10288100292487352,0.09590807332965942,0.4992016047951636,FALSE,0.5420109751645957,NA,NA,NA,50,657,0.5
B,+ (1|variant): captures phi,0.37123918716733423,0.10514293923811431,0.16515902626063017,0.5773193480740383,TRUE,0.5539275999256812,NA,NA,NA,50,657,0.5
C,+ (1|judge): captures lambda,0.296983480222019,0.15947009842474022,-0.015577912690471818,0.6095448731345098,TRUE,0.8401409502190054,NA,NA,NA,50,657,0.5
D,+ (1|temp): captures tau,0.6238377815189948,0.31424735807925347,0.007912959683658016,1.2397626033543316,TRUE,1.655558481674312,NA,NA,NA,50,657,0.5
E,+ interactions: lumps eps into residual,0.6238377815189948,0.305436745456805,0.02518176042365705,1.2224938026143326,TRUE,1.609141275353161,NA,NA,0.22120800959804893,50,657,0.5
F,+ (1|item:variant:judge:temp): splits eps/rho,0.6238377815189948,0.30430120252703474,0.027407424566006755,1.220268138471983,TRUE,1.6031588615623908,0.03999682257775715,0.10310205290685462,NA,50,657,0.5
A,"1 obs/item, naive SE",0.08282001885503928,0.08924086857781516,-0.09209208355747842,0.25773212126755696,FALSE,0.47015025930217513,NA,NA,NA,50,658,0.5
B,+ (1|variant): captures phi,0.14314369020407833,0.07356215558188146,-0.0010381347364093463,0.287325515144566,FALSE,0.3875496403476988,NA,NA,NA,50,658,0.5
C,+ (1|judge): captures lambda,0.39111785750248146,0.14822634504922677,0.10059422120599698,0.6816414937989659,TRUE,0.7809051578150137,NA,NA,NA,50,658,0.5
D,+ (1|temp): captures tau,0.3927132854563423,0.21076346527742304,-0.02038310648740682,0.8058096774000915,TRUE,1.1103712842642461,NA,NA,NA,50,658,0.5
E,+ interactions: lumps eps into residual,0.3927132854563423,0.20354671146944062,-0.006238269023761289,0.7916648399364459,TRUE,1.0723510506177711,NA,NA,0.21568851182696172,50,658,0.5
F,+ (1|item:variant:judge:temp): splits eps/rho,0.39271328545634226,0.20191962853593418,-0.0030491864740886943,0.7884757573867732,TRUE,1.0637790423519937,0.04054652874274284,0.10157611436559849,NA,50,658,0.5
A,"1 obs/item, naive SE",0.1742677809811963,0.07825485763415162,0.020888260018259136,0.3276473019441335,FALSE,0.4122723388362154,NA,NA,NA,50,659,0.5
B,+ (1|variant): captures phi,0.295553276229439,0.08796622655777783,0.12313947217619445,0.4679670802826835,FALSE,0.4634350257349956,NA,NA,NA,50,659,0.5
C,+ (1|judge): captures lambda,0.6578269000755983,0.19769893012522083,0.2703369970301655,1.0453168031210311,TRUE,1.0415430143543183,NA,NA,NA,50,659,0.5
D,+ (1|temp): captures tau,0.4737241616797015,0.2415630794670885,2.6052592420805487e-4,0.947187797435195,TRUE,1.2726337860579358,NA,NA,NA,50,659,0.5
E,+ interactions: lumps eps into residual,0.4737241616797015,0.22929528898548032,0.024305395268160057,0.9231429280912429,TRUE,1.2080030292319466,NA,NA,0.21317155683880065,50,659,0.5
F,+ (1|item:variant:judge:temp): splits eps/rho,0.4737241616797015,0.22833813379284862,0.026181419445718224,0.9212669039136847,TRUE,1.2029604207367612,0.040557038649043683,0.0981580253302366,NA,50,659,0.5
A,"1 obs/item, naive SE",0.7927493167896205,0.0859033333723721,0.6243787833797712,0.9611198501994698,FALSE,0.452567025664092,NA,NA,NA,50,660,0.5
B,+ (1|variant): captures phi,0.9912035049299275,0.1765519467271858,0.6451616893446432,1.3372453205152117,FALSE,0.9301337476529793,NA,NA,NA,50,660,0.5
C,+ (1|judge): captures lambda,0.9335027020564007,0.12007607034203133,0.6981536041860193,1.1688517999267822,FALSE,0.6326002481482613,NA,NA,NA,50,660,0.5
D,+ (1|temp): captures tau,0.7098287065488984,0.198260144782858,0.3212388227744967,1.0984185903233001,TRUE,1.0444996778316826,NA,NA,NA,50,660,0.5
E,+ interactions: lumps eps into residual,0.7098287065488984,0.18504243681215937,0.347145530397066,1.0725118827007307,TRUE,0.9748644431142426,NA,NA,0.2222275335629252,50,660,0.5
F,+ (1|item:variant:judge:temp): splits eps/rho,0.7098287065488985,0.18297940390397904,0.3511890748970996,1.0684683382006974,TRUE,0.9639957069377882,0.04110267974855333,0.09893168733549125,NA,50,660,0.5
A,"1 obs/item, naive SE",0.07096983825127122,0.08112355335786811,-0.08803232633015028,0.2299720028326927,FALSE,0.4273855718185716,NA,NA,NA,50,661,0.5
B,+ (1|variant): captures phi,0.2967876373645462,0.09984465060918324,0.10109212217054708,0.49248315255854536,FALSE,0.5260144720903369,NA,NA,NA,50,661,0.5
C,+ (1|judge): captures lambda,0.4332322614871042,0.1939169681918332,0.0531550038311111,0.8133095191430972,TRUE,1.021618394480155,NA,NA,NA,50,661,0.5
D,+ (1|temp): captures tau,0.22113215251034962,0.2579607476937131,-0.28447091296932797,0.7267352179900273,TRUE,1.3590220977312615,NA,NA,NA,50,661,0.5
E,+ interactions: lumps eps into residual,0.22113215251034962,0.25404990833187346,-0.27680566782012234,0.7190699728408216,TRUE,1.3384185091584455,NA,NA,0.20132967291264783,50,661,0.5
F,+ (1|item:variant:judge:temp): splits eps/rho,0.22113215251034957,0.25298015268534724,-0.274708946752931,0.7169732517736301,TRUE,1.332782684422319,0.042267502344847094,0.09808915818707406,NA,50,661,0.5
A,"1 obs/item, naive SE",0.252822693182342,0.08134273168127769,0.09339093908703774,0.41225444727764626,FALSE,0.4285402753442839,NA,NA,NA,50,662,0.5
B,+ (1|variant): captures phi,0.31820040018459317,0.15724515270041262,0.00999990089178443,0.626400899477402,TRUE,0.8284192040516228,NA,NA,NA,50,662,0.5
C,+ (1|judge): captures lambda,0.7237700309521028,0.27305934386094743,0.18857371698464587,1.2589663449195596,TRUE,1.438566470351686,NA,NA,NA,50,662,0.5
D,+ (1|temp): captures tau,0.5044978509659016,0.2696458375078919,-0.024007990549566482,1.0330036924813697,TRUE,1.4205829957105882,NA,NA,NA,50,662,0.5
E,+ interactions: lumps eps into residual,0.5044978509659016,0.2616958605950478,-0.008426035800392029,1.0174217377321952,TRUE,1.3786999014894599,NA,NA,0.21332390844483917,50,662,0.5
F,+ (1|item:variant:judge:temp): splits eps/rho,0.5044978509659017,0.2604284972415001,-0.0059420036274384636,1.014937705559242,TRUE,1.3720230143323053,0.03728825401190249,0.10111456943697318,NA,50,662,0.5
A,"1 obs/item, naive SE",0.18699974011473686,0.09026013393083755,0.010089877610295256,0.3639096026191785,FALSE,0.4755200845588998,NA,NA,NA,50,663,0.5
B,+ (1|variant): captures phi,0.12126571856822427,0.18536862949113994,-0.24205679523441004,0.4845882323708586,FALSE,0.9765829334768892,NA,NA,NA,50,663,0.5
C,+ (1|judge): captures lambda,0.4886761383810164,0.24175012220401365,0.014845898861149676,0.9625063779008831,TRUE,1.2736191887402202,NA,NA,NA,50,663,0.5
D,+ (1|temp): captures tau,0.4845583382489954,0.24854532805439095,-0.0025905047376108548,0.9717071812356017,TRUE,1.309418569040747,NA,NA,NA,50,663,0.5
E,+ interactions: lumps eps into residual,0.4845583382489954,0.2356312570450571,0.022721074440683497,0.9463956020573073,TRUE,1.2413829937438658,NA,NA,0.21373358313299487,50,663,0.5
F,+ (1|item:variant:judge:temp): splits eps/rho,0.4845583382489954,0.23423665503570404,0.02545449437901548,0.9436621821189753,TRUE,1.2340357714815797,0.0427038446963349,0.09828923761716062,NA,50,663,0.5
A,"1 obs/item, naive SE",0.6010506458147168,0.07274776705452154,0.4584650223878546,0.743636269241579,TRUE,0.38325917362081885,NA,NA,NA,50,664,0.5
B,+ (1|variant): captures phi,0.8123805822348955,0.11558580226007303,0.5858324098051524,1.0389287546646386,FALSE,0.6089440384238103,NA,NA,NA,50,664,0.5
C,+ (1|judge): captures lambda,0.7820392337989859,0.12688675892361592,0.5333411863086986,1.030737281289273,FALSE,0.6684811965711948,NA,NA,NA,50,664,0.5
D,+ (1|temp): captures tau,0.5014147749382862,0.2717949103035164,-0.03130324925660588,1.0341327991331783,TRUE,1.4319050183244881,NA,NA,NA,50,664,0.5
E,+ interactions: lumps eps into residual,0.5014147749382862,0.252390104711394,0.006730169703954014,0.9960993801726185,TRUE,1.3296741175473457,NA,NA,0.22464468988162262,50,664,0.5
F,+ (1|item:variant:judge:temp): splits eps/rho,0.5014147749382863,0.2508203426375698,0.009806903368649533,0.9930226465079232,TRUE,1.3214040944311134,0.040597286295028324,0.0980770134512431,NA,50,664,0.5
A,"1 obs/item, naive SE",0.534112505428354,0.07557988848026582,0.38597592400703296,0.682249086849675,TRUE,0.39817972116712463,NA,NA,NA,50,665,0.5
B,+ (1|variant): captures phi,0.8047076646454867,0.14860116949843882,0.5134493724285466,1.0959659568624267,FALSE,0.7828798563449387,NA,NA,NA,50,665,0.5
C,+ (1|judge): captures lambda,0.6653303099894065,0.13792525652399948,0.39499680720236746,0.9356638127764454,TRUE,0.7266356340148584,NA,NA,NA,50,665,0.5
D,+ (1|temp): captures tau,0.48544116560219586,0.24763877553426253,6.916555504132837e-5,0.9708131656493504,TRUE,1.3046425520745095,NA,NA,NA,50,665,0.5
E,+ interactions: lumps eps into residual,0.48544116560219586,0.23730436246917636,0.020324615162610193,0.9505577160417815,TRUE,1.2501974636333386,NA,NA,0.21886402720284862,50,665,0.5
F,+ (1|item:variant:judge:temp): splits eps/rho,0.4854411656021958,0.23587661801535711,0.023122994292095855,0.9477593369122957,TRUE,1.2426756360684819,0.04049748798346015,0.10113437074761235,NA,50,665,0.5
A,"1 obs/item, naive SE",0.5631298747798528,0.07840948043246455,0.4094472931322223,0.7168124564274833,TRUE,0.41308694261449963,NA,NA,NA,50,666,0.5
B,+ (1|variant): captures phi,0.8053689396359441,0.12102167878302154,0.568166449221222,1.0425714300506663,FALSE,0.6375820245564797,NA,NA,NA,50,666,0.5
C,+ (1|judge): captures lambda,0.5497061947729331,0.18659465471682815,0.18398067152794995,0.9154317180179163,TRUE,0.9830420377746661,NA,NA,NA,50,666,0.5
D,+ (1|temp): captures tau,0.6546380129809958,0.2507691954928156,0.16313038981507716,1.1461456361469144,TRUE,1.3211346344431958,NA,NA,NA,50,666,0.5
E,+ interactions: lumps eps into residual,0.6546380129809958,0.23721867066316402,0.1896894184811943,1.1195866074807972,TRUE,1.2497460110034078,NA,NA,0.21379584533178791,50,666,0.5
F,+ (1|item:variant:judge:temp): splits eps/rho,0.6546380129809958,0.2358343898214027,0.1924026089310465,1.1168734170309451,TRUE,1.242453164048051,0.03848126950376642,0.10216057407127345,NA,50,666,0.5
A,"1 obs/item, naive SE",0.23930585254251763,0.09853380212479901,0.04617960037791158,0.4324321047071237,FALSE,0.5191084909556763,NA,NA,NA,50,667,0.5
B,+ (1|variant): captures phi,0.09218390997767661,0.22277505105771764,-0.34445519009544995,0.5288230100508031,TRUE,1.1736522704226406,NA,NA,NA,50,667,0.5
C,+ (1|judge): captures lambda,0.39528684085010074,0.22950098679111408,-0.054535093260482836,0.8451087749606843,TRUE,1.2090867129544136,NA,NA,NA,50,667,0.5
D,+ (1|temp): captures tau,0.5485674072964418,0.24139070393179404,0.07544162759012552,1.0216931870027581,TRUE,1.2717256550199085,NA,NA,NA,50,667,0.5
E,+ interactions: lumps eps into residual,0.5485674072964418,0.2265628794822404,0.10450416351125064,0.992630651081633,TRUE,1.1936077969024024,NA,NA,0.22321546038839735,50,667,0.5
F,+ (1|item:variant:judge:temp): splits eps/rho,0.5485674072964417,0.22493168982352785,0.10770129524232713,0.9894335193505563,TRUE,1.1850141530569704,0.038994681628526595,0.09986399628450027,NA,50,667,0.5
A,"1 obs/item, naive SE",0.504593386722866,0.09998944135946873,0.3086140816583073,0.7005726917874248,TRUE,0.5267772774044954,NA,NA,NA,50,668,0.5
B,+ (1|variant): captures phi,0.5083409240756623,0.09399800647285851,0.32410483138885965,0.692577016762465,TRUE,0.49521242701225987,NA,NA,NA,50,668,0.5
C,+ (1|judge): captures lambda,0.6881101874675741,0.23409367712768483,0.22928658029731186,1.1469337946378364,TRUE,1.2332825168169739,NA,NA,NA,50,668,0.5
D,+ (1|temp): captures tau,0.564034141810353,0.20726050330225781,0.15780355533792773,0.9702647282827783,TRUE,1.0919165279715781,NA,NA,NA,50,668,0.5
E,+ interactions: lumps eps into residual,0.564034141810353,0.18936270487015447,0.19288324026485032,0.9351850433558557,TRUE,0.9976250367759927,NA,NA,0.2091725921130573,50,668,0.5
F,+ (1|item:variant:judge:temp): splits eps/rho,0.5640341418103529,0.18767957918440115,0.19618216660892668,0.9318861170117791,TRUE,0.9887577768511852,0.03844575860537915,0.09893595276597085,NA,50,668,0.5
A,"1 obs/item, naive SE",0.6234456115934623,0.08798509922647987,0.4509948171095618,0.7958964060773629,TRUE,0.4635344531635426,NA,NA,NA,50,669,0.5
B,+ (1|variant): captures phi,0.7033113234454033,0.20919748737975596,0.29328424818108156,1.113338398709725,TRUE,1.1021211974331473,NA,NA,NA,50,669,0.5
C,+ (1|judge): captures lambda,0.7623693144077578,0.23904371247702724,0.2938436379527844,1.2308949908627311,TRUE,1.259360931786893,NA,NA,NA,50,669,0.5
D,+ (1|temp): captures tau,0.5365527586948676,0.279681094571206,-0.011622186664696055,1.0847277040544312,TRUE,1.47345203190074,NA,NA,NA,50,669,0.5
E,+ interactions: lumps eps into residual,0.5365527586948676,0.2672879837407612,0.012668310562975682,1.0604372068267596,TRUE,1.4081610462419263,NA,NA,0.21283268492892488,50,669,0.5
F,+ (1|item:variant:judge:temp): splits eps/rho,0.5365527586948675,0.26604545378747124,0.015103669271423925,1.058001848118311,TRUE,1.4016149896084613,0.041170119866401816,0.09822069468118369,NA,50,669,0.5
A,"1 obs/item, naive SE",0.37265652184897363,0.08140647627156784,0.21309982835670066,0.5322132153412467,TRUE,0.428876102820323,NA,NA,NA,50,670,0.5
B,+ (1|variant): captures phi,0.5484581338472283,0.13940931041271284,0.27521588543831116,0.8217003822561455,TRUE,0.7344541182106794,NA,NA,NA,50,670,0.5
C,+ (1|judge): captures lambda,0.4948272963220255,0.16255783490120157,0.17621393991567041,0.8134406527283806,TRUE,0.856408161959546,NA,NA,NA,50,670,0.5
D,+ (1|temp): captures tau,0.41411624867918895,0.12392605235877055,0.17122118605599868,0.6570113113023792,TRUE,0.6528832202027112,NA,NA,NA,50,670,0.5
E,+ interactions: lumps eps into residual,0.41411624867918895,0.11207828247251556,0.19444281503305846,0.6337896823253194,TRUE,0.5904652700757665,NA,NA,0.20507196144518317,50,670,0.5
F,+ (1|item:variant:judge:temp): splits eps/rho,0.41411624867918917,0.11085591873287183,0.19683864796276038,0.6313938493956179,TRUE,0.5840254556912399,0.03976948860200973,0.09925463848430276,NA,50,670,0.5
A,"1 obs/item, naive SE",0.6165301558804575,0.08796799558387246,0.44411288453606745,0.7889474272248475,TRUE,0.46344434554653885,NA,NA,NA,50,671,0.5
B,+ (1|variant): captures phi,0.6692541508378944,0.14312108684961677,0.38873682061264553,0.9497714810631432,TRUE,0.7540089777956736,NA,NA,NA,50,671,0.5
C,+ (1|judge): captures lambda,0.6010289661319403,0.18186047264574662,0.24458243974627697,0.9574754925176037,TRUE,0.95810080889855,NA,NA,NA,50,671,0.5
D,+ (1|temp): captures tau,0.5508361766351496,0.23969392956488225,0.08103607468798041,1.0206362785823189,TRUE,1.2627864893518237,NA,NA,NA,50,671,0.5
E,+ interactions: lumps eps into residual,0.5508361766351496,0.2313747312938275,0.09734170329924774,1.0043306499710516,TRUE,1.2189582155277956,NA,NA,0.20824306313629426,50,671,0.5
F,+ (1|item:variant:judge:temp): splits eps/rho,0.5508361766351494,0.23003130589755225,0.09997481707594702,1.0016975361943516,TRUE,1.2118806085022522,0.03935474414439126,0.0999115308126315,NA,50,671,0.5
A,"1 obs/item, naive SE",1.049957075146286,0.08912482841954168,0.8752724114439842,1.2246417388485875,FALSE,0.4695389215667723,NA,NA,NA,50,672,0.5
B,+ (1|variant): captures phi,0.9740192747721637,0.13435048123493315,0.7106923315516946,1.2373462179926327,FALSE,0.7078025415552524,NA,NA,NA,50,672,0.5
C,+ (1|judge): captures lambda,0.8185282922216564,0.12550183426773664,0.5725446970568926,1.06451188738642,FALSE,0.6611849577912252,NA,NA,NA,50,672,0.5
D,+ (1|temp): captures tau,0.7022861303094691,0.22464418726666388,0.26198352326680785,1.1425887373521304,TRUE,1.1834994949881534,NA,NA,NA,50,672,0.5
E,+ interactions: lumps eps into residual,0.7022861303094691,0.2167487742514969,0.27745853277653515,1.127113727842403,TRUE,1.1419038613335823,NA,NA,0.21780318167013935,50,672,0.5
F,+ (1|item:variant:judge:temp): splits eps/rho,0.702286130309469,0.21552459459234968,0.27985792490846356,1.1247143357104743,TRUE,1.1354544800876047,0.03948306076993157,0.09977447444296557,NA,50,672,0.5
A,"1 obs/item, naive SE",0.06865233473674524,0.0831192817755902,-0.09426145754341154,0.23156612701690205,FALSE,0.437899725793559,NA,NA,NA,50,673,0.5
B,+ (1|variant): captures phi,0.3224185683365267,0.14828189866785574,0.031786046947529456,0.6130510897255239,TRUE,0.781197832557201,NA,NA,NA,50,673,0.5
C,+ (1|judge): captures lambda,0.13033500021695016,0.18688449178928154,-0.23595860369004168,0.496628604123942,FALSE,0.9845689948397526,NA,NA,NA,50,673,0.5
D,+ (1|temp): captures tau,0.4534939281704889,0.2667040192724867,-0.06924594960358504,0.9762338059445628,TRUE,1.405084529276573,NA,NA,NA,50,673,0.5
E,+ interactions: lumps eps into residual,0.4534939281704889,0.26067647984698195,-0.05743197232959568,0.9644198286705734,TRUE,1.373329468293677,NA,NA,0.20848368363869824,50,673,0.5
F,+ (1|item:variant:judge:temp): splits eps/rho,0.45349392817048895,0.2594757178560768,-0.05507847882742156,0.9620663351683995,TRUE,1.3670034590293005,0.03868030055051162,0.10051302402408456,NA,50,673,0.5
A,"1 obs/item, naive SE",0.050108708959307066,0.07492224450175913,-0.09673889026414083,0.19695630818275495,FALSE,0.3947150362985117,NA,NA,NA,50,674,0.5
B,+ (1|variant): captures phi,0.158611530619595,0.11525527511654714,-0.0672888086088374,0.3845118698480274,FALSE,0.6072027126757354,NA,NA,NA,50,674,0.5
C,+ (1|judge): captures lambda,0.2715144658365855,0.11256356779131231,0.05088987296561337,0.49213905870755764,FALSE,0.5930219128124841,NA,NA,NA,50,674,0.5
D,+ (1|temp): captures tau,0.4650115493553425,0.15853998687752735,0.1542731750753889,0.775749923635296,TRUE,0.8352408165462725,NA,NA,NA,50,674,0.5
E,+ interactions: lumps eps into residual,0.4650115493553425,0.14910016749659785,0.1727752210620107,0.7572478776486743,TRUE,0.7855087419885288,NA,NA,0.21069937772146705,50,674,0.5
F,+ (1|item:variant:judge:temp): splits eps/rho,0.4650115493553425,0.14771023317757678,0.175499492327292,0.754523606383393,TRUE,0.7781861106547591,0.04210328151735668,0.10242023700868144,NA,50,674,0.5
A,"1 obs/item, naive SE",0.5593396551046658,0.0895452727299708,0.383830920553923,0.7348483896554086,TRUE,0.47175396053625535,NA,NA,NA,50,675,0.5
B,+ (1|variant): captures phi,0.5022619242749851,0.06790692841400385,0.36916434458353753,0.6353595039664326,TRUE,0.3577560428428519,NA,NA,NA,50,675,0.5
C,+ (1|judge): captures lambda,0.4316073263706219,0.16889532785109448,0.10057248378247668,0.762642168958767,TRUE,0.8897961600953975,NA,NA,NA,50,675,0.5
D,+ (1|temp): captures tau,0.44645415547661454,0.23308755551013124,-0.010397453323242711,0.9033057642764718,TRUE,1.227981937083487,NA,NA,NA,50,675,0.5
E,+ interactions: lumps eps into residual,0.44645415547661454,0.2223158200228128,0.01071514823190145,0.8821931627213276,TRUE,1.1712328902263145,NA,NA,0.21023224737707744,50,675,0.5
F,+ (1|item:variant:judge:temp): splits eps/rho,0.4464541554766146,0.22086161694365172,0.013565386267057222,0.8793429246861719,TRUE,1.1635716699172647,0.041880477781231974,0.09689709555155078,NA,50,675,0.5
A,"1 obs/item, naive SE",-0.5583846529063704,0.07940899571683632,-0.7140262845113696,-0.4027430213013712,FALSE,0.41835271801105034,NA,NA,NA,50,676,0.5
B,+ (1|variant): captures phi,0.09775472771263542,0.22472403340868802,-0.3427043777683931,0.5382138331936639,TRUE,1.183920150736749,NA,NA,NA,50,676,0.5
C,+ (1|judge): captures lambda,0.48768101600636293,0.2797693647801144,-0.06066693896266129,1.0360289709753872,TRUE,1.4739170684055198,NA,NA,NA,50,676,0.5
D,+ (1|temp): captures tau,0.6074468897044277,0.274760812732556,0.06891569674861797,1.1459780826602375,TRUE,1.4475303682151834,NA,NA,NA,50,676,0.5
E,+ interactions: lumps eps into residual,0.6074468897044277,0.26645208539331405,0.08520080233353222,1.1296929770753232,TRUE,1.4037572587052793,NA,NA,0.19544779542279062,50,676,0.5
F,+ (1|item:variant:judge:temp): splits eps/rho,0.6074468897044277,0.26551590749459925,0.08703571101501317,1.1278580683938424,TRUE,1.3988251654967743,0.04008256709593031,0.09948742277052165,NA,50,676,0.5
A,"1 obs/item, naive SE",-0.07503241177933356,0.08097353833965616,-0.23374054692505963,0.08367572336639251,FALSE,0.426595243341994,NA,NA,NA,50,677,0.5
B,+ (1|variant): captures phi,0.26609675676869027,0.1710426331258197,-0.0691468041579163,0.6013403176952968,TRUE,0.9011088708276187,NA,NA,NA,50,677,0.5
C,+ (1|judge): captures lambda,0.4050126446846492,0.19014010813124488,0.03233803274740926,0.7776872566218891,TRUE,1.001720652950608,NA,NA,NA,50,677,0.5
D,+ (1|temp): captures tau,0.35403001957199726,0.2496278343182103,-0.13524053569169497,0.8433005748356894,TRUE,1.315121568224211,NA,NA,NA,50,677,0.5
E,+ interactions: lumps eps into residual,0.35403001957199726,0.2389608619400378,-0.11433326983047681,0.8223933089744713,TRUE,1.25892444789706,NA,NA,0.2015997435507949,50,677,0.5
F,+ (1|item:variant:judge:temp): splits eps/rho,0.3540300195719972,0.237767568647696,-0.11199441497748691,0.8200544541214814,TRUE,1.2526377861942009,0.036587447982173255,0.10005428481898128,NA,50,677,0.5
A,"1 obs/item, naive SE",0.30585980800940216,0.0773893558910842,0.15417667046287714,0.45754294555592717,FALSE,0.40771259087079964,NA,NA,NA,50,678,0.5
B,+ (1|variant): captures phi,0.37627852552906116,0.12817601385831573,0.1250535383667623,0.62750351269136,TRUE,0.67527341578102,NA,NA,NA,50,678,0.5
C,+ (1|judge): captures lambda,0.2901664478282702,0.17462803797878718,-0.052104506610152646,0.6324374022666931,TRUE,0.9199979633273861,NA,NA,NA,50,678,0.5
D,+ (1|temp): captures tau,0.4617609806492622,0.192137998313261,0.08517050395527065,0.8383514573432538,TRUE,1.0122461958111988,NA,NA,NA,50,678,0.5
E,+ interactions: lumps eps into residual,0.4617609806492622,0.1774496868504464,0.11395959442238723,0.8095623668761371,TRUE,0.9348633380129039,NA,NA,0.2272285056397338,50,678,0.5
F,+ (1|item:variant:judge:temp): splits eps/rho,0.461760980649262,0.17581047006730852,0.11717245931733733,0.8063495019811867,TRUE,0.9262274046347707,0.04135831741542191,0.10165364955717114,NA,50,678,0.5
A,"1 obs/item, naive SE",0.4389782349746124,0.0883375171032083,0.2658367014523242,0.6121197684969006,TRUE,0.46539110649701065,NA,NA,NA,50,679,0.5
B,+ (1|variant): captures phi,0.6290312663817321,0.15667569022729083,0.3219469135362421,0.9361156192272222,TRUE,0.8254190883684411,NA,NA,NA,50,679,0.5
C,+ (1|judge): captures lambda,0.5204948273251859,0.1339833864331307,0.25788738991624977,0.7831022647341221,TRUE,0.7058685653512288,NA,NA,NA,50,679,0.5
D,+ (1|temp): captures tau,0.4068955478538708,0.22450242891151817,-0.03312921281270481,0.8469203085204464,TRUE,1.1827526653293643,NA,NA,NA,50,679,0.5
E,+ interactions: lumps eps into residual,0.4068955478538708,0.21075686664013793,-0.006187910760799553,0.819979006468541,TRUE,1.1103365204718258,NA,NA,0.2275675536304297,50,679,0.5
F,+ (1|item:variant:judge:temp): splits eps/rho,0.4068955478538708,0.20891362401019536,-0.002575155206112123,0.8163662509138536,TRUE,1.1006257118004752,0.04244265380961034,0.10172334072016043,NA,50,679,0.5
A,"1 obs/item, naive SE",0.6999716364322399,0.07953176458841436,0.5440893778389477,0.8558538950255321,FALSE,0.41899950482214376,NA,NA,NA,50,680,0.5
B,+ (1|variant): captures phi,0.5378990931989137,0.11203842514680692,0.31830377991117215,0.7574944064866553,TRUE,0.5902552885693599,NA,NA,NA,50,680,0.5
C,+ (1|judge): captures lambda,0.7643833743888901,0.16926650984307007,0.4326210150964728,1.0961457336813074,TRUE,0.8917516689620941,NA,NA,NA,50,680,0.5
D,+ (1|temp): captures tau,0.5342920360615968,0.24967654906079134,0.04492599990244578,1.0236580722207478,TRUE,1.315378213517128,NA,NA,NA,50,680,0.5
E,+ interactions: lumps eps into residual,0.5342920360615968,0.2357178796718649,0.07228499190474164,0.9962990802184519,TRUE,1.2418393502440226,NA,NA,0.21627547287366747,50,680,0.5
F,+ (1|item:variant:judge:temp): splits eps/rho,0.5342920360615969,0.23423772821052455,0.07518608876896882,0.993397983354225,TRUE,1.2340414253196494,0.03773300866116939,0.09930293907226902,NA,50,680,0.5
A,"1 obs/item, naive SE",0.8752527371730097,0.07285110978853623,0.7324645619874787,1.0180409123585408,FALSE,0.38380361714729166,NA,NA,NA,50,681,0.5
B,+ (1|variant): captures phi,0.610446716162626,0.13225074901683062,0.351235248089638,0.869658184235614,TRUE,0.6967404613386615,NA,NA,NA,50,681,0.5
C,+ (1|judge): captures lambda,0.34606822755470806,0.2391964406464716,-0.12275679611237628,0.8148932512217923,TRUE,1.2601655540368926,NA,NA,NA,50,681,0.5
D,+ (1|temp): captures tau,0.36713853682791703,0.2457824557325002,-0.11459507640778338,0.8488721500636174,TRUE,1.2948628485591263,NA,NA,NA,50,681,0.5
E,+ interactions: lumps eps into residual,0.36713853682791703,0.23470641039978146,-0.09288602755565462,0.8271631012114886,TRUE,1.236510597306891,NA,NA,0.21198881984678553,50,681,0.5
F,+ (1|item:variant:judge:temp): splits eps/rho,0.3671385368279171,0.2332180469396867,-0.08996883517386883,0.824245908829703,TRUE,1.2286694088710202,0.035177707290808345,0.10097238853089817,NA,50,681,0.5
A,"1 obs/item, naive SE",0.03489256099995243,0.0779063417466148,-0.11780386882341258,0.18758899082331743,FALSE,0.4104362424657113,NA,NA,NA,50,682,0.5
B,+ (1|variant): captures phi,0.22436881979019166,0.10840410184272939,0.011896780178442062,0.4368408594019413,FALSE,0.5711084775731169,NA,NA,NA,50,682,0.5
C,+ (1|judge): captures lambda,0.4474403133197037,0.17463647249022243,0.10515282723886771,0.7897277994005396,TRUE,0.9200423991089016,NA,NA,NA,50,682,0.5
D,+ (1|temp): captures tau,0.4514439755692764,0.24653691851928716,-0.031768384728526444,0.9346563358670792,TRUE,1.2988376067668237,NA,NA,NA,50,682,0.5
E,+ interactions: lumps eps into residual,0.4514439755692764,0.24026416796424052,-0.019473793640635007,0.9223617447791879,TRUE,1.2657906928697285,NA,NA,0.2143183261185038,50,682,0.5
F,+ (1|item:variant:judge:temp): splits eps/rho,0.4514439755692765,0.23879419284864686,-0.016592642414071324,0.9194805935526243,TRUE,1.258046380283153,0.036975007738290926,0.10099329759747934,NA,50,682,0.5
A,"1 obs/item, naive SE",0.6937447603440176,0.09011168074901102,0.5171258660759559,0.8703636546120792,FALSE,0.474737984350304,NA,NA,NA,50,683,0.5
B,+ (1|variant): captures phi,0.5235860450099292,0.09328840889710838,0.34074076357159677,0.7064313264482617,TRUE,0.49147403349866225,NA,NA,NA,50,683,0.5
C,+ (1|judge): captures lambda,0.4679654454261944,0.15498739855465415,0.16419014425907225,0.7717407465933166,TRUE,0.8165246123249262,NA,NA,NA,50,683,0.5
D,+ (1|temp): captures tau,0.7785066674539043,0.22954512154277448,0.3285982292300663,1.2284151056777421,TRUE,1.2093192293481698,NA,NA,NA,50,683,0.5
E,+ interactions: lumps eps into residual,0.7785066674539043,0.22337330981591547,0.34069498021471,1.2163183546930987,TRUE,1.1768040944106741,NA,NA,0.213015625939516,50,683,0.5
F,+ (1|item:variant:judge:temp): splits eps/rho,0.7785066674539043,0.22191482723595213,0.34355360607143814,1.2134597288363704,TRUE,1.1691203282832798,0.04204071724293954,0.09943632859562562,NA,50,683,0.5
A,"1 obs/item, naive SE",-0.023309321385925685,0.08124840820813749,-0.18255620147387513,0.1359375587020238,FALSE,0.4280433482517772,NA,NA,NA,50,684,0.5
B,+ (1|variant): captures phi,0.21472030269165363,0.14716417222877495,-0.07372147487674527,0.5031620802600525,TRUE,0.7753092819016848,NA,NA,NA,50,684,0.5
C,+ (1|judge): captures lambda,0.5715917856077479,0.2820376756176626,0.018797941397129314,1.1243856298183665,TRUE,1.4858672762581173,NA,NA,NA,50,684,0.5
D,+ (1|temp): captures tau,0.5500589532640158,0.24382246901443586,0.0721669139957215,1.02795099253231,TRUE,1.284536993618312,NA,NA,NA,50,684,0.5
E,+ interactions: lumps eps into residual,0.5500589532640158,0.23448412031616553,0.09047007744433133,1.0096478290837,TRUE,1.2353395000045244,NA,NA,0.20672897356169057,50,684,0.5
F,+ (1|item:variant:judge:temp): splits eps/rho,0.5500589532640158,0.2332648704657498,0.09285980715114617,1.0072580993768854,TRUE,1.2289160906130385,0.04291773399411665,0.09879074770822864,NA,50,684,0.5
A,"1 obs/item, naive SE",1.052209677989802,0.06545373900425454,0.9239203495414632,1.1804990064381409,FALSE,0.3448318338398289,NA,NA,NA,50,685,0.5
B,+ (1|variant): captures phi,0.9015000580807473,0.13162929499122622,0.6435066398979439,1.1594934762635507,FALSE,0.6934664370498065,NA,NA,NA,50,685,0.5
C,+ (1|judge): captures lambda,0.6274880772677437,0.24101977182725906,0.15508932448631596,1.0998868300491713,TRUE,1.2697714626424714,NA,NA,NA,50,685,0.5
D,+ (1|temp): captures tau,0.37742641710356856,0.2610859343673698,-0.1343020142564763,0.8891548484636134,TRUE,1.3754866094331644,NA,NA,NA,50,685,0.5
E,+ interactions: lumps eps into residual,0.37742641710356856,0.24869373510550322,-0.11001330370321771,0.8648661379103548,TRUE,1.3102004262175613,NA,NA,0.2176641095677898,50,685,0.5
F,+ (1|item:variant:judge:temp): splits eps/rho,0.3774264171035686,0.24730625601192285,-0.10729384467980019,0.8621466788869374,TRUE,1.3028907298192753,0.04241435011683878,0.10004571645736407,NA,50,685,0.5
A,"1 obs/item, naive SE",0.681958831556245,0.10236262535006428,0.48132808587011905,0.8825895772423711,TRUE,0.5392799915345957,NA,NA,NA,50,686,0.5
B,+ (1|variant): captures phi,0.61313116853409,0.19844652906669724,0.22417597156336339,1.0020863655048167,TRUE,1.0454816115664542,NA,NA,NA,50,686,0.5
C,+ (1|judge): captures lambda,0.7767389827353843,0.21119619465923575,0.36279444120328225,1.1906835242674865,TRUE,1.1126510450320328,NA,NA,NA,50,686,0.5
D,+ (1|temp): captures tau,0.4952434747174253,0.2699731797289899,-0.0339039575513948,1.0243909069862454,TRUE,1.4223075422393523,NA,NA,NA,50,686,0.5
E,+ interactions: lumps eps into residual,0.4952434747174253,0.26581369899658197,-0.025751375315875402,1.016238324750726,TRUE,1.4003940291139307,NA,NA,0.22395265019159755,50,686,0.5
F,+ (1|item:variant:judge:temp): splits eps/rho,0.4952434747174257,0.2643482905607292,-0.022879174781603617,1.0133661242164549,TRUE,1.3926737752988414,0.0392524864822559,0.09939101311695969,NA,50,686,0.5
A,"1 obs/item, naive SE",-0.21177943669685761,0.0841544629052719,-0.3767221839911905,-0.046836689402524695,FALSE,0.4433534005986197,NA,NA,NA,50,687,0.5
B,+ (1|variant): captures phi,-0.13814157003804478,0.12016475953040402,-0.37366449871763663,0.0973813586415471,FALSE,0.6330674919747192,NA,NA,NA,50,687,0.5
C,+ (1|judge): captures lambda,0.3146992394544561,0.2558665250491151,-0.18679914964180955,0.8161976285507218,TRUE,1.3479890437607516,NA,NA,NA,50,687,0.5
D,+ (1|temp): captures tau,0.3139369250985385,0.21020759500032152,-0.09806996110209165,0.7259438112991686,TRUE,1.1074427767420476,NA,NA,NA,50,687,0.5
E,+ interactions: lumps eps into residual,0.3139369250985385,0.1939831403514118,-0.06627002999022863,0.6941438801873057,TRUE,1.021967011189968,NA,NA,0.22224725464598305,50,687,0.5
F,+ (1|item:variant:judge:temp): splits eps/rho,0.31393692509853854,0.19195817432377604,-0.062301096576062476,0.6901749467731395,TRUE,1.0112988238656715,0.04269632425223454,0.10063994478667472,NA,50,687,0.5
A,"1 obs/item, naive SE",0.9879985302388694,0.09288818027494723,0.8059376968999729,1.170059363577766,FALSE,0.48936549742670393,NA,NA,NA,50,688,0.5
B,+ (1|variant): captures phi,0.9342475844605882,0.07778299921366269,0.7817929060018094,1.086702262919367,FALSE,0.4097864334177429,NA,NA,NA,50,688,0.5
C,+ (1|judge): captures lambda,0.6696723163460147,0.17129746213866842,0.33392929055422454,1.0054153421378047,TRUE,0.9024513939157269,NA,NA,NA,50,688,0.5
D,+ (1|temp): captures tau,0.4559061679947818,0.20673475067124328,0.05070605667914496,0.8611062793104186,TRUE,1.0891466901188152,NA,NA,NA,50,688,0.5
E,+ interactions: lumps eps into residual,0.4559061679947818,0.20099874228651055,0.06194863311322113,0.8498637028763425,TRUE,1.0589275105834877,NA,NA,0.21144375280329364,50,688,0.5
F,+ (1|item:variant:judge:temp): splits eps/rho,0.45590616799478184,0.1998478106036554,0.06420445921161727,0.8476078767779465,TRUE,1.0528640237779823,0.03694621804349025,0.100440136653269,NA,50,688,0.5
A,"1 obs/item, naive SE",0.6959964758561981,0.09443011954024147,0.5109134415573248,0.8810795101550714,FALSE,0.49748894083283984,NA,NA,NA,50,689,0.5
B,+ (1|variant): captures phi,0.36006483153447694,0.19161027232927763,-0.015491302230907222,0.7356209652998611,TRUE,1.0094659616856878,NA,NA,NA,50,689,0.5
C,+ (1|judge): captures lambda,0.5744261255093926,0.22574835260649906,0.13195935440065448,1.0168928966181308,TRUE,1.1893166013107273,NA,NA,NA,50,689,0.5
D,+ (1|temp): captures tau,0.5148863270958368,0.2647107057227221,-0.003946656120698444,1.033719310312372,TRUE,1.3945830976205689,NA,NA,NA,50,689,0.5
E,+ interactions: lumps eps into residual,0.5148863270958368,0.25040284586281925,0.02409674920471111,1.0056759049869626,TRUE,1.3192045840494362,NA,NA,0.23001570944450683,50,689,0.5
F,+ (1|item:variant:judge:temp): splits eps/rho,0.514886327095837,0.24877567677066956,0.027286000625324713,1.0024866535663493,TRUE,1.3106321218715766,0.039260621640450306,0.10130328247452425,NA,50,689,0.5
A,"1 obs/item, naive SE",0.5970760836893108,0.06621029403112531,0.4673039073883052,0.7268482599903163,TRUE,0.34881761465671446,NA,NA,NA,50,690,0.5
B,+ (1|variant): captures phi,0.4449121334211456,0.08865819693508836,0.27114206742837244,0.6186821994139188,TRUE,0.4670805533671958,NA,NA,NA,50,690,0.5
C,+ (1|judge): captures lambda,0.41134106506588,0.07623680879542602,0.26191691982684495,0.560765210304915,TRUE,0.4016405935391156,NA,NA,NA,50,690,0.5
D,+ (1|temp): captures tau,0.6232541875796633,0.16221287607480345,0.3053169504730486,0.941191424686278,TRUE,0.8545908053575287,NA,NA,NA,50,690,0.5
E,+ interactions: lumps eps into residual,0.6232541875796633,0.13153207112756624,0.3654513281696335,0.8810570469896932,TRUE,0.692954229745703,NA,NA,0.19730246139378124,50,690,0.5
F,+ (1|item:variant:judge:temp): splits eps/rho,0.6232541875796633,0.12976939920799954,0.3689061651319842,0.8776022100273424,TRUE,0.6836678940874352,0.03822166348194227,0.10047952128636214,NA,50,690,0.5
A,"1 obs/item, naive SE",1.0196691755574239,0.09086862641857517,0.8415666677770166,1.1977716833378311,FALSE,0.47872582320143453,NA,NA,NA,50,691,0.5
B,+ (1|variant): captures phi,0.8609125884050306,0.15353405390457778,0.5599858427520581,1.161839334058003,FALSE,0.8088679145027504,NA,NA,NA,50,691,0.5
C,+ (1|judge): captures lambda,0.5987501926428533,0.2573280825917566,0.09438715076301041,1.1031132345226964,TRUE,1.3556890098033139,NA,NA,NA,50,691,0.5
D,+ (1|temp): captures tau,0.5137642962276247,0.2317710493093075,0.05949303958138197,0.9680355528738673,TRUE,1.2210461492370195,NA,NA,NA,50,691,0.5
E,+ interactions: lumps eps into residual,0.5137642962276247,0.21440853216024058,0.09352357319355309,0.9340050192616962,TRUE,1.1295746959683368,NA,NA,0.20955757613389125,50,691,0.5
F,+ (1|item:variant:judge:temp): splits eps/rho,0.5137642962276248,0.21349035171596767,0.09532320686432816,0.9322053855909214,TRUE,1.1247374192716775,0.04042476623810102,0.10059202872051533,NA,50,691,0.5
A,"1 obs/item, naive SE",1.4338102732315237,0.08629751062809397,1.2646671524004596,1.6029533940625877,FALSE,0.45464368114651893,NA,NA,NA,50,692,0.5
B,+ (1|variant): captures phi,0.915559357516146,0.22791218289300808,0.46885147904585023,1.3622672359864418,TRUE,1.2007163712423818,NA,NA,NA,50,692,0.5
C,+ (1|judge): captures lambda,0.7245247586860242,0.24336808542932767,0.24752331124454197,1.2015262061275065,TRUE,1.2821431513825097,NA,NA,NA,50,692,0.5
D,+ (1|temp): captures tau,0.5503484967858192,0.24936457319264635,0.061593933328232375,1.0391030602434062,TRUE,1.3137346219918338,NA,NA,NA,50,692,0.5
E,+ interactions: lumps eps into residual,0.5503484967858192,0.2423603930337844,0.07532212643960179,1.0253748671320366,TRUE,1.2768342962737274,NA,NA,0.19656333413580185,50,692,0.5
F,+ (1|item:variant:judge:temp): splits eps/rho,0.5503484967858192,0.24129042188516564,0.07741926989089454,1.023277723680744,TRUE,1.271197336201669,0.03885071888555042,0.09869999781275803,NA,50,692,0.5
A,"1 obs/item, naive SE",0.6565379927066898,0.07595559247927547,0.5076650314473099,0.8054109539660697,FALSE,0.40015905345478864,NA,NA,NA,50,693,0.5
B,+ (1|variant): captures phi,0.8359440541183083,0.1414723412558605,0.5586582652568217,1.1132298429797949,FALSE,0.7453228435078622,NA,NA,NA,50,693,0.5
C,+ (1|judge): captures lambda,0.5033348114632926,0.22789019862650434,0.05667002215534411,0.9499996007712411,TRUE,1.2006005508927817,NA,NA,NA,50,693,0.5
D,+ (1|temp): captures tau,0.4521507651700054,0.20545381343989624,0.04946129082780876,0.8548402395122021,TRUE,1.0823982913070924,NA,NA,NA,50,693,0.5
E,+ interactions: lumps eps into residual,0.4521507651700054,0.1934259112505529,0.07303597911892173,0.8312655512210891,TRUE,1.0190313449371111,NA,NA,0.21923385328493342,50,693,0.5
F,+ (1|item:variant:judge:temp): splits eps/rho,0.4521507651700056,0.19221236353265903,0.0754145326459939,0.8288869976940172,TRUE,1.0126379762559685,0.04120232238682951,0.10092429931377978,NA,50,693,0.5
A,"1 obs/item, naive SE",0.030656633638909334,0.09150786525749818,-0.14869878226578712,0.21001204954360578,FALSE,0.4820935437387309,NA,NA,NA,50,694,0.5
B,+ (1|variant): captures phi,0.07282011507351212,0.08983053414469554,-0.10324773185009113,0.24888796199711538,FALSE,0.4732568115308621,NA,NA,NA,50,694,0.5
C,+ (1|judge): captures lambda,0.1495521966014287,0.12013939595541362,-0.08592101947118197,0.3850254126740394,FALSE,0.6329338683160906,NA,NA,NA,50,694,0.5
D,+ (1|temp): captures tau,0.35230970272613044,0.24627982881705648,-0.13039876175530024,0.8350181672075612,TRUE,1.2974831736231986,NA,NA,NA,50,694,0.5
E,+ interactions: lumps eps into residual,0.35230970272613044,0.2319919241360386,-0.10239446858050522,0.8070138740327661,TRUE,1.2222097905004436,NA,NA,0.21808672215308225,50,694,0.5
F,+ (1|item:variant:judge:temp): splits eps/rho,0.35230970272613055,0.2304771936243901,-0.09942559677767404,0.8040450022299351,TRUE,1.2142296917612265,0.040593614600007356,0.09900328916222871,NA,50,694,0.5
A,"1 obs/item, naive SE",0.9486994692197576,0.07616437632310881,0.7994172916264644,1.0979816468130508,FALSE,0.40125899544191485,NA,NA,NA,50,695,0.5
B,+ (1|variant): captures phi,0.8582477756689423,0.19875607929390576,0.468685860252887,1.2478096910849976,TRUE,1.0471124240171672,NA,NA,NA,50,695,0.5
C,+ (1|judge): captures lambda,0.9841744032742508,0.14588380528716746,0.6982421449114025,1.270106661637099,FALSE,0.7685638875639571,NA,NA,NA,50,695,0.5
D,+ (1|temp): captures tau,0.6552994995439616,0.24929310754793513,0.16668500875000875,1.1439139903379145,TRUE,1.3133581174605844,NA,NA,NA,50,695,0.5
E,+ interactions: lumps eps into residual,0.6552994995439616,0.23820631942722836,0.188415113466594,1.1221838856213293,TRUE,1.254949269666443,NA,NA,0.21264513376749572,50,695,0.5
F,+ (1|item:variant:judge:temp): splits eps/rho,0.6552994995439616,0.23691326449698338,0.1909495011298742,1.119649497958049,TRUE,1.2481370308297433,0.04152185202412244,0.1002249573432961,NA,50,695,0.5
A,"1 obs/item, naive SE",0.7312175826559631,0.09251023100680572,0.549897529882624,0.9125376354293023,FALSE,0.48737433632247446,NA,NA,NA,50,696,0.5
B,+ (1|variant): captures phi,0.658895411602863,0.1351170117049005,0.39406606866125804,0.923724754544468,TRUE,0.7118408762886703,NA,NA,NA,50,696,0.5
C,+ (1|judge): captures lambda,0.6930458402706549,0.1402641736376539,0.4181280599408532,0.9679636206004565,TRUE,0.7389578189621291,NA,NA,NA,50,696,0.5
D,+ (1|temp): captures tau,0.5806360748059651,0.09575245366903058,0.39296126561466516,0.7683108839972651,TRUE,0.5044554321214384,NA,NA,NA,50,696,0.5
E,+ interactions: lumps eps into residual,0.5806360748059651,0.08525200991040752,0.41354213538156637,0.7477300142303639,TRUE,0.4491356393563128,NA,NA,0.20976217692053023,50,696,0.5
F,+ (1|item:variant:judge:temp): splits eps/rho,0.5806360748059655,0.08486081033281292,0.41430888655365217,0.7469632630582788,TRUE,0.4470746712620296,0.040271841799111883,0.0983828153126084,NA,50,696,0.5
A,"1 obs/item, naive SE",0.550511454929362,0.0763000821440572,0.4009632939270099,0.7000596159317142,TRUE,0.40197393835903883,NA,NA,NA,50,697,0.5
B,+ (1|variant): captures phi,0.5246890368610345,0.11339353456020974,0.3024377091230234,0.7469403645990456,TRUE,0.5973944508416166,NA,NA,NA,50,697,0.5
C,+ (1|judge): captures lambda,0.38691790093133444,0.1372746944882285,0.11785949973440663,0.6559763021282623,TRUE,0.7232082591508052,NA,NA,NA,50,697,0.5
D,+ (1|temp): captures tau,0.37933733300473566,0.1698031936006966,0.04652307354737034,0.7121515924621009,TRUE,0.8945790955866049,NA,NA,NA,50,697,0.5
E,+ interactions: lumps eps into residual,0.37933733300473566,0.1523735924550333,0.08068509179287042,0.6779895742166009,TRUE,0.8027542217506703,NA,NA,0.2142947017065357,50,697,0.5
F,+ (1|item:variant:judge:temp): splits eps/rho,0.37933733300473554,0.15170757708695706,0.0819904819142997,0.6766841840951714,TRUE,0.7992454336472999,0.04070809887097103,0.10115022881233636,NA,50,697,0.5
A,"1 obs/item, naive SE",0.5322012027210807,0.08156005253272434,0.37234349975694103,0.6920589056852204,TRUE,0.4296851930965167,NA,NA,NA,50,698,0.5
B,+ (1|variant): captures phi,0.6001442188761809,0.1051897838858226,0.39397224245996854,0.8063161952923932,TRUE,0.5541743929434763,NA,NA,NA,50,698,0.5
C,+ (1|judge): captures lambda,0.3209683697669228,0.1703242690990173,-0.012867197667151109,0.6548039372009966,TRUE,0.8973242927653825,NA,NA,NA,50,698,0.5
D,+ (1|temp): captures tau,0.5652867175709425,0.22138373498437114,0.1313745970015751,0.9991988381403099,TRUE,1.1663223595524348,NA,NA,NA,50,698,0.5
E,+ interactions: lumps eps into residual,0.5652867175709425,0.2174099760695447,0.1391631644746349,0.9914102706672501,TRUE,1.1453872900715623,NA,NA,0.22140726501016325,50,698,0.5
F,+ (1|item:variant:judge:temp): splits eps/rho,0.5652867175709426,0.21575316649412413,0.14241051124245935,0.9881629238994258,TRUE,1.1366586720749872,0.04239431512771235,0.09860722189230205,NA,50,698,0.5
A,"1 obs/item, naive SE",0.30505145569436526,0.0767128601939054,0.15469424971431067,0.45540866167441985,FALSE,0.4041485889452907,NA,NA,NA,50,699,0.5
B,+ (1|variant): captures phi,0.15663901215768253,0.10359827060010547,-0.0464135982185242,0.35969162253388925,FALSE,0.5457897772860175,NA,NA,NA,50,699,0.5
C,+ (1|judge): captures lambda,0.4283363064100602,0.16657178210722176,0.10185561347990557,0.7548169993402148,TRUE,0.8775549565819011,NA,NA,NA,50,699,0.5
D,+ (1|temp): captures tau,0.4909324189129337,0.15946077971719028,0.1783892906672408,0.8034755471586266,TRUE,0.8400918562014236,NA,NA,NA,50,699,0.5
E,+ interactions: lumps eps into residual,0.4909324189129337,0.15185550230915734,0.19329563438698533,0.788569203438882,TRUE,0.8000247523908659,NA,NA,0.2118981031956598,50,699,0.5
F,+ (1|item:variant:judge:temp): splits eps/rho,0.49093241891293365,0.14976702885717938,0.1973890423528621,0.7844757954730053,TRUE,0.7890219870587808,0.039997846190340615,0.10136147182491136,NA,50,699,0.5
A,"1 obs/item, naive SE",0.42044573641984784,0.07676978222177457,0.2699769632651697,0.570914509574526,TRUE,0.404448472917614,NA,NA,NA,50,700,0.5
B,+ (1|variant): captures phi,0.4116114964170369,0.09252759245621288,0.2302574152028597,0.5929655776312142,TRUE,0.4874658021505275,NA,NA,NA,50,700,0.5
C,+ (1|judge): captures lambda,0.5620137371855779,0.13825553096167226,0.2910328965007003,0.8329945778704555,TRUE,0.7283756284253492,NA,NA,NA,50,700,0.5
D,+ (1|temp): captures tau,0.406244735207048,0.18557716537102684,0.04251349107983543,0.7699759793342607,TRUE,0.9776815691083559,NA,NA,NA,50,700,0.5
E,+ interactions: lumps eps into residual,0.406244735207048,0.16740040010267546,0.07813995100580412,0.7343495194082919,TRUE,0.8819203888287344,NA,NA,0.21820280813165369,50,700,0.5
F,+ (1|item:variant:judge:temp): splits eps/rho,0.40624473520704796,0.16534067208515135,0.08217701792015131,0.7303124524939446,TRUE,0.8710690639036915,0.03909523190747181,0.10046652770425209,NA,50,700,0.5
A,"1 obs/item, naive SE",0.5824396935259046,0.082002602211689965,0.4217145931909923,0.743164793860817,TRUE,0.4320166904209556,NA,NA,NA,50,701,0.5
B,+ (1|variant): captures phi,0.7929291350983337,0.08786439932424225,0.620714912422819,0.9651433577738485,FALSE,0.46289856636370397,NA,NA,NA,50,701,0.5
C,+ (1|judge): captures lambda,0.41367540096712047,0.2651506573929826,-0.10601988752312547,0.9333706894573663,TRUE,1.3969009077803058,NA,NA,NA,50,701,0.5
D,+ (1|temp): captures tau,0.39349905866844415,0.25077648534716857,-0.09802285261200622,0.8850209699488945,TRUE,1.321173039794566,NA,NA,NA,50,701,0.5
E,+ interactions: lumps eps into residual,0.39349905866844415,0.24035045832092974,-0.07758783964057814,0.8645859569774664,TRUE,1.2662452988615711,NA,NA,0.21036363566225255,50,701,0.5
F,+ (1|item:variant:judge:temp): splits eps/rho,0.3934990586684441,0.2390256687223144,-0.07499125202729212,0.8619893693641802,TRUE,1.2592658713499851,0.039563351895666815,0.10059993867547184,NA,50,701,0.5
A,"1 obs/item, naive SE",0.8461360077947668,0.10454909897178538,0.6412197738100675,1.051052241779466,FALSE,0.5507990540066645,NA,NA,NA,50,702,0.5
B,+ (1|variant): captures phi,0.4736047524560673,0.24373907498313166,-0.0041238345108707275,0.9513333394230054,TRUE,1.2840976464215987,NA,NA,NA,50,702,0.5
C,+ (1|judge): captures lambda,0.6988245885169635,0.3008103140974985,0.10923637288586652,1.2884128041480605,TRUE,1.5847677126807511,NA,NA,NA,50,702,0.5
D,+ (1|temp): captures tau,0.7423906531640203,0.25472518068054495,0.24312929903015223,1.2416520072978883,TRUE,1.3419760660814897,NA,NA,NA,50,702,0.5
E,+ interactions: lumps eps into residual,0.7423906531640203,0.24248961322618645,0.26711101124069486,1.2176702950873457,TRUE,1.2775150707656513,NA,NA,0.21903782974628036,50,702,0.5
F,+ (1|item:variant:judge:temp): splits eps/rho,0.7423906531640204,0.2409530310849039,0.2701227122376088,1.214658594090432,TRUE,1.2694198504515062,0.03749064327208187,0.09966905095244354,NA,50,702,0.5
A,"1 obs/item, naive SE",0.2891230120358887,0.08372421990486748,0.12502354102234844,0.4532224830494289,FALSE,0.44108673890620576,NA,NA,NA,50,703,0.5
B,+ (1|variant): captures phi,0.10678597052099392,0.13670636535168093,-0.1611585055683007,0.37473044661028854,FALSE,0.7202141142576072,NA,NA,NA,50,703,0.5
C,+ (1|judge): captures lambda,0.2486666017526578,0.1366709991603631,-0.01920855660165388,0.5165417601069695,TRUE,0.7200277935249251,NA,NA,NA,50,703,0.5
D,+ (1|temp): captures tau,0.42903260362121665,0.2474809822782059,-0.0560301216440669,0.9140953288865001,TRUE,1.3038112452816304,NA,NA,NA,50,703,0.5
E,+ interactions: lumps eps into residual,0.42903260362121665,0.23282687237556257,-0.027308066234885964,0.8853732734773192,TRUE,1.2266085725559297,NA,NA,0.22203162609354873,50,703,0.5
F,+ (1|item:variant:judge:temp): splits eps/rho,0.42903260362121687,0.2317183120278945,-0.02513528795345632,0.8832004951958901,TRUE,1.2207683118859678,0.040152419740254415,0.10045785603120932,NA,50,703,0.5
A,"1 obs/item, naive SE",-0.005490632612804701,0.07262925659907125,-0.14784397554698434,0.13686271032137495,FALSE,0.382634821547067,NA,NA,NA,50,704,0.5
B,+ (1|variant): captures phi,0.2970906867476216,0.15863657606319773,-0.013837002336245907,0.6080183758314892,TRUE,0.8357496801578936,NA,NA,NA,50,704,0.5
C,+ (1|judge): captures lambda,0.8399822948468207,0.31361134285269265,0.22530406285554316,1.4546605268380983,TRUE,1.6522077441876306,NA,NA,NA,50,704,0.5
D,+ (1|temp): captures tau,0.6938388126930262,0.2850105997104411,0.13521803726056159,1.2524595881254907,TRUE,1.5015296185837834,NA,NA,NA,50,704,0.5
E,+ interactions: lumps eps into residual,0.6938388126930262,0.27388651717938384,0.15702123902143383,1.2306563863646185,TRUE,1.4429242915646385,NA,NA,0.20741209914860484,50,704,0.5
F,+ (1|item:variant:judge:temp): splits eps/rho,0.693838812693026,0.2727476276611399,0.15925346247719185,1.2284241629088601,TRUE,1.4369242468446344,0.03948559331713812,0.09805038873312391,NA,50,704,0.5
A,"1 obs/item, naive SE",0.17406111441458244,0.08352360319168146,0.010354852158886763,0.3377673766702781,FALSE,0.44002982405062574,NA,NA,NA,50,705,0.5
B,+ (1|variant): captures phi,0.10031826521651266,0.09690004399264629,-0.08960582100907408,0.2902423514420994,FALSE,0.5105013155470365,NA,NA,NA,50,705,0.5
C,+ (1|judge): captures lambda,0.2282791957930175,0.13643923643300113,-0.039141707615664684,0.49570009920169966,FALSE,0.7188067912184448,NA,NA,NA,50,705,0.5
D,+ (1|temp): captures tau,0.26613540573622546,0.15338525345544904,-0.03449969103645467,0.5667705025089056,TRUE,0.8080839847757424,NA,NA,NA,50,705,0.5
E,+ interactions: lumps eps into residual,0.26613540573622546,0.14339361631411768,-0.014916082239445183,0.5471868937118961,TRUE,0.7554447526872061,NA,NA,0.21182837516071973,50,705,0.5
F,+ (1|item:variant:judge:temp): splits eps/rho,0.26613540573622546,0.14177587103636302,-0.011745301495046045,0.544016112967497,TRUE,0.7469219382643723,0.042433471549743494,0.09861784793422411,NA,50,705,0.5
A,"1 obs/item, naive SE",0.5137599764629207,0.08338273438075333,0.3503298170766442,0.6771901358491972,TRUE,0.43928768080346875,NA,NA,NA,50,706,0.5
B,+ (1|variant): captures phi,0.5460954854087579,0.15101438180814147,0.25010729706480056,0.8420836737527151,TRUE,0.7955934528309321,NA,NA,NA,50,706,0.5
C,+ (1|judge): captures lambda,0.6741182295598426,0.22037086948314935,0.24219132537286986,1.1060451337468153,TRUE,1.1609862508207898,NA,NA,NA,50,706,0.5
D,+ (1|temp): captures tau,0.5825792040000598,0.25986248011993307,0.07324874296499095,1.0919096650351285,TRUE,1.3690410498947656,NA,NA,NA,50,706,0.5
E,+ interactions: lumps eps into residual,0.5825792040000598,0.2501190268166163,0.09234591143949189,1.0728124965606276,TRUE,1.3177093319267963,NA,NA,0.21215837125871861,50,706,0.5
F,+ (1|item:variant:judge:temp): splits eps/rho,0.5825792040000598,0.24884245972161634,0.0948479829456918,1.0703104250544277,TRUE,1.3109839564312908,0.03837547010871087,0.10096224236965737,NA,50,706,0.5
A,"1 obs/item, naive SE",0.18102393679497453,0.07859164787960722,0.026984306950944364,0.3350635666390047,FALSE,0.4140466606660542,NA,NA,NA,50,707,0.5
B,+ (1|variant): captures phi,0.43496670635514306,0.11206415223212671,0.21532096798017472,0.6546124447301114,TRUE,0.5903908273200125,NA,NA,NA,50,707,0.5
C,+ (1|judge): captures lambda,0.43890931944620426,0.13857251331498166,0.1673071933488402,0.7105114455435684,TRUE,0.7300455957618132,NA,NA,NA,50,707,0.5
D,+ (1|temp): captures tau,0.5763004367055805,0.1645231460297362,0.2538350704872976,0.8987658029238634,TRUE,0.8667620676466508,NA,NA,NA,50,707,0.5
E,+ interactions: lumps eps into residual,0.5763004367055805,0.14720901845536563,0.2877707605330639,0.8648301128780971,TRUE,0.7755455465794759,NA,NA,0.21252349536127757,50,707,0.5
F,+ (1|item:variant:judge:temp): splits eps/rho,0.5763004367055804,0.14501728054859936,0.29206656683032567,0.8605343065808351,TRUE,0.7639987501216394,0.04095301758567716,0.09980931863469304,NA,50,707,0.5
A,"1 obs/item, naive SE",0.5812618763567026,0.0780375699708635,0.4283082392138101,0.734215513499595,TRUE,0.411127595930122,NA,NA,NA,50,708,0.5
B,+ (1|variant): captures phi,0.4445412003645431,0.08290419679987422,0.28204897463678963,0.6070334260922965,TRUE,0.4367665873703634,NA,NA,NA,50,708,0.5
C,+ (1|judge): captures lambda,0.7735123065640274,0.25443660419896713,0.2748165623340518,1.272208050794003,TRUE,1.340455750223918,NA,NA,NA,50,708,0.5
D,+ (1|temp): captures tau,0.5643792608935273,0.2656046500622521,0.043794146771513165,1.0849643750155415,TRUE,1.3992926905428438,NA,NA,NA,50,708,0.5
E,+ interactions: lumps eps into residual,0.5643792608935273,0.2535535083961145,0.06741438443714287,1.0613441373499117,TRUE,1.33580331096244,NA,NA,0.22018052976314434,50,708,0.5
F,+ (1|item:variant:judge:temp): splits eps/rho,0.5643792608935273,0.2521905126946125,0.07008585601208678,1.0586726657749679,TRUE,1.3286226011295887,0.039692868567855255,0.10210499738714963,NA,50,708,0.5
A,"1 obs/item, naive SE",0.17321737127223627,0.07996471201027368,0.016486535732099877,0.3299482068123727,FALSE,0.4212804142966395,NA,NA,NA,50,709,0.5
B,+ (1|variant): captures phi,0.0813143628260988,0.21124002075557347,-0.33271607785482515,0.4953448035070228,FALSE,1.1128819353279897,NA,NA,NA,50,709,0.5
C,+ (1|judge): captures lambda,0.5171492114996408,0.305195551417041,-0.08103406927775958,1.1153324922770411,TRUE,1.6078705857896873,NA,NA,NA,50,709,0.5
D,+ (1|temp): captures tau,0.5343810256243546,0.27249360359123537,2.93562585533369e-4,1.068468488663176,TRUE,1.4355859644608129,NA,NA,NA,50,709,0.5
E,+ interactions: lumps eps into residual,0.5343810256243546,0.26259687411441435,0.01969115236010255,1.0490708988886066,TRUE,1.3834467371771422,NA,NA,0.22083810056675984,50,709,0.5
F,+ (1|item:variant:judge:temp): splits eps/rho,0.5343810256243546,0.2611570917927903,0.022513125710485693,1.0462489255382237,TRUE,1.3758614901637742,0.03751337955625488,0.09986965618028461,NA,50,709,0.5
A,"1 obs/item, naive SE",-0.2664745664231431,0.07819068970936435,-0.4197283182534972,-0.11322081459278896,FALSE,0.4119342810947524,NA,NA,NA,50,710,0.5
B,+ (1|variant): captures phi,-0.11783893554406252,0.16255451842022883,-0.436445791647711,0.200767920559586,FALSE,0.8563906896465335,NA,NA,NA,50,710,0.5
C,+ (1|judge): captures lambda,0.3421094895785926,0.28997986645171026,-0.22625104866675944,0.9104700278239446,TRUE,1.5277093508542305,NA,NA,NA,50,710,0.5
D,+ (1|temp): captures tau,0.5461753533140151,0.333640166249397,-0.10775937253480306,1.2001100791628332,TRUE,1.7577261760848628,NA,NA,NA,50,710,0.5
E,+ interactions: lumps eps into residual,0.5461753533140151,0.324245634736035,-0.08934609076861355,1.181696797396644,TRUE,1.7082326929148928,NA,NA,0.21066396705874807,50,710,0.5
F,+ (1|item:variant:judge:temp): splits eps/rho,0.5461753533140151,0.32320703842108994,-0.08731044199132121,1.1796611486193513,TRUE,1.7027610257901389,0.03737728534910898,0.09877515918312561,NA,50,710,0.5
A,"1 obs/item, naive SE",1.1081626198876575,0.08456646667623606,0.9424123452022348,1.2739128945730802,FALSE,0.4455239720289434,NA,NA,NA,50,711,0.5
B,+ (1|variant): captures phi,0.8146312791383169,0.19894246679611083,0.42470404421793967,1.204558514058694,TRUE,1.0480943747073488,NA,NA,NA,50,711,0.5
C,+ (1|judge): captures lambda,0.8546536909928708,0.18027991913686142,0.5013050494846224,1.208002332501119,FALSE,0.9497739329516246,NA,NA,NA,50,711,0.5
D,+ (1|temp): captures tau,0.6126758939476313,0.24988081076614221,0.12290950484599261,1.1024422830492702,TRUE,1.316454331390773,NA,NA,NA,50,711,0.5
E,+ interactions: lumps eps into residual,0.6126758939476313,0.23475484809646407,0.15255639167856178,1.072795396216701,TRUE,1.2367657830308565,NA,NA,0.2149375953755118,50,711,0.5
F,+ (1|item:variant:judge:temp): splits eps/rho,0.6126758939476314,0.2338420878118379,0.15434540183642914,1.0710063860588337,TRUE,1.2319570615186546,0.04013485828077228,0.1009480288674407,NA,50,711,0.5
A,"1 obs/item, naive SE",-0.27647765951434017,0.06406369574090819,-0.40204250316652024,-0.15091281586216013,FALSE,0.3375086285515066,NA,NA,NA,50,712,0.5
B,+ (1|variant): captures phi,-0.019795790840008168,0.14006252416129208,-0.2943183381961406,0.2547267565161243,FALSE,0.7378954631703207,NA,NA,NA,50,712,0.5
C,+ (1|judge): captures lambda,0.17287474189814014,0.13489568149437486,-0.09152079383083458,0.4372702776271149,FALSE,0.710674835913578,NA,NA,NA,50,712,0.5
D,+ (1|temp): captures tau,0.5339143832825648,0.25901993022608294,0.02623532003944229,1.0415934465256873,TRUE,1.3646022198230563,NA,NA,NA,50,712,0.5
E,+ interactions: lumps eps into residual,0.5339143832825648,0.2503068110025246,0.04331303371761658,1.024515732847513,TRUE,1.3186986408062886,NA,NA,0.2180914895148327,50,712,0.5
F,+ (1|item:variant:judge:temp): splits eps/rho,0.5339143832825647,0.24917245403409216,0.045536373375744066,1.0222923931893853,TRUE,1.3127224750500723,0.04003446710283905,0.09879400967821914,NA,50,712,0.5
A,"1 obs/item, naive SE",0.714065899757227,0.09393343957302859,0.5299563581940909,0.8981754413203631,FALSE,0.4948722673389942,NA,NA,NA,50,713,0.5
B,+ (1|variant): captures phi,0.35444967496144064,0.15609170184750193,0.04850993934033687,0.6603894105825444,TRUE,0.8223424454293621,NA,NA,NA,50,713,0.5
C,+ (1|judge): captures lambda,0.21066484689241033,0.24231002628604018,-0.26426280462822843,0.685592498413049,TRUE,1.2765689476740385,NA,NA,NA,50,713,0.5
D,+ (1|temp): captures tau,0.46766044132955,0.2141378115859583,0.047950330621071735,0.8873705520380282,TRUE,1.1281484509056696,NA,NA,NA,50,713,0.5
E,+ interactions: lumps eps into residual,0.46766044132955,0.19673132981126454,0.08206703489947148,0.8532538477596285,TRUE,1.0364453775231535,NA,NA,0.2266828176398665,50,713,0.5
F,+ (1|item:variant:judge:temp): splits eps/rho,0.46766044132955,0.19483872189937806,0.08577654640676896,0.849544336252331,TRUE,1.02647449630347,0.0411094559457027,0.09864386515401881,NA,50,713,0.5
A,"1 obs/item, naive SE",-0.23896189094869433,0.07128710079134472,-0.37868460849972996,-0.09923917339765867,FALSE,0.3755639031317411,NA,NA,NA,50,714,0.5
B,+ (1|variant): captures phi,0.07375252070896601,0.16260781036938549,-0.2449587876150295,0.3924638290329615,FALSE,0.8566714491697656,NA,NA,NA,50,714,0.5
C,+ (1|judge): captures lambda,0.2836509595075547,0.1889637032254555,-0.08671789881433806,0.6540198178294474,TRUE,0.9955229648250273,NA,NA,NA,50,714,0.5
D,+ (1|temp): captures tau,0.5167975759658328,0.2187736514095843,0.08800121920304754,0.945593932728618,TRUE,1.1525715804638565,NA,NA,NA,50,714,0.5
E,+ interactions: lumps eps into residual,0.5167975759658328,0.20532129670021615,0.11436783443340909,0.9192273174982564,TRUE,1.0817001495194187,NA,NA,0.20763856315136317,50,714,0.5
F,+ (1|item:variant:judge:temp): splits eps/rho,0.5167975759658326,0.2037500333422596,0.1174475106150038,0.9161476413166615,TRUE,1.073422217144398,0.03801441255859643,0.09976070724346182,NA,50,714,0.5
A,"1 obs/item, naive SE",0.6169218200306135,0.09272039802438045,0.4351898399028278,0.7986538001583992,TRUE,0.488481565323987,NA,NA,NA,50,715,0.5
B,+ (1|variant): captures phi,0.6787110475343998,0.13187488704880712,0.4202362689187379,0.9371858261500617,TRUE,0.6947602968182548,NA,NA,NA,50,715,0.5
C,+ (1|judge): captures lambda,0.32354703922186545,0.2085363936615373,-0.08518429235474767,0.7322783707984786,TRUE,1.0986383382006364,NA,NA,NA,50,715,0.5
D,+ (1|temp): captures tau,0.5117644212371375,0.18648716636273197,0.14624957516618287,0.8772792673080921,TRUE,0.9824757537575376,NA,NA,NA,50,715,0.5
E,+ interactions: lumps eps into residual,0.5117644212371375,0.17735021449793537,0.1641580008211842,0.8593708416530907,TRUE,0.9343392849296949,NA,NA,0.21002030638640434,50,715,0.5
F,+ (1|item:variant:judge:temp): splits eps/rho,0.5117644212371373,0.17606975293729316,0.16666770548004273,0.8568611369942318,TRUE,0.927593392107759,0.039176950602196614,0.09991725940379681,NA,50,715,0.5
A,"1 obs/item, naive SE",-0.23504119482627556,0.07310202043757862,-0.37832115488392964,-0.09176123476862147,FALSE,0.3851254970055775,NA,NA,NA,50,716,0.5
B,+ (1|variant): captures phi,0.1786538375954086,0.19245701754972702,-0.19856191680205637,0.5558695919928736,TRUE,1.013926894118344,NA,NA,NA,50,716,0.5
C,+ (1|judge): captures lambda,0.2732662907314152,0.26052231661084885,-0.2373574498258486,0.783890031288679,TRUE,1.3725172856401695,NA,NA,NA,50,716,0.5
D,+ (1|temp): captures tau,0.5683891847842116,0.2718758834331845,0.03551245325517005,1.1012659163132532,TRUE,1.432331611414814,NA,NA,NA,50,716,0.5
E,+ interactions: lumps eps into residual,0.5683891847842116,0.2625560278922336,0.05377937011543377,1.0829989994529896,TRUE,1.383231545838736,NA,NA,0.22107346868241942,50,716,0.5
F,+ (1|item:variant:judge:temp): splits eps/rho,0.5683891847842116,0.2611430081475268,0.05654888881505915,1.0802294807533641,TRUE,1.375787292886472,0.03852094582956727,0.10124961160899809,NA,50,716,0.5
A,"1 obs/item, naive SE",0.507484583291201,0.08104382869007869,0.3486386790586468,0.6663304875237552,TRUE,0.42696555603621406,NA,NA,NA,50,717,0.5
B,+ (1|variant): captures phi,0.6024275505404086,0.24154661112041712,0.12899619274439111,1.0758589083364263,TRUE,1.2725470253889597,NA,NA,NA,50,717,0.5
C,+ (1|judge): captures lambda,0.6158151271474307,0.3835734221841259,-0.13598878033345596,1.3676190346283175,TRUE,2.0207909982861865,NA,NA,NA,50,717,0.5
D,+ (1|temp): captures tau,0.7980612055230824,0.287658488212729,0.23425056862613358,1.3618718424200311,TRUE,1.5154795664696936,NA,NA,NA,50,717,0.5
E,+ interactions: lumps eps into residual,0.7980612055230824,0.27060542622009104,0.2676745701317039,1.3284478409144609,TRUE,1.4256384247875753,NA,NA,0.20722626979051995,50,717,0.5
F,+ (1|item:variant:judge:temp): splits eps/rho,0.7980612055230824,0.2694337972274023,0.2699709629573739,1.3261514480887908,TRUE,1.4194658977436654,0.03723680546237629,0.10117982089251626,NA,50,717,0.5
A,"1 obs/item, naive SE",0.4875474446732398,0.0815293424571077,0.3277499334573087,0.6473449558891708,TRUE,0.42952340231338726,NA,NA,NA,50,718,0.5
B,+ (1|variant): captures phi,0.42122989039400094,0.13177044221984777,0.1629598236430993,0.6794999571449025,TRUE,0.6942100470929824,NA,NA,NA,50,718,0.5
C,+ (1|judge): captures lambda,0.44473542715718684,0.14849096340739612,0.15369313887869046,0.7357777154356833,TRUE,0.7822992543953373,NA,NA,NA,50,718,0.5
D,+ (1|temp): captures tau,0.5231499304626412,0.23956927187206895,0.053594157593386094,0.9927057033318964,TRUE,1.2621297516089691,NA,NA,NA,50,718,0.5
E,+ interactions: lumps eps into residual,0.5231499304626412,0.22261973762536158,0.08681524471693258,0.9594846162083499,TRUE,1.1728340281569725,NA,NA,0.22829936532088071,50,718,0.5
F,+ (1|item:variant:judge:temp): splits eps/rho,0.5231499304626412,0.22124366498710588,0.08951234708791372,0.9567875138373687,TRUE,1.1655844247184937,0.0409962735280887,0.0983649969201814,NA,50,718,0.5
A,"1 obs/item, naive SE",-0.18269301556901524,0.07916109574997211,-0.33784876323896057,-0.027537267899069906,FALSE,0.4170466994171078,NA,NA,NA,50,719,0.5
B,+ (1|variant): captures phi,0.2634801491740499,0.25750258119817176,-0.2412249099743668,0.7681852083224665,TRUE,1.3566083258785762,NA,NA,NA,50,719,0.5
C,+ (1|judge): captures lambda,0.5769749391163838,0.2977270489135244,-0.006570076754124132,1.1605199549868916,TRUE,1.5685240571802586,NA,NA,NA,50,719,0.5
D,+ (1|temp): captures tau,0.4493807949353494,0.2282232747241775,0.0020631764759614923,0.8966984133947373,TRUE,1.202355305370007,NA,NA,NA,50,719,0.5
E,+ interactions: lumps eps into residual,0.4493807949353494,0.2153058164383995,0.02738139471608636,0.8713801951546124,TRUE,1.1343018847862754,NA,NA,0.2108296662221824,50,719,0.5
F,+ (1|item:variant:judge:temp): splits eps/rho,0.44938079493534955,0.2145436876778371,0.028875167086788833,0.8698864227839103,TRUE,1.1302867397063325,0.0396756596468663,0.09760091401953652,NA,50,719,0.5
A,"1 obs/item, naive SE",0.9202593248922333,0.06255935701197797,0.7976429851487564,1.04287566463571,FALSE,0.32958327714294056,NA,NA,NA,50,720,0.5
B,+ (1|variant): captures phi,0.8556246114700432,0.1240670009210111,0.6124532896648615,1.098795933275225,FALSE,0.6536257836060232,NA,NA,NA,50,720,0.5
C,+ (1|judge): captures lambda,0.6746372274527621,0.14932985155767484,0.38195071839971945,0.9673237365058047,TRUE,0.7867187931970596,NA,NA,NA,50,720,0.5
D,+ (1|temp): captures tau,0.518688211834693,0.18481843347511023,0.156444082223477,0.8809323414459092,TRUE,0.9736843198290643,NA,NA,NA,50,720,0.5
E,+ interactions: lumps eps into residual,0.518688211834693,0.16790390505452596,0.18959655792782215,0.8477798657415639,TRUE,0.8845730185873301,NA,NA,0.21283328759869127,50,720,0.5
F,+ (1|item:variant:judge:temp): splits eps/rho,0.5186882118346929,0.16596625561636233,0.19339435082662276,0.8439820728427632,TRUE,0.8743648437868462,0.039918340172808785,0.0983950398248027,NA,50,720,0.5
A,"1 obs/item, naive SE",0.5177101860546195,0.0860003128713923,0.34914957282669057,0.6862707992825484,TRUE,0.4530779455748679,NA,NA,NA,50,721,0.5
B,+ (1|variant): captures phi,0.38959528045648,0.16570406329533194,0.06481531639762944,0.7143752445153306,TRUE,0.8729835283684291,NA,NA,NA,50,721,0.5
C,+ (1|judge): captures lambda,0.37184336643909843,0.12472777041140408,0.12737693643274645,0.6163097964454505,TRUE,0.6571069346996652,NA,NA,NA,50,721,0.5
D,+ (1|temp): captures tau,0.20533549863863737,0.16576249555473468,-0.11955899264864261,0.5302299899259173,TRUE,0.8732913687373948,NA,NA,NA,50,721,0.5
E,+ interactions: lumps eps into residual,0.20533549863863737,0.14586591972023316,-0.0805617040130196,0.49123270129029434,FALSE,0.7684696605123166,NA,NA,0.20703473851189302,50,721,0.5
F,+ (1|item:variant:judge:temp): splits eps/rho,0.2053354986386374,0.14460006053690935,-0.07808062001370494,0.4887516172909797,FALSE,0.7618006978188308,0.04073369249462184,0.10000040359162782,NA,50,721,0.5
A,"1 obs/item, naive SE",-0.03586571354633432,0.08675836992205788,-0.20591211859356773,0.13418069150089912,FALSE,0.4570716395473273,NA,NA,NA,50,722,0.5
B,+ (1|variant): captures phi,0.27696677066763625,0.12846428296120535,0.025176776063673745,0.5287567652715988,TRUE,0.6767921122665229,NA,NA,NA,50,722,0.5
C,+ (1|judge): captures lambda,0.3702324524102335,0.13406685106233618,0.10746142432805461,0.6330034804924124,TRUE,0.7063082844809153,NA,NA,NA,50,722,0.5
D,+ (1|temp): captures tau,0.594641737462716,0.18301791792308458,0.23592661833347023,0.9533568565919617,TRUE,0.9641986114630109,NA,NA,NA,50,722,0.5
E,+ interactions: lumps eps into residual,0.594641737462716,0.1734234982722245,0.254731680849156,0.934551794076276,TRUE,0.9136520518139141,NA,NA,0.20938622173772387,50,722,0.5
F,+ (1|item:variant:judge:temp): splits eps/rho,0.5946417374627159,0.1721455676889876,0.2572364247923002,0.9320470501331315,TRUE,0.906919493013737,0.03883005640839472,0.10329527020812176,NA,50,722,0.5
A,"1 obs/item, naive SE",0.5726274400356576,0.09232698343366968,0.39166655250566496,0.7535883275656502,TRUE,0.48640892781178435,NA,NA,NA,50,723,0.5
B,+ (1|variant): captures phi,0.5770980560319249,0.07059093217399572,0.43873982897089325,0.7154562830929565,TRUE,0.37189625778963786,NA,NA,NA,50,723,0.5
C,+ (1|judge): captures lambda,0.5867449537594921,0.08041001067452658,0.42914133283742,0.7443485746815641,TRUE,0.42362639418009235,NA,NA,NA,50,723,0.5
D,+ (1|temp): captures tau,0.2735082437292158,0.2615411043854946,-0.2391123208663536,0.7861288083247852,TRUE,1.3778845948568645,NA,NA,NA,50,723,0.5
E,+ interactions: lumps eps into residual,0.2735082437292158,0.24646299020633233,-0.2095592170751956,0.7565757045336272,TRUE,1.2984481280889557,NA,NA,0.22096156935950403,50,723,0.5
F,+ (1|item:variant:judge:temp): splits eps/rho,0.27350824372921595,0.2450342967662508,-0.2067589779326356,0.7537754653910675,TRUE,1.2909213009522167,0.042353878309738135,0.10137693242693112,NA,50,723,0.5
A,"1 obs/item, naive SE",0.9595411704560268,0.07380757592234917,0.8148783216482225,1.1042040192638312,FALSE,0.3888425954538933,NA,NA,NA,50,724,0.5
B,+ (1|variant): captures phi,0.5765844972767937,0.17342506226948018,0.2366713752286126,0.9164976193249749,TRUE,0.9136602914660714,NA,NA,NA,50,724,0.5
C,+ (1|judge): captures lambda,0.4910151719334477,0.18374531591471413,0.130874352740608,0.8511559911262874,TRUE,0.968030783424474,NA,NA,NA,50,724,0.5
D,+ (1|temp): captures tau,0.370293971939618,0.18642929516048995,0.004892553425057677,0.7356953904541783,TRUE,0.9821708692223038,NA,NA,NA,50,724,0.5
E,+ interactions: lumps eps into residual,0.370293971939618,0.1716852341639621,0.03379091297825226,0.7067970309009837,TRUE,0.9044943045366941,NA,NA,0.21158804748382115,50,724,0.5
F,+ (1|item:variant:judge:temp): splits eps/rho,0.37029397193961805,0.17095631531488625,0.035219593922441006,0.7053683499567951,TRUE,0.900654120197784,0.04219618623138968,0.09975562250663093,NA,50,724,0.5
A,"1 obs/item, naive SE",0.8263494375268082,0.08541707132369557,0.6589319777323649,0.9937668973212516,FALSE,0.45000523719298663,NA,NA,NA,50,725,0.5
B,+ (1|variant): captures phi,0.7783915711850853,0.19773960205603758,0.39082195115525165,1.1659611912149188,TRUE,1.0417572874684706,NA,NA,NA,50,725,0.5
C,+ (1|judge): captures lambda,0.6699256790613463,0.20742141332420017,0.26337970894591395,1.0764716491767785,TRUE,1.0927642549126775,NA,NA,NA,50,725,0.5
D,+ (1|temp): captures tau,0.5243093740571909,0.212100650134668,0.10859209979324164,0.9400266483211401,TRUE,1.1174160140768037,NA,NA,NA,50,725,0.5
E,+ interactions: lumps eps into residual,0.5243093740571909,0.19920527676825392,0.13386703159141322,0.9147517165229686,TRUE,1.0494789441150583,NA,NA,0.20629816207139665,50,725,0.5
F,+ (1|item:variant:judge:temp): splits eps/rho,0.5243093740571906,0.19762757002791653,0.13695933680247419,0.911659411311907,TRUE,1.0411670658815377,0.03802253500754371,0.09981796969211494,NA,50,725,0.5
A,"1 obs/item, naive SE",0.48397108514974174,0.08273289866780409,0.3218146037608457,0.6461275665386378,TRUE,0.43586413244702826,NA,NA,NA,50,726,0.5
B,+ (1|variant): captures phi,0.7818092005204555,0.14609397921969106,0.4954650012498611,1.06815339979105,TRUE,0.7696711529956956,NA,NA,NA,50,726,0.5
C,+ (1|judge): captures lambda,0.5339652074870475,0.22115903729737393,0.10049349438419453,0.9674369205899004,TRUE,1.1651385782032626,NA,NA,NA,50,726,0.5
D,+ (1|temp): captures tau,0.3844014356204152,0.19710407650093328,-0.0019225543214140273,0.7707254255622444,TRUE,1.0384091297321425,NA,NA,NA,50,726,0.5
E,+ interactions: lumps eps into residual,0.3844014356204152,0.18321049146231316,0.025308872354281364,0.743493998886549,TRUE,0.9652131522316735,NA,NA,0.20917882734422888,50,726,0.5
F,+ (1|item:variant:judge:temp): splits eps/rho,0.38440143562041523,0.1815470935930786,0.028569132177981182,0.7402337390628493,TRUE,0.9564498249354876,0.03913979679296409,0.10052713769919867,NA,50,726,0.5
A,"1 obs/item, naive SE",0.08969673908580819,0.08560212037064734,-0.07808341684066059,0.257476895012277,FALSE,0.4509801364604913,NA,NA,NA,50,727,0.5
B,+ (1|variant): captures phi,0.2817207274674264,0.12159879731267519,0.043387084734583026,0.5200543702002698,TRUE,0.6406224748646046,NA,NA,NA,50,727,0.5
C,+ (1|judge): captures lambda,0.206090290445188,0.15201778263926424,-0.0918645635277699,0.504045144418146,TRUE,0.8008796985662594,NA,NA,NA,50,727,0.5
D,+ (1|temp): captures tau,0.6060716065404311,0.24822626962612548,0.11954811807322518,1.092595095007637,TRUE,1.307737664258307,NA,NA,NA,50,727,0.5
E,+ interactions: lumps eps into residual,0.6060716065404311,0.23992498143436303,0.13581864292907958,1.0763245701517827,TRUE,1.2640037466250866,NA,NA,0.21603103077299798,50,727,0.5
F,+ (1|item:variant:judge:temp): splits eps/rho,0.606071606540431,0.2384581119083463,0.1386937072000723,1.0734495058807898,TRUE,1.2562757953062593,0.039318299637405886,0.10023778881069857,NA,50,727,0.5
A,"1 obs/item, naive SE",0.5379116864510537,0.07195143536777164,0.3968868731302213,0.6789364997718861,TRUE,0.3790638362716586,NA,NA,NA,50,728,0.5
B,+ (1|variant): captures phi,0.36692670665885607,0.11014720038859542,0.15103819389720904,0.5828152194205031,TRUE,0.5802916942583464,NA,NA,NA,50,728,0.5
C,+ (1|judge): captures lambda,0.39162061764535067,0.1628084789444719,0.07251599891418575,0.7107252363765155,TRUE,0.8577286372509013,NA,NA,NA,50,728,0.5
D,+ (1|temp): captures tau,0.28598969740370384,0.1917826473622659,-0.08990429142633732,0.6618836862337449,TRUE,1.0103740900774012,NA,NA,NA,50,728,0.5
E,+ interactions: lumps eps into residual,0.28598969740370384,0.17726269913585163,-0.06144519290256534,0.633424587709973,TRUE,0.9338782252063607,NA,NA,0.2259096255104752,50,728,0.5
F,+ (1|item:variant:judge:temp): splits eps/rho,0.2859896974037039,0.17501064745393075,-0.05703117160600035,0.6290105664134081,TRUE,0.9220136759354874,0.041652710910854686,0.09845714323119382,NA,50,728,0.5
A,"1 obs/item, naive SE",0.43696659908323715,0.0824930181605475,0.27528028348856404,0.5986529146779103,TRUE,0.4346003630050054,NA,NA,NA,50,729,0.5
B,+ (1|variant): captures phi,0.49655865987598974,0.1381129677709947,0.22585724304484017,0.7672600767071394,TRUE,0.7276245586281569,NA,NA,NA,50,729,0.5
C,+ (1|judge): captures lambda,0.44926177695143993,0.2502849012020037,-0.041296629404487306,0.9398201833073672,TRUE,1.3185832127679882,NA,NA,NA,50,729,0.5
D,+ (1|temp): captures tau,0.5233726456563943,0.22298308755484658,0.08632579404889501,0.9604194972638935,TRUE,1.1747482751414227,NA,NA,NA,50,729,0.5
E,+ interactions: lumps eps into residual,0.5233726456563943,0.20289787635025466,0.12569280800989518,0.9210524833028935,TRUE,1.068932773718509,NA,NA,0.23485753992467343,50,729,0.5
F,+ (1|item:variant:judge:temp): splits eps/rho,0.5233726456563944,0.20091793477947287,0.12957349348862762,0.9171717978241611,TRUE,1.0585017900476752,0.04273944057621706,0.10066681967436598,NA,50,729,0.5
A,"1 obs/item, naive SE",0.4696540999589136,0.09408514820217047,0.28524720948265947,0.6540609904351677,TRUE,0.495671518315213,NA,NA,NA,50,730,0.5
B,+ (1|variant): captures phi,0.5741922107542925,0.11084960727461855,0.3569269804960401,0.7914574410125449,TRUE,0.5839922048524522,NA,NA,NA,50,730,0.5
C,+ (1|judge): captures lambda,0.4678350289455461,0.1691131530690859,0.1363732489301378,0.7992968089609545,TRUE,0.8909437350165439,NA,NA,NA,50,730,0.5
D,+ (1|temp): captures tau,0.43017168024344715,0.219310389496658,3.233168299975331e-4,0.8600200436568968,TRUE,1.1553992933137713,NA,NA,NA,50,730,0.5
E,+ interactions: lumps eps into residual,0.43017168024344715,0.20785919464873076,0.02276765873193487,0.8375757017549594,TRUE,1.0950706309769829,NA,NA,0.2135571519466522,50,730,0.5
F,+ (1|item:variant:judge:temp): splits eps/rho,0.43017168024344704,0.20619864353752917,0.026022338909889864,0.8343210215770043,TRUE,1.0863223013388061,0.03590201928514149,0.0999720826250258,NA,50,730,0.5
A,"1 obs/item, naive SE",0.7133853493328712,0.07982206594193487,0.5569341000866789,0.8698365985790636,FALSE,0.4205289078726579,NA,NA,NA,50,731,0.5
B,+ (1|variant): captures phi,0.2882781252674016,0.18163865375677093,-0.06773363609586941,0.6442898866306725,TRUE,0.9569321940045892,NA,NA,NA,50,731,0.5
C,+ (1|judge): captures lambda,0.39926369498097436,0.24481105436530914,-0.08056597157503154,0.8790933615369803,TRUE,1.2897451865288296,NA,NA,NA,50,731,0.5
D,+ (1|temp): captures tau,0.48152937012515373,0.27349649829163475,-0.05452376652645041,1.0175825067767579,TRUE,1.4408695437329533,NA,NA,NA,50,731,0.5
E,+ interactions: lumps eps into residual,0.48152937012515373,0.2589520302551002,-0.02601660917484272,0.9890753494251502,TRUE,1.3642445004342507,NA,NA,0.21704785491191522,50,731,0.5
F,+ (1|item:variant:judge:temp): splits eps/rho,0.4815293701251538,0.25804846551575544,-0.024245622285726853,0.9873043625360345,TRUE,1.3594842240802747,0.042071889749488764,0.0989075184854736,NA,50,731,0.5
A,"1 obs/item, naive SE",0.11000363696908914,0.08808153219604417,-0.06263616613515742,0.2826434400733357,FALSE,0.4640424937773159,NA,NA,NA,50,732,0.5
B,+ (1|variant): captures phi,0.13335185063783286,0.1598267790742567,-0.17990863634771023,0.44661233762337593,FALSE,0.8420200612421349,NA,NA,NA,50,732,0.5
C,+ (1|judge): captures lambda,0.2965655494467406,0.13826785632921,0.02556055104148902,0.5675705478519921,TRUE,0.7284405625170518,NA,NA,NA,50,732,0.5
D,+ (1|temp): captures tau,0.288939563594847,0.18230731233206524,-0.06838276857600084,0.6462618957656949,TRUE,0.9604549073932999,NA,NA,NA,50,732,0.5
E,+ interactions: lumps eps into residual,0.288939563594847,0.16980432807708826,-0.04387691943624594,0.62175604662594,TRUE,0.894585072381522,NA,NA,0.22607852344988089,50,732,0.5
F,+ (1|item:variant:judge:temp): splits eps/rho,0.28893956359484707,0.16758838443806826,-0.03953366990376672,0.6174127970934609,TRUE,0.8829107521615678,0.040803181732729184,0.10027662359870299,NA,50,732,0.5
A,"1 obs/item, naive SE",0.10359559408843,0.07302700306812948,-0.03953733192510378,0.24672852010196378,FALSE,0.3847302808197565,NA,NA,NA,50,733,0.5
B,+ (1|variant): captures phi,0.46896586068365226,0.17731237822803825,0.12143359935669729,0.8164981220106072,TRUE,0.9341399510103073,NA,NA,NA,50,733,0.5
C,+ (1|judge): captures lambda,0.3865205273500149,0.18653282500809026,0.02091619033415798,0.7521248643658718,TRUE,0.9827162985247131,NA,NA,NA,50,733,0.5
D,+ (1|temp): captures tau,0.4258855084130637,0.19976743048099127,0.03434134467032085,0.8174296721558065,TRUE,1.0524405548436753,NA,NA,NA,50,733,0.5
E,+ interactions: lumps eps into residual,0.4258855084130637,0.17586083117226553,0.08119827931542328,0.7705727375107041,TRUE,0.9264927235064,NA,NA,0.21635145766856576,50,733,0.5
F,+ (1|item:variant:judge:temp): splits eps/rho,0.4258855084130638,0.17399020667844894,0.08486470332330387,0.7669063135028237,TRUE,0.916637658166488,0.04141104151057588,0.10116445822525964,NA,50,733,0.5
A,"1 obs/item, naive SE",0.7824007042124115,0.08923453615112072,0.6075010133562149,0.9573003950686081,FALSE,0.47011689799474,NA,NA,NA,50,734,0.5
B,+ (1|variant): captures phi,0.49739330909730006,0.16136677592633653,0.1811144282816805,0.8136721899129196,TRUE,0.8501332713763297,NA,NA,NA,50,734,0.5
C,+ (1|judge): captures lambda,0.570701520434028,0.19193771990801323,0.19450358941432205,0.9468994514537339,TRUE,1.0111910632731536,NA,NA,NA,50,734,0.5
D,+ (1|temp): captures tau,0.5526494229886081,0.18325728349638215,0.19346514733569908,0.9118336986415171,TRUE,0.9654596680635048,NA,NA,NA,50,734,0.5
E,+ interactions: lumps eps into residual,0.5526494229886081,0.17070882485819566,0.21806012626654458,0.8872387197106716,TRUE,0.8993502590381806,NA,NA,0.21368379185164862,50,734,0.5
F,+ (1|item:variant:judge:temp): splits eps/rho,0.552649422988608,0.16954032738794717,0.22035038130823154,0.8849484646689845,TRUE,0.8931942298848757,0.03941493737479352,0.09947057150680678,NA,50,734,0.5
A,"1 obs/item, naive SE",0.6615660323979942,0.10901175979012773,0.44790298320934385,0.8752290815866445,TRUE,0.5743098195825489,NA,NA,NA,50,735,0.5
B,+ (1|variant): captures phi,0.7773432012438467,0.09783037003735641,0.5855956759706281,0.9690907265170653,FALSE,0.5154025792631627,NA,NA,NA,50,735,0.5
C,+ (1|judge): captures lambda,0.8436579794575553,0.15497133493699397,0.5399141629810471,1.1474017959340634,FALSE,0.8164399839015523,NA,NA,NA,50,735,0.5
D,+ (1|temp): captures tau,0.5486403111873672,0.24733157582938184,0.06387042256177883,1.0334101998129557,TRUE,1.3030241229488306,NA,NA,NA,50,735,0.5
E,+ interactions: lumps eps into residual,0.5486403111873672,0.2421460560377477,0.07403404135338176,1.0232465810213527,TRUE,1.275705098453596,NA,NA,0.21110612657732356,50,735,0.5
F,+ (1|item:variant:judge:temp): splits eps/rho,0.5486403111873674,0.24085549143000026,0.07656354798456694,1.020717074390168,TRUE,1.2689059794552238,0.0395845737271369,0.10180120022803861,NA,50,735,0.5
A,"1 obs/item, naive SE",0.2613047075867133,0.10461937763754926,0.05625072741711676,0.46635868775630984,FALSE,0.5511693051422583,NA,NA,NA,50,736,0.5
B,+ (1|variant): captures phi,0.029803718789333918,0.2085470948412272,-0.3789485870994714,0.4385560246781392,FALSE,1.0986947155363371,NA,NA,NA,50,736,0.5
C,+ (1|judge): captures lambda,0.1380381785476263,0.2507829357664788,-0.35349637555467217,0.6295727326499247,TRUE,1.3212070227259252,NA,NA,NA,50,736,0.5
D,+ (1|temp): captures tau,0.3202355673043186,0.27478235182976213,-0.21833784228201508,0.8588089768906524,TRUE,1.4476438432664462,NA,NA,NA,50,736,0.5
E,+ interactions: lumps eps into residual,0.3202355673043186,0.2706432278535643,-0.21022515928866742,0.8506962938973046,TRUE,1.4258375762308853,NA,NA,0.2154397710430391,50,736,0.5
F,+ (1|item:variant:judge:temp): splits eps/rho,0.3202355673043185,0.2693031791225268,-0.20759866377583408,0.8480697983844712,TRUE,1.4187777585888655,0.03550383761226877,0.09918165488509695,NA,50,736,0.5
A,"1 obs/item, naive SE",-0.21891465524216602,0.08898412050698665,-0.39332353143585985,-0.044505779048472194,FALSE,0.4687976259851865,NA,NA,NA,50,737,0.5
B,+ (1|variant): captures phi,0.08131415791798885,0.20807201864155891,-0.32650699861946664,0.48913531445544434,FALSE,1.0961918577983762,NA,NA,NA,50,737,0.5
C,+ (1|judge): captures lambda,0.4033762711176418,0.2632697887410457,-0.11263251481480768,0.9193850570500912,TRUE,1.3869918728446988,NA,NA,NA,50,737,0.5
D,+ (1|temp): captures tau,0.40475978017696235,0.22045800171589292,-0.027337903186187784,0.8368574635401125,TRUE,1.1614452920926959,NA,NA,NA,50,737,0.5
E,+ interactions: lumps eps into residual,0.40475978017696235,0.209846414437245,-0.00653919212003784,0.8160587524739625,TRUE,1.1055399586936412,NA,NA,0.21154058279809743,50,737,0.5
F,+ (1|item:variant:judge:temp): splits eps/rho,0.40475978017696257,0.20833967767980005,-0.003585988075445523,0.8131055484293707,TRUE,1.0976019736818172,0.040017875710826975,0.10030269469353645,NA,50,737,0.5
A,"1 obs/item, naive SE",0.8858554382652731,0.07945456184922266,0.7301244970407967,1.0415863794897495,FALSE,0.4185927753894493,NA,NA,NA,50,738,0.5
B,+ (1|variant): captures phi,0.9645710399115867,0.08181505211705344,0.804213537762162,1.1249285420610113,FALSE,0.43102861481130794,NA,NA,NA,50,738,0.5
C,+ (1|judge): captures lambda,0.6741726042780556,0.16333728324234265,0.354031529123064,0.9943136794330472,TRUE,0.8605145522887772,NA,NA,NA,50,738,0.5
D,+ (1|temp): captures tau,0.615691689436717,0.16585040833458653,0.29062488910092743,0.9407584897725066,TRUE,0.8737545221882969,NA,NA,NA,50,738,0.5
E,+ interactions: lumps eps into residual,0.615691689436717,0.1564826425670484,0.30898571000530217,0.9223976688681319,TRUE,0.8244020497742738,NA,NA,0.20731086908732882,50,738,0.5
F,+ (1|item:variant:judge:temp): splits eps/rho,0.6156916894367169,0.1550402193391926,0.31181285953189947,0.9195705193415344,TRUE,0.8168028895979185,0.04112715454337601,0.10165114675423034,NA,50,738,0.5
A,"1 obs/item, naive SE",0.5342472411374367,0.0792043442846319,0.37900672633955823,0.6894877559353152,TRUE,0.4172745469281056,NA,NA,NA,50,739,0.5
B,+ (1|variant): captures phi,0.5738598508464999,0.11515086757976777,0.34816415039015514,0.7995555513028447,TRUE,0.6066526594179378,NA,NA,NA,50,739,0.5
C,+ (1|judge): captures lambda,0.5958057839636935,0.13101483149572088,0.33901671423208063,0.8525948536953065,TRUE,0.6902292411736631,NA,NA,NA,50,739,0.5
D,+ (1|temp): captures tau,0.4623027883477104,0.2090239024114363,0.05261593962129524,0.8719896370741256,TRUE,1.1012066947039938,NA,NA,NA,50,739,0.5
E,+ interactions: lumps eps into residual,0.4623027883477104,0.20297416420629674,0.06447342650336879,0.860132150192052,TRUE,1.06933468324574,NA,NA,0.20557102189516555,50,739,0.5
F,+ (1|item:variant:judge:temp): splits eps/rho,0.46230278834771044,0.2014778144568058,0.0674062720123711,0.8571993046830497,TRUE,1.0614514204095375,0.041553034064319025,0.098894793020660815,NA,50,739,0.5
A,"1 obs/item, naive SE",0.9957632226206318,0.09407738648555215,0.8113715451089496,1.180154900132314,FALSE,0.4956306270381682,NA,NA,NA,50,740,0.5
B,+ (1|variant): captures phi,0.9941663196573548,0.08650682871628751,0.8246129353734313,1.1637197039412783,FALSE,0.4557464377087213,NA,NA,NA,50,740,0.5
C,+ (1|judge): captures lambda,0.5521001417892631,0.2374931300106871,0.08661360696831644,1.0175866766102097,TRUE,1.251191953153706,NA,NA,NA,50,740,0.5
D,+ (1|temp): captures tau,0.3022297897853556,0.2257822855650758,-0.14030348992219294,0.7447630694929042,TRUE,1.189495371301741,NA,NA,NA,50,740,0.5
E,+ interactions: lumps eps into residual,0.3022297897853556,0.20869616777100355,-0.10681469904581137,0.7112742786165225,TRUE,1.0994800807810532,NA,NA,0.21222121217592718,50,740,0.5
F,+ (1|item:variant:judge:temp): splits eps/rho,0.3022297897853555,0.20717971461409632,-0.10384245085827332,0.7083020304289842,TRUE,1.0914909065797973,0.041757598358478365,0.10105509335149747,NA,50,740,0.5
A,"1 obs/item, naive SE",0.32063416739766337,0.0964839269497417,0.13152567057616965,0.5097426642191571,TRUE,0.508309074046708,NA,NA,NA,50,741,0.5
B,+ (1|variant): captures phi,0.7247618688685146,0.18487594835686108,0.36240501008906684,1.0871187276479624,TRUE,0.9739873271507078,NA,NA,NA,50,741,0.5
C,+ (1|judge): captures lambda,0.5499992024426865,0.2121664816602277,0.13415289838864025,0.9658455064967328,TRUE,1.1177628362145235,NA,NA,NA,50,741,0.5
D,+ (1|temp): captures tau,0.4989683463604951,0.21623992058277508,0.07513810201825594,0.9227985907027343,TRUE,1.1392230527745775,NA,NA,NA,50,741,0.5
E,+ interactions: lumps eps into residual,0.4989683463604951,0.20320337313419365,0.10068973501747552,0.8972469577035147,TRUE,1.0705422312963413,NA,NA,0.213037351032167,50,741,0.5
F,+ (1|item:variant:judge:temp): splits eps/rho,0.4989683463604949,0.2015485722751889,0.10393314470112469,0.8940035480198651,TRUE,1.0618241958787888,0.03893520549495489,0.10040979335756382,NA,50,741,0.5
A,"1 obs/item, naive SE",0.5714888065042598,0.0779682551968153,0.41867102631850184,0.7243065866900178,TRUE,0.4107624228932435,NA,NA,NA,50,742,0.5
B,+ (1|variant): captures phi,0.49047086688818053,0.2292425848121785,0.04115540065631068,0.9397863331200504,TRUE,1.2077253663053185,NA,NA,NA,50,742,0.5
C,+ (1|judge): captures lambda,0.2905972428263651,0.19200733159471584,-0.08573712709927789,0.6669316127520082,TRUE,1.011557800543591,NA,NA,NA,50,742,0.5
D,+ (1|temp): captures tau,0.5026769284970414,0.25164372971522225,0.009455218255205788,0.995898638738877,TRUE,1.3257419684817993,NA,NA,NA,50,742,0.5
E,+ interactions: lumps eps into residual,0.5026769284970414,0.24159097101681629,0.029158625304081476,0.9761952316900013,TRUE,1.2727807279192809,NA,NA,0.2077309148582348,50,742,0.5
F,+ (1|item:variant:judge:temp): splits eps/rho,0.5026769284970415,0.24032447053876152,0.031640966241068935,0.973712890753014,TRUE,1.2661083866741418,0.04039889377144716,0.09982442877467311,NA,50,742,0.5
A,"1 obs/item, naive SE",0.7521116650965658,0.08808492155504319,0.5794652188486812,0.9247581113444504,FALSE,0.46406035003575047,NA,NA,NA,50,743,0.5
B,+ (1|variant): captures phi,0.5220853404461905,0.07948269355675469,0.36629926107495125,0.6778714198174297,TRUE,0.41874098248112795,NA,NA,NA,50,743,0.5
C,+ (1|judge): captures lambda,0.7778694149076196,0.1516545680800315,0.4806264614707579,1.0751123683444814,TRUE,0.7989661647568401,NA,NA,NA,50,743,0.5
D,+ (1|temp): captures tau,0.5125005580502263,0.2182594365587449,0.08471206239508627,0.9402890537053663,TRUE,1.149862527433424,NA,NA,NA,50,743,0.5
E,+ interactions: lumps eps into residual,0.5125005580502263,0.21297972585817138,0.09506029536821042,0.9299408207322422,TRUE,1.122047274237511,NA,NA,0.2030576992111669,50,743,0.5
F,+ (1|item:variant:judge:temp): splits eps/rho,0.5125005580502263,0.2115852591928522,0.097793450032236,0.9272076660682167,TRUE,1.1147007650121288,0.03858453882048361,0.09755382101331858,NA,50,743,0.5
A,"1 obs/item, naive SE",0.4881898246054095,0.08767624191387366,0.31634439045421714,0.6600352587566019,TRUE,0.46190729121494983,NA,NA,NA,50,744,0.5
B,+ (1|variant): captures phi,0.47814797222620264,0.1508232329557894,0.18253443563285543,0.7737615088195499,TRUE,0.794586417781511,NA,NA,NA,50,744,0.5
C,+ (1|judge): captures lambda,0.5898593967695521,0.16320462336068592,0.2699783349826077,0.9097404585564965,TRUE,0.8598156563820714,NA,NA,NA,50,744,0.5
D,+ (1|temp): captures tau,0.7213703678066172,0.184546886797174,0.3596584696841562,1.0830822659290782,TRUE,0.9722537225805286,NA,NA,NA,50,744,0.5
E,+ interactions: lumps eps into residual,0.7213703678066172,0.16648680110880743,0.3950562376333547,1.0476844979798798,TRUE,0.8771072487202791,NA,NA,0.2190995272315305,50,744,0.5
F,+ (1|item:variant:judge:temp): splits eps/rho,0.7213703678066172,0.16480519274622432,0.39835219002401756,1.044388545589217,TRUE,0.8682479825531892,0.03961260476131849,0.09862302767148062,NA,50,744,0.5
A,"1 obs/item, naive SE",0.3360189679281596,0.09131343799170853,0.1570446294644109,0.5149933063919083,TRUE,0.4810692369285982,NA,NA,NA,50,745,0.5
B,+ (1|variant): captures phi,0.18940845903239245,0.15116499113751472,-0.1068749235971364,0.4856918416619213,FALSE,0.7963869123342583,NA,NA,NA,50,745,0.5
C,+ (1|judge): captures lambda,0.10656398075060364,0.2063818002590555,-0.2979443477571451,0.5110723092583525,TRUE,1.0872872312133226,NA,NA,NA,50,745,0.5
D,+ (1|temp): captures tau,0.35775639367969636,0.2160954514262446,-0.06579069111574304,0.7813034784751358,TRUE,1.1384619417221369,NA,NA,NA,50,745,0.5
E,+ interactions: lumps eps into residual,0.35775639367969636,0.2025878079731355,-0.03931570994764921,0.7548284973070419,TRUE,1.0672992314835759,NA,NA,0.21403230404216278,50,745,0.5
F,+ (1|item:variant:judge:temp): splits eps/rho,0.3577563936796963,0.20093343234785344,-0.03607313372209642,0.751585921081489,TRUE,1.0585834363371924,0.04052658372860238,0.09948763919017864,NA,50,745,0.5
A,"1 obs/item, naive SE",-0.09514977524520009,0.09471711474257895,-0.28079532014065484,0.09049576965025465,FALSE,0.49900092599107243,NA,NA,NA,50,746,0.5
B,+ (1|variant): captures phi,-0.05851240518638038,0.23131059184808958,-0.5118811652086359,0.39485635483587517,FALSE,1.218620307823335,NA,NA,NA,50,746,0.5
C,+ (1|judge): captures lambda,0.07113950174827577,0.22560506248584605,-0.3710464207239825,0.5133254242205341,TRUE,1.1885617018072367,NA,NA,NA,50,746,0.5
D,+ (1|temp): captures tau,0.21517377260750845,0.20463943540512197,-0.1859195207865306,0.6162670660015475,TRUE,1.0781078798586061,NA,NA,NA,50,746,0.5
E,+ interactions: lumps eps into residual,0.21517377260750845,0.197902570464733,-0.17271526550336821,0.6030628107183851,TRUE,1.0426158586682723,NA,NA,0.21226785074253185,50,746,0.5
F,+ (1|item:variant:judge:temp): splits eps/rho,0.21517377260750814,0.1967664394294778,-0.17048844867426832,0.6008359938892847,TRUE,1.0366303465442985,0.0384691671922618,0.10071144047246813,NA,50,746,0.5
A,"1 obs/item, naive SE",0.5767316710013585,0.08971633562780025,0.40088765317087,0.7525756888318469,TRUE,0.47265517616820957,NA,NA,NA,50,747,0.5
B,+ (1|variant): captures phi,0.29077169879874587,0.2384140663373716,-0.17651987122250246,0.7580632688199942,TRUE,1.2560437487456995,NA,NA,NA,50,747,0.5
C,+ (1|judge): captures lambda,0.19715913601743912,0.2597336320525805,-0.31191878280561863,0.7062370548404968,TRUE,1.3683622358800456,NA,NA,NA,50,747,0.5
D,+ (1|temp): captures tau,0.3892251654696594,0.2938220028673607,-0.18666596015036757,0.9651162910896864,TRUE,1.547950989700644,NA,NA,NA,50,747,0.5
E,+ interactions: lumps eps into residual,0.3892251654696594,0.2890650172269406,-0.17734226829514416,0.9557925992344629,TRUE,1.522889624118012,NA,NA,0.2078149853893744,50,747,0.5
F,+ (1|item:variant:judge:temp): splits eps/rho,0.38922516546965935,0.2880509961790461,-0.17535478704127105,0.9538051179805898,TRUE,1.5175474275862766,0.04365809120910359,0.1004813793797318,NA,50,747,0.5
A,"1 obs/item, naive SE",-0.18229637726196604,0.08340163596606065,-0.3457635837554449,-0.01882917076848717,FALSE,0.43938726057420696,NA,NA,NA,50,748,0.5
B,+ (1|variant): captures phi,0.16711485449755195,0.14124632387577277,-0.10972794029896268,0.44395764929406656,FALSE,0.74413210958126,NA,NA,NA,50,748,0.5
C,+ (1|judge): captures lambda,0.4274395547824358,0.16891771957773424,0.09636082441007665,0.7585182851547949,TRUE,0.889914127079064,NA,NA,NA,50,748,0.5
D,+ (1|temp): captures tau,0.6855690933865068,0.22884606353551687,0.23703080885689382,1.13410737791612,TRUE,1.2056363617493089,NA,NA,NA,50,748,0.5
E,+ interactions: lumps eps into residual,0.6855690933865068,0.2178715864080432,0.2585407840267422,1.1125974027462715,TRUE,1.147819205222101,NA,NA,0.21457577696503424,50,748,0.5
F,+ (1|item:variant:judge:temp): splits eps/rho,0.6855690933865066,0.21633104834246336,0.26156023863527844,1.1095779481377348,TRUE,1.1397031437971086,0.039322007851288795,0.10107243055876794,NA,50,748,0.5
A,"1 obs/item, naive SE",0.2772370360917277,0.08921076272781275,0.10238394114521468,0.4520901310382407,FALSE,0.4699916517783947,NA,NA,NA,50,749,0.5
B,+ (1|variant): captures phi,0.43998347238705815,0.16131901228143938,0.12379820831543698,0.7561687364586793,TRUE,0.8498816367789588,NA,NA,NA,50,749,0.5
C,+ (1|judge): captures lambda,0.42603230958516747,0.10312129269635065,0.2239145759003202,0.6281500432700147,TRUE,0.5432769007451959,NA,NA,NA,50,749,0.5
D,+ (1|temp): captures tau,0.25619617020302105,0.13287848022620635,-0.004245651040343412,0.5166379914463854,TRUE,0.7000475558970558,NA,NA,NA,50,749,0.5
E,+ interactions: lumps eps into residual,0.25619617020302105,0.11634508185728007,0.02815980976275212,0.48423253064328997,FALSE,0.6129441731737143,NA,NA,0.21741734535361143,50,749,0.5
F,+ (1|item:variant:judge:temp): splits eps/rho,0.256196170203021,0.11398773095301548,0.03278021753511065,0.47961212287093136,FALSE,0.6005248729520921,0.039666480025568475,0.10106305765240198,NA,50,749,0.5
A,"1 obs/item, naive SE",-0.4547407064443265,0.08660963231255148,-0.6244955857769274,-0.2849858271117256,FALSE,0.45628804088012653,NA,NA,NA,50,750,0.5
B,+ (1|variant): captures phi,-0.03738363604805233,0.21450241481256513,-0.45780836908067996,0.3830410969845753,FALSE,1.13006930067174,NA,NA,NA,50,750,0.5
C,+ (1|judge): captures lambda,0.2773804641226284,0.29590897628892165,-0.302601129403658,0.8573620576489148,TRUE,1.5589458523789252,NA,NA,NA,50,750,0.5
D,+ (1|temp): captures tau,0.5113525492384727,0.24591951914692858,0.029350291710492693,0.9933548067664528,TRUE,1.2955849437254026,NA,NA,NA,50,750,0.5
E,+ interactions: lumps eps into residual,0.5113525492384727,0.23294380608174034,0.05478268931826169,0.9679224091586838,TRUE,1.2272246177957036,NA,NA,0.21935919863445782,50,750,0.5
F,+ (1|item:variant:judge:temp): splits eps/rho,0.5113525492384728,0.2314009158067872,0.05780675425716991,0.9648983442197758,TRUE,1.2190961641577662,0.04073720010179443,0.09914099987228427,NA,50,750,0.5
A,"1 obs/item, naive SE",0.395597214694876,0.07801342564701316,0.24269090042673022,0.5485035289630218,TRUE,0.4110003956876791,NA,NA,NA,50,751,0.5
B,+ (1|variant): captures phi,0.5210195263031046,0.20837440970718193,0.11260568327702797,0.9294333693291812,TRUE,1.0977849534302206,NA,NA,NA,50,751,0.5
C,+ (1|judge): captures lambda,0.4856323911421026,0.23516408225341312,0.024710789925412924,0.9465539923587922,TRUE,1.2389217632232403,NA,NA,NA,50,751,0.5
D,+ (1|temp): captures tau,0.6270382916173218,0.2699120369640661,0.09801069916775218,1.1560658840668916,TRUE,1.4219854220354426,NA,NA,NA,50,751,0.5
E,+ interactions: lumps eps into residual,0.6270382916173218,0.25932943464018327,0.11875259972256269,1.135323983512081,TRUE,1.366232790915241,NA,NA,0.21281177323912692,50,751,0.5
F,+ (1|item:variant:judge:temp): splits eps/rho,0.6270382916173219,0.25810263859308946,0.12115711997486656,1.1329194632597774,TRUE,1.3597696256766698,0.04320927142182158,0.09909151793889669,NA,50,751,0.5
A,"1 obs/item, naive SE",0.8398250276610385,0.0875190894620072,0.6682876123155044,1.0113624430065726,FALSE,0.4610793603893936,NA,NA,NA,50,752,0.5
B,+ (1|variant): captures phi,0.48973034555726885,0.20027839181922596,0.09718469759158599,0.8822759935229517,TRUE,1.055132467299177,NA,NA,NA,50,752,0.5
C,+ (1|judge): captures lambda,0.4182536547805546,0.22083476992775386,-0.014582494277842972,0.8510898038389522,TRUE,1.1634302310038271,NA,NA,NA,50,752,0.5
D,+ (1|temp): captures tau,0.7030773862118023,0.22145117492570787,0.2690330833574148,1.1371216890661897,TRUE,1.1666776553536982,NA,NA,NA,50,752,0.5
E,+ interactions: lumps eps into residual,0.7030773862118023,0.20873185760335827,0.29396294530922007,1.1121918271143845,TRUE,1.099668106561208,NA,NA,0.2176815940407516,50,752,0.5
F,+ (1|item:variant:judge:temp): splits eps/rho,0.7030773862118023,0.20710964143736393,0.29714248899456897,1.1090122834290357,TRUE,1.0911217380280354,0.04254566172877941,0.09939851920645383,NA,50,752,0.5
A,"1 obs/item, naive SE",0.7760347179460776,0.08171378677128296,0.615875695874363,0.9361937400177922,FALSE,0.43049511564964527,NA,NA,NA,50,753,0.5
B,+ (1|variant): captures phi,0.4977742640456304,0.10080902330776985,0.30018857836240154,0.6953599497288593,TRUE,0.5310951047817263,NA,NA,NA,50,753,0.5
C,+ (1|judge): captures lambda,0.3691953292784922,0.11060786381757601,0.1524039161960432,0.5859867423609412,TRUE,0.5827186207779756,NA,NA,NA,50,753,0.5
D,+ (1|temp): captures tau,0.522687874257454,0.1713701038261674,0.18680247075816586,0.8585732777567421,TRUE,0.902834094227345,NA,NA,NA,50,753,0.5
E,+ interactions: lumps eps into residual,0.522687874257454,0.15603113919750425,0.21686684143034568,0.8285089070845624,TRUE,0.8220233814617629,NA,NA,0.21192012888720874,50,753,0.5
F,+ (1|item:variant:judge:temp): splits eps/rho,0.5226878742574539,0.15396909185082422,0.2209084542298384,0.8244672942850694,TRUE,0.8111598375475794,0.03979433627092713,0.10171715408123218,NA,50,753,0.5
A,"1 obs/item, naive SE",0.6053192364765816,0.07825139142799975,0.4519465092777021,0.7586919636754611,TRUE,0.4122540777216939,NA,NA,NA,50,754,0.5
B,+ (1|variant): captures phi,0.9574863365311995,0.17414482311940782,0.6161624832171602,1.2988101898452389,FALSE,0.9174522284521393,NA,NA,NA,50,754,0.5
C,+ (1|judge): captures lambda,0.7980753273614544,0.1468414712943535,0.5102660436245215,1.085884611098387,FALSE,0.7736091871982922,NA,NA,NA,50,754,0.5
D,+ (1|temp): captures tau,0.7989833581320511,0.18577577637915105,0.4348628364289151,1.1631038798351871,TRUE,0.9787279172497172,NA,NA,NA,50,754,0.5
E,+ interactions: lumps eps into residual,0.7989833581320511,0.17552811089904696,0.45494826076991907,1.1430184554941831,TRUE,0.9247398436294813,NA,NA,0.205839589107163,50,754,0.5
F,+ (1|item:variant:judge:temp): splits eps/rho,0.7989833581320511,0.17417080029932408,0.4576085895453759,1.1403581267187264,TRUE,0.9175890847834166,0.04147137512390452,0.09869066778231413,NA,50,754,0.5
A,"1 obs/item, naive SE",0.6604735286982956,0.07065487471482389,0.5219899742572407,0.7989570831393504,FALSE,0.37223312813424453,NA,NA,NA,50,755,0.5
B,+ (1|variant): captures phi,0.38028629203252917,0.13995801353850296,0.1059685854970634,0.654603998567995,TRUE,0.7373448668215045,NA,NA,NA,50,755,0.5
C,+ (1|judge): captures lambda,0.5329413780035662,0.1547853421164568,0.22956210745531086,0.8363206485518215,TRUE,0.8154601125242623,NA,NA,NA,50,755,0.5
D,+ (1|temp): captures tau,0.540662204793241,0.12981231542835714,0.286230066553661,0.795094343032821,TRUE,0.6838939908573451,NA,NA,NA,50,755,0.5
E,+ interactions: lumps eps into residual,0.540662204793241,0.12190116570936296,0.3017359200028896,0.7795884895835924,TRUE,0.6422154510690392,NA,NA,0.20200302773710072,50,755,0.5
F,+ (1|item:variant:judge:temp): splits eps/rho,0.540662204793241,0.12029239472626888,0.30488911112975403,0.776435298456728,TRUE,0.633739916183361,0.03892971407583283,0.09895762725771184,NA,50,755,0.5
A,"1 obs/item, naive SE",0.13516573445898822,0.07579161664934407,-0.013385834173726158,0.2837173030917026,FALSE,0.3992951748284358,NA,NA,NA,50,756,0.5
B,+ (1|variant): captures phi,0.5707648479272877,0.15582553539100635,0.2653467985609152,0.8761828972936601,TRUE,0.8209401929576728,NA,NA,NA,50,756,0.5
C,+ (1|judge): captures lambda,0.4441473640500082,0.18800246303606422,0.07566253649932236,0.812632191600694,TRUE,0.9904588352227933,NA,NA,NA,50,756,0.5
D,+ (1|temp): captures tau,0.48558084708278787,0.20172836550175438,0.0901932506993493,0.8809684434662264,TRUE,1.062771405755134,NA,NA,NA,50,756,0.5
E,+ interactions: lumps eps into residual,0.48558084708278787,0.19645676683443958,0.10052558408728629,0.8706361100782894,TRUE,1.034998889419595,NA,NA,0.21013112469740136,50,756,0.5
F,+ (1|item:variant:judge:temp): splits eps/rho,0.4855808470827877,0.19533982449470777,0.1027147910731605,0.8684469030924149,TRUE,1.0291144696574477,0.041387887952814645,0.10118831707807986,NA,50,756,0.5
A,"1 obs/item, naive SE",0.9802082093462944,0.08495990536463553,0.8136867948316088,1.14672962386098,FALSE,0.4475967364956992,NA,NA,NA,50,757,0.5
B,+ (1|variant): captures phi,0.7417931411917824,0.10975346422015744,0.5266763513202738,0.956909931063291,FALSE,0.5782173625688655,NA,NA,NA,50,757,0.5
C,+ (1|judge): captures lambda,0.5433292191983731,0.15797500206910262,0.23369821514293193,0.8529602232538143,TRUE,0.8322642906740365,NA,NA,NA,50,757,0.5
D,+ (1|temp): captures tau,0.5151580636102344,0.16112847075781497,0.19934626092491708,0.8309698662955518,TRUE,0.8488778013371092,NA,NA,NA,50,757,0.5
E,+ interactions: lumps eps into residual,0.5151580636102344,0.15066151308786127,0.21986149795802634,0.8104546292624425,TRUE,0.7937344243052885,NA,NA,0.2177660086083634,50,757,0.5
F,+ (1|item:variant:judge:temp): splits eps/rho,0.5151580636102342,0.14907128535010358,0.22297834432403119,0.8073377828964372,TRUE,0.7853565813374742,0.04082135166941249,0.10078084018780341,NA,50,757,0.5
A,"1 obs/item, naive SE",0.35345429649199994,0.0679061655653847,0.22035821198384592,0.48655038100015396,FALSE,0.35775202390532,NA,NA,NA,50,758,0.5
B,+ (1|variant): captures phi,0.3274932964882406,0.08794197479059535,0.15512702589867372,0.4998595670778075,FALSE,0.46330725944572604,NA,NA,NA,50,758,0.5
C,+ (1|judge): captures lambda,0.4605856176935693,0.15961321040352808,0.14774372530265428,0.7734275100844843,TRUE,0.8408949112125348,NA,NA,NA,50,758,0.5
D,+ (1|temp): captures tau,0.3619308086878597,0.16137402912806342,0.045637711596855424,0.6782239057788639,TRUE,0.8501714836296057,NA,NA,NA,50,758,0.5
E,+ interactions: lumps eps into residual,0.3619308086878597,0.14613065187623894,0.07551473101043138,0.648346886365288,TRUE,0.7698643566170863,NA,NA,0.21335380351925967,50,758,0.5
F,+ (1|item:variant:judge:temp): splits eps/rho,0.36193080868785965,0.1438470496507866,0.07999059137231795,0.6438710260034013,TRUE,0.7578335887015626,0.039728055480400946,0.09880256108358883,NA,50,758,0.5
A,"1 obs/item, naive SE",0.028639699983092314,0.07855936466290181,-0.1253366547561952,0.18261605472237985,FALSE,0.41387658205804606,NA,NA,NA,50,759,0.5
B,+ (1|variant): captures phi,0.304082002090276,0.14497857406007067,0.019923996932537547,0.5882400072480145,TRUE,0.7637948316041658,NA,NA,NA,50,759,0.5
C,+ (1|judge): captures lambda,0.1879136577170258,0.1496007101915025,-0.1053037342583191,0.48113104969237075,FALSE,0.7881457656028389,NA,NA,NA,50,759,0.5
D,+ (1|temp): captures tau,0.26715266728305515,0.2258447651320496,-0.17550307237576207,0.7098084069418724,TRUE,1.189824534218709,NA,NA,NA,50,759,0.5
E,+ interactions: lumps eps into residual,0.26715266728305515,0.21520190176701828,-0.15464306018030066,0.688948394746411,TRUE,1.1337544281055667,NA,NA,0.21083118288030667,50,759,0.5
F,+ (1|item:variant:judge:temp): splits eps/rho,0.26715266728305515,0.21373104346730698,-0.15176017791286656,0.6860655124789768,TRUE,1.1260054626144584,0.03955789626026405,0.10063155655653855,NA,50,759,0.5
A,"1 obs/item, naive SE",0.5195048353216698,0.07407056114172517,0.3743265354838885,0.6646831351594511,TRUE,0.3902280881216888,NA,NA,NA,50,760,0.5
B,+ (1|variant): captures phi,0.46362886081088167,0.11889241629595726,0.23059972487080543,0.6966579967509579,TRUE,0.6263643691664186,NA,NA,NA,50,760,0.5
C,+ (1|judge): captures lambda,0.48912325632295317,0.24029133158934102,0.018152246407844796,0.9600942662380616,TRUE,1.265933799784622,NA,NA,NA,50,760,0.5
D,+ (1|temp): captures tau,0.5853597535267662,0.24844957626473882,0.0983985840478781,1.0723209230056543,TRUE,1.308914117106885,NA,NA,NA,50,760,0.5
E,+ interactions: lumps eps into residual,0.5853597535267662,0.24215251112235028,0.11074083172695964,1.0599786753265728,TRUE,1.2757391059632504,NA,NA,0.20517129254297437,50,760,0.5
F,+ (1|item:variant:judge:temp): splits eps/rho,0.5853597535267663,0.24130392238194429,0.11240406565815547,1.058315441395377,TRUE,1.271268461260875,0.041211708813223044,0.09809765623897734,NA,50,760,0.5
A,"1 obs/item, naive SE",0.3588331894714546,0.08172199809118927,0.19865807321272363,0.5190083057301855,TRUE,0.4305383755847477,NA,NA,NA,50,761,0.5
B,+ (1|variant): captures phi,0.40308399698898467,0.11405383394912294,0.1795384824487037,0.6266295115292656,TRUE,0.6008731252859819,NA,NA,NA,50,761,0.5
C,+ (1|judge): captures lambda,0.4168327222802514,0.11254115105023786,0.1962520662217852,0.6374133783387177,TRUE,0.5929038140445448,NA,NA,NA,50,761,0.5
D,+ (1|temp): captures tau,0.6836450811397567,0.2689262204256044,0.1565496891055722,1.2107404731739413,TRUE,1.4167918161397535,NA,NA,NA,50,761,0.5
E,+ interactions: lumps eps into residual,0.6836450811397567,0.2551146820822491,0.18362030425854858,1.183669858020965,TRUE,1.3440280876264177,NA,NA,0.21204736545280473,50,761,0.5
F,+ (1|item:variant:judge:temp): splits eps/rho,0.6836450811397567,0.25385883180469027,0.18608177080256383,1.1812083914769498,TRUE,1.3374118551418117,0.03891312609756657,0.10126998812736526,NA,50,761,0.5
A,"1 obs/item, naive SE",0.2130096054698756,0.08333951207319928,0.04966416180640501,0.37635504913334616,FALSE,0.4390599714654937,NA,NA,NA,50,762,0.5
B,+ (1|variant): captures phi,0.5896145519950793,0.1820919769866189,0.23271427710130627,0.9465148268888524,TRUE,0.9593204499399834,NA,NA,NA,50,762,0.5
C,+ (1|judge): captures lambda,0.3270923719590695,0.22945198857271168,-0.12263352564344537,0.7768182695615844,TRUE,1.2088285742175955,NA,NA,NA,50,762,0.5
D,+ (1|temp): captures tau,0.4957860009494697,0.24476001022497929,0.016056380908510304,0.975515620990429,TRUE,1.2894762692021116,NA,NA,NA,50,762,0.5
E,+ interactions: lumps eps into residual,0.4957860009494697,0.23445805334516423,0.036248216392947785,0.9553237855059915,TRUE,1.2352021706242664,NA,NA,0.20990322057845087,50,762,0.5
F,+ (1|item:variant:judge:temp): splits eps/rho,0.4957860009494697,0.2331005814858971,0.03890886123711135,0.952663140661828,TRUE,1.228050562209862,0.03894560061943989,0.09976669192967215,NA,50,762,0.5
A,"1 obs/item, naive SE",1.0763964070461753,0.0604641201092854,0.9578867316319759,1.1949060824603748,FALSE,0.3185448797270588,NA,NA,NA,50,763,0.5
B,+ (1|variant): captures phi,0.7597617328159204,0.16355746656010292,0.4391890983581187,1.0803343672737222,TRUE,0.8616745504554103,NA,NA,NA,50,763,0.5
C,+ (1|judge): captures lambda,0.8234362643716243,0.16953826567938102,0.4911412636400375,1.1557312651032112,TRUE,0.8931833681257689,NA,NA,NA,50,763,0.5
D,+ (1|temp): captures tau,0.6577560506533779,0.19451133340832374,0.27651383717306344,1.0389982641336926,TRUE,1.0247497060093513,NA,NA,NA,50,763,0.5
E,+ interactions: lumps eps into residual,0.6577560506533779,0.18470352036239432,0.2957371507430851,1.0197749505636708,TRUE,0.9730789197404996,NA,NA,0.20955068607362856,50,763,0.5
F,+ (1|item:variant:judge:temp): splits eps/rho,0.657756050653378,0.18356590962306477,0.29796686779217113,1.017545233514585,TRUE,0.9670856120485831,0.03791076638081785,0.10014143285496424,NA,50,763,0.5
A,"1 obs/item, naive SE",1.0467871182858057,0.09586489914314786,0.858891915965236,1.2346823206063755,FALSE,0.5050478318779187,NA,NA,NA,50,764,0.5
B,+ (1|variant): captures phi,0.8448444409660998,0.11549742846928154,0.618469481166308,1.0712194007658917,FALSE,0.6084784562155879,NA,NA,NA,50,764,0.5
C,+ (1|judge): captures lambda,0.7268469976976895,0.14273864729541066,0.44707924899868456,1.0066147463966943,TRUE,0.7519941603869812,NA,NA,NA,50,764,0.5
D,+ (1|temp): captures tau,0.5034184119811207,0.21237301851185053,0.08716729569789367,0.9196695282643477,TRUE,1.118850940307339,NA,NA,NA,50,764,0.5
E,+ interactions: lumps eps into residual,0.5034184119811207,0.20005264762954808,0.11131522262720644,0.8955216013350349,TRUE,1.053943172629544,NA,NA,0.2098890540522477,50,764,0.5
F,+ (1|item:variant:judge:temp): splits eps/rho,0.5034184119811206,0.19844814864412488,0.1144600406386358,0.8923767833236054,TRUE,1.0454901440332456,0.04058414301140218,0.09909059427111962,NA,50,764,0.5
A,"1 obs/item, naive SE",0.5469000776239691,0.0816356820245839,0.38689414085578466,0.7069060143921535,TRUE,0.4300836341446073,NA,NA,NA,50,765,0.5
B,+ (1|variant): captures phi,0.3541665502664261,0.198984600032666,-0.03584326579759928,0.7441763663304515,TRUE,1.048316346460956,NA,NA,NA,50,765,0.5
C,+ (1|judge): captures lambda,0.10658082255594983,0.2052079045217421,-0.2956266703066647,0.5087883154185643,TRUE,1.0811027622128853,NA,NA,NA,50,765,0.5
D,+ (1|temp): captures tau,0.3169487804649954,0.28135820880827583,-0.23451330879922516,0.868410869729216,TRUE,1.4822876215358882,NA,NA,NA,50,765,0.5
E,+ interactions: lumps eps into residual,0.3169487804649954,0.2723449797396593,-0.2168473798247369,0.8507449407547277,TRUE,1.4348029651078198,NA,NA,0.20767578966675476,50,765,0.5
F,+ (1|item:variant:judge:temp): splits eps/rho,0.3169487804649953,0.27122709445104626,-0.21465632465905538,0.848553885589046,TRUE,1.4289135775807,0.03882273682686495,0.10026728617964478,NA,50,765,0.5
A,"1 obs/item, naive SE",0.35583928722693975,0.08315316022449637,0.19285909318692687,0.5188194812669527,TRUE,0.4380782086096927,NA,NA,NA,50,766,0.5
B,+ (1|variant): captures phi,0.5460356271550675,0.10398236466615522,0.3422301924094032,0.7498410619007317,TRUE,0.5478133112074994,NA,NA,NA,50,766,0.5
C,+ (1|judge): captures lambda,0.5439411512750343,0.3052429852266419,-0.054335099769183826,1.1422174023192524,TRUE,1.608120482706189,NA,NA,NA,50,766,0.5
D,+ (1|temp): captures tau,0.6170001184742189,0.2723932739733428,0.083109301486467,1.1508909354619707,TRUE,1.4350573950215009,NA,NA,NA,50,766,0.5
E,+ interactions: lumps eps into residual,0.6170001184742189,0.25893869173746975,0.10948028266877818,1.1245199542796596,TRUE,1.3641742287344947,NA,NA,0.20779449569868996,50,766,0.5
F,+ (1|item:variant:judge:temp): splits eps/rho,0.6170001184742189,0.2577031609688695,0.1119019229752346,1.1220983139732033,TRUE,1.3576650461089725,0.037300983789434604,0.09846895068200895,NA,50,766,0.5
A,"1 obs/item, naive SE",-0.3146289965051163,0.08108386820506328,-0.4735533781870403,-0.15570461482319226,FALSE,0.4271764973756736,NA,NA,NA,50,767,0.5
B,+ (1|variant): captures phi,0.3466690878199681,0.22810153055474003,-0.10040991206732236,0.7937480877072585,TRUE,1.201713917026956,NA,NA,NA,50,767,0.5
C,+ (1|judge): captures lambda,0.24326578807723406,0.16791382143328137,-0.08584530193199744,0.5723768780864655,TRUE,0.8846252613334787,NA,NA,NA,50,767,0.5
D,+ (1|temp): captures tau,0.3184613862214847,0.21506319750878589,-0.10306248089573566,0.739985253338705,TRUE,1.1330236884342308,NA,NA,NA,50,767,0.5
E,+ interactions: lumps eps into residual,0.3184613862214847,0.18958511239459638,-0.053125434071924216,0.6900482065148936,TRUE,0.9987967527952731,NA,NA,0.21256124227686796,50,767,0.5
F,+ (1|item:variant:judge:temp): splits eps/rho,0.3184613862214846,0.18785388963361105,-0.049732237460393014,0.6866550099033623,TRUE,0.9896761016523793,0.040158680868101385,0.10018565533075102,NA,50,767,0.5
A,"1 obs/item, naive SE",0.589148263229688,0.08595597639444334,0.4206745494965791,0.757621976962797,TRUE,0.45284436642591647,NA,NA,NA,50,768,0.5
B,+ (1|variant): captures phi,0.5473009756733851,0.10439754899506248,0.3426817796430626,0.7519201717037076,TRUE,0.5500006388635916,NA,NA,NA,50,768,0.5
C,+ (1|judge): captures lambda,0.5483358120146663,0.1459577420744261,0.26225863754879114,0.8344129864805414,TRUE,0.7689534108872461,NA,NA,NA,50,768,0.5
D,+ (1|temp): captures tau,0.6796549397043732,0.17974659563395082,0.32735161226182957,1.0319582671469167,TRUE,0.9469642092546088,NA,NA,NA,50,768,0.5
E,+ interactions: lumps eps into residual,0.6796549397043732,0.17134970419936596,0.34380951947361593,1.0155003599351304,TRUE,0.9027266222811031,NA,NA,0.2076566192552485,50,768,0.5
F,+ (1|item:variant:judge:temp): splits eps/rho,0.6796549397043735,0.16954412760070214,0.34734844960699734,1.0119614298017496,TRUE,0.8932142506560833,0.03964904288735802,0.09896670784193018,NA,50,768,0.5
A,"1 obs/item, naive SE",1.2143197162738248,0.08029496811238238,1.0569415787735554,1.3716978537740943,FALSE,0.42302031210934554,NA,NA,NA,50,769,0.5
B,+ (1|variant): captures phi,1.1513706972199114,0.1298674423750722,0.8968305101647699,1.4059108842750527,FALSE,0.6841844177514986,NA,NA,NA,50,769,0.5
C,+ (1|judge): captures lambda,0.772350074128123,0.25799963127155756,0.26667079683587014,1.2780293514203758,TRUE,1.3592269492135198,NA,NA,NA,50,769,0.5
D,+ (1|temp): captures tau,0.4686515972237577,0.307014815394684,-0.1330974409498229,1.0704006353973383,TRUE,1.6174550670308367,NA,NA,NA,50,769,0.5
E,+ interactions: lumps eps into residual,0.4686515972237577,0.30231459460605825,-0.12388500820411641,1.061188202651632,TRUE,1.592692757365249,NA,NA,0.2218688008223688,50,769,0.5
F,+ (1|item:variant:judge:temp): splits eps/rho,0.46865159722375777,0.30110144586362103,-0.12150723666893942,1.058810431116455,TRUE,1.5863014906180901,0.04108117623999648,0.10068732503533476,NA,50,769,0.5
A,"1 obs/item, naive SE",0.9253859685421562,0.08203150387881995,0.7646042209396691,1.0861677161446432,FALSE,0.43216895391314225,NA,NA,NA,50,770,0.5
B,+ (1|variant): captures phi,0.7157683476840248,0.09530421387200266,0.5289720884948995,0.90256460687315,FALSE,0.5020939573827824,NA,NA,NA,50,770,0.5
C,+ (1|judge): captures lambda,0.7473995621450111,0.12116445508213484,0.5099172301840269,0.9848818941059954,FALSE,0.6383342170790323,NA,NA,NA,50,770,0.5
D,+ (1|temp): captures tau,0.6901404113202442,0.14509101340982075,0.4057620250369955,0.9745187976034928,TRUE,0.7643871990954647,NA,NA,NA,50,770,0.5
E,+ interactions: lumps eps into residual,0.6901404113202442,0.1325270473869742,0.4303873984417747,0.9498934241987136,TRUE,0.6981960920652328,NA,NA,0.2087620931605858,50,770,0.5
F,+ (1|item:variant:judge:temp): splits eps/rho,0.6901404113202443,0.1301181963652652,0.4351087464443245,0.9451720761961641,TRUE,0.6855054722794193,0.03823488307662196,0.10010265965889302,NA,50,770,0.5
A,"1 obs/item, naive SE",0.16405352177407065,0.0882860360641084,-0.008987108911581804,0.3370941524597231,FALSE,0.4651198874438158,NA,NA,NA,50,771,0.5
B,+ (1|variant): captures phi,0.03026019912233475,0.12639930596245302,-0.21748244056407318,0.27800283880874266,FALSE,0.6659131339812557,NA,NA,NA,50,771,0.5
C,+ (1|judge): captures lambda,0.10756478207921212,0.17337282379317545,-0.23224595255541175,0.44737551671383596,FALSE,0.9133850819844559,NA,NA,NA,50,771,0.5
D,+ (1|temp): captures tau,0.4650585851795672,0.24529453573180865,-0.01571870485477772,0.9458358752139122,TRUE,1.2922923254512764,NA,NA,NA,50,771,0.5
E,+ interactions: lumps eps into residual,0.4650585851795672,0.24450640308354074,-0.014173964864172606,0.944291135223307,TRUE,1.2881401833346344,NA,NA,0.21708010717768922,50,771,0.5
F,+ (1|item:variant:judge:temp): splits eps/rho,0.4650585851795673,0.24369690434999813,-0.012587347346429079,0.9427045177055636,TRUE,1.283875477650512,0.04383741788604191,0.10160473935994087,NA,50,771,0.5
A,"1 obs/item, naive SE",0.5361823836847133,0.08703017511407059,0.3656032404611349,0.7067615269082916,TRUE,0.45850359873307894,NA,NA,NA,50,772,0.5
B,+ (1|variant): captures phi,0.6392648562788575,0.1452937284924191,0.35448914843371615,0.9240405641239989,TRUE,0.765455168851552,NA,NA,NA,50,772,0.5
C,+ (1|judge): captures lambda,0.365741311516168,0.2072620277205749,-0.04049226281615875,0.7719748858484947,TRUE,1.091924559108864,NA,NA,NA,50,772,0.5
D,+ (1|temp): captures tau,0.5201947399454077,0.23597032932149895,0.05769289447526971,0.9826965854155456,TRUE,1.2431693380638151,NA,NA,NA,50,772,0.5
E,+ interactions: lumps eps into residual,0.5201947399454077,0.22624431300918446,0.07675588644740611,0.9636335934434093,TRUE,1.191929483901878,NA,NA,0.22632469410256545,50,772,0.5
F,+ (1|item:variant:judge:temp): splits eps/rho,0.5201947399454073,0.2244504907728595,0.0802717780306027,0.960117701860212,TRUE,1.1824790381252908,0.03797748595278429,0.09877886423823623,NA,50,772,0.5
A,"1 obs/item, naive SE",0.2602649304709741,0.09111587596020293,0.08167781358897636,0.43885204735297184,FALSE,0.48002841514121686,NA,NA,NA,50,773,0.5
B,+ (1|variant): captures phi,0.29387483964396927,0.13796898487268652,0.0234556292935037,0.5642940499944349,TRUE,0.7268660093440289,NA,NA,NA,50,773,0.5
C,+ (1|judge): captures lambda,0.41327117745888026,0.1826668077499045,0.055244234269067494,0.7712981206486931,TRUE,0.9623488475421195,NA,NA,NA,50,773,0.5
D,+ (1|temp): captures tau,0.5146211395898731,0.22397025878945814,0.075639432362535175,0.9536028468172111,TRUE,1.1799490180221754,NA,NA,NA,50,773,0.5
E,+ interactions: lumps eps into residual,0.5146211395898731,0.21256899570139876,0.09798590801513157,0.9312563711646147,TRUE,1.1198834126258157,NA,NA,0.22288201146310999,50,773,0.5
F,+ (1|item:variant:judge:temp): splits eps/rho,0.5146211395898729,0.21122040355691957,0.10062914861831052,0.9286131305614352,TRUE,1.1127785854706778,0.03972442517096342,0.09932612431903506,NA,50,773,0.5
A,"1 obs/item, naive SE",0.8636017953053078,0.09729871915368492,0.6728963057640853,1.0543072848465302,FALSE,0.5126016674746536,NA,NA,NA,50,774,0.5
B,+ (1|variant): captures phi,0.7979500210326148,0.1582703920989828,0.4877400525186085,1.1081599895466212,TRUE,0.8338205025459812,NA,NA,NA,50,774,0.5
C,+ (1|judge): captures lambda,0.736777745865228,0.17678761049627048,0.3902740292925379,1.0832814624379181,TRUE,0.9313753019308456,NA,NA,NA,50,774,0.5
D,+ (1|temp): captures tau,0.5847658214607527,0.2362497231777893,0.1217163640322857,1.0478152788892197,TRUE,1.24464127682994,NA,NA,NA,50,774,0.5
E,+ interactions: lumps eps into residual,0.5847658214607527,0.22428303821141096,0.14517106656638723,1.0243605763551182,TRUE,1.181596842933329,NA,NA,0.20778483308079518,50,774,0.5
F,+ (1|item:variant:judge:temp): splits eps/rho,0.5847658214607527,0.22288805522304853,0.14790523322357763,1.021626409697928,TRUE,1.174247613548265,0.04083932254470769,0.09840930029810581,NA,50,774,0.5
A,"1 obs/item, naive SE",0.5990302912600542,0.08303320159102476,0.4362852161416457,0.7617753663784628,TRUE,0.43744622705761904,NA,NA,NA,50,775,0.5
B,+ (1|variant): captures phi,0.9292343792844323,0.16012345060566976,0.61539241609731965,1.243076342471545,FALSE,0.8435830244858176,NA,NA,NA,50,775,0.5
C,+ (1|judge): captures lambda,0.784221746780795,0.1986607181623487,0.3948467391825916,1.1735967543789985,TRUE,1.0466100301986914,NA,NA,NA,50,775,0.5
D,+ (1|temp): captures tau,0.6482009846873295,0.21771724628742695,0.22147518196397264,1.0749267874106863,TRUE,1.1470060906829347,NA,NA,NA,50,775,0.5
E,+ interactions: lumps eps into residual,0.6482009846873295,0.20343509478981558,0.2494681988992909,1.046933770475368,TRUE,1.0717630172233807,NA,NA,0.21924891102000937,50,775,0.5
F,+ (1|item:variant:judge:temp): splits eps/rho,0.6482009846873297,0.20172024310559716,0.25282930820035926,1.0435726611743001,TRUE,1.062728614299601,0.04091030573762606,0.10057255828760582,NA,50,775,0.5
A,"1 obs/item, naive SE",0.13624939188832236,0.08474085435237343,-0.02984268264232956,0.3023414664189743,FALSE,0.446442703687002,NA,NA,NA,50,776,0.5
B,+ (1|variant): captures phi,0.4213660178277992,0.21323087461775472,0.0034335035769999522,0.8392985320785984,TRUE,1.123370408540474,NA,NA,NA,50,776,0.5
C,+ (1|judge): captures lambda,0.3523146755512908,0.1631760078931042,0.03248970008080654,0.6721396510217751,TRUE,0.8596649006832756,NA,NA,NA,50,776,0.5
D,+ (1|temp): captures tau,0.5148063048656167,0.2103338264734507,0.10255200497765338,0.9270606047535801,TRUE,1.1081078056774398,NA,NA,NA,50,776,0.5
E,+ interactions: lumps eps into residual,0.5148063048656167,0.20090264783990786,0.12103711509939735,0.9085754946318361,TRUE,1.0584212534200632,NA,NA,0.2086899136154045,50,776,0.5
F,+ (1|item:variant:judge:temp): splits eps/rho,0.5148063048656168,0.1993877029921258,0.12400640700105031,0.9056062027301834,TRUE,1.0504400254875699,0.04006221366503882,0.10152335286712945,NA,50,776,0.5
A,"1 obs/item, naive SE",0.22235682076607582,0.09060683763058065,0.044767419010137754,0.3999462225220139,FALSE,0.47734663372782804,NA,NA,NA,50,777,0.5
B,+ (1|variant): captures phi,0.3058184211013943,0.15071885915681396,0.010409457154038904,0.6012273850487497,TRUE,0.7940365422655654,NA,NA,NA,50,777,0.5
C,+ (1|judge): captures lambda,0.5516615290186073,0.1542492539300885,0.24933299131563386,0.8539900667215807,TRUE,0.8126358235651054,NA,NA,NA,50,777,0.5
D,+ (1|temp): captures tau,0.3774910661941559,0.20315963475567142,-0.020701817926960075,0.7756839503152719,TRUE,1.070311803126699,NA,NA,NA,50,777,0.5
E,+ interactions: lumps eps into residual,0.3774910661941559,0.18798732160744244,0.00903591584356872,0.745946216544743,TRUE,0.990379065194709,NA,NA,0.2169872893328372,50,777,0.5
F,+ (1|item:variant:judge:temp): splits eps/rho,0.3774910661941558,0.18675236892488878,0.011456423101373792,0.7435257092869378,TRUE,0.9838729281166925,0.04215232304414877,0.09870924612639656,NA,50,777,0.5
A,"1 obs/item, naive SE",1.090740084600474,0.08512198204349668,0.9239009997952206,1.2575791694057274,FALSE,0.4484506097693211,NA,NA,NA,50,778,0.5
B,+ (1|variant): captures phi,0.5584344073734501,0.2322260894531827,0.10327127204521197,1.0135975427016881,TRUE,1.2234434504404395,NA,NA,NA,50,778,0.5
C,+ (1|judge): captures lambda,0.587293919874826,0.23292334193308814,0.13076416968597332,1.0438236700636787,TRUE,1.2271168059271218,NA,NA,NA,50,778,0.5
D,+ (1|temp): captures tau,0.5256777526340953,0.21897181774382354,0.0964929898562012,0.9548625154119894,TRUE,1.153615585916877,NA,NA,NA,50,778,0.5
E,+ interactions: lumps eps into residual,0.5256777526340953,0.20643814528271323,0.12105898787997743,0.9302965173882132,TRUE,1.0875840753376038,NA,NA,0.21260103205232994,50,778,0.5
F,+ (1|item:variant:judge:temp): splits eps/rho,0.5256777526340956,0.2048162641255126,0.12423787494809085,0.9271176303201003,TRUE,1.0790394717409872,0.04012357421309751,0.0995751703122349,NA,50,778,0.5
A,"1 obs/item, naive SE",0.017218112669114497,0.08431570765826758,-0.14804067434108997,0.18247689967931896,FALSE,0.4442028910130472,NA,NA,NA,50,779,0.5
B,+ (1|variant): captures phi,0.2044092683113842,0.14615500067610915,-0.0820545330137897,0.4908730696365581,FALSE,0.7699926341064822,NA,NA,NA,50,779,0.5
C,+ (1|judge): captures lambda,0.40331433847819226,0.1715500376745399,0.06707626463609406,0.7395524123202905,TRUE,0.9037820449456395,NA,NA,NA,50,779,0.5
D,+ (1|temp): captures tau,0.66592333057799,0.203858327096581,0.2663610094686913,1.0654856516872888,TRUE,1.0739927442749202,NA,NA,NA,50,779,0.5
E,+ interactions: lumps eps into residual,0.66592333057799,0.18504255200145764,0.30323992865513305,1.028606732500847,TRUE,0.9748650499693675,NA,NA,0.22604934164120613,50,779,0.5
F,+ (1|item:variant:judge:temp): splits eps/rho,0.6659233305779901,0.1830014544172845,0.30724047992011255,1.0246061812358678,TRUE,0.9641118762973375,0.042279782791268025,0.1004213637433831,NA,50,779,0.5
A,"1 obs/item, naive SE",-0.11480282473231858,0.08352834543006786,-0.27851838177525157,0.048912732310614424,FALSE,0.4400548077228218,NA,NA,NA,50,780,0.5
B,+ (1|variant): captures phi,0.14120708862651868,0.2259191130879059,-0.30159437302577685,0.5840085502788143,TRUE,1.1902162237134606,NA,NA,NA,50,780,0.5
C,+ (1|judge): captures lambda,0.3071603280269884,0.19461764102750517,-0.07429024838692172,0.6886109044408986,TRUE,1.0253097695264424,NA,NA,NA,50,780,0.5
D,+ (1|temp): captures tau,0.4925589799683104,0.242390652104866,0.01747330184277307,0.9676446580938477,TRUE,1.2769937110165686,NA,NA,NA,50,780,0.5
E,+ interactions: lumps eps into residual,0.4925589799683104,0.22041231140901474,0.06055084960664153,0.9245671103299793,TRUE,1.161204580522216,NA,NA,0.21088727144570657,50,780,0.5
F,+ (1|item:variant:judge:temp): splits eps/rho,0.4925589799683103,0.21897688844191418,0.06336427862215849,0.921753681314462,TRUE,1.1536423000228708,0.03987920800350822,0.09975389312691238,NA,50,780,0.5
A,"1 obs/item, naive SE",1.1872705048714827,0.09399353452374472,1.003043177204943,1.3714978325380223,FALSE,0.49518886731288736,NA,NA,NA,50,781,0.5
B,+ (1|variant): captures phi,0.8956778153828991,0.21592453793410285,0.4724657210320576,1.3188899097337408,TRUE,1.1375615132085057,NA,NA,NA,50,781,0.5
C,+ (1|judge): captures lambda,0.46485867579575235,0.30496897427162406,-0.1328805137766308,1.0625978653681356,TRUE,1.6066769028351466,NA,NA,NA,50,781,0.5
D,+ (1|temp): captures tau,0.3704415197143054,0.2761594919435727,-0.1708310844950971,0.9117141239237079,TRUE,1.4548990705173879,NA,NA,NA,50,781,0.5
E,+ interactions: lumps eps into residual,0.3704415197143054,0.2641794330347107,-0.14735016903372755,0.8882332084623383,TRUE,1.3917841782912381,NA,NA,0.21153755967338525,50,781,0.5
F,+ (1|item:variant:judge:temp): splits eps/rho,0.3704415197143055,0.26298156747694207,-0.14500235254050098,0.885885391969112,TRUE,1.3854734283896615,0.04124346278973589,0.10030922808091497,NA,50,781,0.5
A,"1 obs/item, naive SE",-0.012266373633625522,0.0763384845305526,-0.1618898033135086,0.1373570560462576,FALSE,0.40217625476693986,NA,NA,NA,50,782,0.5
B,+ (1|variant): captures phi,0.26882313578859945,0.11209922801780503,0.04910864887370159,0.4885376227034973,FALSE,0.5905756181002312,NA,NA,NA,50,782,0.5
C,+ (1|judge): captures lambda,0.5931561710174245,0.22746714395711362,0.14732056886148176,1.038991773173367,TRUE,1.1983717596933816,NA,NA,NA,50,782,0.5
D,+ (1|temp): captures tau,0.580250471481769,0.23561696914953584,0.11844121194867879,1.0420597310148592,TRUE,1.2413077204089997,NA,NA,NA,50,782,0.5
E,+ interactions: lumps eps into residual,0.580250471481769,0.22797577296986055,0.13341795646084237,1.0270829865026956,TRUE,1.2010513846907904,NA,NA,0.21126268343703664,50,782,0.5
F,+ (1|item:variant:judge:temp): splits eps/rho,0.5802504714817691,0.2265325133706501,0.1362467452752949,1.0242541976882433,TRUE,1.193447818234941,0.0420687536171005,0.09757205447556506,NA,50,782,0.5
A,"1 obs/item, naive SE",0.31870169588410413,0.08860001277187844,0.14504567085122239,0.4923577209169859,FALSE,0.466774020050607,NA,NA,NA,50,783,0.5
B,+ (1|variant): captures phi,0.5294773453704524,0.08994459516065577,0.35318593885556715,0.7057687518853377,TRUE,0.47385772249334573,NA,NA,NA,50,783,0.5
C,+ (1|judge): captures lambda,0.7476880870491502,0.17450591201851404,0.40565649949286275,1.0897196746054378,TRUE,0.9193545635845891,NA,NA,NA,50,783,0.5
D,+ (1|temp): captures tau,0.5199202027758393,0.2212919384944262,0.08618800332676396,0.9536524022249147,TRUE,1.1658387454388741,NA,NA,NA,50,783,0.5
E,+ interactions: lumps eps into residual,0.5199202027758393,0.21376470874220452,0.10094137364111844,0.9388990319105601,TRUE,1.1261828223597723,NA,NA,0.2143008256310004,50,783,0.5
F,+ (1|item:variant:judge:temp): splits eps/rho,0.5199202027758393,0.21222688148233426,0.10395551507046413,0.9358848904812145,TRUE,1.118081042351216,0.03815978541762567,0.10167144791428546,NA,50,783,0.5
A,"1 obs/item, naive SE",0.20322814782145868,0.0785613414128946,0.04924791865218525,0.3572083769907321,FALSE,0.41388699622743386,NA,NA,NA,50,784,0.5
B,+ (1|variant): captures phi,0.35557228816774844,0.1816302148844279,-4.229330057302638e-4,0.7115675093412271,TRUE,0.9568877352483767,NA,NA,NA,50,784,0.5
C,+ (1|judge): captures lambda,0.2138347258747279,0.18299088042378883,-0.1448273997558982,0.572496851505354,TRUE,0.9640561690203571,NA,NA,NA,50,784,0.5
D,+ (1|temp): captures tau,0.4677003104497752,0.23272888886220774,0.011551688279848038,0.9238489326197024,TRUE,1.2260923631672802,NA,NA,NA,50,784,0.5
E,+ interactions: lumps eps into residual,0.4677003104497752,0.2290202935824818,0.01882053502811093,0.9165800858714395,TRUE,1.2065542629650212,NA,NA,0.20558655309298157,50,784,0.5
F,+ (1|item:variant:judge:temp): splits eps/rho,0.4677003104497752,0.22822632345208138,0.02037671648369571,0.9150239044158548,TRUE,1.2023713670717517,0.038755001322063304,0.09948361468019919,NA,50,784,0.5
A,"1 obs/item, naive SE",0.7653212953061216,0.0863434772035165,0.5960880799872292,0.9345545106250139,FALSE,0.45488584819059347,NA,NA,NA,50,785,0.5
B,+ (1|variant): captures phi,0.3991774083358959,0.1719564839966426,0.06214269970247638,0.7362121169693154,TRUE,0.9059233379067492,NA,NA,NA,50,785,0.5
C,+ (1|judge): captures lambda,0.23886672625479885,0.1757838601485521,-0.10566963963636325,0.583403092145961,TRUE,0.9260872148270882,NA,NA,NA,50,785,0.5
D,+ (1|temp): captures tau,0.39452537679388394,0.22925335246975578,-0.054811194046837375,0.8438619476346052,TRUE,1.2077820938684036,NA,NA,NA,50,785,0.5
E,+ interactions: lumps eps into residual,0.39452537679388394,0.22170634643494544,-0.040019062218609125,0.829069815806377,TRUE,1.168021982825477,NA,NA,0.20275081189961783,50,785,0.5
F,+ (1|item:variant:judge:temp): splits eps/rho,0.39452537679388383,0.22039545640173505,-0.037449717753516854,0.8265004713412845,TRUE,1.161115782797929,0.03830351009937207,0.10161118595536565,NA,50,785,0.5
A,"1 obs/item, naive SE",-0.12783002515501363,0.09069021912435526,-0.3055828546387499,0.049922804328722675,FALSE,0.47778591487271016,NA,NA,NA,50,786,0.5
B,+ (1|variant): captures phi,0.0838675215163315,0.1842687207475851,-0.2772991711489353,0.4450342141815983,FALSE,0.970788252304102,NA,NA,NA,50,786,0.5
C,+ (1|judge): captures lambda,0.18275734633700053,0.18320081796891619,-0.1763162568820752,0.5418309495560762,TRUE,0.9651621890855117,NA,NA,NA,50,786,0.5
D,+ (1|temp): captures tau,0.35231928448478717,0.17307950425403673,0.013083456146875172,0.6915551128226991,TRUE,0.9118397781390074,NA,NA,NA,50,786,0.5
E,+ interactions: lumps eps into residual,0.35231928448478717,0.1598557674573558,0.03900198026836982,0.6656365887012046,TRUE,0.8421727815825798,NA,NA,0.19995438631803739,50,786,0.5
F,+ (1|item:variant:judge:temp): splits eps/rho,0.3523192844847871,0.15814901706199536,0.04234721104327621,0.662291357926298,TRUE,0.8331810589141355,0.03919313490654643,0.09922738836136834,NA,50,786,0.5
A,"1 obs/item, naive SE",-0.11200084658502373,0.09485329771655092,-0.29791331010946354,0.07391161693941607,FALSE,0.4997183827073261,NA,NA,NA,50,787,0.5
B,+ (1|variant): captures phi,0.04712402690235181,0.13452617812267087,-0.2165472822180831,0.3107953360227867,FALSE,0.708728170570802,NA,NA,NA,50,787,0.5
C,+ (1|judge): captures lambda,0.38608161009008884,0.24778555955527506,-0.0995780866382503,0.871741306818428,TRUE,1.3054158585947198,NA,NA,NA,50,787,0.5
D,+ (1|temp): captures tau,0.1315172582979379,0.251111359215761,-0.36066100576495363,0.6236955223608295,TRUE,1.322937265520529,NA,NA,NA,50,787,0.5
E,+ interactions: lumps eps into residual,0.1315172582979379,0.23480840844688788,-0.32870722225796234,0.5917417388538382,TRUE,1.237047956580278,NA,NA,0.20165549134847544,50,787,0.5
F,+ (1|item:variant:judge:temp): splits eps/rho,0.1315172582979378,0.23357252036793666,-0.32628488162321806,0.5893193982190936,TRUE,1.2305368915262582,0.03795423156138603,0.0993860015481106,NA,50,787,0.5
A,"1 obs/item, naive SE",0.04274162014222388,0.09293351656271914,-0.13940807232070565,0.2248913126051534,FALSE,0.48960434390804647,NA,NA,NA,50,788,0.5
B,+ (1|variant): captures phi,0.06803127103432147,0.0716683989934651,-0.07243879099287012,0.20850133306151306,FALSE,0.3775727075220977,NA,NA,NA,50,788,0.5
C,+ (1|judge): captures lambda,0.18024866305376455,0.1431676841910468,-0.1003599979606872,0.46085732406821633,FALSE,0.7542544679226216,NA,NA,NA,50,788,0.5
D,+ (1|temp): captures tau,0.49057818606173986,0.21945951139069864,0.060437543735970545,0.9207188283875092,TRUE,1.1561849165183427,NA,NA,NA,50,788,0.5
E,+ interactions: lumps eps into residual,0.49057818606173986,0.21372952094677866,0.07166832500605369,0.909488047117426,TRUE,1.1259974414753482,NA,NA,0.21099306350044317,50,788,0.5
F,+ (1|item:variant:judge:temp): splits eps/rho,0.4905781860617398,0.21222062532467195,0.07462576042538277,0.9065306116980969,TRUE,1.1180480828541375,0.041218942269544805,0.09939371388976727,NA,50,788,0.5
A,"1 obs/item, naive SE",0.9068015536074738,0.07487366814658097,0.7600491640401751,1.0535539431747725,FALSE,0.39445912007596784,NA,NA,NA,50,789,0.5
B,+ (1|variant): captures phi,0.6219090986390213,0.13175397288239935,0.3636713117895186,0.880146885488524,TRUE,0.6941232812042667,NA,NA,NA,50,789,0.5
C,+ (1|judge): captures lambda,0.7541422958073956,0.19399366229889656,0.3739147177015583,1.1343698739132329,TRUE,1.0220224442714378,NA,NA,NA,50,789,0.5
D,+ (1|temp): captures tau,0.745573741438217,0.1848030897432466,0.3833596855414536,1.1077877973349803,TRUE,0.9736034840009364,NA,NA,NA,50,789,0.5
E,+ interactions: lumps eps into residual,0.745573741438217,0.16240223196468007,0.42726536678744403,1.06388211608899,TRUE,0.8555883944906764,NA,NA,0.21285503671397377,50,789,0.5
F,+ (1|item:variant:judge:temp): splits eps/rho,0.7455737414382171,0.16043857265810865,0.43111413902832413,1.06003334384811,TRUE,0.8452431911451861,0.04233104443188263,0.09878007944857052,NA,50,789,0.5
A,"1 obs/item, naive SE",0.9768766686175148,0.1024960770803842,0.7759843575399618,1.1777689796950679,FALSE,0.5399830591606075,NA,NA,NA,50,790,0.5
B,+ (1|variant): captures phi,0.5695117407103769,0.19178423477540088,0.1936146405505912,0.9454088408701626,TRUE,1.0103824530921153,NA,NA,NA,50,790,0.5
C,+ (1|judge): captures lambda,0.749278933974953,0.18942811065334708,0.3779998370943928,1.1205580308555132,TRUE,0.9979696159628375,NA,NA,NA,50,790,0.5
D,+ (1|temp): captures tau,0.7139700682663872,0.19460595139363412,0.3325424035348643,1.09539773299791,TRUE,1.0252481846888764,NA,NA,NA,50,790,0.5
E,+ interactions: lumps eps into residual,0.7139700682663872,0.1777026614447715,0.36567285183463505,1.0622672846981394,TRUE,0.9361960914140556,NA,NA,0.20596172017763562,50,790,0.5
F,+ (1|item:variant:judge:temp): splits eps/rho,0.7139700682663871,0.17659050894919773,0.36785267072595956,1.0600874658068147,TRUE,0.9303369061269734,0.038713158842923104,0.09700594872445154,NA,50,790,0.5
A,"1 obs/item, naive SE",0.9092761114090044,0.07859306576534529,0.7552337025089277,1.0633185203090811,FALSE,0.4140541305546606,NA,NA,NA,50,791,0.5
B,+ (1|variant): captures phi,0.6874040366249746,0.2198946253295306,0.25641057097909464,1.1183975022708545,TRUE,1.1584772399171168,NA,NA,NA,50,791,0.5
C,+ (1|judge): captures lambda,0.41402250728447554,0.25400120911701485,-0.08381986258487356,0.9118648771538247,TRUE,1.3381619456706795,NA,NA,NA,50,791,0.5
D,+ (1|temp): captures tau,0.4632161523578412,0.2458778434721894,-0.01870442084765006,0.9451367255633325,TRUE,1.2953653825579972,NA,NA,NA,50,791,0.5
E,+ interactions: lumps eps into residual,0.4632161523578412,0.2393547372344256,-0.005919132621632961,0.9323514373373154,TRUE,1.2609995125478224,NA,NA,0.21731158065887538,50,791,0.5
F,+ (1|item:variant:judge:temp): splits eps/rho,0.463216152357841,0.23789465698297577,-0.0030573753287914673,0.9294896800444735,TRUE,1.2533073293613424,0.04073701378463396,0.09852814666708296,NA,50,791,0.5
A,"1 obs/item, naive SE",0.27305275850771193,0.08312007731904796,0.11013740696237795,0.4359681100530459,FALSE,0.4379039169782584,NA,NA,NA,50,792,0.5
B,+ (1|variant): captures phi,0.5200134348242486,0.08489583543467437,0.3536175973722868,0.6864092722762103,TRUE,0.4472591950232241,NA,NA,NA,50,792,0.5
C,+ (1|judge): captures lambda,0.4625942841271438,0.12690668335209335,0.21385718475704085,0.7113313834972468,TRUE,0.6685861650163073,NA,NA,NA,50,792,0.5
D,+ (1|temp): captures tau,0.4968169350474356,0.17046727994451813,0.1627010663561801,0.8309328037386912,TRUE,0.8980777209554792,NA,NA,NA,50,792,0.5
E,+ interactions: lumps eps into residual,0.4968169350474356,0.15174161701365294,0.1994033657006759,0.7942305043941953,TRUE,0.7994247671815622,NA,NA,0.22196713834200973,50,792,0.5
F,+ (1|item:variant:judge:temp): splits eps/rho,0.4968169350474357,0.1492635321873425,0.20426041196024436,0.789373458134627,TRUE,0.7863694009325579,0.03887812236517749,0.0992019800970269,NA,50,792,0.5
A,"1 obs/item, naive SE",0.8194864954599345,0.07169598144912534,0.6789623718196488,0.9600106191002201,FALSE,0.37771802097419105,NA,NA,NA,50,793,0.5
B,+ (1|variant): captures phi,0.6374863668180719,0.11425234224609983,0.41355177601571624,0.8614209576204276,TRUE,0.6019189323112232,NA,NA,NA,50,793,0.5
C,+ (1|judge): captures lambda,0.8510041841196718,0.16305360203320865,0.5314191241345829,1.1705892441047607,FALSE,0.8590200263371701,NA,NA,NA,50,793,0.5
D,+ (1|temp): captures tau,0.5358667631002827,0.2235627256498377,0.09768382082660082,0.9740497053739645,TRUE,1.177801999348778,NA,NA,NA,50,793,0.5
E,+ interactions: lumps eps into residual,0.5358667631002827,0.21378444161363555,0.11684925753755704,0.9548842686630084,TRUE,1.126286781619335,NA,NA,0.20345032630147322,50,793,0.5
F,+ (1|item:variant:judge:temp): splits eps/rho,0.5358667631002829,0.21243258661818462,0.11949889332864105,0.9522346328719248,TRUE,1.1191647646916758,0.038041802346503374,0.10205540335183856,NA,50,793,0.5
A,"1 obs/item, naive SE",0.19830136273261068,0.09144868663477936,0.01906193692844313,0.3775407885367782,FALSE,0.48178177128223426,NA,NA,NA,50,794,0.5
B,+ (1|variant): captures phi,0.26683067157750695,0.1046913950620361,0.061635537255916195,0.4720258058990977,FALSE,0.5515487166309221,NA,NA,NA,50,794,0.5
C,+ (1|judge): captures lambda,0.28367601971184625,0.1644321301386941,-0.03861095535999415,0.6059629947836866,TRUE,0.8662825659849569,NA,NA,NA,50,794,0.5
D,+ (1|temp): captures tau,0.403868975524668,0.17497915562168495,0.0609098305061655,0.7468281205431705,TRUE,0.921847766601208,NA,NA,NA,50,794,0.5
E,+ interactions: lumps eps into residual,0.403868975524668,0.16440340455497807,0.08163830259691102,0.7260996484524249,TRUE,0.8661312301581332,NA,NA,0.2207907241728298,50,794,0.5
F,+ (1|item:variant:judge:temp): splits eps/rho,0.403868975524668,0.16222369875404344,0.08591052596674287,0.7218274250825931,TRUE,0.8546478227928375,0.042162537821627585,0.10190509352094504,NA,50,794,0.5
A,"1 obs/item, naive SE",1.0921586266743046,0.0837813002007014,0.9279472782809299,1.2563699750676793,FALSE,0.4413874566862435,NA,NA,NA,50,795,0.5
B,+ (1|variant): captures phi,0.8874804068728797,0.184025342679836,0.5267907352204011,1.2481700785253582,FALSE,0.9695060565625744,NA,NA,NA,50,795,0.5
C,+ (1|judge): captures lambda,0.6910637881579718,0.20109951604205079,0.29690873671555224,1.0852188396003912,TRUE,1.0594584198860657,NA,NA,NA,50,795,0.5
D,+ (1|temp): captures tau,0.5486838183261642,0.23850023195735418,0.08122336368975003,1.0161442729625785,TRUE,1.2564976975835283,NA,NA,NA,50,795,0.5
E,+ interactions: lumps eps into residual,0.5486838183261642,0.23523156926688718,0.08762994256306533,1.009737694089263,TRUE,1.2392773070160115,NA,NA,0.20882733988078025,50,795,0.5
F,+ (1|item:variant:judge:temp): splits eps/rho,0.5486838183261639,0.2338820140363214,0.09027507081497393,1.0070925658373537,TRUE,1.2321674060064773,0.0367088085821395,0.10089311702954891,NA,50,795,0.5
A,"1 obs/item, naive SE",0.14471435061654056,0.0858038532495354,-0.023461201752548844,0.31288990298562996,FALSE,0.45204293164425063,NA,NA,NA,50,796,0.5
B,+ (1|variant): captures phi,1.59443316435191e-4,0.19413943679693896,-0.38035385280556516,0.38067273943843555,FALSE,1.0227904322924701,NA,NA,NA,50,796,0.5
C,+ (1|judge): captures lambda,0.36000511874276114,0.2971297928926889,-0.22236927532690914,0.9423795128124315,TRUE,1.5653775159425884,NA,NA,NA,50,796,0.5
D,+ (1|temp): captures tau,0.37841575694492036,0.24287137058199962,-0.09761212939579889,0.8544436432856396,TRUE,1.2795262941287404,NA,NA,NA,50,796,0.5
E,+ interactions: lumps eps into residual,0.37841575694492036,0.23593633831428276,-0.08401946615107386,0.8408509800409145,TRUE,1.242990262253468,NA,NA,0.21510065547996687,50,796,0.5
F,+ (1|item:variant:judge:temp): splits eps/rho,0.3784157569449205,0.23488104406836113,-0.08195108942906731,0.8387826033189083,TRUE,1.2374306249340765,0.04124617584464872,0.10023646404636236,NA,50,796,0.5
A,"1 obs/item, naive SE",0.30243202371528305,0.07548905116101774,0.15447348343968828,0.45039056399087785,FALSE,0.3977011602803986,NA,NA,NA,50,797,0.5
B,+ (1|variant): captures phi,0.10142124341479447,0.14063633627639194,-0.1742259756869337,0.37706846251652265,FALSE,0.7409184941986403,NA,NA,NA,50,797,0.5
C,+ (1|judge): captures lambda,0.36437876239130323,0.2134393414104477,-0.05396234677317424,0.7827198715557807,TRUE,1.124468680197871,NA,NA,NA,50,797,0.5
D,+ (1|temp): captures tau,0.36789187591723105,0.21447519396130643,-0.05247950424692954,0.7882632560813916,TRUE,1.1299258922706155,NA,NA,NA,50,797,0.5
E,+ interactions: lumps eps into residual,0.36789187591723105,0.20203480203329927,-0.02809633606803552,0.7638800879024976,TRUE,1.0643858142325666,NA,NA,0.21816279488512605,50,797,0.5
F,+ (1|item:variant:judge:temp): splits eps/rho,0.367891875917231,0.20024369784104995,-0.0245857718512269,0.7603695236856889,TRUE,1.0549496880065097,0.03861715189947875,0.09793163329079403,NA,50,797,0.5
A,"1 obs/item, naive SE",0.4320900134788029,0.07458851336282105,0.2858965272876737,0.5782834996699321,TRUE,0.3929568308483693,NA,NA,NA,50,798,0.5
B,+ (1|variant): captures phi,0.37866396695827687,0.06663196544827688,0.2480653146796542,0.5092626192368995,TRUE,0.351039118428176,NA,NA,NA,50,798,0.5
C,+ (1|judge): captures lambda,0.2927029976274096,0.14546354396182298,0.007594451462236529,0.5778115437925826,TRUE,0.766349812620109,NA,NA,NA,50,798,0.5
D,+ (1|temp): captures tau,0.4856912049391612,0.1836472216372109,0.12574265053022782,0.8456397593480945,TRUE,0.967513990493845,NA,NA,NA,50,798,0.5
E,+ interactions: lumps eps into residual,0.4856912049391612,0.1690046731205993,0.15444204562278657,0.8169403642555357,TRUE,0.8903722269538945,NA,NA,0.21194942584566578,50,798,0.5
F,+ (1|item:variant:judge:temp): splits eps/rho,0.4856912049391611,0.1669833617027376,0.15840381600179548,0.8129785938765268,TRUE,0.8797232933163931,0.03780536335835428,0.09889303517712222,NA,50,798,0.5
A,"1 obs/item, naive SE",0.6041221987026155,0.08727314353075234,0.4330668373823409,0.7751775600228901,TRUE,0.459783636297993,NA,NA,NA,50,799,0.5
B,+ (1|variant): captures phi,0.7069297068737342,0.14194503499097547,0.42871743829142234,0.9851419754560462,TRUE,0.7478131496386349,NA,NA,NA,50,799,0.5
C,+ (1|judge): captures lambda,0.6196691238512655,0.14995758496316994,0.3257522573234524,0.9135859903790786,TRUE,0.7900258993253333,NA,NA,NA,50,799,0.5
D,+ (1|temp): captures tau,0.69344309637689,0.20618067323236622,0.28932897684145215,1.0975572159123277,TRUE,1.086227627858295,NA,NA,NA,50,799,0.5
E,+ interactions: lumps eps into residual,0.69344309637689,0.19019092612876723,0.3206688811645062,1.0662173115892737,TRUE,1.0019883788826065,NA,NA,0.20756174555544413,50,799,0.5
F,+ (1|item:variant:judge:temp): splits eps/rho,0.6934430963768898,0.18852283318056837,0.32393834334297583,1.0629478494108038,TRUE,0.9932003163655773,0.037960323221661124,0.1001066276594253,NA,50,799,0.5
A,"1 obs/item, naive SE",0.5371074954516734,0.0898239236124126,0.36105260517134463,0.7131623857320021,TRUE,0.4732219850716795,NA,NA,NA,50,800,0.5
B,+ (1|variant): captures phi,0.25839692003120834,0.159662820710695,-0.0545422085617539,0.5713360486241705,TRUE,0.8411562746343649,NA,NA,NA,50,800,0.5
C,+ (1|judge): captures lambda,0.30802270930772324,0.28244105770276057,-0.24556176378968742,0.8616071824051339,TRUE,1.487992425810436,NA,NA,NA,50,800,0.5
D,+ (1|temp): captures tau,0.3848189536318311,0.23176940644117408,-0.06944908299287006,0.8390869902565323,TRUE,1.2210374940671267,NA,NA,NA,50,800,0.5
E,+ interactions: lumps eps into residual,0.3848189536318311,0.22633769679377394,-0.05880293208396581,0.828440839347628,TRUE,1.1924214604059062,NA,NA,0.2084227428144665,50,800,0.5
F,+ (1|item:variant:judge:temp): splits eps/rho,0.38481895363183166,0.2253274249047251,-0.05682279918142952,0.8264607064450928,TRUE,1.1870990156765855,0.04088239590031534,0.09844248843730789,NA,50,800,0.5
A,"1 obs/item, naive SE",0.36484054705839153,0.09143459911872537,0.1856287327856898,0.5440523613310932,TRUE,0.4817075536123342,NA,NA,NA,50,801,0.5
B,+ (1|variant): captures phi,0.3967229724021884,0.2277181144546655,-0.049604531928955975,0.8430504767333328,TRUE,1.199693954853308,NA,NA,NA,50,801,0.5
C,+ (1|judge): captures lambda,0.45201202993364736,0.2702288630961231,-0.07763654173475393,0.9816606016020486,TRUE,1.4236545663469462,NA,NA,NA,50,801,0.5
D,+ (1|temp): captures tau,0.2684916253810675,0.27333716650946344,-0.26724922097748083,0.8042324717396159,TRUE,1.4400301314782686,NA,NA,NA,50,801,0.5
E,+ interactions: lumps eps into residual,0.2684916253810675,0.26933830975835843,-0.25941146174531504,0.7963947125074501,TRUE,1.4189628383377393,NA,NA,0.20707052771481027,50,801,0.5
F,+ (1|item:variant:judge:temp): splits eps/rho,0.26849162538106747,0.2681923665148712,-0.2571654129880801,0.7941486637502151,TRUE,1.4129256322722101,0.03939551280508564,0.09898815763388041,NA,50,801,0.5
A,"1 obs/item, naive SE",0.6119559468065525,0.09247463575817676,0.4307056607205261,0.793206232892579,TRUE,0.48718680884050874,NA,NA,NA,50,802,0.5
B,+ (1|variant): captures phi,0.5627028101761489,0.11543290227982247,0.33645432170769685,0.7889512986446009,TRUE,0.6081385110179511,NA,NA,NA,50,802,0.5
C,+ (1|judge): captures lambda,0.8167307743885509,0.22288652448040921,0.37987318640694884,1.253588362370153,TRUE,1.1742395490923685,NA,NA,NA,50,802,0.5
D,+ (1|temp): captures tau,0.5503747111184006,0.26888651470857483,0.023357142289593957,1.0773922799472073,TRUE,1.4165826333577534,NA,NA,NA,50,802,0.5
E,+ interactions: lumps eps into residual,0.5503747111184006,0.2601117795108724,0.040555623277090724,1.0601937989597106,TRUE,1.3703544411151993,NA,NA,0.21753878330340276,50,802,0.5
F,+ (1|item:variant:judge:temp): splits eps/rho,0.5503747111184009,0.25880919936020885,0.04310868037239157,1.05764074186441,TRUE,1.3634920202831753,0.041454651580591306,0.10036465056544579,NA,50,802,0.5
A,"1 obs/item, naive SE",1.028230683979573,0.08710599655487838,0.8575029307320113,1.1989584372271347,FALSE,0.4589030510313874,NA,NA,NA,50,803,0.5
B,+ (1|variant): captures phi,0.9628030542829766,0.13866113623193568,0.6910272272683827,1.2345788812975704,FALSE,0.7305124904486316,NA,NA,NA,50,803,0.5
C,+ (1|judge): captures lambda,0.8744232095695748,0.17921188623254403,0.5231679125537885,1.225678506585361,FALSE,0.9441471841883018,NA,NA,NA,50,803,0.5
D,+ (1|temp): captures tau,0.6524882847810841,0.23397189575541263,0.19390336910047534,1.1110732004616928,TRUE,1.2326409324771486,NA,NA,NA,50,803,0.5
E,+ interactions: lumps eps into residual,0.6524882847810841,0.21768145438804568,0.22583263418051458,1.0791439353816537,TRUE,1.1468175271801002,NA,NA,0.20991011472087323,50,803,0.5
F,+ (1|item:variant:judge:temp): splits eps/rho,0.6524882847810838,0.21623364572045148,0.22867033916899887,1.0763062303931688,TRUE,1.139189994735189,0.03893320907076987,0.10121792403576982,NA,50,803,0.5
A,"1 obs/item, naive SE",1.178229507158206,0.09472701549577668,0.9925645567864838,1.3638944575299283,FALSE,0.49905308641664187,NA,NA,NA,50,804,0.5
B,+ (1|variant): captures phi,0.914505113904265,0.1702002248109712,0.5809126732747615,1.2480975545337687,FALSE,0.8966707866406749,NA,NA,NA,50,804,0.5
C,+ (1|judge): captures lambda,0.5856154279022392,0.24610114592743895,0.10325718188445887,1.0679736739200196,TRUE,1.2965418133672382,NA,NA,NA,50,804,0.5
D,+ (1|temp): captures tau,0.6127564476378756,0.2400613944567265,0.1422361145026917,1.0832767807730597,TRUE,1.2647224153119614,NA,NA,NA,50,804,0.5
E,+ interactions: lumps eps into residual,0.6127564476378756,0.22818673023195996,0.16551045638323414,1.060002438892517,TRUE,1.2021627769604792,NA,NA,0.2075154917800934,50,804,0.5
F,+ (1|item:variant:judge:temp): splits eps/rho,0.6127564476378755,0.22690939481087855,0.16801403380855356,1.0574988614671974,TRUE,1.1954333536703685,0.03820375097109703,0.1018700361156424,NA,50,804,0.5
A,"1 obs/item, naive SE",0.5908900434797932,0.07326413352194514,0.4472923417767808,0.7344877451828057,TRUE,0.3859795620753806,NA,NA,NA,50,805,0.5
B,+ (1|variant): captures phi,0.6745808233723914,0.16272773249489453,0.3556344676823982,0.9935271790623847,TRUE,0.85730323838588,NA,NA,NA,50,805,0.5
C,+ (1|judge): captures lambda,0.490972811994873,0.17207538197405992,0.1537050633257156,0.8282405606640304,TRUE,0.9065497315737328,NA,NA,NA,50,805,0.5
D,+ (1|temp): captures tau,0.4934352604960883,0.222694783270053,0.056953485286784455,0.9299170357053922,TRUE,1.1732293933060733,NA,NA,NA,50,805,0.5
E,+ interactions: lumps eps into residual,0.4934352604960883,0.2132278835453594,0.0755086087471839,0.9113619122449927,TRUE,1.1233546505869192,NA,NA,0.2202253338196031,50,805,0.5
F,+ (1|item:variant:judge:temp): splits eps/rho,0.49343526049608843,0.2115502930869828,0.07879668604560214,0.9080738349465747,TRUE,1.1145165520612321,0.037543800969544946,0.1020655489199171,NA,50,805,0.5
A,"1 obs/item, naive SE",0.5374539441370297,0.11750745786992893,0.30713932671196903,0.7677685615620904,TRUE,0.6190679524741922,NA,NA,NA,50,806,0.5
B,+ (1|variant): captures phi,0.8048425655271759,0.17833833262865945,0.4552994335750034,1.1543856974793485,TRUE,0.9395450163707332,NA,NA,NA,50,806,0.5
C,+ (1|judge): captures lambda,0.7104578451298271,0.22464702126675892,0.27014968344697965,1.1507660068126746,TRUE,1.1835144254331478,NA,NA,NA,50,806,0.5
D,+ (1|temp): captures tau,0.3899136894741208,0.23656958931692473,-0.07376270558705167,0.8535900845352933,TRUE,1.2463264368990106,NA,NA,NA,50,806,0.5
E,+ interactions: lumps eps into residual,0.3899136894741208,0.22395203858278898,-0.04903230614814558,0.8288596850963872,TRUE,1.1798530279783024,NA,NA,0.22192222375615187,50,806,0.5
F,+ (1|item:variant:judge:temp): splits eps/rho,0.3899136894741207,0.22275714457129306,-0.04669031388561368,0.8265176928338551,TRUE,1.173557933160242,0.041485158290924216,0.09908786578528223,NA,50,806,0.5
A,"1 obs/item, naive SE",0.8555178757844145,0.06873785706618585,0.7207916759346903,0.9902440756341387,FALSE,0.36213364838962364,NA,NA,NA,50,807,0.5
B,+ (1|variant): captures phi,0.37863301091139645,0.22986970680858965,-0.07191161443343924,0.8291776362562322,TRUE,1.211029251329361,NA,NA,NA,50,807,0.5
C,+ (1|judge): captures lambda,0.61116542359992,0.2295079657763742,0.16132981067822655,1.0610010365216134,TRUE,1.209123480545115,NA,NA,NA,50,807,0.5
D,+ (1|temp): captures tau,0.6069522685032623,0.1818481017251514,0.2505299891219656,0.963374547884559,TRUE,0.9580356348183517,NA,NA,NA,50,807,0.5
E,+ interactions: lumps eps into residual,0.6069522685032623,0.16381504899875554,0.2858747724657015,0.9280297645408232,TRUE,0.863031579496635,NA,NA,0.214195456898631,50,807,0.5
F,+ (1|item:variant:judge:temp): splits eps/rho,0.6069522685032623,0.16184724672991951,0.2897316649126201,0.9241728720939046,TRUE,0.8526645496627427,0.0417513549776892,0.10176453172871797,NA,50,807,0.5
A,"1 obs/item, naive SE",0.4628123710667075,0.07246502369106554,0.320780924632219,0.6048438175011959,TRUE,0.38176958854883025,NA,NA,NA,50,808,0.5
B,+ (1|variant): captures phi,0.5334466109032119,0.08432553244421594,0.36816856731254866,0.6987246544938751,TRUE,0.4442546512181508,NA,NA,NA,50,808,0.5
C,+ (1|judge): captures lambda,0.5867633511926373,0.12268857623878104,0.34629374176462646,0.8272329606206482,TRUE,0.6463637888259759,NA,NA,NA,50,808,0.5
D,+ (1|temp): captures tau,0.552444067891993,0.17115081411702768,0.21698847222261874,0.8878996635613672,TRUE,0.9016788038849561,NA,NA,NA,50,808,0.5
E,+ interactions: lumps eps into residual,0.552444067891993,0.1675657235776419,0.22401524967981484,0.880872886104171,TRUE,0.8827913672925582,NA,NA,0.2078096394237359,50,808,0.5
F,+ (1|item:variant:judge:temp): splits eps/rho,0.5524440678919926,0.16638158979725956,0.2263361518893639,0.8785519838946214,TRUE,0.8765529609125287,0.03923227296261125,0.09919108092556446,NA,50,808,0.5
A,"1 obs/item, naive SE",0.39498235455434244,0.08612356195105456,0.22618017313027552,0.5637845359784094,TRUE,0.4537272622801557,NA,NA,NA,50,809,0.5
B,+ (1|variant): captures phi,0.39563966555966146,0.15144376663832054,0.0988098829485532,0.6924694481707697,TRUE,0.7978555934002283,NA,NA,NA,50,809,0.5
C,+ (1|judge): captures lambda,0.13099651253159908,0.16667919422169733,-0.1956947081429277,0.4576877332061259,FALSE,0.8781208389436225,NA,NA,NA,50,809,0.5
D,+ (1|temp): captures tau,0.28739334148500995,0.22200247296623787,-0.14773150552881625,0.7225181884988361,TRUE,1.1695820748291983,NA,NA,NA,50,809,0.5
E,+ interactions: lumps eps into residual,0.28739334148500995,0.21446951179457507,-0.1329669016323572,0.707753584602377,TRUE,1.129895956746626,NA,NA,0.20513549679291215,50,809,0.5
F,+ (1|item:variant:judge:temp): splits eps/rho,0.28739334148501,0.21351794219668632,-0.13110182522049518,0.7058885081905152,TRUE,1.1248827750024193,0.043964972914530845,0.09961024920606867,NA,50,809,0.5
A,"1 obs/item, naive SE",0.6561496641716916,0.0772038819334887,0.5048300555820537,0.8074692727613295,FALSE,0.40673545303421205,NA,NA,NA,50,810,0.5
B,+ (1|variant): captures phi,0.4919951910409617,0.16424100747778264,0.17008281638450773,0.8139075656974156,TRUE,0.865275668920663,NA,NA,NA,50,810,0.5
C,+ (1|judge): captures lambda,0.5587107350362155,0.1760585591176693,0.2136359591655837,0.9037855109068473,TRUE,0.9275344193827888,NA,NA,NA,50,810,0.5
D,+ (1|temp): captures tau,0.4370623577281248,0.14799024279410014,0.14700148185168854,0.727123233604561,TRUE,0.7796612934483999,NA,NA,NA,50,810,0.5
E,+ interactions: lumps eps into residual,0.4370623577281248,0.1318260104319181,0.1786833772815653,0.6954413381746842,TRUE,0.6945027987182206,NA,NA,0.21193896311850707,50,810,0.5
F,+ (1|item:variant:judge:temp): splits eps/rho,0.43706235772812474,0.13079024300665948,0.18071348143507215,0.6934112340211773,TRUE,0.6890460351151471,0.03936862281521607,0.1009198755095369,NA,50,810,0.5
A,"1 obs/item, naive SE",0.342613588552611,0.07478199735398976,0.19604087373879106,0.4891863033664309,FALSE,0.3939761681774258,NA,NA,NA,50,811,0.5
B,+ (1|variant): captures phi,0.5762179578038584,0.3465192244810464,-0.10295972217899252,1.2553956377867093,TRUE,1.8255772925483686,NA,NA,NA,50,811,0.5
C,+ (1|judge): captures lambda,0.6109227038000731,0.33742685551141827,-0.0504339330023067,1.2722793406024528,TRUE,1.7776757010817388,NA,NA,NA,50,811,0.5
D,+ (1|temp): captures tau,0.47884329118198277,0.3096718647821761,-0.1281135637910824,1.085800146155048,TRUE,1.631453277474282,NA,NA,NA,50,811,0.5
E,+ interactions: lumps eps into residual,0.47884329118198277,0.3008344146685786,-0.11079216156843119,1.0684787439323968,TRUE,1.584894682419204,NA,NA,0.21787911919837502,50,811,0.5
F,+ (1|item:variant:judge:temp): splits eps/rho,0.4788432911819827,0.2996739829979904,-0.10851771549407846,1.066204297858044,TRUE,1.5787811465524644,0.04174883524665168,0.09927307915330386,NA,50,811,0.5
A,"1 obs/item, naive SE",0.481105484650478,0.09511544762165054,0.2946792073120429,0.6675317619889131,TRUE,0.5010994746646635,NA,NA,NA,50,812,0.5
B,+ (1|variant): captures phi,0.4643988408150557,0.12619057818452462,0.2170653075733875,0.711732374056724,TRUE,0.6648134873677645,NA,NA,NA,50,812,0.5
C,+ (1|judge): captures lambda,0.1981762775394609,0.2306738095235767,-0.25394438912674944,0.6502969442056712,TRUE,1.2152655290122378,NA,NA,NA,50,812,0.5
D,+ (1|temp): captures tau,0.5854057302784215,0.21982238189288283,0.1545538617683711,1.0162575987884719,TRUE,1.1580966377220225,NA,NA,NA,50,812,0.5
E,+ interactions: lumps eps into residual,0.5854057302784215,0.20893347179996574,0.1758961255504886,0.9949153350063543,TRUE,1.100730276487662,NA,NA,0.2166465108509384,50,812,0.5
F,+ (1|item:variant:judge:temp): splits eps/rho,0.5854057302784211,0.20768578385225334,0.17834159392800458,0.9924698666288376,TRUE,1.0941570458424035,0.04163657825945006,0.10059668242691687,NA,50,812,0.5
A,"1 obs/item, naive SE",1.0196222757508544,0.0878687165542493,0.8473995913045258,1.191844960197183,FALSE,0.4629213109519137,NA,NA,NA,50,813,0.5
B,+ (1|variant): captures phi,0.8081550724497922,0.17705019759303453,0.46113668516744455,1.15517345973214,TRUE,0.9327586971577239,NA,NA,NA,50,813,0.5
C,+ (1|judge): captures lambda,0.5932587138487972,0.2013514520412739,0.1986098678479004,0.987907559849694,TRUE,1.0607857016264828,NA,NA,NA,50,813,0.5
D,+ (1|temp): captures tau,0.5829536466647722,0.2274481253117026,0.1371553210538351,1.0287519722757095,TRUE,1.1982715632115,NA,NA,NA,50,813,0.5
E,+ interactions: lumps eps into residual,0.5829536466647722,0.21607611706518612,0.15944445721700745,1.006462836112537,TRUE,1.138360081946342,NA,NA,0.23218610812572293,50,813,0.5
F,+ (1|item:variant:judge:temp): splits eps/rho,0.5829536466647725,0.21406489004531457,0.16338646217595593,1.002520831153589,TRUE,1.1277642762356026,0.03620830889945007,0.10010498014555509,NA,50,813,0.5
A,"1 obs/item, naive SE",0.2557386688906435,0.08137397628098653,0.09624567537990991,0.4152316624013771,FALSE,0.4287048821762097,NA,NA,NA,50,814,0.5
B,+ (1|variant): captures phi,0.33175764667033497,0.1527119673375621,0.03244219068871329,0.6310731026519567,TRUE,0.8045368919700165,NA,NA,NA,50,814,0.5
C,+ (1|judge): captures lambda,0.24753436018123218,0.23434192062033513,-0.21177580423462464,0.706844524597089,TRUE,1.2345903452177907,NA,NA,NA,50,814,0.5
D,+ (1|temp): captures tau,0.3704747968648157,0.23982260880805345,-0.09957751639896906,0.8405271101286005,TRUE,1.2634644139452067,NA,NA,NA,50,814,0.5
E,+ interactions: lumps eps into residual,0.3704747968648157,0.2270237415051061,-0.07449173648519225,0.8154413302148237,TRUE,1.1960357696799633,NA,NA,0.22133653240096085,50,814,0.5
F,+ (1|item:variant:judge:temp): splits eps/rho,0.37047479686481577,0.22539860842012965,-0.07130647563863834,0.8122560693682699,TRUE,1.187474033857816,0.037510875711849315,0.10301661394925139,NA,50,814,0.5
A,"1 obs/item, naive SE",0.5889240934239247,0.08601344553581759,0.4203377401737222,0.7575104466741271,TRUE,0.4531471327722056,NA,NA,NA,50,815,0.5
B,+ (1|variant): captures phi,0.5609138471019905,0.07576864753556835,0.4124072979322766,0.7094203962717045,TRUE,0.39917416597935473,NA,NA,NA,50,815,0.5
C,+ (1|judge): captures lambda,0.46152634300151174,0.1323995117233599,0.20202330002372637,0.7210293859792971,TRUE,0.6975241922252368,NA,NA,NA,50,815,0.5
D,+ (1|temp): captures tau,0.5142603165647778,0.19946072768994724,0.12331729029248117,0.9052033428370744,TRUE,1.0508247436235916,NA,NA,NA,50,815,0.5
E,+ interactions: lumps eps into residual,0.5142603165647778,0.1858128192024609,0.1500671909279544,0.8784534422016012,TRUE,0.9789230710314089,NA,NA,0.21237826354538222,50,815,0.5
F,+ (1|item:variant:judge:temp): splits eps/rho,0.5142603165647778,0.18400202717969524,0.15361634329257512,0.8749042898369804,TRUE,0.969383222836148,0.04089158122608368,0.09966978762845276,NA,50,815,0.5
A,"1 obs/item, naive SE",-0.2611547485648281,0.07625338119897529,-0.41061137571481965,-0.11169812141483657,FALSE,0.4017279024139631,NA,NA,NA,50,816,0.5
B,+ (1|variant): captures phi,-0.01089198649056574,0.17897750308249988,-0.36168789253226546,0.339903919551134,FALSE,0.9429123766329133,NA,NA,NA,50,816,0.5
C,+ (1|judge): captures lambda,0.12454485963157784,0.17077843321594163,-0.21018086947166775,0.45927058873482346,FALSE,0.899716978770579,NA,NA,NA,50,816,0.5
D,+ (1|temp): captures tau,0.35310114968215817,0.18820842692071424,-0.015787367082441717,0.721989666446758,TRUE,0.9915439207370682,NA,NA,NA,50,816,0.5
E,+ interactions: lumps eps into residual,0.35310114968215817,0.1742939568351023,0.011484994285357653,0.6947173050789587,TRUE,0.9182379139370728,NA,NA,0.21424265912973284,50,816,0.5
F,+ (1|item:variant:judge:temp): splits eps/rho,0.35310114968215817,0.17234461303935955,0.015305708125013473,0.6908965912393028,TRUE,0.9079681294129744,0.03689407868701467,0.10247006254057855,NA,50,816,0.5
A,"1 obs/item, naive SE",0.752070226417124,0.08873969041356407,0.5781404332065384,0.9260000196277095,FALSE,0.4675098878262546,NA,NA,NA,50,817,0.5
B,+ (1|variant): captures phi,0.6816193622143648,0.12674176174319615,0.43320550919770034,0.9300332152310293,TRUE,0.6677173037151655,NA,NA,NA,50,817,0.5
C,+ (1|judge): captures lambda,0.6541204777285977,0.15953953514847663,0.34142298883758354,0.966817966619612,TRUE,0.8405067657269674,NA,NA,NA,50,817,0.5
D,+ (1|temp): captures tau,0.6220805599014896,0.24257423438296058,0.14663506051088687,1.0975260592920923,TRUE,1.277960882863111,NA,NA,NA,50,817,0.5
E,+ interactions: lumps eps into residual,0.6220805599014896,0.23778862637300452,0.15601485221040073,1.0881462675925784,TRUE,1.2527487252199172,NA,NA,0.21771828520818354,50,817,0.5
F,+ (1|item:variant:judge:temp): splits eps/rho,0.6220805599014896,0.23634496190418958,0.15884443456927805,1.085316685233701,TRUE,1.2451430257777738,0.03997206221630216,0.10092074467440959,NA,50,817,0.5
A,"1 obs/item, naive SE",0.7387316120040079,0.07319441556294103,0.5952705575006435,0.8821926665073724,FALSE,0.38561226492749123,NA,NA,NA,50,818,0.5
B,+ (1|variant): captures phi,0.6847652827111853,0.15119516753223305,0.38842275434800855,0.9811078110743621,TRUE,0.7965458915108141,NA,NA,NA,50,818,0.5
C,+ (1|judge): captures lambda,0.7210579586021922,0.20099088197617634,0.3271158299288866,1.115000087275498,TRUE,1.0588860998823066,NA,NA,NA,50,818,0.5
D,+ (1|temp): captures tau,0.5367838114978544,0.23906701574123668,0.0682124606450305,1.0053551623506782,TRUE,1.259483701050407,NA,NA,NA,50,818,0.5
E,+ interactions: lumps eps into residual,0.5367838114978544,0.2288857522400097,0.08816773710743536,0.9853998858882733,TRUE,1.205845454903668,NA,NA,0.2008289020222284,50,818,0.5
F,+ (1|item:variant:judge:temp): splits eps/rho,0.5367838114978543,0.22759488758151133,0.09069783183809205,0.9828697911576165,TRUE,1.1990447551392116,0.03833193016091629,0.09773256887102817,NA,50,818,0.5
A,"1 obs/item, naive SE",0.5365281546236846,0.08212900203434616,0.37555531063636616,0.6975009986110031,TRUE,0.43268260627704946,NA,NA,NA,50,819,0.5
B,+ (1|variant): captures phi,0.7129389779981681,0.12813544086857326,0.4617935138957645,0.9640844421005716,TRUE,0.6750596639210024,NA,NA,NA,50,819,0.5
C,+ (1|judge): captures lambda,0.4737335412134229,0.1573724478617678,0.16528354340435808,0.7821835390224878,TRUE,0.8290898368465834,NA,NA,NA,50,819,0.5
D,+ (1|temp): captures tau,0.5131917726784262,0.19810359636852867,0.12490872379611001,0.9014748215607424,TRUE,1.0436749292746232,NA,NA,NA,50,819,0.5
E,+ interactions: lumps eps into residual,0.5131917726784262,0.17768172859170997,0.16493558463867464,0.8614479607181778,TRUE,0.9360858102564239,NA,NA,0.22113747014486299,50,819,0.5
F,+ (1|item:variant:judge:temp): splits eps/rho,0.5131917726784263,0.17621619570860664,0.16780802908955728,0.8585755162672953,TRUE,0.9283649008122706,0.0383628174914197,0.0993440589851084,NA,50,819,0.5
A,"1 obs/item, naive SE",0.2060195094496179,0.06992252035754717,0.06897136954882543,0.34306764935041034,FALSE,0.3683748444077197,NA,NA,NA,50,820,0.5
B,+ (1|variant): captures phi,0.5831223742653965,0.21288602063866313,0.16586577381361672,1.0003789747171763,TRUE,1.1215536043085663,NA,NA,NA,50,820,0.5
C,+ (1|judge): captures lambda,0.7566723635115874,0.2130553264253036,0.3390839237179924,1.1742608033051825,TRUE,1.1224455629006207,NA,NA,NA,50,820,0.5
D,+ (1|temp): captures tau,0.631022812874173,0.19362650161501027,0.2515148697087528,1.010530756039593,TRUE,1.0200881209789188,NA,NA,NA,50,820,0.5
E,+ interactions: lumps eps into residual,0.631022812874173,0.17837989414059297,0.28139822035861073,0.9806474053897352,TRUE,0.9397639760909146,NA,NA,0.21692151899977874,50,820,0.5
F,+ (1|item:variant:judge:temp): splits eps/rho,0.631022812874173,0.17636123983764684,0.28535478279238513,0.9766908429559608,TRUE,0.9291290410090802,0.03610448382172794,0.09854133580908211,NA,50,820,0.5
A,"1 obs/item, naive SE",0.7294400956086329,0.08795010342210269,0.5570578929013116,0.9018222983159542,FALSE,0.4633500837511351,NA,NA,NA,50,821,0.5
B,+ (1|variant): captures phi,0.6872492683567512,0.15836800928819983,0.3768479701518795,0.9976505665616229,TRUE,0.8343347820185382,NA,NA,NA,50,821,0.5
C,+ (1|judge): captures lambda,0.5858937733279308,0.11294291127487775,0.3645256672291704,0.8072618794266913,TRUE,0.5950204191023166,NA,NA,NA,50,821,0.5
D,+ (1|temp): captures tau,0.35728825317565754,0.18755720537516402,-0.010323869359663895,0.724900375710979,TRUE,0.9881130713584942,NA,NA,NA,50,821,0.5
E,+ interactions: lumps eps into residual,0.35728825317565754,0.1761531148961872,0.012028147979130599,0.7025483583721845,TRUE,0.9280325703364626,NA,NA,0.20727135023181106,50,821,0.5
F,+ (1|item:variant:judge:temp): splits eps/rho,0.35728825317565754,0.17450817955298678,0.015252221251803477,0.6993242850995116,TRUE,0.9193665097022965,0.041433228524725536,0.10225092016069832,NA,50,821,0.5
A,"1 obs/item, naive SE",0.6359358129406565,0.08964479790127684,0.46023200905415385,0.8116396168271591,TRUE,0.4722782918862559,NA,NA,NA,50,822,0.5
B,+ (1|variant): captures phi,0.5579873166315941,0.09109449205799759,0.3794421121979188,0.7365325210652693,TRUE,0.4799157577082834,NA,NA,NA,50,822,0.5
C,+ (1|judge): captures lambda,0.7288027987723119,0.15119527134485317,0.4324600669363997,1.0251455306082242,TRUE,0.7965464384298552,NA,NA,NA,50,822,0.5
D,+ (1|temp): captures tau,0.4537845098111787,0.22493229215896163,0.012917217179613916,0.8946518024427434,TRUE,1.1850173263582269,NA,NA,NA,50,822,0.5
E,+ interactions: lumps eps into residual,0.4537845098111787,0.21368918983220433,0.03495369774005819,0.8726153218822992,TRUE,1.1257849638933024,NA,NA,0.20887533651184073,50,822,0.5
F,+ (1|item:variant:judge:temp): splits eps/rho,0.45378450981117885,0.21218808986743964,0.037895853670997126,0.8696731659513606,TRUE,1.1178766753600369,0.03900489303982316,0.09796318537981433,NA,50,822,0.5
A,"1 obs/item, naive SE",1.03898412505509,0.09287495336832143,0.85694921645318,1.221019033657,FALSE,0.4892958137304447,NA,NA,NA,50,823,0.5
B,+ (1|variant): captures phi,1.2196265672107218,0.1076015711362258,1.0087274877837193,1.4305256466377243,FALSE,0.5668804817481814,NA,NA,NA,50,823,0.5
C,+ (1|judge): captures lambda,0.8508126371681127,0.2691262042361278,0.3233252768653022,1.3782999974709234,TRUE,1.417845396655858,NA,NA,NA,50,823,0.5
D,+ (1|temp): captures tau,0.629289153599341,0.21098488020561926,0.21575878839632728,1.0428195188023548,TRUE,1.1115377709599024,NA,NA,NA,50,823,0.5
E,+ interactions: lumps eps into residual,0.629289153599341,0.1980607097936178,0.24109016240385012,1.0174881447948319,TRUE,1.0434489886866813,NA,NA,0.2139394616713774,50,823,0.5
F,+ (1|item:variant:judge:temp): splits eps/rho,0.6292891535993411,0.19683057880253377,0.24350121914637496,1.0150770880523072,TRUE,1.0369682538658465,0.03764752578926349,0.09931123792858224,NA,50,823,0.5
A,"1 obs/item, naive SE",0.1466563390192513,0.08388419287556945,-0.017756679016864813,0.3110693570553674,FALSE,0.4419295291530453,NA,NA,NA,50,824,0.5
B,+ (1|variant): captures phi,0.35513222968838215,0.1232394214207381,0.11358296370373547,0.5966814956730289,TRUE,0.6492658224935062,NA,NA,NA,50,824,0.5
C,+ (1|judge): captures lambda,0.7896448502269683,0.28942117077939256,0.22237935549935883,1.3569103449545779,TRUE,1.524765958220371,NA,NA,NA,50,824,0.5
D,+ (1|temp): captures tau,0.49049939073067134,0.2445664173978795,0.011149212630827576,0.9698495688305151,TRUE,1.288456358489559,NA,NA,NA,50,824,0.5
E,+ interactions: lumps eps into residual,0.49049939073067134,0.2265474094709065,0.04646646816769456,0.934532313293648,TRUE,1.1935262957924744,NA,NA,0.2261137602241766,50,824,0.5
F,+ (1|item:variant:judge:temp): splits eps/rho,0.4904993907306712,0.22493499294532268,0.0496268045578388,0.9313719769035036,TRUE,1.1850315549894381,0.04272643032257353,0.10157420007107949,NA,50,824,0.5
A,"1 obs/item, naive SE",0.05804464817228778,0.07841305986091239,-0.09564494915510052,0.21173424549967607,FALSE,0.4131058002213307,NA,NA,NA,50,825,0.5
B,+ (1|variant): captures phi,0.4114594291447195,0.14526251180878305,0.12674490599950472,0.6961739522899343,TRUE,0.7652907090906831,NA,NA,NA,50,825,0.5
C,+ (1|judge): captures lambda,0.7017455286726523,0.17858612616176703,0.3517167213955889,1.0517743359497156,TRUE,0.940850474236625,NA,NA,NA,50,825,0.5
D,+ (1|temp): captures tau,0.4354896303821851,0.19221995792092755,0.05873851285716708,0.8122407479072031,TRUE,1.0126779859922093,NA,NA,NA,50,825,0.5
E,+ interactions: lumps eps into residual,0.4354896303821851,0.18331990771250367,0.07618261126567788,0.7947966494986922,TRUE,0.965789593039778,NA,NA,0.22603941707141711,50,825,0.5
F,+ (1|item:variant:judge:temp): splits eps/rho,0.43548963038218463,0.181782604115166,0.07919572631645927,0.79178353444791,TRUE,0.9576905718577481,0.037951551775105834,0.10001133558453162,NA,50,825,0.5
A,"1 obs/item, naive SE",0.6507860521214908,0.07603932977996038,0.5017489657527684,0.7998231384902131,FALSE,0.4006002091075482,NA,NA,NA,50,826,0.5
B,+ (1|variant): captures phi,0.6395908702603585,0.21559846626357715,0.21701787638374737,1.0621638641369697,TRUE,1.1358436603582158,NA,NA,NA,50,826,0.5
C,+ (1|judge): captures lambda,0.44784908866050616,0.21818868218518991,0.020199271577533928,0.8754989057434783,TRUE,1.1494897701126607,NA,NA,NA,50,826,0.5
D,+ (1|temp): captures tau,0.3987512679324205,0.21618273998439652,-0.024966902436996674,0.8224694383018376,TRUE,1.1389218065677313,NA,NA,NA,50,826,0.5
E,+ interactions: lumps eps into residual,0.3987512679324205,0.2086819764052769,-0.010265405821922202,0.8077679416867631,TRUE,1.0994053159969068,NA,NA,0.21439065313294348,50,826,0.5
F,+ (1|item:variant:judge:temp): splits eps/rho,0.3987512679324204,0.20708281035115164,-0.007131040355836837,0.8046335762206775,TRUE,1.090980383037423,0.04039502322625014,0.09936653343996231,NA,50,826,0.5
A,"1 obs/item, naive SE",0.5059882921756795,0.09056563847935538,0.328479640756143,0.6834969435952161,TRUE,0.4771295830430882,NA,NA,NA,50,827,0.5
B,+ (1|variant): captures phi,0.4096698781586496,0.09262324757137722,0.22812831291875024,0.5912114433985489,TRUE,0.4879697447713781,NA,NA,NA,50,827,0.5
C,+ (1|judge): captures lambda,0.12052690154370024,0.20163707376395695,-0.2746817630336553,0.5157355661210559,TRUE,1.062290450841969,NA,NA,NA,50,827,0.5
D,+ (1|temp): captures tau,0.3373409839510585,0.2125020587636727,-0.07916305122574002,0.753845019127857,TRUE,1.1195307668130807,NA,NA,NA,50,827,0.5
E,+ interactions: lumps eps into residual,0.3373409839510585,0.18471943328830853,-0.0247091052940262,0.6993910731961432,TRUE,0.9731627542701725,NA,NA,0.20385667317643869,50,827,0.5
F,+ (1|item:variant:judge:temp): splits eps/rho,0.3373409839510585,0.18352582349548524,-0.022369630100092575,0.6970515980022096,TRUE,0.9668744251386361,0.0406749572648556,0.09810330995584658,NA,50,827,0.5
A,"1 obs/item, naive SE",-0.3558285746202292,0.07847444912277896,-0.509638494900876,-0.20201865433958247,FALSE,0.4134292190522419,NA,NA,NA,50,828,0.5
B,+ (1|variant): captures phi,-0.02727080177265922,0.1366755789424997,-0.29515493649995866,0.2406133329546402,FALSE,0.720051921324143,NA,NA,NA,50,828,0.5
C,+ (1|judge): captures lambda,0.1781845454716294,0.16298291666090206,-0.14126197118373865,0.4976310621269975,FALSE,0.8586476325376876,NA,NA,NA,50,828,0.5
D,+ (1|temp): captures tau,0.4243524661041335,0.16595711051130485,0.09907652950197604,0.7496284027062909,TRUE,0.8743166643643167,NA,NA,NA,50,828,0.5
E,+ interactions: lumps eps into residual,0.4243524661041335,0.15041072337509404,0.1295474482889492,0.7191574839193178,TRUE,0.7924131815790927,NA,NA,0.2204029655890971,50,828,0.5
F,+ (1|item:variant:judge:temp): splits eps/rho,0.4243524661041334,0.14893229980873587,0.13244515847901112,0.7162597737292558,TRUE,0.7846243597740288,0.0406420146710385,0.10075273584294146,NA,50,828,0.5
A,"1 obs/item, naive SE",0.43634465294704927,0.08731062819031056,0.26521582169404057,0.607473484200058,TRUE,0.45998111781842205,NA,NA,NA,50,829,0.5
B,+ (1|variant): captures phi,0.24899387727720387,0.26407402792193324,-0.2685912174497852,0.766578972004193,TRUE,1.391228869474842,NA,NA,NA,50,829,0.5
C,+ (1|judge): captures lambda,0.4199705279129429,0.23079698308082439,-0.03239155892547285,0.8723326147513587,TRUE,1.2159144478405959,NA,NA,NA,50,829,0.5
D,+ (1|temp): captures tau,0.37673844327653144,0.21327427209197594,-0.041279130023741395,0.7947560165768043,TRUE,1.1235990407140883,NA,NA,NA,50,829,0.5
E,+ interactions: lumps eps into residual,0.37673844327653144,0.20301368669294576,-0.021168382641642225,0.7746452691947051,TRUE,1.0695429007098058,NA,NA,0.20781148315611225,50,829,0.5
F,+ (1|item:variant:judge:temp): splits eps/rho,0.37673844327653166,0.20146673997103856,-0.018136367066703907,0.7716132536197673,TRUE,1.0613930763745896,0.03557610934395998,0.10137558032937422,NA,50,829,0.5
A,"1 obs/item, naive SE",0.46025801530549726,0.06819275015676773,0.3266002249982325,0.593915805612762,TRUE,0.35926184582993803,NA,NA,NA,50,830,0.5
B,+ (1|variant): captures phi,0.35939253344268635,0.06009409154387082,0.24160811401669954,0.4771769528686731,FALSE,0.31659544749100677,NA,NA,NA,50,830,0.5
C,+ (1|judge): captures lambda,0.46642817140165566,0.15516156255529087,0.16231150879328554,0.7705448340100258,TRUE,0.8174421655868497,NA,NA,NA,50,830,0.5
D,+ (1|temp): captures tau,0.559269484325769,0.1630211570008968,0.23974801660401118,0.8787909520475268,TRUE,0.8588490952313038,NA,NA,NA,50,830,0.5
E,+ interactions: lumps eps into residual,0.559269484325769,0.15296933049358266,0.25944959655834693,0.8590893720931909,TRUE,0.8058927657581832,NA,NA,0.1999720288862181,50,830,0.5
F,+ (1|item:variant:judge:temp): splits eps/rho,0.559269484325769,0.151074836088993,0.2631628055913427,0.8553761630601953,TRUE,0.7959119458742118,0.03742618527535879,0.10006175344347994,NA,50,830,0.5
A,"1 obs/item, naive SE",0.6408200564894034,0.07727084585838892,0.48936919860696115,0.7922709143718457,TRUE,0.4070882410242603,NA,NA,NA,50,831,0.5
B,+ (1|variant): captures phi,1.0803904584294846,0.2818949157075277,0.5278764236427302,1.6329044932162389,FALSE,1.4851151700780958,NA,NA,NA,50,831,0.5
C,+ (1|judge): captures lambda,0.7914763973584463,0.2702796406268764,0.2617283017297686,1.321224492987124,TRUE,1.4239220790866904,NA,NA,NA,50,831,0.5
D,+ (1|temp): captures tau,0.4830890184377465,0.2680026740585076,-0.04219622271692841,1.0083742595924214,TRUE,1.4119262699960657,NA,NA,NA,50,831,0.5
E,+ interactions: lumps eps into residual,0.4830890184377465,0.25564636970149107,-0.01797786617717595,0.984155903052669,TRUE,1.3468291929499994,NA,NA,0.21194543921019582,50,831,0.5
F,+ (1|item:variant:judge:temp): splits eps/rho,0.48308901843774643,0.2543984746129872,-0.015531991803708456,0.9817100286792013,TRUE,1.3402548710188942,0.04186678996369757,0.10012923309132202,NA,50,831,0.5
A,"1 obs/item, naive SE",0.9329810471991238,0.0827593256521493,0.7707727689209112,1.0951893254773364,FALSE,0.43600335849604016,NA,NA,NA,50,832,0.5
B,+ (1|variant): captures phi,0.9989564368665397,0.06268317454319622,0.8760974147618751,1.1218154589712042,FALSE,0.3302355886380674,NA,NA,NA,50,832,0.5
C,+ (1|judge): captures lambda,0.7289658321340637,0.18632610202630004,0.3637666721625157,1.0941649921056118,TRUE,0.981627213836932,NA,NA,NA,50,832,0.5
D,+ (1|temp): captures tau,0.736138704278917,0.20633351421085888,0.3317250164256336,1.1405523921322005,TRUE,1.0870328444234796,NA,NA,NA,50,832,0.5
E,+ interactions: lumps eps into residual,0.736138704278917,0.20313673913053085,0.3379906955830766,1.1342867129747574,TRUE,1.0701911814399283,NA,NA,0.21633759642432304,50,832,0.5
F,+ (1|item:variant:judge:temp): splits eps/rho,0.7361387042789169,0.20192658901565608,0.34036258980823103,1.1319148187496029,TRUE,1.0638157124494307,0.04063406856389187,0.09890515156517729,NA,50,832,0.5
A,"1 obs/item, naive SE",0.4572062808323023,0.0792570077870876,0.3018625455696106,0.6125500160949939,TRUE,0.4175519955873342,NA,NA,NA,50,833,0.5
B,+ (1|variant): captures phi,0.4605862597208057,0.08655872279076322,0.29093116305090977,0.6302413563907017,TRUE,0.4560198327681803,NA,NA,NA,50,833,0.5
C,+ (1|judge): captures lambda,0.30153322701537155,0.1579475855730619,-0.00804404070782977,0.6111104947385728,TRUE,0.8321198515518258,NA,NA,NA,50,833,0.5
D,+ (1|temp): captures tau,0.4653656203451488,0.16031083236285198,0.15115638891395888,0.7795748517763387,TRUE,0.8445702132383665,NA,NA,NA,50,833,0.5
E,+ interactions: lumps eps into residual,0.4653656203451488,0.14212757421222644,0.18679557488918497,0.7439356658011126,TRUE,0.7487748263185198,NA,NA,0.21929721709504418,50,833,0.5
F,+ (1|item:variant:judge:temp): splits eps/rho,0.4653656203451488,0.140693655559351,0.1896060554488208,0.7411251852414767,TRUE,0.7412204710414892,0.04146227892939177,0.09971531568210701,NA,50,833,0.5
A,"1 obs/item, naive SE",0.7263013068238217,0.08050630798351133,0.5685089431761394,0.8840936704715039,FALSE,0.42413372008929506,NA,NA,NA,50,834,0.5
B,+ (1|variant): captures phi,1.020597754128885,0.18526876848820883,0.6574709678919958,1.3837245403657743,FALSE,0.9760568328553864,NA,NA,NA,50,834,0.5
C,+ (1|judge): captures lambda,0.7924336155905941,0.20444702088932012,0.39171745464752666,1.1931497765336616,TRUE,1.0770941768776803,NA,NA,NA,50,834,0.5
D,+ (1|temp): captures tau,0.5433913003196127,0.2764975489318417,0.0014561044132029854,1.0853264962260223,TRUE,1.4566800659651742,NA,NA,NA,50,834,0.5
E,+ interactions: lumps eps into residual,0.5433913003196127,0.26522829419060806,0.023543843706020917,1.0632387569332045,TRUE,1.397309923975651,NA,NA,0.2157497829530885,50,834,0.5
F,+ (1|item:variant:judge:temp): splits eps/rho,0.5433913003196128,0.2639203200937095,0.026107472935942178,1.0606751277032833,TRUE,1.3904190860600478,0.03832844276860767,0.10048458437562148,NA,50,834,0.5
A,"1 obs/item, naive SE",1.656013726833205,0.08946625066798619,1.480659875523952,1.8313675781424579,FALSE,0.47133764631246156,NA,NA,NA,50,835,0.5
B,+ (1|variant): captures phi,0.8490961298595663,0.27809046391419584,0.30403882058774245,1.3941534391313901,TRUE,1.465072066221728,NA,NA,NA,50,835,0.5
C,+ (1|judge): captures lambda,0.9376044762983388,0.30381114353426364,0.342134634971182,1.5330743176254955,TRUE,1.6005770695404564,NA,NA,NA,50,835,0.5
D,+ (1|temp): captures tau,0.5234341509158766,0.33938795936363214,-0.14176624943684235,1.1886345512685956,TRUE,1.7880074414528322,NA,NA,NA,50,835,0.5
E,+ interactions: lumps eps into residual,0.5234341509158766,0.3346949756976031,-0.13256800145142544,1.1794363032831787,TRUE,1.763283259330372,NA,NA,0.2081661661904792,50,835,0.5
F,+ (1|item:variant:judge:temp): splits eps/rho,0.5234341509158768,0.3337699843678071,-0.13075501844502513,1.1776233202767785,TRUE,1.758410100647737,0.03821432980761261,0.10087579278374571,NA,50,835,0.5
A,"1 obs/item, naive SE",0.21417770296048985,0.07601256272763249,0.06519308001433019,0.36316232590664954,FALSE,0.4004591914685083,NA,NA,NA,50,836,0.5
B,+ (1|variant): captures phi,0.35056277165112654,0.14778520344240456,0.06090377290401361,0.6402217703982395,TRUE,0.7785810786779355,NA,NA,NA,50,836,0.5
C,+ (1|judge): captures lambda,0.639413912919786,0.19240459117066053,0.2623009142252914,1.0165269116142805,TRUE,1.0136506947031523,NA,NA,NA,50,836,0.5
D,+ (1|temp): captures tau,0.6405090301283679,0.2553733975854474,0.139977170860891,1.1410408893958448,TRUE,1.3453910860244904,NA,NA,NA,50,836,0.5
E,+ interactions: lumps eps into residual,0.6405090301283679,0.247310031771354,0.15578136785651409,1.1252366924002217,TRUE,1.3029106217623267,NA,NA,0.20790133330345983,50,836,0.5
F,+ (1|item:variant:judge:temp): splits eps/rho,0.6405090301283678,0.24611314035351112,0.15812727503548601,1.1228907852212495,TRUE,1.296605003950408,0.041801988231417564,0.09882889890455086,NA,50,836,0.5
A,"1 obs/item, naive SE",0.5005887226163275,0.08665881320908903,0.330737448726513,0.6704399965061419,TRUE,0.4565471420254687,NA,NA,NA,50,837,0.5
B,+ (1|variant): captures phi,0.9745299153138259,0.20955749132840604,0.5637972323101501,1.3852625983175018,FALSE,1.1040178166896044,NA,NA,NA,50,837,0.5
C,+ (1|judge): captures lambda,0.8280683658286999,0.22443406482490894,0.3881775987718784,1.2679591328855215,TRUE,1.1823925008267266,NA,NA,NA,50,837,0.5
D,+ (1|temp): captures tau,0.73259781650701306,0.24460936452899912,0.2531634620301748,1.2120321709838513,TRUE,1.2886826181075342,NA,NA,NA,50,837,0.5
E,+ interactions: lumps eps into residual,0.73259781650701306,0.2330410478840348,0.27583736265430486,1.1893582703597212,TRUE,1.2277369196064358,NA,NA,0.2123489342833182,50,837,0.5
F,+ (1|item:variant:judge:temp): splits eps/rho,0.73259781650701294,0.23172443572072424,0.27841792249439345,1.1867777105196324,TRUE,1.2208005735147223,0.04442470963027641,0.10090270222818246,NA,50,837,0.5
A,"1 obs/item, naive SE",0.6036623437233085,0.07718524162354734,0.45237927014115575,0.7549454173054613,TRUE,0.4066372497480712,NA,NA,NA,50,838,0.5
B,+ (1|variant): captures phi,0.17330352262744453,0.22547241276603938,-0.26862240639399265,0.6152294516488817,TRUE,1.1878628594365006,NA,NA,NA,50,838,0.5
C,+ (1|judge): captures lambda,0.4927489377752004,0.24131910070282453,0.019763500397664335,0.9657343751527365,TRUE,1.271348425649516,NA,NA,NA,50,838,0.5
D,+ (1|temp): captures tau,0.6582988674154628,0.258966917569333,0.15072370897957021,1.1658740258513554,TRUE,1.3643229317041206,NA,NA,NA,50,838,0.5
E,+ interactions: lumps eps into residual,0.6582988674154628,0.2508135889123825,0.16670423314719318,1.1498935016837324,TRUE,1.3213685135845947,NA,NA,0.20632663966471526,50,838,0.5
F,+ (1|item:variant:judge:temp): splits eps/rho,0.6582988674154627,0.24964807997534783,0.168988630663781,1.1476091041671443,TRUE,1.3152282290076014,0.04055506437109444,0.10159587183207446,NA,50,838,0.5
A,"1 obs/item, naive SE",-0.06171327572267114,0.07808801613223433,-0.21476578734185042,0.09133923589650815,FALSE,0.411393362906926,NA,NA,NA,50,839,0.5
B,+ (1|variant): captures phi,0.397275074578915,0.17735556904402025,0.04965815925263528,0.7448919899051947,TRUE,0.934367494440319,NA,NA,NA,50,839,0.5
C,+ (1|judge): captures lambda,0.23921307055035995,0.19156860464014808,-0.13626139454433028,0.6146875356450502,TRUE,1.0092464425891017,NA,NA,NA,50,839,0.5
D,+ (1|temp): captures tau,0.4819082546819638,0.26405940128830874,-0.03564817184312136,0.9994646812070489,TRUE,1.3911518115561905,NA,NA,NA,50,839,0.5
E,+ interactions: lumps eps into residual,0.4819082546819638,0.2545189664053703,-0.016948919472561996,0.9807654288364895,TRUE,1.3408896614275432,NA,NA,0.21559342669819667,50,839,0.5
F,+ (1|item:variant:judge:temp): splits eps/rho,0.48190825468196385,0.25314610849558966,-0.01425811796939186,0.9780746273333196,TRUE,1.333656994236439,0.037614026692891614,0.09941652790988315,NA,50,839,0.5
A,"1 obs/item, naive SE",-0.15676921037147445,0.08828062559769528,-0.3297992365429572,0.016260815800008294,FALSE,0.4650913833265026,NA,NA,NA,50,840,0.5
B,+ (1|variant): captures phi,0.06404039731389835,0.14683853637766456,-0.22376313398632416,0.35184392861412084,FALSE,0.7735937250914758,NA,NA,NA,50,840,0.5
C,+ (1|judge): captures lambda,0.24366909721455413,0.2296733109895276,-0.20649059232491992,0.6938287867540281,TRUE,1.2099945735328606,NA,NA,NA,50,840,0.5
D,+ (1|temp): captures tau,0.23996052065512197,0.22148794579162198,-0.1941558530964571,0.674076894406701,TRUE,1.1668713763743446,NA,NA,NA,50,840,0.5
E,+ interactions: lumps eps into residual,0.23996052065512197,0.21398248230972874,-0.1794451446719464,0.6593661859821903,TRUE,1.1273301251692625,NA,NA,0.2173877909491755,50,840,0.5
F,+ (1|item:variant:judge:temp): splits eps/rho,0.23996052065512202,0.2124084324488583,-0.1763600069446402,0.6562810482548842,TRUE,1.119037512580026,0.040240465188982,0.1010963176515334,NA,50,840,0.5
A,"1 obs/item, naive SE",0.7261470022829597,0.06610218343301824,0.596586722754244,0.8557072818116754,FALSE,0.34824805245339463,NA,NA,NA,50,841,0.5
B,+ (1|variant): captures phi,0.6292220295104848,0.13257791913257944,0.3693693080106291,0.8890747510103405,TRUE,0.698464101159817,NA,NA,NA,50,841,0.5
C,+ (1|judge): captures lambda,0.5955453181773779,0.21047301045159614,0.18301821769224946,1.0080724186625063,TRUE,1.1088410726711238,NA,NA,NA,50,841,0.5
D,+ (1|temp): captures tau,0.5599472264011837,0.23178201030126802,0.10565448621069834,1.014239966591669,TRUE,1.2211038953492501,NA,NA,NA,50,841,0.5
E,+ interactions: lumps eps into residual,0.5599472264011837,0.22383830763157103,0.12122414344330446,0.9986703093590629,TRUE,1.179253855905485,NA,NA,0.22814791036112397,50,841,0.5
F,+ (1|item:variant:judge:temp): splits eps/rho,0.5599472264011837,0.22210801681680262,0.12461551344025051,0.9952789393621169,TRUE,1.1701381145619076,0.04274601388500751,0.10103786664692523,NA,50,841,0.5
A,"1 obs/item, naive SE",0.7551231284169162,0.07945561981772117,0.5993901135741827,0.9108561432596497,FALSE,0.4185983491156113,NA,NA,NA,50,842,0.5
B,+ (1|variant): captures phi,0.554230153471308,0.08803143062647129,0.3816885494434243,0.7267717574991917,TRUE,0.46377854222348713,NA,NA,NA,50,842,0.5
C,+ (1|judge): captures lambda,0.7527676489186846,0.14274308663619042,0.4729911991117514,1.0325440987256178,TRUE,0.7520175482949206,NA,NA,NA,50,842,0.5
D,+ (1|temp): captures tau,0.8012210579731179,0.1582284657912248,0.49109326502231737,1.1113488509239184,TRUE,0.8335996209613648,NA,NA,NA,50,842,0.5
E,+ interactions: lumps eps into residual,0.8012210579731179,0.14869220142983405,0.5097843431706433,1.0926577727755926,FALSE,0.7833594425124907,NA,NA,0.2344607685511692,50,842,0.5
F,+ (1|item:variant:judge:temp): splits eps/rho,0.801221057973118,0.1459394616411084,0.5151797131565456,1.0872624027896904,FALSE,0.7688571035495718,0.04553791705540917,0.09875567115673822,NA,50,842,0.5
A,"1 obs/item, naive SE",1.270621043358834,0.07917290937625739,1.1154421409813695,1.4257999457362986,FALSE,0.41710893748751027,NA,NA,NA,50,843,0.5
B,+ (1|variant): captures phi,0.9584935006287821,0.17993720036497204,0.605816587913437,1.3111704133441273,FALSE,0.9479683776938224,NA,NA,NA,50,843,0.5
C,+ (1|judge): captures lambda,0.7036927948001723,0.18337498406861596,0.344277826025685,1.0631077635746595,TRUE,0.96607975340599,NA,NA,NA,50,843,0.5
D,+ (1|temp): captures tau,0.601323254109417,0.2334034883160102,0.14385241701003698,1.058794091208797,TRUE,1.2296463750587465,NA,NA,NA,50,843,0.5
E,+ interactions: lumps eps into residual,0.601323254109417,0.2217380626568385,0.16671665130201352,1.0359298569168205,TRUE,1.168189074318251,NA,NA,0.20667874179516885,50,843,0.5
F,+ (1|item:variant:judge:temp): splits eps/rho,0.6013232541094171,0.22039475495081354,0.16934953440582257,1.0332969738130116,TRUE,1.1611120873236707,0.04180895118123254,0.0994512422692229,NA,50,843,0.5
A,"1 obs/item, naive SE",-0.33725920995765185,0.08838380132556552,-0.5104914605557602,-0.16402695935954345,FALSE,0.4656349470096551,NA,NA,NA,50,844,0.5
B,+ (1|variant): captures phi,0.10010149131108083,0.20444024534091115,-0.300601389557105,0.5008043721792667,TRUE,1.0770584810592492,NA,NA,NA,50,844,0.5
C,+ (1|judge): captures lambda,0.26683890281545686,0.3413497892332409,-0.40220668408169524,0.935884489712609,TRUE,1.7983430067224488,NA,NA,NA,50,844,0.5
D,+ (1|temp): captures tau,0.4394689215260187,0.24632304160271365,-0.04332424001530005,0.9222620830673374,TRUE,1.297710832796688,NA,NA,NA,50,844,0.5
E,+ interactions: lumps eps into residual,0.4394689215260187,0.2232531435115862,0.0018927602433097546,0.8770450828087276,TRUE,1.1761710187801908,NA,NA,0.21861236565327768,50,844,0.5
F,+ (1|item:variant:judge:temp): splits eps/rho,0.43946892152601874,0.22179293089190366,0.004754776977887565,0.8741830660741499,TRUE,1.1684781382343068,0.04661757661950282,0.09900851725291016,NA,50,844,0.5
A,"1 obs/item, naive SE",0.05892447307723729,0.08366846353491474,-0.1050657154511956,0.2229146616056702,FALSE,0.44079299600333194,NA,NA,NA,50,845,0.5
B,+ (1|variant): captures phi,0.3796666941717235,0.14661607848281294,0.09229918034541013,0.6670342079980369,TRUE,0.7724217437043034,NA,NA,NA,50,845,0.5
C,+ (1|judge): captures lambda,0.3852627657140903,0.20715037165654843,-0.0207519627327446,0.7912774941609252,TRUE,1.091336318224488,NA,NA,NA,50,845,0.5
D,+ (1|temp): captures tau,0.6435148327758695,0.24052050373471692,0.17209464545582437,1.1149350200959147,TRUE,1.2671411540527997,NA,NA,NA,50,845,0.5
E,+ interactions: lumps eps into residual,0.6435148327758695,0.22983564539735002,0.19303696779706347,1.0939926977546754,TRUE,1.210849804607453,NA,NA,0.22187209798440247,50,845,0.5
F,+ (1|item:variant:judge:temp): splits eps/rho,0.6435148327758696,0.22824961868196053,0.196145580159227,1.0908840853925121,TRUE,1.2024940940077704,0.04207018711311768,0.09885063779191813,NA,50,845,0.5
A,"1 obs/item, naive SE",0.4080729113920832,0.07928844852387866,0.25266755228528104,0.5634782704988853,TRUE,0.4177176357339457,NA,NA,NA,50,846,0.5
B,+ (1|variant): captures phi,0.4935932888105398,0.11382069544593082,0.2705047257365154,0.7166818518845642,TRUE,0.5996448749397459,NA,NA,NA,50,846,0.5
C,+ (1|judge): captures lambda,0.24651657909816949,0.2589640242088559,-0.2610529083511881,0.7540860665475271,TRUE,1.364307688529102,NA,NA,NA,50,846,0.5
D,+ (1|temp): captures tau,0.4945210843106261,0.25453611241625607,-0.004369696025235792,0.993411864646488,TRUE,1.340979992254578,NA,NA,NA,50,846,0.5
E,+ interactions: lumps eps into residual,0.4945210843106261,0.2404210670783761,0.023295792837008944,0.9657463757842433,TRUE,1.2666172890287608,NA,NA,0.20089287354011454,50,846,0.5
F,+ (1|item:variant:judge:temp): splits eps/rho,0.49452108431062614,0.23921347315609606,0.025662676924677885,0.9633794916965743,TRUE,1.2602552869019368,0.03880420366473081,0.09713771920383726,NA,50,846,0.5
A,"1 obs/item, naive SE",-0.14918930762472948,0.0816472720503767,-0.3092179608434678,0.010839345594008842,FALSE,0.43014469421404233,NA,NA,NA,50,847,0.5
B,+ (1|variant): captures phi,0.13526751617380103,0.17649378482986194,-0.21066030209272837,0.48119533444033047,FALSE,0.9298273316404045,NA,NA,NA,50,847,0.5
C,+ (1|judge): captures lambda,0.5116869683860737,0.2606280464581121,8.559973281739852e-4,1.0225179394439734,TRUE,1.3730743052646865,NA,NA,NA,50,847,0.5
D,+ (1|temp): captures tau,0.4305096650898728,0.20116269485607258,0.03623078317197059,0.824788547007775,TRUE,1.0597912666665612,NA,NA,NA,50,847,0.5
E,+ interactions: lumps eps into residual,0.4305096650898728,0.17470006162316512,0.08809754430846917,0.7729217858712765,TRUE,0.9203774075844828,NA,NA,0.2159544945184575,50,847,0.5
F,+ (1|item:variant:judge:temp): splits eps/rho,0.43050966508987304,0.17253204774953526,0.09234685150078392,0.7686724786789622,TRUE,0.9089555971393167,0.036762308253589504,0.09765224435748691,NA,50,847,0.5
A,"1 obs/item, naive SE",-0.03582767376791856,0.07113789175335095,-0.1752579416044864,0.10360259406864927,FALSE,0.37477782082415095,NA,NA,NA,50,848,0.5
B,+ (1|variant): captures phi,0.19572038102174596,0.1433919958266862,-0.08532793079855902,0.4767686928420509,FALSE,0.7554362154262152,NA,NA,NA,50,848,0.5
C,+ (1|judge): captures lambda,0.17989269130057903,0.1592641724709028,-0.13226508674239043,0.49205046934354846,FALSE,0.839056064536732,NA,NA,NA,50,848,0.5
D,+ (1|temp): captures tau,0.3371775442752811,0.194282430048681,-0.043616018620133645,0.7179711071706959,TRUE,1.0235437677928567,NA,NA,NA,50,848,0.5
E,+ interactions: lumps eps into residual,0.3371775442752811,0.17772381274632887,-0.011161128707523449,0.6855162172580858,TRUE,0.936307523430241,NA,NA,0.2145006609034845,50,848,0.5
F,+ (1|item:variant:judge:temp): splits eps/rho,0.3371775442752809,0.17587487979109753,-0.007537220115270249,0.6818923086658321,TRUE,0.926566736252936,0.0397814606418683,0.101910832234105,NA,50,848,0.5
A,"1 obs/item, naive SE",0.04800227258488056,0.08095129202539236,-0.11066225978488846,0.20666680495464956,FALSE,0.4264780424385702,NA,NA,NA,50,849,0.5
B,+ (1|variant): captures phi,0.2710833806152331,0.13170964893648274,0.012932468699726973,0.5292342925307393,TRUE,0.6938897680729168,NA,NA,NA,50,849,0.5
C,+ (1|judge): captures lambda,0.11827345611653893,0.1695799131615792,-0.21410317368015624,0.45065008591323413,FALSE,0.8934027807655919,NA,NA,NA,50,849,0.5
D,+ (1|temp): captures tau,0.25997090448967425,0.23305768366922644,-0.19682215550200954,0.716763964481358,TRUE,1.2278245623966306,NA,NA,NA,50,849,0.5
E,+ interactions: lumps eps into residual,0.25997090448967425,0.22817899751101758,-0.1872599306319202,0.7072017396112686,TRUE,1.2021220384421962,NA,NA,0.2190148262600311,50,849,0.5
F,+ (1|item:variant:judge:temp): splits eps/rho,0.2599709044896743,0.22657729732710455,-0.1841205982714506,0.7040624072507993,TRUE,1.1936837548531651,0.03728340884193228,0.10089491244126408,NA,50,849,0.5
A,"1 obs/item, naive SE",0.2236860944421434,0.0802445536586338,0.06640676927122116,0.3809654196130656,FALSE,0.4227547121787285,NA,NA,NA,50,850,0.5
B,+ (1|variant): captures phi,0.40717172824784126,0.12491301019141855,0.1623422282726609,0.6520012282230216,TRUE,0.6580828388117027,NA,NA,NA,50,850,0.5
C,+ (1|judge): captures lambda,0.17283960282209682,0.20615012434214988,-0.23121464088851695,0.5768938465327106,TRUE,1.0860666862528905,NA,NA,NA,50,850,0.5
D,+ (1|temp): captures tau,0.46957614815942933,0.30069529009790114,-0.11978662043245686,1.0589389167513155,TRUE,1.5841617284036091,NA,NA,NA,50,850,0.5
E,+ interactions: lumps eps into residual,0.46957614815942933,0.29248673329614483,-0.10369784910101448,1.042850145419873,TRUE,1.5409163502450895,NA,NA,0.2215670342194082,50,850,0.5
F,+ (1|item:variant:judge:temp): splits eps/rho,0.46957614815942933,0.29121972032922683,-0.10121450368585522,1.040366800004714,TRUE,1.534241309039991,0.03917958905821756,0.10025678915476229,NA,50,850,0.5
A,"1 obs/item, naive SE",0.1654001108003447,0.0949704932646412,-0.02074205599835205,0.35154227759904144,FALSE,0.500335807416451,NA,NA,NA,50,851,0.5
B,+ (1|variant): captures phi,0.6247447470478062,0.18207192456717902,0.26788377489613535,0.9816057191994771,TRUE,0.9592148071963669,NA,NA,NA,50,851,0.5
C,+ (1|judge): captures lambda,0.7793164026890477,0.1754247723227857,0.4354838489363877,1.1231489564417076,TRUE,0.9241954220074216,NA,NA,NA,50,851,0.5
D,+ (1|temp): captures tau,0.6724616436815418,0.14310870144080817,0.3919685888575578,0.9529546985055258,TRUE,0.7539437273868,NA,NA,NA,50,851,0.5
E,+ interactions: lumps eps into residual,0.6724616436815418,0.12264249874639727,0.4320823461386032,0.9128409412244805,TRUE,0.6461210374348536,NA,NA,0.20121928453888108,50,851,0.5
F,+ (1|item:variant:judge:temp): splits eps/rho,0.6724616436815417,0.12097123693091087,0.4353580192969564,0.909565268066127,TRUE,0.637316280282276,0.03785844692642479,0.09987435732979048,NA,50,851,0.5
A,"1 obs/item, naive SE",0.30820066495546794,0.08368676914836934,0.14417459742466404,0.47222673248627184,FALSE,0.44088943599825264,NA,NA,NA,50,852,0.5
B,+ (1|variant): captures phi,0.19795216004798422,0.10985364855804022,-0.017360991125774605,0.41326531122174304,FALSE,0.5787451666252831,NA,NA,NA,50,852,0.5
C,+ (1|judge): captures lambda,0.3590462454778599,0.16415677119230385,0.03729897394094439,0.6807935170147754,TRUE,0.8648318844518244,NA,NA,NA,50,852,0.5
D,+ (1|temp): captures tau,0.38521247895064364,0.18307473997613719,0.026385988597414756,0.7440389693038725,TRUE,0.9644979687351051,NA,NA,NA,50,852,0.5
E,+ interactions: lumps eps into residual,0.38521247895064364,0.17102907529391215,0.04999549137457582,0.7204294665267115,TRUE,0.9010374437080882,NA,NA,0.20952144387791943,50,852,0.5
F,+ (1|item:variant:judge:temp): splits eps/rho,0.3852124789506437,0.1690844554848991,0.05380694620024151,0.7166180117010459,TRUE,0.8907925467004529,0.03737161848194237,0.09965783355120116,NA,50,852,0.5
A,"1 obs/item, naive SE",0.5965150605777748,0.077502261090817,0.44461062883977354,0.7484194923157761,TRUE,0.4083074126130897,NA,NA,NA,50,853,0.5
B,+ (1|variant): captures phi,0.5481227928521519,0.08203735257733867,0.38732958180056815,0.7089160039037357,TRUE,0.4321997667813828,NA,NA,NA,50,853,0.5
C,+ (1|judge): captures lambda,0.587667659883154,0.1195193987792354,0.3534096382758526,0.8219256814904553,TRUE,0.6296675191893714,NA,NA,NA,50,853,0.5
D,+ (1|temp): captures tau,0.29599476638363187,0.24003828950632092,-0.17448028104875712,0.7664698138160209,TRUE,1.2646006908308187,NA,NA,NA,50,853,0.5
E,+ interactions: lumps eps into residual,0.29599476638363187,0.2291928145995581,-0.15322315023150196,0.7452126829987658,TRUE,1.2074631604489443,NA,NA,0.2080134431352225,50,853,0.5
F,+ (1|item:variant:judge:temp): splits eps/rho,0.29599476638363187,0.22786842327054288,-0.15062734322663218,0.7426168759938959,TRUE,1.2004858311526578,0.04207513421929615,0.09823844225407782,NA,50,853,0.5
A,"1 obs/item, naive SE",0.9550441672240672,0.09704519398948919,0.7648355870046684,1.145252747443466,FALSE,0.5112660134902651,NA,NA,NA,50,854,0.5
B,+ (1|variant): captures phi,0.5847312401146626,0.16180485537048508,0.26759372358851186,0.9018687566408133,TRUE,0.8524412180328753,NA,NA,NA,50,854,0.5
C,+ (1|judge): captures lambda,0.5520509360260986,0.14250007231734504,0.27275079428410226,0.8313510777680948,TRUE,0.750737268902305,NA,NA,NA,50,854,0.5
D,+ (1|temp): captures tau,0.4764679572353184,0.10951501000758723,0.2618185376204474,0.6911173768501894,TRUE,0.5769611073165555,NA,NA,NA,50,854,0.5
E,+ interactions: lumps eps into residual,0.4764679572353184,0.10165883750317646,0.2772166357290925,0.6757192787415442,TRUE,0.5355722055842661,NA,NA,0.23164016644831142,50,854,0.5
F,+ (1|item:variant:judge:temp): splits eps/rho,0.4764679572353184,0.09982162253285738,0.2808175770709179,0.6721183373997188,TRUE,0.5258931526071408,0.04126835497007579,0.0996927518864767,NA,50,854,0.5
A,"1 obs/item, naive SE",0.7961154454227546,0.08606519421485605,0.6274276647616368,0.9648032260838724,FALSE,0.4534197618406605,NA,NA,NA,50,855,0.5
B,+ (1|variant): captures phi,0.5873638775308382,0.11228726545462199,0.3672808372397791,0.8074469178218973,TRUE,0.5915662611888395,NA,NA,NA,50,855,0.5
C,+ (1|judge): captures lambda,0.8165858396733457,0.2782680311279151,0.27118049866263216,1.3619911806840594,TRUE,1.4660075487299566,NA,NA,NA,50,855,0.5
D,+ (1|temp): captures tau,0.8692743224269914,0.19625474773781681,0.4846150168608705,1.2539336279931124,TRUE,1.033934586346633,NA,NA,NA,50,855,0.5
E,+ interactions: lumps eps into residual,0.8692743224269914,0.1839043025059582,0.5088218895153134,1.2297267553386695,FALSE,0.968868377099773,NA,NA,0.20638877958047708,50,855,0.5
F,+ (1|item:variant:judge:temp): splits eps/rho,0.8692743224269912,0.18267206701607572,0.5112370710754828,1.2273115737784996,FALSE,0.9623765550868079,0.040050008184164265,0.10038832622627919,NA,50,855,0.5
A,"1 obs/item, naive SE",1.2548909284700878,0.07954601352385682,1.0989807419633284,1.4108011149768471,FALSE,0.4190745729024954,NA,NA,NA,50,856,0.5
B,+ (1|variant): captures phi,0.9986202526117627,0.18813975127876717,0.629866340105379,1.3673741651181464,FALSE,0.9911821148583972,NA,NA,NA,50,856,0.5
C,+ (1|judge): captures lambda,0.9798572546489265,0.26270019403041844,0.46496487434930633,1.4947496349485467,TRUE,1.3839910604908272,NA,NA,NA,50,856,0.5
D,+ (1|temp): captures tau,0.7133680468066287,0.2588435237807432,0.20603474019637202,1.2207013534168853,TRUE,1.363672852624588,NA,NA,NA,50,856,0.5
E,+ interactions: lumps eps into residual,0.7133680468066287,0.24446014249739853,0.2342261675117276,1.1925099261015297,TRUE,1.287896467345348,NA,NA,0.20897285361235116,50,856,0.5
F,+ (1|item:variant:judge:temp): splits eps/rho,0.7133680468066286,0.2431718403890919,0.23675123964400846,1.1899848539692486,TRUE,1.281109267938478,0.04290457690972251,0.09727110893803526,NA,50,856,0.5
A,"1 obs/item, naive SE",0.4635190637821623,0.09503326198995349,0.27725387028185344,0.6497842572824711,TRUE,0.5006664937146901,NA,NA,NA,50,857,0.5
B,+ (1|variant): captures phi,0.7229532841196913,0.21242751878513155,0.30659534730083343,1.1393112209385492,TRUE,1.1191380656796428,NA,NA,NA,50,857,0.5
C,+ (1|judge): captures lambda,0.7814044920879349,0.24237525116366507,0.3063489998071514,1.2564599843687185,TRUE,1.2769125737908276,NA,NA,NA,50,857,0.5
D,+ (1|temp): captures tau,0.6651160766185643,0.20836385939454843,0.2567229122052494,1.0735092410318792,TRUE,1.0977293709118139,NA,NA,NA,50,857,0.5
E,+ interactions: lumps eps into residual,0.6651160766185643,0.19071074522476503,0.29132301597802485,1.0389091372591037,TRUE,1.004726956920543,NA,NA,0.21238953437066954,50,857,0.5
F,+ (1|item:variant:judge:temp): splits eps/rho,0.6651160766185645,0.18890802005776158,0.2948563573053518,1.0353757959317773,TRUE,0.9952296075757393,0.03991429038768621,0.09719091322960864,NA,50,857,0.5
A,"1 obs/item, naive SE",0.7816167174854176,0.09346137302654388,0.5984324263533916,0.9648010086174437,FALSE,0.4923852654442945,NA,NA,NA,50,858,0.5
B,+ (1|variant): captures phi,0.3788327311683331,0.2187065913252985,-0.04983218782925192,0.8074976501659181,TRUE,1.152218285874525,NA,NA,NA,50,858,0.5
C,+ (1|judge): captures lambda,0.28774302689896186,0.18501196104598436,-0.07488041675116747,0.6503664705490912,TRUE,0.9747038867503484,NA,NA,NA,50,858,0.5
D,+ (1|temp): captures tau,0.31108083393683283,0.14590422711789072,0.025108548785767015,0.5970531190878987,TRUE,0.768671476487765,NA,NA,NA,50,858,0.5
E,+ interactions: lumps eps into residual,0.31108083393683283,0.13650569817437047,0.04352966551506671,0.5786320023585989,TRUE,0.719156933540415,NA,NA,0.21182153464428216,50,858,0.5
F,+ (1|item:variant:judge:temp): splits eps/rho,0.31108083393683283,0.13520966668434234,0.046069887235521856,0.5760917806381438,TRUE,0.7123290132073762,0.039417995058734334,0.09955885423615109,NA,50,858,0.5
A,"1 obs/item, naive SE",0.031618015162690076,0.08114898193318561,-0.1274339894263537,0.19067001975173387,FALSE,0.427519537920311,NA,NA,NA,50,859,0.5
B,+ (1|variant): captures phi,0.01986758783937847,0.2147941664081703,-0.4011289783206353,0.44086415399939227,FALSE,1.1316063440747408,NA,NA,NA,50,859,0.5
C,+ (1|judge): captures lambda,0.21264756817622246,0.22814663120105408,-0.23451982897784354,0.6598149653302885,TRUE,1.2019515220715635,NA,NA,NA,50,859,0.5
D,+ (1|temp): captures tau,0.4492685051095938,0.2549360439424711,-0.05040614101764951,0.9489431512368371,TRUE,1.3430869631273363,NA,NA,NA,50,859,0.5
E,+ interactions: lumps eps into residual,0.4492685051095938,0.24518494265263313,-0.03129398248956711,0.9298309927087547,TRUE,1.2917149530498955,NA,NA,0.21599943571307484,50,859,0.5
F,+ (1|item:variant:judge:temp): splits eps/rho,0.44926850510959376,0.24372664822089588,-0.028435725403362144,0.9269727356225497,TRUE,1.284032178149264,0.03717826325723012,0.10045553560944498,NA,50,859,0.5
A,"1 obs/item, naive SE",0.532034479136068,0.06964480308849731,0.3955306650826133,0.6685382931895227,TRUE,0.3669117384548386,NA,NA,NA,50,860,0.5
B,+ (1|variant): captures phi,0.32679909463478346,0.15669479063078381,0.019677304998447165,0.6339208842711197,TRUE,0.8255197155788001,NA,NA,NA,50,860,0.5
C,+ (1|judge): captures lambda,0.36895250520628925,0.13592692376503857,0.10253573462681365,0.6353692757857649,TRUE,0.7161077595132977,NA,NA,NA,50,860,0.5
D,+ (1|temp): captures tau,0.415487170192426,0.17440265062245333,0.07365797497241744,0.7573163654124345,TRUE,0.9188105485732212,NA,NA,NA,50,860,0.5
E,+ interactions: lumps eps into residual,0.415487170192426,0.16023092006809111,0.1014345668589674,0.7295397735258846,TRUE,0.8441492089753869,NA,NA,0.20938081616408136,50,860,0.5
F,+ (1|item:variant:judge:temp): splits eps/rho,0.41548717019242604,0.15885366359185632,0.10413398955238767,0.7268403508324643,TRUE,0.8368933686889068,0.039825831917007185,0.09916501280708646,NA,50,860,0.5
A,"1 obs/item, naive SE",0.4205953401441872,0.08733811654562805,0.24941263171475622,0.5917780485736182,TRUE,0.4601259355189472,NA,NA,NA,50,861,0.5
B,+ (1|variant): captures phi,0.7354751568274969,0.16784135593599916,0.4065060991929385,1.0644442144620552,TRUE,0.8842434892498959,NA,NA,NA,50,861,0.5
C,+ (1|judge): captures lambda,0.6345336614078618,0.24746145512742418,0.14950920935811046,1.1195581134576131,TRUE,1.3037083698261382,NA,NA,NA,50,861,0.5
D,+ (1|temp): captures tau,0.4331571236473315,0.22921026585403872,-0.01609499742658438,0.8824092447212474,TRUE,1.2075550993996738,NA,NA,NA,50,861,0.5
E,+ interactions: lumps eps into residual,0.4331571236473315,0.214975270264646,0.011805593928625346,0.8545086533660377,TRUE,1.1325604587806999,NA,NA,0.2158588928748261,50,861,0.5
F,+ (1|item:variant:judge:temp): splits eps/rho,0.43315712364733155,0.21336403691363934,0.014963611296598456,0.8513506359980647,TRUE,1.1240719513306459,0.037393060055904356,0.10003944151482144,NA,50,861,0.5
A,"1 obs/item, naive SE",0.8582861958747515,0.09264492877148453,0.6767021354826419,1.0398702562668611,FALSE,0.48808396846748153,NA,NA,NA,50,862,0.5
B,+ (1|variant): captures phi,0.7549090099535269,0.08064095062711994,0.5968527467243718,0.9129652731826821,FALSE,0.4248430618383674,NA,NA,NA,50,862,0.5
C,+ (1|judge): captures lambda,0.8735655380961976,0.10747599761211259,0.662912582776457,1.0842184934159382,FALSE,0.5662189191046956,NA,NA,NA,50,862,0.5
D,+ (1|temp): captures tau,0.6564065851398282,0.24038608166071432,0.18524986508482816,1.1275633051948282,TRUE,1.2664329743369878,NA,NA,NA,50,862,0.5
E,+ interactions: lumps eps into residual,0.6564065851398282,0.22636605970182852,0.21272910812424428,1.1000840621554122,TRUE,1.1925708855380115,NA,NA,0.2088621671354818,50,862,0.5
F,+ (1|item:variant:judge:temp): splits eps/rho,0.6564065851398283,0.22548991031440765,0.21444636092358932,1.0983668093560672,TRUE,1.1879550422786624,0.04128526173399094,0.09916224207646092,NA,50,862,0.5
A,"1 obs/item, naive SE",1.2014525072190148,0.08513087870421049,1.0345959849587623,1.3683090294792672,FALSE,0.4484974803053007,NA,NA,NA,50,863,0.5
B,+ (1|variant): captures phi,1.2982163708744712,0.08693669063874664,1.1278204572225277,1.4686122845264147,FALSE,0.45801109175713034,NA,NA,NA,50,863,0.5
C,+ (1|judge): captures lambda,1.0343825848878043,0.21061875939012392,0.6215698164831615,1.447195353292447,FALSE,1.109608926036223,NA,NA,NA,50,863,0.5
D,+ (1|temp): captures tau,0.7391587549000236,0.26110755824513754,0.22738794073955404,1.2509295690604931,TRUE,1.3756005311363215,NA,NA,NA,50,863,0.5
E,+ interactions: lumps eps into residual,0.7391587549000236,0.24373379952404917,0.26144050783288725,1.21687700196716,TRUE,1.2840698535673258,NA,NA,0.21558526451652738,50,863,0.5
F,+ (1|item:variant:judge:temp): splits eps/rho,0.7391587549000234,0.24239245934270917,0.2640695345883134,1.2142479752117334,TRUE,1.2770032321401763,0.04310161543659641,0.10031415761948913,NA,50,863,0.5
A,"1 obs/item, naive SE",-0.2350740735016301,0.0703035069067335,-0.3728689470388278,-0.09727919996443243,FALSE,0.37038200690787404,NA,NA,NA,50,864,0.5
B,+ (1|variant): captures phi,0.037877838284689075,0.1422913899895926,-0.24101328609491238,0.31676896266429055,FALSE,0.7496378617352956,NA,NA,NA,50,864,0.5
C,+ (1|judge): captures lambda,0.2116962936886403,0.14836377859137836,-0.07909671235046128,0.5024892997277419,TRUE,0.7816292029359221,NA,NA,NA,50,864,0.5
D,+ (1|temp): captures tau,0.3164816293998592,0.18330924835159693,-0.04280449736927078,0.6757677561689892,TRUE,0.9657334360191868,NA,NA,NA,50,864,0.5
E,+ interactions: lumps eps into residual,0.3164816293998592,0.17124283257192474,-0.019154322441113314,0.6521175812408317,TRUE,0.9021635873829195,NA,NA,0.2171817649515595,50,864,0.5
F,+ (1|item:variant:judge:temp): splits eps/rho,0.31648162939985924,0.1692526203040501,-0.015253506396078975,0.6482167651957975,TRUE,0.8916784943003513,0.04210115017226594,0.09986435113078046,NA,50,864,0.5
A,"1 obs/item, naive SE",0.558038143874033,0.088842052567078,0.3839077208425602,0.7321685669055059,TRUE,0.46804916533200114,NA,NA,NA,50,865,0.5
B,+ (1|variant): captures phi,0.6497516386280879,0.1463448660771821,0.362915701116811,0.9365875761393649,TRUE,0.7709929075122608,NA,NA,NA,50,865,0.5
C,+ (1|judge): captures lambda,0.3750056926490185,0.20043890250760565,-0.017854556265888555,0.7678659415639255,TRUE,1.0559780904196723,NA,NA,NA,50,865,0.5
D,+ (1|temp): captures tau,0.45646281043626336,0.21125104649540385,0.04241075930527183,0.8705148615672549,TRUE,1.1129400225533033,NA,NA,NA,50,865,0.5
E,+ interactions: lumps eps into residual,0.45646281043626336,0.20466359026970096,0.05532217350764945,0.8576034473648773,TRUE,1.078235135633076,NA,NA,0.209795339998135,50,865,0.5
F,+ (1|item:variant:judge:temp): splits eps/rho,0.45646281043626313,0.20358622160785955,0.057433816084858424,0.8554918047876678,TRUE,1.072559203027298,0.04128091843947415,0.1007929806544682,NA,50,865,0.5
A,"1 obs/item, naive SE",-0.23273493324698669,0.09110374037834877,-0.41129826438855027,-0.0541716021054231,FALSE,0.47996448090294197,NA,NA,NA,50,866,0.5
B,+ (1|variant): captures phi,0.07824272026377226,0.12658953889553626,-0.16987277597147882,0.3263582164990233,FALSE,0.6669153436665963,NA,NA,NA,50,866,0.5
C,+ (1|judge): captures lambda,0.18418032935295126,0.16001028419360805,-0.1294398276665205,0.497800486372423,FALSE,0.8429868265910299,NA,NA,NA,50,866,0.5
D,+ (1|temp): captures tau,0.4523408845316882,0.2481905540302055,-0.034112601367514594,0.938794370430891,TRUE,1.3075495027472133,NA,NA,NA,50,866,0.5
E,+ interactions: lumps eps into residual,0.4523408845316882,0.23713425306022895,-0.012442251466360521,0.9171240205297368,TRUE,1.249301271294549,NA,NA,0.20426610218512062,50,866,0.5
F,+ (1|item:variant:judge:temp): splits eps/rho,0.45234088453168814,0.2359774769128047,-0.010174970217409096,0.9148567392807854,TRUE,1.2432069939266428,0.04301705268477901,0.10109240993974944,NA,50,866,0.5
A,"1 obs/item, naive SE",0.39858208270010964,0.08048185776613544,0.2408376414784842,0.5563265239217351,TRUE,0.424004908299109,NA,NA,NA,50,867,0.5
B,+ (1|variant): captures phi,0.37915050468116646,0.15483881167032207,0.07566643380733523,0.6826345755549976,TRUE,0.815741807727538,NA,NA,NA,50,867,0.5
C,+ (1|judge): captures lambda,0.5819536642685565,0.1618131070021494,0.26479997454434373,0.8991073539927694,TRUE,0.8524846903435831,NA,NA,NA,50,867,0.5
D,+ (1|temp): captures tau,0.36524927726357515,0.2561127772040477,-0.13673176605635828,0.8672303205835086,TRUE,1.3492863811392455,NA,NA,NA,50,867,0.5
E,+ interactions: lumps eps into residual,0.36524927726357515,0.24431238782052542,-0.11360300286465469,0.8441015573918049,TRUE,1.2871180470906813,NA,NA,0.21805147501258135,50,867,0.5
F,+ (1|item:variant:judge:temp): splits eps/rho,0.3652492772635749,0.24292842573765808,-0.1108904371822349,0.8413889917093847,TRUE,1.2798268794620618,0.042181470788220626,0.09878787978564649,NA,50,867,0.5
A,"1 obs/item, naive SE",0.48741435771575936,0.07917550939348439,0.33223035930452993,0.6425983561269888,TRUE,0.4171226352337665,NA,NA,NA,50,868,0.5
B,+ (1|variant): captures phi,0.4525307198321175,0.1427643738897487,0.1727125470082101,0.7323488926560249,TRUE,0.7521296965509803,NA,NA,NA,50,868,0.5
C,+ (1|judge): captures lambda,0.33260463467809365,0.15920851724190335,0.020555940883963064,0.6446533284722242,TRUE,0.8387628544776793,NA,NA,NA,50,868,0.5
D,+ (1|temp): captures tau,0.43688210369360103,0.20860289098289328,0.028020437367130224,0.8457437700200718,TRUE,1.0989886679696832,NA,NA,NA,50,868,0.5
E,+ interactions: lumps eps into residual,0.43688210369360103,0.19913503181452183,0.04657744133713826,0.8271867660500638,TRUE,1.0491088705855407,NA,NA,0.2205136823248745,50,868,0.5
F,+ (1|item:variant:judge:temp): splits eps/rho,0.43688210369360114,0.19784916729183036,0.04909773580161364,0.8246664715855887,TRUE,1.0423345131817496,0.03926980757716149,0.10072068911976045,NA,50,868,0.5
A,"1 obs/item, naive SE",-0.16715000299437816,0.0619579819596887,-0.288587647635368,-0.04571235835338831,FALSE,0.3264150354922542,NA,NA,NA,50,869,0.5
B,+ (1|variant): captures phi,-0.022806766658025744,0.11235982228277015,-0.24303201833225524,0.19741848501620374,FALSE,0.5919485144334754,NA,NA,NA,50,869,0.5
C,+ (1|judge): captures lambda,0.23589759788016496,0.15501134655313073,-0.06792464136397125,0.5397198371243012,TRUE,0.8166507782607016,NA,NA,NA,50,869,0.5
D,+ (1|temp): captures tau,0.43308135815856424,0.23223186910748214,-0.022093105292100734,0.8882558216092292,TRUE,1.2234738995610146,NA,NA,NA,50,869,0.5
E,+ interactions: lumps eps into residual,0.43308135815856424,0.2255171890672583,-0.008932332413261967,0.8750950487303905,TRUE,1.1880987557244251,NA,NA,0.23206394084068563,50,869,0.5
F,+ (1|item:variant:judge:temp): splits eps/rho,0.43308135815856424,0.22421715680362517,-0.0063842691765410575,0.8725469854936696,TRUE,1.1812497579996288,0.04060141493833762,0.10057227803486389,NA,50,869,0.5
A,"1 obs/item, naive SE",0.6304418867329191,0.0861758145539039,0.46153729020726747,0.7993464832585708,TRUE,0.45400254618505637,NA,NA,NA,50,870,0.5
B,+ (1|variant): captures phi,0.48368053709346503,0.073480681827338315,0.3396584007118819,0.6277026734750482,TRUE,0.3871204098008067,NA,NA,NA,50,870,0.5
C,+ (1|judge): captures lambda,0.5709906172981326,0.12947037550443305,0.3172286813094438,0.8247525532868214,TRUE,0.6820925388268946,NA,NA,NA,50,870,0.5
D,+ (1|temp): captures tau,0.39011745017424293,0.21526434063010288,-0.03180065746075872,0.8120355578092446,TRUE,1.1340833765810532,NA,NA,NA,50,870,0.5
E,+ interactions: lumps eps into residual,0.39011745017424293,0.20507240126463414,-0.011824456304439956,0.7920593566529258,TRUE,1.0803888864687239,NA,NA,0.21958701931887858,50,870,0.5
F,+ (1|item:variant:judge:temp): splits eps/rho,0.39011745017424293,0.20338782307483788,-0.008522683052439306,0.7887575834009252,TRUE,1.071513974274689,0.04240336629707154,0.10098773061658645,NA,50,870,0.5
A,"1 obs/item, naive SE",0.8729278161869418,0.07490259267169448,0.7261187345504206,1.019736897823463,FALSE,0.39461150399153283,NA,NA,NA,50,871,0.5
B,+ (1|variant): captures phi,0.6047433151930154,0.10675950682783204,0.39549468181046454,0.8139919485755662,TRUE,0.5624442099004324,NA,NA,NA,50,871,0.5
C,+ (1|judge): captures lambda,0.5701203335945435,0.19030324003235422,0.19712598313112922,0.9431146840579578,TRUE,1.0025800854822415,NA,NA,NA,50,871,0.5
D,+ (1|temp): captures tau,0.6084247995022809,0.17367151391720143,0.26802863222456613,0.9488209667799956,TRUE,0.9149586798382169,NA,NA,NA,50,871,0.5
E,+ interactions: lumps eps into residual,0.6084247995022809,0.15681144969919597,0.3010743580918568,0.915775240912705,TRUE,0.8261343139364584,NA,NA,0.21039063337172387,50,871,0.5
F,+ (1|item:variant:judge:temp): splits eps/rho,0.608424799502281,0.15479380518479158,0.3050289413400895,0.9118206576644725,TRUE,0.8155046987529208,0.03923455514086425,0.10040794355708293,NA,50,871,0.5
A,"1 obs/item, naive SE",1.3007076555272485,0.08842177295267395,1.1274009805400076,1.4740143305144895,FALSE,0.46583499403536943,NA,NA,NA,50,872,0.5
B,+ (1|variant): captures phi,1.1382965077928173,0.12701193046590495,0.8893531240796436,1.387239891505991,FALSE,0.6691406414421635,NA,NA,NA,50,872,0.5
C,+ (1|judge): captures lambda,0.8008266188265244,0.2154444258125757,0.37855554423387605,1.2230976934191728,TRUE,1.1350321245771828,NA,NA,NA,50,872,0.5
D,+ (1|temp): captures tau,0.643651650640605,0.23384771568610102,0.18531012789584705,1.101993173385363,TRUE,1.231986711012057,NA,NA,NA,50,872,0.5
E,+ interactions: lumps eps into residual,0.643651650640605,0.22601785457531598,0.20065665567298574,1.0866466456082242,TRUE,1.1907364263588354,NA,NA,0.21950142343938475,50,872,0.5
F,+ (1|item:variant:judge:temp): splits eps/rho,0.6436516506406049,0.22438934234170937,0.20384853965085453,1.0834547616303554,TRUE,1.1821568880698363,0.037816581994141334,0.10045270047847167,NA,50,872,0.5
A,"1 obs/item, naive SE",0.554369136363018,0.07597378671092248,0.40546051440960995,0.703277758316426,TRUE,0.4002549066536981,NA,NA,NA,50,873,0.5
B,+ (1|variant): captures phi,0.4507386226362164,0.10371117468027026,0.24746472026288668,0.6540125250095461,TRUE,0.5463845931300549,NA,NA,NA,50,873,0.5
C,+ (1|judge): captures lambda,0.4360876985605817,0.18100361834658704,0.0813206066012711,0.7908547905198924,TRUE,0.9535866185129781,NA,NA,NA,50,873,0.5
D,+ (1|temp): captures tau,0.364805705359998,0.2482519398992154,-0.12176809684246415,0.8513795075624602,TRUE,1.3078729037034391,NA,NA,NA,50,873,0.5
E,+ interactions: lumps eps into residual,0.364805705359998,0.23864838764268775,-0.10294513441966996,0.8325565451396659,TRUE,1.2572782304827115,NA,NA,0.2151649388019179,50,873,0.5
F,+ (1|item:variant:judge:temp): splits eps/rho,0.3648057053599978,0.23725658770599733,-0.10021720654375699,0.8298286172637526,TRUE,1.2499457704612005,0.04032281192775973,0.09975473551627373,NA,50,873,0.5
A,"1 obs/item, naive SE",0.6874528540509324,0.07350501515672839,0.5433830243437447,0.83152268375812,FALSE,0.3872486057866229,NA,NA,NA,50,874,0.5
B,+ (1|variant): captures phi,0.7884182413158385,0.10297634841404234,0.5865845984243155,0.9902518842073614,FALSE,0.5425132865738233,NA,NA,NA,50,874,0.5
C,+ (1|judge): captures lambda,0.5823400357080015,0.24486997315203482,0.10239488833001331,1.0622851830859896,TRUE,1.2900555900838184,NA,NA,NA,50,874,0.5
D,+ (1|temp): captures tau,0.4334012769169395,0.24459580601388384,-0.0460065028702728,0.9128090567041518,TRUE,1.2886111873886406,NA,NA,NA,50,874,0.5
E,+ interactions: lumps eps into residual,0.4334012769169395,0.23571310773933463,-0.02859641425215631,0.8953989680860354,TRUE,1.2418142101333063,NA,NA,0.21244309566428338,50,874,0.5
F,+ (1|item:variant:judge:temp): splits eps/rho,0.43340127691693947,0.23437605891426955,-0.02597579855502885,0.8927783523889078,TRUE,1.234770196983032,0.042441999767392935,0.09903218313289763,NA,50,874,0.5
A,"1 obs/item, naive SE",0.008087701385719232,0.08214618255055935,-0.15291881641337707,0.16909421918481554,FALSE,0.43277311888950276,NA,NA,NA,50,875,0.5
B,+ (1|variant): captures phi,0.4594583658459215,0.24441008696368702,-0.019585404602905088,0.9385021362947481,TRUE,1.2876327583235845,NA,NA,NA,50,875,0.5
C,+ (1|judge): captures lambda,0.5912944109671006,0.24658075502170146,0.10799613112456569,1.0745926908096355,TRUE,1.299068551885416,NA,NA,NA,50,875,0.5
D,+ (1|temp): captures tau,0.7239471115207047,0.2609150949521207,0.2125535254145482,1.235340697626861,TRUE,1.3745865711809775,NA,NA,NA,50,875,0.5
E,+ interactions: lumps eps into residual,0.7239471115207047,0.24978654228702957,0.23436548863812673,1.2135287344032826,TRUE,1.3159576940248987,NA,NA,0.21744720948343493,50,875,0.5
F,+ (1|item:variant:judge:temp): splits eps/rho,0.7239471115207047,0.24836122954357592,0.23715910161529585,1.2107351214261135,TRUE,1.3084486775103732,0.040636809376631666,0.09780667716534606,NA,50,875,0.5
A,"1 obs/item, naive SE",0.32364492471104256,0.09373382918010206,0.13992661951804253,0.5073632299040426,TRUE,0.49382065410965875,NA,NA,NA,50,876,0.5
B,+ (1|variant): captures phi,0.2945443502070359,0.09606748660819218,0.10625207645497922,0.48283662395909255,FALSE,0.5061151293027405,NA,NA,NA,50,876,0.5
C,+ (1|judge): captures lambda,0.405213679881373,0.11373297288594653,0.18229705302491783,0.6281303067378282,TRUE,0.5991827236296956,NA,NA,NA,50,876,0.5
D,+ (1|temp): captures tau,0.5079679764014378,0.16339148750891763,0.18772066088395922,0.8282152919189163,TRUE,0.8608001182003561,NA,NA,NA,50,876,0.5
E,+ interactions: lumps eps into residual,0.5079679764014378,0.1531066400914599,0.20787896182217636,0.8080569909806992,TRUE,0.806616157899872,NA,NA,0.2101219065136605,50,876,0.5
F,+ (1|item:variant:judge:temp): splits eps/rho,0.5079679764014378,0.1509544470265245,0.21209726022944975,0.8038386925734258,TRUE,0.7952776966805549,0.03921633939933063,0.09956224127908794,NA,50,876,0.5
A,"1 obs/item, naive SE",0.41145790590902875,0.07720074109498311,0.26014445336286185,0.5627713584551957,TRUE,0.4067189060635094,NA,NA,NA,50,877,0.5
B,+ (1|variant): captures phi,0.5816556503405212,0.11024402897313897,0.3655773535531689,0.7977339471278736,TRUE,0.5808018191020027,NA,NA,NA,50,877,0.5
C,+ (1|judge): captures lambda,0.6117557340065246,0.0827710025086454,0.4495245690895796,0.7739868989234696,TRUE,0.4360648760181908,NA,NA,NA,50,877,0.5
D,+ (1|temp): captures tau,0.48543757485948014,0.12523879920404524,0.23996952841955146,0.7309056212994088,TRUE,0.6597992025271754,NA,NA,NA,50,877,0.5
E,+ interactions: lumps eps into residual,0.48543757485948014,0.11056706492595526,0.2687261276046078,0.7021490221143525,TRUE,0.5825036787925331,NA,NA,0.20727988799832825,50,877,0.5
F,+ (1|item:variant:judge:temp): splits eps/rho,0.48543757485948025,0.10955944093496324,0.2707010706269523,0.7001740790920081,TRUE,0.5771951840614344,0.039408957409599654,0.1002620911009493,NA,50,877,0.5
A,"1 obs/item, naive SE",1.246524839348446,0.08657864433206813,1.0768306964575924,1.4162189822392997,FALSE,0.45612478600271805,NA,NA,NA,50,878,0.5
B,+ (1|variant): captures phi,0.8822896601239231,0.14890685175044122,0.5904322306930583,1.1741470895547879,FALSE,0.784490291029555,NA,NA,NA,50,878,0.5
C,+ (1|judge): captures lambda,0.7105947055977059,0.1689594915639428,0.379434102132378,1.0417553090630338,TRUE,0.8901341956469803,NA,NA,NA,50,878,0.5
D,+ (1|temp): captures tau,0.5250813221944479,0.2239607030885133,0.08611834414096187,0.964044300247934,TRUE,1.1798986754454095,NA,NA,NA,50,878,0.5
E,+ interactions: lumps eps into residual,0.5250813221944479,0.21166092758753832,0.11022590412287281,0.939936740266023,TRUE,1.11509941101311,NA,NA,0.22704804390756056,50,878,0.5
F,+ (1|item:variant:judge:temp): splits eps/rho,0.5250813221944484,0.2099093042044931,0.11365908595364188,0.9365035584352548,TRUE,1.1058712826806256,0.04477110147199189,0.10144446968138775,NA,50,878,0.5
A,"1 obs/item, naive SE",0.682641059933328,0.09110495158510232,0.5040753548265275,0.8612067650401285,FALSE,0.4799708619386526,NA,NA,NA,50,879,0.5
B,+ (1|variant): captures phi,0.47977703918596354,0.1263907894639642,0.2320510918365937,0.7275029865353334,TRUE,0.6658682662649652,NA,NA,NA,50,879,0.5
C,+ (1|judge): captures lambda,0.2438505056039477,0.2272197603051404,-0.2015002245941275,0.6892012358020229,TRUE,1.1970684612161722,NA,NA,NA,50,879,0.5
D,+ (1|temp): captures tau,0.40800690114164834,0.2525077322370066,-0.08690825404288466,0.9029220563261813,TRUE,1.3302938180561952,NA,NA,NA,50,879,0.5
E,+ interactions: lumps eps into residual,0.40800690114164834,0.2435014649442652,-0.06925597014911145,0.8852697724324081,TRUE,1.2828458385541253,NA,NA,0.2064827307320822,50,879,0.5
F,+ (1|item:variant:judge:temp): splits eps/rho,0.4080069011416487,0.24229927052388148,-0.06689966908515899,0.8829134713684564,TRUE,1.2765122827799322,0.038189455222020496,0.1004112430695833,NA,50,879,0.5
A,"1 obs/item, naive SE",0.6237702374739948,0.08907842093083781,0.44917653244955275,0.798363942498437,TRUE,0.46929443164645446,NA,NA,NA,50,880,0.5
B,+ (1|variant): captures phi,0.6288467410609606,0.1648088225998509,0.30582144876525286,0.9518720333566684,TRUE,0.8682671058164538,NA,NA,NA,50,880,0.5
C,+ (1|judge): captures lambda,0.37753801823703415,0.23181209936716451,-0.07681369652260828,0.8318897329966766,TRUE,1.221262414448838,NA,NA,NA,50,880,0.5
D,+ (1|temp): captures tau,0.5727453437421872,0.27795400951861804,0.027955485085695897,1.1175352023986784,TRUE,1.464353179567147,NA,NA,NA,50,880,0.5
E,+ interactions: lumps eps into residual,0.5727453437421872,0.2549255012738716,0.07309136124539889,1.0723993262389755,TRUE,1.3430314208802159,NA,NA,0.20860775192610112,50,880,0.5
F,+ (1|item:variant:judge:temp): splits eps/rho,0.5727453437421872,0.25366102462202056,0.07556973548302692,1.0699209520013475,TRUE,1.3363697418174338,0.04016710972677493,0.09791788953003609,NA,50,880,0.5
A,"1 obs/item, naive SE",0.8735548973688693,0.0865874542266106,0.7038434870847126,1.043266307653026,FALSE,0.4561711994259576,NA,NA,NA,50,881,0.5
B,+ (1|variant): captures phi,0.67067107184792,0.21232931725814103,0.25450561002196354,1.0868365336738763,TRUE,1.1186207077234256,NA,NA,NA,50,881,0.5
C,+ (1|judge): captures lambda,0.7999031596780903,0.2968761709155426,0.21802586468362684,1.3817804546725538,TRUE,1.564041351915721,NA,NA,NA,50,881,0.5
D,+ (1|temp): captures tau,0.44229545692199285,0.3087933121734823,-0.16293943493803248,1.0475303487820182,TRUE,1.6268247732545162,NA,NA,NA,50,881,0.5
E,+ interactions: lumps eps into residual,0.44229545692199285,0.2994955088345382,-0.144715740393702,1.0293066542376876,TRUE,1.5778408859346216,NA,NA,0.2259914259267188,50,881,0.5
F,+ (1|item:variant:judge:temp): splits eps/rho,0.44229545692199285,0.29820178461576474,-0.14218004092490605,1.0267709547688917,TRUE,1.5710251210657322,0.04052306366415423,0.0999167825361765,NA,50,881,0.5
A,"1 obs/item, naive SE",1.257515504312927,0.06681276067070535,1.1265624933983445,1.3884685152275094,FALSE,0.3519916071484222,NA,NA,NA,50,882,0.5
B,+ (1|variant): captures phi,0.930410506902874,0.1638971475806052,0.6091720976448878,1.2516489161608602,FALSE,0.8634641018393697,NA,NA,NA,50,882,0.5
C,+ (1|judge): captures lambda,0.7611306210240064,0.220222303564687,0.3294949060372199,1.192766336010793,TRUE,1.160203556678502,NA,NA,NA,50,882,0.5
D,+ (1|temp): captures tau,0.3984617058933213,0.24834143047992882,-0.08828749784733919,0.8852109096339817,TRUE,1.3083443695284365,NA,NA,NA,50,882,0.5
E,+ interactions: lumps eps into residual,0.3984617058933213,0.23694957380179674,-0.0659594587582003,0.8628828705448429,TRUE,1.2483283201946398,NA,NA,0.21539661770398694,50,882,0.5
F,+ (1|item:variant:judge:temp): splits eps/rho,0.3984617058933213,0.23555742292105897,-0.06323084303195425,0.8601542548185969,TRUE,1.2409940112844133,0.04196128564792226,0.09984485803564158,NA,50,882,0.5
A,"1 obs/item, naive SE",0.10083035877581596,0.08721235759832942,-0.07010586211690968,0.2717665796685416,FALSE,0.45946339600510927,NA,NA,NA,50,883,0.5
B,+ (1|variant): captures phi,0.00662784081945804,0.112350223909618,-0.21357859804339324,0.22683427968230935,FALSE,0.5918979470454807,NA,NA,NA,50,883,0.5
C,+ (1|judge): captures lambda,0.29102041817538987,0.21057748653824218,-0.1217114554395648,0.7037522917903445,TRUE,1.1093914870721746,NA,NA,NA,50,883,0.5
D,+ (1|temp): captures tau,0.413611652551669,0.2110536959620909,-5.3591534029173715e-5,0.8272768966373671,TRUE,1.1119003150079916,NA,NA,NA,50,883,0.5
E,+ interactions: lumps eps into residual,0.413611652551669,0.19119699669522755,0.03886553902902301,0.788357766074315,TRUE,1.0072886896621365,NA,NA,0.20733922207926794,50,883,0.5
F,+ (1|item:variant:judge:temp): splits eps/rho,0.413611652551669,0.18960241867621863,0.04199091194628046,0.7852323931570575,TRUE,0.9988879279812829,0.03970655202484418,0.0997886186222731,NA,50,883,0.5
A,"1 obs/item, naive SE",0.2551882628795904,0.08084609882662265,0.09672990917941002,0.41364661657977075,FALSE,0.42592385005489475,NA,NA,NA,50,884,0.5
B,+ (1|variant): captures phi,0.29708701883871,0.15355697354377998,-0.003884649307098753,0.5980586869845188,TRUE,0.8089886627034991,NA,NA,NA,50,884,0.5
C,+ (1|judge): captures lambda,0.014916192498829358,0.20609821957050253,-0.3890363178593556,0.41886870285701433,FALSE,1.0857932348372115,NA,NA,NA,50,884,0.5
D,+ (1|temp): captures tau,0.2660685357143427,0.27181154847283445,-0.2666820992924129,0.7988191707210983,TRUE,1.4319926736750452,NA,NA,NA,50,884,0.5
E,+ interactions: lumps eps into residual,0.2660685357143427,0.2667213550136857,-0.2567053201124813,0.7888423915411666,TRUE,1.4051758596653265,NA,NA,0.2210620883185985,50,884,0.5
F,+ (1|item:variant:judge:temp): splits eps/rho,0.26606853571434264,0.2653645065007388,-0.25404589702710534,0.7861829684557906,TRUE,1.3980275352444418,0.04070321005317956,0.10020107182879748,NA,50,884,0.5
A,"1 obs/item, naive SE",0.6728502958841799,0.08155019776942887,0.5130119082560993,0.8326886835122604,FALSE,0.4296332749608848,NA,NA,NA,50,885,0.5
B,+ (1|variant): captures phi,0.739478724692459,0.25156049376287537,0.2464201569172233,1.2325372924676947,TRUE,1.325303454097047,NA,NA,NA,50,885,0.5
C,+ (1|judge): captures lambda,0.7430209560545633,0.2285441427260947,0.2950744363114177,1.190967475797709,TRUE,1.2040457435818628,NA,NA,NA,50,885,0.5
D,+ (1|temp): captures tau,0.572382069685947,0.27198720632112977,0.039287145296532655,1.1054769940753613,TRUE,1.4329180970179667,NA,NA,NA,50,885,0.5
E,+ interactions: lumps eps into residual,0.572382069685947,0.2579540049623848,0.06679221995967277,1.0779719194122213,TRUE,1.3589865748040095,NA,NA,0.21095002672649302,50,885,0.5
F,+ (1|item:variant:judge:temp): splits eps/rho,0.5723820696859471,0.25669258856239824,0.06926459610364655,1.0754995432682475,TRUE,1.3523410181549886,0.03923200113693018,0.09991286955821885,NA,50,885,0.5
A,"1 obs/item, naive SE",0.5769692314492417,0.08588173967898952,0.4086410216784223,0.7452974412200611,TRUE,0.4524532629822075,NA,NA,NA,50,886,0.5
B,+ (1|variant): captures phi,0.29765320780864984,0.13923948117911444,0.024743824697585515,0.5705625909197142,TRUE,0.7335594019278168,NA,NA,NA,50,886,0.5
C,+ (1|judge): captures lambda,0.600142014292475,0.25629130807657746,0.09781105046238325,1.1024729781225668,TRUE,1.3502269405191683,NA,NA,NA,50,886,0.5
D,+ (1|temp): captures tau,0.3430302784993005,0.28232365257277703,-0.21032408054334245,0.8963846375419435,TRUE,1.487373896954937,NA,NA,NA,50,886,0.5
E,+ interactions: lumps eps into residual,0.3430302784993005,0.2708758101705915,-0.18788630943505874,0.8739468664336598,TRUE,1.4270628964053977,NA,NA,0.20739278698014074,50,886,0.5
F,+ (1|item:variant:judge:temp): splits eps/rho,0.34303027849930046,0.26969102653512483,-0.18556413350954426,0.8716246905081452,TRUE,1.420821066374957,0.035900537312239966,0.1019546849059145,NA,50,886,0.5
A,"1 obs/item, naive SE",1.2867776666408164,0.07445323841034084,1.1408493193565483,1.4327060139250845,FALSE,0.3922441578881078,NA,NA,NA,50,887,0.5
B,+ (1|variant): captures phi,0.9051773607882294,0.15773844366524603,0.5960100112043472,1.2143447103721117,FALSE,0.831018023165823,NA,NA,NA,50,887,0.5
C,+ (1|judge): captures lambda,0.8032110933808474,0.12812016438645368,0.5520955711833981,1.0543266155782967,FALSE,0.6749791823866538,NA,NA,NA,50,887,0.5
D,+ (1|temp): captures tau,0.5646634522998456,0.23609046486467794,0.10192614116507687,1.0274007634346143,TRUE,1.2438022516344374,NA,NA,NA,50,887,0.5
E,+ interactions: lumps eps into residual,0.5646634522998456,0.2224929661799541,0.1285772385871356,1.0007496660125557,TRUE,1.1721661544699467,NA,NA,0.20440281012873923,50,887,0.5
F,+ (1|item:variant:judge:temp): splits eps/rho,0.5646634522998454,0.22116512192068796,0.131179813335297,0.9981470912643937,TRUE,1.165170634000953,0.04062356954091754,0.09779330023863612,NA,50,887,0.5
A,"1 obs/item, naive SE",0.8376052287299061,0.08860239065369407,0.6639445430486657,1.0112659144111464,FALSE,0.46678654751442517,NA,NA,NA,50,888,0.5
B,+ (1|variant): captures phi,0.7454615435968615,0.07595274681694515,0.596594159835649,0.8943289273580739,FALSE,0.40014406156930155,NA,NA,NA,50,888,0.5
C,+ (1|judge): captures lambda,0.6422291026964295,0.09426750995393021,0.45746478318672634,0.8269934222061327,TRUE,0.49663226002742394,NA,NA,NA,50,888,0.5
D,+ (1|temp): captures tau,0.5431606778781556,0.11275818941405732,0.3221546266266032,0.764166729129708,TRUE,0.5940472435590085,NA,NA,NA,50,888,0.5
E,+ interactions: lumps eps into residual,0.5431606778781556,0.10935841424052449,0.3288181859667276,0.7575031697895835,TRUE,0.5761361092897157,NA,NA,0.2162175688421012,50,888,0.5
F,+ (1|item:variant:judge:temp): splits eps/rho,0.5431606778781555,0.1071607163643913,0.33312567380394853,0.7531956819523624,TRUE,0.564557913752198,0.039750060204685037,0.0999627750784146,NA,50,888,0.5
A,"1 obs/item, naive SE",0.3304266531853945,0.08326323634459831,0.1672307099499818,0.4936225964208072,FALSE,0.4386581258296129,NA,NA,NA,50,889,0.5
B,+ (1|variant): captures phi,0.10557059045895283,0.15607564232599194,-0.20033766849999135,0.41147884941789703,FALSE,0.8222578385858551,NA,NA,NA,50,889,0.5
C,+ (1|judge): captures lambda,0.43385858901129654,0.22347595697330336,-0.0041542866563780145,0.8718714646789711,TRUE,1.1773448734106058,NA,NA,NA,50,889,0.5
D,+ (1|temp): captures tau,0.6967525823784163,0.22047332952719476,0.2646248565051146,1.128880308251718,TRUE,1.161526044046066,NA,NA,NA,50,889,0.5
E,+ interactions: lumps eps into residual,0.6967525823784163,0.21155541369024092,0.2821039715455441,1.1114011932112886,TRUE,1.1145435290840688,NA,NA,0.2023888589712807,50,889,0.5
F,+ (1|item:variant:judge:temp): splits eps/rho,0.6967525823784163,0.21018050529039828,0.2847987920092357,1.108706372747597,TRUE,1.1073000592366289,0.03607977323476598,0.10147295321699937,NA,50,889,0.5
A,"1 obs/item, naive SE",0.46973668222921405,0.08412978596507541,0.30484230173766624,0.6346310627207619,TRUE,0.4432233943580143,NA,NA,NA,50,890,0.5
B,+ (1|variant): captures phi,0.4948983434256125,0.18868399017997983,0.12507772267285205,0.864718964178373,TRUE,0.9940493444652488,NA,NA,NA,50,890,0.5
C,+ (1|judge): captures lambda,0.899403379548122,0.25188156711370596,0.4057155080052583,1.3930912510909856,TRUE,1.3269949741545461,NA,NA,NA,50,890,0.5
D,+ (1|temp): captures tau,0.7120891136343658,0.3181487411447247,0.08851758099070539,1.335660646278026,TRUE,1.6761122513663789,NA,NA,NA,50,890,0.5
E,+ interactions: lumps eps into residual,0.7120891136343658,0.30971600008443445,0.10504575346887424,1.3191324737998573,TRUE,1.6316857967687692,NA,NA,0.2105949924504215,50,890,0.5
F,+ (1|item:variant:judge:temp): splits eps/rho,0.7120891136343658,0.30868258284436506,0.1070712512594103,1.3171069760093213,TRUE,1.6262414147145727,0.041001719422200475,0.09840320274344612,NA,50,890,0.5
A,"1 obs/item, naive SE",0.33490801390413627,0.09279741239972596,0.1530250856006734,0.5167909422075991,TRUE,0.48888730239396083,NA,NA,NA,50,891,0.5
B,+ (1|variant): captures phi,0.40159471791782647,0.11208845762184645,0.18190134097900743,0.6212880948566455,TRUE,0.5905188761104522,NA,NA,NA,50,891,0.5
C,+ (1|judge): captures lambda,0.25975381806708675,0.14404111801639147,-0.022566773245040528,0.542074409379214,TRUE,0.7588560047074302,NA,NA,NA,50,891,0.5
D,+ (1|temp): captures tau,0.500573115029614,0.21596482572821538,0.07728205660231185,0.9238641734569162,TRUE,1.1377737625641045,NA,NA,NA,50,891,0.5
E,+ interactions: lumps eps into residual,0.500573115029614,0.20028079455566059,0.10802275770051928,0.8931234723587087,TRUE,1.0551451257053062,NA,NA,0.22306539194649103,50,891,0.5
F,+ (1|item:variant:judge:temp): splits eps/rho,0.5005731150296141,0.19842230570830882,0.11166539584132884,0.8894808342178994,TRUE,1.0453539949440593,0.04158189724222214,0.10068565105740034,NA,50,891,0.5
A,"1 obs/item, naive SE",0.3687601970644896,0.090489969741812,0.19139985637053808,0.546120537758441,TRUE,0.47673093523582194,NA,NA,NA,50,892,0.5
B,+ (1|variant): captures phi,0.5531729385654872,0.17141353416419383,0.21720241160366732,0.8891434655273072,TRUE,0.9030628995382984,NA,NA,NA,50,892,0.5
C,+ (1|judge): captures lambda,0.8398461141993115,0.2782531469610889,0.2944699461555773,1.3852222822430458,TRUE,1.4659291340416603,NA,NA,NA,50,892,0.5
D,+ (1|temp): captures tau,0.7848492310308485,0.2928646256891274,0.2108345646801587,1.3588638973815383,TRUE,1.5429072117122677,NA,NA,NA,50,892,0.5
E,+ interactions: lumps eps into residual,0.7848492310308485,0.28058473814497875,0.23490314426669012,1.334795317795007,TRUE,1.478212723580422,NA,NA,0.20378684589304966,50,892,0.5
F,+ (1|item:variant:judge:temp): splits eps/rho,0.7848492310308485,0.2795188979886319,0.23699219097312996,1.332706271088567,TRUE,1.4725975269349054,0.04012192383831948,0.09739682577017038,NA,50,892,0.5
A,"1 obs/item, naive SE",0.34103911610134924,0.07887747747710255,0.18643926024622823,0.4956389719564702,FALSE,0.4155525050344502,NA,NA,NA,50,893,0.5
B,+ (1|variant): captures phi,0.26833264382893757,0.12450635977700217,0.024300178666013333,0.5123651089918618,TRUE,0.6559404706251303,NA,NA,NA,50,893,0.5
C,+ (1|judge): captures lambda,0.14239700256219717,0.10597789466350988,-0.06531967097828217,0.3501136761026765,FALSE,0.5583264198387032,NA,NA,NA,50,893,0.5
D,+ (1|temp): captures tau,0.4596679715670834,0.2075016678593496,0.052964702562758204,0.8663712405714086,TRUE,1.0931870622106339,NA,NA,NA,50,893,0.5
E,+ interactions: lumps eps into residual,0.4596679715670834,0.19524836723596914,0.07698117178458386,0.8423547713495829,TRUE,1.028632642725502,NA,NA,0.21971325521366708,50,893,0.5
F,+ (1|item:variant:judge:temp): splits eps/rho,0.4596679715670833,0.19336519541036604,0.08067218856276587,0.8386637545714006,TRUE,1.01871147391319,0.03940380409156624,0.09939861217739204,NA,50,893,0.5
A,"1 obs/item, naive SE",0.9066082373349892,0.09719178135422402,0.7161123458807102,1.0971041287892682,FALSE,0.5120382839604972,NA,NA,NA,50,894,0.5
B,+ (1|variant): captures phi,0.8859963531772926,0.13708421391295839,0.6173112939078942,1.154681412446691,FALSE,0.7222047448049405,NA,NA,NA,50,894,0.5
C,+ (1|judge): captures lambda,0.6309226665997263,0.1907404344428717,0.2570714150916978,1.0047739181077548,TRUE,1.004883369490409,NA,NA,NA,50,894,0.5
D,+ (1|temp): captures tau,0.49997160757875153,0.20585522944548712,0.09649535786559676,0.9034478572919062,TRUE,1.0845130829056528,NA,NA,NA,50,894,0.5
E,+ interactions: lumps eps into residual,0.49997160757875153,0.17824064122625044,0.15061995077530066,0.8493232643822024,TRUE,0.9390303459186619,NA,NA,0.21530445515344335,50,894,0.5
F,+ (1|item:variant:judge:temp): splits eps/rho,0.49997160757875164,0.17636233815247854,0.15430142479989373,0.8456417903576096,TRUE,0.9291348272930009,0.03993398538263099,0.10078414279213915,NA,50,894,0.5
A,"1 obs/item, naive SE",0.5449065305497602,0.07643339655971587,0.39509707329271715,0.6947159878068033,TRUE,0.4026762825662334,NA,NA,NA,50,895,0.5
B,+ (1|variant): captures phi,0.47782664760192756,0.17448993622903283,0.13582637259302321,0.8198269226108319,TRUE,0.9192703978689608,NA,NA,NA,50,895,0.5
C,+ (1|judge): captures lambda,0.8109267699077914,0.20558797161627182,0.4079743455398987,1.2138791942756841,TRUE,1.083105080723373,NA,NA,NA,50,895,0.5
D,+ (1|temp): captures tau,0.6066435148207004,0.21919648847276008,0.1770183974140907,1.0362686322273102,TRUE,1.1547992252421153,NA,NA,NA,50,895,0.5
E,+ interactions: lumps eps into residual,0.6066435148207004,0.2124492144428705,0.19024305451267431,1.0230439751287266,TRUE,1.1192523655433066,NA,NA,0.20966915589661989,50,895,0.5
F,+ (1|item:variant:judge:temp): splits eps/rho,0.6066435148207004,0.21098465764213792,0.19311358584211014,1.0201734437992909,TRUE,1.1115365984222507,0.03911778632829298,0.10102509128050483,NA,50,895,0.5
A,"1 obs/item, naive SE",0.4966666214566836,0.09082454969039656,0.31865050406350637,0.6746827388498609,TRUE,0.4784936124944725,NA,NA,NA,50,896,0.5
B,+ (1|variant): captures phi,0.7038566212399281,0.2114629046512249,0.2893893281235273,1.1183239143563288,TRUE,1.114056161027546,NA,NA,NA,50,896,0.5
C,+ (1|judge): captures lambda,0.513469114122604,0.22466924596313048,0.07311739203486828,0.9538208362103398,TRUE,1.183631512446402,NA,NA,NA,50,896,0.5
D,+ (1|temp): captures tau,0.5578613607872656,0.23445186234090498,0.0983357105990918,1.0173870109754393,TRUE,1.2351695543767531,NA,NA,NA,50,896,0.5
E,+ interactions: lumps eps into residual,0.5578613607872656,0.22474123949943686,0.11736853136836933,0.9983541902061618,TRUE,1.1840107980842711,NA,NA,0.20315281497682158,50,896,0.5
F,+ (1|item:variant:judge:temp): splits eps/rho,0.5578613607872656,0.22355565957307325,0.11969226802404198,0.9960304535504891,TRUE,1.1777647729313752,0.040259807359321234,0.10278252316941491,NA,50,896,0.5
A,"1 obs/item, naive SE",0.3638269872819592,0.09049668033667006,0.1864534938220859,0.5412004807418326,TRUE,0.47676628885757466,NA,NA,NA,50,897,0.5
B,+ (1|variant): captures phi,0.01493552169707852,0.2840488308966597,-0.5418001868603745,0.5716712302545316,TRUE,1.4964627040143248,NA,NA,NA,50,897,0.5
C,+ (1|judge): captures lambda,0.17634424534150248,0.2489416744453099,-0.3115814365713049,0.6642699272543099,TRUE,1.3115066522411198,NA,NA,NA,50,897,0.5
D,+ (1|temp): captures tau,0.554732567211632,0.297700299363227,-0.028760019540292947,1.1382251539635568,TRUE,1.568383131747674,NA,NA,NA,50,897,0.5
E,+ interactions: lumps eps into residual,0.554732567211632,0.28804143193304044,-0.009828639377127302,1.1192937738003912,TRUE,1.5174970399913186,NA,NA,0.21987187968430885,50,897,0.5
F,+ (1|item:variant:judge:temp): splits eps/rho,0.5547325672116317,0.28677284802472763,-0.007342214916834511,1.1168073493400978,TRUE,1.5108137225500529,0.037327291662388046,0.10067768443366129,NA,50,897,0.5
A,"1 obs/item, naive SE",1.0317868212072514,0.09110749322162713,0.8532161344928623,1.2103575079216407,FALSE,0.4799842521161603,NA,NA,NA,50,898,0.5
B,+ (1|variant): captures phi,0.9030079831943114,0.15550284634187075,0.5982224043642448,1.207793562024378,FALSE,0.8192401608698768,NA,NA,NA,50,898,0.5
C,+ (1|judge): captures lambda,1.0136015951958401,0.1396219796189461,0.7399425151427058,1.2872606752489744,FALSE,0.7355745295653602,NA,NA,NA,50,898,0.5
D,+ (1|temp): captures tau,0.6550139260245621,0.24262087459168594,0.17947701182485765,1.1305508402242666,TRUE,1.2782065988290758,NA,NA,NA,50,898,0.5
E,+ interactions: lumps eps into residual,0.6550139260245621,0.22862287067951395,0.20691309949271475,1.1031147525564093,TRUE,1.2044605083449613,NA,NA,0.21855421936151806,50,898,0.5
F,+ (1|item:variant:judge:temp): splits eps/rho,0.6550139260245621,0.22702810115633798,0.2100388477581397,1.0999890042909846,TRUE,1.1960587377571437,0.03897450877647514,0.09922817359251279,NA,50,898,0.5
A,"1 obs/item, naive SE",0.3469275589521369,0.09188873796279984,0.1668256325450492,0.5270294853592246,TRUE,0.4841001064718419,NA,NA,NA,50,899,0.5
B,+ (1|variant): captures phi,-0.016828460762260713,0.20942681124800044,-0.42730501080834155,0.39364808928382017,FALSE,1.1033293510273192,NA,NA,NA,50,899,0.5
C,+ (1|judge): captures lambda,0.24591373046962822,0.261161075104529,-0.26596197673524863,0.7577894376745051,TRUE,1.3758824755606747,NA,NA,NA,50,899,0.5
D,+ (1|temp): captures tau,0.42546935935825675,0.2339239509128467,-0.03302158443092279,0.8839603031474363,TRUE,1.2323883432708376,NA,NA,NA,50,899,0.5
E,+ interactions: lumps eps into residual,0.42546935935825675,0.2238179353460281,-0.013213793919958305,0.8641525126364717,TRUE,1.1791465280019893,NA,NA,0.21419006899112808,50,899,0.5
F,+ (1|item:variant:judge:temp): splits eps/rho,0.4254693593582566,0.22226752654367699,-0.01017499266735028,0.8611137113838634,TRUE,1.1709784642878387,0.03934367831515013,0.09830138949366028,NA,50,899,0.5
A,"1 obs/item, naive SE",0.6968613046350376,0.07473027363859634,0.5503899683033888,0.8433326409666864,FALSE,0.39370367062566697,NA,NA,NA,50,900,0.5
B,+ (1|variant): captures phi,0.9459980594288077,0.0926519200715979,0.7644002960884757,1.1275958227691396,FALSE,0.488120800936882,NA,NA,NA,50,900,0.5
C,+ (1|judge): captures lambda,0.9809383034069583,0.20949407329389186,0.5703299197509303,1.3915466870629865,FALSE,1.1036837096168424,NA,NA,NA,50,900,0.5
D,+ (1|temp): captures tau,0.660113288930486,0.2726014177722104,0.12581451009695366,1.1944120677640184,TRUE,1.4361539650411488,NA,NA,NA,50,900,0.5
E,+ interactions: lumps eps into residual,0.660113288930486,0.2690627419870235,0.13275031463592002,1.1874762632250522,TRUE,1.417511056646087,NA,NA,0.20550206527085763,50,900,0.5
F,+ (1|item:variant:judge:temp): splits eps/rho,0.6601132889304859,0.2679071857455011,0.13501520486930374,1.185211372991668,TRUE,1.4114232061438667,0.039149827015911326,0.09855236371471167,NA,50,900,0.5
A,"1 obs/item, naive SE",0.5276283585350345,0.0846950350992292,0.36162608974054533,0.6936306273295237,TRUE,0.4462013127851642,NA,NA,NA,50,901,0.5
B,+ (1|variant): captures phi,0.5918559899376369,0.12419012944828384,0.3484433362190006,0.8352686436562732,TRUE,0.6542744652016567,NA,NA,NA,50,901,0.5
C,+ (1|judge): captures lambda,0.3738544398657736,0.1738066255434219,0.033193453800666683,0.7145154259308806,TRUE,0.9156704923420016,NA,NA,NA,50,901,0.5
D,+ (1|temp): captures tau,0.411332539286262,0.15474962550397797,0.10802327329846517,0.71464180527405885,TRUE,0.8152719456576022,NA,NA,NA,50,901,0.5
E,+ interactions: lumps eps into residual,0.411332539286262,0.13245168021110248,0.15172724607250115,0.6709378325000228,TRUE,0.697799032984078,NA,NA,0.21807263435208002,50,901,0.5
F,+ (1|item:variant:judge:temp): splits eps/rho,0.411332539286262,0.13061614223859713,0.15532490049861164,0.6673401780739123,TRUE,0.6881288149832313,0.0378089609874012,0.1013603367274651,NA,50,901,0.5
A,"1 obs/item, naive SE",1.1927512078459979,0.07670866867526756,1.0424022172424734,1.3431001984495223,FALSE,0.4041265066459378,NA,NA,NA,50,902,0.5
B,+ (1|variant): captures phi,0.8447620609012487,0.16969789507987645,0.5121541865446908,1.1773699352578066,FALSE,0.8940243483317127,NA,NA,NA,50,902,0.5
C,+ (1|judge): captures lambda,0.7870492650470751,0.26055409674065527,0.27636323543539076,1.2977352946587595,TRUE,1.372684713820859,NA,NA,NA,50,902,0.5
D,+ (1|temp): captures tau,0.5283174701799682,0.2633067627369156,0.012236215215613577,1.044398725144323,TRUE,1.3871866640207902,NA,NA,NA,50,902,0.5
E,+ interactions: lumps eps into residual,0.5283174701799682,0.24840918015295885,0.04143547708016887,1.0151994632797676,TRUE,1.3087012970981735,NA,NA,0.2191290407736942,50,902,0.5
F,+ (1|item:variant:judge:temp): splits eps/rho,0.5283174701799683,0.24702989622537272,0.044138873578237814,1.012496066781699,TRUE,1.3014347755308662,0.04130595351133358,0.1006769159411334,NA,50,902,0.5
A,"1 obs/item, naive SE",0.6953388703744829,0.07217743136894807,0.5538711048913447,0.8368066358576212,FALSE,0.3802544575671215,NA,NA,NA,50,903,0.5
B,+ (1|variant): captures phi,0.30566782954570243,0.17981102563971074,-0.04676178070813064,0.6580974397995355,TRUE,0.9473036477248703,NA,NA,NA,50,903,0.5
C,+ (1|judge): captures lambda,0.48066046867441237,0.23533185230509215,0.019410038156431775,0.941910899192393,TRUE,1.2398056310582026,NA,NA,NA,50,903,0.5
D,+ (1|temp): captures tau,0.5391933298279409,0.19379716395152838,0.15935088848294526,0.9190357711729364,TRUE,1.020987226322085,NA,NA,NA,50,903,0.5
E,+ interactions: lumps eps into residual,0.5391933298279409,0.18297217136663577,0.18056787394933477,0.8978187857065469,TRUE,0.9639576035512845,NA,NA,0.2017281229822849,50,903,0.5
F,+ (1|item:variant:judge:temp): splits eps/rho,0.539193329827941,0.18183780959311274,0.18279122302544004,0.8955954366304419,TRUE,0.9579814124802699,0.038494672137570116,0.09783880347968779,NA,50,903,0.5
A,"1 obs/item, naive SE",0.8802362182437917,0.07539884568122307,0.7324544807085945,1.028017955778989,FALSE,0.39722592813181234,NA,NA,NA,50,904,0.5
B,+ (1|variant): captures phi,0.8876671953273387,0.10805972418384902,0.6758701359269946,1.0994642547276827,FALSE,0.5692941827528093,NA,NA,NA,50,904,0.5
C,+ (1|judge): captures lambda,0.8429103743613263,0.2825003244058076,0.28920973852594345,1.3966110101967093,TRUE,1.4883046623030833,NA,NA,NA,50,904,0.5
D,+ (1|temp): captures tau,0.6544483197940565,0.2179331317809203,0.2272993815034527,1.0815972580846602,TRUE,1.148143446497182,NA,NA,NA,50,904,0.5
E,+ interactions: lumps eps into residual,0.6544483197940565,0.2009343369078719,0.26061701945462756,1.0482796201334854,TRUE,1.0585882018570043,NA,NA,0.2093030029267801,50,904,0.5
F,+ (1|item:variant:judge:temp): splits eps/rho,0.6544483197940564,0.1996077514382012,0.263217126975182,1.0456795126129308,TRUE,1.051599313105789,0.039746354056900544,0.09939510482118097,NA,50,904,0.5
A,"1 obs/item, naive SE",0.20913680428430173,0.07674106891168753,0.05872430921739419,0.3595492993512093,FALSE,0.4042972017523062,NA,NA,NA,50,905,0.5
B,+ (1|variant): captures phi,-0.04824207239413499,0.1289341060813353,-0.30095292031355214,0.20446877552528217,FALSE,0.6792672950530132,NA,NA,NA,50,905,0.5
C,+ (1|judge): captures lambda,0.3295636070412262,0.22523857197320804,-0.1119039940262615,0.771031208108714,TRUE,1.1866309091973652,NA,NA,NA,50,905,0.5
D,+ (1|temp): captures tau,0.6024274050995169,0.23980114520479684,0.13241716049811508,1.0724376497009187,TRUE,1.2633513366209104,NA,NA,NA,50,905,0.5
E,+ interactions: lumps eps into residual,0.6024274050995169,0.2314914305133074,0.14870420129343437,1.0561506089055994,TRUE,1.2195730254144899,NA,NA,0.21813841848512047,50,905,0.5
F,+ (1|item:variant:judge:temp): splits eps/rho,0.6024274050995169,0.23041329160457272,0.15081735355455433,1.0540374566444795,TRUE,1.2138930348946377,0.03689803903824307,0.09982928116518049,NA,50,905,0.5
A,"1 obs/item, naive SE",0.7499867425958494,0.06479626222569493,0.6229860686334874,0.8769874165582114,FALSE,0.34136802983555226,NA,NA,NA,50,906,0.5
B,+ (1|variant): captures phi,0.43056701281930554,0.11956928040467717,0.1962112232261383,0.6649228024124728,TRUE,0.6299303120051474,NA,NA,NA,50,906,0.5
C,+ (1|judge): captures lambda,0.8072176301769721,0.2384032501876897,0.3399472598091003,1.274488000544844,TRUE,1.2559867657102513,NA,NA,NA,50,906,0.5
D,+ (1|temp): captures tau,0.6455567188650865,0.268835158904599,0.11863980741207236,1.1724736303181005,TRUE,1.4163120740843993,NA,NA,NA,50,906,0.5
E,+ interactions: lumps eps into residual,0.6455567188650865,0.2614625991303448,0.1330900245696106,1.1580234131605622,TRUE,1.3774710033415256,NA,NA,0.217602264311139,50,906,0.5
F,+ (1|item:variant:judge:temp): splits eps/rho,0.6455567188650868,0.2600764926183599,0.13580679333310142,1.155306644397072,TRUE,1.3701685381547162,0.03797064190699125,0.0998421721744866,NA,50,906,0.5
A,"1 obs/item, naive SE",1.081092711016766,0.08338531401402893,0.9176574955492693,1.2445279264842628,FALSE,0.43930127116036194,NA,NA,NA,50,907,0.5
B,+ (1|variant): captures phi,0.5884302350365623,0.24876391572382545,0.10085296021786444,1.0760075098552602,TRUE,1.3105701608069709,NA,NA,NA,50,907,0.5
C,+ (1|judge): captures lambda,0.7431801106340361,0.17727193705969593,0.3957271139970321,1.09063310727104,TRUE,0.9339268936288001,NA,NA,NA,50,907,0.5
D,+ (1|temp): captures tau,0.604188579072708,0.2398749032758489,0.13403376865204414,1.0743433894933718,TRUE,1.2637399184084186,NA,NA,NA,50,907,0.5
E,+ interactions: lumps eps into residual,0.604188579072708,0.22504872479459745,0.16309307847529697,1.045284079670119,TRUE,1.1856307317935144,NA,NA,0.22680971848235715,50,907,0.5
F,+ (1|item:variant:judge:temp): splits eps/rho,0.6041885790727083,0.22336170409622533,0.16639963904410665,1.0419775191013099,TRUE,1.176742951660624,0.041238650007460104,0.1002800262594159,NA,50,907,0.5
A,"1 obs/item, naive SE",0.6741965570020457,0.08357573093445339,0.5103881243705171,0.8380049896335744,FALSE,0.44030445015155495,NA,NA,NA,50,908,0.5
B,+ (1|variant): captures phi,0.8931560597888427,0.14988258879430322,0.5993861857520084,1.186925933825677,FALSE,0.7896307948311563,NA,NA,NA,50,908,0.5
C,+ (1|judge): captures lambda,0.44900909372901865,0.27030619866897576,-0.08079105566217382,0.9788092431202111,TRUE,1.4240619955910738,NA,NA,NA,50,908,0.5
D,+ (1|temp): captures tau,0.5703188496197772,0.2275655198530009,0.12429043070789542,1.016347268531659,TRUE,1.198890036282321,NA,NA,NA,50,908,0.5
E,+ interactions: lumps eps into residual,0.5703188496197772,0.21379873703501387,0.15127332503115004,0.9893643742084044,TRUE,1.1263620946028923,NA,NA,0.2176640631466529,50,908,0.5
F,+ (1|item:variant:judge:temp): splits eps/rho,0.5703188496197771,0.21207018790125823,0.15466128133331097,0.9859764179062431,TRUE,1.1172555290079695,0.03831483792691953,0.09804258100915322,NA,50,908,0.5
A,"1 obs/item, naive SE",0.19476784120861687,0.08237248430294235,0.033317771974849864,0.3562179104423839,FALSE,0.4339653509829256,NA,NA,NA,50,909,0.5
B,+ (1|variant): captures phi,0.3463746948047959,0.10861057592228715,0.13349796599711306,0.5592514236124787,TRUE,0.5721962509620392,NA,NA,NA,50,909,0.5
C,+ (1|judge): captures lambda,0.7490127323122077,0.28566203365916215,0.18911514634024984,1.3089103182841655,TRUE,1.5049615869721498,NA,NA,NA,50,909,0.5
D,+ (1|temp): captures tau,0.6177318401767483,0.30618847093992685,0.017602437134491722,1.217861243219005,TRUE,1.6131016125444742,NA,NA,NA,50,909,0.5
E,+ interactions: lumps eps into residual,0.6177318401767483,0.29864345320162033,0.03239067190157252,1.203073008451924,TRUE,1.5733519765017545,NA,NA,0.2188293735277931,50,909,0.5
F,+ (1|item:variant:judge:temp): splits eps/rho,0.6177318401767484,0.29744031799693,0.034748816902765656,1.2007148634507312,TRUE,1.5670134643662803,0.038383847936549115,0.10088739195548409,NA,50,909,0.5
A,"1 obs/item, naive SE",0.11530278141591031,0.07974351564256997,-0.040994509243526836,0.2716000720753475,FALSE,0.4201150790495725,NA,NA,NA,50,910,0.5
B,+ (1|variant): captures phi,0.15769033926180315,0.12868688386837743,-0.09453595312021662,0.4099166316438229,FALSE,0.677964847089656,NA,NA,NA,50,910,0.5
C,+ (1|judge): captures lambda,0.24010799563269583,0.18753783823283807,-0.12746616730366675,0.6076821585690584,TRUE,0.9880110388801959,NA,NA,NA,50,910,0.5
D,+ (1|temp): captures tau,0.5274251454599982,0.23733368960915105,0.06225111382606213,0.9925991770939342,TRUE,1.250351968656468,NA,NA,NA,50,910,0.5
E,+ interactions: lumps eps into residual,0.5274251454599982,0.22118970279068975,0.0938933279902463,0.9609569629297501,TRUE,1.165300134112162,NA,NA,0.21071360923622376,50,910,0.5
F,+ (1|item:variant:judge:temp): splits eps/rho,0.5274251454599981,0.21973939103277024,0.09673593903576844,0.9581143518842277,TRUE,1.1576594145638053,0.03821526053560199,0.10102235071282933,NA,50,910,0.5
A,"1 obs/item, naive SE",0.7456044496484577,0.08186095271758001,0.5851569823220009,0.9060519169749146,FALSE,0.43127043427792233,NA,NA,NA,50,911,0.5
B,+ (1|variant): captures phi,0.5934774738836318,0.14867917376400683,0.30206629330617846,0.8848886544610852,TRUE,0.7832908084823161,NA,NA,NA,50,911,0.5
C,+ (1|judge): captures lambda,0.5229468177188545,0.12095060321227406,0.2858836354227974,0.7600100000149117,TRUE,0.6372075750632205,NA,NA,NA,50,911,0.5
D,+ (1|temp): captures tau,0.39739030119884833,0.1656770169864526,0.07266334790540124,0.7221172544922954,TRUE,0.8728410395139901,NA,NA,NA,50,911,0.5
E,+ interactions: lumps eps into residual,0.39739030119884833,0.14853510762764388,0.10626149024866632,0.6885191121490304,TRUE,0.7825318206727271,NA,NA,0.20030166515616885,50,911,0.5
F,+ (1|item:variant:judge:temp): splits eps/rho,0.39739030119884833,0.1473409935291397,0.10860195388173449,0.6861786485159622,TRUE,0.77624083469292815,0.04361516071183185,0.09932341011716372,NA,50,911,0.5
A,"1 obs/item, naive SE",-0.12795519378022355,0.0664234851768606,-0.2581452247268703,0.002234837166423226,FALSE,0.34994077576042976,NA,NA,NA,50,912,0.5
B,+ (1|variant): captures phi,-0.033859149536925634,0.15304218965785785,-0.333821841266327,0.26610354219247573,FALSE,0.8062766118090164,NA,NA,NA,50,912,0.5
C,+ (1|judge): captures lambda,-0.02611233155664623,0.16750529787130844,-0.3544227153844108,0.30219805227111834,FALSE,0.8824730247892417,NA,NA,NA,50,912,0.5
D,+ (1|temp): captures tau,0.37686153714766757,0.2479196184508747,-0.10906091501604687,0.862783989311382,TRUE,1.3061221249672055,NA,NA,NA,50,912,0.5
E,+ interactions: lumps eps into residual,0.37686153714766757,0.23347092705892628,-0.08074147988782793,0.834464554183163,TRUE,1.2300016645463354,NA,NA,0.2171682006986283,50,912,0.5
F,+ (1|item:variant:judge:temp): splits eps/rho,0.3768615371476677,0.23231329177788143,-0.07847251473697991,0.8321955890323153,TRUE,1.2239028609798281,0.03866066799889359,0.10109858579151867,NA,50,912,0.5
A,"1 obs/item, naive SE",0.8572593547796596,0.0887708117872424,0.6832685636766646,1.0312501458826548,FALSE,0.46767384546290564,NA,NA,NA,50,913,0.5
B,+ (1|variant): captures phi,0.7280072513771927,0.1565843988668956,0.42110182959807735,1.034912673156308,TRUE,0.8249381354435551,NA,NA,NA,50,913,0.5
C,+ (1|judge): captures lambda,0.8964188692926098,0.2258618268656382,0.45372968863595897,1.3391080499492607,TRUE,1.189914421045212,NA,NA,NA,50,913,0.5
D,+ (1|temp): captures tau,0.5654181304757986,0.30579285439317233,-0.033935864134819194,1.1647721250864165,TRUE,1.6110173744033058,NA,NA,NA,50,913,0.5
E,+ interactions: lumps eps into residual,0.5654181304757986,0.29288574032002146,-0.008637920551443412,1.1394741815030405,TRUE,1.5430184505353328,NA,NA,0.2028363850980244,50,913,0.5
F,+ (1|item:variant:judge:temp): splits eps/rho,0.5654181304757985,0.29194474503086953,-0.0067935697847058,1.1376298307363029,TRUE,1.5380609777289007,0.040286155183814884,0.09954494979572036,NA,50,913,0.5
A,"1 obs/item, naive SE",0.04783367543632434,0.0941344141800419,-0.13666977635655778,0.23233712722920644,FALSE,0.495931067697017,NA,NA,NA,50,914,0.5
B,+ (1|variant): captures phi,0.1535651491596648,0.10455234306236869,-0.05135744324257782,0.35848774156190744,FALSE,0.5508161449432863,NA,NA,NA,50,914,0.5
C,+ (1|judge): captures lambda,0.488915017604601,0.1985603598433705,0.09973671231159481,0.8780933228976071,TRUE,1.0460813095526167,NA,NA,NA,50,914,0.5
D,+ (1|temp): captures tau,0.5368873351832809,0.19978240542265552,0.14531382055487613,0.9284608498116858,TRUE,1.0525194477636868,NA,NA,NA,50,914,0.5
E,+ interactions: lumps eps into residual,0.5368873351832809,0.18671151606247258,0.17093276370083466,0.9028419066657272,TRUE,0.983657701795341,NA,NA,0.20521008588722003,50,914,0.5
F,+ (1|item:variant:judge:temp): splits eps/rho,0.5368873351832809,0.18545030872055457,0.17340473009099394,0.9003699402755678,TRUE,0.9770132465330132,0.03708467658816183,0.10075708311396335,NA,50,914,0.5
A,"1 obs/item, naive SE",-0.16878703026585617,0.07776595121953488,-0.32120829465614453,-0.016365765875567817,FALSE,0.4096966189752402,NA,NA,NA,50,915,0.5
B,+ (1|variant): captures phi,0.13699742482436317,0.14079818556517384,-0.13896701888337754,0.41296186853210387,FALSE,0.7417711695065049,NA,NA,NA,50,915,0.5
C,+ (1|judge): captures lambda,0.3946185463587643,0.18678348374359358,0.028522918221320914,0.7607141744962077,TRUE,0.9840368512195861,NA,NA,NA,50,915,0.5
D,+ (1|temp): captures tau,0.45743403222347057,0.21174587685158855,0.04241211359435704,0.8724559508525841,TRUE,1.1155469516876602,NA,NA,NA,50,915,0.5
E,+ interactions: lumps eps into residual,0.45743403222347057,0.20070924636402554,0.0640439093499805,0.8508241550969606,TRUE,1.057402350808686,NA,NA,0.220692134144002,50,915,0.5
F,+ (1|item:variant:judge:temp): splits eps/rho,0.45743403222347045,0.1994270260073758,0.0665570612490139,0.8483110031979271,TRUE,1.050647192070672,0.03799329626982713,0.10131242406057529,NA,50,915,0.5
A,"1 obs/item, naive SE",-0.15565409032405192,0.07723998021964404,-0.30704445155455423,-0.004263729093549606,FALSE,0.40692563068338516,NA,NA,NA,50,916,0.5
B,+ (1|variant): captures phi,0.5350231393239863,0.2407286324205353,0.06319501977973707,1.0068512588682355,TRUE,1.2682376444519312,NA,NA,NA,50,916,0.5
C,+ (1|judge): captures lambda,0.5247527603966026,0.2252290910851094,0.08330374186978812,0.966201778923417,TRUE,1.1865809607592896,NA,NA,NA,50,916,0.5
D,+ (1|temp): captures tau,0.2648463918737054,0.23353824969016784,-0.19288857751902355,0.7225813612664344,TRUE,1.230356342319418,NA,NA,NA,50,916,0.5
E,+ interactions: lumps eps into residual,0.2648463918737054,0.22553566819142098,-0.17720351778147975,0.7068963015288905,TRUE,1.1881961098308478,NA,NA,0.21216457775914935,50,916,0.5
F,+ (1|item:variant:judge:temp): splits eps/rho,0.2648463918737054,0.2241036123823582,-0.1743966883957167,0.7040894721431274,TRUE,1.1806515686279686,0.041129567206591895,0.09839124215822298,NA,50,916,0.5
A,"1 obs/item, naive SE",0.7274833111051018,0.08490147074994533,0.561076428435209,0.8938901937749946,FALSE,0.4472888837183042,NA,NA,NA,50,917,0.5
B,+ (1|variant): captures phi,0.6665554021542642,0.07329058204157952,0.5229058613527684,0.8102049429557601,FALSE,0.3861189015793817,NA,NA,NA,50,917,0.5
C,+ (1|judge): captures lambda,0.7712791699363982,0.1341103113835823,0.508422959624577,1.0341353802482196,FALSE,0.7065372477533357,NA,NA,NA,50,917,0.5
D,+ (1|temp): captures tau,0.5341524719431183,0.19433093560001366,0.15326383816709155,0.9150411057191451,TRUE,1.0237993109974453,NA,NA,NA,50,917,0.5
E,+ interactions: lumps eps into residual,0.5341524719431183,0.18260168638705987,0.17625316662448098,0.8920517772617557,TRUE,0.9620057667752531,NA,NA,0.22243897317362873,50,917,0.5
F,+ (1|item:variant:judge:temp): splits eps/rho,0.5341524719431183,0.18057950307624585,0.18021664591367648,0.8880882979725602,TRUE,0.951352239718793,0.03918640821272057,0.10141992587576136,NA,50,917,0.5
A,"1 obs/item, naive SE",-0.013020828369824775,0.0718728532903206,-0.15389162081885313,0.1278499640792036,FALSE,0.3786498400311593,NA,NA,NA,50,918,0.5
B,+ (1|variant): captures phi,0.11285830203238212,0.1328868179775897,-0.14759986120369367,0.3733164652684579,FALSE,0.70009148191478,NA,NA,NA,50,918,0.5
C,+ (1|judge): captures lambda,0.04087928026325559,0.24209203182530697,-0.43362110211434607,0.5153796626408572,TRUE,1.2754204811264411,NA,NA,NA,50,918,0.5
D,+ (1|temp): captures tau,0.23932327333846246,0.22871822139656622,-0.20896444059880734,0.6876109872757322,TRUE,1.2049628472963991,NA,NA,NA,50,918,0.5
E,+ interactions: lumps eps into residual,0.23932327333846246,0.2137763914686317,-0.1796784539400557,0.6583250006169806,TRUE,1.1262443708066512,NA,NA,0.20004929883384615,50,918,0.5
F,+ (1|item:variant:judge:temp): splits eps/rho,0.23932327333846248,0.21242910617653052,-0.17703777476753735,0.6556843214444623,TRUE,1.1191464285798447,0.03534450358115886,0.10127862521559815,NA,50,918,0.5
A,"1 obs/item, naive SE",1.3011619859850607,0.09265130860329808,1.1195654211225965,1.482758550847525,FALSE,0.4881175795206822,NA,NA,NA,50,919,0.5
B,+ (1|variant): captures phi,0.9205695428277096,0.12743378949936385,0.6707993154089565,1.1703397702464629,FALSE,0.671363133638065,NA,NA,NA,50,919,0.5
C,+ (1|judge): captures lambda,0.6110641104159831,0.21088218206384587,0.19773503357084515,1.024393187261121,TRUE,1.110996723357452,NA,NA,NA,50,919,0.5
D,+ (1|temp): captures tau,0.39055266477628964,0.2537130292640509,-0.10672487258125019,0.8878302021338295,TRUE,1.3366437193831517,NA,NA,NA,50,919,0.5
E,+ interactions: lumps eps into residual,0.39055266477628964,0.24516660117677186,-0.08997387353018321,0.8710792030827625,TRUE,1.2916183241200163,NA,NA,0.21979505608475552,50,919,0.5
F,+ (1|item:variant:judge:temp): splits eps/rho,0.3905526647762894,0.24367095134614083,-0.08704239986214662,0.8681477294147255,TRUE,1.2837387486866678,0.040284016277041715,0.09991278234890444,NA,50,919,0.5
A,"1 obs/item, naive SE",-0.26381460106430316,0.06605446687821791,-0.3932813561456102,-0.13434784598299607,FALSE,0.3479966659421481,NA,NA,NA,50,920,0.5
B,+ (1|variant): captures phi,0.09381874292350607,0.2184723369686604,-0.3343870375350683,0.5220245233820805,TRUE,1.1509841568451773,NA,NA,NA,50,920,0.5
C,+ (1|judge): captures lambda,0.3793327594432614,0.2285777117230603,-0.06867955553393679,0.8273450744204596,TRUE,1.2042225961033521,NA,NA,NA,50,920,0.5
D,+ (1|temp): captures tau,0.39253623117017816,0.1986383355422012,0.003205093507463841,0.7818673688328925,TRUE,1.0464921111910224,NA,NA,NA,50,920,0.5
E,+ interactions: lumps eps into residual,0.39253623117017816,0.18319712309318978,0.033469869907526206,0.7516025924328301,TRUE,0.9651427232644305,NA,NA,0.2220411848872534,50,920,0.5
F,+ (1|item:variant:judge:temp): splits eps/rho,0.39253623117017816,0.1817142117204735,0.03637637619805012,0.7486960861423062,TRUE,0.9573302582188132,0.042490616977601744,0.10134985011037938,NA,50,920,0.5
A,"1 obs/item, naive SE",1.083633020860886,0.09411930468844787,0.8991591836715281,1.2681068580502437,FALSE,0.4958514659237032,NA,NA,NA,50,921,0.5
B,+ (1|variant): captures phi,0.6101385074513983,0.1924025502975675,0.23302950886816598,0.9872475060346306,TRUE,1.0136399427121734,NA,NA,NA,50,921,0.5
C,+ (1|judge): captures lambda,0.38148643696462065,0.2594246543798557,-0.1269858856198965,0.8899587595491378,TRUE,1.3667344398347452,NA,NA,NA,50,921,0.5
D,+ (1|temp): captures tau,0.4171247033406647,0.2659749495081186,-0.10418619769524778,0.9384356043765771,TRUE,1.4012435498662468,NA,NA,NA,50,921,0.5
E,+ interactions: lumps eps into residual,0.4171247033406647,0.24706540228061202,-0.06712348512933486,0.9013728918106643,TRUE,1.3016218331127072,NA,NA,0.20648329208013888,50,921,0.5
F,+ (1|item:variant:judge:temp): splits eps/rho,0.41712470334066465,0.24585590237060737,-0.06475286530572577,0.8990022719870551,TRUE,1.2952497896154074,0.039234619909304005,0.1009396093366394,NA,50,921,0.5
A,"1 obs/item, naive SE",0.18693127043065552,0.08455665436495548,0.021200227875342786,0.3526623129859683,FALSE,0.4454722775444943,NA,NA,NA,50,922,0.5
B,+ (1|variant): captures phi,0.4651142231330069,0.19271832129140237,0.0873863134018582,0.8428421328641555,TRUE,1.0153035282083422,NA,NA,NA,50,922,0.5
C,+ (1|judge): captures lambda,0.4997357673828528,0.20730136650662614,0.09342508902986557,0.90604644573584,TRUE,1.0921318087777363,NA,NA,NA,50,922,0.5
D,+ (1|temp): captures tau,0.49983466464642934,0.16039362044200153,0.18546316858010636,0.8142061607127523,TRUE,0.8450063680797478,NA,NA,NA,50,922,0.5
E,+ interactions: lumps eps into residual,0.49983466464642934,0.15104293004229705,0.20379052176352713,0.7958788075293315,TRUE,0.7957438543219166,NA,NA,0.21409135696346196,50,922,0.5
F,+ (1|item:variant:judge:temp): splits eps/rho,0.4998346646464292,0.14939924801600793,0.20701213853505368,0.7926571907578048,TRUE,0.7870843965736282,0.037248215728668835,0.10014042630770784,NA,50,922,0.5
A,"1 obs/item, naive SE",0.42450875066556853,0.062081907265659396,0.3028282124248761,0.546189288906261,TRUE,0.32706791478023894,NA,NA,NA,50,923,0.5
B,+ (1|variant): captures phi,0.3842406509365769,0.09914891017568461,0.18990878699223504,0.5785725148809188,TRUE,0.5223490825616462,NA,NA,NA,50,923,0.5
C,+ (1|judge): captures lambda,0.28651127000959414,0.07930745211239082,0.13106866386930813,0.44195387614988013,FALSE,0.41781775289113,NA,NA,NA,50,923,0.5
D,+ (1|temp): captures tau,0.27285278765197396,0.17669126726338166,-0.07346209618425409,0.619167671488202,TRUE,0.9308677340794055,NA,NA,NA,50,923,0.5
E,+ interactions: lumps eps into residual,0.27285278765197396,0.15773424742151054,-0.0363063372941867,0.5820119125981347,TRUE,0.830995915973101,NA,NA,0.20884307025815602,50,923,0.5
F,+ (1|item:variant:judge:temp): splits eps/rho,0.2728527876519739,0.1558332677258937,-0.03258041709077775,0.5782859923947256,TRUE,0.8209809294420912,0.04178332010205955,0.10123159229925716,NA,50,923,0.5
A,"1 obs/item, naive SE",-0.05386756351592183,0.08839979454490318,-0.22713116082393206,0.11939603379208838,FALSE,0.46571920455150234,NA,NA,NA,50,924,0.5
B,+ (1|variant): captures phi,-0.1418472942960644,0.20846027042128476,-0.5504294243217825,0.26673483572965373,FALSE,1.0982372959235496,NA,NA,NA,50,924,0.5
C,+ (1|judge): captures lambda,0.03888986759522897,0.20089807085510314,-0.35487035128077316,0.43265008647123115,FALSE,1.05839714035811,NA,NA,NA,50,924,0.5
D,+ (1|temp): captures tau,0.410426925531178,0.2755393952142437,-0.12963028908873964,0.9504841401510956,TRUE,1.4516321969119137,NA,NA,NA,50,924,0.5
E,+ interactions: lumps eps into residual,0.410426925531178,0.26767176867508397,-0.11420974107198656,0.9350635921343425,TRUE,1.4101829515557545,NA,NA,0.20996451738950453,50,924,0.5
F,+ (1|item:variant:judge:temp): splits eps/rho,0.4104269255311778,0.2664821244870686,-0.1118780384634766,0.9327318895258323,TRUE,1.4039155145351807,0.039569152103268584,0.0987253701183456,NA,50,924,0.5
A,"1 obs/item, naive SE",0.21953573490241263,0.07558223165663838,0.07139456085540141,0.36767690894942384,FALSE,0.39819206579124927,NA,NA,NA,50,925,0.5
B,+ (1|variant): captures phi,-0.14212633493666157,0.12928066527345494,-0.3955164388726332,0.11126376899931009,FALSE,0.6810930829082326,NA,NA,NA,50,925,0.5
C,+ (1|judge): captures lambda,0.28449386346027283,0.28273935289414615,-0.2696752682122536,0.8386629951327993,TRUE,1.4895639430290994,NA,NA,NA,50,925,0.5
D,+ (1|temp): captures tau,0.5764679359567607,0.22830731588035796,0.1289855968312591,1.0239502750822624,TRUE,1.202798061833497,NA,NA,NA,50,925,0.5
E,+ interactions: lumps eps into residual,0.5764679359567607,0.2144600384770214,0.1561262605417988,0.9968096113717226,TRUE,1.129846048192672,NA,NA,0.2086858194939801,50,925,0.5
F,+ (1|item:variant:judge:temp): splits eps/rho,0.5764679359567606,0.21289835685555591,0.15918715651987103,0.9937487153936502,TRUE,1.1216185955582414,0.03780589895350043,0.09896481659844185,NA,50,925,0.5
A,"1 obs/item, naive SE",0.592187311762385,0.08375243150012722,0.4280325460221357,0.7563420775026344,TRUE,0.4412353668727201,NA,NA,NA,50,926,0.5
B,+ (1|variant): captures phi,0.3521633323642746,0.20609474515190035,-0.05178236813345005,0.7561090328619993,TRUE,1.0857749304567996,NA,NA,NA,50,926,0.5
C,+ (1|judge): captures lambda,0.28661059333959193,0.23047486116044447,-0.16512013453487923,0.738341321214063,TRUE,1.2142174035736917,NA,NA,NA,50,926,0.5
D,+ (1|temp): captures tau,0.3939481094183663,0.23223930197151968,-0.06124092244581231,0.8491371412825448,TRUE,1.2235130583344587,NA,NA,NA,50,926,0.5
E,+ interactions: lumps eps into residual,0.3939481094183663,0.2170320715801311,-0.03143475087869069,0.8193309697154232,TRUE,1.1433963648764052,NA,NA,0.20342273287585058,50,926,0.5
F,+ (1|item:variant:judge:temp): splits eps/rho,0.3939481094183664,0.21565152092937057,-0.028728871603199924,0.8166250904399327,TRUE,1.136123169794615,0.037393821582803743,0.09957303080096486,NA,50,926,0.5
A,"1 obs/item, naive SE",0.5281634913961155,0.08353975572268718,0.3644255701796486,0.6919014126125824,TRUE,0.44011492089875986,NA,NA,NA,50,927,0.5
B,+ (1|variant): captures phi,0.21087130229131162,0.19387087861898314,-0.16911561980189532,0.5908582243845186,TRUE,1.0213755794451613,NA,NA,NA,50,927,0.5
C,+ (1|judge): captures lambda,0.352090614050161,0.1652334974825682,0.028232958984327372,0.6759482691159946,TRUE,0.8705044328327698,NA,NA,NA,50,927,0.5
D,+ (1|temp): captures tau,0.4597912981584625,0.1806718594946248,0.10567445354899785,0.8139081427679271,TRUE,0.9518388037195818,NA,NA,NA,50,927,0.5
E,+ interactions: lumps eps into residual,0.4597912981584625,0.15954910536952938,0.14707505163418488,0.7725075446827401,TRUE,0.8405571848004393,NA,NA,0.21461711454944596,50,927,0.5
F,+ (1|item:variant:judge:temp): splits eps/rho,0.4597912981584624,0.157406772378769,0.15127402429607523,0.7683085720208496,TRUE,0.8292706696962151,0.03978753265409567,0.10033153121081671,NA,50,927,0.5
A,"1 obs/item, naive SE",0.6035747070679232,0.07161905432082268,0.4632013605991107,0.7439480535367355,TRUE,0.3773127435503465,NA,NA,NA,50,928,0.5
B,+ (1|variant): captures phi,0.4216983200469448,0.14340513280632725,0.1406242597465434,0.7027723803473462,TRUE,0.7555054253575293,NA,NA,NA,50,928,0.5
C,+ (1|judge): captures lambda,0.2946388987166192,0.13291643890298557,0.034122678466767475,0.555155118966471,TRUE,0.7002475346961746,NA,NA,NA,50,928,0.5
D,+ (1|temp): captures tau,0.29192291209410803,0.18202028844008167,-0.06483685324845201,0.6486826774366681,TRUE,0.9589427710885716,NA,NA,NA,50,928,0.5
E,+ interactions: lumps eps into residual,0.29192291209410803,0.15992138692979221,-0.021523006288284685,0.6053688304765008,TRUE,0.8425184865546729,NA,NA,0.20749688450949058,50,928,0.5
F,+ (1|item:variant:judge:temp): splits eps/rho,0.2919229120941079,0.15848493634136884,-0.018707563134975014,0.6025533873231909,TRUE,0.8349507922080728,0.040130173698140106,0.09917003182816249,NA,50,928,0.5
A,"1 obs/item, naive SE",0.19007068998116025,0.08083982182037364,0.03162463921322792,0.34851674074909256,FALSE,0.42589078072060155,NA,NA,NA,50,929,0.5
B,+ (1|variant): captures phi,0.06415864608835838,0.12821017202526153,-0.18713329108115423,0.31545058325787095,FALSE,0.6754533722438243,NA,NA,NA,50,929,0.5
C,+ (1|judge): captures lambda,0.09345806029474794,0.20210962435716318,-0.30267680344529185,0.48959292403478777,FALSE,1.0647800028540673,NA,NA,NA,50,929,0.5
D,+ (1|temp): captures tau,0.43160389767817453,0.3160248800612922,-0.18780486724195822,1.0510126625983074,TRUE,1.6649230523479168,NA,NA,NA,50,929,0.5
E,+ interactions: lumps eps into residual,0.43160389767817453,0.3053004052420838,-0.16678489659630968,1.0299926919526587,TRUE,1.6084229902409024,NA,NA,0.20510458589067668,50,929,0.5
F,+ (1|item:variant:judge:temp): splits eps/rho,0.43160389767817464,0.3043170720462517,-0.1648575635324787,1.028065358888828,TRUE,1.6032424674113002,0.039548492414982664,0.09858433204257344,NA,50,929,0.5
A,"1 obs/item, naive SE",1.213943654988961,0.07764759420952083,1.0617543703383001,1.366132939639622,FALSE,0.4090730753025359,NA,NA,NA,50,930,0.5
B,+ (1|variant): captures phi,1.0020895769021263,0.13296010713442385,0.7414877669186555,1.2626913868855971,FALSE,0.7004775933078977,NA,NA,NA,50,930,0.5
C,+ (1|judge): captures lambda,0.5875326547872562,0.24679549420407199,0.10381348614727515,1.0712518234272372,TRUE,1.3001998685554885,NA,NA,NA,50,930,0.5
D,+ (1|temp): captures tau,0.43765109591209483,0.2524989932065221,-0.05724693077268844,0.932549122596878,TRUE,1.3302477779681299,NA,NA,NA,50,930,0.5
E,+ interactions: lumps eps into residual,0.43765109591209483,0.24327282372579156,-0.03916363859045663,0.9144658304146462,TRUE,1.2816412813835638,NA,NA,0.21567201272226647,50,930,0.5
F,+ (1|item:variant:judge:temp): splits eps/rho,0.4376510959120945,0.24185267167867625,-0.03638014057811095,0.9116823324023,TRUE,1.2741594531154137,0.040436077139637344,0.09818649741042994,NA,50,930,0.5
A,"1 obs/item, naive SE",-0.5176332310096704,0.08248847760686089,-0.6793106471191177,-0.3559558149002231,FALSE,0.43457644187416977,NA,NA,NA,50,931,0.5
B,+ (1|variant): captures phi,-0.38276637898685334,0.09892100757841309,-0.576651553840543,-0.1888812041331637,FALSE,0.5211484166906118,NA,NA,NA,50,931,0.5
C,+ (1|judge): captures lambda,0.02043351394264764,0.2438227118881626,-0.45745900135815104,0.4983260292434463,FALSE,1.2845382731570192,NA,NA,NA,50,931,0.5
D,+ (1|temp): captures tau,0.28038247893628854,0.2299934729077345,-0.1704047279628711,0.7311696858354482,TRUE,1.2116812918634021,NA,NA,NA,50,931,0.5
E,+ interactions: lumps eps into residual,0.28038247893628854,0.21667839726500168,-0.14430717970311474,0.7050721375756919,TRUE,1.1415330922120248,NA,NA,0.2198354564239621,50,931,0.5
F,+ (1|item:variant:judge:temp): splits eps/rho,0.28038247893628865,0.21511872152236688,-0.14125021524755044,0.7020151731201277,TRUE,1.1333162072072842,0.042292133016693836,0.10064151348254746,NA,50,931,0.5
A,"1 obs/item, naive SE",0.6415667863841279,0.07769465553942737,0.48928526152685026,0.7938483112414055,TRUE,0.409321009873448,NA,NA,NA,50,932,0.5
B,+ (1|variant): captures phi,0.6269452343545066,0.09004951481069044,0.4504481853255533,0.8034422833834598,TRUE,0.47441047373227707,NA,NA,NA,50,932,0.5
C,+ (1|judge): captures lambda,0.6628236711081742,0.1056965533037312,0.45565842663286105,0.8699889155834873,TRUE,0.5568442209833994,NA,NA,NA,50,932,0.5
D,+ (1|temp): captures tau,0.49738296662149034,0.22514777955750484,0.05609331868878087,0.9386726145541998,TRUE,1.1861525848772887,NA,NA,NA,50,932,0.5
E,+ interactions: lumps eps into residual,0.49738296662149034,0.21299467894617835,0.07991339588698076,0.9148525373559999,TRUE,1.1221260520252654,NA,NA,0.2113417109391594,50,932,0.5
F,+ (1|item:variant:judge:temp): splits eps/rho,0.49738296662149023,0.21185583138225095,0.0821455371122784,0.912620396130702,TRUE,1.1161262283344053,0.04110724849248825,0.09973944092281058,NA,50,932,0.5
A,"1 obs/item, naive SE",0.854762200937903,0.07691142060753767,0.7040158165471292,1.005508585328677,FALSE,0.40519467053822095,NA,NA,NA,50,933,0.5
B,+ (1|variant): captures phi,0.4609050263207576,0.14792454556984674,0.17097291700385797,0.7508371356376572,TRUE,0.7793151788541517,NA,NA,NA,50,933,0.5
C,+ (1|judge): captures lambda,0.2705134501419837,0.1581352781025848,-0.039431694939082496,0.5804585952230499,TRUE,0.8331086775553213,NA,NA,NA,50,933,0.5
D,+ (1|temp): captures tau,0.29357198754660585,0.19961646918798767,-0.09767629206184997,0.6848202671550616,TRUE,1.051645241080135,NA,NA,NA,50,933,0.5
E,+ interactions: lumps eps into residual,0.29357198754660585,0.18649002176210802,-0.07194845510712589,0.6590924302003376,TRUE,0.9824907969409855,NA,NA,0.2147875611594236,50,933,0.5
F,+ (1|item:variant:judge:temp): splits eps/rho,0.29357198754660624,0.18454180892518965,-0.06812995794676546,0.6552739330399779,TRUE,0.9722269706801023,0.03786911087099676,0.09761444397432392,NA,50,933,0.5
A,"1 obs/item, naive SE",-0.17934490279906853,0.0717058138687722,-0.319888297981862,-0.038801507616275016,FALSE,0.37776982139613013,NA,NA,NA,50,934,0.5
B,+ (1|variant): captures phi,0.19246082261774383,0.14275629847228383,-0.08734152238793247,0.47226316762342013,FALSE,0.7520871525946564,NA,NA,NA,50,934,0.5
C,+ (1|judge): captures lambda,0.3878188003396088,0.1899225936548119,0.01557051677617749,0.7600670839030401,TRUE,1.0005747151182371,NA,NA,NA,50,934,0.5
D,+ (1|temp): captures tau,0.4353618352127664,0.17763749131042317,0.08719235224433697,0.7835313181811958,TRUE,0.9358527537028598,NA,NA,NA,50,934,0.5
E,+ interactions: lumps eps into residual,0.4353618352127664,0.16996770929390806,0.1022251249967066,0.7684985454288262,TRUE,0.8954458183903525,NA,NA,0.21279202855575094,50,934,0.5
F,+ (1|item:variant:judge:temp): splits eps/rho,0.4353618352127665,0.16846164597284055,0.10517700910599903,0.765546661319534,TRUE,0.8875113812629509,0.04188005057223643,0.10128063072929591,NA,50,934,0.5
A,"1 obs/item, naive SE",0.7012735892030856,0.07809280390827149,0.5482116935428735,0.8543354848632977,FALSE,0.4114185864864499,NA,NA,NA,50,935,0.5
B,+ (1|variant): captures phi,0.45583603019381097,0.13089570085230057,0.19928045652330184,0.7123916038643201,TRUE,0.6896016217456198,NA,NA,NA,50,935,0.5
C,+ (1|judge): captures lambda,0.2716652806649224,0.192450819581465,-0.10553832571474903,0.6488688870445938,TRUE,1.0138942411821725,NA,NA,NA,50,935,0.5
D,+ (1|temp): captures tau,0.5113964628787633,0.2498551300013738,0.021680408076070634,1.001112517681456,TRUE,1.3163190366720265,NA,NA,NA,50,935,0.5
E,+ interactions: lumps eps into residual,0.5113964628787633,0.2401435143413276,0.040715174769761164,0.9820777509877654,TRUE,1.2651550498846,NA,NA,0.20411442361381751,50,935,0.5
F,+ (1|item:variant:judge:temp): splits eps/rho,0.5113964628787632,0.23895263162510103,0.04304930489356518,0.9797436208639612,TRUE,1.258881087889887,0.04090038093453507,0.10056510701054532,NA,50,935,0.5
A,"1 obs/item, naive SE",0.43521492319310806,0.08884658689560483,0.26107561287772263,0.6093542335084935,TRUE,0.46807305366664675,NA,NA,NA,50,936,0.5
B,+ (1|variant): captures phi,0.4568697503009192,0.13749007447872502,0.18738920432261819,0.7263502962792202,TRUE,0.7243429518089358,NA,NA,NA,50,936,0.5
C,+ (1|judge): captures lambda,0.6694543319596381,0.17883626952365644,0.3189352436932715,1.0199734202260047,TRUE,0.9421683117737225,NA,NA,NA,50,936,0.5
D,+ (1|temp): captures tau,0.378452705736641,0.229287436950003,-0.07095067068536487,0.8278560821586469,TRUE,1.2079616621254343,NA,NA,NA,50,936,0.5
E,+ interactions: lumps eps into residual,0.378452705736641,0.2191424021576085,-0.05106640249227162,0.8079718139655536,TRUE,1.1545142807374456,NA,NA,0.22203915859153842,50,936,0.5
F,+ (1|item:variant:judge:temp): splits eps/rho,0.378452705736641,0.21745666160806743,-0.04776235101517112,0.8046677624884532,TRUE,1.1456332448498148,0.0394424862637354,0.09954033794620172,NA,50,936,0.5
A,"1 obs/item, naive SE",-0.07234103091161956,0.08685133256951227,-0.2425696427478636,0.09788758092462449,FALSE,0.4575613973623579,NA,NA,NA,50,937,0.5
B,+ (1|variant): captures phi,0.06516831927941562,0.12423547214873575,-0.17833320613210646,0.30866984469093767,FALSE,0.6545133454671074,NA,NA,NA,50,937,0.5
C,+ (1|judge): captures lambda,0.0755326602685827,0.133109247114093,-0.18536146407503956,0.33642678461220493,FALSE,0.701263311793511,NA,NA,NA,50,937,0.5
D,+ (1|temp): captures tau,0.3330897077683156,0.23553149139831148,-0.12855201537237487,0.7947314309090061,TRUE,1.240857395490124,NA,NA,NA,50,937,0.5
E,+ interactions: lumps eps into residual,0.3330897077683156,0.23125681327726805,-0.12017364625512977,0.7863530617917609,TRUE,1.2183369846170555,NA,NA,0.2121662657252553,50,937,0.5
F,+ (1|item:variant:judge:temp): splits eps/rho,0.33308970776831576,0.23030098253699827,-0.11830021800420082,0.7844796335408324,TRUE,1.2133013537727078,0.034388389954476815,0.0998975817196046,NA,50,937,0.5
A,"1 obs/item, naive SE",0.8417941561612062,0.07963055904151119,0.6857182604398443,0.9978700518825682,FALSE,0.4195199865081841,NA,NA,NA,50,938,0.5
B,+ (1|variant): captures phi,0.8903467023840533,0.09297575088971763,0.7081142306402068,1.0725791741278998,FALSE,0.4898268482393717,NA,NA,NA,50,938,0.5
C,+ (1|judge): captures lambda,0.6174527496254816,0.1657478481153175,0.29258696731945927,0.9423185319315039,TRUE,0.8732142012069813,NA,NA,NA,50,938,0.5
D,+ (1|temp): captures tau,0.5661957254042622,0.19720782481573274,0.17966838876542607,0.9527230620430984,TRUE,1.0389557099916409,NA,NA,NA,50,938,0.5
E,+ interactions: lumps eps into residual,0.5661957254042622,0.18780451840621482,0.19809886932808118,0.9342925814804433,TRUE,0.9894159977814475,NA,NA,0.22283404362220466,50,938,0.5
F,+ (1|item:variant:judge:temp): splits eps/rho,0.5661957254042622,0.1857471235030336,0.20213136333831638,0.930260087470208,TRUE,0.9785769644704463,0.03804731465272656,0.09835084840254381,NA,50,938,0.5
A,"1 obs/item, naive SE",0.6293685804155992,0.0809468260070797,0.470712801441723,0.7880243593894753,TRUE,0.4264545139846095,NA,NA,NA,50,939,0.5
B,+ (1|variant): captures phi,0.8481240499405218,0.10248571958666093,0.6472520395506665,1.0489960603303772,FALSE,0.5399284924756645,NA,NA,NA,50,939,0.5
C,+ (1|judge): captures lambda,0.6169992024878912,0.1483798927123794,0.32617461277162757,0.9078237922041548,TRUE,0.7817140974275131,NA,NA,NA,50,939,0.5
D,+ (1|temp): captures tau,0.44469995235860565,0.14673739896012475,0.15709465039676113,0.7323052543204502,TRUE,0.7730608998978256,NA,NA,NA,50,939,0.5
E,+ interactions: lumps eps into residual,0.44469995235860565,0.11859096223788239,0.2122616663723562,0.6771382383448551,TRUE,0.6247762099986488,NA,NA,0.21665458816191296,50,939,0.5
F,+ (1|item:variant:judge:temp): splits eps/rho,0.44469995235860577,0.11662826507090847,0.21610855281962518,0.6732913518975864,TRUE,0.6144360755211384,0.04001174920987136,0.10017644778911466,NA,50,939,0.5
A,"1 obs/item, naive SE",0.2154653218878769,0.08301427676596224,0.052757339426590916,0.37817330434916285,FALSE,0.43734652485220366,NA,NA,NA,50,940,0.5
B,+ (1|variant): captures phi,0.08838868021866679,0.11744491178390104,-0.14180334687777923,0.31858070731511284,FALSE,0.6187384391129601,NA,NA,NA,50,940,0.5
C,+ (1|judge): captures lambda,0.08475237919008363,0.12939674532693407,-0.16886524165070713,0.33837000003087436,FALSE,0.6817046308247058,NA,NA,NA,50,940,0.5
D,+ (1|temp): captures tau,0.3581885388038812,0.17748405948660262,0.010319782210140072,0.7060572953976223,TRUE,0.9350444243700773,NA,NA,NA,50,940,0.5
E,+ interactions: lumps eps into residual,0.3581885388038812,0.16781939459221012,0.02926252540314933,0.687114552204613,TRUE,0.8841277896646993,NA,NA,0.21826782547293574,50,940,0.5
F,+ (1|item:variant:judge:temp): splits eps/rho,0.35818853880388124,0.16584405752090142,0.03313418606291446,0.6832428915448481,TRUE,0.8737210640121449,0.04278226369293109,0.10091629113012687,NA,50,940,0.5
A,"1 obs/item, naive SE",0.7558101370851759,0.08116546963033952,0.5967258166097105,0.91489445756064125,FALSE,0.4276064005339962,NA,NA,NA,50,941,0.5
B,+ (1|variant): captures phi,0.6440640974389232,0.1937417817455413,0.2643302052176623,1.023797989660184,TRUE,1.0206954546380964,NA,NA,NA,50,941,0.5
C,+ (1|judge): captures lambda,0.49170599205054105,0.19111676084470694,0.11711714079491548,0.8662948433061666,TRUE,1.0068659808009524,NA,NA,NA,50,941,0.5
D,+ (1|temp): captures tau,0.6331645073523251,0.21825642091793876,0.20538192235316516,1.060947092351485,TRUE,1.1498466400453968,NA,NA,NA,50,941,0.5
E,+ interactions: lumps eps into residual,0.6331645073523251,0.20699771792135616,0.22744898022646703,1.0388800344781832,TRUE,1.0905320881186198,NA,NA,0.2069401338952713,50,941,0.5
F,+ (1|item:variant:judge:temp): splits eps/rho,0.633164507352325,0.20552226725237296,0.23034086353767397,1.035988151166976,TRUE,1.0827589285151233,0.039545692358377904,0.09953340395640525,NA,50,941,0.5
A,"1 obs/item, naive SE",0.07734945391199465,0.0864771268042702,-0.09214571462437494,0.24684462244836425,FALSE,0.45558995826315724,NA,NA,NA,50,942,0.5
B,+ (1|variant): captures phi,0.3897207368130887,0.1408913529002068,0.11357368512868343,0.665867788497494,TRUE,0.7422620056830492,NA,NA,NA,50,942,0.5
C,+ (1|judge): captures lambda,0.49832588086237933,0.2015169061796502,0.10335274475026496,0.8932990169744937,TRUE,1.0616573684681432,NA,NA,NA,50,942,0.5
D,+ (1|temp): captures tau,0.5318227558637693,0.19975199563591733,0.1403088444173713,0.9233366673101673,TRUE,1.0523592390011756,NA,NA,NA,50,942,0.5
E,+ interactions: lumps eps into residual,0.5318227558637693,0.1969086085475844,0.14588188311050382,0.9177636286170348,TRUE,1.037379340237522,NA,NA,0.206720191630532,50,942,0.5
F,+ (1|item:variant:judge:temp): splits eps/rho,0.531822755863769,0.19576533167307367,0.14812270578454467,0.9155228059429934,TRUE,1.0313561814810974,0.03735492055246434,0.09922059737808628,NA,50,942,0.5
A,"1 obs/item, naive SE",0.24967022870132208,0.07256189409093852,0.10744891628308256,0.3918915411195616,FALSE,0.38227993368940083,NA,NA,NA,50,943,0.5
B,+ (1|variant): captures phi,0.16893065716605923,0.06888478163219848,0.03391648516695023,0.30394482916516824,FALSE,0.3629076953471391,NA,NA,NA,50,943,0.5
C,+ (1|judge): captures lambda,0.3831263651180295,0.15233961788090097,0.08454071407146357,0.6817120161645954,TRUE,0.8025752325152163,NA,NA,NA,50,943,0.5
D,+ (1|temp): captures tau,0.5039816739504895,0.24748480583397775,0.018911454515893156,0.9890518933850859,TRUE,1.3038313890315316,NA,NA,NA,50,943,0.5
E,+ interactions: lumps eps into residual,0.5039816739504895,0.23768424284410375,0.03812055797604619,0.9698427899249329,TRUE,1.2521987984435234,NA,NA,0.21181212881582567,50,943,0.5
F,+ (1|item:variant:judge:temp): splits eps/rho,0.5039816739504894,0.23634507021924964,0.04074533632076016,0.9672180115802187,TRUE,1.24514359641715,0.04172259580155129,0.10026079362308321,NA,50,943,0.5
A,"1 obs/item, naive SE",0.7231223520173214,0.0856676604606691,0.5552137375144099,0.891030966520233,FALSE,0.45132542321990415,NA,NA,NA,50,944,0.5
B,+ (1|variant): captures phi,0.20475846767746544,0.2217259724537792,-0.2298244383319418,0.6393413736868727,TRUE,1.1681253791503987,NA,NA,NA,50,944,0.5
C,+ (1|judge): captures lambda,0.5043799627979698,0.2976603513997049,-0.07903432594545179,1.0877942515413914,TRUE,1.568172672731443,NA,NA,NA,50,944,0.5
D,+ (1|temp): captures tau,0.45275359682841154,0.2665247741747273,-0.06963496055405394,0.975142154210877,TRUE,1.4041402071231335,NA,NA,NA,50,944,0.5
E,+ interactions: lumps eps into residual,0.45275359682841154,0.2596355672489474,-0.056132114979525305,0.9616393086363484,TRUE,1.3678455982274624,NA,NA,0.20925279146901019,50,944,0.5
F,+ (1|item:variant:judge:temp): splits eps/rho,0.4527535968284114,0.25843384149767534,-0.05377673250703224,0.959283926163855,TRUE,1.3615145115563596,0.03943229894496894,0.09855264624487464,NA,50,944,0.5
A,"1 obs/item, naive SE",0.13879688954385525,0.07766567698737879,-0.01342783735140718,0.29102161643911767,FALSE,0.40916834132621216,NA,NA,NA,50,945,0.5
B,+ (1|variant): captures phi,-0.15196960114526198,0.12020568623935815,-0.38757274617440396,0.08363354388388,FALSE,0.6332831073439308,NA,NA,NA,50,945,0.5
C,+ (1|judge): captures lambda,0.11771516425066081,0.2140180556245821,-0.3017602247735201,0.5371905532748418,TRUE,1.1275175370968813,NA,NA,NA,50,945,0.5
D,+ (1|temp): captures tau,0.32154994611193266,0.24199429736589817,-0.15275887672522775,0.795858768949093,TRUE,1.2749055838359273,NA,NA,NA,50,945,0.5
E,+ interactions: lumps eps into residual,0.32154994611193266,0.22351815355490473,-0.11654563485568059,0.7596455270795459,TRUE,1.1775671788867594,NA,NA,0.21755986750185966,50,945,0.5
F,+ (1|item:variant:judge:temp): splits eps/rho,0.3215499461119327,0.22195266283266976,-0.11347727304010002,0.7565771652639655,TRUE,1.1693196586561363,0.03989828790463524,0.1007618722223974,NA,50,945,0.5
A,"1 obs/item, naive SE",0.7270176353513488,0.0695337737459635,0.5907314388092603,0.8633038318934373,FALSE,0.366326799345501,NA,NA,NA,50,946,0.5
B,+ (1|variant): captures phi,0.3854160953836146,0.1648095527862545,0.06238937192255578,0.7084428188446734,TRUE,0.868270952678687,NA,NA,NA,50,946,0.5
C,+ (1|judge): captures lambda,0.5774595683438738,0.19280567975247523,0.19956043602902235,0.9553587006587252,TRUE,1.0157637613255248,NA,NA,NA,50,946,0.5
D,+ (1|temp): captures tau,0.6472312003873113,0.19961965337573778,0.25597667977086525,1.0384857210037572,TRUE,1.051662016428921,NA,NA,NA,50,946,0.5
E,+ interactions: lumps eps into residual,0.6472312003873113,0.18532958883115913,0.2839852062782394,1.0104771944963833,TRUE,0.9763772544342507,NA,NA,0.21730487417897068,50,946,0.5
F,+ (1|item:variant:judge:temp): splits eps/rho,0.6472312003873112,0.18378489046597346,0.2870128150740032,1.0074495857006192,TRUE,0.9682392751820381,0.03874008513234822,0.0979738782685691,NA,50,946,0.5
A,"1 obs/item, naive SE",0.2019516775288403,0.0762091679136987,0.05258170841799087,0.35132164663968973,FALSE,0.4014949722792764,NA,NA,NA,50,947,0.5
B,+ (1|variant): captures phi,0.06842316585074756,0.07239395053184625,-0.07346897719167109,0.21031530889316621,FALSE,0.381395151760295,NA,NA,NA,50,947,0.5
C,+ (1|judge): captures lambda,0.15274624407565052,0.107421467600126,-0.05779983242059644,0.3632923205718975,FALSE,0.5659316370591058,NA,NA,NA,50,947,0.5
D,+ (1|temp): captures tau,0.5155513383008937,0.2434333112140073,0.03842204832143942,0.992680628280348,TRUE,1.2824867822779618,NA,NA,NA,50,947,0.5
E,+ interactions: lumps eps into residual,0.5155513383008937,0.23597809784061202,0.05303426653329418,0.9780684100684933,TRUE,1.2432102651786405,NA,NA,0.21610207665129405,50,947,0.5
F,+ (1|item:variant:judge:temp): splits eps/rho,0.5155513383008938,0.2345488301737316,0.05583563116037993,0.9752670454414077,TRUE,1.2356804128261827,0.042089521676107695,0.10010053480611558,NA,50,947,0.5
A,"1 obs/item, naive SE",0.5514008025370267,0.0983452754434372,0.35864406266788984,0.7441575424061636,TRUE,0.5181152703658258,NA,NA,NA,50,948,0.5
B,+ (1|variant): captures phi,0.34377856130329115,0.17944643638175045,-0.007936454004939753,0.695493576611522,TRUE,0.9453828715502262,NA,NA,NA,50,948,0.5
C,+ (1|judge): captures lambda,0.5272121002478902,0.19581183489641124,0.1434209038509242,0.9110032966448562,TRUE,1.031601175762966,NA,NA,NA,50,948,0.5
D,+ (1|temp): captures tau,0.7708546035106028,0.211889339519144,0.35555149805308056,1.186157708968125,TRUE,1.116302760225007,NA,NA,NA,50,948,0.5
E,+ interactions: lumps eps into residual,0.7708546035106028,0.19245992075472518,0.3936331588313414,1.1480760481898642,TRUE,1.0139421891575389,NA,NA,0.21703650203531652,50,948,0.5
F,+ (1|item:variant:judge:temp): splits eps/rho,0.7708546035106026,0.19064616602071113,0.3971881181100088,1.1445210889111965,TRUE,1.004386732424577,0.040891207583693356,0.10028842429618866,NA,50,948,0.5
A,"1 obs/item, naive SE",0.9667823881903936,0.07494953750903109,0.8198812946726927,1.1136834817080945,FALSE,0.39485882484125606,NA,NA,NA,50,949,0.5
B,+ (1|variant): captures phi,0.8640931564902611,0.10990349150782373,0.6486823131349266,1.0795039998455955,FALSE,0.5790077556849657,NA,NA,NA,50,949,0.5
C,+ (1|judge): captures lambda,0.8577016106632124,0.08460531285080489,0.6918751974756348,1.02352802385079,FALSE,0.4457286264584384,NA,NA,NA,50,949,0.5
D,+ (1|temp): captures tau,0.9776030631633541,0.16024981840309332,0.6635134190932912,1.291692707233417,FALSE,0.8442487716224484,NA,NA,NA,50,949,0.5
E,+ interactions: lumps eps into residual,0.9776030631633541,0.13171101860603668,0.7194494666955222,1.235756659631186,FALSE,0.6938969839428003,NA,NA,0.21607183232172666,50,949,0.5
F,+ (1|item:variant:judge:temp): splits eps/rho,0.977603063163354,0.12905772159972037,0.724649928827902,1.230556197498806,FALSE,0.679918542278065,0.03841547744314471,0.10068731481467046,NA,50,949,0.5
A,"1 obs/item, naive SE",-0.23143234504761395,0.09330251855959501,-0.41430528142442014,-0.04855940867080774,FALSE,0.49154836784325656,NA,NA,NA,50,950,0.5
B,+ (1|variant): captures phi,0.03637397858359123,0.17934095986828397,-0.3151343027582454,0.3878822599254278,FALSE,0.9448271865715069,NA,NA,NA,50,950,0.5
C,+ (1|judge): captures lambda,0.2033001456338028,0.25137775855210043,-0.2894002611283141,0.6960005523959196,TRUE,1.3243407448798619,NA,NA,NA,50,950,0.5
D,+ (1|temp): captures tau,0.49165978891372447,0.2580421246753737,-0.014102775450007987,0.9974223532774569,TRUE,1.3594508184467664,NA,NA,NA,50,950,0.5
E,+ interactions: lumps eps into residual,0.49165978891372447,0.25288231354103546,-0.0039895456267050045,0.987309123454154,TRUE,1.332267235617291,NA,NA,0.20747814307577203,50,950,0.5
F,+ (1|item:variant:judge:temp): splits eps/rho,0.49165978891372436,0.2517169518377481,-0.001705436688261952,0.9850250145157107,TRUE,1.326127726716124,0.03941233744556118,0.10120894530001888,NA,50,950,0.5
A,"1 obs/item, naive SE",0.7345835946296102,0.08039214303832994,0.5770149942744836,0.8921521949847369,FALSE,0.4235322615934777,NA,NA,NA,50,951,0.5
B,+ (1|variant): captures phi,0.6438763102211323,0.13790864994640217,0.3735753563261841,0.9141772641160806,TRUE,0.7265481450998812,NA,NA,NA,50,951,0.5
C,+ (1|judge): captures lambda,0.6416444736778449,0.12360354114912332,0.39938153302556323,0.8839074143301267,TRUE,0.6511841250318559,NA,NA,NA,50,951,0.5
D,+ (1|temp): captures tau,0.5806346081270011,0.16524417222612844,0.2567560305637893,0.9045131856902129,TRUE,0.8705606708942412,NA,NA,NA,50,951,0.5
E,+ interactions: lumps eps into residual,0.5806346081270011,0.1559780916470833,0.27491754849871786,0.8863516677552843,TRUE,0.821743909511487,NA,NA,0.21441601791423978,50,951,0.5
F,+ (1|item:variant:judge:temp): splits eps/rho,0.5806346081270011,0.15386088198834835,0.27906727942983833,0.8822019368241638,TRUE,0.810589752386903,0.040602751900627704,0.10000758351876587,NA,50,951,0.5
A,"1 obs/item, naive SE",0.9742352792230262,0.09401699391099545,0.7899619711574751,1.1585085872885772,FALSE,0.4953124590839534,NA,NA,NA,50,952,0.5
B,+ (1|variant): captures phi,1.2087361074521836,0.31276997018658204,0.5957069658864829,1.8217652490178844,FALSE,1.6477751161390057,NA,NA,NA,50,952,0.5
C,+ (1|judge): captures lambda,1.0536840054509837,0.2970232711177394,0.47151839406021445,1.6358496168417531,TRUE,1.5648163241824458,NA,NA,NA,50,952,0.5
D,+ (1|temp): captures tau,0.7167709293471632,0.285824263940612,0.15655537202356373,1.2769864866707628,TRUE,1.5058162694747501,NA,NA,NA,50,952,0.5
E,+ interactions: lumps eps into residual,0.7167709293471632,0.27124995146476866,0.1851210244762167,1.2484208342181098,TRUE,1.429033995849815,NA,NA,0.2161424304448649,50,952,0.5
F,+ (1|item:variant:judge:temp): splits eps/rho,0.7167709293471631,0.27008380034564666,0.18740668066969568,1.2461351780246306,TRUE,1.4228903280462835,0.04377772207941019,0.10005773066702692,NA,50,952,0.5
A,"1 obs/item, naive SE",0.582404079204264,0.09397269203082331,0.39821760282385027,0.7665905555846777,TRUE,0.4950790622022058,NA,NA,NA,50,953,0.5
B,+ (1|variant): captures phi,0.17258615276087497,0.16696070660620804,-0.15465683218729281,0.49982913770904275,FALSE,0.8796039388134885,NA,NA,NA,50,953,0.5
C,+ (1|judge): captures lambda,0.2148468941524416,0.2925930758254745,-0.35863553446548835,0.7883293227703716,TRUE,1.5414765976803282,NA,NA,NA,50,953,0.5
D,+ (1|temp): captures tau,0.40924506290952306,0.28775530268925553,-0.1547553303614178,0.973245456180464,TRUE,1.5159896169876743,NA,NA,NA,50,953,0.5
E,+ interactions: lumps eps into residual,0.40924506290952306,0.27642686871160516,-0.13255159976522307,0.9510417255842691,TRUE,1.4563076993084918,NA,NA,0.21631238756472876,50,953,0.5
F,+ (1|item:variant:judge:temp): splits eps/rho,0.40924506290952317,0.27527176246525387,-0.1302875915223744,0.9487777173414207,TRUE,1.4502222195288987,0.04281907564512877,0.10181676447974171,NA,50,953,0.5
A,"1 obs/item, naive SE",0.4443576992433988,0.08461022530142678,0.2785216576526023,0.6101937408341953,TRUE,0.4457545068646973,NA,NA,NA,50,954,0.5
B,+ (1|variant): captures phi,0.7727015672330082,0.15649196613399807,0.465977313610372,1.0794258208556444,TRUE,0.8244511693927721,NA,NA,NA,50,954,0.5
C,+ (1|judge): captures lambda,0.5049096650939636,0.17976831497961956,0.15256376773390928,0.8572555624540179,TRUE,0.9470786339140811,NA,NA,NA,50,954,0.5
D,+ (1|temp): captures tau,0.6008090440841302,0.23368984176643828,0.1427769542219111,1.0588411339463493,TRUE,1.2311549792567595,NA,NA,NA,50,954,0.5
E,+ interactions: lumps eps into residual,0.6008090440841302,0.22405758464285558,0.16165617818413325,1.039961909984127,TRUE,1.1804090793513946,NA,NA,0.20833430803534317,50,954,0.5
F,+ (1|item:variant:judge:temp): splits eps/rho,0.6008090440841302,0.2225810203826019,0.16455024413423042,1.03706784403403,TRUE,1.1726300529826714,0.037409402135250874,0.09825600777910763,NA,50,954,0.5
A,"1 obs/item, naive SE",0.029806588736406098,0.09288717129539478,-0.15225226700256766,0.21186544447537986,FALSE,0.48936018179042906,NA,NA,NA,50,955,0.5
B,+ (1|variant): captures phi,-0.10791196180330183,0.11201262919717216,-0.32745671502975926,0.11163279142315559,FALSE,0.590119387018837,NA,NA,NA,50,955,0.5
C,+ (1|judge): captures lambda,0.2309826736617183,0.21161743160923197,-0.18378749229237637,0.645752839615813,TRUE,1.114870259887564,NA,NA,NA,50,955,0.5
D,+ (1|temp): captures tau,0.4781322611914795,0.19969266417101836,0.08673463941628351,0.8695298829666755,TRUE,1.0520466613217831,NA,NA,NA,50,955,0.5
E,+ interactions: lumps eps into residual,0.4781322611914795,0.18380249297206197,0.11787937496623807,0.838385147416721,TRUE,0.9683320109760053,NA,NA,0.2181652939536643,50,955,0.5
F,+ (1|item:variant:judge:temp): splits eps/rho,0.47813226119147945,0.1819141417290415,0.12158054340255814,0.8346839789804008,TRUE,0.9583835552885136,0.04052661920761847,0.10121045785701832,NA,50,955,0.5
A,"1 obs/item, naive SE",0.35553216578125607,0.07820027656672433,0.20225962371047637,0.5088047078520358,TRUE,0.41198478781376485,NA,NA,NA,50,956,0.5
B,+ (1|variant): captures phi,-0.03791612517014745,0.14941677229956876,-0.33077299887730216,0.2549407485370073,FALSE,0.7871767202655813,NA,NA,NA,50,956,0.5
C,+ (1|judge): captures lambda,0.08195582303599346,0.15522980751227508,-0.2222945996880657,0.38620624576005264,FALSE,0.8178017024754246,NA,NA,NA,50,956,0.5
D,+ (1|temp): captures tau,0.3335665180190463,0.15989742894454728,0.020167557287733617,0.6469654787503589,TRUE,0.8423922680053157,NA,NA,NA,50,956,0.5
E,+ interactions: lumps eps into residual,0.3335665180190463,0.1412633927949868,0.05669026814087219,0.6104427678972204,TRUE,0.744222034264002,NA,NA,0.21330954417504452,50,956,0.5
F,+ (1|item:variant:judge:temp): splits eps/rho,0.33356651801904624,0.13976244217929265,0.05963213134763268,0.6075009046904598,TRUE,0.7363145325507815,0.04198032002828315,0.09896232104556395,NA,50,956,0.5
A,"1 obs/item, naive SE",0.7357891566341377,0.08587339632860176,0.5674772998300782,0.9041010134381972,FALSE,0.45240930746708574,NA,NA,NA,50,957,0.5
B,+ (1|variant): captures phi,0.7728011571341062,0.14970577863511758,0.4793778310092758,1.0662244832589367,TRUE,0.7886993007353105,NA,NA,NA,50,957,0.5
C,+ (1|judge): captures lambda,0.7558968229820343,0.1604666601582996,0.4413821690717671,1.0704114768923016,TRUE,0.845391165338046,NA,NA,NA,50,957,0.5
D,+ (1|temp): captures tau,0.7198304363093703,0.22904345003607315,0.2709052742386669,1.1687555983800737,TRUE,1.2066762587818929,NA,NA,NA,50,957,0.5
E,+ interactions: lumps eps into residual,0.7198304363093703,0.2160115520107201,0.2964477943683589,1.1432130782503815,TRUE,1.1380199319950604,NA,NA,0.20551520396465944,50,957,0.5
F,+ (1|item:variant:judge:temp): splits eps/rho,0.7198304363093702,0.2146693207919331,0.2990785675571813,1.1405823050615589,TRUE,1.130948616289455,0.04086078336936426,0.10182536780960205,NA,50,957,0.5
A,"1 obs/item, naive SE",0.20183271287367974,0.07355680663087959,0.057661371877155754,0.3460040538702037,FALSE,0.3875214603138129,NA,NA,NA,50,958,0.5
B,+ (1|variant): captures phi,0.4016812917614254,0.12003256803288212,0.16641745841697647,0.6369451251058744,TRUE,0.6323710636697518,NA,NA,NA,50,958,0.5
C,+ (1|judge): captures lambda,0.6971527163742774,0.19330446036772442,0.3182759740535376,1.0760294586950172,TRUE,1.0183915017244187,NA,NA,NA,50,958,0.5
D,+ (1|temp): captures tau,0.5927413671635271,0.18276928494091935,0.2345135686793252,0.950969165647729,TRUE,0.9628887311032727,NA,NA,NA,50,958,0.5
E,+ interactions: lumps eps into residual,0.5927413671635271,0.16454533417003497,0.27023251219025857,0.9152502221367956,TRUE,0.8668789620704854,NA,NA,0.2043365053495186,50,958,0.5
F,+ (1|item:variant:judge:temp): splits eps/rho,0.5927413671635271,0.1628626357636185,0.27353060106683486,0.9119521332602194,TRUE,0.8580139531938156,0.043205716163187746,0.09995469711233423,NA,50,958,0.5
A,"1 obs/item, naive SE",0.49749741133357167,0.09276605710409899,0.31567593940953764,0.6793188832576057,TRUE,0.4887221123795152,NA,NA,NA,50,959,0.5
B,+ (1|variant): captures phi,0.16006673019339432,0.12804138634111156,-0.09089438703518435,0.41102784742197296,FALSE,0.6745641537228234,NA,NA,NA,50,959,0.5
C,+ (1|judge): captures lambda,0.5838733793018871,0.25672882979713063,0.0806848728995111,1.087061885704263,TRUE,1.352531948904301,NA,NA,NA,50,959,0.5
D,+ (1|temp): captures tau,0.480631009560533,0.27605318813461227,-0.060433239183307064,1.021695258304373,TRUE,1.4543390270737948,NA,NA,NA,50,959,0.5
E,+ interactions: lumps eps into residual,0.480631009560533,0.260567787826929,-0.03008185458024787,0.9913438737013138,TRUE,1.3727568429682364,NA,NA,0.21969362535702938,50,959,0.5
F,+ (1|item:variant:judge:temp): splits eps/rho,0.4806310095605328,0.2592191911352486,-0.027438605064554478,0.98870062418562,TRUE,1.365651991856946,0.03876326145544583,0.10214954906396664,NA,50,959,0.5
A,"1 obs/item, naive SE",1.007928461055099,0.09113022654102225,0.8293132170346953,1.1865437050755026,FALSE,0.480104018722859,NA,NA,NA,50,960,0.5
B,+ (1|variant): captures phi,0.42922693378870136,0.21468249769951797,0.008449238297646156,0.8500046292797565,TRUE,1.131018036574315,NA,NA,NA,50,960,0.5
C,+ (1|judge): captures lambda,0.5102451885641407,0.21122417267644825,0.09624581011830213,0.9242445670099793,TRUE,1.1127984424325383,NA,NA,NA,50,960,0.5
D,+ (1|temp): captures tau,0.3341860450895922,0.2682663375862861,-0.1916159765795285,0.859988066758713,TRUE,1.413315336215715,NA,NA,NA,50,960,0.5
E,+ interactions: lumps eps into residual,0.3341860450895922,0.25557750364179627,-0.16674586204832847,0.835117952227513,TRUE,1.3464663838879787,NA,NA,0.2216069995360011,50,960,0.5
F,+ (1|item:variant:judge:temp): splits eps/rho,0.33418604508959215,0.25415019924361226,-0.1639483454278879,0.8323204356070721,TRUE,1.3389468746810034,0.040175438351546904,0.10070395926200841,NA,50,960,0.5
A,"1 obs/item, naive SE",0.5751503223186717,0.10391670111844604,0.37147358812651743,0.778827056510826,TRUE,0.547467374032367,NA,NA,NA,50,961,0.5
B,+ (1|variant): captures phi,0.546713515683345,0.21055001913327745,0.13403547818212125,0.9593915531845688,TRUE,1.1092467797450012,NA,NA,NA,50,961,0.5
C,+ (1|judge): captures lambda,0.862855852990612,0.27166185798510606,0.3303986113398041,1.3953130946414198,TRUE,1.4312040549318379,NA,NA,NA,50,961,0.5
D,+ (1|temp): captures tau,0.6877690797797701,0.23484726947610168,0.2274684316066108,1.1480697279529295,TRUE,1.2372526892689304,NA,NA,NA,50,961,0.5
E,+ interactions: lumps eps into residual,0.6877690797797701,0.22069671960692006,0.2552035093502068,1.1203346502093334,TRUE,1.1627029364898773,NA,NA,0.2160804092947704,50,961,0.5
F,+ (1|item:variant:judge:temp): splits eps/rho,0.6877690797797701,0.21911544239587333,0.25830281268385835,1.117235346875682,TRUE,1.1543722478418394,0.040283452760661455,0.09950816677019873,NA,50,961,0.5
A,"1 obs/item, naive SE",1.0832226365202233,0.0850867357031382,0.9164526345420725,1.2499926384983742,FALSE,0.44826492045092836,NA,NA,NA,50,962,0.5
B,+ (1|variant): captures phi,0.6893954540686313,0.1469357061631249,0.4014014699889065,0.9773894381483561,TRUE,0.7741056474938299,NA,NA,NA,50,962,0.5
C,+ (1|judge): captures lambda,0.6783057329616243,0.17668016321672184,0.33201261305684954,1.0245988528663992,TRUE,0.9308092343079486,NA,NA,NA,50,962,0.5
D,+ (1|temp): captures tau,0.7678694592465282,0.16043058764232615,0.45342550746756893,1.0823134110254875,TRUE,0.8452011234546705,NA,NA,NA,50,962,0.5
E,+ interactions: lumps eps into residual,0.7678694592465282,0.14232940373153763,0.4889038279327144,1.0468350905603419,TRUE,0.7498381306358265,NA,NA,0.21771313213112295,50,962,0.5
F,+ (1|item:variant:judge:temp): splits eps/rho,0.767869459246528,0.13986820466317718,0.49372777810670077,1.0420111403863555,TRUE,0.7368717241157582,0.03830745297406604,0.10175751808339165,NA,50,962,0.5
A,"1 obs/item, naive SE",0.8118476933632677,0.0846975684950433,0.6458404591129828,0.9778549276135525,FALSE,0.44621465954789624,NA,NA,NA,50,963,0.5
B,+ (1|variant): captures phi,0.6119884838214151,0.15454102110948553,0.3090880824468235,0.9148888851960068,TRUE,0.8141729490686495,NA,NA,NA,50,963,0.5
C,+ (1|judge): captures lambda,0.6313964572821402,0.20603077269367814,0.22757614280253108,1.0352167717617493,TRUE,1.0854379024975171,NA,NA,NA,50,963,0.5
D,+ (1|temp): captures tau,0.49764787405862954,0.21360338440959264,0.07898524061582796,0.9163105075014311,TRUE,1.125332912693742,NA,NA,NA,50,963,0.5
E,+ interactions: lumps eps into residual,0.49764787405862954,0.1995346195664822,0.10656001970832446,0.8887357284089346,TRUE,1.0512140303424107,NA,NA,0.2112730783553324,50,963,0.5
F,+ (1|item:variant:judge:temp): splits eps/rho,0.49764787405862954,0.19799851757480788,0.10957077961200612,0.885724968505253,TRUE,1.0431213396143892,0.03889813922668031,0.10384346260975165,NA,50,963,0.5
A,"1 obs/item, naive SE",0.3740513644469977,0.07875728272234331,0.21968709031120484,0.5284156385827906,TRUE,0.4149192795177404,NA,NA,NA,50,964,0.5
B,+ (1|variant): captures phi,0.7050664883873454,0.135503743686688,0.43947915076143695,0.9706538260132539,TRUE,0.713878307618233,NA,NA,NA,50,964,0.5
C,+ (1|judge): captures lambda,0.6060733887276227,0.13426664942633884,0.3429107558519986,0.8692360216032469,TRUE,0.7073608880037294,NA,NA,NA,50,964,0.5
D,+ (1|temp): captures tau,0.5882929608971809,0.204327779915065,0.18781051226365347,0.9887754095307082,TRUE,1.0764659761904962,NA,NA,NA,50,964,0.5
E,+ interactions: lumps eps into residual,0.5882929608971809,0.1877573281818651,0.22028859766072528,0.9562973241336364,TRUE,0.9891673841521976,NA,NA,0.21571016613391422,50,964,0.5
F,+ (1|item:variant:judge:temp): splits eps/rho,0.5882929608971811,0.18587926526615295,0.22396960097552132,0.9526163208188408,TRUE,0.9792731307582165,0.04026211604174441,0.09833319532384233,NA,50,964,0.5
A,"1 obs/item, naive SE",0.12043021956743814,0.09671728185382181,-0.0691356528660526,0.30999609200092887,FALSE,0.509538464464026,NA,NA,NA,50,965,0.5
B,+ (1|variant): captures phi,0.11439165234043207,0.09394310119207096,-0.069736825996027,0.29852013067689115,FALSE,0.4949231679271489,NA,NA,NA,50,965,0.5
C,+ (1|judge): captures lambda,0.08560186575903965,0.13939574718367317,-0.18761379872095973,0.35881753023903906,FALSE,0.7343826626572811,NA,NA,NA,50,965,0.5
D,+ (1|temp): captures tau,0.32910461586094114,0.21647301466341665,-0.09518249287935548,0.7533917246012378,TRUE,1.1404510690882004,NA,NA,NA,50,965,0.5
E,+ interactions: lumps eps into residual,0.32910461586094114,0.2069373493657604,-0.07649258889594923,0.7347018206178315,TRUE,1.0902140467041943,NA,NA,0.21556749165918274,50,965,0.5
F,+ (1|item:variant:judge:temp): splits eps/rho,0.32910461586094103,0.20527236862326437,-0.07322922664065712,0.7314384583625392,TRUE,1.0814423803108417,0.03885531100114551,0.09833513927237275,NA,50,965,0.5
A,"1 obs/item, naive SE",0.18156690687525584,0.0819327384383311,0.02097873953612689,0.3421550742143848,FALSE,0.4316486250750669,NA,NA,NA,50,966,0.5
B,+ (1|variant): captures phi,0.025866715351588257,0.11753686891470738,-0.2045055477212382,0.25623897842441473,FALSE,0.6192228995354355,NA,NA,NA,50,966,0.5
C,+ (1|judge): captures lambda,0.050111972687370616,0.10745831665630488,-0.16050632795898695,0.26073027333372817,FALSE,0.5661257700117948,NA,NA,NA,50,966,0.5
D,+ (1|temp): captures tau,0.38090502868637466,0.19543851480391058,-0.0021544603292900644,0.7639645177020393,TRUE,1.029634402679187,NA,NA,NA,50,966,0.5
E,+ interactions: lumps eps into residual,0.38090502868637466,0.18948817687941702,0.009508202002717292,0.752301855370032,TRUE,0.9982860646058431,NA,NA,0.21350147333062203,50,966,0.5
F,+ (1|item:variant:judge:temp): splits eps/rho,0.38090502868637466,0.18825450523727957,0.01192619842130671,0.7498838589514426,TRUE,0.9917866764702501,0.03890831931434406,0.10061521314111369,NA,50,966,0.5
A,"1 obs/item, naive SE",-0.16025242781412266,0.08864635530104178,-0.3339992842041646,0.013494428575919232,FALSE,0.4670181677426912,NA,NA,NA,50,967,0.5
B,+ (1|variant): captures phi,0.12462512054350089,0.11559682623101838,-0.10194465886929513,0.35119489995629694,FALSE,0.6090021163300554,NA,NA,NA,50,967,0.5
C,+ (1|judge): captures lambda,0.3881480546342323,0.18133715828930494,0.03272722438719461,0.74356888488127,TRUE,0.9553438166785216,NA,NA,NA,50,967,0.5
D,+ (1|temp): captures tau,0.48431094635314403,0.178775307500812,0.13391134365155255,0.8347105490547355,TRUE,0.9418471437785577,NA,NA,NA,50,967,0.5
E,+ interactions: lumps eps into residual,0.48431094635314403,0.1687551500863988,0.15355085218380238,0.8150710405224857,TRUE,0.8890576575071736,NA,NA,0.20584160019747208,50,967,0.5
F,+ (1|item:variant:judge:temp): splits eps/rho,0.48431094635314403,0.16694843849920962,0.15709200689469316,0.8115298858115949,TRUE,0.8795393063891478,0.039217193176498244,0.10107151740478917,NA,50,967,0.5
A,"1 obs/item, naive SE",1.6224829252013815,0.07782365622895276,1.469948558992634,1.775017291410129,FALSE,0.4100006279519928,NA,NA,NA,50,968,0.5
B,+ (1|variant): captures phi,1.369536401877221,0.18096485064495552,1.0148452946131081,1.7242275091413337,FALSE,0.9533823775047374,NA,NA,NA,50,968,0.5
C,+ (1|judge): captures lambda,0.7378311939813887,0.37676420869061533,-6.26655052217262e-4,1.4762890430149946,TRUE,1.9849178211125873,NA,NA,NA,50,968,0.5
D,+ (1|temp): captures tau,0.5576599654788263,0.32044105359542374,-0.07040449956820416,1.1857244305258567,TRUE,1.688188907614497,NA,NA,NA,50,968,0.5
E,+ interactions: lumps eps into residual,0.5576599654788263,0.30613869199887056,-0.04237187083895999,1.1576918017966127,TRUE,1.6128393607038278,NA,NA,0.22355823695231478,50,968,0.5
F,+ (1|item:variant:judge:temp): splits eps/rho,0.5576599654788262,0.3049664814490898,-0.04007433816138972,1.1553942691190422,TRUE,1.6066637698258028,0.03859486716606393,0.1035512647404225,NA,50,968,0.5
A,"1 obs/item, naive SE",0.2658476831728839,0.0838975135389354,0.1014085566365705,0.43028680970919725,FALSE,0.44199970679066114,NA,NA,NA,50,969,0.5
B,+ (1|variant): captures phi,0.27185783512921763,0.12182070831387837,0.03308924683401604,0.5106264234244192,TRUE,0.6417915750360883,NA,NA,NA,50,969,0.5
C,+ (1|judge): captures lambda,0.3583202396682273,0.1986107570685815,-0.030956844186192434,0.747597323522647,TRUE,1.0463468187176288,NA,NA,NA,50,969,0.5
D,+ (1|temp): captures tau,0.3763046731049671,0.2006020070676625,-0.01687526074765139,0.7694846069575856,TRUE,1.0568373789096452,NA,NA,NA,50,969,0.5
E,+ interactions: lumps eps into residual,0.3763046731049671,0.19124440247982571,0.0014656442445087348,0.7511437019654255,TRUE,1.0075384389337025,NA,NA,0.2101575109245639,50,969,0.5
F,+ (1|item:variant:judge:temp): splits eps/rho,0.376304673104967,0.18989819746810946,0.004104206067472471,0.7485051401424616,TRUE,1.000446187979417,0.038438443651607826,0.09923031037203764,NA,50,969,0.5
A,"1 obs/item, naive SE",0.32081026827290904,0.09108820355280348,0.14227738930941422,0.49934314723640383,FALSE,0.4798826277937638,NA,NA,NA,50,970,0.5
B,+ (1|variant): captures phi,0.5022313991226275,0.1360703169510513,0.23553357789856694,0.768929220346688,TRUE,0.7168632019990157,NA,NA,NA,50,970,0.5
C,+ (1|judge): captures lambda,0.39873031130901887,0.15160578086867457,0.1015829808064167,0.695877641811621,TRUE,0.7987091376745667,NA,NA,NA,50,970,0.5
D,+ (1|temp): captures tau,0.5680456425054422,0.20628960103647737,0.16371802447394657,0.9723732605369378,TRUE,1.086801495371736,NA,NA,NA,50,970,0.5
E,+ interactions: lumps eps into residual,0.5680456425054422,0.19128733888687205,0.193122458287173,0.9429688267237114,TRUE,1.007764642053731,NA,NA,0.21774818356463654,50,970,0.5
F,+ (1|item:variant:judge:temp): splits eps/rho,0.5680456425054422,0.1894338366653641,0.1967553226413286,0.9393359623695559,TRUE,0.9979997824782185,0.04081606182412888,0.10042768925953874,NA,50,970,0.5
A,"1 obs/item, naive SE",0.7789542214568942,0.0834831386730321,0.6153272696577513,0.9425811732560371,FALSE,0.43981664365201784,NA,NA,NA,50,971,0.5
B,+ (1|variant): captures phi,0.5330534155589598,0.1308558900835587,0.27657587099518477,0.7895309601227348,TRUE,0.689391885516633,NA,NA,NA,50,971,0.5
C,+ (1|judge): captures lambda,0.16322235998591927,0.24913832441148556,-0.32508875586059244,0.6515334758324309,TRUE,1.312542668968239,NA,NA,NA,50,971,0.5
D,+ (1|temp): captures tau,0.4128971890467014,0.29524009807037743,-0.1657734031712383,0.9915677812646411,TRUE,1.5554219818373032,NA,NA,NA,50,971,0.5
E,+ interactions: lumps eps into residual,0.4128971890467014,0.28774041534566863,-0.15107402503080908,0.9768684031242119,TRUE,1.515911185563157,NA,NA,0.21197941574077347,50,971,0.5
F,+ (1|item:variant:judge:temp): splits eps/rho,0.4128971890467014,0.28694583614224495,-0.14951664979209872,0.9753110278855015,TRUE,1.5117250808727931,0.040594684751393814,0.09974451766662835,NA,50,971,0.5
A,"1 obs/item, naive SE",0.5667843887209097,0.07414113750444998,0.4214677592121878,0.7121010182296317,TRUE,0.39059990762282626,NA,NA,NA,50,972,0.5
B,+ (1|variant): captures phi,0.5977678177766024,0.15146563436595956,0.3008951744193216,0.8946404611338832,TRUE,0.7979707997847433,NA,NA,NA,50,972,0.5
C,+ (1|judge): captures lambda,0.2729623283594667,0.22148482686983154,-0.16114793230540309,0.7070725890243366,TRUE,1.166854944868109,NA,NA,NA,50,972,0.5
D,+ (1|temp): captures tau,0.3845419594348302,0.19706302050954808,-0.0017015607638840025,0.7707854796335445,TRUE,1.0381928332605452,NA,NA,NA,50,972,0.5
E,+ interactions: lumps eps into residual,0.3845419594348302,0.18134628852135107,0.029103233932982142,0.7399806849366783,TRUE,0.9553919177451337,NA,NA,0.2085622395966923,50,972,0.5
F,+ (1|item:variant:judge:temp): splits eps/rho,0.3845419594348303,0.17963928804938872,0.032448954858028456,0.7366349640116322,TRUE,0.9463988775908658,0.03961575398489373,0.09942324637001676,NA,50,972,0.5
A,"1 obs/item, naive SE",0.7432385163163745,0.07590437718718349,0.5944659370294949,0.8920110956032541,FALSE,0.3998892344442723,NA,NA,NA,50,973,0.5
B,+ (1|variant): captures phi,0.7689076368367878,0.09814223504266861,0.5765488561531573,0.9612664175204182,FALSE,0.5170455867265756,NA,NA,NA,50,973,0.5
C,+ (1|judge): captures lambda,0.7678660529988935,0.13217962313758017,0.5087939916492364,1.0269381143485505,FALSE,0.6963657468036552,NA,NA,NA,50,973,0.5
D,+ (1|temp): captures tau,0.5257996032024034,0.1735101606553174,0.18571968831798125,0.8658795180868255,TRUE,0.914108617763262,NA,NA,NA,50,973,0.5
E,+ interactions: lumps eps into residual,0.5257996032024034,0.15794214428801098,0.21623300039790183,0.8353662060069049,TRUE,0.8320911850717881,NA,NA,0.2204214741954797,50,973,0.5
F,+ (1|item:variant:judge:temp): splits eps/rho,0.5257996032024034,0.15565895937258287,0.22070804283214096,0.8308911635726658,TRUE,0.8200626156827829,0.038625163782569014,0.10129223035343625,NA,50,973,0.5
A,"1 obs/item, naive SE",0.39090411388847335,0.07229356342186659,0.24920872958161483,0.5325994981953319,TRUE,0.38086627943375123,NA,NA,NA,50,974,0.5
B,+ (1|variant): captures phi,0.48857449666572794,0.07975250384545927,0.33225958912862774,0.6448894042028281,TRUE,0.4201624318598534,NA,NA,NA,50,974,0.5
C,+ (1|judge): captures lambda,0.4274072530521318,0.09915665516809634,0.23306020892266296,0.6217542971816006,TRUE,0.5223898857300677,NA,NA,NA,50,974,0.5
D,+ (1|temp): captures tau,0.6040087997320839,0.16136501760125826,0.2877333652336177,0.9202842342305501,TRUE,0.8501240079412616,NA,NA,NA,50,974,0.5
E,+ interactions: lumps eps into residual,0.6040087997320839,0.1486233909958614,0.31270695338019555,0.8953106460839722,TRUE,0.7829969265050772,NA,NA,0.2074126531732246,50,974,0.5
F,+ (1|item:variant:judge:temp): splits eps/rho,0.604008799732084,0.1471324630416655,0.31562917217041964,0.8923884272937483,TRUE,0.7751422274704657,0.040451278175519946,0.10024092366229385,NA,50,974,0.5
A,"1 obs/item, naive SE",0.6339269939560822,0.09156839539888253,0.4544529389742724,0.813401048937892,TRUE,0.48241243644025855,NA,NA,NA,50,975,0.5
B,+ (1|variant): captures phi,0.8333621671621574,0.19344818339042366,0.454203727716927,1.2125206066073877,TRUE,1.01914868189833,NA,NA,NA,50,975,0.5
C,+ (1|judge): captures lambda,0.7922737559602365,0.24343784669758634,0.3151355764329673,1.2694119354875057,TRUE,1.2825106766978025,NA,NA,NA,50,975,0.5
D,+ (1|temp): captures tau,0.6674628403698858,0.2385493225381906,0.1999061681950322,1.1350195125447393,TRUE,1.2567563229160397,NA,NA,NA,50,975,0.5
E,+ interactions: lumps eps into residual,0.6674628403698858,0.22728706160720485,0.22198019961976428,1.1129454811200072,TRUE,1.1974230266201313,NA,NA,0.20676250191909348,50,975,0.5
F,+ (1|item:variant:judge:temp): splits eps/rho,0.6674628403698857,0.22595635683977527,0.22458838096392614,1.1103372997758452,TRUE,1.190412436052917,0.03992264598785733,0.10045135632952633,NA,50,975,0.5
A,"1 obs/item, naive SE",-0.26511156188656865,0.08245062157011938,-0.42671478016400266,-0.10350834360913466,FALSE,0.43437700381654204,NA,NA,NA,50,976,0.5
B,+ (1|variant): captures phi,-0.09904343752181938,0.09216767075955314,-0.2796920722105435,0.08160519716690476,FALSE,0.48556961622461947,NA,NA,NA,50,976,0.5
C,+ (1|judge): captures lambda,-0.2208736161857431,0.09416354997839457,-0.40543417414339644,-0.03631305822808975,FALSE,0.49608456466952283,NA,NA,NA,50,976,0.5
D,+ (1|temp): captures tau,0.12823758846357497,0.2303424008366837,-0.3232335171763251,0.579708694103475,TRUE,1.213519559003644,NA,NA,NA,50,976,0.5
E,+ interactions: lumps eps into residual,0.12823758846357497,0.21969742674241463,-0.3023693679515577,0.5588445448787076,TRUE,1.157438332874367,NA,NA,0.21519174245939246,50,976,0.5
F,+ (1|item:variant:judge:temp): splits eps/rho,0.12823758846357497,0.21861232267264905,-0.30024256397481713,0.556717740901967,TRUE,1.1517216475944014,0.04186252988452074,0.10050011264022701,NA,50,976,0.5
A,"1 obs/item, naive SE",0.03532148978386379,0.09274092065180252,-0.14645071469366913,0.2170936942613967,FALSE,0.48858968527797014,NA,NA,NA,50,977,0.5
B,+ (1|variant): captures phi,0.31933216309749585,0.10167768716521132,0.12004389625368167,0.51862042994131,TRUE,0.5356715118061203,NA,NA,NA,50,977,0.5
C,+ (1|judge): captures lambda,0.3715147564678436,0.27226411759806274,-0.1621229140243594,0.9051524269600466,TRUE,1.4343769567391742,NA,NA,NA,50,977,0.5
D,+ (1|temp): captures tau,0.28354253601146806,0.248341698010675,-0.20320719208945492,0.770292264112391,TRUE,1.308345778968435,NA,NA,NA,50,977,0.5
E,+ interactions: lumps eps into residual,0.28354253601146806,0.2409124050935223,-0.18864577797183563,0.7557308499947717,TRUE,1.2692058193614142,NA,NA,0.22366481250702205,50,977,0.5
F,+ (1|item:variant:judge:temp): splits eps/rho,0.28354253601146806,0.23936845739494877,-0.18561964048263152,0.7527047125055677,TRUE,1.2610717948679122,0.04322127944837054,0.09904400351078602,NA,50,977,0.5
A,"1 obs/item, naive SE",0.4501665538880814,0.07765785645814616,0.29795715523011496,0.6023759525460479,TRUE,0.40912714020496355,NA,NA,NA,50,978,0.5
B,+ (1|variant): captures phi,0.5590698434137775,0.11382845182412735,0.3359660778384879,0.7821736089890672,TRUE,0.5996857380922282,NA,NA,NA,50,978,0.5
C,+ (1|judge): captures lambda,0.38703306962284,0.13943565651115983,0.11373918286096674,0.6603269563847133,TRUE,0.7345929181261649,NA,NA,NA,50,978,0.5
D,+ (1|temp): captures tau,0.3664414870363452,0.255238959550471,-0.1338268736825779,0.8667098477552684,TRUE,1.3446828222210165,NA,NA,NA,50,978,0.5
E,+ interactions: lumps eps into residual,0.3664414870363452,0.24572348739851255,-0.11517654826473939,0.8480595223374299,TRUE,1.2945521839728582,NA,NA,0.2162266517447368,50,978,0.5
F,+ (1|item:variant:judge:temp): splits eps/rho,0.36644148703634516,0.2443962359845797,-0.11257513549343107,0.8454581095661213,TRUE,1.287559786808149,0.041642868086241396,0.10128722092764446,NA,50,978,0.5
A,"1 obs/item, naive SE",0.6352465239809896,0.09057959010730922,0.45771052737066353,0.8127825205913156,TRUE,0.47720308480976437,NA,NA,NA,50,979,0.5
B,+ (1|variant): captures phi,0.526414927481412,0.08799205540499534,0.3539504988876212,0.6988793560752029,TRUE,0.4635711006008089,NA,NA,NA,50,979,0.5
C,+ (1|judge): captures lambda,0.34388717568401655,0.15531183645689514,0.039475976228502074,0.648298375139531,TRUE,0.8182338579463205,NA,NA,NA,50,979,0.5
D,+ (1|temp): captures tau,0.5104842882060481,0.15318982013413623,0.21023224074314106,0.8107363356689551,TRUE,0.8070543777340833,NA,NA,NA,50,979,0.5
E,+ interactions: lumps eps into residual,0.5104842882060481,0.1458201346016097,0.22467682438689307,0.7962917520252031,TRUE,0.7682284494423657,NA,NA,0.20797710741784958,50,979,0.5
F,+ (1|item:variant:judge:temp): splits eps/rho,0.5104842882060483,0.14372843987691022,0.22877654604730424,0.7921920303647924,TRUE,0.7572087133856626,0.03864039031964747,0.10225255843590253,NA,50,979,0.5
A,"1 obs/item, naive SE",0.6423416010859853,0.08108565169860969,0.48341372375671027,0.8012694784152603,TRUE,0.42718589340651325,NA,NA,NA,50,980,0.5
B,+ (1|variant): captures phi,0.5887636624286288,0.13772943068654517,0.31881397828300023,0.8587133465742574,TRUE,0.7256039590690131,NA,NA,NA,50,980,0.5
C,+ (1|judge): captures lambda,0.5536833871455219,0.1958062415227758,0.1699031537608814,0.9374636205301624,TRUE,1.0315717080302222,NA,NA,NA,50,980,0.5
D,+ (1|temp): captures tau,0.6408098418167915,0.3174076678600921,0.018690812811010926,1.2629288708225719,TRUE,1.6722080334616851,NA,NA,NA,50,980,0.5
E,+ interactions: lumps eps into residual,0.6408098418167915,0.30332842114913056,0.046286136364495634,1.2353335472690872,TRUE,1.5980339291815817,NA,NA,0.20925768241737708,50,980,0.5
F,+ (1|item:variant:judge:temp): splits eps/rho,0.6408098418167913,0.3026862764216574,0.047544740030342814,1.2340749436032399,TRUE,1.5946508994672555,0.03582289545619651,0.09845132119642121,NA,50,980,0.5
A,"1 obs/item, naive SE",0.8871762633648977,0.07768399177812611,0.7349156394797706,1.0394368872500248,FALSE,0.4092648296701306,NA,NA,NA,50,981,0.5
B,+ (1|variant): captures phi,0.8059337739507182,0.06842141076445658,0.6718278088523832,0.9400397390490531,FALSE,0.3604665051492651,NA,NA,NA,50,981,0.5
C,+ (1|judge): captures lambda,0.7033006571541144,0.09206291394082981,0.5228573458300879,0.8837439684781409,FALSE,0.48501772283461403,NA,NA,NA,50,981,0.5
D,+ (1|temp): captures tau,0.5742263915977164,0.14348872729938553,0.29298848609092076,0.855464297104512,TRUE,0.7559458286527226,NA,NA,NA,50,981,0.5
E,+ interactions: lumps eps into residual,0.5742263915977164,0.13678823977755053,0.30612144163371735,0.8423313415617154,TRUE,0.7206454556728832,NA,NA,0.21424004595771529,50,981,0.5
F,+ (1|item:variant:judge:temp): splits eps/rho,0.5742263915977165,0.13452251608722243,0.3105622600667605,0.8378905231286724,TRUE,0.7087088777631109,0.044699067122930654,0.10180299811092737,NA,50,981,0.5
A,"1 obs/item, naive SE",0.4598101317682658,0.07839046277276421,0.3061648247336479,0.6134554388028837,TRUE,0.4129867513256661,NA,NA,NA,50,982,0.5
B,+ (1|variant): captures phi,0.3377226176976841,0.1010965014933368,0.13957347477074397,0.5358717606246242,TRUE,0.5326096344545316,NA,NA,NA,50,982,0.5
C,+ (1|judge): captures lambda,0.5392453619268642,0.18874857830177394,0.16929814845538732,0.9091925753983412,TRUE,0.9943896159428046,NA,NA,NA,50,982,0.5
D,+ (1|temp): captures tau,0.5906641906546443,0.12156772025653674,0.3523914589518322,0.8289369223574563,TRUE,0.6404587507073358,NA,NA,NA,50,982,0.5
E,+ interactions: lumps eps into residual,0.5906641906546443,0.10704356831261476,0.38085879676191936,0.8004695845473692,TRUE,0.563940739269282,NA,NA,0.21624712044747965,50,982,0.5
F,+ (1|item:variant:judge:temp): splits eps/rho,0.59066419065464415,0.10589535474435639,0.3831092953557056,0.7982190859535827,TRUE,0.5578915723858353,0.04099887563263106,0.09853549459510938,NA,50,982,0.5
A,"1 obs/item, naive SE",0.7380963903632225,0.07794571479698476,0.5853227893611324,0.8908699913653126,FALSE,0.4106436726502888,NA,NA,NA,50,983,0.5
B,+ (1|variant): captures phi,0.5543784132891976,0.14376894088196854,0.27259128916053926,0.8361655374178558,TRUE,0.7574220860066784,NA,NA,NA,50,983,0.5
C,+ (1|judge): captures lambda,0.5151465646710088,0.0899879169245392,0.33877024749891205,0.6915228818431056,TRUE,0.4740859557999889,NA,NA,NA,50,983,0.5
D,+ (1|temp): captures tau,0.3734137532812985,0.15946573211118747,0.06086091834337104,0.685966588219226,TRUE,0.8401179470425265,NA,NA,NA,50,983,0.5
E,+ interactions: lumps eps into residual,0.3734137532812985,0.13762087944075518,0.10367682957741836,0.6431506769851787,TRUE,0.7250320753887098,NA,NA,0.2156087532248665,50,983,0.5
F,+ (1|item:variant:judge:temp): splits eps/rho,0.3734137532812985,0.13507463483561416,0.10866746900349478,0.6381600375591022,TRUE,0.7116176209976708,0.04089759277316058,0.09825809377621253,NA,50,983,0.5
A,"1 obs/item, naive SE",0.44529057534700156,0.09370704651378169,0.2616247641799895,0.6289563865140136,TRUE,0.4936795542109688,NA,NA,NA,50,984,0.5
B,+ (1|variant): captures phi,0.2617575323644633,0.1413499807797523,-0.015288429963851213,0.5388034946927778,TRUE,0.7446782082584815,NA,NA,NA,50,984,0.5
C,+ (1|judge): captures lambda,0.5827475823500194,0.22036617589811786,0.15082987758970845,1.0146652871103305,TRUE,1.1609615234704762,NA,NA,NA,50,984,0.5
D,+ (1|temp): captures tau,0.4398487023351391,0.21985294208982958,0.0089369358390731235,0.8707604688312052,TRUE,1.1582576388950032,NA,NA,NA,50,984,0.5
E,+ interactions: lumps eps into residual,0.4398487023351391,0.21141426734589416,0.025476738337186555,0.8542206663330917,TRUE,1.1137999236995435,NA,NA,0.21828616421230423,50,984,0.5
F,+ (1|item:variant:judge:temp): splits eps/rho,0.4398487023351391,0.2097585720056866,0.028721901203993427,0.8509755034662848,TRUE,1.1050771758606963,0.040745425811445496,0.09971910229689487,NA,50,984,0.5
A,"1 obs/item, naive SE",0.7201146155711754,0.07604426201398073,0.5710678620237731,0.8691613691185777,FALSE,0.4006261937392597,NA,NA,NA,50,985,0.5
B,+ (1|variant): captures phi,0.6753181212566973,0.1400131272256194,0.4008923918944833,0.9497438506189113,TRUE,0.7376352238597296,NA,NA,NA,50,985,0.5
C,+ (1|judge): captures lambda,0.3115601023514311,0.2165698277711893,-0.11291676008009993,0.7360369647829621,TRUE,1.1409611123951353,NA,NA,NA,50,985,0.5
D,+ (1|temp): captures tau,0.402011458812271,0.19918989675465465,0.011599261173147912,0.7924236564513941,TRUE,1.049397917142809,NA,NA,NA,50,985,0.5
E,+ interactions: lumps eps into residual,0.402011458812271,0.17764136178200202,0.05383438971954707,0.7501885279049949,TRUE,0.9358731446206693,NA,NA,0.21077018560329136,50,985,0.5
F,+ (1|item:variant:judge:temp): splits eps/rho,0.40201145881227096,0.17590654884429877,0.05723462307744537,0.7467882945470965,TRUE,0.9267335792455211,0.04308579502344483,0.10068134184259629,NA,50,985,0.5
A,"1 obs/item, naive SE",0.38414064075414633,0.09102018433961692,0.20574107944849718,0.5625402020597955,TRUE,0.4795242801977932,NA,NA,NA,50,986,0.5
B,+ (1|variant): captures phi,0.5426477092300505,0.12571959459770868,0.29623730381854146,0.7890581146415594,TRUE,0.6623321908609348,NA,NA,NA,50,986,0.5
C,+ (1|judge): captures lambda,0.5189040845130022,0.164267448254043,0.19693988593507794,0.8408682830909264,TRUE,0.8654149676300219,NA,NA,NA,50,986,0.5
D,+ (1|temp): captures tau,0.4783080321208474,0.16717519652939994,0.1506446469232235,0.8059714173184713,TRUE,0.8807339423041923,NA,NA,NA,50,986,0.5
E,+ interactions: lumps eps into residual,0.4783080321208474,0.16056461279793122,0.1636013910369022,0.7930146732047926,TRUE,0.8459072120737631,NA,NA,0.21434789658206518,50,986,0.5
F,+ (1|item:variant:judge:temp): splits eps/rho,0.47830803212084755,0.1589949186522904,0.16667799156235835,0.7899380726793368,TRUE,0.8376375468255519,0.04071083747400099,0.09893185124782347,NA,50,986,0.5
A,"1 obs/item, naive SE",0.37417878524520665,0.08903428085436554,0.1996715947706502,0.5486859757197631,TRUE,0.4690618871998374,NA,NA,NA,50,987,0.5
B,+ (1|variant): captures phi,0.5375731120672913,0.1578183594402429,0.22824912756441523,0.8468970965701674,TRUE,0.8314390457638309,NA,NA,NA,50,987,0.5
C,+ (1|judge): captures lambda,0.7679053933174907,0.1852397027375269,0.40483557595193803,1.1309752106830435,TRUE,0.9759037049170584,NA,NA,NA,50,987,0.5
D,+ (1|temp): captures tau,0.545286853600071,0.21207222730695155,0.12962528807844598,0.960948419121696,TRUE,1.1172662732682037,NA,NA,NA,50,987,0.5
E,+ interactions: lumps eps into residual,0.545286853600071,0.20540844481464682,0.14268630176336328,0.9478874054367787,TRUE,1.0821592744612782,NA,NA,0.21261697530767246,50,987,0.5
F,+ (1|item:variant:judge:temp): splits eps/rho,0.5452868536000709,0.2038069028754503,0.1458253239641883,0.9447483832359536,TRUE,1.0737218245574822,0.040953445021518375,0.09958882873508028,NA,50,987,0.5
A,"1 obs/item, naive SE",0.8365977590930301,0.08811626691164455,0.6638898759462069,1.0093056422398534,FALSE,0.464225487688139,NA,NA,NA,50,988,0.5
B,+ (1|variant): captures phi,0.9260036366365573,0.05728847448228128,0.8137182266512859,1.0382890466218286,FALSE,0.30181453365601035,NA,NA,NA,50,988,0.5
C,+ (1|judge): captures lambda,0.7457803801112769,0.180529416003298,0.39194272474481284,1.099618035477741,TRUE,0.951088364537955,NA,NA,NA,50,988,0.5
D,+ (1|temp): captures tau,0.7126329169004354,0.23152085545148077,0.2588520402155331,1.1664137935853378,TRUE,1.2197280456707091,NA,NA,NA,50,988,0.5
E,+ interactions: lumps eps into residual,0.7126329169004354,0.22146819579460808,0.27855525314300356,1.1467105806578672,TRUE,1.1667673268915766,NA,NA,0.22183233278097791,50,988,0.5
F,+ (1|item:variant:judge:temp): splits eps/rho,0.7126329169004354,0.22012837403254673,0.2811813037966438,1.144084530004227,TRUE,1.1597087049968045,0.03512628077462323,0.09983381921854555,NA,50,988,0.5
A,"1 obs/item, naive SE",0.6693666286941419,0.07241197715552436,0.5274391534693141,0.8112941039189696,FALSE,0.38149012194527493,NA,NA,NA,50,989,0.5
B,+ (1|variant): captures phi,0.8318416417625709,0.07934421326616228,0.6763269837608928,0.987356299764249,FALSE,0.41801142274501346,NA,NA,NA,50,989,0.5
C,+ (1|judge): captures lambda,0.7087539303361735,0.10075868801840719,0.5112669018200955,0.9062409588522515,FALSE,0.5308299219151424,NA,NA,NA,50,989,0.5
D,+ (1|temp): captures tau,0.5818171542573657,0.15831977187504928,0.2715104013822691,0.8921239071324623,TRUE,0.8340806514541206,NA,NA,NA,50,989,0.5
E,+ interactions: lumps eps into residual,0.5818171542573657,0.1326100523330368,0.3219014516846136,0.8417328568301178,TRUE,0.6986333894328695,NA,NA,0.20815926335048165,50,989,0.5
F,+ (1|item:variant:judge:temp): splits eps/rho,0.5818171542573657,0.13033084442535214,0.3263686991836755,0.8372656093310559,TRUE,0.6866257722292434,0.039510439289244505,0.10172437878325534,NA,50,989,0.5
A,"1 obs/item, naive SE",0.06336972255957737,0.08225744225312175,-0.09785486425654125,0.224594309375696,FALSE,0.43335927161126814,NA,NA,NA,50,990,0.5
B,+ (1|variant): captures phi,0.2590328622393877,0.11094655068677292,0.04157762289331279,0.4764881015854626,FALSE,0.5845029346457449,NA,NA,NA,50,990,0.5
C,+ (1|judge): captures lambda,0.3167587817473431,0.14730126885388398,0.028048294793730555,0.6054692687009557,TRUE,0.7760315520327544,NA,NA,NA,50,990,0.5
D,+ (1|temp): captures tau,0.44672370155854185,0.18338198166099515,0.08729501750299135,0.8061523856140924,TRUE,0.966116619025117,NA,NA,NA,50,990,0.5
E,+ interactions: lumps eps into residual,0.44672370155854185,0.16696501491274846,0.11947227232955487,0.7739751307875289,TRUE,0.8796266363899399,NA,NA,0.2058044003700342,50,990,0.5
F,+ (1|item:variant:judge:temp): splits eps/rho,0.44672370155854163,0.16510573657196043,0.1231164578774992,0.7703309452395841,TRUE,0.8698313463174975,0.03658294433249913,0.10076784136957696,NA,50,990,0.5
A,"1 obs/item, naive SE",0.35896236351737953,0.0796798875145385,0.2027897839888841,0.5151349430458749,TRUE,0.4197798651350327,NA,NA,NA,50,991,0.5
B,+ (1|variant): captures phi,0.13102476625534468,0.16664930419718563,-0.19560786997113913,0.4576574024818285,FALSE,0.8779633684595418,NA,NA,NA,50,991,0.5
C,+ (1|judge): captures lambda,0.3494923897286628,0.2131099942188108,-0.06820319894020632,0.76718797839753194,TRUE,1.1227335708245965,NA,NA,NA,50,991,0.5
D,+ (1|temp): captures tau,0.44477821177202714,0.19471928992719564,0.06312840351472371,0.8264280200293306,TRUE,1.0258452893763594,NA,NA,NA,50,991,0.5
E,+ interactions: lumps eps into residual,0.44477821177202714,0.18463965179050562,0.08288449426263611,0.8066719292814182,TRUE,0.9727424390886047,NA,NA,0.2254891474464791,50,991,0.5
F,+ (1|item:variant:judge:temp): splits eps/rho,0.44477821177202725,0.1825830616316634,0.08691541097396699,0.8026410125700876,TRUE,0.9619076454355727,0.038219147671531624,0.10269504315663902,NA,50,991,0.5
A,"1 obs/item, naive SE",0.7832750717740302,0.06886316918391543,0.648303260173556,0.9182468833745044,FALSE,0.3627938338582679,NA,NA,NA,50,992,0.5
B,+ (1|variant): captures phi,0.33082448092094885,0.16350129882313247,0.010361935227609198,0.6512870266142885,TRUE,0.8613786403357317,NA,NA,NA,50,992,0.5
C,+ (1|judge): captures lambda,0.22905755973417283,0.20491240802742644,-0.17257075999958296,0.6306858794679286,TRUE,1.0795459894512636,NA,NA,NA,50,992,0.5
D,+ (1|temp): captures tau,0.4444609997477876,0.2354970055494111,-0.017113131129058212,0.9060351306246334,TRUE,1.240675712690963,NA,NA,NA,50,992,0.5
E,+ interactions: lumps eps into residual,0.4444609997477876,0.22512682985837731,0.003212413225368027,0.8857095862702071,TRUE,1.1860422149690384,NA,NA,0.20352824629035637,50,992,0.5
F,+ (1|item:variant:judge:temp): splits eps/rho,0.4444609997477876,0.22388066625037933,0.0056548938970441,0.883267105598531,TRUE,1.1794770150469611,0.043535641008193696,0.0994586723722604,NA,50,992,0.5
A,"1 obs/item, naive SE",0.8036084637984829,0.07860113689454061,0.6495502354851833,0.9576666921117826,FALSE,0.41409665191896955,NA,NA,NA,50,993,0.5
B,+ (1|variant): captures phi,0.9886923381918774,0.12381358602682714,0.7460177095792963,1.2313669668044587,FALSE,0.6522907105603397,NA,NA,NA,50,993,0.5
C,+ (1|judge): captures lambda,0.979016729080246,0.15966611362538258,0.6660711463744962,1.2919623117859957,FALSE,0.841173622792433,NA,NA,NA,50,993,0.5
D,+ (1|temp): captures tau,0.8594872830128333,0.21859751507614933,0.4310361534635806,1.2879384125620859,TRUE,1.1516436363037794,NA,NA,NA,50,993,0.5
E,+ interactions: lumps eps into residual,0.8594872830128333,0.21067083533166092,0.4465724457627779,1.2724021202628886,TRUE,1.109883279231202,NA,NA,0.21467226093468347,50,993,0.5
F,+ (1|item:variant:judge:temp): splits eps/rho,0.8594872830128333,0.2090641504676853,0.4497215480961701,1.2692530179294965,TRUE,1.1014187347074522,0.038434315776495684,0.10162757301675282,NA,50,993,0.5
A,"1 obs/item, naive SE",0.9469085750999835,0.08781676353012782,0.774787718580933,1.1190294316190341,FALSE,0.46264760532632415,NA,NA,NA,50,994,0.5
B,+ (1|variant): captures phi,0.7218348995010706,0.1364209195031891,0.45444989727482,0.9892199017273212,TRUE,0.7187102916052297,NA,NA,NA,50,994,0.5
C,+ (1|judge): captures lambda,0.6906768767364463,0.17225087901898217,0.35306515385924125,1.0282885996136513,TRUE,0.9074743077515747,NA,NA,NA,50,994,0.5
D,+ (1|temp): captures tau,0.3915874288995543,0.24487203281452583,-0.08836175541691632,0.8715366132160249,TRUE,1.2900664410635283,NA,NA,NA,50,994,0.5
E,+ interactions: lumps eps into residual,0.3915874288995543,0.23723265348057562,-0.07338857192237391,0.8565634297214825,TRUE,1.2498196770864098,NA,NA,0.21113446496235722,50,994,0.5
F,+ (1|item:variant:judge:temp): splits eps/rho,0.3915874288995542,0.23580285250705021,-0.07058616201426421,0.8537610198133727,TRUE,1.2422870150990681,0.03831867447237644,0.09834184414762537,NA,50,994,0.5
A,"1 obs/item, naive SE",0.596085469783284,0.08620742107638749,0.4271189244735646,0.7650520150930035,TRUE,0.4541690597452459,NA,NA,NA,50,995,0.5
B,+ (1|variant): captures phi,0.8831819862469804,0.12569967920449598,0.6368106150061683,1.1295533574877925,FALSE,0.6622272700165698,NA,NA,NA,50,995,0.5
C,+ (1|judge): captures lambda,0.7899039651903026,0.16921540073752825,0.4582417797447472,1.121566150635858,TRUE,0.8914824093772634,NA,NA,NA,50,995,0.5
D,+ (1|temp): captures tau,0.5128006597936329,0.24044022453015776,0.041537819714523694,0.984063499872742,TRUE,1.2667182167882756,NA,NA,NA,50,995,0.5
E,+ interactions: lumps eps into residual,0.5128006597936329,0.23577294027122225,0.05068569686203728,0.9749156227252285,TRUE,1.2421294275984651,NA,NA,0.2188519296089383,50,995,0.5
F,+ (1|item:variant:judge:temp): splits eps/rho,0.5128006597936329,0.2347358203067144,0.05271845199247266,0.9728828675947931,TRUE,1.2366655383735898,0.0404126007186784,0.10080833468589982,NA,50,995,0.5
A,"1 obs/item, naive SE",0.4884886040506155,0.08003326013733161,0.3316234141814456,0.6453537939197854,TRUE,0.42164154838491724,NA,NA,NA,50,996,0.5
B,+ (1|variant): captures phi,0.5136155892767179,0.07503366772840851,0.36654960052903723,0.6606815780243986,TRUE,0.39530205051897294,NA,NA,NA,50,996,0.5
C,+ (1|judge): captures lambda,0.5433435889059748,0.14084816180872362,0.2672811917608765,0.8194059860510731,TRUE,0.7420344608016068,NA,NA,NA,50,996,0.5
D,+ (1|temp): captures tau,0.512502438850139,0.20005123619095486,0.12040201591586752,0.9046028617844105,TRUE,1.053935736706618,NA,NA,NA,50,996,0.5
E,+ interactions: lumps eps into residual,0.512502438850139,0.1962120346761909,0.12792685088480488,0.8970780268154732,TRUE,1.0337095598837684,NA,NA,0.19992146070248926,50,996,0.5
F,+ (1|item:variant:judge:temp): splits eps/rho,0.5125024388501392,0.19521228541760732,0.1298863594316289,0.8951185182686496,TRUE,1.0284425518340836,0.04014305301013867,0.10062859227491062,NA,50,996,0.5
A,"1 obs/item, naive SE",1.0264737899782077,0.0860202516891513,0.8578740966674712,1.1950734832889442,FALSE,0.4531829898274504,NA,NA,NA,50,997,0.5
B,+ (1|variant): captures phi,0.9064365457457257,0.1508329728583542,0.6108039189433515,1.2020691725481,FALSE,0.7946377307930201,NA,NA,NA,50,997,0.5
C,+ (1|judge): captures lambda,0.8412881660190007,0.2204299719357461,0.4092454210249384,1.273330911013063,TRUE,1.1612976219880204,NA,NA,NA,50,997,0.5
D,+ (1|temp): captures tau,0.6367251310182322,0.3240003523980889,0.0016844403179780976,1.2717658217184864,TRUE,1.70694046485139,NA,NA,NA,50,997,0.5
E,+ interactions: lumps eps into residual,0.6367251310182322,0.31573354734576115,0.01788737822054043,1.255562883815924,TRUE,1.663388215742974,NA,NA,0.20647815791060617,50,997,0.5
F,+ (1|item:variant:judge:temp): splits eps/rho,0.6367251310182324,0.3147714604500385,0.0197730685361569,1.253677193500308,TRUE,1.6583196254131878,0.03698532926728273,0.10089410890737127,NA,50,997,0.5
A,"1 obs/item, naive SE",0.6288389417707545,0.0913378539428472,0.449816748042774,0.8078611354987351,TRUE,0.4811978681929717,NA,NA,NA,50,998,0.5
B,+ (1|variant): captures phi,0.984725468202759,0.1782183082871446,0.6354175839599556,1.3340333524455623,FALSE,0.9389126886470673,NA,NA,NA,50,998,0.5
C,+ (1|judge): captures lambda,0.8560204217852768,0.16485638368383979,0.5329019097649508,1.1791389338056029,FALSE,0.8685176732563098,NA,NA,NA,50,998,0.5
D,+ (1|temp): captures tau,0.6826368366325515,0.18049580662860096,0.3288650556404936,1.0364086176246095,TRUE,0.9509112992932905,NA,NA,NA,50,998,0.5
E,+ interactions: lumps eps into residual,0.6826368366325515,0.16785443170434006,0.35364215049204495,1.0116315227730581,TRUE,0.88431237669994,NA,NA,0.22381766103112005,50,998,0.5
F,+ (1|item:variant:judge:temp): splits eps/rho,0.6826368366325515,0.16561909618462753,0.3580234081106815,1.0072502651544215,TRUE,0.8725358936718326,0.0408793721978791,0.10062788102254991,NA,50,998,0.5
A,"1 obs/item, naive SE",0.03428462467063911,0.08523736344198615,-0.13278060767565375,0.20134985701693198,FALSE,0.4490584769414248,NA,NA,NA,50,999,0.5
B,+ (1|variant): captures phi,-0.3826708728321537,0.18954262769279548,-0.7541744231100328,-0.01116732255427455,FALSE,0.998572929407106,NA,NA,NA,50,999,0.5
C,+ (1|judge): captures lambda,-0.1602598818814073,0.20784713613597025,-0.567640268707909,0.24712050494509438,FALSE,1.095007102764052,NA,NA,NA,50,999,0.5
D,+ (1|temp): captures tau,0.20178879596403257,0.24022322375894045,-0.26904872260349066,0.6726263145315559,TRUE,1.2655749853240095,NA,NA,NA,50,999,0.5
E,+ interactions: lumps eps into residual,0.20178879596403257,0.22888297527853885,-0.24682183558190354,0.6503994275099687,TRUE,1.2058308249569138,NA,NA,0.21770130249462313,50,999,0.5
F,+ (1|item:variant:judge:temp): splits eps/rho,0.2017887959640324,0.22738306407781028,-0.24388200962847575,0.6474596015565406,TRUE,1.1979287992237388,0.041124388248519064,0.10018983552923857,NA,50,999,0.5
A,"1 obs/item, naive SE",0.3554009133776684,0.07837656427059979,0.2017828474072928,0.509018979348044,TRUE,0.412913529443129,NA,NA,NA,50,1000,0.5
B,+ (1|variant): captures phi,0.2245832890776777,0.11874955830402799,-0.00816584519821717,0.45733242335357255,FALSE,0.6256117462592314,NA,NA,NA,50,1000,0.5
C,+ (1|judge): captures lambda,0.31725287940106994,0.1667798904333342,-0.009635705848265064,0.6441414646504049,TRUE,0.8786513397194026,NA,NA,NA,50,1000,0.5
D,+ (1|temp): captures tau,0.2226307920988515,0.2236649449639897,-0.21575250003056828,0.6610140842282712,TRUE,1.1783405243297664,NA,NA,NA,50,1000,0.5
E,+ interactions: lumps eps into residual,0.2226307920988515,0.2133864466769153,-0.1956066433879025,0.6408682275856055,TRUE,1.1241900133372467,NA,NA,0.20604657428928583,50,1000,0.5
F,+ (1|item:variant:judge:temp): splits eps/rho,0.22263079209885156,0.21194399497327948,-0.19277943804877623,0.6380410222464794,TRUE,1.1165907031411126,0.038321865510925736,0.09870232711938119,NA,50,1000,0.5
